alpha,alpha_label,subject_id,local_client_id,global_client_id,row_index,activity_index,activity_name,start_timestamp_s
1.0,alpha1p0,101,1,subject101_client1,11014,0,lying,37.66
1.0,alpha1p0,101,1,subject101_client1,11015,0,lying,38.94
1.0,alpha1p0,101,1,subject101_client1,11016,0,lying,40.22
1.0,alpha1p0,101,1,subject101_client1,11017,0,lying,41.5
1.0,alpha1p0,101,1,subject101_client1,11018,0,lying,42.78
1.0,alpha1p0,101,1,subject101_client1,11019,0,lying,44.06
1.0,alpha1p0,101,1,subject101_client1,11020,0,lying,45.34
1.0,alpha1p0,101,1,subject101_client1,11021,0,lying,46.62
1.0,alpha1p0,101,1,subject101_client1,11022,0,lying,47.9
1.0,alpha1p0,101,1,subject101_client1,11023,0,lying,49.18
1.0,alpha1p0,101,1,subject101_client1,11024,0,lying,50.46
1.0,alpha1p0,101,1,subject101_client1,11025,0,lying,51.74
1.0,alpha1p0,101,1,subject101_client1,11026,0,lying,53.02
1.0,alpha1p0,101,1,subject101_client1,11027,0,lying,54.3
1.0,alpha1p0,101,0,subject101_client0,11029,0,lying,56.86
1.0,alpha1p0,101,0,subject101_client0,11030,0,lying,58.14
1.0,alpha1p0,101,0,subject101_client0,11031,0,lying,59.42
1.0,alpha1p0,101,0,subject101_client0,11032,0,lying,60.7
1.0,alpha1p0,101,0,subject101_client0,11033,0,lying,61.98
1.0,alpha1p0,101,0,subject101_client0,11034,0,lying,63.26
1.0,alpha1p0,101,0,subject101_client0,11035,0,lying,64.54
1.0,alpha1p0,101,0,subject101_client0,11036,0,lying,65.82
1.0,alpha1p0,101,0,subject101_client0,11037,0,lying,67.1
1.0,alpha1p0,101,0,subject101_client0,11038,0,lying,68.38
1.0,alpha1p0,101,0,subject101_client0,11039,0,lying,69.66
1.0,alpha1p0,101,0,subject101_client0,11040,0,lying,70.94
1.0,alpha1p0,101,0,subject101_client0,11041,0,lying,72.22
1.0,alpha1p0,101,0,subject101_client0,11042,0,lying,73.5
1.0,alpha1p0,101,0,subject101_client0,11043,0,lying,74.78
1.0,alpha1p0,101,0,subject101_client0,11044,0,lying,76.06
1.0,alpha1p0,101,0,subject101_client0,11045,0,lying,77.34
1.0,alpha1p0,101,0,subject101_client0,11046,0,lying,78.62
1.0,alpha1p0,101,0,subject101_client0,11047,0,lying,79.9
1.0,alpha1p0,101,0,subject101_client0,11048,0,lying,81.18
1.0,alpha1p0,101,0,subject101_client0,11049,0,lying,82.46
1.0,alpha1p0,101,0,subject101_client0,11050,0,lying,83.74
1.0,alpha1p0,101,0,subject101_client0,11051,0,lying,85.02
1.0,alpha1p0,101,0,subject101_client0,11052,0,lying,86.3
1.0,alpha1p0,101,0,subject101_client0,11053,0,lying,87.58
1.0,alpha1p0,101,0,subject101_client0,11054,0,lying,88.86
1.0,alpha1p0,101,0,subject101_client0,11055,0,lying,90.14
1.0,alpha1p0,101,0,subject101_client0,11056,0,lying,91.42
1.0,alpha1p0,101,0,subject101_client0,11057,0,lying,92.7
1.0,alpha1p0,101,0,subject101_client0,11058,0,lying,93.98
1.0,alpha1p0,101,0,subject101_client0,11059,0,lying,95.26
1.0,alpha1p0,101,0,subject101_client0,11060,0,lying,96.54
1.0,alpha1p0,101,0,subject101_client0,11061,0,lying,97.82
1.0,alpha1p0,101,0,subject101_client0,11062,0,lying,99.1
1.0,alpha1p0,101,0,subject101_client0,11063,0,lying,100.38
1.0,alpha1p0,101,0,subject101_client0,11064,0,lying,101.66
1.0,alpha1p0,101,0,subject101_client0,11065,0,lying,102.94
1.0,alpha1p0,101,0,subject101_client0,11066,0,lying,104.22
1.0,alpha1p0,101,0,subject101_client0,11067,0,lying,105.5
1.0,alpha1p0,101,0,subject101_client0,11068,0,lying,106.78
1.0,alpha1p0,101,0,subject101_client0,11069,0,lying,108.06
1.0,alpha1p0,101,0,subject101_client0,11070,0,lying,109.34
1.0,alpha1p0,101,0,subject101_client0,11071,0,lying,110.62
1.0,alpha1p0,101,0,subject101_client0,11072,0,lying,111.9
1.0,alpha1p0,101,0,subject101_client0,11073,0,lying,113.18
1.0,alpha1p0,101,0,subject101_client0,11074,0,lying,114.46
1.0,alpha1p0,101,0,subject101_client0,11075,0,lying,115.74
1.0,alpha1p0,101,0,subject101_client0,11076,0,lying,117.02
1.0,alpha1p0,101,0,subject101_client0,11077,0,lying,118.3
1.0,alpha1p0,101,0,subject101_client0,11078,0,lying,119.58
1.0,alpha1p0,101,0,subject101_client0,11079,0,lying,120.86
1.0,alpha1p0,101,0,subject101_client0,11080,0,lying,122.14
1.0,alpha1p0,101,0,subject101_client0,11081,0,lying,123.42
1.0,alpha1p0,101,0,subject101_client0,11082,0,lying,124.7
1.0,alpha1p0,101,0,subject101_client0,11083,0,lying,125.98
1.0,alpha1p0,101,0,subject101_client0,11084,0,lying,127.26
1.0,alpha1p0,101,0,subject101_client0,11085,0,lying,128.54
1.0,alpha1p0,101,0,subject101_client0,11086,0,lying,129.82
1.0,alpha1p0,101,0,subject101_client0,11087,0,lying,131.1
1.0,alpha1p0,101,0,subject101_client0,11088,0,lying,132.38
1.0,alpha1p0,101,0,subject101_client0,11089,0,lying,133.66
1.0,alpha1p0,101,0,subject101_client0,11090,0,lying,134.94
1.0,alpha1p0,101,0,subject101_client0,11091,0,lying,136.22
1.0,alpha1p0,101,0,subject101_client0,11092,0,lying,137.5
1.0,alpha1p0,101,0,subject101_client0,11093,0,lying,138.78
1.0,alpha1p0,101,0,subject101_client0,11094,0,lying,140.06
1.0,alpha1p0,101,0,subject101_client0,11095,0,lying,141.34
1.0,alpha1p0,101,0,subject101_client0,11096,0,lying,142.62
1.0,alpha1p0,101,0,subject101_client0,11097,0,lying,143.9
1.0,alpha1p0,101,0,subject101_client0,11098,0,lying,145.18
1.0,alpha1p0,101,0,subject101_client0,11099,0,lying,146.46
1.0,alpha1p0,101,0,subject101_client0,11100,0,lying,147.74
1.0,alpha1p0,101,0,subject101_client0,11101,0,lying,149.02
1.0,alpha1p0,101,0,subject101_client0,11102,0,lying,150.3
1.0,alpha1p0,101,2,subject101_client2,11104,0,lying,152.86
1.0,alpha1p0,101,2,subject101_client2,11105,0,lying,154.14
1.0,alpha1p0,101,2,subject101_client2,11106,0,lying,155.42
1.0,alpha1p0,101,2,subject101_client2,11107,0,lying,156.7
1.0,alpha1p0,101,2,subject101_client2,11108,0,lying,157.98
1.0,alpha1p0,101,2,subject101_client2,11109,0,lying,159.26
1.0,alpha1p0,101,2,subject101_client2,11110,0,lying,160.54
1.0,alpha1p0,101,2,subject101_client2,11111,0,lying,161.82
1.0,alpha1p0,101,2,subject101_client2,11112,0,lying,163.1
1.0,alpha1p0,101,2,subject101_client2,11113,0,lying,164.38
1.0,alpha1p0,101,2,subject101_client2,11114,0,lying,165.66
1.0,alpha1p0,101,2,subject101_client2,11115,0,lying,166.94
1.0,alpha1p0,101,2,subject101_client2,11116,0,lying,168.22
1.0,alpha1p0,101,2,subject101_client2,11117,0,lying,169.5
1.0,alpha1p0,101,2,subject101_client2,11118,0,lying,170.78
1.0,alpha1p0,101,2,subject101_client2,11119,0,lying,172.06
1.0,alpha1p0,101,2,subject101_client2,11120,0,lying,173.34
1.0,alpha1p0,101,2,subject101_client2,11121,0,lying,174.62
1.0,alpha1p0,101,2,subject101_client2,11122,0,lying,175.9
1.0,alpha1p0,101,2,subject101_client2,11123,0,lying,177.18
1.0,alpha1p0,101,2,subject101_client2,11124,0,lying,178.46
1.0,alpha1p0,101,2,subject101_client2,11125,0,lying,179.74
1.0,alpha1p0,101,2,subject101_client2,11126,0,lying,181.02
1.0,alpha1p0,101,2,subject101_client2,11127,0,lying,182.3
1.0,alpha1p0,101,2,subject101_client2,11128,0,lying,183.58
1.0,alpha1p0,101,2,subject101_client2,11129,0,lying,184.86
1.0,alpha1p0,101,2,subject101_client2,11130,0,lying,186.14
1.0,alpha1p0,101,2,subject101_client2,11131,0,lying,187.42
1.0,alpha1p0,101,2,subject101_client2,11132,0,lying,188.7
1.0,alpha1p0,101,2,subject101_client2,11133,0,lying,189.98
1.0,alpha1p0,101,2,subject101_client2,11134,0,lying,191.26
1.0,alpha1p0,101,2,subject101_client2,11135,0,lying,192.54
1.0,alpha1p0,101,2,subject101_client2,11136,0,lying,193.82
1.0,alpha1p0,101,2,subject101_client2,11137,0,lying,195.1
1.0,alpha1p0,101,2,subject101_client2,11138,0,lying,196.38
1.0,alpha1p0,101,2,subject101_client2,11139,0,lying,197.66
1.0,alpha1p0,101,2,subject101_client2,11140,0,lying,198.94
1.0,alpha1p0,101,2,subject101_client2,11141,0,lying,200.22
1.0,alpha1p0,101,2,subject101_client2,11142,0,lying,201.5
1.0,alpha1p0,101,2,subject101_client2,11143,0,lying,202.78
1.0,alpha1p0,101,2,subject101_client2,11144,0,lying,204.06
1.0,alpha1p0,101,2,subject101_client2,11145,0,lying,205.34
1.0,alpha1p0,101,2,subject101_client2,11146,0,lying,206.62
1.0,alpha1p0,101,2,subject101_client2,11147,0,lying,207.9
1.0,alpha1p0,101,2,subject101_client2,11148,0,lying,209.18
1.0,alpha1p0,101,2,subject101_client2,11149,0,lying,210.46
1.0,alpha1p0,101,2,subject101_client2,11150,0,lying,211.74
1.0,alpha1p0,101,2,subject101_client2,11151,0,lying,213.02
1.0,alpha1p0,101,2,subject101_client2,11152,0,lying,214.3
1.0,alpha1p0,101,2,subject101_client2,11153,0,lying,215.58
1.0,alpha1p0,101,2,subject101_client2,11154,0,lying,216.86
1.0,alpha1p0,101,2,subject101_client2,11155,0,lying,218.14
1.0,alpha1p0,101,2,subject101_client2,11156,0,lying,219.42
1.0,alpha1p0,101,2,subject101_client2,11157,0,lying,220.7
1.0,alpha1p0,101,2,subject101_client2,11158,0,lying,221.98
1.0,alpha1p0,101,2,subject101_client2,11159,0,lying,223.26
1.0,alpha1p0,101,2,subject101_client2,11160,0,lying,224.54
1.0,alpha1p0,101,2,subject101_client2,11161,0,lying,225.82
1.0,alpha1p0,101,2,subject101_client2,11162,0,lying,227.1
1.0,alpha1p0,101,2,subject101_client2,11163,0,lying,228.38
1.0,alpha1p0,101,2,subject101_client2,11164,0,lying,229.66
1.0,alpha1p0,101,2,subject101_client2,11165,0,lying,230.94
1.0,alpha1p0,101,2,subject101_client2,11166,0,lying,232.22
1.0,alpha1p0,101,2,subject101_client2,11167,0,lying,233.5
1.0,alpha1p0,101,2,subject101_client2,11168,0,lying,234.78
1.0,alpha1p0,101,2,subject101_client2,11169,0,lying,236.06
1.0,alpha1p0,101,2,subject101_client2,11170,0,lying,237.34
1.0,alpha1p0,101,2,subject101_client2,11171,0,lying,238.62
1.0,alpha1p0,101,2,subject101_client2,11172,0,lying,239.9
1.0,alpha1p0,101,2,subject101_client2,11173,0,lying,241.18
1.0,alpha1p0,101,2,subject101_client2,11174,0,lying,242.46
1.0,alpha1p0,101,2,subject101_client2,11175,0,lying,243.74
1.0,alpha1p0,101,2,subject101_client2,11176,0,lying,245.02
1.0,alpha1p0,101,2,subject101_client2,11177,0,lying,246.3
1.0,alpha1p0,101,2,subject101_client2,11178,0,lying,247.58
1.0,alpha1p0,101,2,subject101_client2,11179,0,lying,248.86
1.0,alpha1p0,101,2,subject101_client2,11180,0,lying,250.14
1.0,alpha1p0,101,2,subject101_client2,11181,0,lying,251.42
1.0,alpha1p0,101,2,subject101_client2,11182,0,lying,252.7
1.0,alpha1p0,101,2,subject101_client2,11183,0,lying,253.98
1.0,alpha1p0,101,2,subject101_client2,11184,0,lying,255.26
1.0,alpha1p0,101,2,subject101_client2,11185,0,lying,256.54
1.0,alpha1p0,101,2,subject101_client2,11186,0,lying,257.82
1.0,alpha1p0,101,2,subject101_client2,11187,0,lying,259.1
1.0,alpha1p0,101,2,subject101_client2,11188,0,lying,260.38
1.0,alpha1p0,101,2,subject101_client2,11189,0,lying,261.66
1.0,alpha1p0,101,2,subject101_client2,11190,0,lying,262.94
1.0,alpha1p0,101,2,subject101_client2,11191,0,lying,264.22
1.0,alpha1p0,101,2,subject101_client2,11192,0,lying,265.5
1.0,alpha1p0,101,2,subject101_client2,11193,0,lying,266.78
1.0,alpha1p0,101,2,subject101_client2,11194,0,lying,268.06
1.0,alpha1p0,101,2,subject101_client2,11195,0,lying,269.34
1.0,alpha1p0,101,2,subject101_client2,11196,0,lying,270.62
1.0,alpha1p0,101,2,subject101_client2,11197,0,lying,271.9
1.0,alpha1p0,101,2,subject101_client2,11198,0,lying,273.18
1.0,alpha1p0,101,2,subject101_client2,11199,0,lying,274.46
1.0,alpha1p0,101,2,subject101_client2,11200,0,lying,275.74
1.0,alpha1p0,101,2,subject101_client2,11201,0,lying,277.02
1.0,alpha1p0,101,2,subject101_client2,11202,0,lying,278.3
1.0,alpha1p0,101,2,subject101_client2,11203,0,lying,279.58
1.0,alpha1p0,101,2,subject101_client2,11204,0,lying,280.86
1.0,alpha1p0,101,2,subject101_client2,11205,0,lying,282.14
1.0,alpha1p0,101,2,subject101_client2,11206,0,lying,283.42
1.0,alpha1p0,101,2,subject101_client2,11207,0,lying,284.7
1.0,alpha1p0,101,3,subject101_client3,11209,0,lying,287.26
1.0,alpha1p0,101,3,subject101_client3,11210,0,lying,288.54
1.0,alpha1p0,101,3,subject101_client3,11211,0,lying,289.82
1.0,alpha1p0,101,3,subject101_client3,11212,0,lying,291.1
1.0,alpha1p0,101,3,subject101_client3,11213,0,lying,292.38
1.0,alpha1p0,101,3,subject101_client3,11214,0,lying,293.66
1.0,alpha1p0,101,3,subject101_client3,11215,0,lying,294.94
1.0,alpha1p0,101,3,subject101_client3,11216,0,lying,296.22
1.0,alpha1p0,101,3,subject101_client3,11217,0,lying,297.5
1.0,alpha1p0,101,3,subject101_client3,11218,0,lying,298.78
1.0,alpha1p0,101,3,subject101_client3,11219,0,lying,300.06
1.0,alpha1p0,101,3,subject101_client3,11220,0,lying,301.34
1.0,alpha1p0,101,3,subject101_client3,11221,0,lying,302.62
1.0,alpha1p0,101,3,subject101_client3,11222,0,lying,303.9
1.0,alpha1p0,101,3,subject101_client3,11223,0,lying,305.18
1.0,alpha1p0,101,3,subject101_client3,11224,0,lying,306.46
1.0,alpha1p0,101,0,subject101_client0,11225,1,sitting,309.53
1.0,alpha1p0,101,0,subject101_client0,11226,1,sitting,310.81
1.0,alpha1p0,101,0,subject101_client0,11227,1,sitting,312.09
1.0,alpha1p0,101,0,subject101_client0,11228,1,sitting,313.37
1.0,alpha1p0,101,0,subject101_client0,11229,1,sitting,314.65
1.0,alpha1p0,101,0,subject101_client0,11230,1,sitting,315.93
1.0,alpha1p0,101,0,subject101_client0,11231,1,sitting,317.21
1.0,alpha1p0,101,0,subject101_client0,11232,1,sitting,318.49
1.0,alpha1p0,101,0,subject101_client0,11233,1,sitting,319.77
1.0,alpha1p0,101,0,subject101_client0,11234,1,sitting,321.05
1.0,alpha1p0,101,0,subject101_client0,11235,1,sitting,322.33
1.0,alpha1p0,101,0,subject101_client0,11236,1,sitting,323.61
1.0,alpha1p0,101,0,subject101_client0,11237,1,sitting,324.89
1.0,alpha1p0,101,0,subject101_client0,11238,1,sitting,326.17
1.0,alpha1p0,101,0,subject101_client0,11239,1,sitting,327.45
1.0,alpha1p0,101,0,subject101_client0,11240,1,sitting,328.73
1.0,alpha1p0,101,0,subject101_client0,11241,1,sitting,330.01
1.0,alpha1p0,101,0,subject101_client0,11242,1,sitting,331.29
1.0,alpha1p0,101,0,subject101_client0,11243,1,sitting,332.57
1.0,alpha1p0,101,0,subject101_client0,11244,1,sitting,333.85
1.0,alpha1p0,101,0,subject101_client0,11245,1,sitting,335.13
1.0,alpha1p0,101,0,subject101_client0,11246,1,sitting,336.41
1.0,alpha1p0,101,0,subject101_client0,11247,1,sitting,337.69
1.0,alpha1p0,101,0,subject101_client0,11248,1,sitting,338.97
1.0,alpha1p0,101,0,subject101_client0,11249,1,sitting,340.25
1.0,alpha1p0,101,0,subject101_client0,11250,1,sitting,341.53
1.0,alpha1p0,101,0,subject101_client0,11251,1,sitting,342.81
1.0,alpha1p0,101,0,subject101_client0,11252,1,sitting,344.09
1.0,alpha1p0,101,0,subject101_client0,11253,1,sitting,345.37
1.0,alpha1p0,101,0,subject101_client0,11254,1,sitting,346.65
1.0,alpha1p0,101,0,subject101_client0,11255,1,sitting,347.93
1.0,alpha1p0,101,0,subject101_client0,11256,1,sitting,349.21
1.0,alpha1p0,101,0,subject101_client0,11257,1,sitting,350.49
1.0,alpha1p0,101,0,subject101_client0,11258,1,sitting,351.77
1.0,alpha1p0,101,0,subject101_client0,11259,1,sitting,353.05
1.0,alpha1p0,101,0,subject101_client0,11260,1,sitting,354.33
1.0,alpha1p0,101,0,subject101_client0,11261,1,sitting,355.61
1.0,alpha1p0,101,0,subject101_client0,11262,1,sitting,356.89
1.0,alpha1p0,101,0,subject101_client0,11263,1,sitting,358.17
1.0,alpha1p0,101,0,subject101_client0,11264,1,sitting,359.45
1.0,alpha1p0,101,0,subject101_client0,11265,1,sitting,360.73
1.0,alpha1p0,101,0,subject101_client0,11266,1,sitting,362.01
1.0,alpha1p0,101,0,subject101_client0,11267,1,sitting,363.29
1.0,alpha1p0,101,0,subject101_client0,11268,1,sitting,364.57
1.0,alpha1p0,101,0,subject101_client0,11269,1,sitting,365.85
1.0,alpha1p0,101,0,subject101_client0,11270,1,sitting,367.13
1.0,alpha1p0,101,0,subject101_client0,11271,1,sitting,368.41
1.0,alpha1p0,101,0,subject101_client0,11272,1,sitting,369.69
1.0,alpha1p0,101,0,subject101_client0,11273,1,sitting,370.97
1.0,alpha1p0,101,0,subject101_client0,11274,1,sitting,372.25
1.0,alpha1p0,101,0,subject101_client0,11275,1,sitting,373.53
1.0,alpha1p0,101,0,subject101_client0,11276,1,sitting,374.81
1.0,alpha1p0,101,0,subject101_client0,11277,1,sitting,376.09
1.0,alpha1p0,101,0,subject101_client0,11278,1,sitting,377.37
1.0,alpha1p0,101,0,subject101_client0,11279,1,sitting,378.65
1.0,alpha1p0,101,0,subject101_client0,11280,1,sitting,379.93
1.0,alpha1p0,101,0,subject101_client0,11281,1,sitting,381.21
1.0,alpha1p0,101,0,subject101_client0,11282,1,sitting,382.49
1.0,alpha1p0,101,0,subject101_client0,11283,1,sitting,383.77
1.0,alpha1p0,101,0,subject101_client0,11284,1,sitting,385.05
1.0,alpha1p0,101,0,subject101_client0,11285,1,sitting,386.33
1.0,alpha1p0,101,0,subject101_client0,11286,1,sitting,387.61
1.0,alpha1p0,101,0,subject101_client0,11287,1,sitting,388.89
1.0,alpha1p0,101,0,subject101_client0,11288,1,sitting,390.17
1.0,alpha1p0,101,0,subject101_client0,11289,1,sitting,391.45
1.0,alpha1p0,101,0,subject101_client0,11290,1,sitting,392.73
1.0,alpha1p0,101,0,subject101_client0,11291,1,sitting,394.01
1.0,alpha1p0,101,0,subject101_client0,11292,1,sitting,395.29
1.0,alpha1p0,101,0,subject101_client0,11293,1,sitting,396.57
1.0,alpha1p0,101,0,subject101_client0,11294,1,sitting,397.85
1.0,alpha1p0,101,0,subject101_client0,11295,1,sitting,399.13
1.0,alpha1p0,101,0,subject101_client0,11296,1,sitting,400.41
1.0,alpha1p0,101,0,subject101_client0,11297,1,sitting,401.69
1.0,alpha1p0,101,0,subject101_client0,11298,1,sitting,402.97
1.0,alpha1p0,101,0,subject101_client0,11299,1,sitting,404.25
1.0,alpha1p0,101,0,subject101_client0,11300,1,sitting,405.53
1.0,alpha1p0,101,0,subject101_client0,11301,1,sitting,406.81
1.0,alpha1p0,101,0,subject101_client0,11302,1,sitting,408.09
1.0,alpha1p0,101,0,subject101_client0,11303,1,sitting,409.37
1.0,alpha1p0,101,0,subject101_client0,11304,1,sitting,410.65
1.0,alpha1p0,101,0,subject101_client0,11305,1,sitting,411.93
1.0,alpha1p0,101,0,subject101_client0,11306,1,sitting,413.21
1.0,alpha1p0,101,0,subject101_client0,11307,1,sitting,414.49
1.0,alpha1p0,101,0,subject101_client0,11308,1,sitting,415.77
1.0,alpha1p0,101,0,subject101_client0,11309,1,sitting,417.05
1.0,alpha1p0,101,0,subject101_client0,11310,1,sitting,418.33
1.0,alpha1p0,101,0,subject101_client0,11311,1,sitting,419.61
1.0,alpha1p0,101,0,subject101_client0,11312,1,sitting,420.89
1.0,alpha1p0,101,0,subject101_client0,11313,1,sitting,422.17
1.0,alpha1p0,101,0,subject101_client0,11314,1,sitting,423.45
1.0,alpha1p0,101,0,subject101_client0,11315,1,sitting,424.73
1.0,alpha1p0,101,0,subject101_client0,11316,1,sitting,426.01
1.0,alpha1p0,101,0,subject101_client0,11317,1,sitting,427.29
1.0,alpha1p0,101,0,subject101_client0,11318,1,sitting,428.57
1.0,alpha1p0,101,0,subject101_client0,11319,1,sitting,429.85
1.0,alpha1p0,101,0,subject101_client0,11320,1,sitting,431.13
1.0,alpha1p0,101,0,subject101_client0,11321,1,sitting,432.41
1.0,alpha1p0,101,0,subject101_client0,11322,1,sitting,433.69
1.0,alpha1p0,101,0,subject101_client0,11323,1,sitting,434.97
1.0,alpha1p0,101,0,subject101_client0,11324,1,sitting,436.25
1.0,alpha1p0,101,0,subject101_client0,11325,1,sitting,437.53
1.0,alpha1p0,101,0,subject101_client0,11326,1,sitting,438.81
1.0,alpha1p0,101,0,subject101_client0,11327,1,sitting,440.09
1.0,alpha1p0,101,0,subject101_client0,11328,1,sitting,441.37
1.0,alpha1p0,101,0,subject101_client0,11329,1,sitting,442.65
1.0,alpha1p0,101,0,subject101_client0,11330,1,sitting,443.93
1.0,alpha1p0,101,0,subject101_client0,11331,1,sitting,445.21
1.0,alpha1p0,101,0,subject101_client0,11332,1,sitting,446.49
1.0,alpha1p0,101,0,subject101_client0,11333,1,sitting,447.77
1.0,alpha1p0,101,0,subject101_client0,11334,1,sitting,449.05
1.0,alpha1p0,101,0,subject101_client0,11335,1,sitting,450.33
1.0,alpha1p0,101,0,subject101_client0,11336,1,sitting,451.61
1.0,alpha1p0,101,0,subject101_client0,11337,1,sitting,452.89
1.0,alpha1p0,101,3,subject101_client3,11339,1,sitting,455.45
1.0,alpha1p0,101,3,subject101_client3,11340,1,sitting,456.73
1.0,alpha1p0,101,3,subject101_client3,11341,1,sitting,458.01
1.0,alpha1p0,101,3,subject101_client3,11342,1,sitting,459.29
1.0,alpha1p0,101,3,subject101_client3,11343,1,sitting,460.57
1.0,alpha1p0,101,3,subject101_client3,11344,1,sitting,461.85
1.0,alpha1p0,101,1,subject101_client1,11346,1,sitting,464.41
1.0,alpha1p0,101,1,subject101_client1,11347,1,sitting,465.69
1.0,alpha1p0,101,1,subject101_client1,11348,1,sitting,466.97
1.0,alpha1p0,101,1,subject101_client1,11349,1,sitting,468.25
1.0,alpha1p0,101,1,subject101_client1,11350,1,sitting,469.53
1.0,alpha1p0,101,1,subject101_client1,11351,1,sitting,470.81
1.0,alpha1p0,101,1,subject101_client1,11352,1,sitting,472.09
1.0,alpha1p0,101,1,subject101_client1,11353,1,sitting,473.37
1.0,alpha1p0,101,1,subject101_client1,11354,1,sitting,474.65
1.0,alpha1p0,101,1,subject101_client1,11355,1,sitting,475.93
1.0,alpha1p0,101,1,subject101_client1,11356,1,sitting,477.21
1.0,alpha1p0,101,1,subject101_client1,11357,1,sitting,478.49
1.0,alpha1p0,101,1,subject101_client1,11358,1,sitting,479.77
1.0,alpha1p0,101,1,subject101_client1,11359,1,sitting,481.05
1.0,alpha1p0,101,1,subject101_client1,11360,1,sitting,482.33
1.0,alpha1p0,101,1,subject101_client1,11361,1,sitting,483.61
1.0,alpha1p0,101,1,subject101_client1,11362,1,sitting,484.89
1.0,alpha1p0,101,1,subject101_client1,11363,1,sitting,486.17
1.0,alpha1p0,101,1,subject101_client1,11364,1,sitting,487.45
1.0,alpha1p0,101,1,subject101_client1,11365,1,sitting,488.73
1.0,alpha1p0,101,1,subject101_client1,11366,1,sitting,490.01
1.0,alpha1p0,101,1,subject101_client1,11367,1,sitting,491.29
1.0,alpha1p0,101,1,subject101_client1,11368,1,sitting,492.57
1.0,alpha1p0,101,2,subject101_client2,11370,1,sitting,495.13
1.0,alpha1p0,101,2,subject101_client2,11371,1,sitting,496.41
1.0,alpha1p0,101,2,subject101_client2,11372,1,sitting,497.69
1.0,alpha1p0,101,2,subject101_client2,11373,1,sitting,498.97
1.0,alpha1p0,101,2,subject101_client2,11374,1,sitting,500.25
1.0,alpha1p0,101,2,subject101_client2,11375,1,sitting,501.53
1.0,alpha1p0,101,2,subject101_client2,11376,1,sitting,502.81
1.0,alpha1p0,101,2,subject101_client2,11377,1,sitting,504.09
1.0,alpha1p0,101,2,subject101_client2,11378,1,sitting,505.37
1.0,alpha1p0,101,2,subject101_client2,11379,1,sitting,506.65
1.0,alpha1p0,101,2,subject101_client2,11380,1,sitting,507.93
1.0,alpha1p0,101,2,subject101_client2,11381,1,sitting,509.21
1.0,alpha1p0,101,2,subject101_client2,11382,1,sitting,510.49
1.0,alpha1p0,101,2,subject101_client2,11383,1,sitting,511.77
1.0,alpha1p0,101,2,subject101_client2,11384,1,sitting,513.05
1.0,alpha1p0,101,2,subject101_client2,11385,1,sitting,514.33
1.0,alpha1p0,101,2,subject101_client2,11386,1,sitting,515.61
1.0,alpha1p0,101,2,subject101_client2,11387,1,sitting,516.89
1.0,alpha1p0,101,2,subject101_client2,11388,1,sitting,518.17
1.0,alpha1p0,101,2,subject101_client2,11389,1,sitting,519.45
1.0,alpha1p0,101,2,subject101_client2,11390,1,sitting,520.73
1.0,alpha1p0,101,2,subject101_client2,11391,1,sitting,522.01
1.0,alpha1p0,101,2,subject101_client2,11392,1,sitting,523.29
1.0,alpha1p0,101,2,subject101_client2,11393,1,sitting,524.57
1.0,alpha1p0,101,2,subject101_client2,11394,1,sitting,525.85
1.0,alpha1p0,101,2,subject101_client2,11395,1,sitting,527.13
1.0,alpha1p0,101,2,subject101_client2,11396,1,sitting,528.41
1.0,alpha1p0,101,2,subject101_client2,11397,1,sitting,529.69
1.0,alpha1p0,101,2,subject101_client2,11398,1,sitting,530.97
1.0,alpha1p0,101,2,subject101_client2,11399,1,sitting,532.25
1.0,alpha1p0,101,2,subject101_client2,11400,1,sitting,533.53
1.0,alpha1p0,101,2,subject101_client2,11401,1,sitting,534.81
1.0,alpha1p0,101,2,subject101_client2,11402,1,sitting,536.09
1.0,alpha1p0,101,2,subject101_client2,11403,1,sitting,537.37
1.0,alpha1p0,101,2,subject101_client2,11404,1,sitting,538.65
1.0,alpha1p0,101,2,subject101_client2,11405,1,sitting,539.93
1.0,alpha1p0,101,2,subject101_client2,11406,1,sitting,541.21
1.0,alpha1p0,101,2,subject101_client2,11407,2,standing,544.33
1.0,alpha1p0,101,2,subject101_client2,11408,2,standing,545.61
1.0,alpha1p0,101,2,subject101_client2,11409,2,standing,546.89
1.0,alpha1p0,101,2,subject101_client2,11410,2,standing,548.17
1.0,alpha1p0,101,2,subject101_client2,11411,2,standing,549.45
1.0,alpha1p0,101,2,subject101_client2,11412,2,standing,550.73
1.0,alpha1p0,101,2,subject101_client2,11413,2,standing,552.01
1.0,alpha1p0,101,2,subject101_client2,11414,2,standing,553.29
1.0,alpha1p0,101,2,subject101_client2,11415,2,standing,554.57
1.0,alpha1p0,101,2,subject101_client2,11416,2,standing,555.85
1.0,alpha1p0,101,2,subject101_client2,11417,2,standing,557.13
1.0,alpha1p0,101,2,subject101_client2,11418,2,standing,558.41
1.0,alpha1p0,101,2,subject101_client2,11419,2,standing,559.69
1.0,alpha1p0,101,2,subject101_client2,11420,2,standing,560.97
1.0,alpha1p0,101,2,subject101_client2,11421,2,standing,562.25
1.0,alpha1p0,101,2,subject101_client2,11422,2,standing,563.53
1.0,alpha1p0,101,2,subject101_client2,11423,2,standing,564.81
1.0,alpha1p0,101,2,subject101_client2,11424,2,standing,566.09
1.0,alpha1p0,101,2,subject101_client2,11425,2,standing,567.37
1.0,alpha1p0,101,2,subject101_client2,11426,2,standing,568.65
1.0,alpha1p0,101,2,subject101_client2,11427,2,standing,569.93
1.0,alpha1p0,101,2,subject101_client2,11428,2,standing,571.21
1.0,alpha1p0,101,2,subject101_client2,11429,2,standing,572.49
1.0,alpha1p0,101,2,subject101_client2,11430,2,standing,573.77
1.0,alpha1p0,101,2,subject101_client2,11431,2,standing,575.05
1.0,alpha1p0,101,2,subject101_client2,11432,2,standing,576.33
1.0,alpha1p0,101,2,subject101_client2,11433,2,standing,577.61
1.0,alpha1p0,101,2,subject101_client2,11434,2,standing,578.89
1.0,alpha1p0,101,2,subject101_client2,11435,2,standing,580.17
1.0,alpha1p0,101,2,subject101_client2,11436,2,standing,581.45
1.0,alpha1p0,101,2,subject101_client2,11437,2,standing,582.73
1.0,alpha1p0,101,2,subject101_client2,11438,2,standing,584.01
1.0,alpha1p0,101,2,subject101_client2,11439,2,standing,585.29
1.0,alpha1p0,101,2,subject101_client2,11440,2,standing,586.57
1.0,alpha1p0,101,2,subject101_client2,11441,2,standing,587.85
1.0,alpha1p0,101,2,subject101_client2,11442,2,standing,589.13
1.0,alpha1p0,101,2,subject101_client2,11443,2,standing,590.41
1.0,alpha1p0,101,2,subject101_client2,11444,2,standing,591.69
1.0,alpha1p0,101,2,subject101_client2,11445,2,standing,592.97
1.0,alpha1p0,101,2,subject101_client2,11446,2,standing,594.25
1.0,alpha1p0,101,2,subject101_client2,11447,2,standing,595.53
1.0,alpha1p0,101,2,subject101_client2,11448,2,standing,596.81
1.0,alpha1p0,101,2,subject101_client2,11449,2,standing,598.09
1.0,alpha1p0,101,2,subject101_client2,11450,2,standing,599.37
1.0,alpha1p0,101,2,subject101_client2,11451,2,standing,600.65
1.0,alpha1p0,101,2,subject101_client2,11452,2,standing,601.93
1.0,alpha1p0,101,2,subject101_client2,11453,2,standing,603.21
1.0,alpha1p0,101,2,subject101_client2,11454,2,standing,604.49
1.0,alpha1p0,101,2,subject101_client2,11455,2,standing,605.77
1.0,alpha1p0,101,2,subject101_client2,11456,2,standing,607.05
1.0,alpha1p0,101,2,subject101_client2,11457,2,standing,608.33
1.0,alpha1p0,101,2,subject101_client2,11458,2,standing,609.61
1.0,alpha1p0,101,2,subject101_client2,11459,2,standing,610.89
1.0,alpha1p0,101,3,subject101_client3,11461,2,standing,613.45
1.0,alpha1p0,101,3,subject101_client3,11462,2,standing,614.73
1.0,alpha1p0,101,3,subject101_client3,11463,2,standing,616.01
1.0,alpha1p0,101,3,subject101_client3,11464,2,standing,617.29
1.0,alpha1p0,101,3,subject101_client3,11465,2,standing,618.57
1.0,alpha1p0,101,3,subject101_client3,11466,2,standing,619.85
1.0,alpha1p0,101,0,subject101_client0,11468,2,standing,622.41
1.0,alpha1p0,101,0,subject101_client0,11469,2,standing,623.69
1.0,alpha1p0,101,0,subject101_client0,11470,2,standing,624.97
1.0,alpha1p0,101,0,subject101_client0,11471,2,standing,626.25
1.0,alpha1p0,101,0,subject101_client0,11472,2,standing,627.53
1.0,alpha1p0,101,0,subject101_client0,11473,2,standing,628.81
1.0,alpha1p0,101,0,subject101_client0,11474,2,standing,630.09
1.0,alpha1p0,101,0,subject101_client0,11475,2,standing,631.37
1.0,alpha1p0,101,0,subject101_client0,11476,2,standing,632.65
1.0,alpha1p0,101,0,subject101_client0,11477,2,standing,633.93
1.0,alpha1p0,101,0,subject101_client0,11478,2,standing,635.21
1.0,alpha1p0,101,0,subject101_client0,11479,2,standing,636.49
1.0,alpha1p0,101,0,subject101_client0,11480,2,standing,637.77
1.0,alpha1p0,101,0,subject101_client0,11481,2,standing,639.05
1.0,alpha1p0,101,0,subject101_client0,11482,2,standing,640.33
1.0,alpha1p0,101,0,subject101_client0,11483,2,standing,641.61
1.0,alpha1p0,101,0,subject101_client0,11484,2,standing,642.89
1.0,alpha1p0,101,0,subject101_client0,11485,2,standing,644.17
1.0,alpha1p0,101,0,subject101_client0,11486,2,standing,645.45
1.0,alpha1p0,101,0,subject101_client0,11487,2,standing,646.73
1.0,alpha1p0,101,0,subject101_client0,11488,2,standing,648.01
1.0,alpha1p0,101,0,subject101_client0,11489,2,standing,649.29
1.0,alpha1p0,101,0,subject101_client0,11490,2,standing,650.57
1.0,alpha1p0,101,0,subject101_client0,11491,2,standing,651.85
1.0,alpha1p0,101,0,subject101_client0,11492,2,standing,653.13
1.0,alpha1p0,101,0,subject101_client0,11493,2,standing,654.41
1.0,alpha1p0,101,0,subject101_client0,11494,2,standing,655.69
1.0,alpha1p0,101,0,subject101_client0,11495,2,standing,656.97
1.0,alpha1p0,101,0,subject101_client0,11496,2,standing,658.25
1.0,alpha1p0,101,0,subject101_client0,11497,2,standing,659.53
1.0,alpha1p0,101,0,subject101_client0,11498,2,standing,660.81
1.0,alpha1p0,101,0,subject101_client0,11499,2,standing,662.09
1.0,alpha1p0,101,0,subject101_client0,11500,2,standing,663.37
1.0,alpha1p0,101,0,subject101_client0,11501,2,standing,664.65
1.0,alpha1p0,101,0,subject101_client0,11502,2,standing,665.93
1.0,alpha1p0,101,0,subject101_client0,11503,2,standing,667.21
1.0,alpha1p0,101,0,subject101_client0,11504,2,standing,668.49
1.0,alpha1p0,101,0,subject101_client0,11505,2,standing,669.77
1.0,alpha1p0,101,0,subject101_client0,11506,2,standing,671.05
1.0,alpha1p0,101,0,subject101_client0,11507,2,standing,672.33
1.0,alpha1p0,101,0,subject101_client0,11508,2,standing,673.61
1.0,alpha1p0,101,0,subject101_client0,11509,2,standing,674.89
1.0,alpha1p0,101,0,subject101_client0,11510,2,standing,676.17
1.0,alpha1p0,101,0,subject101_client0,11511,2,standing,677.45
1.0,alpha1p0,101,0,subject101_client0,11512,2,standing,678.73
1.0,alpha1p0,101,0,subject101_client0,11513,2,standing,680.01
1.0,alpha1p0,101,0,subject101_client0,11514,2,standing,681.29
1.0,alpha1p0,101,0,subject101_client0,11515,2,standing,682.57
1.0,alpha1p0,101,0,subject101_client0,11516,2,standing,683.85
1.0,alpha1p0,101,0,subject101_client0,11517,2,standing,685.13
1.0,alpha1p0,101,0,subject101_client0,11518,2,standing,686.41
1.0,alpha1p0,101,0,subject101_client0,11519,2,standing,687.69
1.0,alpha1p0,101,0,subject101_client0,11520,2,standing,688.97
1.0,alpha1p0,101,0,subject101_client0,11521,2,standing,690.25
1.0,alpha1p0,101,0,subject101_client0,11522,2,standing,691.53
1.0,alpha1p0,101,0,subject101_client0,11523,2,standing,692.81
1.0,alpha1p0,101,0,subject101_client0,11524,2,standing,694.09
1.0,alpha1p0,101,0,subject101_client0,11525,2,standing,695.37
1.0,alpha1p0,101,0,subject101_client0,11526,2,standing,696.65
1.0,alpha1p0,101,0,subject101_client0,11527,2,standing,697.93
1.0,alpha1p0,101,0,subject101_client0,11528,2,standing,699.21
1.0,alpha1p0,101,0,subject101_client0,11529,2,standing,700.49
1.0,alpha1p0,101,0,subject101_client0,11530,2,standing,701.77
1.0,alpha1p0,101,0,subject101_client0,11531,2,standing,703.05
1.0,alpha1p0,101,0,subject101_client0,11532,2,standing,704.33
1.0,alpha1p0,101,0,subject101_client0,11533,2,standing,705.61
1.0,alpha1p0,101,0,subject101_client0,11534,2,standing,706.89
1.0,alpha1p0,101,0,subject101_client0,11535,2,standing,708.17
1.0,alpha1p0,101,0,subject101_client0,11536,2,standing,709.45
1.0,alpha1p0,101,0,subject101_client0,11537,2,standing,710.73
1.0,alpha1p0,101,0,subject101_client0,11538,2,standing,712.01
1.0,alpha1p0,101,0,subject101_client0,11539,2,standing,713.29
1.0,alpha1p0,101,0,subject101_client0,11540,2,standing,714.57
1.0,alpha1p0,101,0,subject101_client0,11541,2,standing,715.85
1.0,alpha1p0,101,0,subject101_client0,11542,2,standing,717.13
1.0,alpha1p0,101,0,subject101_client0,11543,2,standing,718.41
1.0,alpha1p0,101,0,subject101_client0,11544,2,standing,719.69
1.0,alpha1p0,101,0,subject101_client0,11545,2,standing,720.97
1.0,alpha1p0,101,0,subject101_client0,11546,2,standing,722.25
1.0,alpha1p0,101,0,subject101_client0,11547,2,standing,723.53
1.0,alpha1p0,101,0,subject101_client0,11548,2,standing,724.81
1.0,alpha1p0,101,0,subject101_client0,11549,2,standing,726.09
1.0,alpha1p0,101,0,subject101_client0,11550,2,standing,727.37
1.0,alpha1p0,101,0,subject101_client0,11551,2,standing,728.65
1.0,alpha1p0,101,0,subject101_client0,11552,2,standing,729.93
1.0,alpha1p0,101,1,subject101_client1,11554,2,standing,732.49
1.0,alpha1p0,101,1,subject101_client1,11555,2,standing,733.77
1.0,alpha1p0,101,1,subject101_client1,11556,2,standing,735.05
1.0,alpha1p0,101,1,subject101_client1,11557,2,standing,736.33
1.0,alpha1p0,101,1,subject101_client1,11558,2,standing,737.61
1.0,alpha1p0,101,1,subject101_client1,11559,2,standing,738.89
1.0,alpha1p0,101,1,subject101_client1,11560,2,standing,740.17
1.0,alpha1p0,101,1,subject101_client1,11561,2,standing,741.45
1.0,alpha1p0,101,1,subject101_client1,11562,2,standing,742.73
1.0,alpha1p0,101,1,subject101_client1,11563,2,standing,744.01
1.0,alpha1p0,101,1,subject101_client1,11564,2,standing,745.29
1.0,alpha1p0,101,1,subject101_client1,11565,2,standing,746.57
1.0,alpha1p0,101,1,subject101_client1,11566,2,standing,747.85
1.0,alpha1p0,101,1,subject101_client1,11567,2,standing,749.13
1.0,alpha1p0,101,1,subject101_client1,11568,2,standing,750.41
1.0,alpha1p0,101,1,subject101_client1,11569,2,standing,751.69
1.0,alpha1p0,101,1,subject101_client1,11570,2,standing,752.97
1.0,alpha1p0,101,1,subject101_client1,11571,2,standing,754.25
1.0,alpha1p0,101,1,subject101_client1,11572,2,standing,755.53
1.0,alpha1p0,101,1,subject101_client1,11573,2,standing,756.81
1.0,alpha1p0,101,1,subject101_client1,11574,2,standing,758.09
1.0,alpha1p0,101,3,subject101_client3,11575,10,ironing,858.05
1.0,alpha1p0,101,3,subject101_client3,11576,10,ironing,859.33
1.0,alpha1p0,101,3,subject101_client3,11577,10,ironing,860.61
1.0,alpha1p0,101,3,subject101_client3,11578,10,ironing,861.89
1.0,alpha1p0,101,3,subject101_client3,11579,10,ironing,863.17
1.0,alpha1p0,101,3,subject101_client3,11580,10,ironing,864.45
1.0,alpha1p0,101,3,subject101_client3,11581,10,ironing,865.73
1.0,alpha1p0,101,3,subject101_client3,11582,10,ironing,867.01
1.0,alpha1p0,101,3,subject101_client3,11583,10,ironing,868.29
1.0,alpha1p0,101,3,subject101_client3,11584,10,ironing,869.57
1.0,alpha1p0,101,3,subject101_client3,11585,10,ironing,870.85
1.0,alpha1p0,101,3,subject101_client3,11586,10,ironing,872.13
1.0,alpha1p0,101,3,subject101_client3,11587,10,ironing,873.41
1.0,alpha1p0,101,3,subject101_client3,11588,10,ironing,874.69
1.0,alpha1p0,101,3,subject101_client3,11589,10,ironing,875.97
1.0,alpha1p0,101,3,subject101_client3,11590,10,ironing,877.25
1.0,alpha1p0,101,3,subject101_client3,11591,10,ironing,878.53
1.0,alpha1p0,101,3,subject101_client3,11592,10,ironing,879.81
1.0,alpha1p0,101,3,subject101_client3,11593,10,ironing,881.09
1.0,alpha1p0,101,3,subject101_client3,11594,10,ironing,882.37
1.0,alpha1p0,101,3,subject101_client3,11595,10,ironing,883.65
1.0,alpha1p0,101,3,subject101_client3,11596,10,ironing,884.93
1.0,alpha1p0,101,3,subject101_client3,11597,10,ironing,886.21
1.0,alpha1p0,101,3,subject101_client3,11598,10,ironing,887.49
1.0,alpha1p0,101,3,subject101_client3,11599,10,ironing,888.77
1.0,alpha1p0,101,3,subject101_client3,11600,10,ironing,890.05
1.0,alpha1p0,101,1,subject101_client1,11602,10,ironing,892.61
1.0,alpha1p0,101,1,subject101_client1,11603,10,ironing,893.89
1.0,alpha1p0,101,1,subject101_client1,11604,10,ironing,895.17
1.0,alpha1p0,101,1,subject101_client1,11605,10,ironing,896.45
1.0,alpha1p0,101,1,subject101_client1,11606,10,ironing,897.73
1.0,alpha1p0,101,1,subject101_client1,11607,10,ironing,899.01
1.0,alpha1p0,101,1,subject101_client1,11608,10,ironing,900.29
1.0,alpha1p0,101,1,subject101_client1,11609,10,ironing,901.57
1.0,alpha1p0,101,1,subject101_client1,11610,10,ironing,902.85
1.0,alpha1p0,101,1,subject101_client1,11611,10,ironing,904.13
1.0,alpha1p0,101,1,subject101_client1,11612,10,ironing,905.41
1.0,alpha1p0,101,1,subject101_client1,11613,10,ironing,906.69
1.0,alpha1p0,101,1,subject101_client1,11614,10,ironing,907.97
1.0,alpha1p0,101,1,subject101_client1,11615,10,ironing,909.25
1.0,alpha1p0,101,1,subject101_client1,11616,10,ironing,910.53
1.0,alpha1p0,101,1,subject101_client1,11617,10,ironing,911.81
1.0,alpha1p0,101,1,subject101_client1,11618,10,ironing,913.09
1.0,alpha1p0,101,1,subject101_client1,11619,10,ironing,914.37
1.0,alpha1p0,101,1,subject101_client1,11620,10,ironing,915.65
1.0,alpha1p0,101,1,subject101_client1,11621,10,ironing,916.93
1.0,alpha1p0,101,1,subject101_client1,11622,10,ironing,918.21
1.0,alpha1p0,101,1,subject101_client1,11623,10,ironing,919.49
1.0,alpha1p0,101,1,subject101_client1,11624,10,ironing,920.77
1.0,alpha1p0,101,1,subject101_client1,11625,10,ironing,922.05
1.0,alpha1p0,101,1,subject101_client1,11626,10,ironing,923.33
1.0,alpha1p0,101,1,subject101_client1,11627,10,ironing,924.61
1.0,alpha1p0,101,1,subject101_client1,11628,10,ironing,925.89
1.0,alpha1p0,101,1,subject101_client1,11629,10,ironing,927.17
1.0,alpha1p0,101,1,subject101_client1,11630,10,ironing,928.45
1.0,alpha1p0,101,1,subject101_client1,11631,10,ironing,929.73
1.0,alpha1p0,101,1,subject101_client1,11632,10,ironing,931.01
1.0,alpha1p0,101,1,subject101_client1,11633,10,ironing,932.29
1.0,alpha1p0,101,1,subject101_client1,11634,10,ironing,933.57
1.0,alpha1p0,101,1,subject101_client1,11635,10,ironing,934.85
1.0,alpha1p0,101,1,subject101_client1,11636,10,ironing,936.13
1.0,alpha1p0,101,1,subject101_client1,11637,10,ironing,937.41
1.0,alpha1p0,101,1,subject101_client1,11638,10,ironing,938.69
1.0,alpha1p0,101,1,subject101_client1,11639,10,ironing,939.97
1.0,alpha1p0,101,1,subject101_client1,11640,10,ironing,941.25
1.0,alpha1p0,101,1,subject101_client1,11641,10,ironing,942.53
1.0,alpha1p0,101,1,subject101_client1,11642,10,ironing,943.81
1.0,alpha1p0,101,1,subject101_client1,11643,10,ironing,945.09
1.0,alpha1p0,101,1,subject101_client1,11644,10,ironing,946.37
1.0,alpha1p0,101,1,subject101_client1,11645,10,ironing,947.65
1.0,alpha1p0,101,1,subject101_client1,11646,10,ironing,948.93
1.0,alpha1p0,101,1,subject101_client1,11647,10,ironing,950.21
1.0,alpha1p0,101,1,subject101_client1,11648,10,ironing,951.49
1.0,alpha1p0,101,1,subject101_client1,11649,10,ironing,952.77
1.0,alpha1p0,101,1,subject101_client1,11650,10,ironing,954.05
1.0,alpha1p0,101,1,subject101_client1,11651,10,ironing,955.33
1.0,alpha1p0,101,1,subject101_client1,11652,10,ironing,956.61
1.0,alpha1p0,101,1,subject101_client1,11653,10,ironing,957.89
1.0,alpha1p0,101,1,subject101_client1,11654,10,ironing,959.17
1.0,alpha1p0,101,1,subject101_client1,11655,10,ironing,960.45
1.0,alpha1p0,101,1,subject101_client1,11656,10,ironing,961.73
1.0,alpha1p0,101,1,subject101_client1,11657,10,ironing,963.01
1.0,alpha1p0,101,1,subject101_client1,11658,10,ironing,964.29
1.0,alpha1p0,101,1,subject101_client1,11659,10,ironing,965.57
1.0,alpha1p0,101,1,subject101_client1,11660,10,ironing,966.85
1.0,alpha1p0,101,1,subject101_client1,11661,10,ironing,968.13
1.0,alpha1p0,101,1,subject101_client1,11662,10,ironing,969.41
1.0,alpha1p0,101,1,subject101_client1,11663,10,ironing,970.69
1.0,alpha1p0,101,1,subject101_client1,11664,10,ironing,971.97
1.0,alpha1p0,101,1,subject101_client1,11665,10,ironing,973.25
1.0,alpha1p0,101,1,subject101_client1,11666,10,ironing,974.53
1.0,alpha1p0,101,1,subject101_client1,11667,10,ironing,975.81
1.0,alpha1p0,101,1,subject101_client1,11668,10,ironing,977.09
1.0,alpha1p0,101,1,subject101_client1,11669,10,ironing,978.37
1.0,alpha1p0,101,1,subject101_client1,11670,10,ironing,979.65
1.0,alpha1p0,101,1,subject101_client1,11671,10,ironing,980.93
1.0,alpha1p0,101,2,subject101_client2,11673,10,ironing,983.49
1.0,alpha1p0,101,2,subject101_client2,11674,10,ironing,984.77
1.0,alpha1p0,101,2,subject101_client2,11675,10,ironing,986.05
1.0,alpha1p0,101,2,subject101_client2,11676,10,ironing,987.33
1.0,alpha1p0,101,2,subject101_client2,11677,10,ironing,988.61
1.0,alpha1p0,101,2,subject101_client2,11678,10,ironing,989.89
1.0,alpha1p0,101,2,subject101_client2,11679,10,ironing,991.17
1.0,alpha1p0,101,2,subject101_client2,11680,10,ironing,992.45
1.0,alpha1p0,101,2,subject101_client2,11681,10,ironing,993.73
1.0,alpha1p0,101,2,subject101_client2,11682,10,ironing,995.01
1.0,alpha1p0,101,2,subject101_client2,11683,10,ironing,996.29
1.0,alpha1p0,101,0,subject101_client0,11685,10,ironing,998.85
1.0,alpha1p0,101,0,subject101_client0,11686,10,ironing,1000.13
1.0,alpha1p0,101,0,subject101_client0,11687,10,ironing,1001.41
1.0,alpha1p0,101,0,subject101_client0,11688,10,ironing,1002.69
1.0,alpha1p0,101,0,subject101_client0,11689,10,ironing,1003.97
1.0,alpha1p0,101,0,subject101_client0,11690,10,ironing,1005.25
1.0,alpha1p0,101,0,subject101_client0,11691,10,ironing,1006.53
1.0,alpha1p0,101,0,subject101_client0,11692,10,ironing,1007.81
1.0,alpha1p0,101,0,subject101_client0,11693,10,ironing,1009.09
1.0,alpha1p0,101,0,subject101_client0,11694,10,ironing,1010.37
1.0,alpha1p0,101,0,subject101_client0,11695,10,ironing,1011.65
1.0,alpha1p0,101,0,subject101_client0,11696,10,ironing,1012.93
1.0,alpha1p0,101,0,subject101_client0,11697,10,ironing,1014.21
1.0,alpha1p0,101,0,subject101_client0,11698,10,ironing,1015.49
1.0,alpha1p0,101,0,subject101_client0,11699,10,ironing,1016.77
1.0,alpha1p0,101,0,subject101_client0,11700,10,ironing,1018.05
1.0,alpha1p0,101,0,subject101_client0,11701,10,ironing,1019.33
1.0,alpha1p0,101,0,subject101_client0,11702,10,ironing,1020.61
1.0,alpha1p0,101,0,subject101_client0,11703,10,ironing,1021.89
1.0,alpha1p0,101,0,subject101_client0,11704,10,ironing,1023.17
1.0,alpha1p0,101,0,subject101_client0,11705,10,ironing,1024.45
1.0,alpha1p0,101,0,subject101_client0,11706,10,ironing,1025.73
1.0,alpha1p0,101,0,subject101_client0,11707,10,ironing,1027.01
1.0,alpha1p0,101,0,subject101_client0,11708,10,ironing,1028.29
1.0,alpha1p0,101,0,subject101_client0,11709,10,ironing,1029.57
1.0,alpha1p0,101,0,subject101_client0,11710,10,ironing,1030.85
1.0,alpha1p0,101,0,subject101_client0,11711,10,ironing,1032.13
1.0,alpha1p0,101,0,subject101_client0,11712,10,ironing,1033.41
1.0,alpha1p0,101,0,subject101_client0,11713,10,ironing,1034.69
1.0,alpha1p0,101,0,subject101_client0,11714,10,ironing,1035.97
1.0,alpha1p0,101,0,subject101_client0,11715,10,ironing,1037.25
1.0,alpha1p0,101,0,subject101_client0,11716,10,ironing,1038.53
1.0,alpha1p0,101,0,subject101_client0,11717,10,ironing,1039.81
1.0,alpha1p0,101,0,subject101_client0,11718,10,ironing,1041.09
1.0,alpha1p0,101,0,subject101_client0,11719,10,ironing,1042.37
1.0,alpha1p0,101,0,subject101_client0,11720,10,ironing,1043.65
1.0,alpha1p0,101,0,subject101_client0,11721,10,ironing,1044.93
1.0,alpha1p0,101,0,subject101_client0,11722,10,ironing,1046.21
1.0,alpha1p0,101,0,subject101_client0,11723,10,ironing,1047.49
1.0,alpha1p0,101,0,subject101_client0,11724,10,ironing,1048.77
1.0,alpha1p0,101,0,subject101_client0,11725,10,ironing,1050.05
1.0,alpha1p0,101,0,subject101_client0,11726,10,ironing,1051.33
1.0,alpha1p0,101,0,subject101_client0,11727,10,ironing,1052.61
1.0,alpha1p0,101,0,subject101_client0,11728,10,ironing,1053.89
1.0,alpha1p0,101,0,subject101_client0,11729,10,ironing,1055.17
1.0,alpha1p0,101,0,subject101_client0,11730,10,ironing,1056.45
1.0,alpha1p0,101,0,subject101_client0,11731,10,ironing,1057.73
1.0,alpha1p0,101,0,subject101_client0,11732,10,ironing,1059.01
1.0,alpha1p0,101,0,subject101_client0,11733,10,ironing,1060.29
1.0,alpha1p0,101,0,subject101_client0,11734,10,ironing,1061.57
1.0,alpha1p0,101,0,subject101_client0,11735,10,ironing,1062.85
1.0,alpha1p0,101,0,subject101_client0,11736,10,ironing,1064.13
1.0,alpha1p0,101,0,subject101_client0,11737,10,ironing,1065.41
1.0,alpha1p0,101,0,subject101_client0,11738,10,ironing,1066.69
1.0,alpha1p0,101,0,subject101_client0,11739,10,ironing,1067.97
1.0,alpha1p0,101,0,subject101_client0,11740,10,ironing,1069.25
1.0,alpha1p0,101,0,subject101_client0,11741,10,ironing,1070.53
1.0,alpha1p0,101,0,subject101_client0,11742,10,ironing,1071.81
1.0,alpha1p0,101,0,subject101_client0,11743,10,ironing,1073.09
1.0,alpha1p0,101,0,subject101_client0,11744,10,ironing,1074.37
1.0,alpha1p0,101,0,subject101_client0,11745,10,ironing,1075.65
1.0,alpha1p0,101,0,subject101_client0,11746,10,ironing,1076.93
1.0,alpha1p0,101,0,subject101_client0,11747,10,ironing,1078.21
1.0,alpha1p0,101,0,subject101_client0,11748,10,ironing,1079.49
1.0,alpha1p0,101,0,subject101_client0,11749,10,ironing,1080.77
1.0,alpha1p0,101,0,subject101_client0,11750,10,ironing,1082.05
1.0,alpha1p0,101,0,subject101_client0,11751,10,ironing,1083.33
1.0,alpha1p0,101,0,subject101_client0,11752,10,ironing,1084.61
1.0,alpha1p0,101,0,subject101_client0,11753,10,ironing,1085.89
1.0,alpha1p0,101,0,subject101_client0,11754,10,ironing,1087.17
1.0,alpha1p0,101,0,subject101_client0,11755,10,ironing,1088.45
1.0,alpha1p0,101,0,subject101_client0,11756,10,ironing,1089.73
1.0,alpha1p0,101,0,subject101_client0,11757,10,ironing,1091.01
1.0,alpha1p0,101,2,subject101_client2,11758,9,vacuum cleaning,1195.98
1.0,alpha1p0,101,2,subject101_client2,11759,9,vacuum cleaning,1197.26
1.0,alpha1p0,101,2,subject101_client2,11760,9,vacuum cleaning,1198.54
1.0,alpha1p0,101,2,subject101_client2,11761,9,vacuum cleaning,1199.82
1.0,alpha1p0,101,2,subject101_client2,11762,9,vacuum cleaning,1201.1
1.0,alpha1p0,101,2,subject101_client2,11763,9,vacuum cleaning,1202.38
1.0,alpha1p0,101,2,subject101_client2,11764,9,vacuum cleaning,1203.66
1.0,alpha1p0,101,2,subject101_client2,11765,9,vacuum cleaning,1204.94
1.0,alpha1p0,101,2,subject101_client2,11766,9,vacuum cleaning,1206.22
1.0,alpha1p0,101,2,subject101_client2,11767,9,vacuum cleaning,1207.5
1.0,alpha1p0,101,2,subject101_client2,11768,9,vacuum cleaning,1208.78
1.0,alpha1p0,101,2,subject101_client2,11769,9,vacuum cleaning,1210.06
1.0,alpha1p0,101,2,subject101_client2,11770,9,vacuum cleaning,1211.34
1.0,alpha1p0,101,2,subject101_client2,11771,9,vacuum cleaning,1212.62
1.0,alpha1p0,101,2,subject101_client2,11772,9,vacuum cleaning,1213.9
1.0,alpha1p0,101,2,subject101_client2,11773,9,vacuum cleaning,1215.18
1.0,alpha1p0,101,2,subject101_client2,11774,9,vacuum cleaning,1216.46
1.0,alpha1p0,101,2,subject101_client2,11775,9,vacuum cleaning,1217.74
1.0,alpha1p0,101,2,subject101_client2,11776,9,vacuum cleaning,1219.02
1.0,alpha1p0,101,2,subject101_client2,11777,9,vacuum cleaning,1220.3
1.0,alpha1p0,101,2,subject101_client2,11778,9,vacuum cleaning,1221.58
1.0,alpha1p0,101,2,subject101_client2,11779,9,vacuum cleaning,1222.86
1.0,alpha1p0,101,2,subject101_client2,11780,9,vacuum cleaning,1224.14
1.0,alpha1p0,101,2,subject101_client2,11781,9,vacuum cleaning,1225.42
1.0,alpha1p0,101,2,subject101_client2,11782,9,vacuum cleaning,1226.7
1.0,alpha1p0,101,2,subject101_client2,11783,9,vacuum cleaning,1227.98
1.0,alpha1p0,101,2,subject101_client2,11784,9,vacuum cleaning,1229.26
1.0,alpha1p0,101,2,subject101_client2,11785,9,vacuum cleaning,1230.54
1.0,alpha1p0,101,2,subject101_client2,11786,9,vacuum cleaning,1231.82
1.0,alpha1p0,101,2,subject101_client2,11787,9,vacuum cleaning,1233.1
1.0,alpha1p0,101,2,subject101_client2,11788,9,vacuum cleaning,1234.38
1.0,alpha1p0,101,2,subject101_client2,11789,9,vacuum cleaning,1235.66
1.0,alpha1p0,101,2,subject101_client2,11790,9,vacuum cleaning,1236.94
1.0,alpha1p0,101,2,subject101_client2,11791,9,vacuum cleaning,1238.22
1.0,alpha1p0,101,2,subject101_client2,11792,9,vacuum cleaning,1239.5
1.0,alpha1p0,101,2,subject101_client2,11793,9,vacuum cleaning,1240.78
1.0,alpha1p0,101,2,subject101_client2,11794,9,vacuum cleaning,1242.06
1.0,alpha1p0,101,2,subject101_client2,11795,9,vacuum cleaning,1243.34
1.0,alpha1p0,101,2,subject101_client2,11796,9,vacuum cleaning,1244.62
1.0,alpha1p0,101,2,subject101_client2,11797,9,vacuum cleaning,1245.9
1.0,alpha1p0,101,2,subject101_client2,11798,9,vacuum cleaning,1247.18
1.0,alpha1p0,101,2,subject101_client2,11799,9,vacuum cleaning,1248.46
1.0,alpha1p0,101,2,subject101_client2,11800,9,vacuum cleaning,1249.74
1.0,alpha1p0,101,0,subject101_client0,11802,9,vacuum cleaning,1252.3
1.0,alpha1p0,101,0,subject101_client0,11803,9,vacuum cleaning,1253.58
1.0,alpha1p0,101,0,subject101_client0,11804,9,vacuum cleaning,1254.86
1.0,alpha1p0,101,0,subject101_client0,11805,9,vacuum cleaning,1256.14
1.0,alpha1p0,101,0,subject101_client0,11806,9,vacuum cleaning,1257.42
1.0,alpha1p0,101,0,subject101_client0,11807,9,vacuum cleaning,1258.7
1.0,alpha1p0,101,0,subject101_client0,11808,9,vacuum cleaning,1259.98
1.0,alpha1p0,101,0,subject101_client0,11809,9,vacuum cleaning,1261.26
1.0,alpha1p0,101,0,subject101_client0,11810,9,vacuum cleaning,1262.54
1.0,alpha1p0,101,0,subject101_client0,11811,9,vacuum cleaning,1263.82
1.0,alpha1p0,101,0,subject101_client0,11812,9,vacuum cleaning,1265.1
1.0,alpha1p0,101,0,subject101_client0,11813,9,vacuum cleaning,1266.38
1.0,alpha1p0,101,0,subject101_client0,11814,9,vacuum cleaning,1267.66
1.0,alpha1p0,101,0,subject101_client0,11815,9,vacuum cleaning,1268.94
1.0,alpha1p0,101,0,subject101_client0,11816,9,vacuum cleaning,1270.22
1.0,alpha1p0,101,0,subject101_client0,11817,9,vacuum cleaning,1271.5
1.0,alpha1p0,101,0,subject101_client0,11818,9,vacuum cleaning,1272.78
1.0,alpha1p0,101,0,subject101_client0,11819,9,vacuum cleaning,1274.06
1.0,alpha1p0,101,0,subject101_client0,11820,9,vacuum cleaning,1275.34
1.0,alpha1p0,101,0,subject101_client0,11821,9,vacuum cleaning,1276.62
1.0,alpha1p0,101,0,subject101_client0,11822,9,vacuum cleaning,1277.9
1.0,alpha1p0,101,0,subject101_client0,11823,9,vacuum cleaning,1279.18
1.0,alpha1p0,101,0,subject101_client0,11824,9,vacuum cleaning,1280.46
1.0,alpha1p0,101,0,subject101_client0,11825,9,vacuum cleaning,1281.74
1.0,alpha1p0,101,0,subject101_client0,11826,9,vacuum cleaning,1283.02
1.0,alpha1p0,101,0,subject101_client0,11827,9,vacuum cleaning,1284.3
1.0,alpha1p0,101,0,subject101_client0,11828,9,vacuum cleaning,1285.58
1.0,alpha1p0,101,0,subject101_client0,11829,9,vacuum cleaning,1286.86
1.0,alpha1p0,101,0,subject101_client0,11830,9,vacuum cleaning,1288.14
1.0,alpha1p0,101,0,subject101_client0,11831,9,vacuum cleaning,1289.42
1.0,alpha1p0,101,0,subject101_client0,11832,9,vacuum cleaning,1290.7
1.0,alpha1p0,101,0,subject101_client0,11833,9,vacuum cleaning,1291.98
1.0,alpha1p0,101,0,subject101_client0,11834,9,vacuum cleaning,1293.26
1.0,alpha1p0,101,0,subject101_client0,11835,9,vacuum cleaning,1294.54
1.0,alpha1p0,101,0,subject101_client0,11836,9,vacuum cleaning,1295.82
1.0,alpha1p0,101,0,subject101_client0,11837,9,vacuum cleaning,1297.1
1.0,alpha1p0,101,0,subject101_client0,11838,9,vacuum cleaning,1298.38
1.0,alpha1p0,101,0,subject101_client0,11839,9,vacuum cleaning,1299.66
1.0,alpha1p0,101,0,subject101_client0,11840,9,vacuum cleaning,1300.94
1.0,alpha1p0,101,0,subject101_client0,11841,9,vacuum cleaning,1302.22
1.0,alpha1p0,101,0,subject101_client0,11842,9,vacuum cleaning,1303.5
1.0,alpha1p0,101,0,subject101_client0,11843,9,vacuum cleaning,1304.78
1.0,alpha1p0,101,0,subject101_client0,11844,9,vacuum cleaning,1306.06
1.0,alpha1p0,101,0,subject101_client0,11845,9,vacuum cleaning,1307.34
1.0,alpha1p0,101,0,subject101_client0,11846,9,vacuum cleaning,1308.62
1.0,alpha1p0,101,0,subject101_client0,11847,9,vacuum cleaning,1309.9
1.0,alpha1p0,101,0,subject101_client0,11848,9,vacuum cleaning,1311.18
1.0,alpha1p0,101,0,subject101_client0,11849,9,vacuum cleaning,1312.46
1.0,alpha1p0,101,0,subject101_client0,11850,9,vacuum cleaning,1313.74
1.0,alpha1p0,101,0,subject101_client0,11851,9,vacuum cleaning,1315.02
1.0,alpha1p0,101,0,subject101_client0,11852,9,vacuum cleaning,1316.3
1.0,alpha1p0,101,0,subject101_client0,11853,9,vacuum cleaning,1317.58
1.0,alpha1p0,101,0,subject101_client0,11854,9,vacuum cleaning,1318.86
1.0,alpha1p0,101,0,subject101_client0,11855,9,vacuum cleaning,1320.14
1.0,alpha1p0,101,0,subject101_client0,11856,9,vacuum cleaning,1321.42
1.0,alpha1p0,101,0,subject101_client0,11857,9,vacuum cleaning,1322.7
1.0,alpha1p0,101,0,subject101_client0,11858,9,vacuum cleaning,1323.98
1.0,alpha1p0,101,0,subject101_client0,11859,9,vacuum cleaning,1325.26
1.0,alpha1p0,101,0,subject101_client0,11860,9,vacuum cleaning,1326.54
1.0,alpha1p0,101,0,subject101_client0,11861,9,vacuum cleaning,1327.82
1.0,alpha1p0,101,0,subject101_client0,11862,9,vacuum cleaning,1329.1
1.0,alpha1p0,101,0,subject101_client0,11863,9,vacuum cleaning,1330.38
1.0,alpha1p0,101,1,subject101_client1,11865,9,vacuum cleaning,1332.94
1.0,alpha1p0,101,1,subject101_client1,11866,9,vacuum cleaning,1334.22
1.0,alpha1p0,101,1,subject101_client1,11867,9,vacuum cleaning,1335.5
1.0,alpha1p0,101,1,subject101_client1,11868,9,vacuum cleaning,1336.78
1.0,alpha1p0,101,1,subject101_client1,11869,9,vacuum cleaning,1338.06
1.0,alpha1p0,101,1,subject101_client1,11870,9,vacuum cleaning,1339.34
1.0,alpha1p0,101,1,subject101_client1,11871,9,vacuum cleaning,1340.62
1.0,alpha1p0,101,1,subject101_client1,11872,9,vacuum cleaning,1341.9
1.0,alpha1p0,101,1,subject101_client1,11873,9,vacuum cleaning,1343.18
1.0,alpha1p0,101,1,subject101_client1,11874,9,vacuum cleaning,1344.46
1.0,alpha1p0,101,1,subject101_client1,11875,9,vacuum cleaning,1345.74
1.0,alpha1p0,101,1,subject101_client1,11876,9,vacuum cleaning,1347.02
1.0,alpha1p0,101,1,subject101_client1,11877,9,vacuum cleaning,1348.3
1.0,alpha1p0,101,1,subject101_client1,11878,9,vacuum cleaning,1349.58
1.0,alpha1p0,101,1,subject101_client1,11879,9,vacuum cleaning,1350.86
1.0,alpha1p0,101,1,subject101_client1,11880,9,vacuum cleaning,1352.14
1.0,alpha1p0,101,1,subject101_client1,11881,9,vacuum cleaning,1353.42
1.0,alpha1p0,101,1,subject101_client1,11882,9,vacuum cleaning,1354.7
1.0,alpha1p0,101,1,subject101_client1,11883,9,vacuum cleaning,1355.98
1.0,alpha1p0,101,1,subject101_client1,11884,9,vacuum cleaning,1357.26
1.0,alpha1p0,101,1,subject101_client1,11885,9,vacuum cleaning,1358.54
1.0,alpha1p0,101,1,subject101_client1,11886,9,vacuum cleaning,1359.82
1.0,alpha1p0,101,1,subject101_client1,11887,9,vacuum cleaning,1361.1
1.0,alpha1p0,101,3,subject101_client3,11889,9,vacuum cleaning,1363.66
1.0,alpha1p0,101,3,subject101_client3,11890,9,vacuum cleaning,1364.94
1.0,alpha1p0,101,3,subject101_client3,11891,9,vacuum cleaning,1366.22
1.0,alpha1p0,101,3,subject101_client3,11892,9,vacuum cleaning,1367.5
1.0,alpha1p0,101,3,subject101_client3,11893,9,vacuum cleaning,1368.78
1.0,alpha1p0,101,3,subject101_client3,11894,9,vacuum cleaning,1370.06
1.0,alpha1p0,101,3,subject101_client3,11895,9,vacuum cleaning,1371.34
1.0,alpha1p0,101,3,subject101_client3,11896,9,vacuum cleaning,1372.62
1.0,alpha1p0,101,3,subject101_client3,11897,9,vacuum cleaning,1373.9
1.0,alpha1p0,101,3,subject101_client3,11898,9,vacuum cleaning,1375.18
1.0,alpha1p0,101,3,subject101_client3,11899,9,vacuum cleaning,1376.46
1.0,alpha1p0,101,3,subject101_client3,11900,9,vacuum cleaning,1377.74
1.0,alpha1p0,101,3,subject101_client3,11901,9,vacuum cleaning,1379.02
1.0,alpha1p0,101,3,subject101_client3,11902,9,vacuum cleaning,1380.3
1.0,alpha1p0,101,3,subject101_client3,11903,9,vacuum cleaning,1381.58
1.0,alpha1p0,101,3,subject101_client3,11904,9,vacuum cleaning,1382.86
1.0,alpha1p0,101,3,subject101_client3,11905,9,vacuum cleaning,1384.14
1.0,alpha1p0,101,3,subject101_client3,11906,9,vacuum cleaning,1385.42
1.0,alpha1p0,101,3,subject101_client3,11907,9,vacuum cleaning,1386.7
1.0,alpha1p0,101,3,subject101_client3,11908,9,vacuum cleaning,1387.98
1.0,alpha1p0,101,3,subject101_client3,11909,9,vacuum cleaning,1389.26
1.0,alpha1p0,101,3,subject101_client3,11910,9,vacuum cleaning,1390.54
1.0,alpha1p0,101,3,subject101_client3,11911,9,vacuum cleaning,1391.82
1.0,alpha1p0,101,3,subject101_client3,11912,9,vacuum cleaning,1393.1
1.0,alpha1p0,101,3,subject101_client3,11913,9,vacuum cleaning,1394.38
1.0,alpha1p0,101,3,subject101_client3,11914,9,vacuum cleaning,1395.66
1.0,alpha1p0,101,3,subject101_client3,11915,9,vacuum cleaning,1396.94
1.0,alpha1p0,101,3,subject101_client3,11916,9,vacuum cleaning,1398.22
1.0,alpha1p0,101,3,subject101_client3,11917,9,vacuum cleaning,1399.5
1.0,alpha1p0,101,3,subject101_client3,11918,9,vacuum cleaning,1400.78
1.0,alpha1p0,101,3,subject101_client3,11919,9,vacuum cleaning,1402.06
1.0,alpha1p0,101,3,subject101_client3,11920,9,vacuum cleaning,1403.34
1.0,alpha1p0,101,3,subject101_client3,11921,9,vacuum cleaning,1404.62
1.0,alpha1p0,101,3,subject101_client3,11922,9,vacuum cleaning,1405.9
1.0,alpha1p0,101,3,subject101_client3,11923,9,vacuum cleaning,1407.18
1.0,alpha1p0,101,3,subject101_client3,11924,9,vacuum cleaning,1408.46
1.0,alpha1p0,101,3,subject101_client3,11925,9,vacuum cleaning,1409.74
1.0,alpha1p0,101,3,subject101_client3,11926,9,vacuum cleaning,1411.02
1.0,alpha1p0,101,3,subject101_client3,11927,9,vacuum cleaning,1412.3
1.0,alpha1p0,101,3,subject101_client3,11928,9,vacuum cleaning,1413.58
1.0,alpha1p0,101,3,subject101_client3,11929,9,vacuum cleaning,1414.86
1.0,alpha1p0,101,3,subject101_client3,11930,9,vacuum cleaning,1416.14
1.0,alpha1p0,101,3,subject101_client3,11931,9,vacuum cleaning,1417.42
1.0,alpha1p0,101,3,subject101_client3,11932,9,vacuum cleaning,1418.7
1.0,alpha1p0,101,3,subject101_client3,11933,9,vacuum cleaning,1419.98
1.0,alpha1p0,101,3,subject101_client3,11934,9,vacuum cleaning,1421.26
1.0,alpha1p0,101,3,subject101_client3,11935,9,vacuum cleaning,1422.54
1.0,alpha1p0,101,0,subject101_client0,11936,7,ascending stairs,1551.19
1.0,alpha1p0,101,0,subject101_client0,11937,7,ascending stairs,1552.47
1.0,alpha1p0,101,0,subject101_client0,11938,7,ascending stairs,1553.75
1.0,alpha1p0,101,0,subject101_client0,11939,7,ascending stairs,1555.03
1.0,alpha1p0,101,0,subject101_client0,11940,7,ascending stairs,1556.31
1.0,alpha1p0,101,0,subject101_client0,11941,7,ascending stairs,1557.59
1.0,alpha1p0,101,0,subject101_client0,11942,7,ascending stairs,1558.87
1.0,alpha1p0,101,0,subject101_client0,11943,7,ascending stairs,1560.15
1.0,alpha1p0,101,0,subject101_client0,11944,7,ascending stairs,1561.43
1.0,alpha1p0,101,0,subject101_client0,11945,7,ascending stairs,1562.71
1.0,alpha1p0,101,0,subject101_client0,11946,7,ascending stairs,1563.99
1.0,alpha1p0,101,0,subject101_client0,11947,7,ascending stairs,1565.27
1.0,alpha1p0,101,0,subject101_client0,11948,7,ascending stairs,1566.55
1.0,alpha1p0,101,0,subject101_client0,11949,7,ascending stairs,1567.83
1.0,alpha1p0,101,0,subject101_client0,11950,7,ascending stairs,1569.11
1.0,alpha1p0,101,0,subject101_client0,11951,7,ascending stairs,1570.39
1.0,alpha1p0,101,0,subject101_client0,11952,7,ascending stairs,1571.67
1.0,alpha1p0,101,0,subject101_client0,11953,7,ascending stairs,1572.95
1.0,alpha1p0,101,0,subject101_client0,11954,7,ascending stairs,1574.23
1.0,alpha1p0,101,0,subject101_client0,11955,7,ascending stairs,1575.51
1.0,alpha1p0,101,0,subject101_client0,11956,7,ascending stairs,1576.79
1.0,alpha1p0,101,0,subject101_client0,11957,7,ascending stairs,1578.07
1.0,alpha1p0,101,0,subject101_client0,11958,7,ascending stairs,1579.35
1.0,alpha1p0,101,0,subject101_client0,11959,7,ascending stairs,1580.63
1.0,alpha1p0,101,0,subject101_client0,11960,7,ascending stairs,1581.91
1.0,alpha1p0,101,0,subject101_client0,11961,7,ascending stairs,1583.19
1.0,alpha1p0,101,0,subject101_client0,11962,7,ascending stairs,1584.47
1.0,alpha1p0,101,0,subject101_client0,11963,7,ascending stairs,1585.75
1.0,alpha1p0,101,0,subject101_client0,11964,7,ascending stairs,1587.03
1.0,alpha1p0,101,0,subject101_client0,11965,7,ascending stairs,1588.31
1.0,alpha1p0,101,0,subject101_client0,11966,7,ascending stairs,1589.59
1.0,alpha1p0,101,0,subject101_client0,11967,7,ascending stairs,1590.87
1.0,alpha1p0,101,0,subject101_client0,11968,7,ascending stairs,1592.15
1.0,alpha1p0,101,0,subject101_client0,11969,7,ascending stairs,1593.43
1.0,alpha1p0,101,0,subject101_client0,11970,7,ascending stairs,1594.71
1.0,alpha1p0,101,0,subject101_client0,11971,7,ascending stairs,1595.99
1.0,alpha1p0,101,0,subject101_client0,11972,7,ascending stairs,1597.27
1.0,alpha1p0,101,0,subject101_client0,11973,7,ascending stairs,1598.55
1.0,alpha1p0,101,0,subject101_client0,11974,7,ascending stairs,1599.83
1.0,alpha1p0,101,0,subject101_client0,11975,7,ascending stairs,1601.11
1.0,alpha1p0,101,0,subject101_client0,11976,7,ascending stairs,1602.39
1.0,alpha1p0,101,0,subject101_client0,11977,7,ascending stairs,1603.67
1.0,alpha1p0,101,0,subject101_client0,11978,7,ascending stairs,1604.95
1.0,alpha1p0,101,0,subject101_client0,11979,7,ascending stairs,1606.23
1.0,alpha1p0,101,0,subject101_client0,11980,7,ascending stairs,1607.51
1.0,alpha1p0,101,0,subject101_client0,11981,7,ascending stairs,1608.79
1.0,alpha1p0,101,0,subject101_client0,11982,7,ascending stairs,1610.07
1.0,alpha1p0,101,0,subject101_client0,11983,7,ascending stairs,1611.35
1.0,alpha1p0,101,0,subject101_client0,11984,7,ascending stairs,1612.63
1.0,alpha1p0,101,0,subject101_client0,11985,7,ascending stairs,1613.91
1.0,alpha1p0,101,0,subject101_client0,11986,7,ascending stairs,1615.19
1.0,alpha1p0,101,0,subject101_client0,11987,7,ascending stairs,1616.47
1.0,alpha1p0,101,0,subject101_client0,11988,7,ascending stairs,1617.75
1.0,alpha1p0,101,0,subject101_client0,11989,7,ascending stairs,1619.03
1.0,alpha1p0,101,0,subject101_client0,11990,7,ascending stairs,1620.31
1.0,alpha1p0,101,0,subject101_client0,11991,7,ascending stairs,1621.59
1.0,alpha1p0,101,0,subject101_client0,11992,7,ascending stairs,1622.87
1.0,alpha1p0,101,0,subject101_client0,11993,7,ascending stairs,1624.15
1.0,alpha1p0,101,0,subject101_client0,11994,7,ascending stairs,1625.43
1.0,alpha1p0,101,0,subject101_client0,11995,7,ascending stairs,1626.71
1.0,alpha1p0,101,0,subject101_client0,11996,7,ascending stairs,1627.99
1.0,alpha1p0,101,0,subject101_client0,11997,7,ascending stairs,1629.27
1.0,alpha1p0,101,3,subject101_client3,11998,8,descending stairs,1742.34
1.0,alpha1p0,101,3,subject101_client3,11999,8,descending stairs,1743.62
1.0,alpha1p0,101,3,subject101_client3,12000,8,descending stairs,1744.9
1.0,alpha1p0,101,3,subject101_client3,12001,8,descending stairs,1746.18
1.0,alpha1p0,101,3,subject101_client3,12002,8,descending stairs,1747.46
1.0,alpha1p0,101,3,subject101_client3,12003,8,descending stairs,1748.74
1.0,alpha1p0,101,3,subject101_client3,12004,8,descending stairs,1750.02
1.0,alpha1p0,101,3,subject101_client3,12005,8,descending stairs,1751.3
1.0,alpha1p0,101,3,subject101_client3,12006,8,descending stairs,1752.58
1.0,alpha1p0,101,3,subject101_client3,12007,8,descending stairs,1753.86
1.0,alpha1p0,101,3,subject101_client3,12008,8,descending stairs,1755.14
1.0,alpha1p0,101,3,subject101_client3,12009,8,descending stairs,1756.42
1.0,alpha1p0,101,3,subject101_client3,12010,8,descending stairs,1757.7
1.0,alpha1p0,101,3,subject101_client3,12011,8,descending stairs,1758.98
1.0,alpha1p0,101,3,subject101_client3,12012,8,descending stairs,1760.26
1.0,alpha1p0,101,3,subject101_client3,12013,8,descending stairs,1761.54
1.0,alpha1p0,101,3,subject101_client3,12014,8,descending stairs,1762.82
1.0,alpha1p0,101,3,subject101_client3,12015,8,descending stairs,1764.1
1.0,alpha1p0,101,3,subject101_client3,12016,8,descending stairs,1765.38
1.0,alpha1p0,101,3,subject101_client3,12017,8,descending stairs,1766.66
1.0,alpha1p0,101,3,subject101_client3,12018,8,descending stairs,1767.94
1.0,alpha1p0,101,3,subject101_client3,12019,8,descending stairs,1769.22
1.0,alpha1p0,101,3,subject101_client3,12020,8,descending stairs,1770.5
1.0,alpha1p0,101,3,subject101_client3,12021,8,descending stairs,1771.78
1.0,alpha1p0,101,3,subject101_client3,12022,8,descending stairs,1773.06
1.0,alpha1p0,101,3,subject101_client3,12023,8,descending stairs,1774.34
1.0,alpha1p0,101,3,subject101_client3,12024,8,descending stairs,1775.62
1.0,alpha1p0,101,3,subject101_client3,12025,8,descending stairs,1776.9
1.0,alpha1p0,101,3,subject101_client3,12026,8,descending stairs,1778.18
1.0,alpha1p0,101,3,subject101_client3,12027,8,descending stairs,1779.46
1.0,alpha1p0,101,3,subject101_client3,12028,8,descending stairs,1780.74
1.0,alpha1p0,101,3,subject101_client3,12029,8,descending stairs,1782.02
1.0,alpha1p0,101,3,subject101_client3,12030,8,descending stairs,1783.3
1.0,alpha1p0,101,3,subject101_client3,12031,8,descending stairs,1784.58
1.0,alpha1p0,101,3,subject101_client3,12032,8,descending stairs,1785.86
1.0,alpha1p0,101,3,subject101_client3,12033,8,descending stairs,1787.14
1.0,alpha1p0,101,3,subject101_client3,12034,8,descending stairs,1788.42
1.0,alpha1p0,101,3,subject101_client3,12035,8,descending stairs,1789.7
1.0,alpha1p0,101,3,subject101_client3,12036,8,descending stairs,1790.98
1.0,alpha1p0,101,3,subject101_client3,12037,8,descending stairs,1792.26
1.0,alpha1p0,101,3,subject101_client3,12038,8,descending stairs,1793.54
1.0,alpha1p0,101,3,subject101_client3,12039,8,descending stairs,1794.82
1.0,alpha1p0,101,3,subject101_client3,12040,8,descending stairs,1796.1
1.0,alpha1p0,101,1,subject101_client1,12042,8,descending stairs,1798.66
1.0,alpha1p0,101,1,subject101_client1,12043,8,descending stairs,1799.94
1.0,alpha1p0,101,1,subject101_client1,12044,8,descending stairs,1801.22
1.0,alpha1p0,101,1,subject101_client1,12045,8,descending stairs,1802.5
1.0,alpha1p0,101,1,subject101_client1,12046,8,descending stairs,1803.78
1.0,alpha1p0,101,1,subject101_client1,12047,8,descending stairs,1805.06
1.0,alpha1p0,101,1,subject101_client1,12048,8,descending stairs,1806.34
1.0,alpha1p0,101,1,subject101_client1,12049,8,descending stairs,1807.62
1.0,alpha1p0,101,1,subject101_client1,12050,8,descending stairs,1808.9
1.0,alpha1p0,101,1,subject101_client1,12051,8,descending stairs,1810.18
1.0,alpha1p0,101,1,subject101_client1,12052,8,descending stairs,1811.46
1.0,alpha1p0,101,1,subject101_client1,12053,8,descending stairs,1812.74
1.0,alpha1p0,101,1,subject101_client1,12054,8,descending stairs,1814.02
1.0,alpha1p0,101,0,subject101_client0,12055,7,ascending stairs,1854.0
1.0,alpha1p0,101,0,subject101_client0,12056,7,ascending stairs,1855.28
1.0,alpha1p0,101,0,subject101_client0,12057,7,ascending stairs,1856.56
1.0,alpha1p0,101,0,subject101_client0,12058,7,ascending stairs,1857.84
1.0,alpha1p0,101,0,subject101_client0,12059,7,ascending stairs,1859.12
1.0,alpha1p0,101,0,subject101_client0,12060,7,ascending stairs,1860.4
1.0,alpha1p0,101,0,subject101_client0,12061,7,ascending stairs,1861.68
1.0,alpha1p0,101,0,subject101_client0,12062,7,ascending stairs,1862.96
1.0,alpha1p0,101,0,subject101_client0,12063,7,ascending stairs,1864.24
1.0,alpha1p0,101,0,subject101_client0,12064,7,ascending stairs,1865.52
1.0,alpha1p0,101,0,subject101_client0,12065,7,ascending stairs,1866.8
1.0,alpha1p0,101,0,subject101_client0,12066,7,ascending stairs,1868.08
1.0,alpha1p0,101,0,subject101_client0,12067,7,ascending stairs,1869.36
1.0,alpha1p0,101,0,subject101_client0,12068,7,ascending stairs,1870.64
1.0,alpha1p0,101,0,subject101_client0,12069,7,ascending stairs,1871.92
1.0,alpha1p0,101,0,subject101_client0,12070,7,ascending stairs,1873.2
1.0,alpha1p0,101,0,subject101_client0,12071,7,ascending stairs,1874.48
1.0,alpha1p0,101,0,subject101_client0,12072,7,ascending stairs,1875.76
1.0,alpha1p0,101,0,subject101_client0,12073,7,ascending stairs,1877.04
1.0,alpha1p0,101,0,subject101_client0,12074,7,ascending stairs,1878.32
1.0,alpha1p0,101,0,subject101_client0,12075,7,ascending stairs,1879.6
1.0,alpha1p0,101,0,subject101_client0,12076,7,ascending stairs,1880.88
1.0,alpha1p0,101,0,subject101_client0,12077,7,ascending stairs,1882.16
1.0,alpha1p0,101,0,subject101_client0,12078,7,ascending stairs,1883.44
1.0,alpha1p0,101,0,subject101_client0,12079,7,ascending stairs,1884.72
1.0,alpha1p0,101,0,subject101_client0,12080,7,ascending stairs,1886.0
1.0,alpha1p0,101,0,subject101_client0,12081,7,ascending stairs,1887.28
1.0,alpha1p0,101,0,subject101_client0,12082,7,ascending stairs,1888.56
1.0,alpha1p0,101,0,subject101_client0,12083,7,ascending stairs,1889.84
1.0,alpha1p0,101,0,subject101_client0,12084,7,ascending stairs,1891.12
1.0,alpha1p0,101,0,subject101_client0,12085,7,ascending stairs,1892.4
1.0,alpha1p0,101,0,subject101_client0,12086,7,ascending stairs,1893.68
1.0,alpha1p0,101,0,subject101_client0,12087,7,ascending stairs,1894.96
1.0,alpha1p0,101,0,subject101_client0,12088,7,ascending stairs,1896.24
1.0,alpha1p0,101,0,subject101_client0,12089,7,ascending stairs,1897.52
1.0,alpha1p0,101,0,subject101_client0,12090,7,ascending stairs,1898.8
1.0,alpha1p0,101,0,subject101_client0,12091,7,ascending stairs,1900.08
1.0,alpha1p0,101,0,subject101_client0,12092,7,ascending stairs,1901.36
1.0,alpha1p0,101,0,subject101_client0,12093,7,ascending stairs,1902.64
1.0,alpha1p0,101,0,subject101_client0,12094,7,ascending stairs,1903.92
1.0,alpha1p0,101,0,subject101_client0,12095,7,ascending stairs,1905.2
1.0,alpha1p0,101,0,subject101_client0,12096,7,ascending stairs,1906.48
1.0,alpha1p0,101,1,subject101_client1,12098,7,ascending stairs,1909.04
1.0,alpha1p0,101,1,subject101_client1,12099,7,ascending stairs,1910.32
1.0,alpha1p0,101,1,subject101_client1,12100,7,ascending stairs,1911.6
1.0,alpha1p0,101,2,subject101_client2,12102,7,ascending stairs,1914.16
1.0,alpha1p0,101,2,subject101_client2,12103,7,ascending stairs,1915.44
1.0,alpha1p0,101,2,subject101_client2,12104,7,ascending stairs,1916.72
1.0,alpha1p0,101,2,subject101_client2,12105,7,ascending stairs,1918.0
1.0,alpha1p0,101,2,subject101_client2,12106,7,ascending stairs,1919.28
1.0,alpha1p0,101,2,subject101_client2,12107,7,ascending stairs,1920.56
1.0,alpha1p0,101,3,subject101_client3,12109,7,ascending stairs,1923.12
1.0,alpha1p0,101,3,subject101_client3,12110,7,ascending stairs,1924.4
1.0,alpha1p0,101,3,subject101_client3,12111,7,ascending stairs,1925.68
1.0,alpha1p0,101,3,subject101_client3,12112,7,ascending stairs,1926.96
1.0,alpha1p0,101,3,subject101_client3,12113,7,ascending stairs,1928.24
1.0,alpha1p0,101,1,subject101_client1,12114,8,descending stairs,1931.7
1.0,alpha1p0,101,1,subject101_client1,12115,8,descending stairs,1932.98
1.0,alpha1p0,101,1,subject101_client1,12116,8,descending stairs,1934.26
1.0,alpha1p0,101,1,subject101_client1,12117,8,descending stairs,1935.54
1.0,alpha1p0,101,1,subject101_client1,12118,8,descending stairs,1936.82
1.0,alpha1p0,101,1,subject101_client1,12119,8,descending stairs,1938.1
1.0,alpha1p0,101,1,subject101_client1,12120,8,descending stairs,1939.38
1.0,alpha1p0,101,1,subject101_client1,12121,8,descending stairs,1940.66
1.0,alpha1p0,101,1,subject101_client1,12122,8,descending stairs,1941.94
1.0,alpha1p0,101,1,subject101_client1,12123,8,descending stairs,1943.22
1.0,alpha1p0,101,1,subject101_client1,12124,8,descending stairs,1944.5
1.0,alpha1p0,101,1,subject101_client1,12125,8,descending stairs,1945.78
1.0,alpha1p0,101,1,subject101_client1,12126,8,descending stairs,1947.06
1.0,alpha1p0,101,1,subject101_client1,12127,8,descending stairs,1948.34
1.0,alpha1p0,101,1,subject101_client1,12128,8,descending stairs,1949.62
1.0,alpha1p0,101,1,subject101_client1,12129,8,descending stairs,1950.9
1.0,alpha1p0,101,1,subject101_client1,12130,8,descending stairs,1952.18
1.0,alpha1p0,101,1,subject101_client1,12131,8,descending stairs,1953.46
1.0,alpha1p0,101,1,subject101_client1,12132,8,descending stairs,1954.74
1.0,alpha1p0,101,1,subject101_client1,12133,8,descending stairs,1956.02
1.0,alpha1p0,101,1,subject101_client1,12134,8,descending stairs,1957.3
1.0,alpha1p0,101,1,subject101_client1,12135,8,descending stairs,1958.58
1.0,alpha1p0,101,1,subject101_client1,12136,8,descending stairs,1959.86
1.0,alpha1p0,101,2,subject101_client2,12138,8,descending stairs,1962.42
1.0,alpha1p0,101,2,subject101_client2,12139,8,descending stairs,1963.7
1.0,alpha1p0,101,2,subject101_client2,12140,8,descending stairs,1964.98
1.0,alpha1p0,101,2,subject101_client2,12141,8,descending stairs,1966.26
1.0,alpha1p0,101,2,subject101_client2,12142,8,descending stairs,1967.54
1.0,alpha1p0,101,2,subject101_client2,12143,8,descending stairs,1968.82
1.0,alpha1p0,101,2,subject101_client2,12144,8,descending stairs,1970.1
1.0,alpha1p0,101,2,subject101_client2,12145,8,descending stairs,1971.38
1.0,alpha1p0,101,2,subject101_client2,12146,8,descending stairs,1972.66
1.0,alpha1p0,101,2,subject101_client2,12147,8,descending stairs,1973.94
1.0,alpha1p0,101,2,subject101_client2,12148,8,descending stairs,1975.22
1.0,alpha1p0,101,2,subject101_client2,12149,8,descending stairs,1976.5
1.0,alpha1p0,101,2,subject101_client2,12150,8,descending stairs,1977.78
1.0,alpha1p0,101,2,subject101_client2,12151,8,descending stairs,1979.06
1.0,alpha1p0,101,2,subject101_client2,12152,8,descending stairs,1980.34
1.0,alpha1p0,101,2,subject101_client2,12153,8,descending stairs,1981.62
1.0,alpha1p0,101,2,subject101_client2,12154,8,descending stairs,1982.9
1.0,alpha1p0,101,2,subject101_client2,12155,8,descending stairs,1984.18
1.0,alpha1p0,101,2,subject101_client2,12156,8,descending stairs,1985.46
1.0,alpha1p0,101,2,subject101_client2,12157,8,descending stairs,1986.74
1.0,alpha1p0,101,2,subject101_client2,12158,8,descending stairs,1988.02
1.0,alpha1p0,101,2,subject101_client2,12159,8,descending stairs,1989.3
1.0,alpha1p0,101,2,subject101_client2,12160,8,descending stairs,1990.58
1.0,alpha1p0,101,2,subject101_client2,12161,8,descending stairs,1991.86
1.0,alpha1p0,101,2,subject101_client2,12162,8,descending stairs,1993.14
1.0,alpha1p0,101,2,subject101_client2,12163,8,descending stairs,1994.42
1.0,alpha1p0,101,2,subject101_client2,12164,8,descending stairs,1995.7
1.0,alpha1p0,101,2,subject101_client2,12165,8,descending stairs,1996.98
1.0,alpha1p0,101,2,subject101_client2,12166,8,descending stairs,1998.26
1.0,alpha1p0,101,0,subject101_client0,12168,8,descending stairs,2000.82
1.0,alpha1p0,101,0,subject101_client0,12169,8,descending stairs,2002.1
1.0,alpha1p0,101,0,subject101_client0,12170,3,walking,2245.97
1.0,alpha1p0,101,0,subject101_client0,12171,3,walking,2247.25
1.0,alpha1p0,101,0,subject101_client0,12172,3,walking,2248.53
1.0,alpha1p0,101,0,subject101_client0,12173,3,walking,2249.81
1.0,alpha1p0,101,0,subject101_client0,12174,3,walking,2251.09
1.0,alpha1p0,101,0,subject101_client0,12175,3,walking,2252.37
1.0,alpha1p0,101,0,subject101_client0,12176,3,walking,2253.65
1.0,alpha1p0,101,0,subject101_client0,12177,3,walking,2254.93
1.0,alpha1p0,101,0,subject101_client0,12178,3,walking,2256.21
1.0,alpha1p0,101,2,subject101_client2,12180,3,walking,2258.77
1.0,alpha1p0,101,2,subject101_client2,12181,3,walking,2260.05
1.0,alpha1p0,101,2,subject101_client2,12182,3,walking,2261.33
1.0,alpha1p0,101,2,subject101_client2,12183,3,walking,2262.61
1.0,alpha1p0,101,2,subject101_client2,12184,3,walking,2263.89
1.0,alpha1p0,101,1,subject101_client1,12186,3,walking,2266.45
1.0,alpha1p0,101,1,subject101_client1,12187,3,walking,2267.73
1.0,alpha1p0,101,1,subject101_client1,12188,3,walking,2269.01
1.0,alpha1p0,101,1,subject101_client1,12189,3,walking,2270.29
1.0,alpha1p0,101,1,subject101_client1,12190,3,walking,2271.57
1.0,alpha1p0,101,1,subject101_client1,12191,3,walking,2272.85
1.0,alpha1p0,101,1,subject101_client1,12192,3,walking,2274.13
1.0,alpha1p0,101,1,subject101_client1,12193,3,walking,2275.41
1.0,alpha1p0,101,1,subject101_client1,12194,3,walking,2276.69
1.0,alpha1p0,101,1,subject101_client1,12195,3,walking,2277.97
1.0,alpha1p0,101,1,subject101_client1,12196,3,walking,2279.25
1.0,alpha1p0,101,1,subject101_client1,12197,3,walking,2280.53
1.0,alpha1p0,101,1,subject101_client1,12198,3,walking,2281.81
1.0,alpha1p0,101,1,subject101_client1,12199,3,walking,2283.09
1.0,alpha1p0,101,1,subject101_client1,12200,3,walking,2284.37
1.0,alpha1p0,101,1,subject101_client1,12201,3,walking,2285.65
1.0,alpha1p0,101,1,subject101_client1,12202,3,walking,2286.93
1.0,alpha1p0,101,1,subject101_client1,12203,3,walking,2288.21
1.0,alpha1p0,101,1,subject101_client1,12204,3,walking,2289.49
1.0,alpha1p0,101,1,subject101_client1,12205,3,walking,2290.77
1.0,alpha1p0,101,1,subject101_client1,12206,3,walking,2292.05
1.0,alpha1p0,101,1,subject101_client1,12207,3,walking,2293.33
1.0,alpha1p0,101,1,subject101_client1,12208,3,walking,2294.61
1.0,alpha1p0,101,3,subject101_client3,12210,3,walking,2297.17
1.0,alpha1p0,101,3,subject101_client3,12211,3,walking,2298.45
1.0,alpha1p0,101,3,subject101_client3,12212,3,walking,2299.73
1.0,alpha1p0,101,3,subject101_client3,12213,3,walking,2301.01
1.0,alpha1p0,101,3,subject101_client3,12214,3,walking,2302.29
1.0,alpha1p0,101,3,subject101_client3,12215,3,walking,2303.57
1.0,alpha1p0,101,3,subject101_client3,12216,3,walking,2304.85
1.0,alpha1p0,101,3,subject101_client3,12217,3,walking,2306.13
1.0,alpha1p0,101,3,subject101_client3,12218,3,walking,2307.41
1.0,alpha1p0,101,3,subject101_client3,12219,3,walking,2308.69
1.0,alpha1p0,101,3,subject101_client3,12220,3,walking,2309.97
1.0,alpha1p0,101,3,subject101_client3,12221,3,walking,2311.25
1.0,alpha1p0,101,3,subject101_client3,12222,3,walking,2312.53
1.0,alpha1p0,101,3,subject101_client3,12223,3,walking,2313.81
1.0,alpha1p0,101,3,subject101_client3,12224,3,walking,2315.09
1.0,alpha1p0,101,3,subject101_client3,12225,3,walking,2316.37
1.0,alpha1p0,101,3,subject101_client3,12226,3,walking,2317.65
1.0,alpha1p0,101,3,subject101_client3,12227,3,walking,2318.93
1.0,alpha1p0,101,3,subject101_client3,12228,3,walking,2320.21
1.0,alpha1p0,101,3,subject101_client3,12229,3,walking,2321.49
1.0,alpha1p0,101,3,subject101_client3,12230,3,walking,2322.77
1.0,alpha1p0,101,3,subject101_client3,12231,3,walking,2324.05
1.0,alpha1p0,101,3,subject101_client3,12232,3,walking,2325.33
1.0,alpha1p0,101,3,subject101_client3,12233,3,walking,2326.61
1.0,alpha1p0,101,3,subject101_client3,12234,3,walking,2327.89
1.0,alpha1p0,101,3,subject101_client3,12235,3,walking,2329.17
1.0,alpha1p0,101,3,subject101_client3,12236,3,walking,2330.45
1.0,alpha1p0,101,3,subject101_client3,12237,3,walking,2331.73
1.0,alpha1p0,101,3,subject101_client3,12238,3,walking,2333.01
1.0,alpha1p0,101,3,subject101_client3,12239,3,walking,2334.29
1.0,alpha1p0,101,3,subject101_client3,12240,3,walking,2335.57
1.0,alpha1p0,101,3,subject101_client3,12241,3,walking,2336.85
1.0,alpha1p0,101,3,subject101_client3,12242,3,walking,2338.13
1.0,alpha1p0,101,3,subject101_client3,12243,3,walking,2339.41
1.0,alpha1p0,101,3,subject101_client3,12244,3,walking,2340.69
1.0,alpha1p0,101,3,subject101_client3,12245,3,walking,2341.97
1.0,alpha1p0,101,3,subject101_client3,12246,3,walking,2343.25
1.0,alpha1p0,101,3,subject101_client3,12247,3,walking,2344.53
1.0,alpha1p0,101,3,subject101_client3,12248,3,walking,2345.81
1.0,alpha1p0,101,3,subject101_client3,12249,3,walking,2347.09
1.0,alpha1p0,101,3,subject101_client3,12250,3,walking,2348.37
1.0,alpha1p0,101,3,subject101_client3,12251,3,walking,2349.65
1.0,alpha1p0,101,3,subject101_client3,12252,3,walking,2350.93
1.0,alpha1p0,101,3,subject101_client3,12253,3,walking,2352.21
1.0,alpha1p0,101,3,subject101_client3,12254,3,walking,2353.49
1.0,alpha1p0,101,3,subject101_client3,12255,3,walking,2354.77
1.0,alpha1p0,101,3,subject101_client3,12256,3,walking,2356.05
1.0,alpha1p0,101,3,subject101_client3,12257,3,walking,2357.33
1.0,alpha1p0,101,3,subject101_client3,12258,3,walking,2358.61
1.0,alpha1p0,101,3,subject101_client3,12259,3,walking,2359.89
1.0,alpha1p0,101,3,subject101_client3,12260,3,walking,2361.17
1.0,alpha1p0,101,3,subject101_client3,12261,3,walking,2362.45
1.0,alpha1p0,101,3,subject101_client3,12262,3,walking,2363.73
1.0,alpha1p0,101,3,subject101_client3,12263,3,walking,2365.01
1.0,alpha1p0,101,3,subject101_client3,12264,3,walking,2366.29
1.0,alpha1p0,101,3,subject101_client3,12265,3,walking,2367.57
1.0,alpha1p0,101,3,subject101_client3,12266,3,walking,2368.85
1.0,alpha1p0,101,3,subject101_client3,12267,3,walking,2370.13
1.0,alpha1p0,101,3,subject101_client3,12268,3,walking,2371.41
1.0,alpha1p0,101,3,subject101_client3,12269,3,walking,2372.69
1.0,alpha1p0,101,3,subject101_client3,12270,3,walking,2373.97
1.0,alpha1p0,101,3,subject101_client3,12271,3,walking,2375.25
1.0,alpha1p0,101,3,subject101_client3,12272,3,walking,2376.53
1.0,alpha1p0,101,3,subject101_client3,12273,3,walking,2377.81
1.0,alpha1p0,101,3,subject101_client3,12274,3,walking,2379.09
1.0,alpha1p0,101,3,subject101_client3,12275,3,walking,2380.37
1.0,alpha1p0,101,3,subject101_client3,12276,3,walking,2381.65
1.0,alpha1p0,101,3,subject101_client3,12277,3,walking,2382.93
1.0,alpha1p0,101,3,subject101_client3,12278,3,walking,2384.21
1.0,alpha1p0,101,3,subject101_client3,12279,3,walking,2385.49
1.0,alpha1p0,101,3,subject101_client3,12280,3,walking,2386.77
1.0,alpha1p0,101,3,subject101_client3,12281,3,walking,2388.05
1.0,alpha1p0,101,3,subject101_client3,12282,3,walking,2389.33
1.0,alpha1p0,101,3,subject101_client3,12283,3,walking,2390.61
1.0,alpha1p0,101,3,subject101_client3,12284,3,walking,2391.89
1.0,alpha1p0,101,3,subject101_client3,12285,3,walking,2393.17
1.0,alpha1p0,101,3,subject101_client3,12286,3,walking,2394.45
1.0,alpha1p0,101,3,subject101_client3,12287,3,walking,2395.73
1.0,alpha1p0,101,3,subject101_client3,12288,3,walking,2397.01
1.0,alpha1p0,101,3,subject101_client3,12289,3,walking,2398.29
1.0,alpha1p0,101,3,subject101_client3,12290,3,walking,2399.57
1.0,alpha1p0,101,3,subject101_client3,12291,3,walking,2400.85
1.0,alpha1p0,101,3,subject101_client3,12292,3,walking,2402.13
1.0,alpha1p0,101,3,subject101_client3,12293,3,walking,2403.41
1.0,alpha1p0,101,3,subject101_client3,12294,3,walking,2404.69
1.0,alpha1p0,101,3,subject101_client3,12295,3,walking,2405.97
1.0,alpha1p0,101,3,subject101_client3,12296,3,walking,2407.25
1.0,alpha1p0,101,3,subject101_client3,12297,3,walking,2408.53
1.0,alpha1p0,101,3,subject101_client3,12298,3,walking,2409.81
1.0,alpha1p0,101,3,subject101_client3,12299,3,walking,2411.09
1.0,alpha1p0,101,3,subject101_client3,12300,3,walking,2412.37
1.0,alpha1p0,101,3,subject101_client3,12301,3,walking,2413.65
1.0,alpha1p0,101,3,subject101_client3,12302,3,walking,2414.93
1.0,alpha1p0,101,3,subject101_client3,12303,3,walking,2416.21
1.0,alpha1p0,101,3,subject101_client3,12304,3,walking,2417.49
1.0,alpha1p0,101,3,subject101_client3,12305,3,walking,2418.77
1.0,alpha1p0,101,3,subject101_client3,12306,3,walking,2420.05
1.0,alpha1p0,101,3,subject101_client3,12307,3,walking,2421.33
1.0,alpha1p0,101,3,subject101_client3,12308,3,walking,2422.61
1.0,alpha1p0,101,3,subject101_client3,12309,3,walking,2423.89
1.0,alpha1p0,101,3,subject101_client3,12310,3,walking,2425.17
1.0,alpha1p0,101,3,subject101_client3,12311,3,walking,2426.45
1.0,alpha1p0,101,3,subject101_client3,12312,3,walking,2427.73
1.0,alpha1p0,101,3,subject101_client3,12313,3,walking,2429.01
1.0,alpha1p0,101,3,subject101_client3,12314,3,walking,2430.29
1.0,alpha1p0,101,3,subject101_client3,12315,3,walking,2431.57
1.0,alpha1p0,101,3,subject101_client3,12316,3,walking,2432.85
1.0,alpha1p0,101,3,subject101_client3,12317,3,walking,2434.13
1.0,alpha1p0,101,3,subject101_client3,12318,3,walking,2435.41
1.0,alpha1p0,101,3,subject101_client3,12319,3,walking,2436.69
1.0,alpha1p0,101,3,subject101_client3,12320,3,walking,2437.97
1.0,alpha1p0,101,3,subject101_client3,12321,3,walking,2439.25
1.0,alpha1p0,101,3,subject101_client3,12322,3,walking,2440.53
1.0,alpha1p0,101,3,subject101_client3,12323,3,walking,2441.81
1.0,alpha1p0,101,3,subject101_client3,12324,3,walking,2443.09
1.0,alpha1p0,101,3,subject101_client3,12325,3,walking,2444.37
1.0,alpha1p0,101,3,subject101_client3,12326,3,walking,2445.65
1.0,alpha1p0,101,3,subject101_client3,12327,3,walking,2446.93
1.0,alpha1p0,101,3,subject101_client3,12328,3,walking,2448.21
1.0,alpha1p0,101,3,subject101_client3,12329,3,walking,2449.49
1.0,alpha1p0,101,3,subject101_client3,12330,3,walking,2450.77
1.0,alpha1p0,101,3,subject101_client3,12331,3,walking,2452.05
1.0,alpha1p0,101,3,subject101_client3,12332,3,walking,2453.33
1.0,alpha1p0,101,3,subject101_client3,12333,3,walking,2454.61
1.0,alpha1p0,101,3,subject101_client3,12334,3,walking,2455.89
1.0,alpha1p0,101,3,subject101_client3,12335,3,walking,2457.17
1.0,alpha1p0,101,3,subject101_client3,12336,3,walking,2458.45
1.0,alpha1p0,101,3,subject101_client3,12337,3,walking,2459.73
1.0,alpha1p0,101,3,subject101_client3,12338,3,walking,2461.01
1.0,alpha1p0,101,3,subject101_client3,12339,3,walking,2462.29
1.0,alpha1p0,101,3,subject101_client3,12340,3,walking,2463.57
1.0,alpha1p0,101,3,subject101_client3,12341,3,walking,2464.85
1.0,alpha1p0,101,0,subject101_client0,12342,6,Nordic walking,2540.13
1.0,alpha1p0,101,0,subject101_client0,12343,6,Nordic walking,2541.41
1.0,alpha1p0,101,0,subject101_client0,12344,6,Nordic walking,2542.69
1.0,alpha1p0,101,0,subject101_client0,12345,6,Nordic walking,2543.97
1.0,alpha1p0,101,0,subject101_client0,12346,6,Nordic walking,2545.25
1.0,alpha1p0,101,0,subject101_client0,12347,6,Nordic walking,2546.53
1.0,alpha1p0,101,0,subject101_client0,12348,6,Nordic walking,2547.81
1.0,alpha1p0,101,0,subject101_client0,12349,6,Nordic walking,2549.09
1.0,alpha1p0,101,0,subject101_client0,12350,6,Nordic walking,2550.37
1.0,alpha1p0,101,0,subject101_client0,12351,6,Nordic walking,2551.65
1.0,alpha1p0,101,0,subject101_client0,12352,6,Nordic walking,2552.93
1.0,alpha1p0,101,0,subject101_client0,12353,6,Nordic walking,2554.21
1.0,alpha1p0,101,0,subject101_client0,12354,6,Nordic walking,2555.49
1.0,alpha1p0,101,0,subject101_client0,12355,6,Nordic walking,2556.77
1.0,alpha1p0,101,0,subject101_client0,12356,6,Nordic walking,2558.05
1.0,alpha1p0,101,0,subject101_client0,12357,6,Nordic walking,2559.33
1.0,alpha1p0,101,0,subject101_client0,12358,6,Nordic walking,2560.61
1.0,alpha1p0,101,0,subject101_client0,12359,6,Nordic walking,2561.89
1.0,alpha1p0,101,0,subject101_client0,12360,6,Nordic walking,2563.17
1.0,alpha1p0,101,0,subject101_client0,12361,6,Nordic walking,2564.45
1.0,alpha1p0,101,0,subject101_client0,12362,6,Nordic walking,2565.73
1.0,alpha1p0,101,0,subject101_client0,12363,6,Nordic walking,2567.01
1.0,alpha1p0,101,0,subject101_client0,12364,6,Nordic walking,2568.29
1.0,alpha1p0,101,0,subject101_client0,12365,6,Nordic walking,2569.57
1.0,alpha1p0,101,0,subject101_client0,12366,6,Nordic walking,2570.85
1.0,alpha1p0,101,0,subject101_client0,12367,6,Nordic walking,2572.13
1.0,alpha1p0,101,0,subject101_client0,12368,6,Nordic walking,2573.41
1.0,alpha1p0,101,0,subject101_client0,12369,6,Nordic walking,2574.69
1.0,alpha1p0,101,0,subject101_client0,12370,6,Nordic walking,2575.97
1.0,alpha1p0,101,0,subject101_client0,12371,6,Nordic walking,2577.25
1.0,alpha1p0,101,0,subject101_client0,12372,6,Nordic walking,2578.53
1.0,alpha1p0,101,0,subject101_client0,12373,6,Nordic walking,2579.81
1.0,alpha1p0,101,0,subject101_client0,12374,6,Nordic walking,2581.09
1.0,alpha1p0,101,0,subject101_client0,12375,6,Nordic walking,2582.37
1.0,alpha1p0,101,0,subject101_client0,12376,6,Nordic walking,2583.65
1.0,alpha1p0,101,0,subject101_client0,12377,6,Nordic walking,2584.93
1.0,alpha1p0,101,0,subject101_client0,12378,6,Nordic walking,2586.21
1.0,alpha1p0,101,0,subject101_client0,12379,6,Nordic walking,2587.49
1.0,alpha1p0,101,0,subject101_client0,12380,6,Nordic walking,2588.77
1.0,alpha1p0,101,0,subject101_client0,12381,6,Nordic walking,2590.05
1.0,alpha1p0,101,0,subject101_client0,12382,6,Nordic walking,2591.33
1.0,alpha1p0,101,0,subject101_client0,12383,6,Nordic walking,2592.61
1.0,alpha1p0,101,0,subject101_client0,12384,6,Nordic walking,2593.89
1.0,alpha1p0,101,0,subject101_client0,12385,6,Nordic walking,2595.17
1.0,alpha1p0,101,0,subject101_client0,12386,6,Nordic walking,2596.45
1.0,alpha1p0,101,0,subject101_client0,12387,6,Nordic walking,2597.73
1.0,alpha1p0,101,0,subject101_client0,12388,6,Nordic walking,2599.01
1.0,alpha1p0,101,2,subject101_client2,12390,6,Nordic walking,2601.57
1.0,alpha1p0,101,2,subject101_client2,12391,6,Nordic walking,2602.85
1.0,alpha1p0,101,2,subject101_client2,12392,6,Nordic walking,2604.13
1.0,alpha1p0,101,2,subject101_client2,12393,6,Nordic walking,2605.41
1.0,alpha1p0,101,2,subject101_client2,12394,6,Nordic walking,2606.69
1.0,alpha1p0,101,2,subject101_client2,12395,6,Nordic walking,2607.97
1.0,alpha1p0,101,2,subject101_client2,12396,6,Nordic walking,2609.25
1.0,alpha1p0,101,2,subject101_client2,12397,6,Nordic walking,2610.53
1.0,alpha1p0,101,2,subject101_client2,12398,6,Nordic walking,2611.81
1.0,alpha1p0,101,2,subject101_client2,12399,6,Nordic walking,2613.09
1.0,alpha1p0,101,3,subject101_client3,12401,6,Nordic walking,2615.65
1.0,alpha1p0,101,3,subject101_client3,12402,6,Nordic walking,2616.93
1.0,alpha1p0,101,3,subject101_client3,12403,6,Nordic walking,2618.21
1.0,alpha1p0,101,3,subject101_client3,12404,6,Nordic walking,2619.49
1.0,alpha1p0,101,3,subject101_client3,12405,6,Nordic walking,2620.77
1.0,alpha1p0,101,3,subject101_client3,12406,6,Nordic walking,2622.05
1.0,alpha1p0,101,3,subject101_client3,12407,6,Nordic walking,2623.33
1.0,alpha1p0,101,3,subject101_client3,12408,6,Nordic walking,2624.61
1.0,alpha1p0,101,3,subject101_client3,12409,6,Nordic walking,2625.89
1.0,alpha1p0,101,3,subject101_client3,12410,6,Nordic walking,2627.17
1.0,alpha1p0,101,3,subject101_client3,12411,6,Nordic walking,2628.45
1.0,alpha1p0,101,3,subject101_client3,12412,6,Nordic walking,2629.73
1.0,alpha1p0,101,3,subject101_client3,12413,6,Nordic walking,2631.01
1.0,alpha1p0,101,3,subject101_client3,12414,6,Nordic walking,2632.29
1.0,alpha1p0,101,3,subject101_client3,12415,6,Nordic walking,2633.57
1.0,alpha1p0,101,3,subject101_client3,12416,6,Nordic walking,2634.85
1.0,alpha1p0,101,3,subject101_client3,12417,6,Nordic walking,2636.13
1.0,alpha1p0,101,3,subject101_client3,12418,6,Nordic walking,2637.41
1.0,alpha1p0,101,3,subject101_client3,12419,6,Nordic walking,2638.69
1.0,alpha1p0,101,3,subject101_client3,12420,6,Nordic walking,2639.97
1.0,alpha1p0,101,3,subject101_client3,12421,6,Nordic walking,2641.25
1.0,alpha1p0,101,3,subject101_client3,12422,6,Nordic walking,2642.53
1.0,alpha1p0,101,3,subject101_client3,12423,6,Nordic walking,2643.81
1.0,alpha1p0,101,3,subject101_client3,12424,6,Nordic walking,2645.09
1.0,alpha1p0,101,3,subject101_client3,12425,6,Nordic walking,2646.37
1.0,alpha1p0,101,3,subject101_client3,12426,6,Nordic walking,2647.65
1.0,alpha1p0,101,3,subject101_client3,12427,6,Nordic walking,2648.93
1.0,alpha1p0,101,3,subject101_client3,12428,6,Nordic walking,2650.21
1.0,alpha1p0,101,3,subject101_client3,12429,6,Nordic walking,2651.49
1.0,alpha1p0,101,3,subject101_client3,12430,6,Nordic walking,2652.77
1.0,alpha1p0,101,3,subject101_client3,12431,6,Nordic walking,2654.05
1.0,alpha1p0,101,3,subject101_client3,12432,6,Nordic walking,2655.33
1.0,alpha1p0,101,3,subject101_client3,12433,6,Nordic walking,2656.61
1.0,alpha1p0,101,3,subject101_client3,12434,6,Nordic walking,2657.89
1.0,alpha1p0,101,3,subject101_client3,12435,6,Nordic walking,2659.17
1.0,alpha1p0,101,3,subject101_client3,12436,6,Nordic walking,2660.45
1.0,alpha1p0,101,3,subject101_client3,12437,6,Nordic walking,2661.73
1.0,alpha1p0,101,3,subject101_client3,12438,6,Nordic walking,2663.01
1.0,alpha1p0,101,3,subject101_client3,12439,6,Nordic walking,2664.29
1.0,alpha1p0,101,3,subject101_client3,12440,6,Nordic walking,2665.57
1.0,alpha1p0,101,3,subject101_client3,12441,6,Nordic walking,2666.85
1.0,alpha1p0,101,3,subject101_client3,12442,6,Nordic walking,2668.13
1.0,alpha1p0,101,3,subject101_client3,12443,6,Nordic walking,2669.41
1.0,alpha1p0,101,3,subject101_client3,12444,6,Nordic walking,2670.69
1.0,alpha1p0,101,3,subject101_client3,12445,6,Nordic walking,2671.97
1.0,alpha1p0,101,3,subject101_client3,12446,6,Nordic walking,2673.25
1.0,alpha1p0,101,3,subject101_client3,12447,6,Nordic walking,2674.53
1.0,alpha1p0,101,3,subject101_client3,12448,6,Nordic walking,2675.81
1.0,alpha1p0,101,3,subject101_client3,12449,6,Nordic walking,2677.09
1.0,alpha1p0,101,3,subject101_client3,12450,6,Nordic walking,2678.37
1.0,alpha1p0,101,3,subject101_client3,12451,6,Nordic walking,2679.65
1.0,alpha1p0,101,3,subject101_client3,12452,6,Nordic walking,2680.93
1.0,alpha1p0,101,3,subject101_client3,12453,6,Nordic walking,2682.21
1.0,alpha1p0,101,3,subject101_client3,12454,6,Nordic walking,2683.49
1.0,alpha1p0,101,3,subject101_client3,12455,6,Nordic walking,2684.77
1.0,alpha1p0,101,3,subject101_client3,12456,6,Nordic walking,2686.05
1.0,alpha1p0,101,3,subject101_client3,12457,6,Nordic walking,2687.33
1.0,alpha1p0,101,3,subject101_client3,12458,6,Nordic walking,2688.61
1.0,alpha1p0,101,3,subject101_client3,12459,6,Nordic walking,2689.89
1.0,alpha1p0,101,3,subject101_client3,12460,6,Nordic walking,2691.17
1.0,alpha1p0,101,3,subject101_client3,12461,6,Nordic walking,2692.45
1.0,alpha1p0,101,1,subject101_client1,12463,6,Nordic walking,2695.01
1.0,alpha1p0,101,1,subject101_client1,12464,6,Nordic walking,2696.29
1.0,alpha1p0,101,1,subject101_client1,12465,6,Nordic walking,2697.57
1.0,alpha1p0,101,1,subject101_client1,12466,6,Nordic walking,2698.85
1.0,alpha1p0,101,1,subject101_client1,12467,6,Nordic walking,2700.13
1.0,alpha1p0,101,1,subject101_client1,12468,6,Nordic walking,2701.41
1.0,alpha1p0,101,1,subject101_client1,12469,6,Nordic walking,2702.69
1.0,alpha1p0,101,1,subject101_client1,12470,6,Nordic walking,2703.97
1.0,alpha1p0,101,1,subject101_client1,12471,6,Nordic walking,2705.25
1.0,alpha1p0,101,1,subject101_client1,12472,6,Nordic walking,2706.53
1.0,alpha1p0,101,1,subject101_client1,12473,6,Nordic walking,2707.81
1.0,alpha1p0,101,1,subject101_client1,12474,6,Nordic walking,2709.09
1.0,alpha1p0,101,1,subject101_client1,12475,6,Nordic walking,2710.37
1.0,alpha1p0,101,1,subject101_client1,12476,6,Nordic walking,2711.65
1.0,alpha1p0,101,1,subject101_client1,12477,6,Nordic walking,2712.93
1.0,alpha1p0,101,1,subject101_client1,12478,6,Nordic walking,2714.21
1.0,alpha1p0,101,1,subject101_client1,12479,6,Nordic walking,2715.49
1.0,alpha1p0,101,1,subject101_client1,12480,6,Nordic walking,2716.77
1.0,alpha1p0,101,1,subject101_client1,12481,6,Nordic walking,2718.05
1.0,alpha1p0,101,1,subject101_client1,12482,6,Nordic walking,2719.33
1.0,alpha1p0,101,1,subject101_client1,12483,6,Nordic walking,2720.61
1.0,alpha1p0,101,1,subject101_client1,12484,6,Nordic walking,2721.89
1.0,alpha1p0,101,1,subject101_client1,12485,6,Nordic walking,2723.17
1.0,alpha1p0,101,1,subject101_client1,12486,6,Nordic walking,2724.45
1.0,alpha1p0,101,1,subject101_client1,12487,6,Nordic walking,2725.73
1.0,alpha1p0,101,1,subject101_client1,12488,6,Nordic walking,2727.01
1.0,alpha1p0,101,1,subject101_client1,12489,6,Nordic walking,2728.29
1.0,alpha1p0,101,1,subject101_client1,12490,6,Nordic walking,2729.57
1.0,alpha1p0,101,1,subject101_client1,12491,6,Nordic walking,2730.85
1.0,alpha1p0,101,1,subject101_client1,12492,6,Nordic walking,2732.13
1.0,alpha1p0,101,1,subject101_client1,12493,6,Nordic walking,2733.41
1.0,alpha1p0,101,1,subject101_client1,12494,6,Nordic walking,2734.69
1.0,alpha1p0,101,1,subject101_client1,12495,6,Nordic walking,2735.97
1.0,alpha1p0,101,1,subject101_client1,12496,6,Nordic walking,2737.25
1.0,alpha1p0,101,1,subject101_client1,12497,6,Nordic walking,2738.53
1.0,alpha1p0,101,1,subject101_client1,12498,6,Nordic walking,2739.81
1.0,alpha1p0,101,3,subject101_client3,12499,5,cycling,2839.34
1.0,alpha1p0,101,3,subject101_client3,12500,5,cycling,2840.62
1.0,alpha1p0,101,3,subject101_client3,12501,5,cycling,2841.9
1.0,alpha1p0,101,3,subject101_client3,12502,5,cycling,2843.18
1.0,alpha1p0,101,3,subject101_client3,12503,5,cycling,2844.46
1.0,alpha1p0,101,3,subject101_client3,12504,5,cycling,2845.74
1.0,alpha1p0,101,3,subject101_client3,12505,5,cycling,2847.02
1.0,alpha1p0,101,3,subject101_client3,12506,5,cycling,2848.3
1.0,alpha1p0,101,3,subject101_client3,12507,5,cycling,2849.58
1.0,alpha1p0,101,3,subject101_client3,12508,5,cycling,2850.86
1.0,alpha1p0,101,3,subject101_client3,12509,5,cycling,2852.14
1.0,alpha1p0,101,3,subject101_client3,12510,5,cycling,2853.42
1.0,alpha1p0,101,3,subject101_client3,12511,5,cycling,2854.7
1.0,alpha1p0,101,3,subject101_client3,12512,5,cycling,2855.98
1.0,alpha1p0,101,3,subject101_client3,12513,5,cycling,2857.26
1.0,alpha1p0,101,3,subject101_client3,12514,5,cycling,2858.54
1.0,alpha1p0,101,3,subject101_client3,12515,5,cycling,2859.82
1.0,alpha1p0,101,3,subject101_client3,12516,5,cycling,2861.1
1.0,alpha1p0,101,3,subject101_client3,12517,5,cycling,2862.38
1.0,alpha1p0,101,3,subject101_client3,12518,5,cycling,2863.66
1.0,alpha1p0,101,3,subject101_client3,12519,5,cycling,2864.94
1.0,alpha1p0,101,3,subject101_client3,12520,5,cycling,2866.22
1.0,alpha1p0,101,3,subject101_client3,12521,5,cycling,2867.5
1.0,alpha1p0,101,3,subject101_client3,12522,5,cycling,2868.78
1.0,alpha1p0,101,3,subject101_client3,12523,5,cycling,2870.06
1.0,alpha1p0,101,3,subject101_client3,12524,5,cycling,2871.34
1.0,alpha1p0,101,3,subject101_client3,12525,5,cycling,2872.62
1.0,alpha1p0,101,3,subject101_client3,12526,5,cycling,2873.9
1.0,alpha1p0,101,3,subject101_client3,12527,5,cycling,2875.18
1.0,alpha1p0,101,3,subject101_client3,12528,5,cycling,2876.46
1.0,alpha1p0,101,3,subject101_client3,12529,5,cycling,2877.74
1.0,alpha1p0,101,3,subject101_client3,12530,5,cycling,2879.02
1.0,alpha1p0,101,3,subject101_client3,12531,5,cycling,2880.3
1.0,alpha1p0,101,3,subject101_client3,12532,5,cycling,2881.58
1.0,alpha1p0,101,3,subject101_client3,12533,5,cycling,2882.86
1.0,alpha1p0,101,3,subject101_client3,12534,5,cycling,2884.14
1.0,alpha1p0,101,3,subject101_client3,12535,5,cycling,2885.42
1.0,alpha1p0,101,3,subject101_client3,12536,5,cycling,2886.7
1.0,alpha1p0,101,3,subject101_client3,12537,5,cycling,2887.98
1.0,alpha1p0,101,3,subject101_client3,12538,5,cycling,2889.26
1.0,alpha1p0,101,3,subject101_client3,12539,5,cycling,2890.54
1.0,alpha1p0,101,3,subject101_client3,12540,5,cycling,2891.82
1.0,alpha1p0,101,3,subject101_client3,12541,5,cycling,2893.1
1.0,alpha1p0,101,3,subject101_client3,12542,5,cycling,2894.38
1.0,alpha1p0,101,3,subject101_client3,12543,5,cycling,2895.66
1.0,alpha1p0,101,3,subject101_client3,12544,5,cycling,2896.94
1.0,alpha1p0,101,3,subject101_client3,12545,5,cycling,2898.22
1.0,alpha1p0,101,3,subject101_client3,12546,5,cycling,2899.5
1.0,alpha1p0,101,3,subject101_client3,12547,5,cycling,2900.78
1.0,alpha1p0,101,3,subject101_client3,12548,5,cycling,2902.06
1.0,alpha1p0,101,3,subject101_client3,12549,5,cycling,2903.34
1.0,alpha1p0,101,3,subject101_client3,12550,5,cycling,2904.62
1.0,alpha1p0,101,3,subject101_client3,12551,5,cycling,2905.9
1.0,alpha1p0,101,0,subject101_client0,12553,5,cycling,2908.46
1.0,alpha1p0,101,0,subject101_client0,12554,5,cycling,2909.74
1.0,alpha1p0,101,0,subject101_client0,12555,5,cycling,2911.02
1.0,alpha1p0,101,0,subject101_client0,12556,5,cycling,2912.3
1.0,alpha1p0,101,0,subject101_client0,12557,5,cycling,2913.58
1.0,alpha1p0,101,0,subject101_client0,12558,5,cycling,2914.86
1.0,alpha1p0,101,0,subject101_client0,12559,5,cycling,2916.14
1.0,alpha1p0,101,0,subject101_client0,12560,5,cycling,2917.42
1.0,alpha1p0,101,0,subject101_client0,12561,5,cycling,2918.7
1.0,alpha1p0,101,1,subject101_client1,12563,5,cycling,2921.26
1.0,alpha1p0,101,1,subject101_client1,12564,5,cycling,2922.54
1.0,alpha1p0,101,2,subject101_client2,12566,5,cycling,2925.1
1.0,alpha1p0,101,2,subject101_client2,12567,5,cycling,2926.38
1.0,alpha1p0,101,2,subject101_client2,12568,5,cycling,2927.66
1.0,alpha1p0,101,2,subject101_client2,12569,5,cycling,2928.94
1.0,alpha1p0,101,2,subject101_client2,12570,5,cycling,2930.22
1.0,alpha1p0,101,2,subject101_client2,12571,5,cycling,2931.5
1.0,alpha1p0,101,2,subject101_client2,12572,5,cycling,2932.78
1.0,alpha1p0,101,2,subject101_client2,12573,5,cycling,2934.06
1.0,alpha1p0,101,2,subject101_client2,12574,5,cycling,2935.34
1.0,alpha1p0,101,2,subject101_client2,12575,5,cycling,2936.62
1.0,alpha1p0,101,2,subject101_client2,12576,5,cycling,2937.9
1.0,alpha1p0,101,2,subject101_client2,12577,5,cycling,2939.18
1.0,alpha1p0,101,2,subject101_client2,12578,5,cycling,2940.46
1.0,alpha1p0,101,2,subject101_client2,12579,5,cycling,2941.74
1.0,alpha1p0,101,2,subject101_client2,12580,5,cycling,2943.02
1.0,alpha1p0,101,2,subject101_client2,12581,5,cycling,2944.3
1.0,alpha1p0,101,2,subject101_client2,12582,5,cycling,2945.58
1.0,alpha1p0,101,2,subject101_client2,12583,5,cycling,2946.86
1.0,alpha1p0,101,2,subject101_client2,12584,5,cycling,2948.14
1.0,alpha1p0,101,2,subject101_client2,12585,5,cycling,2949.42
1.0,alpha1p0,101,2,subject101_client2,12586,5,cycling,2950.7
1.0,alpha1p0,101,2,subject101_client2,12587,5,cycling,2951.98
1.0,alpha1p0,101,2,subject101_client2,12588,5,cycling,2953.26
1.0,alpha1p0,101,2,subject101_client2,12589,5,cycling,2954.54
1.0,alpha1p0,101,2,subject101_client2,12590,5,cycling,2955.82
1.0,alpha1p0,101,2,subject101_client2,12591,5,cycling,2957.1
1.0,alpha1p0,101,2,subject101_client2,12592,5,cycling,2958.38
1.0,alpha1p0,101,2,subject101_client2,12593,5,cycling,2959.66
1.0,alpha1p0,101,2,subject101_client2,12594,5,cycling,2960.94
1.0,alpha1p0,101,2,subject101_client2,12595,5,cycling,2962.22
1.0,alpha1p0,101,2,subject101_client2,12596,5,cycling,2963.5
1.0,alpha1p0,101,2,subject101_client2,12597,5,cycling,2964.78
1.0,alpha1p0,101,2,subject101_client2,12598,5,cycling,2966.06
1.0,alpha1p0,101,2,subject101_client2,12599,5,cycling,2967.34
1.0,alpha1p0,101,2,subject101_client2,12600,5,cycling,2968.62
1.0,alpha1p0,101,2,subject101_client2,12601,5,cycling,2969.9
1.0,alpha1p0,101,2,subject101_client2,12602,5,cycling,2971.18
1.0,alpha1p0,101,2,subject101_client2,12603,5,cycling,2972.46
1.0,alpha1p0,101,2,subject101_client2,12604,5,cycling,2973.74
1.0,alpha1p0,101,2,subject101_client2,12605,5,cycling,2975.02
1.0,alpha1p0,101,2,subject101_client2,12606,5,cycling,2976.3
1.0,alpha1p0,101,2,subject101_client2,12607,5,cycling,2977.58
1.0,alpha1p0,101,2,subject101_client2,12608,5,cycling,2978.86
1.0,alpha1p0,101,2,subject101_client2,12609,5,cycling,2980.14
1.0,alpha1p0,101,2,subject101_client2,12610,5,cycling,2981.42
1.0,alpha1p0,101,2,subject101_client2,12611,5,cycling,2982.7
1.0,alpha1p0,101,2,subject101_client2,12612,5,cycling,2983.98
1.0,alpha1p0,101,2,subject101_client2,12613,5,cycling,2985.26
1.0,alpha1p0,101,2,subject101_client2,12614,5,cycling,2986.54
1.0,alpha1p0,101,2,subject101_client2,12615,5,cycling,2987.82
1.0,alpha1p0,101,2,subject101_client2,12616,5,cycling,2989.1
1.0,alpha1p0,101,2,subject101_client2,12617,5,cycling,2990.38
1.0,alpha1p0,101,2,subject101_client2,12618,5,cycling,2991.66
1.0,alpha1p0,101,2,subject101_client2,12619,5,cycling,2992.94
1.0,alpha1p0,101,2,subject101_client2,12620,5,cycling,2994.22
1.0,alpha1p0,101,2,subject101_client2,12621,5,cycling,2995.5
1.0,alpha1p0,101,2,subject101_client2,12622,5,cycling,2996.78
1.0,alpha1p0,101,2,subject101_client2,12623,5,cycling,2998.06
1.0,alpha1p0,101,2,subject101_client2,12624,5,cycling,2999.34
1.0,alpha1p0,101,2,subject101_client2,12625,5,cycling,3000.62
1.0,alpha1p0,101,2,subject101_client2,12626,5,cycling,3001.9
1.0,alpha1p0,101,2,subject101_client2,12627,5,cycling,3003.18
1.0,alpha1p0,101,2,subject101_client2,12628,5,cycling,3004.46
1.0,alpha1p0,101,2,subject101_client2,12629,5,cycling,3005.74
1.0,alpha1p0,101,2,subject101_client2,12630,5,cycling,3007.02
1.0,alpha1p0,101,2,subject101_client2,12631,5,cycling,3008.3
1.0,alpha1p0,101,2,subject101_client2,12632,5,cycling,3009.58
1.0,alpha1p0,101,2,subject101_client2,12633,5,cycling,3010.86
1.0,alpha1p0,101,2,subject101_client2,12634,5,cycling,3012.14
1.0,alpha1p0,101,2,subject101_client2,12635,5,cycling,3013.42
1.0,alpha1p0,101,2,subject101_client2,12636,5,cycling,3014.7
1.0,alpha1p0,101,2,subject101_client2,12637,5,cycling,3015.98
1.0,alpha1p0,101,2,subject101_client2,12638,5,cycling,3017.26
1.0,alpha1p0,101,2,subject101_client2,12639,5,cycling,3018.54
1.0,alpha1p0,101,2,subject101_client2,12640,5,cycling,3019.82
1.0,alpha1p0,101,2,subject101_client2,12641,5,cycling,3021.1
1.0,alpha1p0,101,2,subject101_client2,12642,5,cycling,3022.38
1.0,alpha1p0,101,2,subject101_client2,12643,5,cycling,3023.66
1.0,alpha1p0,101,2,subject101_client2,12644,5,cycling,3024.94
1.0,alpha1p0,101,2,subject101_client2,12645,5,cycling,3026.22
1.0,alpha1p0,101,2,subject101_client2,12646,5,cycling,3027.5
1.0,alpha1p0,101,2,subject101_client2,12647,5,cycling,3028.78
1.0,alpha1p0,101,2,subject101_client2,12648,5,cycling,3030.06
1.0,alpha1p0,101,2,subject101_client2,12649,5,cycling,3031.34
1.0,alpha1p0,101,2,subject101_client2,12650,5,cycling,3032.62
1.0,alpha1p0,101,2,subject101_client2,12651,5,cycling,3033.9
1.0,alpha1p0,101,2,subject101_client2,12652,5,cycling,3035.18
1.0,alpha1p0,101,2,subject101_client2,12653,5,cycling,3036.46
1.0,alpha1p0,101,2,subject101_client2,12654,5,cycling,3037.74
1.0,alpha1p0,101,2,subject101_client2,12655,5,cycling,3039.02
1.0,alpha1p0,101,2,subject101_client2,12656,5,cycling,3040.3
1.0,alpha1p0,101,2,subject101_client2,12657,5,cycling,3041.58
1.0,alpha1p0,101,2,subject101_client2,12658,5,cycling,3042.86
1.0,alpha1p0,101,2,subject101_client2,12659,5,cycling,3044.14
1.0,alpha1p0,101,2,subject101_client2,12660,5,cycling,3045.42
1.0,alpha1p0,101,2,subject101_client2,12661,5,cycling,3046.7
1.0,alpha1p0,101,2,subject101_client2,12662,5,cycling,3047.98
1.0,alpha1p0,101,2,subject101_client2,12663,5,cycling,3049.26
1.0,alpha1p0,101,2,subject101_client2,12664,5,cycling,3050.54
1.0,alpha1p0,101,2,subject101_client2,12665,5,cycling,3051.82
1.0,alpha1p0,101,2,subject101_client2,12666,5,cycling,3053.1
1.0,alpha1p0,101,2,subject101_client2,12667,5,cycling,3054.38
1.0,alpha1p0,101,2,subject101_client2,12668,5,cycling,3055.66
1.0,alpha1p0,101,2,subject101_client2,12669,5,cycling,3056.94
1.0,alpha1p0,101,2,subject101_client2,12670,5,cycling,3058.22
1.0,alpha1p0,101,2,subject101_client2,12671,5,cycling,3059.5
1.0,alpha1p0,101,2,subject101_client2,12672,5,cycling,3060.78
1.0,alpha1p0,101,2,subject101_client2,12673,5,cycling,3062.06
1.0,alpha1p0,101,2,subject101_client2,12674,5,cycling,3063.34
1.0,alpha1p0,101,2,subject101_client2,12675,5,cycling,3064.62
1.0,alpha1p0,101,2,subject101_client2,12676,5,cycling,3065.9
1.0,alpha1p0,101,2,subject101_client2,12677,5,cycling,3067.18
1.0,alpha1p0,101,2,subject101_client2,12678,5,cycling,3068.46
1.0,alpha1p0,101,2,subject101_client2,12679,5,cycling,3069.74
1.0,alpha1p0,101,2,subject101_client2,12680,5,cycling,3071.02
1.0,alpha1p0,101,2,subject101_client2,12681,5,cycling,3072.3
1.0,alpha1p0,101,3,subject101_client3,12682,4,running,3135.8
1.0,alpha1p0,101,3,subject101_client3,12683,4,running,3137.08
1.0,alpha1p0,101,3,subject101_client3,12684,4,running,3138.36
1.0,alpha1p0,101,3,subject101_client3,12685,4,running,3139.64
1.0,alpha1p0,101,3,subject101_client3,12686,4,running,3140.92
1.0,alpha1p0,101,3,subject101_client3,12687,4,running,3142.2
1.0,alpha1p0,101,3,subject101_client3,12688,4,running,3143.48
1.0,alpha1p0,101,3,subject101_client3,12689,4,running,3144.76
1.0,alpha1p0,101,3,subject101_client3,12690,4,running,3146.04
1.0,alpha1p0,101,3,subject101_client3,12691,4,running,3147.32
1.0,alpha1p0,101,3,subject101_client3,12692,4,running,3148.6
1.0,alpha1p0,101,3,subject101_client3,12693,4,running,3149.88
1.0,alpha1p0,101,3,subject101_client3,12694,4,running,3151.16
1.0,alpha1p0,101,3,subject101_client3,12695,4,running,3152.44
1.0,alpha1p0,101,3,subject101_client3,12696,4,running,3153.72
1.0,alpha1p0,101,3,subject101_client3,12697,4,running,3155.0
1.0,alpha1p0,101,3,subject101_client3,12698,4,running,3156.28
1.0,alpha1p0,101,3,subject101_client3,12699,4,running,3157.56
1.0,alpha1p0,101,3,subject101_client3,12700,4,running,3158.84
1.0,alpha1p0,101,3,subject101_client3,12701,4,running,3160.12
1.0,alpha1p0,101,3,subject101_client3,12702,4,running,3161.4
1.0,alpha1p0,101,3,subject101_client3,12703,4,running,3162.68
1.0,alpha1p0,101,3,subject101_client3,12704,4,running,3163.96
1.0,alpha1p0,101,0,subject101_client0,12706,4,running,3166.52
1.0,alpha1p0,101,0,subject101_client0,12707,4,running,3167.8
1.0,alpha1p0,101,0,subject101_client0,12708,4,running,3169.08
1.0,alpha1p0,101,0,subject101_client0,12709,4,running,3170.36
1.0,alpha1p0,101,0,subject101_client0,12710,4,running,3171.64
1.0,alpha1p0,101,0,subject101_client0,12711,4,running,3172.92
1.0,alpha1p0,101,0,subject101_client0,12712,4,running,3174.2
1.0,alpha1p0,101,0,subject101_client0,12713,4,running,3175.48
1.0,alpha1p0,101,0,subject101_client0,12714,4,running,3176.76
1.0,alpha1p0,101,0,subject101_client0,12715,4,running,3178.04
1.0,alpha1p0,101,0,subject101_client0,12716,4,running,3179.32
1.0,alpha1p0,101,0,subject101_client0,12717,4,running,3180.6
1.0,alpha1p0,101,0,subject101_client0,12718,4,running,3181.88
1.0,alpha1p0,101,0,subject101_client0,12719,4,running,3183.16
1.0,alpha1p0,101,2,subject101_client2,12721,4,running,3185.72
1.0,alpha1p0,101,2,subject101_client2,12722,4,running,3187.0
1.0,alpha1p0,101,2,subject101_client2,12723,4,running,3188.28
1.0,alpha1p0,101,2,subject101_client2,12724,4,running,3189.56
1.0,alpha1p0,101,2,subject101_client2,12725,4,running,3190.84
1.0,alpha1p0,101,2,subject101_client2,12726,4,running,3192.12
1.0,alpha1p0,101,2,subject101_client2,12727,4,running,3193.4
1.0,alpha1p0,101,2,subject101_client2,12728,4,running,3194.68
1.0,alpha1p0,101,2,subject101_client2,12729,4,running,3195.96
1.0,alpha1p0,101,2,subject101_client2,12730,4,running,3197.24
1.0,alpha1p0,101,2,subject101_client2,12731,4,running,3198.52
1.0,alpha1p0,101,2,subject101_client2,12732,4,running,3199.8
1.0,alpha1p0,101,2,subject101_client2,12733,4,running,3201.08
1.0,alpha1p0,101,2,subject101_client2,12734,4,running,3202.36
1.0,alpha1p0,101,2,subject101_client2,12735,4,running,3203.64
1.0,alpha1p0,101,2,subject101_client2,12736,4,running,3204.92
1.0,alpha1p0,101,2,subject101_client2,12737,4,running,3206.2
1.0,alpha1p0,101,2,subject101_client2,12738,4,running,3207.48
1.0,alpha1p0,101,2,subject101_client2,12739,4,running,3208.76
1.0,alpha1p0,101,2,subject101_client2,12740,4,running,3210.04
1.0,alpha1p0,101,2,subject101_client2,12741,4,running,3211.32
1.0,alpha1p0,101,2,subject101_client2,12742,4,running,3212.6
1.0,alpha1p0,101,2,subject101_client2,12743,4,running,3213.88
1.0,alpha1p0,101,2,subject101_client2,12744,4,running,3215.16
1.0,alpha1p0,101,2,subject101_client2,12745,4,running,3216.44
1.0,alpha1p0,101,2,subject101_client2,12746,4,running,3217.72
1.0,alpha1p0,101,2,subject101_client2,12747,4,running,3219.0
1.0,alpha1p0,101,2,subject101_client2,12748,4,running,3220.28
1.0,alpha1p0,101,2,subject101_client2,12749,4,running,3221.56
1.0,alpha1p0,101,2,subject101_client2,12750,4,running,3222.84
1.0,alpha1p0,101,2,subject101_client2,12751,4,running,3224.12
1.0,alpha1p0,101,2,subject101_client2,12752,4,running,3225.4
1.0,alpha1p0,101,2,subject101_client2,12753,4,running,3226.68
1.0,alpha1p0,101,2,subject101_client2,12754,4,running,3227.96
1.0,alpha1p0,101,2,subject101_client2,12755,4,running,3229.24
1.0,alpha1p0,101,2,subject101_client2,12756,4,running,3230.52
1.0,alpha1p0,101,2,subject101_client2,12757,4,running,3231.8
1.0,alpha1p0,101,2,subject101_client2,12758,4,running,3233.08
1.0,alpha1p0,101,2,subject101_client2,12759,4,running,3234.36
1.0,alpha1p0,101,2,subject101_client2,12760,4,running,3235.64
1.0,alpha1p0,101,2,subject101_client2,12761,4,running,3236.92
1.0,alpha1p0,101,2,subject101_client2,12762,4,running,3238.2
1.0,alpha1p0,101,2,subject101_client2,12763,4,running,3239.48
1.0,alpha1p0,101,2,subject101_client2,12764,4,running,3240.76
1.0,alpha1p0,101,2,subject101_client2,12765,4,running,3242.04
1.0,alpha1p0,101,2,subject101_client2,12766,4,running,3243.32
1.0,alpha1p0,101,2,subject101_client2,12767,4,running,3244.6
1.0,alpha1p0,101,2,subject101_client2,12768,4,running,3245.88
1.0,alpha1p0,101,2,subject101_client2,12769,4,running,3247.16
1.0,alpha1p0,101,2,subject101_client2,12770,4,running,3248.44
1.0,alpha1p0,101,2,subject101_client2,12771,4,running,3249.72
1.0,alpha1p0,101,2,subject101_client2,12772,4,running,3251.0
1.0,alpha1p0,101,2,subject101_client2,12773,4,running,3252.28
1.0,alpha1p0,101,2,subject101_client2,12774,4,running,3253.56
1.0,alpha1p0,101,2,subject101_client2,12775,4,running,3254.84
1.0,alpha1p0,101,2,subject101_client2,12776,4,running,3256.12
1.0,alpha1p0,101,2,subject101_client2,12777,4,running,3257.4
1.0,alpha1p0,101,2,subject101_client2,12778,4,running,3258.68
1.0,alpha1p0,101,2,subject101_client2,12779,4,running,3259.96
1.0,alpha1p0,101,2,subject101_client2,12780,4,running,3261.24
1.0,alpha1p0,101,2,subject101_client2,12781,4,running,3262.52
1.0,alpha1p0,101,2,subject101_client2,12782,4,running,3263.8
1.0,alpha1p0,101,2,subject101_client2,12783,4,running,3265.08
1.0,alpha1p0,101,2,subject101_client2,12784,4,running,3266.36
1.0,alpha1p0,101,2,subject101_client2,12785,4,running,3267.64
1.0,alpha1p0,101,2,subject101_client2,12786,4,running,3268.92
1.0,alpha1p0,101,2,subject101_client2,12787,4,running,3270.2
1.0,alpha1p0,101,2,subject101_client2,12788,4,running,3271.48
1.0,alpha1p0,101,2,subject101_client2,12789,4,running,3272.76
1.0,alpha1p0,101,2,subject101_client2,12790,4,running,3274.04
1.0,alpha1p0,101,2,subject101_client2,12791,4,running,3275.32
1.0,alpha1p0,101,2,subject101_client2,12792,4,running,3276.6
1.0,alpha1p0,101,2,subject101_client2,12793,4,running,3277.88
1.0,alpha1p0,101,2,subject101_client2,12794,4,running,3279.16
1.0,alpha1p0,101,2,subject101_client2,12795,4,running,3280.44
1.0,alpha1p0,101,2,subject101_client2,12796,4,running,3281.72
1.0,alpha1p0,101,2,subject101_client2,12797,4,running,3283.0
1.0,alpha1p0,101,2,subject101_client2,12798,4,running,3284.28
1.0,alpha1p0,101,2,subject101_client2,12799,4,running,3285.56
1.0,alpha1p0,101,2,subject101_client2,12800,4,running,3286.84
1.0,alpha1p0,101,2,subject101_client2,12801,4,running,3288.12
1.0,alpha1p0,101,2,subject101_client2,12802,4,running,3289.4
1.0,alpha1p0,101,2,subject101_client2,12803,4,running,3290.68
1.0,alpha1p0,101,2,subject101_client2,12804,4,running,3291.96
1.0,alpha1p0,101,2,subject101_client2,12805,4,running,3293.24
1.0,alpha1p0,101,2,subject101_client2,12806,4,running,3294.52
1.0,alpha1p0,101,2,subject101_client2,12807,4,running,3295.8
1.0,alpha1p0,101,2,subject101_client2,12808,4,running,3297.08
1.0,alpha1p0,101,1,subject101_client1,12810,4,running,3299.64
1.0,alpha1p0,101,1,subject101_client1,12811,4,running,3300.92
1.0,alpha1p0,101,1,subject101_client1,12812,4,running,3302.2
1.0,alpha1p0,101,1,subject101_client1,12813,4,running,3303.48
1.0,alpha1p0,101,1,subject101_client1,12814,4,running,3304.76
1.0,alpha1p0,101,1,subject101_client1,12815,4,running,3306.04
1.0,alpha1p0,101,1,subject101_client1,12816,4,running,3307.32
1.0,alpha1p0,101,1,subject101_client1,12817,4,running,3308.6
1.0,alpha1p0,101,1,subject101_client1,12818,4,running,3309.88
1.0,alpha1p0,101,1,subject101_client1,12819,4,running,3311.16
1.0,alpha1p0,101,1,subject101_client1,12820,4,running,3312.44
1.0,alpha1p0,101,1,subject101_client1,12821,4,running,3313.72
1.0,alpha1p0,101,1,subject101_client1,12822,4,running,3315.0
1.0,alpha1p0,101,1,subject101_client1,12823,4,running,3316.28
1.0,alpha1p0,101,1,subject101_client1,12824,4,running,3317.56
1.0,alpha1p0,101,1,subject101_client1,12825,4,running,3318.84
1.0,alpha1p0,101,1,subject101_client1,12826,4,running,3320.12
1.0,alpha1p0,101,1,subject101_client1,12827,4,running,3321.4
1.0,alpha1p0,101,1,subject101_client1,12828,4,running,3322.68
1.0,alpha1p0,101,1,subject101_client1,12829,4,running,3323.96
1.0,alpha1p0,101,1,subject101_client1,12830,4,running,3325.24
1.0,alpha1p0,101,1,subject101_client1,12831,4,running,3326.52
1.0,alpha1p0,101,1,subject101_client1,12832,4,running,3327.8
1.0,alpha1p0,101,1,subject101_client1,12833,4,running,3329.08
1.0,alpha1p0,101,1,subject101_client1,12834,4,running,3330.36
1.0,alpha1p0,101,1,subject101_client1,12835,4,running,3331.64
1.0,alpha1p0,101,1,subject101_client1,12836,4,running,3332.92
1.0,alpha1p0,101,1,subject101_client1,12837,4,running,3334.2
1.0,alpha1p0,101,1,subject101_client1,12838,4,running,3335.48
1.0,alpha1p0,101,1,subject101_client1,12839,4,running,3336.76
1.0,alpha1p0,101,1,subject101_client1,12840,4,running,3338.04
1.0,alpha1p0,101,1,subject101_client1,12841,4,running,3339.32
1.0,alpha1p0,101,1,subject101_client1,12842,4,running,3340.6
1.0,alpha1p0,101,1,subject101_client1,12843,4,running,3341.88
1.0,alpha1p0,101,1,subject101_client1,12844,4,running,3343.16
1.0,alpha1p0,101,1,subject101_client1,12845,4,running,3344.44
1.0,alpha1p0,101,1,subject101_client1,12846,4,running,3345.72
1.0,alpha1p0,101,0,subject101_client0,12847,11,rope jumping,3497.26
1.0,alpha1p0,101,0,subject101_client0,12848,11,rope jumping,3498.54
1.0,alpha1p0,101,0,subject101_client0,12849,11,rope jumping,3499.82
1.0,alpha1p0,101,0,subject101_client0,12850,11,rope jumping,3501.1
1.0,alpha1p0,101,0,subject101_client0,12851,11,rope jumping,3502.38
1.0,alpha1p0,101,0,subject101_client0,12852,11,rope jumping,3503.66
1.0,alpha1p0,101,0,subject101_client0,12853,11,rope jumping,3504.94
1.0,alpha1p0,101,0,subject101_client0,12854,11,rope jumping,3506.22
1.0,alpha1p0,101,0,subject101_client0,12855,11,rope jumping,3507.5
1.0,alpha1p0,101,0,subject101_client0,12856,11,rope jumping,3508.78
1.0,alpha1p0,101,0,subject101_client0,12857,11,rope jumping,3510.06
1.0,alpha1p0,101,0,subject101_client0,12858,11,rope jumping,3511.34
1.0,alpha1p0,101,0,subject101_client0,12859,11,rope jumping,3512.62
1.0,alpha1p0,101,0,subject101_client0,12860,11,rope jumping,3513.9
1.0,alpha1p0,101,0,subject101_client0,12861,11,rope jumping,3515.18
1.0,alpha1p0,101,0,subject101_client0,12862,11,rope jumping,3516.46
1.0,alpha1p0,101,0,subject101_client0,12863,11,rope jumping,3517.74
1.0,alpha1p0,101,0,subject101_client0,12864,11,rope jumping,3519.02
1.0,alpha1p0,101,0,subject101_client0,12865,11,rope jumping,3520.3
1.0,alpha1p0,101,0,subject101_client0,12866,11,rope jumping,3521.58
1.0,alpha1p0,101,0,subject101_client0,12867,11,rope jumping,3522.86
1.0,alpha1p0,101,3,subject101_client3,12869,11,rope jumping,3525.42
1.0,alpha1p0,101,3,subject101_client3,12870,11,rope jumping,3526.7
1.0,alpha1p0,101,3,subject101_client3,12871,11,rope jumping,3527.98
1.0,alpha1p0,101,3,subject101_client3,12872,11,rope jumping,3529.26
1.0,alpha1p0,101,3,subject101_client3,12873,11,rope jumping,3530.54
1.0,alpha1p0,101,3,subject101_client3,12874,11,rope jumping,3531.82
1.0,alpha1p0,101,3,subject101_client3,12875,11,rope jumping,3533.1
1.0,alpha1p0,101,3,subject101_client3,12876,11,rope jumping,3534.38
1.0,alpha1p0,101,3,subject101_client3,12877,11,rope jumping,3535.66
1.0,alpha1p0,101,3,subject101_client3,12878,11,rope jumping,3536.94
1.0,alpha1p0,101,3,subject101_client3,12879,11,rope jumping,3538.22
1.0,alpha1p0,101,3,subject101_client3,12880,11,rope jumping,3539.5
1.0,alpha1p0,101,3,subject101_client3,12881,11,rope jumping,3540.78
1.0,alpha1p0,101,3,subject101_client3,12882,11,rope jumping,3542.06
1.0,alpha1p0,101,3,subject101_client3,12883,11,rope jumping,3543.34
1.0,alpha1p0,101,1,subject101_client1,12885,11,rope jumping,3545.9
1.0,alpha1p0,101,1,subject101_client1,12886,11,rope jumping,3547.18
1.0,alpha1p0,101,1,subject101_client1,12887,11,rope jumping,3548.46
1.0,alpha1p0,101,1,subject101_client1,12888,11,rope jumping,3549.74
1.0,alpha1p0,101,1,subject101_client1,12889,11,rope jumping,3551.02
1.0,alpha1p0,101,1,subject101_client1,12890,11,rope jumping,3552.3
1.0,alpha1p0,101,1,subject101_client1,12891,11,rope jumping,3553.58
1.0,alpha1p0,101,1,subject101_client1,12892,11,rope jumping,3554.86
1.0,alpha1p0,101,1,subject101_client1,12893,11,rope jumping,3556.14
1.0,alpha1p0,101,1,subject101_client1,12894,11,rope jumping,3557.42
1.0,alpha1p0,101,1,subject101_client1,12895,11,rope jumping,3558.7
1.0,alpha1p0,101,1,subject101_client1,12896,11,rope jumping,3559.98
1.0,alpha1p0,101,1,subject101_client1,12897,11,rope jumping,3561.26
1.0,alpha1p0,101,1,subject101_client1,12898,11,rope jumping,3562.54
1.0,alpha1p0,101,1,subject101_client1,12899,11,rope jumping,3563.82
1.0,alpha1p0,101,1,subject101_client1,12900,11,rope jumping,3565.1
1.0,alpha1p0,101,1,subject101_client1,12901,11,rope jumping,3566.38
1.0,alpha1p0,101,1,subject101_client1,12902,11,rope jumping,3567.66
1.0,alpha1p0,101,1,subject101_client1,12903,11,rope jumping,3568.94
1.0,alpha1p0,101,1,subject101_client1,12904,11,rope jumping,3570.22
1.0,alpha1p0,101,2,subject101_client2,12906,11,rope jumping,3572.78
1.0,alpha1p0,101,2,subject101_client2,12907,11,rope jumping,3574.06
1.0,alpha1p0,101,2,subject101_client2,12908,11,rope jumping,3575.34
1.0,alpha1p0,101,2,subject101_client2,12909,11,rope jumping,3576.62
1.0,alpha1p0,101,2,subject101_client2,12910,11,rope jumping,3577.9
1.0,alpha1p0,101,2,subject101_client2,12911,11,rope jumping,3579.18
1.0,alpha1p0,101,2,subject101_client2,12912,11,rope jumping,3580.46
1.0,alpha1p0,101,2,subject101_client2,12913,11,rope jumping,3581.74
1.0,alpha1p0,101,2,subject101_client2,12914,11,rope jumping,3583.02
1.0,alpha1p0,101,2,subject101_client2,12915,11,rope jumping,3584.3
1.0,alpha1p0,101,2,subject101_client2,12916,11,rope jumping,3585.58
1.0,alpha1p0,101,2,subject101_client2,12917,11,rope jumping,3586.86
1.0,alpha1p0,101,2,subject101_client2,12918,11,rope jumping,3588.14
1.0,alpha1p0,101,2,subject101_client2,12919,11,rope jumping,3589.42
1.0,alpha1p0,101,2,subject101_client2,12920,11,rope jumping,3590.7
1.0,alpha1p0,101,2,subject101_client2,12921,11,rope jumping,3591.98
1.0,alpha1p0,101,2,subject101_client2,12922,11,rope jumping,3593.26
1.0,alpha1p0,101,2,subject101_client2,12923,11,rope jumping,3594.54
1.0,alpha1p0,101,2,subject101_client2,12924,11,rope jumping,3595.82
1.0,alpha1p0,101,2,subject101_client2,12925,11,rope jumping,3597.1
1.0,alpha1p0,101,2,subject101_client2,12926,11,rope jumping,3598.38
1.0,alpha1p0,101,2,subject101_client2,12927,11,rope jumping,3599.66
1.0,alpha1p0,101,2,subject101_client2,12928,11,rope jumping,3600.94
1.0,alpha1p0,101,2,subject101_client2,12929,11,rope jumping,3602.22
1.0,alpha1p0,101,2,subject101_client2,12930,11,rope jumping,3603.5
1.0,alpha1p0,101,2,subject101_client2,12931,11,rope jumping,3604.78
1.0,alpha1p0,101,2,subject101_client2,12932,11,rope jumping,3606.06
1.0,alpha1p0,101,2,subject101_client2,12933,11,rope jumping,3607.34
1.0,alpha1p0,101,2,subject101_client2,12934,11,rope jumping,3608.62
1.0,alpha1p0,101,2,subject101_client2,12935,11,rope jumping,3609.9
1.0,alpha1p0,101,2,subject101_client2,12936,11,rope jumping,3611.18
1.0,alpha1p0,101,2,subject101_client2,12937,11,rope jumping,3612.46
1.0,alpha1p0,101,2,subject101_client2,12938,11,rope jumping,3613.74
1.0,alpha1p0,101,2,subject101_client2,12939,11,rope jumping,3615.02
1.0,alpha1p0,101,2,subject101_client2,12940,11,rope jumping,3616.3
1.0,alpha1p0,101,2,subject101_client2,12941,11,rope jumping,3617.58
1.0,alpha1p0,101,2,subject101_client2,12942,11,rope jumping,3618.86
1.0,alpha1p0,101,2,subject101_client2,12943,11,rope jumping,3620.14
1.0,alpha1p0,101,2,subject101_client2,12944,11,rope jumping,3621.42
1.0,alpha1p0,101,2,subject101_client2,12945,11,rope jumping,3622.7
1.0,alpha1p0,102,3,subject102_client3,0,0,lying,55.2
1.0,alpha1p0,102,3,subject102_client3,1,0,lying,56.48
1.0,alpha1p0,102,3,subject102_client3,2,0,lying,57.76
1.0,alpha1p0,102,3,subject102_client3,3,0,lying,59.04
1.0,alpha1p0,102,3,subject102_client3,4,0,lying,60.32
1.0,alpha1p0,102,3,subject102_client3,5,0,lying,61.6
1.0,alpha1p0,102,3,subject102_client3,6,0,lying,62.88
1.0,alpha1p0,102,3,subject102_client3,7,0,lying,64.16
1.0,alpha1p0,102,3,subject102_client3,8,0,lying,65.44
1.0,alpha1p0,102,3,subject102_client3,9,0,lying,66.72
1.0,alpha1p0,102,3,subject102_client3,10,0,lying,68.0
1.0,alpha1p0,102,3,subject102_client3,11,0,lying,69.28
1.0,alpha1p0,102,3,subject102_client3,12,0,lying,70.56
1.0,alpha1p0,102,3,subject102_client3,13,0,lying,71.84
1.0,alpha1p0,102,2,subject102_client2,15,0,lying,74.4
1.0,alpha1p0,102,2,subject102_client2,16,0,lying,75.68
1.0,alpha1p0,102,2,subject102_client2,17,0,lying,76.96
1.0,alpha1p0,102,2,subject102_client2,18,0,lying,78.24
1.0,alpha1p0,102,2,subject102_client2,19,0,lying,79.52
1.0,alpha1p0,102,2,subject102_client2,20,0,lying,80.8
1.0,alpha1p0,102,2,subject102_client2,21,0,lying,82.08
1.0,alpha1p0,102,2,subject102_client2,22,0,lying,83.36
1.0,alpha1p0,102,2,subject102_client2,23,0,lying,84.64
1.0,alpha1p0,102,2,subject102_client2,24,0,lying,85.92
1.0,alpha1p0,102,2,subject102_client2,25,0,lying,87.2
1.0,alpha1p0,102,2,subject102_client2,26,0,lying,88.48
1.0,alpha1p0,102,2,subject102_client2,27,0,lying,89.76
1.0,alpha1p0,102,2,subject102_client2,28,0,lying,91.04
1.0,alpha1p0,102,2,subject102_client2,29,0,lying,92.32
1.0,alpha1p0,102,2,subject102_client2,30,0,lying,93.6
1.0,alpha1p0,102,2,subject102_client2,31,0,lying,94.88
1.0,alpha1p0,102,1,subject102_client1,33,0,lying,97.44
1.0,alpha1p0,102,1,subject102_client1,34,0,lying,98.72
1.0,alpha1p0,102,1,subject102_client1,35,0,lying,100.0
1.0,alpha1p0,102,1,subject102_client1,36,0,lying,101.28
1.0,alpha1p0,102,1,subject102_client1,37,0,lying,102.56
1.0,alpha1p0,102,1,subject102_client1,38,0,lying,103.84
1.0,alpha1p0,102,1,subject102_client1,39,0,lying,105.12
1.0,alpha1p0,102,1,subject102_client1,40,0,lying,106.4
1.0,alpha1p0,102,1,subject102_client1,41,0,lying,107.68
1.0,alpha1p0,102,1,subject102_client1,42,0,lying,108.96
1.0,alpha1p0,102,1,subject102_client1,43,0,lying,110.24
1.0,alpha1p0,102,1,subject102_client1,44,0,lying,111.52
1.0,alpha1p0,102,1,subject102_client1,45,0,lying,112.8
1.0,alpha1p0,102,1,subject102_client1,46,0,lying,114.08
1.0,alpha1p0,102,1,subject102_client1,47,0,lying,115.36
1.0,alpha1p0,102,1,subject102_client1,48,0,lying,116.64
1.0,alpha1p0,102,1,subject102_client1,49,0,lying,117.92
1.0,alpha1p0,102,1,subject102_client1,50,0,lying,119.2
1.0,alpha1p0,102,1,subject102_client1,51,0,lying,120.48
1.0,alpha1p0,102,1,subject102_client1,52,0,lying,121.76
1.0,alpha1p0,102,1,subject102_client1,53,0,lying,123.04
1.0,alpha1p0,102,1,subject102_client1,54,0,lying,124.32
1.0,alpha1p0,102,1,subject102_client1,55,0,lying,125.6
1.0,alpha1p0,102,1,subject102_client1,56,0,lying,126.88
1.0,alpha1p0,102,1,subject102_client1,57,0,lying,128.16
1.0,alpha1p0,102,1,subject102_client1,58,0,lying,129.44
1.0,alpha1p0,102,1,subject102_client1,59,0,lying,130.72
1.0,alpha1p0,102,1,subject102_client1,60,0,lying,132.0
1.0,alpha1p0,102,1,subject102_client1,61,0,lying,133.28
1.0,alpha1p0,102,1,subject102_client1,62,0,lying,134.56
1.0,alpha1p0,102,1,subject102_client1,63,0,lying,135.84
1.0,alpha1p0,102,1,subject102_client1,64,0,lying,137.12
1.0,alpha1p0,102,1,subject102_client1,65,0,lying,138.4
1.0,alpha1p0,102,1,subject102_client1,66,0,lying,139.68
1.0,alpha1p0,102,1,subject102_client1,67,0,lying,140.96
1.0,alpha1p0,102,1,subject102_client1,68,0,lying,142.24
1.0,alpha1p0,102,1,subject102_client1,69,0,lying,143.52
1.0,alpha1p0,102,1,subject102_client1,70,0,lying,144.8
1.0,alpha1p0,102,1,subject102_client1,71,0,lying,146.08
1.0,alpha1p0,102,1,subject102_client1,72,0,lying,147.36
1.0,alpha1p0,102,1,subject102_client1,73,0,lying,148.64
1.0,alpha1p0,102,1,subject102_client1,74,0,lying,149.92
1.0,alpha1p0,102,1,subject102_client1,75,0,lying,151.2
1.0,alpha1p0,102,1,subject102_client1,76,0,lying,152.48
1.0,alpha1p0,102,1,subject102_client1,77,0,lying,153.76
1.0,alpha1p0,102,1,subject102_client1,78,0,lying,155.04
1.0,alpha1p0,102,1,subject102_client1,79,0,lying,156.32
1.0,alpha1p0,102,1,subject102_client1,80,0,lying,157.6
1.0,alpha1p0,102,1,subject102_client1,81,0,lying,158.88
1.0,alpha1p0,102,1,subject102_client1,82,0,lying,160.16
1.0,alpha1p0,102,1,subject102_client1,83,0,lying,161.44
1.0,alpha1p0,102,1,subject102_client1,84,0,lying,162.72
1.0,alpha1p0,102,1,subject102_client1,85,0,lying,164.0
1.0,alpha1p0,102,1,subject102_client1,86,0,lying,165.28
1.0,alpha1p0,102,1,subject102_client1,87,0,lying,166.56
1.0,alpha1p0,102,1,subject102_client1,88,0,lying,167.84
1.0,alpha1p0,102,1,subject102_client1,89,0,lying,169.12
1.0,alpha1p0,102,1,subject102_client1,90,0,lying,170.4
1.0,alpha1p0,102,1,subject102_client1,91,0,lying,171.68
1.0,alpha1p0,102,1,subject102_client1,92,0,lying,172.96
1.0,alpha1p0,102,1,subject102_client1,93,0,lying,174.24
1.0,alpha1p0,102,1,subject102_client1,94,0,lying,175.52
1.0,alpha1p0,102,1,subject102_client1,95,0,lying,176.8
1.0,alpha1p0,102,1,subject102_client1,96,0,lying,178.08
1.0,alpha1p0,102,1,subject102_client1,97,0,lying,179.36
1.0,alpha1p0,102,1,subject102_client1,98,0,lying,180.64
1.0,alpha1p0,102,1,subject102_client1,99,0,lying,181.92
1.0,alpha1p0,102,1,subject102_client1,100,0,lying,183.2
1.0,alpha1p0,102,1,subject102_client1,101,0,lying,184.48
1.0,alpha1p0,102,1,subject102_client1,102,0,lying,185.76
1.0,alpha1p0,102,1,subject102_client1,103,0,lying,187.04
1.0,alpha1p0,102,1,subject102_client1,104,0,lying,188.32
1.0,alpha1p0,102,1,subject102_client1,105,0,lying,189.6
1.0,alpha1p0,102,1,subject102_client1,106,0,lying,190.88
1.0,alpha1p0,102,1,subject102_client1,107,0,lying,192.16
1.0,alpha1p0,102,1,subject102_client1,108,0,lying,193.44
1.0,alpha1p0,102,1,subject102_client1,109,0,lying,194.72
1.0,alpha1p0,102,1,subject102_client1,110,0,lying,196.0
1.0,alpha1p0,102,1,subject102_client1,111,0,lying,197.28
1.0,alpha1p0,102,1,subject102_client1,112,0,lying,198.56
1.0,alpha1p0,102,1,subject102_client1,113,0,lying,199.84
1.0,alpha1p0,102,1,subject102_client1,114,0,lying,201.12
1.0,alpha1p0,102,1,subject102_client1,115,0,lying,202.4
1.0,alpha1p0,102,1,subject102_client1,116,0,lying,203.68
1.0,alpha1p0,102,1,subject102_client1,117,0,lying,204.96
1.0,alpha1p0,102,1,subject102_client1,118,0,lying,206.24
1.0,alpha1p0,102,1,subject102_client1,119,0,lying,207.52
1.0,alpha1p0,102,1,subject102_client1,120,0,lying,208.8
1.0,alpha1p0,102,1,subject102_client1,121,0,lying,210.08
1.0,alpha1p0,102,1,subject102_client1,122,0,lying,211.36
1.0,alpha1p0,102,1,subject102_client1,123,0,lying,212.64
1.0,alpha1p0,102,1,subject102_client1,124,0,lying,213.92
1.0,alpha1p0,102,0,subject102_client0,126,0,lying,216.48
1.0,alpha1p0,102,0,subject102_client0,127,0,lying,217.76
1.0,alpha1p0,102,0,subject102_client0,128,0,lying,219.04
1.0,alpha1p0,102,0,subject102_client0,129,0,lying,220.32
1.0,alpha1p0,102,0,subject102_client0,130,0,lying,221.6
1.0,alpha1p0,102,0,subject102_client0,131,0,lying,222.88
1.0,alpha1p0,102,0,subject102_client0,132,0,lying,224.16
1.0,alpha1p0,102,0,subject102_client0,133,0,lying,225.44
1.0,alpha1p0,102,0,subject102_client0,134,0,lying,226.72
1.0,alpha1p0,102,0,subject102_client0,135,0,lying,228.0
1.0,alpha1p0,102,0,subject102_client0,136,0,lying,229.28
1.0,alpha1p0,102,0,subject102_client0,137,0,lying,230.56
1.0,alpha1p0,102,0,subject102_client0,138,0,lying,231.84
1.0,alpha1p0,102,0,subject102_client0,139,0,lying,233.12
1.0,alpha1p0,102,0,subject102_client0,140,0,lying,234.4
1.0,alpha1p0,102,0,subject102_client0,141,0,lying,235.68
1.0,alpha1p0,102,0,subject102_client0,142,0,lying,236.96
1.0,alpha1p0,102,0,subject102_client0,143,0,lying,238.24
1.0,alpha1p0,102,0,subject102_client0,144,0,lying,239.52
1.0,alpha1p0,102,0,subject102_client0,145,0,lying,240.8
1.0,alpha1p0,102,0,subject102_client0,146,0,lying,242.08
1.0,alpha1p0,102,0,subject102_client0,147,0,lying,243.36
1.0,alpha1p0,102,0,subject102_client0,148,0,lying,244.64
1.0,alpha1p0,102,0,subject102_client0,149,0,lying,245.92
1.0,alpha1p0,102,0,subject102_client0,150,0,lying,247.2
1.0,alpha1p0,102,0,subject102_client0,151,0,lying,248.48
1.0,alpha1p0,102,0,subject102_client0,152,0,lying,249.76
1.0,alpha1p0,102,0,subject102_client0,153,0,lying,251.04
1.0,alpha1p0,102,0,subject102_client0,154,0,lying,252.32
1.0,alpha1p0,102,0,subject102_client0,155,0,lying,253.6
1.0,alpha1p0,102,0,subject102_client0,156,0,lying,254.88
1.0,alpha1p0,102,0,subject102_client0,157,0,lying,256.16
1.0,alpha1p0,102,0,subject102_client0,158,0,lying,257.44
1.0,alpha1p0,102,0,subject102_client0,159,0,lying,258.72
1.0,alpha1p0,102,0,subject102_client0,160,0,lying,260.0
1.0,alpha1p0,102,0,subject102_client0,161,0,lying,261.28
1.0,alpha1p0,102,0,subject102_client0,162,0,lying,262.56
1.0,alpha1p0,102,0,subject102_client0,163,0,lying,263.84
1.0,alpha1p0,102,0,subject102_client0,164,0,lying,265.12
1.0,alpha1p0,102,0,subject102_client0,165,0,lying,266.4
1.0,alpha1p0,102,0,subject102_client0,166,0,lying,267.68
1.0,alpha1p0,102,0,subject102_client0,167,0,lying,268.96
1.0,alpha1p0,102,0,subject102_client0,168,0,lying,270.24
1.0,alpha1p0,102,0,subject102_client0,169,0,lying,271.52
1.0,alpha1p0,102,0,subject102_client0,170,0,lying,272.8
1.0,alpha1p0,102,0,subject102_client0,171,0,lying,274.08
1.0,alpha1p0,102,0,subject102_client0,172,0,lying,275.36
1.0,alpha1p0,102,0,subject102_client0,173,0,lying,276.64
1.0,alpha1p0,102,0,subject102_client0,174,0,lying,277.92
1.0,alpha1p0,102,0,subject102_client0,175,0,lying,279.2
1.0,alpha1p0,102,0,subject102_client0,176,0,lying,280.48
1.0,alpha1p0,102,0,subject102_client0,177,0,lying,281.76
1.0,alpha1p0,102,0,subject102_client0,178,0,lying,283.04
1.0,alpha1p0,102,0,subject102_client0,179,0,lying,284.32
1.0,alpha1p0,102,0,subject102_client0,180,0,lying,285.6
1.0,alpha1p0,102,0,subject102_client0,181,0,lying,286.88
1.0,alpha1p0,102,1,subject102_client1,182,1,sitting,352.16
1.0,alpha1p0,102,1,subject102_client1,183,1,sitting,353.44
1.0,alpha1p0,102,1,subject102_client1,184,1,sitting,354.72
1.0,alpha1p0,102,1,subject102_client1,185,1,sitting,356.0
1.0,alpha1p0,102,1,subject102_client1,186,1,sitting,357.28
1.0,alpha1p0,102,1,subject102_client1,187,1,sitting,358.56
1.0,alpha1p0,102,1,subject102_client1,188,1,sitting,359.84
1.0,alpha1p0,102,1,subject102_client1,189,1,sitting,361.12
1.0,alpha1p0,102,1,subject102_client1,190,1,sitting,362.4
1.0,alpha1p0,102,1,subject102_client1,191,1,sitting,363.68
1.0,alpha1p0,102,1,subject102_client1,192,1,sitting,364.96
1.0,alpha1p0,102,1,subject102_client1,193,1,sitting,366.24
1.0,alpha1p0,102,1,subject102_client1,194,1,sitting,367.52
1.0,alpha1p0,102,1,subject102_client1,195,1,sitting,368.8
1.0,alpha1p0,102,1,subject102_client1,196,1,sitting,370.08
1.0,alpha1p0,102,1,subject102_client1,197,1,sitting,371.36
1.0,alpha1p0,102,1,subject102_client1,198,1,sitting,372.64
1.0,alpha1p0,102,1,subject102_client1,199,1,sitting,373.92
1.0,alpha1p0,102,1,subject102_client1,200,1,sitting,375.2
1.0,alpha1p0,102,1,subject102_client1,201,1,sitting,376.48
1.0,alpha1p0,102,1,subject102_client1,202,1,sitting,377.76
1.0,alpha1p0,102,1,subject102_client1,203,1,sitting,379.04
1.0,alpha1p0,102,1,subject102_client1,204,1,sitting,380.32
1.0,alpha1p0,102,1,subject102_client1,205,1,sitting,381.6
1.0,alpha1p0,102,1,subject102_client1,206,1,sitting,382.88
1.0,alpha1p0,102,1,subject102_client1,207,1,sitting,384.16
1.0,alpha1p0,102,1,subject102_client1,208,1,sitting,385.44
1.0,alpha1p0,102,1,subject102_client1,209,1,sitting,386.72
1.0,alpha1p0,102,1,subject102_client1,210,1,sitting,388.0
1.0,alpha1p0,102,1,subject102_client1,211,1,sitting,389.28
1.0,alpha1p0,102,1,subject102_client1,212,1,sitting,390.56
1.0,alpha1p0,102,1,subject102_client1,213,1,sitting,391.84
1.0,alpha1p0,102,1,subject102_client1,214,1,sitting,393.12
1.0,alpha1p0,102,1,subject102_client1,215,1,sitting,394.4
1.0,alpha1p0,102,1,subject102_client1,216,1,sitting,395.68
1.0,alpha1p0,102,1,subject102_client1,217,1,sitting,396.96
1.0,alpha1p0,102,1,subject102_client1,218,1,sitting,398.24
1.0,alpha1p0,102,1,subject102_client1,219,1,sitting,399.52
1.0,alpha1p0,102,1,subject102_client1,220,1,sitting,400.8
1.0,alpha1p0,102,1,subject102_client1,221,1,sitting,402.08
1.0,alpha1p0,102,1,subject102_client1,222,1,sitting,403.36
1.0,alpha1p0,102,1,subject102_client1,223,1,sitting,404.64
1.0,alpha1p0,102,1,subject102_client1,224,1,sitting,405.92
1.0,alpha1p0,102,1,subject102_client1,225,1,sitting,407.2
1.0,alpha1p0,102,1,subject102_client1,226,1,sitting,408.48
1.0,alpha1p0,102,1,subject102_client1,227,1,sitting,409.76
1.0,alpha1p0,102,1,subject102_client1,228,1,sitting,411.04
1.0,alpha1p0,102,2,subject102_client2,230,1,sitting,413.6
1.0,alpha1p0,102,2,subject102_client2,231,1,sitting,414.88
1.0,alpha1p0,102,2,subject102_client2,232,1,sitting,416.16
1.0,alpha1p0,102,2,subject102_client2,233,1,sitting,417.44
1.0,alpha1p0,102,2,subject102_client2,234,1,sitting,418.72
1.0,alpha1p0,102,2,subject102_client2,235,1,sitting,420.0
1.0,alpha1p0,102,2,subject102_client2,236,1,sitting,421.28
1.0,alpha1p0,102,2,subject102_client2,237,1,sitting,422.56
1.0,alpha1p0,102,2,subject102_client2,238,1,sitting,423.84
1.0,alpha1p0,102,2,subject102_client2,239,1,sitting,425.12
1.0,alpha1p0,102,2,subject102_client2,240,1,sitting,426.4
1.0,alpha1p0,102,2,subject102_client2,241,1,sitting,427.68
1.0,alpha1p0,102,2,subject102_client2,242,1,sitting,428.96
1.0,alpha1p0,102,2,subject102_client2,243,1,sitting,430.24
1.0,alpha1p0,102,2,subject102_client2,244,1,sitting,431.52
1.0,alpha1p0,102,2,subject102_client2,245,1,sitting,432.8
1.0,alpha1p0,102,2,subject102_client2,246,1,sitting,434.08
1.0,alpha1p0,102,2,subject102_client2,247,1,sitting,435.36
1.0,alpha1p0,102,2,subject102_client2,248,1,sitting,436.64
1.0,alpha1p0,102,2,subject102_client2,249,1,sitting,437.92
1.0,alpha1p0,102,2,subject102_client2,250,1,sitting,439.2
1.0,alpha1p0,102,2,subject102_client2,251,1,sitting,440.48
1.0,alpha1p0,102,2,subject102_client2,252,1,sitting,441.76
1.0,alpha1p0,102,2,subject102_client2,253,1,sitting,443.04
1.0,alpha1p0,102,2,subject102_client2,254,1,sitting,444.32
1.0,alpha1p0,102,2,subject102_client2,255,1,sitting,445.6
1.0,alpha1p0,102,2,subject102_client2,256,1,sitting,446.88
1.0,alpha1p0,102,2,subject102_client2,257,1,sitting,448.16
1.0,alpha1p0,102,2,subject102_client2,258,1,sitting,449.44
1.0,alpha1p0,102,2,subject102_client2,259,1,sitting,450.72
1.0,alpha1p0,102,2,subject102_client2,260,1,sitting,452.0
1.0,alpha1p0,102,2,subject102_client2,261,1,sitting,453.28
1.0,alpha1p0,102,2,subject102_client2,262,1,sitting,454.56
1.0,alpha1p0,102,2,subject102_client2,263,1,sitting,455.84
1.0,alpha1p0,102,2,subject102_client2,264,1,sitting,457.12
1.0,alpha1p0,102,2,subject102_client2,265,1,sitting,458.4
1.0,alpha1p0,102,2,subject102_client2,266,1,sitting,459.68
1.0,alpha1p0,102,2,subject102_client2,267,1,sitting,460.96
1.0,alpha1p0,102,2,subject102_client2,268,1,sitting,462.24
1.0,alpha1p0,102,2,subject102_client2,269,1,sitting,463.52
1.0,alpha1p0,102,2,subject102_client2,270,1,sitting,464.8
1.0,alpha1p0,102,2,subject102_client2,271,1,sitting,466.08
1.0,alpha1p0,102,2,subject102_client2,272,1,sitting,467.36
1.0,alpha1p0,102,2,subject102_client2,273,1,sitting,468.64
1.0,alpha1p0,102,2,subject102_client2,274,1,sitting,469.92
1.0,alpha1p0,102,2,subject102_client2,275,1,sitting,471.2
1.0,alpha1p0,102,2,subject102_client2,276,1,sitting,472.48
1.0,alpha1p0,102,2,subject102_client2,277,1,sitting,473.76
1.0,alpha1p0,102,2,subject102_client2,278,1,sitting,475.04
1.0,alpha1p0,102,2,subject102_client2,279,1,sitting,476.32
1.0,alpha1p0,102,2,subject102_client2,280,1,sitting,477.6
1.0,alpha1p0,102,2,subject102_client2,281,1,sitting,478.88
1.0,alpha1p0,102,2,subject102_client2,282,1,sitting,480.16
1.0,alpha1p0,102,2,subject102_client2,283,1,sitting,481.44
1.0,alpha1p0,102,2,subject102_client2,284,1,sitting,482.72
1.0,alpha1p0,102,2,subject102_client2,285,1,sitting,484.0
1.0,alpha1p0,102,2,subject102_client2,286,1,sitting,485.28
1.0,alpha1p0,102,2,subject102_client2,287,1,sitting,486.56
1.0,alpha1p0,102,2,subject102_client2,288,1,sitting,487.84
1.0,alpha1p0,102,2,subject102_client2,289,1,sitting,489.12
1.0,alpha1p0,102,2,subject102_client2,290,1,sitting,490.4
1.0,alpha1p0,102,2,subject102_client2,291,1,sitting,491.68
1.0,alpha1p0,102,2,subject102_client2,292,1,sitting,492.96
1.0,alpha1p0,102,2,subject102_client2,293,1,sitting,494.24
1.0,alpha1p0,102,2,subject102_client2,294,1,sitting,495.52
1.0,alpha1p0,102,2,subject102_client2,295,1,sitting,496.8
1.0,alpha1p0,102,2,subject102_client2,296,1,sitting,498.08
1.0,alpha1p0,102,2,subject102_client2,297,1,sitting,499.36
1.0,alpha1p0,102,2,subject102_client2,298,1,sitting,500.64
1.0,alpha1p0,102,2,subject102_client2,299,1,sitting,501.92
1.0,alpha1p0,102,2,subject102_client2,300,1,sitting,503.2
1.0,alpha1p0,102,2,subject102_client2,301,1,sitting,504.48
1.0,alpha1p0,102,2,subject102_client2,302,1,sitting,505.76
1.0,alpha1p0,102,2,subject102_client2,303,1,sitting,507.04
1.0,alpha1p0,102,3,subject102_client3,305,1,sitting,509.6
1.0,alpha1p0,102,3,subject102_client3,306,1,sitting,510.88
1.0,alpha1p0,102,3,subject102_client3,307,1,sitting,512.16
1.0,alpha1p0,102,3,subject102_client3,308,1,sitting,513.44
1.0,alpha1p0,102,3,subject102_client3,309,1,sitting,514.72
1.0,alpha1p0,102,3,subject102_client3,310,1,sitting,516.0
1.0,alpha1p0,102,3,subject102_client3,311,1,sitting,517.28
1.0,alpha1p0,102,3,subject102_client3,312,1,sitting,518.56
1.0,alpha1p0,102,3,subject102_client3,313,1,sitting,519.84
1.0,alpha1p0,102,3,subject102_client3,314,1,sitting,521.12
1.0,alpha1p0,102,3,subject102_client3,315,1,sitting,522.4
1.0,alpha1p0,102,0,subject102_client0,317,1,sitting,524.96
1.0,alpha1p0,102,0,subject102_client0,318,1,sitting,526.24
1.0,alpha1p0,102,0,subject102_client0,319,1,sitting,527.52
1.0,alpha1p0,102,0,subject102_client0,320,1,sitting,528.8
1.0,alpha1p0,102,0,subject102_client0,321,1,sitting,530.08
1.0,alpha1p0,102,0,subject102_client0,322,1,sitting,531.36
1.0,alpha1p0,102,0,subject102_client0,323,1,sitting,532.64
1.0,alpha1p0,102,0,subject102_client0,324,1,sitting,533.92
1.0,alpha1p0,102,0,subject102_client0,325,1,sitting,535.2
1.0,alpha1p0,102,0,subject102_client0,326,1,sitting,536.48
1.0,alpha1p0,102,0,subject102_client0,327,1,sitting,537.76
1.0,alpha1p0,102,0,subject102_client0,328,1,sitting,539.04
1.0,alpha1p0,102,0,subject102_client0,329,1,sitting,540.32
1.0,alpha1p0,102,0,subject102_client0,330,1,sitting,541.6
1.0,alpha1p0,102,0,subject102_client0,331,1,sitting,542.88
1.0,alpha1p0,102,0,subject102_client0,332,1,sitting,544.16
1.0,alpha1p0,102,0,subject102_client0,333,1,sitting,545.44
1.0,alpha1p0,102,0,subject102_client0,334,1,sitting,546.72
1.0,alpha1p0,102,0,subject102_client0,335,1,sitting,548.0
1.0,alpha1p0,102,0,subject102_client0,336,1,sitting,549.28
1.0,alpha1p0,102,0,subject102_client0,337,1,sitting,550.56
1.0,alpha1p0,102,0,subject102_client0,338,1,sitting,551.84
1.0,alpha1p0,102,0,subject102_client0,339,1,sitting,553.12
1.0,alpha1p0,102,0,subject102_client0,340,1,sitting,554.4
1.0,alpha1p0,102,0,subject102_client0,341,1,sitting,555.68
1.0,alpha1p0,102,0,subject102_client0,342,1,sitting,556.96
1.0,alpha1p0,102,0,subject102_client0,343,1,sitting,558.24
1.0,alpha1p0,102,0,subject102_client0,344,1,sitting,559.52
1.0,alpha1p0,102,0,subject102_client0,345,1,sitting,560.8
1.0,alpha1p0,102,0,subject102_client0,346,1,sitting,562.08
1.0,alpha1p0,102,0,subject102_client0,347,1,sitting,563.36
1.0,alpha1p0,102,0,subject102_client0,348,1,sitting,564.64
1.0,alpha1p0,102,0,subject102_client0,349,1,sitting,565.92
1.0,alpha1p0,102,0,subject102_client0,350,1,sitting,567.2
1.0,alpha1p0,102,0,subject102_client0,351,1,sitting,568.48
1.0,alpha1p0,102,0,subject102_client0,352,1,sitting,569.76
1.0,alpha1p0,102,0,subject102_client0,353,1,sitting,571.04
1.0,alpha1p0,102,0,subject102_client0,354,1,sitting,572.32
1.0,alpha1p0,102,1,subject102_client1,355,2,standing,595.88
1.0,alpha1p0,102,1,subject102_client1,356,2,standing,597.16
1.0,alpha1p0,102,1,subject102_client1,357,2,standing,598.44
1.0,alpha1p0,102,1,subject102_client1,358,2,standing,599.72
1.0,alpha1p0,102,1,subject102_client1,359,2,standing,601.0
1.0,alpha1p0,102,1,subject102_client1,360,2,standing,602.28
1.0,alpha1p0,102,1,subject102_client1,361,2,standing,603.56
1.0,alpha1p0,102,1,subject102_client1,362,2,standing,604.84
1.0,alpha1p0,102,1,subject102_client1,363,2,standing,606.12
1.0,alpha1p0,102,1,subject102_client1,364,2,standing,607.4
1.0,alpha1p0,102,1,subject102_client1,365,2,standing,608.68
1.0,alpha1p0,102,1,subject102_client1,366,2,standing,609.96
1.0,alpha1p0,102,1,subject102_client1,367,2,standing,611.24
1.0,alpha1p0,102,1,subject102_client1,368,2,standing,612.52
1.0,alpha1p0,102,1,subject102_client1,369,2,standing,613.8
1.0,alpha1p0,102,1,subject102_client1,370,2,standing,615.08
1.0,alpha1p0,102,1,subject102_client1,371,2,standing,616.36
1.0,alpha1p0,102,1,subject102_client1,372,2,standing,617.64
1.0,alpha1p0,102,1,subject102_client1,373,2,standing,618.92
1.0,alpha1p0,102,1,subject102_client1,374,2,standing,620.2
1.0,alpha1p0,102,1,subject102_client1,375,2,standing,621.48
1.0,alpha1p0,102,1,subject102_client1,376,2,standing,622.76
1.0,alpha1p0,102,1,subject102_client1,377,2,standing,624.04
1.0,alpha1p0,102,1,subject102_client1,378,2,standing,625.32
1.0,alpha1p0,102,1,subject102_client1,379,2,standing,626.6
1.0,alpha1p0,102,1,subject102_client1,380,2,standing,627.88
1.0,alpha1p0,102,1,subject102_client1,381,2,standing,629.16
1.0,alpha1p0,102,1,subject102_client1,382,2,standing,630.44
1.0,alpha1p0,102,1,subject102_client1,383,2,standing,631.72
1.0,alpha1p0,102,1,subject102_client1,384,2,standing,633.0
1.0,alpha1p0,102,1,subject102_client1,385,2,standing,634.28
1.0,alpha1p0,102,1,subject102_client1,386,2,standing,635.56
1.0,alpha1p0,102,1,subject102_client1,387,2,standing,636.84
1.0,alpha1p0,102,1,subject102_client1,388,2,standing,638.12
1.0,alpha1p0,102,1,subject102_client1,389,2,standing,639.4
1.0,alpha1p0,102,1,subject102_client1,390,2,standing,640.68
1.0,alpha1p0,102,1,subject102_client1,391,2,standing,641.96
1.0,alpha1p0,102,1,subject102_client1,392,2,standing,643.24
1.0,alpha1p0,102,1,subject102_client1,393,2,standing,644.52
1.0,alpha1p0,102,1,subject102_client1,394,2,standing,645.8
1.0,alpha1p0,102,1,subject102_client1,395,2,standing,647.08
1.0,alpha1p0,102,1,subject102_client1,396,2,standing,648.36
1.0,alpha1p0,102,1,subject102_client1,397,2,standing,649.64
1.0,alpha1p0,102,1,subject102_client1,398,2,standing,650.92
1.0,alpha1p0,102,1,subject102_client1,399,2,standing,652.2
1.0,alpha1p0,102,1,subject102_client1,400,2,standing,653.48
1.0,alpha1p0,102,1,subject102_client1,401,2,standing,654.76
1.0,alpha1p0,102,1,subject102_client1,402,2,standing,656.04
1.0,alpha1p0,102,1,subject102_client1,403,2,standing,657.32
1.0,alpha1p0,102,1,subject102_client1,404,2,standing,658.6
1.0,alpha1p0,102,1,subject102_client1,405,2,standing,659.88
1.0,alpha1p0,102,1,subject102_client1,406,2,standing,661.16
1.0,alpha1p0,102,1,subject102_client1,407,2,standing,662.44
1.0,alpha1p0,102,1,subject102_client1,408,2,standing,663.72
1.0,alpha1p0,102,1,subject102_client1,409,2,standing,665.0
1.0,alpha1p0,102,1,subject102_client1,410,2,standing,666.28
1.0,alpha1p0,102,1,subject102_client1,411,2,standing,667.56
1.0,alpha1p0,102,1,subject102_client1,412,2,standing,668.84
1.0,alpha1p0,102,1,subject102_client1,413,2,standing,670.12
1.0,alpha1p0,102,1,subject102_client1,414,2,standing,671.4
1.0,alpha1p0,102,1,subject102_client1,415,2,standing,672.68
1.0,alpha1p0,102,2,subject102_client2,417,2,standing,675.24
1.0,alpha1p0,102,2,subject102_client2,418,2,standing,676.52
1.0,alpha1p0,102,2,subject102_client2,419,2,standing,677.8
1.0,alpha1p0,102,2,subject102_client2,420,2,standing,679.08
1.0,alpha1p0,102,2,subject102_client2,421,2,standing,680.36
1.0,alpha1p0,102,2,subject102_client2,422,2,standing,681.64
1.0,alpha1p0,102,2,subject102_client2,423,2,standing,682.92
1.0,alpha1p0,102,2,subject102_client2,424,2,standing,684.2
1.0,alpha1p0,102,2,subject102_client2,425,2,standing,685.48
1.0,alpha1p0,102,2,subject102_client2,426,2,standing,686.76
1.0,alpha1p0,102,2,subject102_client2,427,2,standing,688.04
1.0,alpha1p0,102,2,subject102_client2,428,2,standing,689.32
1.0,alpha1p0,102,2,subject102_client2,429,2,standing,690.6
1.0,alpha1p0,102,2,subject102_client2,430,2,standing,691.88
1.0,alpha1p0,102,2,subject102_client2,431,2,standing,693.16
1.0,alpha1p0,102,2,subject102_client2,432,2,standing,694.44
1.0,alpha1p0,102,2,subject102_client2,433,2,standing,695.72
1.0,alpha1p0,102,2,subject102_client2,434,2,standing,697.0
1.0,alpha1p0,102,2,subject102_client2,435,2,standing,698.28
1.0,alpha1p0,102,2,subject102_client2,436,2,standing,699.56
1.0,alpha1p0,102,2,subject102_client2,437,2,standing,700.84
1.0,alpha1p0,102,2,subject102_client2,438,2,standing,702.12
1.0,alpha1p0,102,2,subject102_client2,439,2,standing,703.4
1.0,alpha1p0,102,2,subject102_client2,440,2,standing,704.68
1.0,alpha1p0,102,2,subject102_client2,441,2,standing,705.96
1.0,alpha1p0,102,2,subject102_client2,442,2,standing,707.24
1.0,alpha1p0,102,2,subject102_client2,443,2,standing,708.52
1.0,alpha1p0,102,2,subject102_client2,444,2,standing,709.8
1.0,alpha1p0,102,2,subject102_client2,445,2,standing,711.08
1.0,alpha1p0,102,2,subject102_client2,446,2,standing,712.36
1.0,alpha1p0,102,2,subject102_client2,447,2,standing,713.64
1.0,alpha1p0,102,2,subject102_client2,448,2,standing,714.92
1.0,alpha1p0,102,2,subject102_client2,449,2,standing,716.2
1.0,alpha1p0,102,2,subject102_client2,450,2,standing,717.48
1.0,alpha1p0,102,2,subject102_client2,451,2,standing,718.76
1.0,alpha1p0,102,2,subject102_client2,452,2,standing,720.04
1.0,alpha1p0,102,2,subject102_client2,453,2,standing,721.32
1.0,alpha1p0,102,2,subject102_client2,454,2,standing,722.6
1.0,alpha1p0,102,2,subject102_client2,455,2,standing,723.88
1.0,alpha1p0,102,2,subject102_client2,456,2,standing,725.16
1.0,alpha1p0,102,2,subject102_client2,457,2,standing,726.44
1.0,alpha1p0,102,2,subject102_client2,458,2,standing,727.72
1.0,alpha1p0,102,2,subject102_client2,459,2,standing,729.0
1.0,alpha1p0,102,0,subject102_client0,461,2,standing,731.56
1.0,alpha1p0,102,0,subject102_client0,462,2,standing,732.84
1.0,alpha1p0,102,0,subject102_client0,463,2,standing,734.12
1.0,alpha1p0,102,0,subject102_client0,464,2,standing,735.4
1.0,alpha1p0,102,0,subject102_client0,465,2,standing,736.68
1.0,alpha1p0,102,0,subject102_client0,466,2,standing,737.96
1.0,alpha1p0,102,0,subject102_client0,467,2,standing,739.24
1.0,alpha1p0,102,0,subject102_client0,468,2,standing,740.52
1.0,alpha1p0,102,0,subject102_client0,469,2,standing,741.8
1.0,alpha1p0,102,0,subject102_client0,470,2,standing,743.08
1.0,alpha1p0,102,0,subject102_client0,471,2,standing,744.36
1.0,alpha1p0,102,0,subject102_client0,472,2,standing,745.64
1.0,alpha1p0,102,0,subject102_client0,473,2,standing,746.92
1.0,alpha1p0,102,0,subject102_client0,474,2,standing,748.2
1.0,alpha1p0,102,0,subject102_client0,475,2,standing,749.48
1.0,alpha1p0,102,0,subject102_client0,476,2,standing,750.76
1.0,alpha1p0,102,0,subject102_client0,477,2,standing,752.04
1.0,alpha1p0,102,0,subject102_client0,478,2,standing,753.32
1.0,alpha1p0,102,0,subject102_client0,479,2,standing,754.6
1.0,alpha1p0,102,0,subject102_client0,480,2,standing,755.88
1.0,alpha1p0,102,0,subject102_client0,481,2,standing,757.16
1.0,alpha1p0,102,0,subject102_client0,482,2,standing,758.44
1.0,alpha1p0,102,0,subject102_client0,483,2,standing,759.72
1.0,alpha1p0,102,0,subject102_client0,484,2,standing,761.0
1.0,alpha1p0,102,0,subject102_client0,485,2,standing,762.28
1.0,alpha1p0,102,0,subject102_client0,486,2,standing,763.56
1.0,alpha1p0,102,0,subject102_client0,487,2,standing,764.84
1.0,alpha1p0,102,0,subject102_client0,488,2,standing,766.12
1.0,alpha1p0,102,0,subject102_client0,489,2,standing,767.4
1.0,alpha1p0,102,3,subject102_client3,491,2,standing,769.96
1.0,alpha1p0,102,3,subject102_client3,492,2,standing,771.24
1.0,alpha1p0,102,3,subject102_client3,493,2,standing,772.52
1.0,alpha1p0,102,3,subject102_client3,494,2,standing,773.8
1.0,alpha1p0,102,3,subject102_client3,495,2,standing,775.08
1.0,alpha1p0,102,3,subject102_client3,496,2,standing,776.36
1.0,alpha1p0,102,3,subject102_client3,497,2,standing,777.64
1.0,alpha1p0,102,3,subject102_client3,498,2,standing,778.92
1.0,alpha1p0,102,3,subject102_client3,499,2,standing,780.2
1.0,alpha1p0,102,3,subject102_client3,500,2,standing,781.48
1.0,alpha1p0,102,3,subject102_client3,501,2,standing,782.76
1.0,alpha1p0,102,3,subject102_client3,502,2,standing,784.04
1.0,alpha1p0,102,3,subject102_client3,503,2,standing,785.32
1.0,alpha1p0,102,3,subject102_client3,504,2,standing,786.6
1.0,alpha1p0,102,3,subject102_client3,505,2,standing,787.88
1.0,alpha1p0,102,3,subject102_client3,506,2,standing,789.16
1.0,alpha1p0,102,3,subject102_client3,507,2,standing,790.44
1.0,alpha1p0,102,3,subject102_client3,508,2,standing,791.72
1.0,alpha1p0,102,3,subject102_client3,509,2,standing,793.0
1.0,alpha1p0,102,3,subject102_client3,510,2,standing,794.28
1.0,alpha1p0,102,3,subject102_client3,511,2,standing,795.56
1.0,alpha1p0,102,3,subject102_client3,512,2,standing,796.84
1.0,alpha1p0,102,3,subject102_client3,513,2,standing,798.12
1.0,alpha1p0,102,3,subject102_client3,514,2,standing,799.4
1.0,alpha1p0,102,3,subject102_client3,515,2,standing,800.68
1.0,alpha1p0,102,3,subject102_client3,516,2,standing,801.96
1.0,alpha1p0,102,3,subject102_client3,517,2,standing,803.24
1.0,alpha1p0,102,3,subject102_client3,518,2,standing,804.52
1.0,alpha1p0,102,3,subject102_client3,519,2,standing,805.8
1.0,alpha1p0,102,3,subject102_client3,520,2,standing,807.08
1.0,alpha1p0,102,3,subject102_client3,521,2,standing,808.36
1.0,alpha1p0,102,3,subject102_client3,522,2,standing,809.64
1.0,alpha1p0,102,3,subject102_client3,523,2,standing,810.92
1.0,alpha1p0,102,3,subject102_client3,524,2,standing,812.2
1.0,alpha1p0,102,3,subject102_client3,525,2,standing,813.48
1.0,alpha1p0,102,3,subject102_client3,526,2,standing,814.76
1.0,alpha1p0,102,3,subject102_client3,527,2,standing,816.04
1.0,alpha1p0,102,3,subject102_client3,528,2,standing,817.32
1.0,alpha1p0,102,3,subject102_client3,529,2,standing,818.6
1.0,alpha1p0,102,3,subject102_client3,530,2,standing,819.88
1.0,alpha1p0,102,3,subject102_client3,531,2,standing,821.16
1.0,alpha1p0,102,3,subject102_client3,532,2,standing,822.44
1.0,alpha1p0,102,3,subject102_client3,533,2,standing,823.72
1.0,alpha1p0,102,3,subject102_client3,534,2,standing,825.0
1.0,alpha1p0,102,3,subject102_client3,535,2,standing,826.28
1.0,alpha1p0,102,3,subject102_client3,536,2,standing,827.56
1.0,alpha1p0,102,3,subject102_client3,537,2,standing,828.84
1.0,alpha1p0,102,3,subject102_client3,538,2,standing,830.12
1.0,alpha1p0,102,3,subject102_client3,539,2,standing,831.4
1.0,alpha1p0,102,3,subject102_client3,540,2,standing,832.68
1.0,alpha1p0,102,3,subject102_client3,541,2,standing,833.96
1.0,alpha1p0,102,3,subject102_client3,542,2,standing,835.24
1.0,alpha1p0,102,3,subject102_client3,543,2,standing,836.52
1.0,alpha1p0,102,3,subject102_client3,544,2,standing,837.8
1.0,alpha1p0,102,3,subject102_client3,545,2,standing,839.08
1.0,alpha1p0,102,3,subject102_client3,546,2,standing,840.36
1.0,alpha1p0,102,3,subject102_client3,547,2,standing,841.64
1.0,alpha1p0,102,3,subject102_client3,548,2,standing,842.92
1.0,alpha1p0,102,3,subject102_client3,549,2,standing,844.2
1.0,alpha1p0,102,3,subject102_client3,550,2,standing,845.48
1.0,alpha1p0,102,3,subject102_client3,551,2,standing,846.76
1.0,alpha1p0,102,3,subject102_client3,552,2,standing,848.04
1.0,alpha1p0,102,2,subject102_client2,553,10,ironing,908.08
1.0,alpha1p0,102,2,subject102_client2,554,10,ironing,909.36
1.0,alpha1p0,102,2,subject102_client2,555,10,ironing,910.64
1.0,alpha1p0,102,2,subject102_client2,556,10,ironing,911.92
1.0,alpha1p0,102,2,subject102_client2,557,10,ironing,913.2
1.0,alpha1p0,102,2,subject102_client2,558,10,ironing,914.48
1.0,alpha1p0,102,2,subject102_client2,559,10,ironing,915.76
1.0,alpha1p0,102,2,subject102_client2,560,10,ironing,917.04
1.0,alpha1p0,102,2,subject102_client2,561,10,ironing,918.32
1.0,alpha1p0,102,2,subject102_client2,562,10,ironing,919.6
1.0,alpha1p0,102,2,subject102_client2,563,10,ironing,920.88
1.0,alpha1p0,102,2,subject102_client2,564,10,ironing,922.16
1.0,alpha1p0,102,3,subject102_client3,566,10,ironing,924.72
1.0,alpha1p0,102,3,subject102_client3,567,10,ironing,926.0
1.0,alpha1p0,102,3,subject102_client3,568,10,ironing,927.28
1.0,alpha1p0,102,3,subject102_client3,569,10,ironing,928.56
1.0,alpha1p0,102,3,subject102_client3,570,10,ironing,929.84
1.0,alpha1p0,102,3,subject102_client3,571,10,ironing,931.12
1.0,alpha1p0,102,3,subject102_client3,572,10,ironing,932.4
1.0,alpha1p0,102,3,subject102_client3,573,10,ironing,933.68
1.0,alpha1p0,102,3,subject102_client3,574,10,ironing,934.96
1.0,alpha1p0,102,3,subject102_client3,575,10,ironing,936.24
1.0,alpha1p0,102,3,subject102_client3,576,10,ironing,937.52
1.0,alpha1p0,102,3,subject102_client3,577,10,ironing,938.8
1.0,alpha1p0,102,3,subject102_client3,578,10,ironing,940.08
1.0,alpha1p0,102,3,subject102_client3,579,10,ironing,941.36
1.0,alpha1p0,102,3,subject102_client3,580,10,ironing,942.64
1.0,alpha1p0,102,3,subject102_client3,581,10,ironing,943.92
1.0,alpha1p0,102,3,subject102_client3,582,10,ironing,945.2
1.0,alpha1p0,102,3,subject102_client3,583,10,ironing,946.48
1.0,alpha1p0,102,3,subject102_client3,584,10,ironing,947.76
1.0,alpha1p0,102,3,subject102_client3,585,10,ironing,949.04
1.0,alpha1p0,102,3,subject102_client3,586,10,ironing,950.32
1.0,alpha1p0,102,3,subject102_client3,587,10,ironing,951.6
1.0,alpha1p0,102,3,subject102_client3,588,10,ironing,952.88
1.0,alpha1p0,102,3,subject102_client3,589,10,ironing,954.16
1.0,alpha1p0,102,3,subject102_client3,590,10,ironing,955.44
1.0,alpha1p0,102,3,subject102_client3,591,10,ironing,956.72
1.0,alpha1p0,102,3,subject102_client3,592,10,ironing,958.0
1.0,alpha1p0,102,3,subject102_client3,593,10,ironing,959.28
1.0,alpha1p0,102,3,subject102_client3,594,10,ironing,960.56
1.0,alpha1p0,102,3,subject102_client3,595,10,ironing,961.84
1.0,alpha1p0,102,3,subject102_client3,596,10,ironing,963.12
1.0,alpha1p0,102,3,subject102_client3,597,10,ironing,964.4
1.0,alpha1p0,102,3,subject102_client3,598,10,ironing,965.68
1.0,alpha1p0,102,3,subject102_client3,599,10,ironing,966.96
1.0,alpha1p0,102,3,subject102_client3,600,10,ironing,968.24
1.0,alpha1p0,102,3,subject102_client3,601,10,ironing,969.52
1.0,alpha1p0,102,3,subject102_client3,602,10,ironing,970.8
1.0,alpha1p0,102,3,subject102_client3,603,10,ironing,972.08
1.0,alpha1p0,102,3,subject102_client3,604,10,ironing,973.36
1.0,alpha1p0,102,3,subject102_client3,605,10,ironing,974.64
1.0,alpha1p0,102,3,subject102_client3,606,10,ironing,975.92
1.0,alpha1p0,102,3,subject102_client3,607,10,ironing,977.2
1.0,alpha1p0,102,3,subject102_client3,608,10,ironing,978.48
1.0,alpha1p0,102,3,subject102_client3,609,10,ironing,979.76
1.0,alpha1p0,102,3,subject102_client3,610,10,ironing,981.04
1.0,alpha1p0,102,3,subject102_client3,611,10,ironing,982.32
1.0,alpha1p0,102,3,subject102_client3,612,10,ironing,983.6
1.0,alpha1p0,102,3,subject102_client3,613,10,ironing,984.88
1.0,alpha1p0,102,3,subject102_client3,614,10,ironing,986.16
1.0,alpha1p0,102,3,subject102_client3,615,10,ironing,987.44
1.0,alpha1p0,102,3,subject102_client3,616,10,ironing,988.72
1.0,alpha1p0,102,3,subject102_client3,617,10,ironing,990.0
1.0,alpha1p0,102,3,subject102_client3,618,10,ironing,991.28
1.0,alpha1p0,102,3,subject102_client3,619,10,ironing,992.56
1.0,alpha1p0,102,3,subject102_client3,620,10,ironing,993.84
1.0,alpha1p0,102,3,subject102_client3,621,10,ironing,995.12
1.0,alpha1p0,102,3,subject102_client3,622,10,ironing,996.4
1.0,alpha1p0,102,3,subject102_client3,623,10,ironing,997.68
1.0,alpha1p0,102,3,subject102_client3,624,10,ironing,998.96
1.0,alpha1p0,102,3,subject102_client3,625,10,ironing,1000.24
1.0,alpha1p0,102,0,subject102_client0,627,10,ironing,1002.8
1.0,alpha1p0,102,0,subject102_client0,628,10,ironing,1004.08
1.0,alpha1p0,102,0,subject102_client0,629,10,ironing,1005.36
1.0,alpha1p0,102,0,subject102_client0,630,10,ironing,1006.64
1.0,alpha1p0,102,0,subject102_client0,631,10,ironing,1007.92
1.0,alpha1p0,102,0,subject102_client0,632,10,ironing,1009.2
1.0,alpha1p0,102,0,subject102_client0,633,10,ironing,1010.48
1.0,alpha1p0,102,0,subject102_client0,634,10,ironing,1011.76
1.0,alpha1p0,102,0,subject102_client0,635,10,ironing,1013.04
1.0,alpha1p0,102,0,subject102_client0,636,10,ironing,1014.32
1.0,alpha1p0,102,0,subject102_client0,637,10,ironing,1015.6
1.0,alpha1p0,102,0,subject102_client0,638,10,ironing,1016.88
1.0,alpha1p0,102,0,subject102_client0,639,10,ironing,1018.16
1.0,alpha1p0,102,0,subject102_client0,640,10,ironing,1019.44
1.0,alpha1p0,102,0,subject102_client0,641,10,ironing,1020.72
1.0,alpha1p0,102,0,subject102_client0,642,10,ironing,1022.0
1.0,alpha1p0,102,0,subject102_client0,643,10,ironing,1023.28
1.0,alpha1p0,102,0,subject102_client0,644,10,ironing,1024.56
1.0,alpha1p0,102,0,subject102_client0,645,10,ironing,1025.84
1.0,alpha1p0,102,0,subject102_client0,646,10,ironing,1027.12
1.0,alpha1p0,102,0,subject102_client0,647,10,ironing,1028.4
1.0,alpha1p0,102,0,subject102_client0,648,10,ironing,1029.68
1.0,alpha1p0,102,0,subject102_client0,649,10,ironing,1030.96
1.0,alpha1p0,102,0,subject102_client0,650,10,ironing,1032.24
1.0,alpha1p0,102,0,subject102_client0,651,10,ironing,1033.52
1.0,alpha1p0,102,0,subject102_client0,652,10,ironing,1034.8
1.0,alpha1p0,102,0,subject102_client0,653,10,ironing,1036.08
1.0,alpha1p0,102,0,subject102_client0,654,10,ironing,1037.36
1.0,alpha1p0,102,0,subject102_client0,655,10,ironing,1038.64
1.0,alpha1p0,102,0,subject102_client0,656,10,ironing,1039.92
1.0,alpha1p0,102,0,subject102_client0,657,10,ironing,1041.2
1.0,alpha1p0,102,0,subject102_client0,658,10,ironing,1042.48
1.0,alpha1p0,102,0,subject102_client0,659,10,ironing,1043.76
1.0,alpha1p0,102,0,subject102_client0,660,10,ironing,1045.04
1.0,alpha1p0,102,0,subject102_client0,661,10,ironing,1046.32
1.0,alpha1p0,102,0,subject102_client0,662,10,ironing,1047.6
1.0,alpha1p0,102,0,subject102_client0,663,10,ironing,1048.88
1.0,alpha1p0,102,0,subject102_client0,664,10,ironing,1050.16
1.0,alpha1p0,102,0,subject102_client0,665,10,ironing,1051.44
1.0,alpha1p0,102,0,subject102_client0,666,10,ironing,1052.72
1.0,alpha1p0,102,0,subject102_client0,667,10,ironing,1054.0
1.0,alpha1p0,102,0,subject102_client0,668,10,ironing,1055.28
1.0,alpha1p0,102,0,subject102_client0,669,10,ironing,1056.56
1.0,alpha1p0,102,0,subject102_client0,670,10,ironing,1057.84
1.0,alpha1p0,102,0,subject102_client0,671,10,ironing,1059.12
1.0,alpha1p0,102,0,subject102_client0,672,10,ironing,1060.4
1.0,alpha1p0,102,0,subject102_client0,673,10,ironing,1061.68
1.0,alpha1p0,102,0,subject102_client0,674,10,ironing,1062.96
1.0,alpha1p0,102,0,subject102_client0,675,10,ironing,1064.24
1.0,alpha1p0,102,0,subject102_client0,676,10,ironing,1065.52
1.0,alpha1p0,102,0,subject102_client0,677,10,ironing,1066.8
1.0,alpha1p0,102,0,subject102_client0,678,10,ironing,1068.08
1.0,alpha1p0,102,0,subject102_client0,679,10,ironing,1069.36
1.0,alpha1p0,102,0,subject102_client0,680,10,ironing,1070.64
1.0,alpha1p0,102,0,subject102_client0,681,10,ironing,1071.92
1.0,alpha1p0,102,0,subject102_client0,682,10,ironing,1073.2
1.0,alpha1p0,102,0,subject102_client0,683,10,ironing,1074.48
1.0,alpha1p0,102,0,subject102_client0,684,10,ironing,1075.76
1.0,alpha1p0,102,0,subject102_client0,685,10,ironing,1077.04
1.0,alpha1p0,102,0,subject102_client0,686,10,ironing,1078.32
1.0,alpha1p0,102,0,subject102_client0,687,10,ironing,1079.6
1.0,alpha1p0,102,0,subject102_client0,688,10,ironing,1080.88
1.0,alpha1p0,102,0,subject102_client0,689,10,ironing,1082.16
1.0,alpha1p0,102,0,subject102_client0,690,10,ironing,1083.44
1.0,alpha1p0,102,0,subject102_client0,691,10,ironing,1084.72
1.0,alpha1p0,102,0,subject102_client0,692,10,ironing,1086.0
1.0,alpha1p0,102,0,subject102_client0,693,10,ironing,1087.28
1.0,alpha1p0,102,0,subject102_client0,694,10,ironing,1088.56
1.0,alpha1p0,102,0,subject102_client0,695,10,ironing,1089.84
1.0,alpha1p0,102,0,subject102_client0,696,10,ironing,1091.12
1.0,alpha1p0,102,0,subject102_client0,697,10,ironing,1092.4
1.0,alpha1p0,102,0,subject102_client0,698,10,ironing,1093.68
1.0,alpha1p0,102,0,subject102_client0,699,10,ironing,1094.96
1.0,alpha1p0,102,0,subject102_client0,700,10,ironing,1096.24
1.0,alpha1p0,102,1,subject102_client1,702,10,ironing,1098.8
1.0,alpha1p0,102,1,subject102_client1,703,10,ironing,1100.08
1.0,alpha1p0,102,1,subject102_client1,704,10,ironing,1101.36
1.0,alpha1p0,102,1,subject102_client1,705,10,ironing,1102.64
1.0,alpha1p0,102,1,subject102_client1,706,10,ironing,1103.92
1.0,alpha1p0,102,1,subject102_client1,707,10,ironing,1105.2
1.0,alpha1p0,102,1,subject102_client1,708,10,ironing,1106.48
1.0,alpha1p0,102,1,subject102_client1,709,10,ironing,1107.76
1.0,alpha1p0,102,1,subject102_client1,710,10,ironing,1109.04
1.0,alpha1p0,102,1,subject102_client1,711,10,ironing,1110.32
1.0,alpha1p0,102,1,subject102_client1,712,10,ironing,1111.6
1.0,alpha1p0,102,1,subject102_client1,713,10,ironing,1112.88
1.0,alpha1p0,102,1,subject102_client1,714,10,ironing,1114.16
1.0,alpha1p0,102,1,subject102_client1,715,10,ironing,1115.44
1.0,alpha1p0,102,1,subject102_client1,716,10,ironing,1116.72
1.0,alpha1p0,102,1,subject102_client1,717,10,ironing,1118.0
1.0,alpha1p0,102,1,subject102_client1,718,10,ironing,1119.28
1.0,alpha1p0,102,1,subject102_client1,719,10,ironing,1120.56
1.0,alpha1p0,102,1,subject102_client1,720,10,ironing,1121.84
1.0,alpha1p0,102,1,subject102_client1,721,10,ironing,1123.12
1.0,alpha1p0,102,1,subject102_client1,722,10,ironing,1124.4
1.0,alpha1p0,102,1,subject102_client1,723,10,ironing,1125.68
1.0,alpha1p0,102,1,subject102_client1,724,10,ironing,1126.96
1.0,alpha1p0,102,1,subject102_client1,725,10,ironing,1128.24
1.0,alpha1p0,102,1,subject102_client1,726,10,ironing,1129.52
1.0,alpha1p0,102,1,subject102_client1,727,10,ironing,1130.8
1.0,alpha1p0,102,1,subject102_client1,728,10,ironing,1132.08
1.0,alpha1p0,102,1,subject102_client1,729,10,ironing,1133.36
1.0,alpha1p0,102,1,subject102_client1,730,10,ironing,1134.64
1.0,alpha1p0,102,1,subject102_client1,731,10,ironing,1135.92
1.0,alpha1p0,102,1,subject102_client1,732,10,ironing,1137.2
1.0,alpha1p0,102,1,subject102_client1,733,10,ironing,1138.48
1.0,alpha1p0,102,1,subject102_client1,734,10,ironing,1139.76
1.0,alpha1p0,102,1,subject102_client1,735,10,ironing,1141.04
1.0,alpha1p0,102,1,subject102_client1,736,10,ironing,1142.32
1.0,alpha1p0,102,1,subject102_client1,737,10,ironing,1143.6
1.0,alpha1p0,102,1,subject102_client1,738,10,ironing,1144.88
1.0,alpha1p0,102,1,subject102_client1,739,10,ironing,1146.16
1.0,alpha1p0,102,1,subject102_client1,740,10,ironing,1147.44
1.0,alpha1p0,102,1,subject102_client1,741,10,ironing,1148.72
1.0,alpha1p0,102,1,subject102_client1,742,10,ironing,1150.0
1.0,alpha1p0,102,1,subject102_client1,743,10,ironing,1151.28
1.0,alpha1p0,102,1,subject102_client1,744,10,ironing,1152.56
1.0,alpha1p0,102,1,subject102_client1,745,10,ironing,1153.84
1.0,alpha1p0,102,1,subject102_client1,746,10,ironing,1155.12
1.0,alpha1p0,102,1,subject102_client1,747,10,ironing,1156.4
1.0,alpha1p0,102,1,subject102_client1,748,10,ironing,1157.68
1.0,alpha1p0,102,1,subject102_client1,749,10,ironing,1158.96
1.0,alpha1p0,102,1,subject102_client1,750,10,ironing,1160.24
1.0,alpha1p0,102,1,subject102_client1,751,10,ironing,1161.52
1.0,alpha1p0,102,1,subject102_client1,752,10,ironing,1162.8
1.0,alpha1p0,102,1,subject102_client1,753,10,ironing,1164.08
1.0,alpha1p0,102,1,subject102_client1,754,10,ironing,1165.36
1.0,alpha1p0,102,1,subject102_client1,755,10,ironing,1166.64
1.0,alpha1p0,102,1,subject102_client1,756,10,ironing,1167.92
1.0,alpha1p0,102,1,subject102_client1,757,10,ironing,1169.2
1.0,alpha1p0,102,1,subject102_client1,758,10,ironing,1170.48
1.0,alpha1p0,102,1,subject102_client1,759,10,ironing,1171.76
1.0,alpha1p0,102,1,subject102_client1,760,10,ironing,1173.04
1.0,alpha1p0,102,1,subject102_client1,761,10,ironing,1174.32
1.0,alpha1p0,102,1,subject102_client1,762,10,ironing,1175.6
1.0,alpha1p0,102,1,subject102_client1,763,10,ironing,1176.88
1.0,alpha1p0,102,1,subject102_client1,764,10,ironing,1178.16
1.0,alpha1p0,102,1,subject102_client1,765,10,ironing,1179.44
1.0,alpha1p0,102,1,subject102_client1,766,10,ironing,1180.72
1.0,alpha1p0,102,1,subject102_client1,767,10,ironing,1182.0
1.0,alpha1p0,102,1,subject102_client1,768,10,ironing,1183.28
1.0,alpha1p0,102,1,subject102_client1,769,10,ironing,1184.56
1.0,alpha1p0,102,1,subject102_client1,770,10,ironing,1185.84
1.0,alpha1p0,102,1,subject102_client1,771,10,ironing,1187.12
1.0,alpha1p0,102,1,subject102_client1,772,10,ironing,1188.4
1.0,alpha1p0,102,1,subject102_client1,773,10,ironing,1189.68
1.0,alpha1p0,102,1,subject102_client1,774,10,ironing,1190.96
1.0,alpha1p0,102,1,subject102_client1,775,10,ironing,1192.24
1.0,alpha1p0,102,1,subject102_client1,776,10,ironing,1193.52
1.0,alpha1p0,102,3,subject102_client3,777,9,vacuum cleaning,1277.78
1.0,alpha1p0,102,3,subject102_client3,778,9,vacuum cleaning,1279.06
1.0,alpha1p0,102,3,subject102_client3,779,9,vacuum cleaning,1280.34
1.0,alpha1p0,102,3,subject102_client3,780,9,vacuum cleaning,1281.62
1.0,alpha1p0,102,3,subject102_client3,781,9,vacuum cleaning,1282.9
1.0,alpha1p0,102,3,subject102_client3,782,9,vacuum cleaning,1284.18
1.0,alpha1p0,102,3,subject102_client3,783,9,vacuum cleaning,1285.46
1.0,alpha1p0,102,3,subject102_client3,784,9,vacuum cleaning,1286.74
1.0,alpha1p0,102,3,subject102_client3,785,9,vacuum cleaning,1288.02
1.0,alpha1p0,102,3,subject102_client3,786,9,vacuum cleaning,1289.3
1.0,alpha1p0,102,3,subject102_client3,787,9,vacuum cleaning,1290.58
1.0,alpha1p0,102,3,subject102_client3,788,9,vacuum cleaning,1291.86
1.0,alpha1p0,102,3,subject102_client3,789,9,vacuum cleaning,1293.14
1.0,alpha1p0,102,3,subject102_client3,790,9,vacuum cleaning,1294.42
1.0,alpha1p0,102,3,subject102_client3,791,9,vacuum cleaning,1295.7
1.0,alpha1p0,102,3,subject102_client3,792,9,vacuum cleaning,1296.98
1.0,alpha1p0,102,3,subject102_client3,793,9,vacuum cleaning,1298.26
1.0,alpha1p0,102,3,subject102_client3,794,9,vacuum cleaning,1299.54
1.0,alpha1p0,102,3,subject102_client3,795,9,vacuum cleaning,1300.82
1.0,alpha1p0,102,3,subject102_client3,796,9,vacuum cleaning,1302.1
1.0,alpha1p0,102,3,subject102_client3,797,9,vacuum cleaning,1303.38
1.0,alpha1p0,102,3,subject102_client3,798,9,vacuum cleaning,1304.66
1.0,alpha1p0,102,3,subject102_client3,799,9,vacuum cleaning,1305.94
1.0,alpha1p0,102,3,subject102_client3,800,9,vacuum cleaning,1307.22
1.0,alpha1p0,102,3,subject102_client3,801,9,vacuum cleaning,1308.5
1.0,alpha1p0,102,3,subject102_client3,802,9,vacuum cleaning,1309.78
1.0,alpha1p0,102,3,subject102_client3,803,9,vacuum cleaning,1311.06
1.0,alpha1p0,102,3,subject102_client3,804,9,vacuum cleaning,1312.34
1.0,alpha1p0,102,3,subject102_client3,805,9,vacuum cleaning,1313.62
1.0,alpha1p0,102,3,subject102_client3,806,9,vacuum cleaning,1314.9
1.0,alpha1p0,102,3,subject102_client3,807,9,vacuum cleaning,1316.18
1.0,alpha1p0,102,3,subject102_client3,808,9,vacuum cleaning,1317.46
1.0,alpha1p0,102,3,subject102_client3,809,9,vacuum cleaning,1318.74
1.0,alpha1p0,102,3,subject102_client3,810,9,vacuum cleaning,1320.02
1.0,alpha1p0,102,3,subject102_client3,811,9,vacuum cleaning,1321.3
1.0,alpha1p0,102,3,subject102_client3,812,9,vacuum cleaning,1322.58
1.0,alpha1p0,102,3,subject102_client3,813,9,vacuum cleaning,1323.86
1.0,alpha1p0,102,3,subject102_client3,814,9,vacuum cleaning,1325.14
1.0,alpha1p0,102,3,subject102_client3,815,9,vacuum cleaning,1326.42
1.0,alpha1p0,102,3,subject102_client3,816,9,vacuum cleaning,1327.7
1.0,alpha1p0,102,3,subject102_client3,817,9,vacuum cleaning,1328.98
1.0,alpha1p0,102,3,subject102_client3,818,9,vacuum cleaning,1330.26
1.0,alpha1p0,102,3,subject102_client3,819,9,vacuum cleaning,1331.54
1.0,alpha1p0,102,3,subject102_client3,820,9,vacuum cleaning,1332.82
1.0,alpha1p0,102,3,subject102_client3,821,9,vacuum cleaning,1334.1
1.0,alpha1p0,102,3,subject102_client3,822,9,vacuum cleaning,1335.38
1.0,alpha1p0,102,3,subject102_client3,823,9,vacuum cleaning,1336.66
1.0,alpha1p0,102,3,subject102_client3,824,9,vacuum cleaning,1337.94
1.0,alpha1p0,102,3,subject102_client3,825,9,vacuum cleaning,1339.22
1.0,alpha1p0,102,3,subject102_client3,826,9,vacuum cleaning,1340.5
1.0,alpha1p0,102,3,subject102_client3,827,9,vacuum cleaning,1341.78
1.0,alpha1p0,102,3,subject102_client3,828,9,vacuum cleaning,1343.06
1.0,alpha1p0,102,3,subject102_client3,829,9,vacuum cleaning,1344.34
1.0,alpha1p0,102,3,subject102_client3,830,9,vacuum cleaning,1345.62
1.0,alpha1p0,102,3,subject102_client3,831,9,vacuum cleaning,1346.9
1.0,alpha1p0,102,3,subject102_client3,832,9,vacuum cleaning,1348.18
1.0,alpha1p0,102,3,subject102_client3,833,9,vacuum cleaning,1349.46
1.0,alpha1p0,102,3,subject102_client3,834,9,vacuum cleaning,1350.74
1.0,alpha1p0,102,3,subject102_client3,835,9,vacuum cleaning,1352.02
1.0,alpha1p0,102,3,subject102_client3,836,9,vacuum cleaning,1353.3
1.0,alpha1p0,102,3,subject102_client3,837,9,vacuum cleaning,1354.58
1.0,alpha1p0,102,3,subject102_client3,838,9,vacuum cleaning,1355.86
1.0,alpha1p0,102,3,subject102_client3,839,9,vacuum cleaning,1357.14
1.0,alpha1p0,102,3,subject102_client3,840,9,vacuum cleaning,1358.42
1.0,alpha1p0,102,3,subject102_client3,841,9,vacuum cleaning,1359.7
1.0,alpha1p0,102,3,subject102_client3,842,9,vacuum cleaning,1360.98
1.0,alpha1p0,102,3,subject102_client3,843,9,vacuum cleaning,1362.26
1.0,alpha1p0,102,3,subject102_client3,844,9,vacuum cleaning,1363.54
1.0,alpha1p0,102,3,subject102_client3,845,9,vacuum cleaning,1364.82
1.0,alpha1p0,102,3,subject102_client3,846,9,vacuum cleaning,1366.1
1.0,alpha1p0,102,3,subject102_client3,847,9,vacuum cleaning,1367.38
1.0,alpha1p0,102,3,subject102_client3,848,9,vacuum cleaning,1368.66
1.0,alpha1p0,102,3,subject102_client3,849,9,vacuum cleaning,1369.94
1.0,alpha1p0,102,3,subject102_client3,850,9,vacuum cleaning,1371.22
1.0,alpha1p0,102,3,subject102_client3,851,9,vacuum cleaning,1372.5
1.0,alpha1p0,102,3,subject102_client3,852,9,vacuum cleaning,1373.78
1.0,alpha1p0,102,3,subject102_client3,853,9,vacuum cleaning,1375.06
1.0,alpha1p0,102,3,subject102_client3,854,9,vacuum cleaning,1376.34
1.0,alpha1p0,102,3,subject102_client3,855,9,vacuum cleaning,1377.62
1.0,alpha1p0,102,3,subject102_client3,856,9,vacuum cleaning,1378.9
1.0,alpha1p0,102,3,subject102_client3,857,9,vacuum cleaning,1380.18
1.0,alpha1p0,102,3,subject102_client3,858,9,vacuum cleaning,1381.46
1.0,alpha1p0,102,3,subject102_client3,859,9,vacuum cleaning,1382.74
1.0,alpha1p0,102,3,subject102_client3,860,9,vacuum cleaning,1384.02
1.0,alpha1p0,102,3,subject102_client3,861,9,vacuum cleaning,1385.3
1.0,alpha1p0,102,3,subject102_client3,862,9,vacuum cleaning,1386.58
1.0,alpha1p0,102,3,subject102_client3,863,9,vacuum cleaning,1387.86
1.0,alpha1p0,102,3,subject102_client3,864,9,vacuum cleaning,1389.14
1.0,alpha1p0,102,3,subject102_client3,865,9,vacuum cleaning,1390.42
1.0,alpha1p0,102,3,subject102_client3,866,9,vacuum cleaning,1391.7
1.0,alpha1p0,102,3,subject102_client3,867,9,vacuum cleaning,1392.98
1.0,alpha1p0,102,3,subject102_client3,868,9,vacuum cleaning,1394.26
1.0,alpha1p0,102,3,subject102_client3,869,9,vacuum cleaning,1395.54
1.0,alpha1p0,102,3,subject102_client3,870,9,vacuum cleaning,1396.82
1.0,alpha1p0,102,3,subject102_client3,871,9,vacuum cleaning,1398.1
1.0,alpha1p0,102,3,subject102_client3,872,9,vacuum cleaning,1399.38
1.0,alpha1p0,102,3,subject102_client3,873,9,vacuum cleaning,1400.66
1.0,alpha1p0,102,3,subject102_client3,874,9,vacuum cleaning,1401.94
1.0,alpha1p0,102,3,subject102_client3,875,9,vacuum cleaning,1403.22
1.0,alpha1p0,102,0,subject102_client0,877,9,vacuum cleaning,1405.78
1.0,alpha1p0,102,0,subject102_client0,878,9,vacuum cleaning,1407.06
1.0,alpha1p0,102,0,subject102_client0,879,9,vacuum cleaning,1408.34
1.0,alpha1p0,102,0,subject102_client0,880,9,vacuum cleaning,1409.62
1.0,alpha1p0,102,0,subject102_client0,881,9,vacuum cleaning,1410.9
1.0,alpha1p0,102,0,subject102_client0,882,9,vacuum cleaning,1412.18
1.0,alpha1p0,102,0,subject102_client0,883,9,vacuum cleaning,1413.46
1.0,alpha1p0,102,0,subject102_client0,884,9,vacuum cleaning,1414.74
1.0,alpha1p0,102,0,subject102_client0,885,9,vacuum cleaning,1416.02
1.0,alpha1p0,102,0,subject102_client0,886,9,vacuum cleaning,1417.3
1.0,alpha1p0,102,0,subject102_client0,887,9,vacuum cleaning,1418.58
1.0,alpha1p0,102,0,subject102_client0,888,9,vacuum cleaning,1419.86
1.0,alpha1p0,102,0,subject102_client0,889,9,vacuum cleaning,1421.14
1.0,alpha1p0,102,0,subject102_client0,890,9,vacuum cleaning,1422.42
1.0,alpha1p0,102,0,subject102_client0,891,9,vacuum cleaning,1423.7
1.0,alpha1p0,102,0,subject102_client0,892,9,vacuum cleaning,1424.98
1.0,alpha1p0,102,0,subject102_client0,893,9,vacuum cleaning,1426.26
1.0,alpha1p0,102,0,subject102_client0,894,9,vacuum cleaning,1427.54
1.0,alpha1p0,102,0,subject102_client0,895,9,vacuum cleaning,1428.82
1.0,alpha1p0,102,0,subject102_client0,896,9,vacuum cleaning,1430.1
1.0,alpha1p0,102,0,subject102_client0,897,9,vacuum cleaning,1431.38
1.0,alpha1p0,102,0,subject102_client0,898,9,vacuum cleaning,1432.66
1.0,alpha1p0,102,0,subject102_client0,899,9,vacuum cleaning,1433.94
1.0,alpha1p0,102,0,subject102_client0,900,9,vacuum cleaning,1435.22
1.0,alpha1p0,102,0,subject102_client0,901,9,vacuum cleaning,1436.5
1.0,alpha1p0,102,0,subject102_client0,902,9,vacuum cleaning,1437.78
1.0,alpha1p0,102,0,subject102_client0,903,9,vacuum cleaning,1439.06
1.0,alpha1p0,102,0,subject102_client0,904,9,vacuum cleaning,1440.34
1.0,alpha1p0,102,0,subject102_client0,905,9,vacuum cleaning,1441.62
1.0,alpha1p0,102,0,subject102_client0,906,9,vacuum cleaning,1442.9
1.0,alpha1p0,102,0,subject102_client0,907,9,vacuum cleaning,1444.18
1.0,alpha1p0,102,0,subject102_client0,908,9,vacuum cleaning,1445.46
1.0,alpha1p0,102,0,subject102_client0,909,9,vacuum cleaning,1446.74
1.0,alpha1p0,102,0,subject102_client0,910,9,vacuum cleaning,1448.02
1.0,alpha1p0,102,0,subject102_client0,911,9,vacuum cleaning,1449.3
1.0,alpha1p0,102,0,subject102_client0,912,9,vacuum cleaning,1450.58
1.0,alpha1p0,102,0,subject102_client0,913,9,vacuum cleaning,1451.86
1.0,alpha1p0,102,0,subject102_client0,914,9,vacuum cleaning,1453.14
1.0,alpha1p0,102,0,subject102_client0,915,9,vacuum cleaning,1454.42
1.0,alpha1p0,102,0,subject102_client0,916,9,vacuum cleaning,1455.7
1.0,alpha1p0,102,0,subject102_client0,917,9,vacuum cleaning,1456.98
1.0,alpha1p0,102,0,subject102_client0,918,9,vacuum cleaning,1458.26
1.0,alpha1p0,102,0,subject102_client0,919,9,vacuum cleaning,1459.54
1.0,alpha1p0,102,1,subject102_client1,921,9,vacuum cleaning,1462.1
1.0,alpha1p0,102,1,subject102_client1,922,9,vacuum cleaning,1463.38
1.0,alpha1p0,102,1,subject102_client1,923,9,vacuum cleaning,1464.66
1.0,alpha1p0,102,2,subject102_client2,925,9,vacuum cleaning,1467.22
1.0,alpha1p0,102,2,subject102_client2,926,9,vacuum cleaning,1468.5
1.0,alpha1p0,102,2,subject102_client2,927,9,vacuum cleaning,1469.78
1.0,alpha1p0,102,2,subject102_client2,928,9,vacuum cleaning,1471.06
1.0,alpha1p0,102,2,subject102_client2,929,9,vacuum cleaning,1472.34
1.0,alpha1p0,102,2,subject102_client2,930,9,vacuum cleaning,1473.62
1.0,alpha1p0,102,2,subject102_client2,931,9,vacuum cleaning,1474.9
1.0,alpha1p0,102,2,subject102_client2,932,9,vacuum cleaning,1476.18
1.0,alpha1p0,102,2,subject102_client2,933,9,vacuum cleaning,1477.46
1.0,alpha1p0,102,2,subject102_client2,934,9,vacuum cleaning,1478.74
1.0,alpha1p0,102,2,subject102_client2,935,9,vacuum cleaning,1480.02
1.0,alpha1p0,102,2,subject102_client2,936,9,vacuum cleaning,1481.3
1.0,alpha1p0,102,1,subject102_client1,937,7,ascending stairs,1734.17
1.0,alpha1p0,102,1,subject102_client1,938,7,ascending stairs,1735.45
1.0,alpha1p0,102,1,subject102_client1,939,7,ascending stairs,1736.73
1.0,alpha1p0,102,1,subject102_client1,940,7,ascending stairs,1738.01
1.0,alpha1p0,102,1,subject102_client1,941,7,ascending stairs,1739.29
1.0,alpha1p0,102,1,subject102_client1,942,7,ascending stairs,1740.57
1.0,alpha1p0,102,1,subject102_client1,943,7,ascending stairs,1741.85
1.0,alpha1p0,102,1,subject102_client1,944,7,ascending stairs,1743.13
1.0,alpha1p0,102,1,subject102_client1,945,7,ascending stairs,1744.41
1.0,alpha1p0,102,1,subject102_client1,946,7,ascending stairs,1745.69
1.0,alpha1p0,102,1,subject102_client1,947,7,ascending stairs,1746.97
1.0,alpha1p0,102,1,subject102_client1,948,7,ascending stairs,1748.25
1.0,alpha1p0,102,1,subject102_client1,949,7,ascending stairs,1749.53
1.0,alpha1p0,102,1,subject102_client1,950,7,ascending stairs,1750.81
1.0,alpha1p0,102,1,subject102_client1,951,7,ascending stairs,1752.09
1.0,alpha1p0,102,1,subject102_client1,952,7,ascending stairs,1753.37
1.0,alpha1p0,102,1,subject102_client1,953,7,ascending stairs,1754.65
1.0,alpha1p0,102,1,subject102_client1,954,7,ascending stairs,1755.93
1.0,alpha1p0,102,1,subject102_client1,955,7,ascending stairs,1757.21
1.0,alpha1p0,102,1,subject102_client1,956,7,ascending stairs,1758.49
1.0,alpha1p0,102,1,subject102_client1,957,7,ascending stairs,1759.77
1.0,alpha1p0,102,1,subject102_client1,958,7,ascending stairs,1761.05
1.0,alpha1p0,102,1,subject102_client1,959,7,ascending stairs,1762.33
1.0,alpha1p0,102,1,subject102_client1,960,7,ascending stairs,1763.61
1.0,alpha1p0,102,1,subject102_client1,961,7,ascending stairs,1764.89
1.0,alpha1p0,102,1,subject102_client1,962,7,ascending stairs,1766.17
1.0,alpha1p0,102,1,subject102_client1,963,7,ascending stairs,1767.45
1.0,alpha1p0,102,1,subject102_client1,964,7,ascending stairs,1768.73
1.0,alpha1p0,102,1,subject102_client1,965,7,ascending stairs,1770.01
1.0,alpha1p0,102,1,subject102_client1,966,7,ascending stairs,1771.29
1.0,alpha1p0,102,0,subject102_client0,968,7,ascending stairs,1773.85
1.0,alpha1p0,102,0,subject102_client0,969,7,ascending stairs,1775.13
1.0,alpha1p0,102,0,subject102_client0,970,7,ascending stairs,1776.41
1.0,alpha1p0,102,0,subject102_client0,971,7,ascending stairs,1777.69
1.0,alpha1p0,102,0,subject102_client0,972,7,ascending stairs,1778.97
1.0,alpha1p0,102,0,subject102_client0,973,7,ascending stairs,1780.25
1.0,alpha1p0,102,0,subject102_client0,974,7,ascending stairs,1781.53
1.0,alpha1p0,102,0,subject102_client0,975,7,ascending stairs,1782.81
1.0,alpha1p0,102,0,subject102_client0,976,7,ascending stairs,1784.09
1.0,alpha1p0,102,0,subject102_client0,977,7,ascending stairs,1785.37
1.0,alpha1p0,102,0,subject102_client0,978,7,ascending stairs,1786.65
1.0,alpha1p0,102,0,subject102_client0,979,7,ascending stairs,1787.93
1.0,alpha1p0,102,0,subject102_client0,980,7,ascending stairs,1789.21
1.0,alpha1p0,102,0,subject102_client0,981,7,ascending stairs,1790.49
1.0,alpha1p0,102,0,subject102_client0,982,7,ascending stairs,1791.77
1.0,alpha1p0,102,0,subject102_client0,983,7,ascending stairs,1793.05
1.0,alpha1p0,102,0,subject102_client0,984,7,ascending stairs,1794.33
1.0,alpha1p0,102,0,subject102_client0,985,7,ascending stairs,1795.61
1.0,alpha1p0,102,0,subject102_client0,986,7,ascending stairs,1796.89
1.0,alpha1p0,102,0,subject102_client0,987,7,ascending stairs,1798.17
1.0,alpha1p0,102,0,subject102_client0,988,7,ascending stairs,1799.45
1.0,alpha1p0,102,0,subject102_client0,989,7,ascending stairs,1800.73
1.0,alpha1p0,102,0,subject102_client0,990,7,ascending stairs,1802.01
1.0,alpha1p0,102,0,subject102_client0,991,7,ascending stairs,1803.29
1.0,alpha1p0,102,0,subject102_client0,992,7,ascending stairs,1804.57
1.0,alpha1p0,102,0,subject102_client0,993,7,ascending stairs,1805.85
1.0,alpha1p0,102,0,subject102_client0,994,7,ascending stairs,1807.13
1.0,alpha1p0,102,0,subject102_client0,995,7,ascending stairs,1808.41
1.0,alpha1p0,102,0,subject102_client0,996,7,ascending stairs,1809.69
1.0,alpha1p0,102,0,subject102_client0,997,7,ascending stairs,1810.97
1.0,alpha1p0,102,0,subject102_client0,998,7,ascending stairs,1812.25
1.0,alpha1p0,102,0,subject102_client0,999,7,ascending stairs,1813.53
1.0,alpha1p0,102,0,subject102_client0,1000,7,ascending stairs,1814.81
1.0,alpha1p0,102,0,subject102_client0,1001,7,ascending stairs,1816.09
1.0,alpha1p0,102,0,subject102_client0,1002,7,ascending stairs,1817.37
1.0,alpha1p0,102,0,subject102_client0,1003,7,ascending stairs,1818.65
1.0,alpha1p0,102,1,subject102_client1,1004,8,descending stairs,1921.25
1.0,alpha1p0,102,1,subject102_client1,1005,8,descending stairs,1922.53
1.0,alpha1p0,102,1,subject102_client1,1006,8,descending stairs,1923.81
1.0,alpha1p0,102,1,subject102_client1,1007,8,descending stairs,1925.09
1.0,alpha1p0,102,1,subject102_client1,1008,8,descending stairs,1926.37
1.0,alpha1p0,102,1,subject102_client1,1009,8,descending stairs,1927.65
1.0,alpha1p0,102,1,subject102_client1,1010,8,descending stairs,1928.93
1.0,alpha1p0,102,1,subject102_client1,1011,8,descending stairs,1930.21
1.0,alpha1p0,102,1,subject102_client1,1012,8,descending stairs,1931.49
1.0,alpha1p0,102,1,subject102_client1,1013,8,descending stairs,1932.77
1.0,alpha1p0,102,1,subject102_client1,1014,8,descending stairs,1934.05
1.0,alpha1p0,102,1,subject102_client1,1015,8,descending stairs,1935.33
1.0,alpha1p0,102,1,subject102_client1,1016,8,descending stairs,1936.61
1.0,alpha1p0,102,1,subject102_client1,1017,8,descending stairs,1937.89
1.0,alpha1p0,102,1,subject102_client1,1018,8,descending stairs,1939.17
1.0,alpha1p0,102,1,subject102_client1,1019,8,descending stairs,1940.45
1.0,alpha1p0,102,1,subject102_client1,1020,8,descending stairs,1941.73
1.0,alpha1p0,102,1,subject102_client1,1021,8,descending stairs,1943.01
1.0,alpha1p0,102,1,subject102_client1,1022,8,descending stairs,1944.29
1.0,alpha1p0,102,1,subject102_client1,1023,8,descending stairs,1945.57
1.0,alpha1p0,102,1,subject102_client1,1024,8,descending stairs,1946.85
1.0,alpha1p0,102,1,subject102_client1,1025,8,descending stairs,1948.13
1.0,alpha1p0,102,1,subject102_client1,1026,8,descending stairs,1949.41
1.0,alpha1p0,102,1,subject102_client1,1027,8,descending stairs,1950.69
1.0,alpha1p0,102,1,subject102_client1,1028,8,descending stairs,1951.97
1.0,alpha1p0,102,1,subject102_client1,1029,8,descending stairs,1953.25
1.0,alpha1p0,102,1,subject102_client1,1030,8,descending stairs,1954.53
1.0,alpha1p0,102,1,subject102_client1,1031,8,descending stairs,1955.81
1.0,alpha1p0,102,1,subject102_client1,1032,8,descending stairs,1957.09
1.0,alpha1p0,102,1,subject102_client1,1033,8,descending stairs,1958.37
1.0,alpha1p0,102,1,subject102_client1,1034,8,descending stairs,1959.65
1.0,alpha1p0,102,1,subject102_client1,1035,8,descending stairs,1960.93
1.0,alpha1p0,102,1,subject102_client1,1036,8,descending stairs,1962.21
1.0,alpha1p0,102,1,subject102_client1,1037,8,descending stairs,1963.49
1.0,alpha1p0,102,1,subject102_client1,1038,8,descending stairs,1964.77
1.0,alpha1p0,102,1,subject102_client1,1039,8,descending stairs,1966.05
1.0,alpha1p0,102,1,subject102_client1,1040,8,descending stairs,1967.33
1.0,alpha1p0,102,1,subject102_client1,1041,8,descending stairs,1968.61
1.0,alpha1p0,102,1,subject102_client1,1042,8,descending stairs,1969.89
1.0,alpha1p0,102,1,subject102_client1,1043,8,descending stairs,1971.17
1.0,alpha1p0,102,1,subject102_client1,1044,8,descending stairs,1972.45
1.0,alpha1p0,102,1,subject102_client1,1045,8,descending stairs,1973.73
1.0,alpha1p0,102,1,subject102_client1,1046,8,descending stairs,1975.01
1.0,alpha1p0,102,1,subject102_client1,1047,8,descending stairs,1976.29
1.0,alpha1p0,102,1,subject102_client1,1048,8,descending stairs,1977.57
1.0,alpha1p0,102,1,subject102_client1,1049,8,descending stairs,1978.85
1.0,alpha1p0,102,1,subject102_client1,1050,8,descending stairs,1980.13
1.0,alpha1p0,102,1,subject102_client1,1051,8,descending stairs,1981.41
1.0,alpha1p0,102,1,subject102_client1,1052,8,descending stairs,1982.69
1.0,alpha1p0,102,1,subject102_client1,1053,8,descending stairs,1983.97
1.0,alpha1p0,102,1,subject102_client1,1054,8,descending stairs,1985.25
1.0,alpha1p0,102,1,subject102_client1,1055,8,descending stairs,1986.53
1.0,alpha1p0,102,1,subject102_client1,1056,8,descending stairs,1987.81
1.0,alpha1p0,102,1,subject102_client1,1057,8,descending stairs,1989.09
1.0,alpha1p0,102,1,subject102_client1,1058,8,descending stairs,1990.37
1.0,alpha1p0,102,1,subject102_client1,1059,8,descending stairs,1991.65
1.0,alpha1p0,102,1,subject102_client1,1060,8,descending stairs,1992.93
1.0,alpha1p0,102,1,subject102_client1,1061,8,descending stairs,1994.21
1.0,alpha1p0,102,1,subject102_client1,1062,8,descending stairs,1995.49
1.0,alpha1p0,102,0,subject102_client0,1063,7,ascending stairs,2429.11
1.0,alpha1p0,102,0,subject102_client0,1064,7,ascending stairs,2430.39
1.0,alpha1p0,102,0,subject102_client0,1065,7,ascending stairs,2431.67
1.0,alpha1p0,102,0,subject102_client0,1066,7,ascending stairs,2432.95
1.0,alpha1p0,102,0,subject102_client0,1067,7,ascending stairs,2434.23
1.0,alpha1p0,102,0,subject102_client0,1068,7,ascending stairs,2435.51
1.0,alpha1p0,102,0,subject102_client0,1069,7,ascending stairs,2436.79
1.0,alpha1p0,102,0,subject102_client0,1070,7,ascending stairs,2438.07
1.0,alpha1p0,102,0,subject102_client0,1071,7,ascending stairs,2439.35
1.0,alpha1p0,102,0,subject102_client0,1072,7,ascending stairs,2440.63
1.0,alpha1p0,102,2,subject102_client2,1074,7,ascending stairs,2443.19
1.0,alpha1p0,102,2,subject102_client2,1075,7,ascending stairs,2444.47
1.0,alpha1p0,102,2,subject102_client2,1076,7,ascending stairs,2445.75
1.0,alpha1p0,102,2,subject102_client2,1077,7,ascending stairs,2447.03
1.0,alpha1p0,102,2,subject102_client2,1078,7,ascending stairs,2448.31
1.0,alpha1p0,102,2,subject102_client2,1079,7,ascending stairs,2449.59
1.0,alpha1p0,102,2,subject102_client2,1080,7,ascending stairs,2450.87
1.0,alpha1p0,102,2,subject102_client2,1081,7,ascending stairs,2452.15
1.0,alpha1p0,102,2,subject102_client2,1082,7,ascending stairs,2453.43
1.0,alpha1p0,102,2,subject102_client2,1083,7,ascending stairs,2454.71
1.0,alpha1p0,102,2,subject102_client2,1084,7,ascending stairs,2455.99
1.0,alpha1p0,102,2,subject102_client2,1085,7,ascending stairs,2457.27
1.0,alpha1p0,102,2,subject102_client2,1086,7,ascending stairs,2458.55
1.0,alpha1p0,102,2,subject102_client2,1087,7,ascending stairs,2459.83
1.0,alpha1p0,102,2,subject102_client2,1088,7,ascending stairs,2461.11
1.0,alpha1p0,102,2,subject102_client2,1089,7,ascending stairs,2462.39
1.0,alpha1p0,102,2,subject102_client2,1090,7,ascending stairs,2463.67
1.0,alpha1p0,102,2,subject102_client2,1091,7,ascending stairs,2464.95
1.0,alpha1p0,102,2,subject102_client2,1092,7,ascending stairs,2466.23
1.0,alpha1p0,102,2,subject102_client2,1093,7,ascending stairs,2467.51
1.0,alpha1p0,102,2,subject102_client2,1094,7,ascending stairs,2468.79
1.0,alpha1p0,102,2,subject102_client2,1095,7,ascending stairs,2470.07
1.0,alpha1p0,102,2,subject102_client2,1096,7,ascending stairs,2471.35
1.0,alpha1p0,102,2,subject102_client2,1097,7,ascending stairs,2472.63
1.0,alpha1p0,102,2,subject102_client2,1098,7,ascending stairs,2473.91
1.0,alpha1p0,102,2,subject102_client2,1099,7,ascending stairs,2475.19
1.0,alpha1p0,102,2,subject102_client2,1100,7,ascending stairs,2476.47
1.0,alpha1p0,102,2,subject102_client2,1101,7,ascending stairs,2477.75
1.0,alpha1p0,102,2,subject102_client2,1102,7,ascending stairs,2479.03
1.0,alpha1p0,102,2,subject102_client2,1103,7,ascending stairs,2480.31
1.0,alpha1p0,102,2,subject102_client2,1104,7,ascending stairs,2481.59
1.0,alpha1p0,102,2,subject102_client2,1105,7,ascending stairs,2482.87
1.0,alpha1p0,102,2,subject102_client2,1106,7,ascending stairs,2484.15
1.0,alpha1p0,102,2,subject102_client2,1107,7,ascending stairs,2485.43
1.0,alpha1p0,102,2,subject102_client2,1108,7,ascending stairs,2486.71
1.0,alpha1p0,102,2,subject102_client2,1109,7,ascending stairs,2487.99
1.0,alpha1p0,102,2,subject102_client2,1110,7,ascending stairs,2489.27
1.0,alpha1p0,102,2,subject102_client2,1111,7,ascending stairs,2490.55
1.0,alpha1p0,102,2,subject102_client2,1112,7,ascending stairs,2491.83
1.0,alpha1p0,102,2,subject102_client2,1113,7,ascending stairs,2493.11
1.0,alpha1p0,102,2,subject102_client2,1114,7,ascending stairs,2494.39
1.0,alpha1p0,102,2,subject102_client2,1115,7,ascending stairs,2495.67
1.0,alpha1p0,102,2,subject102_client2,1116,7,ascending stairs,2496.95
1.0,alpha1p0,102,3,subject102_client3,1118,7,ascending stairs,2499.51
1.0,alpha1p0,102,3,subject102_client3,1119,7,ascending stairs,2500.79
1.0,alpha1p0,102,3,subject102_client3,1120,7,ascending stairs,2502.07
1.0,alpha1p0,102,3,subject102_client3,1121,7,ascending stairs,2503.35
1.0,alpha1p0,102,3,subject102_client3,1122,7,ascending stairs,2504.63
1.0,alpha1p0,102,3,subject102_client3,1123,7,ascending stairs,2505.91
1.0,alpha1p0,102,3,subject102_client3,1124,7,ascending stairs,2507.19
1.0,alpha1p0,102,3,subject102_client3,1125,7,ascending stairs,2508.47
1.0,alpha1p0,102,3,subject102_client3,1126,7,ascending stairs,2509.75
1.0,alpha1p0,102,3,subject102_client3,1127,7,ascending stairs,2511.03
1.0,alpha1p0,102,3,subject102_client3,1128,7,ascending stairs,2512.31
1.0,alpha1p0,102,1,subject102_client1,1129,8,descending stairs,2515.28
1.0,alpha1p0,102,1,subject102_client1,1130,8,descending stairs,2516.56
1.0,alpha1p0,102,1,subject102_client1,1131,8,descending stairs,2517.84
1.0,alpha1p0,102,1,subject102_client1,1132,8,descending stairs,2519.12
1.0,alpha1p0,102,1,subject102_client1,1133,8,descending stairs,2520.4
1.0,alpha1p0,102,1,subject102_client1,1134,8,descending stairs,2521.68
1.0,alpha1p0,102,1,subject102_client1,1135,8,descending stairs,2522.96
1.0,alpha1p0,102,1,subject102_client1,1136,8,descending stairs,2524.24
1.0,alpha1p0,102,1,subject102_client1,1137,8,descending stairs,2525.52
1.0,alpha1p0,102,1,subject102_client1,1138,8,descending stairs,2526.8
1.0,alpha1p0,102,1,subject102_client1,1139,8,descending stairs,2528.08
1.0,alpha1p0,102,1,subject102_client1,1140,8,descending stairs,2529.36
1.0,alpha1p0,102,1,subject102_client1,1141,8,descending stairs,2530.64
1.0,alpha1p0,102,0,subject102_client0,1143,8,descending stairs,2533.2
1.0,alpha1p0,102,0,subject102_client0,1144,8,descending stairs,2534.48
1.0,alpha1p0,102,0,subject102_client0,1145,8,descending stairs,2535.76
1.0,alpha1p0,102,0,subject102_client0,1146,8,descending stairs,2537.04
1.0,alpha1p0,102,0,subject102_client0,1147,8,descending stairs,2538.32
1.0,alpha1p0,102,0,subject102_client0,1148,8,descending stairs,2539.6
1.0,alpha1p0,102,0,subject102_client0,1149,8,descending stairs,2540.88
1.0,alpha1p0,102,0,subject102_client0,1150,8,descending stairs,2542.16
1.0,alpha1p0,102,0,subject102_client0,1151,8,descending stairs,2543.44
1.0,alpha1p0,102,0,subject102_client0,1152,8,descending stairs,2544.72
1.0,alpha1p0,102,0,subject102_client0,1153,8,descending stairs,2546.0
1.0,alpha1p0,102,0,subject102_client0,1154,8,descending stairs,2547.28
1.0,alpha1p0,102,0,subject102_client0,1155,8,descending stairs,2548.56
1.0,alpha1p0,102,0,subject102_client0,1156,8,descending stairs,2549.84
1.0,alpha1p0,102,0,subject102_client0,1157,8,descending stairs,2551.12
1.0,alpha1p0,102,0,subject102_client0,1158,8,descending stairs,2552.4
1.0,alpha1p0,102,0,subject102_client0,1159,8,descending stairs,2553.68
1.0,alpha1p0,102,0,subject102_client0,1160,8,descending stairs,2554.96
1.0,alpha1p0,102,0,subject102_client0,1161,8,descending stairs,2556.24
1.0,alpha1p0,102,0,subject102_client0,1162,8,descending stairs,2557.52
1.0,alpha1p0,102,0,subject102_client0,1163,8,descending stairs,2558.8
1.0,alpha1p0,102,0,subject102_client0,1164,8,descending stairs,2560.08
1.0,alpha1p0,102,0,subject102_client0,1165,8,descending stairs,2561.36
1.0,alpha1p0,102,0,subject102_client0,1166,8,descending stairs,2562.64
1.0,alpha1p0,102,0,subject102_client0,1167,8,descending stairs,2563.92
1.0,alpha1p0,102,0,subject102_client0,1168,8,descending stairs,2565.2
1.0,alpha1p0,102,0,subject102_client0,1169,8,descending stairs,2566.48
1.0,alpha1p0,102,0,subject102_client0,1170,8,descending stairs,2567.76
1.0,alpha1p0,102,0,subject102_client0,1171,8,descending stairs,2569.04
1.0,alpha1p0,102,0,subject102_client0,1172,8,descending stairs,2570.32
1.0,alpha1p0,102,0,subject102_client0,1173,8,descending stairs,2571.6
1.0,alpha1p0,102,0,subject102_client0,1174,8,descending stairs,2572.88
1.0,alpha1p0,102,0,subject102_client0,1175,8,descending stairs,2574.16
1.0,alpha1p0,102,0,subject102_client0,1176,8,descending stairs,2575.44
1.0,alpha1p0,102,0,subject102_client0,1177,8,descending stairs,2576.72
1.0,alpha1p0,102,2,subject102_client2,1179,8,descending stairs,2579.28
1.0,alpha1p0,102,2,subject102_client2,1180,8,descending stairs,2580.56
1.0,alpha1p0,102,3,subject102_client3,1182,8,descending stairs,2583.12
1.0,alpha1p0,102,3,subject102_client3,1183,8,descending stairs,2584.4
1.0,alpha1p0,102,3,subject102_client3,1184,8,descending stairs,2585.68
1.0,alpha1p0,102,3,subject102_client3,1185,3,walking,2780.72
1.0,alpha1p0,102,3,subject102_client3,1186,3,walking,2782.0
1.0,alpha1p0,102,3,subject102_client3,1187,3,walking,2783.28
1.0,alpha1p0,102,3,subject102_client3,1188,3,walking,2784.56
1.0,alpha1p0,102,3,subject102_client3,1189,3,walking,2785.84
1.0,alpha1p0,102,3,subject102_client3,1190,3,walking,2787.12
1.0,alpha1p0,102,3,subject102_client3,1191,3,walking,2788.4
1.0,alpha1p0,102,3,subject102_client3,1192,3,walking,2789.68
1.0,alpha1p0,102,3,subject102_client3,1193,3,walking,2790.96
1.0,alpha1p0,102,3,subject102_client3,1194,3,walking,2792.24
1.0,alpha1p0,102,3,subject102_client3,1195,3,walking,2793.52
1.0,alpha1p0,102,3,subject102_client3,1196,3,walking,2794.8
1.0,alpha1p0,102,3,subject102_client3,1197,3,walking,2796.08
1.0,alpha1p0,102,3,subject102_client3,1198,3,walking,2797.36
1.0,alpha1p0,102,3,subject102_client3,1199,3,walking,2798.64
1.0,alpha1p0,102,3,subject102_client3,1200,3,walking,2799.92
1.0,alpha1p0,102,3,subject102_client3,1201,3,walking,2801.2
1.0,alpha1p0,102,3,subject102_client3,1202,3,walking,2802.48
1.0,alpha1p0,102,3,subject102_client3,1203,3,walking,2803.76
1.0,alpha1p0,102,3,subject102_client3,1204,3,walking,2805.04
1.0,alpha1p0,102,3,subject102_client3,1205,3,walking,2806.32
1.0,alpha1p0,102,3,subject102_client3,1206,3,walking,2807.6
1.0,alpha1p0,102,3,subject102_client3,1207,3,walking,2808.88
1.0,alpha1p0,102,3,subject102_client3,1208,3,walking,2810.16
1.0,alpha1p0,102,3,subject102_client3,1209,3,walking,2811.44
1.0,alpha1p0,102,3,subject102_client3,1210,3,walking,2812.72
1.0,alpha1p0,102,3,subject102_client3,1211,3,walking,2814.0
1.0,alpha1p0,102,3,subject102_client3,1212,3,walking,2815.28
1.0,alpha1p0,102,3,subject102_client3,1213,3,walking,2816.56
1.0,alpha1p0,102,3,subject102_client3,1214,3,walking,2817.84
1.0,alpha1p0,102,3,subject102_client3,1215,3,walking,2819.12
1.0,alpha1p0,102,3,subject102_client3,1216,3,walking,2820.4
1.0,alpha1p0,102,3,subject102_client3,1217,3,walking,2821.68
1.0,alpha1p0,102,3,subject102_client3,1218,3,walking,2822.96
1.0,alpha1p0,102,3,subject102_client3,1219,3,walking,2824.24
1.0,alpha1p0,102,3,subject102_client3,1220,3,walking,2825.52
1.0,alpha1p0,102,3,subject102_client3,1221,3,walking,2826.8
1.0,alpha1p0,102,3,subject102_client3,1222,3,walking,2828.08
1.0,alpha1p0,102,3,subject102_client3,1223,3,walking,2829.36
1.0,alpha1p0,102,3,subject102_client3,1224,3,walking,2830.64
1.0,alpha1p0,102,3,subject102_client3,1225,3,walking,2831.92
1.0,alpha1p0,102,3,subject102_client3,1226,3,walking,2833.2
1.0,alpha1p0,102,3,subject102_client3,1227,3,walking,2834.48
1.0,alpha1p0,102,3,subject102_client3,1228,3,walking,2835.76
1.0,alpha1p0,102,3,subject102_client3,1229,3,walking,2837.04
1.0,alpha1p0,102,3,subject102_client3,1230,3,walking,2838.32
1.0,alpha1p0,102,3,subject102_client3,1231,3,walking,2839.6
1.0,alpha1p0,102,3,subject102_client3,1232,3,walking,2840.88
1.0,alpha1p0,102,3,subject102_client3,1233,3,walking,2842.16
1.0,alpha1p0,102,3,subject102_client3,1234,3,walking,2843.44
1.0,alpha1p0,102,3,subject102_client3,1235,3,walking,2844.72
1.0,alpha1p0,102,3,subject102_client3,1236,3,walking,2846.0
1.0,alpha1p0,102,3,subject102_client3,1237,3,walking,2847.28
1.0,alpha1p0,102,3,subject102_client3,1238,3,walking,2848.56
1.0,alpha1p0,102,3,subject102_client3,1239,3,walking,2849.84
1.0,alpha1p0,102,3,subject102_client3,1240,3,walking,2851.12
1.0,alpha1p0,102,3,subject102_client3,1241,3,walking,2852.4
1.0,alpha1p0,102,3,subject102_client3,1242,3,walking,2853.68
1.0,alpha1p0,102,3,subject102_client3,1243,3,walking,2854.96
1.0,alpha1p0,102,3,subject102_client3,1244,3,walking,2856.24
1.0,alpha1p0,102,3,subject102_client3,1245,3,walking,2857.52
1.0,alpha1p0,102,3,subject102_client3,1246,3,walking,2858.8
1.0,alpha1p0,102,3,subject102_client3,1247,3,walking,2860.08
1.0,alpha1p0,102,3,subject102_client3,1248,3,walking,2861.36
1.0,alpha1p0,102,3,subject102_client3,1249,3,walking,2862.64
1.0,alpha1p0,102,3,subject102_client3,1250,3,walking,2863.92
1.0,alpha1p0,102,3,subject102_client3,1251,3,walking,2865.2
1.0,alpha1p0,102,3,subject102_client3,1252,3,walking,2866.48
1.0,alpha1p0,102,3,subject102_client3,1253,3,walking,2867.76
1.0,alpha1p0,102,3,subject102_client3,1254,3,walking,2869.04
1.0,alpha1p0,102,3,subject102_client3,1255,3,walking,2870.32
1.0,alpha1p0,102,3,subject102_client3,1256,3,walking,2871.6
1.0,alpha1p0,102,3,subject102_client3,1257,3,walking,2872.88
1.0,alpha1p0,102,3,subject102_client3,1258,3,walking,2874.16
1.0,alpha1p0,102,3,subject102_client3,1259,3,walking,2875.44
1.0,alpha1p0,102,3,subject102_client3,1260,3,walking,2876.72
1.0,alpha1p0,102,3,subject102_client3,1261,3,walking,2878.0
1.0,alpha1p0,102,3,subject102_client3,1262,3,walking,2879.28
1.0,alpha1p0,102,3,subject102_client3,1263,3,walking,2880.56
1.0,alpha1p0,102,3,subject102_client3,1264,3,walking,2881.84
1.0,alpha1p0,102,3,subject102_client3,1265,3,walking,2883.12
1.0,alpha1p0,102,3,subject102_client3,1266,3,walking,2884.4
1.0,alpha1p0,102,3,subject102_client3,1267,3,walking,2885.68
1.0,alpha1p0,102,3,subject102_client3,1268,3,walking,2886.96
1.0,alpha1p0,102,3,subject102_client3,1269,3,walking,2888.24
1.0,alpha1p0,102,3,subject102_client3,1270,3,walking,2889.52
1.0,alpha1p0,102,0,subject102_client0,1272,3,walking,2892.08
1.0,alpha1p0,102,0,subject102_client0,1273,3,walking,2893.36
1.0,alpha1p0,102,0,subject102_client0,1274,3,walking,2894.64
1.0,alpha1p0,102,0,subject102_client0,1275,3,walking,2895.92
1.0,alpha1p0,102,0,subject102_client0,1276,3,walking,2897.2
1.0,alpha1p0,102,0,subject102_client0,1277,3,walking,2898.48
1.0,alpha1p0,102,0,subject102_client0,1278,3,walking,2899.76
1.0,alpha1p0,102,0,subject102_client0,1279,3,walking,2901.04
1.0,alpha1p0,102,0,subject102_client0,1280,3,walking,2902.32
1.0,alpha1p0,102,0,subject102_client0,1281,3,walking,2903.6
1.0,alpha1p0,102,0,subject102_client0,1282,3,walking,2904.88
1.0,alpha1p0,102,0,subject102_client0,1283,3,walking,2906.16
1.0,alpha1p0,102,0,subject102_client0,1284,3,walking,2907.44
1.0,alpha1p0,102,0,subject102_client0,1285,3,walking,2908.72
1.0,alpha1p0,102,0,subject102_client0,1286,3,walking,2910.0
1.0,alpha1p0,102,0,subject102_client0,1287,3,walking,2911.28
1.0,alpha1p0,102,0,subject102_client0,1288,3,walking,2912.56
1.0,alpha1p0,102,0,subject102_client0,1289,3,walking,2913.84
1.0,alpha1p0,102,1,subject102_client1,1291,3,walking,2916.4
1.0,alpha1p0,102,1,subject102_client1,1292,3,walking,2917.68
1.0,alpha1p0,102,1,subject102_client1,1293,3,walking,2918.96
1.0,alpha1p0,102,1,subject102_client1,1294,3,walking,2920.24
1.0,alpha1p0,102,1,subject102_client1,1295,3,walking,2921.52
1.0,alpha1p0,102,1,subject102_client1,1296,3,walking,2922.8
1.0,alpha1p0,102,1,subject102_client1,1297,3,walking,2924.08
1.0,alpha1p0,102,1,subject102_client1,1298,3,walking,2925.36
1.0,alpha1p0,102,1,subject102_client1,1299,3,walking,2926.64
1.0,alpha1p0,102,1,subject102_client1,1300,3,walking,2927.92
1.0,alpha1p0,102,1,subject102_client1,1301,3,walking,2929.2
1.0,alpha1p0,102,1,subject102_client1,1302,3,walking,2930.48
1.0,alpha1p0,102,1,subject102_client1,1303,3,walking,2931.76
1.0,alpha1p0,102,1,subject102_client1,1304,3,walking,2933.04
1.0,alpha1p0,102,1,subject102_client1,1305,3,walking,2934.32
1.0,alpha1p0,102,1,subject102_client1,1306,3,walking,2935.6
1.0,alpha1p0,102,1,subject102_client1,1307,3,walking,2936.88
1.0,alpha1p0,102,1,subject102_client1,1308,3,walking,2938.16
1.0,alpha1p0,102,1,subject102_client1,1309,3,walking,2939.44
1.0,alpha1p0,102,1,subject102_client1,1310,3,walking,2940.72
1.0,alpha1p0,102,1,subject102_client1,1311,3,walking,2942.0
1.0,alpha1p0,102,1,subject102_client1,1312,3,walking,2943.28
1.0,alpha1p0,102,1,subject102_client1,1313,3,walking,2944.56
1.0,alpha1p0,102,1,subject102_client1,1314,3,walking,2945.84
1.0,alpha1p0,102,1,subject102_client1,1315,3,walking,2947.12
1.0,alpha1p0,102,1,subject102_client1,1316,3,walking,2948.4
1.0,alpha1p0,102,2,subject102_client2,1318,3,walking,2950.96
1.0,alpha1p0,102,2,subject102_client2,1319,3,walking,2952.24
1.0,alpha1p0,102,2,subject102_client2,1320,3,walking,2953.52
1.0,alpha1p0,102,2,subject102_client2,1321,3,walking,2954.8
1.0,alpha1p0,102,2,subject102_client2,1322,3,walking,2956.08
1.0,alpha1p0,102,2,subject102_client2,1323,3,walking,2957.36
1.0,alpha1p0,102,2,subject102_client2,1324,3,walking,2958.64
1.0,alpha1p0,102,2,subject102_client2,1325,3,walking,2959.92
1.0,alpha1p0,102,2,subject102_client2,1326,3,walking,2961.2
1.0,alpha1p0,102,2,subject102_client2,1327,3,walking,2962.48
1.0,alpha1p0,102,2,subject102_client2,1328,3,walking,2963.76
1.0,alpha1p0,102,2,subject102_client2,1329,3,walking,2965.04
1.0,alpha1p0,102,2,subject102_client2,1330,3,walking,2966.32
1.0,alpha1p0,102,2,subject102_client2,1331,3,walking,2967.6
1.0,alpha1p0,102,2,subject102_client2,1332,3,walking,2968.88
1.0,alpha1p0,102,2,subject102_client2,1333,3,walking,2970.16
1.0,alpha1p0,102,2,subject102_client2,1334,3,walking,2971.44
1.0,alpha1p0,102,2,subject102_client2,1335,3,walking,2972.72
1.0,alpha1p0,102,2,subject102_client2,1336,3,walking,2974.0
1.0,alpha1p0,102,2,subject102_client2,1337,3,walking,2975.28
1.0,alpha1p0,102,2,subject102_client2,1338,3,walking,2976.56
1.0,alpha1p0,102,2,subject102_client2,1339,3,walking,2977.84
1.0,alpha1p0,102,2,subject102_client2,1340,3,walking,2979.12
1.0,alpha1p0,102,2,subject102_client2,1341,3,walking,2980.4
1.0,alpha1p0,102,2,subject102_client2,1342,3,walking,2981.68
1.0,alpha1p0,102,2,subject102_client2,1343,3,walking,2982.96
1.0,alpha1p0,102,2,subject102_client2,1344,3,walking,2984.24
1.0,alpha1p0,102,2,subject102_client2,1345,3,walking,2985.52
1.0,alpha1p0,102,2,subject102_client2,1346,3,walking,2986.8
1.0,alpha1p0,102,2,subject102_client2,1347,3,walking,2988.08
1.0,alpha1p0,102,2,subject102_client2,1348,3,walking,2989.36
1.0,alpha1p0,102,2,subject102_client2,1349,3,walking,2990.64
1.0,alpha1p0,102,2,subject102_client2,1350,3,walking,2991.92
1.0,alpha1p0,102,2,subject102_client2,1351,3,walking,2993.2
1.0,alpha1p0,102,2,subject102_client2,1352,3,walking,2994.48
1.0,alpha1p0,102,2,subject102_client2,1353,3,walking,2995.76
1.0,alpha1p0,102,2,subject102_client2,1354,3,walking,2997.04
1.0,alpha1p0,102,2,subject102_client2,1355,3,walking,2998.32
1.0,alpha1p0,102,2,subject102_client2,1356,3,walking,2999.6
1.0,alpha1p0,102,2,subject102_client2,1357,3,walking,3000.88
1.0,alpha1p0,102,2,subject102_client2,1358,3,walking,3002.16
1.0,alpha1p0,102,2,subject102_client2,1359,3,walking,3003.44
1.0,alpha1p0,102,2,subject102_client2,1360,3,walking,3004.72
1.0,alpha1p0,102,2,subject102_client2,1361,3,walking,3006.0
1.0,alpha1p0,102,2,subject102_client2,1362,3,walking,3007.28
1.0,alpha1p0,102,2,subject102_client2,1363,3,walking,3008.56
1.0,alpha1p0,102,2,subject102_client2,1364,3,walking,3009.84
1.0,alpha1p0,102,2,subject102_client2,1365,3,walking,3011.12
1.0,alpha1p0,102,2,subject102_client2,1366,3,walking,3012.4
1.0,alpha1p0,102,2,subject102_client2,1367,3,walking,3013.68
1.0,alpha1p0,102,2,subject102_client2,1368,3,walking,3014.96
1.0,alpha1p0,102,2,subject102_client2,1369,3,walking,3016.24
1.0,alpha1p0,102,2,subject102_client2,1370,3,walking,3017.52
1.0,alpha1p0,102,2,subject102_client2,1371,3,walking,3018.8
1.0,alpha1p0,102,2,subject102_client2,1372,3,walking,3020.08
1.0,alpha1p0,102,2,subject102_client2,1373,3,walking,3021.36
1.0,alpha1p0,102,2,subject102_client2,1374,3,walking,3022.64
1.0,alpha1p0,102,2,subject102_client2,1375,3,walking,3023.92
1.0,alpha1p0,102,2,subject102_client2,1376,3,walking,3025.2
1.0,alpha1p0,102,2,subject102_client2,1377,3,walking,3026.48
1.0,alpha1p0,102,2,subject102_client2,1378,3,walking,3027.76
1.0,alpha1p0,102,2,subject102_client2,1379,3,walking,3029.04
1.0,alpha1p0,102,2,subject102_client2,1380,3,walking,3030.32
1.0,alpha1p0,102,2,subject102_client2,1381,3,walking,3031.6
1.0,alpha1p0,102,2,subject102_client2,1382,3,walking,3032.88
1.0,alpha1p0,102,2,subject102_client2,1383,3,walking,3034.16
1.0,alpha1p0,102,2,subject102_client2,1384,3,walking,3035.44
1.0,alpha1p0,102,2,subject102_client2,1385,3,walking,3036.72
1.0,alpha1p0,102,2,subject102_client2,1386,3,walking,3038.0
1.0,alpha1p0,102,2,subject102_client2,1387,3,walking,3039.28
1.0,alpha1p0,102,2,subject102_client2,1388,3,walking,3040.56
1.0,alpha1p0,102,2,subject102_client2,1389,3,walking,3041.84
1.0,alpha1p0,102,2,subject102_client2,1390,3,walking,3043.12
1.0,alpha1p0,102,2,subject102_client2,1391,3,walking,3044.4
1.0,alpha1p0,102,2,subject102_client2,1392,3,walking,3045.68
1.0,alpha1p0,102,2,subject102_client2,1393,3,walking,3046.96
1.0,alpha1p0,102,2,subject102_client2,1394,3,walking,3048.24
1.0,alpha1p0,102,2,subject102_client2,1395,3,walking,3049.52
1.0,alpha1p0,102,2,subject102_client2,1396,3,walking,3050.8
1.0,alpha1p0,102,2,subject102_client2,1397,3,walking,3052.08
1.0,alpha1p0,102,2,subject102_client2,1398,3,walking,3053.36
1.0,alpha1p0,102,2,subject102_client2,1399,3,walking,3054.64
1.0,alpha1p0,102,2,subject102_client2,1400,3,walking,3055.92
1.0,alpha1p0,102,2,subject102_client2,1401,3,walking,3057.2
1.0,alpha1p0,102,2,subject102_client2,1402,3,walking,3058.48
1.0,alpha1p0,102,2,subject102_client2,1403,3,walking,3059.76
1.0,alpha1p0,102,2,subject102_client2,1404,3,walking,3061.04
1.0,alpha1p0,102,2,subject102_client2,1405,3,walking,3062.32
1.0,alpha1p0,102,2,subject102_client2,1406,3,walking,3063.6
1.0,alpha1p0,102,2,subject102_client2,1407,3,walking,3064.88
1.0,alpha1p0,102,2,subject102_client2,1408,3,walking,3066.16
1.0,alpha1p0,102,2,subject102_client2,1409,3,walking,3067.44
1.0,alpha1p0,102,2,subject102_client2,1410,3,walking,3068.72
1.0,alpha1p0,102,2,subject102_client2,1411,3,walking,3070.0
1.0,alpha1p0,102,2,subject102_client2,1412,3,walking,3071.28
1.0,alpha1p0,102,2,subject102_client2,1413,3,walking,3072.56
1.0,alpha1p0,102,2,subject102_client2,1414,3,walking,3073.84
1.0,alpha1p0,102,2,subject102_client2,1415,3,walking,3075.12
1.0,alpha1p0,102,2,subject102_client2,1416,3,walking,3076.4
1.0,alpha1p0,102,2,subject102_client2,1417,3,walking,3077.68
1.0,alpha1p0,102,2,subject102_client2,1418,3,walking,3078.96
1.0,alpha1p0,102,2,subject102_client2,1419,3,walking,3080.24
1.0,alpha1p0,102,2,subject102_client2,1420,3,walking,3081.52
1.0,alpha1p0,102,2,subject102_client2,1421,3,walking,3082.8
1.0,alpha1p0,102,2,subject102_client2,1422,3,walking,3084.08
1.0,alpha1p0,102,2,subject102_client2,1423,3,walking,3085.36
1.0,alpha1p0,102,2,subject102_client2,1424,3,walking,3086.64
1.0,alpha1p0,102,2,subject102_client2,1425,3,walking,3087.92
1.0,alpha1p0,102,2,subject102_client2,1426,3,walking,3089.2
1.0,alpha1p0,102,2,subject102_client2,1427,3,walking,3090.48
1.0,alpha1p0,102,2,subject102_client2,1428,3,walking,3091.76
1.0,alpha1p0,102,2,subject102_client2,1429,3,walking,3093.04
1.0,alpha1p0,102,2,subject102_client2,1430,3,walking,3094.32
1.0,alpha1p0,102,2,subject102_client2,1431,3,walking,3095.6
1.0,alpha1p0,102,2,subject102_client2,1432,3,walking,3096.88
1.0,alpha1p0,102,2,subject102_client2,1433,3,walking,3098.16
1.0,alpha1p0,102,2,subject102_client2,1434,3,walking,3099.44
1.0,alpha1p0,102,2,subject102_client2,1435,3,walking,3100.72
1.0,alpha1p0,102,2,subject102_client2,1436,3,walking,3102.0
1.0,alpha1p0,102,2,subject102_client2,1437,3,walking,3103.28
1.0,alpha1p0,102,3,subject102_client3,1438,6,Nordic walking,3229.7
1.0,alpha1p0,102,3,subject102_client3,1439,6,Nordic walking,3230.98
1.0,alpha1p0,102,3,subject102_client3,1440,6,Nordic walking,3232.26
1.0,alpha1p0,102,3,subject102_client3,1441,6,Nordic walking,3233.54
1.0,alpha1p0,102,3,subject102_client3,1442,6,Nordic walking,3234.82
1.0,alpha1p0,102,3,subject102_client3,1443,6,Nordic walking,3236.1
1.0,alpha1p0,102,3,subject102_client3,1444,6,Nordic walking,3237.38
1.0,alpha1p0,102,3,subject102_client3,1445,6,Nordic walking,3238.66
1.0,alpha1p0,102,3,subject102_client3,1446,6,Nordic walking,3239.94
1.0,alpha1p0,102,3,subject102_client3,1447,6,Nordic walking,3241.22
1.0,alpha1p0,102,3,subject102_client3,1448,6,Nordic walking,3242.5
1.0,alpha1p0,102,3,subject102_client3,1449,6,Nordic walking,3243.78
1.0,alpha1p0,102,3,subject102_client3,1450,6,Nordic walking,3245.06
1.0,alpha1p0,102,3,subject102_client3,1451,6,Nordic walking,3246.34
1.0,alpha1p0,102,3,subject102_client3,1452,6,Nordic walking,3247.62
1.0,alpha1p0,102,3,subject102_client3,1453,6,Nordic walking,3248.9
1.0,alpha1p0,102,3,subject102_client3,1454,6,Nordic walking,3250.18
1.0,alpha1p0,102,3,subject102_client3,1455,6,Nordic walking,3251.46
1.0,alpha1p0,102,3,subject102_client3,1456,6,Nordic walking,3252.74
1.0,alpha1p0,102,3,subject102_client3,1457,6,Nordic walking,3254.02
1.0,alpha1p0,102,3,subject102_client3,1458,6,Nordic walking,3255.3
1.0,alpha1p0,102,3,subject102_client3,1459,6,Nordic walking,3256.58
1.0,alpha1p0,102,3,subject102_client3,1460,6,Nordic walking,3257.86
1.0,alpha1p0,102,3,subject102_client3,1461,6,Nordic walking,3259.14
1.0,alpha1p0,102,3,subject102_client3,1462,6,Nordic walking,3260.42
1.0,alpha1p0,102,3,subject102_client3,1463,6,Nordic walking,3261.7
1.0,alpha1p0,102,3,subject102_client3,1464,6,Nordic walking,3262.98
1.0,alpha1p0,102,3,subject102_client3,1465,6,Nordic walking,3264.26
1.0,alpha1p0,102,3,subject102_client3,1466,6,Nordic walking,3265.54
1.0,alpha1p0,102,3,subject102_client3,1467,6,Nordic walking,3266.82
1.0,alpha1p0,102,3,subject102_client3,1468,6,Nordic walking,3268.1
1.0,alpha1p0,102,3,subject102_client3,1469,6,Nordic walking,3269.38
1.0,alpha1p0,102,3,subject102_client3,1470,6,Nordic walking,3270.66
1.0,alpha1p0,102,3,subject102_client3,1471,6,Nordic walking,3271.94
1.0,alpha1p0,102,3,subject102_client3,1472,6,Nordic walking,3273.22
1.0,alpha1p0,102,3,subject102_client3,1473,6,Nordic walking,3274.5
1.0,alpha1p0,102,3,subject102_client3,1474,6,Nordic walking,3275.78
1.0,alpha1p0,102,3,subject102_client3,1475,6,Nordic walking,3277.06
1.0,alpha1p0,102,3,subject102_client3,1476,6,Nordic walking,3278.34
1.0,alpha1p0,102,3,subject102_client3,1477,6,Nordic walking,3279.62
1.0,alpha1p0,102,3,subject102_client3,1478,6,Nordic walking,3280.9
1.0,alpha1p0,102,3,subject102_client3,1479,6,Nordic walking,3282.18
1.0,alpha1p0,102,3,subject102_client3,1480,6,Nordic walking,3283.46
1.0,alpha1p0,102,3,subject102_client3,1481,6,Nordic walking,3284.74
1.0,alpha1p0,102,3,subject102_client3,1482,6,Nordic walking,3286.02
1.0,alpha1p0,102,3,subject102_client3,1483,6,Nordic walking,3287.3
1.0,alpha1p0,102,3,subject102_client3,1484,6,Nordic walking,3288.58
1.0,alpha1p0,102,3,subject102_client3,1485,6,Nordic walking,3289.86
1.0,alpha1p0,102,3,subject102_client3,1486,6,Nordic walking,3291.14
1.0,alpha1p0,102,3,subject102_client3,1487,6,Nordic walking,3292.42
1.0,alpha1p0,102,3,subject102_client3,1488,6,Nordic walking,3293.7
1.0,alpha1p0,102,3,subject102_client3,1489,6,Nordic walking,3294.98
1.0,alpha1p0,102,3,subject102_client3,1490,6,Nordic walking,3296.26
1.0,alpha1p0,102,3,subject102_client3,1491,6,Nordic walking,3297.54
1.0,alpha1p0,102,3,subject102_client3,1492,6,Nordic walking,3298.82
1.0,alpha1p0,102,3,subject102_client3,1493,6,Nordic walking,3300.1
1.0,alpha1p0,102,3,subject102_client3,1494,6,Nordic walking,3301.38
1.0,alpha1p0,102,3,subject102_client3,1495,6,Nordic walking,3302.66
1.0,alpha1p0,102,3,subject102_client3,1496,6,Nordic walking,3303.94
1.0,alpha1p0,102,3,subject102_client3,1497,6,Nordic walking,3305.22
1.0,alpha1p0,102,3,subject102_client3,1498,6,Nordic walking,3306.5
1.0,alpha1p0,102,3,subject102_client3,1499,6,Nordic walking,3307.78
1.0,alpha1p0,102,3,subject102_client3,1500,6,Nordic walking,3309.06
1.0,alpha1p0,102,3,subject102_client3,1501,6,Nordic walking,3310.34
1.0,alpha1p0,102,3,subject102_client3,1502,6,Nordic walking,3311.62
1.0,alpha1p0,102,3,subject102_client3,1503,6,Nordic walking,3312.9
1.0,alpha1p0,102,3,subject102_client3,1504,6,Nordic walking,3314.18
1.0,alpha1p0,102,3,subject102_client3,1505,6,Nordic walking,3315.46
1.0,alpha1p0,102,3,subject102_client3,1506,6,Nordic walking,3316.74
1.0,alpha1p0,102,0,subject102_client0,1508,6,Nordic walking,3319.3
1.0,alpha1p0,102,0,subject102_client0,1509,6,Nordic walking,3320.58
1.0,alpha1p0,102,0,subject102_client0,1510,6,Nordic walking,3321.86
1.0,alpha1p0,102,0,subject102_client0,1511,6,Nordic walking,3323.14
1.0,alpha1p0,102,0,subject102_client0,1512,6,Nordic walking,3324.42
1.0,alpha1p0,102,0,subject102_client0,1513,6,Nordic walking,3325.7
1.0,alpha1p0,102,0,subject102_client0,1514,6,Nordic walking,3326.98
1.0,alpha1p0,102,0,subject102_client0,1515,6,Nordic walking,3328.26
1.0,alpha1p0,102,0,subject102_client0,1516,6,Nordic walking,3329.54
1.0,alpha1p0,102,0,subject102_client0,1517,6,Nordic walking,3330.82
1.0,alpha1p0,102,0,subject102_client0,1518,6,Nordic walking,3332.1
1.0,alpha1p0,102,0,subject102_client0,1519,6,Nordic walking,3333.38
1.0,alpha1p0,102,0,subject102_client0,1520,6,Nordic walking,3334.66
1.0,alpha1p0,102,0,subject102_client0,1521,6,Nordic walking,3335.94
1.0,alpha1p0,102,0,subject102_client0,1522,6,Nordic walking,3337.22
1.0,alpha1p0,102,0,subject102_client0,1523,6,Nordic walking,3338.5
1.0,alpha1p0,102,1,subject102_client1,1525,6,Nordic walking,3341.06
1.0,alpha1p0,102,1,subject102_client1,1526,6,Nordic walking,3342.34
1.0,alpha1p0,102,1,subject102_client1,1527,6,Nordic walking,3343.62
1.0,alpha1p0,102,1,subject102_client1,1528,6,Nordic walking,3344.9
1.0,alpha1p0,102,1,subject102_client1,1529,6,Nordic walking,3346.18
1.0,alpha1p0,102,1,subject102_client1,1530,6,Nordic walking,3347.46
1.0,alpha1p0,102,1,subject102_client1,1531,6,Nordic walking,3348.74
1.0,alpha1p0,102,1,subject102_client1,1532,6,Nordic walking,3350.02
1.0,alpha1p0,102,1,subject102_client1,1533,6,Nordic walking,3351.3
1.0,alpha1p0,102,1,subject102_client1,1534,6,Nordic walking,3352.58
1.0,alpha1p0,102,1,subject102_client1,1535,6,Nordic walking,3353.86
1.0,alpha1p0,102,1,subject102_client1,1536,6,Nordic walking,3355.14
1.0,alpha1p0,102,1,subject102_client1,1537,6,Nordic walking,3356.42
1.0,alpha1p0,102,1,subject102_client1,1538,6,Nordic walking,3357.7
1.0,alpha1p0,102,1,subject102_client1,1539,6,Nordic walking,3358.98
1.0,alpha1p0,102,1,subject102_client1,1540,6,Nordic walking,3360.26
1.0,alpha1p0,102,1,subject102_client1,1541,6,Nordic walking,3361.54
1.0,alpha1p0,102,1,subject102_client1,1542,6,Nordic walking,3362.82
1.0,alpha1p0,102,1,subject102_client1,1543,6,Nordic walking,3364.1
1.0,alpha1p0,102,1,subject102_client1,1544,6,Nordic walking,3365.38
1.0,alpha1p0,102,1,subject102_client1,1545,6,Nordic walking,3366.66
1.0,alpha1p0,102,1,subject102_client1,1546,6,Nordic walking,3367.94
1.0,alpha1p0,102,1,subject102_client1,1547,6,Nordic walking,3369.22
1.0,alpha1p0,102,1,subject102_client1,1548,6,Nordic walking,3370.5
1.0,alpha1p0,102,1,subject102_client1,1549,6,Nordic walking,3371.78
1.0,alpha1p0,102,1,subject102_client1,1550,6,Nordic walking,3373.06
1.0,alpha1p0,102,1,subject102_client1,1551,6,Nordic walking,3374.34
1.0,alpha1p0,102,1,subject102_client1,1552,6,Nordic walking,3375.62
1.0,alpha1p0,102,1,subject102_client1,1553,6,Nordic walking,3376.9
1.0,alpha1p0,102,1,subject102_client1,1554,6,Nordic walking,3378.18
1.0,alpha1p0,102,1,subject102_client1,1555,6,Nordic walking,3379.46
1.0,alpha1p0,102,1,subject102_client1,1556,6,Nordic walking,3380.74
1.0,alpha1p0,102,1,subject102_client1,1557,6,Nordic walking,3382.02
1.0,alpha1p0,102,1,subject102_client1,1558,6,Nordic walking,3383.3
1.0,alpha1p0,102,1,subject102_client1,1559,6,Nordic walking,3384.58
1.0,alpha1p0,102,1,subject102_client1,1560,6,Nordic walking,3385.86
1.0,alpha1p0,102,1,subject102_client1,1561,6,Nordic walking,3387.14
1.0,alpha1p0,102,1,subject102_client1,1562,6,Nordic walking,3388.42
1.0,alpha1p0,102,1,subject102_client1,1563,6,Nordic walking,3389.7
1.0,alpha1p0,102,1,subject102_client1,1564,6,Nordic walking,3390.98
1.0,alpha1p0,102,1,subject102_client1,1565,6,Nordic walking,3392.26
1.0,alpha1p0,102,1,subject102_client1,1566,6,Nordic walking,3393.54
1.0,alpha1p0,102,1,subject102_client1,1567,6,Nordic walking,3394.82
1.0,alpha1p0,102,1,subject102_client1,1568,6,Nordic walking,3396.1
1.0,alpha1p0,102,1,subject102_client1,1569,6,Nordic walking,3397.38
1.0,alpha1p0,102,1,subject102_client1,1570,6,Nordic walking,3398.66
1.0,alpha1p0,102,1,subject102_client1,1571,6,Nordic walking,3399.94
1.0,alpha1p0,102,1,subject102_client1,1572,6,Nordic walking,3401.22
1.0,alpha1p0,102,1,subject102_client1,1573,6,Nordic walking,3402.5
1.0,alpha1p0,102,1,subject102_client1,1574,6,Nordic walking,3403.78
1.0,alpha1p0,102,1,subject102_client1,1575,6,Nordic walking,3405.06
1.0,alpha1p0,102,1,subject102_client1,1576,6,Nordic walking,3406.34
1.0,alpha1p0,102,1,subject102_client1,1577,6,Nordic walking,3407.62
1.0,alpha1p0,102,1,subject102_client1,1578,6,Nordic walking,3408.9
1.0,alpha1p0,102,1,subject102_client1,1579,6,Nordic walking,3410.18
1.0,alpha1p0,102,1,subject102_client1,1580,6,Nordic walking,3411.46
1.0,alpha1p0,102,1,subject102_client1,1581,6,Nordic walking,3412.74
1.0,alpha1p0,102,1,subject102_client1,1582,6,Nordic walking,3414.02
1.0,alpha1p0,102,1,subject102_client1,1583,6,Nordic walking,3415.3
1.0,alpha1p0,102,1,subject102_client1,1584,6,Nordic walking,3416.58
1.0,alpha1p0,102,1,subject102_client1,1585,6,Nordic walking,3417.86
1.0,alpha1p0,102,1,subject102_client1,1586,6,Nordic walking,3419.14
1.0,alpha1p0,102,1,subject102_client1,1587,6,Nordic walking,3420.42
1.0,alpha1p0,102,1,subject102_client1,1588,6,Nordic walking,3421.7
1.0,alpha1p0,102,1,subject102_client1,1589,6,Nordic walking,3422.98
1.0,alpha1p0,102,1,subject102_client1,1590,6,Nordic walking,3424.26
1.0,alpha1p0,102,1,subject102_client1,1591,6,Nordic walking,3425.54
1.0,alpha1p0,102,1,subject102_client1,1592,6,Nordic walking,3426.82
1.0,alpha1p0,102,1,subject102_client1,1593,6,Nordic walking,3428.1
1.0,alpha1p0,102,1,subject102_client1,1594,6,Nordic walking,3429.38
1.0,alpha1p0,102,1,subject102_client1,1595,6,Nordic walking,3430.66
1.0,alpha1p0,102,1,subject102_client1,1596,6,Nordic walking,3431.94
1.0,alpha1p0,102,1,subject102_client1,1597,6,Nordic walking,3433.22
1.0,alpha1p0,102,1,subject102_client1,1598,6,Nordic walking,3434.5
1.0,alpha1p0,102,1,subject102_client1,1599,6,Nordic walking,3435.78
1.0,alpha1p0,102,1,subject102_client1,1600,6,Nordic walking,3437.06
1.0,alpha1p0,102,1,subject102_client1,1601,6,Nordic walking,3438.34
1.0,alpha1p0,102,1,subject102_client1,1602,6,Nordic walking,3439.62
1.0,alpha1p0,102,1,subject102_client1,1603,6,Nordic walking,3440.9
1.0,alpha1p0,102,1,subject102_client1,1604,6,Nordic walking,3442.18
1.0,alpha1p0,102,1,subject102_client1,1605,6,Nordic walking,3443.46
1.0,alpha1p0,102,1,subject102_client1,1606,6,Nordic walking,3444.74
1.0,alpha1p0,102,1,subject102_client1,1607,6,Nordic walking,3446.02
1.0,alpha1p0,102,1,subject102_client1,1608,6,Nordic walking,3447.3
1.0,alpha1p0,102,1,subject102_client1,1609,6,Nordic walking,3448.58
1.0,alpha1p0,102,1,subject102_client1,1610,6,Nordic walking,3449.86
1.0,alpha1p0,102,1,subject102_client1,1611,6,Nordic walking,3451.14
1.0,alpha1p0,102,1,subject102_client1,1612,6,Nordic walking,3452.42
1.0,alpha1p0,102,1,subject102_client1,1613,6,Nordic walking,3453.7
1.0,alpha1p0,102,1,subject102_client1,1614,6,Nordic walking,3454.98
1.0,alpha1p0,102,1,subject102_client1,1615,6,Nordic walking,3456.26
1.0,alpha1p0,102,1,subject102_client1,1616,6,Nordic walking,3457.54
1.0,alpha1p0,102,1,subject102_client1,1617,6,Nordic walking,3458.82
1.0,alpha1p0,102,1,subject102_client1,1618,6,Nordic walking,3460.1
1.0,alpha1p0,102,1,subject102_client1,1619,6,Nordic walking,3461.38
1.0,alpha1p0,102,1,subject102_client1,1620,6,Nordic walking,3462.66
1.0,alpha1p0,102,1,subject102_client1,1621,6,Nordic walking,3463.94
1.0,alpha1p0,102,1,subject102_client1,1622,6,Nordic walking,3465.22
1.0,alpha1p0,102,1,subject102_client1,1623,6,Nordic walking,3466.5
1.0,alpha1p0,102,1,subject102_client1,1624,6,Nordic walking,3467.78
1.0,alpha1p0,102,1,subject102_client1,1625,6,Nordic walking,3469.06
1.0,alpha1p0,102,1,subject102_client1,1626,6,Nordic walking,3470.34
1.0,alpha1p0,102,1,subject102_client1,1627,6,Nordic walking,3471.62
1.0,alpha1p0,102,1,subject102_client1,1628,6,Nordic walking,3472.9
1.0,alpha1p0,102,1,subject102_client1,1629,6,Nordic walking,3474.18
1.0,alpha1p0,102,1,subject102_client1,1630,6,Nordic walking,3475.46
1.0,alpha1p0,102,1,subject102_client1,1631,6,Nordic walking,3476.74
1.0,alpha1p0,102,1,subject102_client1,1632,6,Nordic walking,3478.02
1.0,alpha1p0,102,1,subject102_client1,1633,6,Nordic walking,3479.3
1.0,alpha1p0,102,1,subject102_client1,1634,6,Nordic walking,3480.58
1.0,alpha1p0,102,1,subject102_client1,1635,6,Nordic walking,3481.86
1.0,alpha1p0,102,1,subject102_client1,1636,6,Nordic walking,3483.14
1.0,alpha1p0,102,1,subject102_client1,1637,6,Nordic walking,3484.42
1.0,alpha1p0,102,1,subject102_client1,1638,6,Nordic walking,3485.7
1.0,alpha1p0,102,1,subject102_client1,1639,6,Nordic walking,3486.98
1.0,alpha1p0,102,1,subject102_client1,1640,6,Nordic walking,3488.26
1.0,alpha1p0,102,1,subject102_client1,1641,6,Nordic walking,3489.54
1.0,alpha1p0,102,1,subject102_client1,1642,6,Nordic walking,3490.82
1.0,alpha1p0,102,1,subject102_client1,1643,6,Nordic walking,3492.1
1.0,alpha1p0,102,1,subject102_client1,1644,6,Nordic walking,3493.38
1.0,alpha1p0,102,1,subject102_client1,1645,6,Nordic walking,3494.66
1.0,alpha1p0,102,1,subject102_client1,1646,6,Nordic walking,3495.94
1.0,alpha1p0,102,1,subject102_client1,1647,6,Nordic walking,3497.22
1.0,alpha1p0,102,1,subject102_client1,1648,6,Nordic walking,3498.5
1.0,alpha1p0,102,1,subject102_client1,1649,6,Nordic walking,3499.78
1.0,alpha1p0,102,1,subject102_client1,1650,6,Nordic walking,3501.06
1.0,alpha1p0,102,1,subject102_client1,1651,6,Nordic walking,3502.34
1.0,alpha1p0,102,1,subject102_client1,1652,6,Nordic walking,3503.62
1.0,alpha1p0,102,1,subject102_client1,1653,6,Nordic walking,3504.9
1.0,alpha1p0,102,1,subject102_client1,1654,6,Nordic walking,3506.18
1.0,alpha1p0,102,1,subject102_client1,1655,6,Nordic walking,3507.46
1.0,alpha1p0,102,1,subject102_client1,1656,6,Nordic walking,3508.74
1.0,alpha1p0,102,1,subject102_client1,1657,6,Nordic walking,3510.02
1.0,alpha1p0,102,1,subject102_client1,1658,6,Nordic walking,3511.3
1.0,alpha1p0,102,1,subject102_client1,1659,6,Nordic walking,3512.58
1.0,alpha1p0,102,1,subject102_client1,1660,6,Nordic walking,3513.86
1.0,alpha1p0,102,1,subject102_client1,1661,6,Nordic walking,3515.14
1.0,alpha1p0,102,1,subject102_client1,1662,6,Nordic walking,3516.42
1.0,alpha1p0,102,1,subject102_client1,1663,6,Nordic walking,3517.7
1.0,alpha1p0,102,1,subject102_client1,1664,6,Nordic walking,3518.98
1.0,alpha1p0,102,2,subject102_client2,1666,6,Nordic walking,3521.54
1.0,alpha1p0,102,2,subject102_client2,1667,6,Nordic walking,3522.82
1.0,alpha1p0,102,2,subject102_client2,1668,6,Nordic walking,3524.1
1.0,alpha1p0,102,1,subject102_client1,1669,5,cycling,3587.89
1.0,alpha1p0,102,1,subject102_client1,1670,5,cycling,3589.17
1.0,alpha1p0,102,1,subject102_client1,1671,5,cycling,3590.45
1.0,alpha1p0,102,1,subject102_client1,1672,5,cycling,3591.73
1.0,alpha1p0,102,1,subject102_client1,1673,5,cycling,3593.01
1.0,alpha1p0,102,1,subject102_client1,1674,5,cycling,3594.29
1.0,alpha1p0,102,1,subject102_client1,1675,5,cycling,3595.57
1.0,alpha1p0,102,1,subject102_client1,1676,5,cycling,3596.85
1.0,alpha1p0,102,1,subject102_client1,1677,5,cycling,3598.13
1.0,alpha1p0,102,1,subject102_client1,1678,5,cycling,3599.41
1.0,alpha1p0,102,1,subject102_client1,1679,5,cycling,3600.69
1.0,alpha1p0,102,1,subject102_client1,1680,5,cycling,3601.97
1.0,alpha1p0,102,1,subject102_client1,1681,5,cycling,3603.25
1.0,alpha1p0,102,1,subject102_client1,1682,5,cycling,3604.53
1.0,alpha1p0,102,1,subject102_client1,1683,5,cycling,3605.81
1.0,alpha1p0,102,1,subject102_client1,1684,5,cycling,3607.09
1.0,alpha1p0,102,1,subject102_client1,1685,5,cycling,3608.37
1.0,alpha1p0,102,1,subject102_client1,1686,5,cycling,3609.65
1.0,alpha1p0,102,1,subject102_client1,1687,5,cycling,3610.93
1.0,alpha1p0,102,1,subject102_client1,1688,5,cycling,3612.21
1.0,alpha1p0,102,1,subject102_client1,1689,5,cycling,3613.49
1.0,alpha1p0,102,1,subject102_client1,1690,5,cycling,3614.77
1.0,alpha1p0,102,1,subject102_client1,1691,5,cycling,3616.05
1.0,alpha1p0,102,1,subject102_client1,1692,5,cycling,3617.33
1.0,alpha1p0,102,1,subject102_client1,1693,5,cycling,3618.61
1.0,alpha1p0,102,1,subject102_client1,1694,5,cycling,3619.89
1.0,alpha1p0,102,1,subject102_client1,1695,5,cycling,3621.17
1.0,alpha1p0,102,1,subject102_client1,1696,5,cycling,3622.45
1.0,alpha1p0,102,1,subject102_client1,1697,5,cycling,3623.73
1.0,alpha1p0,102,1,subject102_client1,1698,5,cycling,3625.01
1.0,alpha1p0,102,2,subject102_client2,1700,5,cycling,3627.57
1.0,alpha1p0,102,2,subject102_client2,1701,5,cycling,3628.85
1.0,alpha1p0,102,2,subject102_client2,1702,5,cycling,3630.13
1.0,alpha1p0,102,2,subject102_client2,1703,5,cycling,3631.41
1.0,alpha1p0,102,2,subject102_client2,1704,5,cycling,3632.69
1.0,alpha1p0,102,2,subject102_client2,1705,5,cycling,3633.97
1.0,alpha1p0,102,2,subject102_client2,1706,5,cycling,3635.25
1.0,alpha1p0,102,2,subject102_client2,1707,5,cycling,3636.53
1.0,alpha1p0,102,2,subject102_client2,1708,5,cycling,3637.81
1.0,alpha1p0,102,2,subject102_client2,1709,5,cycling,3639.09
1.0,alpha1p0,102,2,subject102_client2,1710,5,cycling,3640.37
1.0,alpha1p0,102,2,subject102_client2,1711,5,cycling,3641.65
1.0,alpha1p0,102,2,subject102_client2,1712,5,cycling,3642.93
1.0,alpha1p0,102,2,subject102_client2,1713,5,cycling,3644.21
1.0,alpha1p0,102,2,subject102_client2,1714,5,cycling,3645.49
1.0,alpha1p0,102,2,subject102_client2,1715,5,cycling,3646.77
1.0,alpha1p0,102,2,subject102_client2,1716,5,cycling,3648.05
1.0,alpha1p0,102,2,subject102_client2,1717,5,cycling,3649.33
1.0,alpha1p0,102,2,subject102_client2,1718,5,cycling,3650.61
1.0,alpha1p0,102,2,subject102_client2,1719,5,cycling,3651.89
1.0,alpha1p0,102,2,subject102_client2,1720,5,cycling,3653.17
1.0,alpha1p0,102,2,subject102_client2,1721,5,cycling,3654.45
1.0,alpha1p0,102,2,subject102_client2,1722,5,cycling,3655.73
1.0,alpha1p0,102,2,subject102_client2,1723,5,cycling,3657.01
1.0,alpha1p0,102,2,subject102_client2,1724,5,cycling,3658.29
1.0,alpha1p0,102,0,subject102_client0,1726,5,cycling,3660.85
1.0,alpha1p0,102,0,subject102_client0,1727,5,cycling,3662.13
1.0,alpha1p0,102,0,subject102_client0,1728,5,cycling,3663.41
1.0,alpha1p0,102,0,subject102_client0,1729,5,cycling,3664.69
1.0,alpha1p0,102,0,subject102_client0,1730,5,cycling,3665.97
1.0,alpha1p0,102,0,subject102_client0,1731,5,cycling,3667.25
1.0,alpha1p0,102,0,subject102_client0,1732,5,cycling,3668.53
1.0,alpha1p0,102,0,subject102_client0,1733,5,cycling,3669.81
1.0,alpha1p0,102,0,subject102_client0,1734,5,cycling,3671.09
1.0,alpha1p0,102,0,subject102_client0,1735,5,cycling,3672.37
1.0,alpha1p0,102,0,subject102_client0,1736,5,cycling,3673.65
1.0,alpha1p0,102,0,subject102_client0,1737,5,cycling,3674.93
1.0,alpha1p0,102,0,subject102_client0,1738,5,cycling,3676.21
1.0,alpha1p0,102,0,subject102_client0,1739,5,cycling,3677.49
1.0,alpha1p0,102,0,subject102_client0,1740,5,cycling,3678.77
1.0,alpha1p0,102,0,subject102_client0,1741,5,cycling,3680.05
1.0,alpha1p0,102,0,subject102_client0,1742,5,cycling,3681.33
1.0,alpha1p0,102,0,subject102_client0,1743,5,cycling,3682.61
1.0,alpha1p0,102,0,subject102_client0,1744,5,cycling,3683.89
1.0,alpha1p0,102,0,subject102_client0,1745,5,cycling,3685.17
1.0,alpha1p0,102,0,subject102_client0,1746,5,cycling,3686.45
1.0,alpha1p0,102,0,subject102_client0,1747,5,cycling,3687.73
1.0,alpha1p0,102,0,subject102_client0,1748,5,cycling,3689.01
1.0,alpha1p0,102,0,subject102_client0,1749,5,cycling,3690.29
1.0,alpha1p0,102,0,subject102_client0,1750,5,cycling,3691.57
1.0,alpha1p0,102,0,subject102_client0,1751,5,cycling,3692.85
1.0,alpha1p0,102,0,subject102_client0,1752,5,cycling,3694.13
1.0,alpha1p0,102,0,subject102_client0,1753,5,cycling,3695.41
1.0,alpha1p0,102,0,subject102_client0,1754,5,cycling,3696.69
1.0,alpha1p0,102,0,subject102_client0,1755,5,cycling,3697.97
1.0,alpha1p0,102,0,subject102_client0,1756,5,cycling,3699.25
1.0,alpha1p0,102,0,subject102_client0,1757,5,cycling,3700.53
1.0,alpha1p0,102,0,subject102_client0,1758,5,cycling,3701.81
1.0,alpha1p0,102,0,subject102_client0,1759,5,cycling,3703.09
1.0,alpha1p0,102,0,subject102_client0,1760,5,cycling,3704.37
1.0,alpha1p0,102,0,subject102_client0,1761,5,cycling,3705.65
1.0,alpha1p0,102,0,subject102_client0,1762,5,cycling,3706.93
1.0,alpha1p0,102,0,subject102_client0,1763,5,cycling,3708.21
1.0,alpha1p0,102,3,subject102_client3,1765,5,cycling,3710.77
1.0,alpha1p0,102,3,subject102_client3,1766,5,cycling,3712.05
1.0,alpha1p0,102,3,subject102_client3,1767,5,cycling,3713.33
1.0,alpha1p0,102,3,subject102_client3,1768,5,cycling,3714.61
1.0,alpha1p0,102,3,subject102_client3,1769,5,cycling,3715.89
1.0,alpha1p0,102,3,subject102_client3,1770,5,cycling,3717.17
1.0,alpha1p0,102,3,subject102_client3,1771,5,cycling,3718.45
1.0,alpha1p0,102,3,subject102_client3,1772,5,cycling,3719.73
1.0,alpha1p0,102,3,subject102_client3,1773,5,cycling,3721.01
1.0,alpha1p0,102,3,subject102_client3,1774,5,cycling,3722.29
1.0,alpha1p0,102,3,subject102_client3,1775,5,cycling,3723.57
1.0,alpha1p0,102,3,subject102_client3,1776,5,cycling,3724.85
1.0,alpha1p0,102,3,subject102_client3,1777,5,cycling,3726.13
1.0,alpha1p0,102,3,subject102_client3,1778,5,cycling,3727.41
1.0,alpha1p0,102,3,subject102_client3,1779,5,cycling,3728.69
1.0,alpha1p0,102,3,subject102_client3,1780,5,cycling,3729.97
1.0,alpha1p0,102,3,subject102_client3,1781,5,cycling,3731.25
1.0,alpha1p0,102,3,subject102_client3,1782,5,cycling,3732.53
1.0,alpha1p0,102,3,subject102_client3,1783,5,cycling,3733.81
1.0,alpha1p0,102,3,subject102_client3,1784,5,cycling,3735.09
1.0,alpha1p0,102,3,subject102_client3,1785,5,cycling,3736.37
1.0,alpha1p0,102,3,subject102_client3,1786,5,cycling,3737.65
1.0,alpha1p0,102,3,subject102_client3,1787,5,cycling,3738.93
1.0,alpha1p0,102,3,subject102_client3,1788,5,cycling,3740.21
1.0,alpha1p0,102,3,subject102_client3,1789,5,cycling,3741.49
1.0,alpha1p0,102,3,subject102_client3,1790,5,cycling,3742.77
1.0,alpha1p0,102,3,subject102_client3,1791,5,cycling,3744.05
1.0,alpha1p0,102,3,subject102_client3,1792,5,cycling,3745.33
1.0,alpha1p0,102,3,subject102_client3,1793,5,cycling,3746.61
1.0,alpha1p0,102,3,subject102_client3,1794,5,cycling,3747.89
1.0,alpha1p0,102,3,subject102_client3,1795,5,cycling,3749.17
1.0,alpha1p0,102,3,subject102_client3,1796,5,cycling,3750.45
1.0,alpha1p0,102,3,subject102_client3,1797,5,cycling,3751.73
1.0,alpha1p0,102,3,subject102_client3,1798,5,cycling,3753.01
1.0,alpha1p0,102,3,subject102_client3,1799,5,cycling,3754.29
1.0,alpha1p0,102,3,subject102_client3,1800,5,cycling,3755.57
1.0,alpha1p0,102,3,subject102_client3,1801,5,cycling,3756.85
1.0,alpha1p0,102,3,subject102_client3,1802,5,cycling,3758.13
1.0,alpha1p0,102,3,subject102_client3,1803,5,cycling,3759.41
1.0,alpha1p0,102,3,subject102_client3,1804,5,cycling,3760.69
1.0,alpha1p0,102,3,subject102_client3,1805,5,cycling,3761.97
1.0,alpha1p0,102,3,subject102_client3,1806,5,cycling,3763.25
1.0,alpha1p0,102,3,subject102_client3,1807,5,cycling,3764.53
1.0,alpha1p0,102,3,subject102_client3,1808,5,cycling,3765.81
1.0,alpha1p0,102,3,subject102_client3,1809,5,cycling,3767.09
1.0,alpha1p0,102,3,subject102_client3,1810,5,cycling,3768.37
1.0,alpha1p0,102,3,subject102_client3,1811,5,cycling,3769.65
1.0,alpha1p0,102,3,subject102_client3,1812,5,cycling,3770.93
1.0,alpha1p0,102,3,subject102_client3,1813,5,cycling,3772.21
1.0,alpha1p0,102,3,subject102_client3,1814,5,cycling,3773.49
1.0,alpha1p0,102,3,subject102_client3,1815,5,cycling,3774.77
1.0,alpha1p0,102,3,subject102_client3,1816,5,cycling,3776.05
1.0,alpha1p0,102,3,subject102_client3,1817,5,cycling,3777.33
1.0,alpha1p0,102,3,subject102_client3,1818,5,cycling,3778.61
1.0,alpha1p0,102,3,subject102_client3,1819,5,cycling,3779.89
1.0,alpha1p0,102,3,subject102_client3,1820,5,cycling,3781.17
1.0,alpha1p0,102,3,subject102_client3,1821,5,cycling,3782.45
1.0,alpha1p0,102,3,subject102_client3,1822,5,cycling,3783.73
1.0,alpha1p0,102,3,subject102_client3,1823,5,cycling,3785.01
1.0,alpha1p0,102,3,subject102_client3,1824,5,cycling,3786.29
1.0,alpha1p0,102,3,subject102_client3,1825,5,cycling,3787.57
1.0,alpha1p0,102,3,subject102_client3,1826,5,cycling,3788.85
1.0,alpha1p0,102,3,subject102_client3,1827,5,cycling,3790.13
1.0,alpha1p0,102,3,subject102_client3,1828,5,cycling,3791.41
1.0,alpha1p0,102,3,subject102_client3,1829,5,cycling,3792.69
1.0,alpha1p0,102,3,subject102_client3,1830,5,cycling,3793.97
1.0,alpha1p0,102,3,subject102_client3,1831,5,cycling,3795.25
1.0,alpha1p0,102,3,subject102_client3,1832,5,cycling,3796.53
1.0,alpha1p0,102,3,subject102_client3,1833,5,cycling,3797.81
1.0,alpha1p0,102,3,subject102_client3,1834,5,cycling,3799.09
1.0,alpha1p0,102,3,subject102_client3,1835,5,cycling,3800.37
1.0,alpha1p0,102,3,subject102_client3,1836,5,cycling,3801.65
1.0,alpha1p0,102,3,subject102_client3,1837,5,cycling,3802.93
1.0,alpha1p0,102,3,subject102_client3,1838,5,cycling,3804.21
1.0,alpha1p0,102,3,subject102_client3,1839,5,cycling,3805.49
1.0,alpha1p0,102,3,subject102_client3,1840,5,cycling,3806.77
1.0,alpha1p0,102,3,subject102_client3,1841,5,cycling,3808.05
1.0,alpha1p0,102,3,subject102_client3,1842,5,cycling,3809.33
1.0,alpha1p0,102,3,subject102_client3,1843,5,cycling,3810.61
1.0,alpha1p0,102,3,subject102_client3,1844,5,cycling,3811.89
1.0,alpha1p0,102,3,subject102_client3,1845,5,cycling,3813.17
1.0,alpha1p0,102,3,subject102_client3,1846,5,cycling,3814.45
1.0,alpha1p0,102,3,subject102_client3,1847,5,cycling,3815.73
1.0,alpha1p0,102,3,subject102_client3,1848,5,cycling,3817.01
1.0,alpha1p0,102,3,subject102_client3,1849,5,cycling,3818.29
1.0,alpha1p0,102,3,subject102_client3,1850,5,cycling,3819.57
1.0,alpha1p0,102,3,subject102_client3,1851,5,cycling,3820.85
1.0,alpha1p0,102,3,subject102_client3,1852,5,cycling,3822.13
1.0,alpha1p0,102,3,subject102_client3,1853,5,cycling,3823.41
1.0,alpha1p0,102,3,subject102_client3,1854,5,cycling,3824.69
1.0,alpha1p0,102,3,subject102_client3,1855,5,cycling,3825.97
1.0,alpha1p0,102,3,subject102_client3,1856,5,cycling,3827.25
1.0,alpha1p0,102,3,subject102_client3,1857,5,cycling,3828.53
1.0,alpha1p0,102,3,subject102_client3,1858,5,cycling,3829.81
1.0,alpha1p0,102,3,subject102_client3,1859,5,cycling,3831.09
1.0,alpha1p0,102,3,subject102_client3,1860,5,cycling,3832.37
1.0,alpha1p0,102,3,subject102_client3,1861,5,cycling,3833.65
1.0,alpha1p0,102,3,subject102_client3,1862,5,cycling,3834.93
1.0,alpha1p0,102,3,subject102_client3,1863,5,cycling,3836.21
1.0,alpha1p0,102,3,subject102_client3,1864,4,running,3915.44
1.0,alpha1p0,102,3,subject102_client3,1865,4,running,3916.72
1.0,alpha1p0,102,3,subject102_client3,1866,4,running,3918.0
1.0,alpha1p0,102,3,subject102_client3,1867,4,running,3919.28
1.0,alpha1p0,102,3,subject102_client3,1868,4,running,3920.56
1.0,alpha1p0,102,3,subject102_client3,1869,4,running,3921.84
1.0,alpha1p0,102,3,subject102_client3,1870,4,running,3923.12
1.0,alpha1p0,102,1,subject102_client1,1872,4,running,3925.68
1.0,alpha1p0,102,1,subject102_client1,1873,4,running,3926.96
1.0,alpha1p0,102,1,subject102_client1,1874,4,running,3928.24
1.0,alpha1p0,102,1,subject102_client1,1875,4,running,3929.52
1.0,alpha1p0,102,1,subject102_client1,1876,4,running,3930.8
1.0,alpha1p0,102,1,subject102_client1,1877,4,running,3932.08
1.0,alpha1p0,102,1,subject102_client1,1878,4,running,3933.36
1.0,alpha1p0,102,1,subject102_client1,1879,4,running,3934.64
1.0,alpha1p0,102,1,subject102_client1,1880,4,running,3935.92
1.0,alpha1p0,102,1,subject102_client1,1881,4,running,3937.2
1.0,alpha1p0,102,1,subject102_client1,1882,4,running,3938.48
1.0,alpha1p0,102,1,subject102_client1,1883,4,running,3939.76
1.0,alpha1p0,102,1,subject102_client1,1884,4,running,3941.04
1.0,alpha1p0,102,1,subject102_client1,1885,4,running,3942.32
1.0,alpha1p0,102,1,subject102_client1,1886,4,running,3943.6
1.0,alpha1p0,102,1,subject102_client1,1887,4,running,3944.88
1.0,alpha1p0,102,1,subject102_client1,1888,4,running,3946.16
1.0,alpha1p0,102,1,subject102_client1,1889,4,running,3947.44
1.0,alpha1p0,102,1,subject102_client1,1890,4,running,3948.72
1.0,alpha1p0,102,1,subject102_client1,1891,4,running,3950.0
1.0,alpha1p0,102,1,subject102_client1,1892,4,running,3951.28
1.0,alpha1p0,102,0,subject102_client0,1894,4,running,3953.84
1.0,alpha1p0,102,0,subject102_client0,1895,4,running,3955.12
1.0,alpha1p0,102,0,subject102_client0,1896,4,running,3956.4
1.0,alpha1p0,102,0,subject102_client0,1897,4,running,3957.68
1.0,alpha1p0,102,0,subject102_client0,1898,4,running,3958.96
1.0,alpha1p0,102,0,subject102_client0,1899,4,running,3960.24
1.0,alpha1p0,102,2,subject102_client2,1901,4,running,3962.8
1.0,alpha1p0,102,2,subject102_client2,1902,4,running,3964.08
1.0,alpha1p0,102,2,subject102_client2,1903,4,running,3965.36
1.0,alpha1p0,102,2,subject102_client2,1904,4,running,3966.64
1.0,alpha1p0,102,2,subject102_client2,1905,4,running,3967.92
1.0,alpha1p0,102,2,subject102_client2,1906,4,running,3969.2
1.0,alpha1p0,102,2,subject102_client2,1907,4,running,3970.48
1.0,alpha1p0,102,2,subject102_client2,1908,4,running,3971.76
1.0,alpha1p0,102,2,subject102_client2,1909,4,running,3973.04
1.0,alpha1p0,102,2,subject102_client2,1910,4,running,3974.32
1.0,alpha1p0,102,2,subject102_client2,1911,4,running,3975.6
1.0,alpha1p0,102,2,subject102_client2,1912,4,running,3976.88
1.0,alpha1p0,102,2,subject102_client2,1913,4,running,3978.16
1.0,alpha1p0,102,2,subject102_client2,1914,4,running,3979.44
1.0,alpha1p0,102,2,subject102_client2,1915,4,running,3980.72
1.0,alpha1p0,102,2,subject102_client2,1916,4,running,3982.0
1.0,alpha1p0,102,2,subject102_client2,1917,4,running,3983.28
1.0,alpha1p0,102,2,subject102_client2,1918,4,running,3984.56
1.0,alpha1p0,102,2,subject102_client2,1919,4,running,3985.84
1.0,alpha1p0,102,2,subject102_client2,1920,4,running,3987.12
1.0,alpha1p0,102,2,subject102_client2,1921,4,running,3988.4
1.0,alpha1p0,102,2,subject102_client2,1922,4,running,3989.68
1.0,alpha1p0,102,2,subject102_client2,1923,4,running,3990.96
1.0,alpha1p0,102,2,subject102_client2,1924,4,running,3992.24
1.0,alpha1p0,102,2,subject102_client2,1925,4,running,3993.52
1.0,alpha1p0,102,2,subject102_client2,1926,4,running,3994.8
1.0,alpha1p0,102,2,subject102_client2,1927,4,running,3996.08
1.0,alpha1p0,102,2,subject102_client2,1928,4,running,3997.36
1.0,alpha1p0,102,2,subject102_client2,1929,4,running,3998.64
1.0,alpha1p0,102,2,subject102_client2,1930,4,running,3999.92
1.0,alpha1p0,102,2,subject102_client2,1931,4,running,4001.2
1.0,alpha1p0,102,2,subject102_client2,1932,4,running,4002.48
1.0,alpha1p0,102,2,subject102_client2,1933,4,running,4003.76
1.0,alpha1p0,102,2,subject102_client2,1934,4,running,4005.04
1.0,alpha1p0,102,2,subject102_client2,1935,11,rope jumping,4113.07
1.0,alpha1p0,102,2,subject102_client2,1936,11,rope jumping,4114.35
1.0,alpha1p0,102,2,subject102_client2,1937,11,rope jumping,4115.63
1.0,alpha1p0,102,2,subject102_client2,1938,11,rope jumping,4116.91
1.0,alpha1p0,102,2,subject102_client2,1939,11,rope jumping,4118.19
1.0,alpha1p0,102,2,subject102_client2,1940,11,rope jumping,4119.47
1.0,alpha1p0,102,2,subject102_client2,1941,11,rope jumping,4120.75
1.0,alpha1p0,102,2,subject102_client2,1942,11,rope jumping,4122.03
1.0,alpha1p0,102,2,subject102_client2,1943,11,rope jumping,4123.31
1.0,alpha1p0,102,2,subject102_client2,1944,11,rope jumping,4124.59
1.0,alpha1p0,102,2,subject102_client2,1945,11,rope jumping,4125.87
1.0,alpha1p0,102,2,subject102_client2,1946,11,rope jumping,4127.15
1.0,alpha1p0,102,2,subject102_client2,1947,11,rope jumping,4128.43
1.0,alpha1p0,102,2,subject102_client2,1948,11,rope jumping,4129.71
1.0,alpha1p0,102,2,subject102_client2,1949,11,rope jumping,4130.99
1.0,alpha1p0,102,1,subject102_client1,1951,11,rope jumping,4133.55
1.0,alpha1p0,102,1,subject102_client1,1952,11,rope jumping,4134.83
1.0,alpha1p0,102,1,subject102_client1,1953,11,rope jumping,4136.11
1.0,alpha1p0,102,1,subject102_client1,1954,11,rope jumping,4137.39
1.0,alpha1p0,102,1,subject102_client1,1955,11,rope jumping,4138.67
1.0,alpha1p0,102,1,subject102_client1,1956,11,rope jumping,4139.95
1.0,alpha1p0,102,1,subject102_client1,1957,11,rope jumping,4141.23
1.0,alpha1p0,102,1,subject102_client1,1958,11,rope jumping,4142.51
1.0,alpha1p0,102,1,subject102_client1,1959,11,rope jumping,4143.79
1.0,alpha1p0,102,1,subject102_client1,1960,11,rope jumping,4145.07
1.0,alpha1p0,102,1,subject102_client1,1961,11,rope jumping,4146.35
1.0,alpha1p0,102,1,subject102_client1,1962,11,rope jumping,4147.63
1.0,alpha1p0,102,1,subject102_client1,1963,11,rope jumping,4148.91
1.0,alpha1p0,102,1,subject102_client1,1964,11,rope jumping,4150.19
1.0,alpha1p0,102,1,subject102_client1,1965,11,rope jumping,4151.47
1.0,alpha1p0,102,1,subject102_client1,1966,11,rope jumping,4152.75
1.0,alpha1p0,102,0,subject102_client0,1968,11,rope jumping,4155.31
1.0,alpha1p0,102,0,subject102_client0,1969,11,rope jumping,4156.59
1.0,alpha1p0,102,0,subject102_client0,1970,11,rope jumping,4157.87
1.0,alpha1p0,102,0,subject102_client0,1971,11,rope jumping,4159.15
1.0,alpha1p0,102,0,subject102_client0,1972,11,rope jumping,4160.43
1.0,alpha1p0,102,0,subject102_client0,1973,11,rope jumping,4161.71
1.0,alpha1p0,102,0,subject102_client0,1974,11,rope jumping,4162.99
1.0,alpha1p0,102,0,subject102_client0,1975,11,rope jumping,4164.27
1.0,alpha1p0,102,0,subject102_client0,1976,11,rope jumping,4165.55
1.0,alpha1p0,102,0,subject102_client0,1977,11,rope jumping,4166.83
1.0,alpha1p0,102,0,subject102_client0,1978,11,rope jumping,4168.11
1.0,alpha1p0,102,0,subject102_client0,1979,11,rope jumping,4169.39
1.0,alpha1p0,102,0,subject102_client0,1980,11,rope jumping,4170.67
1.0,alpha1p0,102,0,subject102_client0,1981,11,rope jumping,4171.95
1.0,alpha1p0,102,0,subject102_client0,1982,11,rope jumping,4173.23
1.0,alpha1p0,102,0,subject102_client0,1983,11,rope jumping,4174.51
1.0,alpha1p0,102,0,subject102_client0,1984,11,rope jumping,4175.79
1.0,alpha1p0,102,0,subject102_client0,1985,11,rope jumping,4177.07
1.0,alpha1p0,102,0,subject102_client0,1986,11,rope jumping,4178.35
1.0,alpha1p0,102,0,subject102_client0,1987,11,rope jumping,4179.63
1.0,alpha1p0,102,0,subject102_client0,1988,11,rope jumping,4180.91
1.0,alpha1p0,102,0,subject102_client0,1989,11,rope jumping,4182.19
1.0,alpha1p0,102,0,subject102_client0,1990,11,rope jumping,4183.47
1.0,alpha1p0,102,0,subject102_client0,1991,11,rope jumping,4184.75
1.0,alpha1p0,102,0,subject102_client0,1992,11,rope jumping,4186.03
1.0,alpha1p0,102,0,subject102_client0,1993,11,rope jumping,4187.31
1.0,alpha1p0,102,0,subject102_client0,1994,11,rope jumping,4188.59
1.0,alpha1p0,102,0,subject102_client0,1995,11,rope jumping,4189.87
1.0,alpha1p0,102,0,subject102_client0,1996,11,rope jumping,4191.15
1.0,alpha1p0,102,0,subject102_client0,1997,11,rope jumping,4192.43
1.0,alpha1p0,102,0,subject102_client0,1998,11,rope jumping,4193.71
1.0,alpha1p0,102,0,subject102_client0,1999,11,rope jumping,4194.99
1.0,alpha1p0,102,0,subject102_client0,2000,11,rope jumping,4196.27
1.0,alpha1p0,102,0,subject102_client0,2001,11,rope jumping,4197.55
1.0,alpha1p0,102,0,subject102_client0,2002,11,rope jumping,4198.83
1.0,alpha1p0,102,0,subject102_client0,2003,11,rope jumping,4200.11
1.0,alpha1p0,102,0,subject102_client0,2004,11,rope jumping,4201.39
1.0,alpha1p0,102,0,subject102_client0,2005,11,rope jumping,4202.67
1.0,alpha1p0,102,0,subject102_client0,2006,11,rope jumping,4203.95
1.0,alpha1p0,102,0,subject102_client0,2007,11,rope jumping,4205.23
1.0,alpha1p0,102,0,subject102_client0,2008,11,rope jumping,4206.51
1.0,alpha1p0,102,0,subject102_client0,2009,11,rope jumping,4207.79
1.0,alpha1p0,102,0,subject102_client0,2010,11,rope jumping,4209.07
1.0,alpha1p0,102,3,subject102_client3,2012,11,rope jumping,4211.63
1.0,alpha1p0,102,3,subject102_client3,2013,11,rope jumping,4212.91
1.0,alpha1p0,102,3,subject102_client3,2014,11,rope jumping,4214.19
1.0,alpha1p0,102,3,subject102_client3,2015,11,rope jumping,4215.47
1.0,alpha1p0,102,3,subject102_client3,2016,11,rope jumping,4216.75
1.0,alpha1p0,102,3,subject102_client3,2017,11,rope jumping,4218.03
1.0,alpha1p0,102,3,subject102_client3,2018,11,rope jumping,4219.31
1.0,alpha1p0,102,3,subject102_client3,2019,11,rope jumping,4220.59
1.0,alpha1p0,102,3,subject102_client3,2020,11,rope jumping,4221.87
1.0,alpha1p0,102,3,subject102_client3,2021,11,rope jumping,4223.15
1.0,alpha1p0,102,3,subject102_client3,2022,11,rope jumping,4224.43
1.0,alpha1p0,102,3,subject102_client3,2023,11,rope jumping,4225.71
1.0,alpha1p0,102,3,subject102_client3,2024,11,rope jumping,4226.99
1.0,alpha1p0,102,3,subject102_client3,2025,11,rope jumping,4228.27
1.0,alpha1p0,102,3,subject102_client3,2026,11,rope jumping,4229.55
1.0,alpha1p0,102,3,subject102_client3,2027,11,rope jumping,4230.83
1.0,alpha1p0,102,3,subject102_client3,2028,11,rope jumping,4232.11
1.0,alpha1p0,102,3,subject102_client3,2029,11,rope jumping,4233.39
1.0,alpha1p0,102,3,subject102_client3,2030,11,rope jumping,4234.67
1.0,alpha1p0,102,3,subject102_client3,2031,11,rope jumping,4235.95
1.0,alpha1p0,102,3,subject102_client3,2032,11,rope jumping,4237.23
1.0,alpha1p0,102,3,subject102_client3,2033,11,rope jumping,4238.51
1.0,alpha1p0,102,3,subject102_client3,2034,11,rope jumping,4239.79
1.0,alpha1p0,102,3,subject102_client3,2035,11,rope jumping,4241.07
1.0,alpha1p0,102,3,subject102_client3,2036,11,rope jumping,4242.35
1.0,alpha1p0,103,3,subject103_client3,2037,0,lying,166.11
1.0,alpha1p0,103,3,subject103_client3,2038,0,lying,167.39
1.0,alpha1p0,103,3,subject103_client3,2039,0,lying,168.67
1.0,alpha1p0,103,3,subject103_client3,2040,0,lying,169.95
1.0,alpha1p0,103,3,subject103_client3,2041,0,lying,171.23
1.0,alpha1p0,103,3,subject103_client3,2042,0,lying,172.51
1.0,alpha1p0,103,3,subject103_client3,2043,0,lying,173.79
1.0,alpha1p0,103,3,subject103_client3,2044,0,lying,175.07
1.0,alpha1p0,103,3,subject103_client3,2045,0,lying,176.35
1.0,alpha1p0,103,3,subject103_client3,2046,0,lying,177.63
1.0,alpha1p0,103,3,subject103_client3,2047,0,lying,178.91
1.0,alpha1p0,103,3,subject103_client3,2048,0,lying,180.19
1.0,alpha1p0,103,3,subject103_client3,2049,0,lying,181.47
1.0,alpha1p0,103,3,subject103_client3,2050,0,lying,182.75
1.0,alpha1p0,103,3,subject103_client3,2051,0,lying,184.03
1.0,alpha1p0,103,3,subject103_client3,2052,0,lying,185.31
1.0,alpha1p0,103,3,subject103_client3,2053,0,lying,186.59
1.0,alpha1p0,103,3,subject103_client3,2054,0,lying,187.87
1.0,alpha1p0,103,3,subject103_client3,2055,0,lying,189.15
1.0,alpha1p0,103,3,subject103_client3,2056,0,lying,190.43
1.0,alpha1p0,103,3,subject103_client3,2057,0,lying,191.71
1.0,alpha1p0,103,3,subject103_client3,2058,0,lying,192.99
1.0,alpha1p0,103,3,subject103_client3,2059,0,lying,194.27
1.0,alpha1p0,103,3,subject103_client3,2060,0,lying,195.55
1.0,alpha1p0,103,3,subject103_client3,2061,0,lying,196.83
1.0,alpha1p0,103,3,subject103_client3,2062,0,lying,198.11
1.0,alpha1p0,103,3,subject103_client3,2063,0,lying,199.39
1.0,alpha1p0,103,3,subject103_client3,2064,0,lying,200.67
1.0,alpha1p0,103,0,subject103_client0,2066,0,lying,203.23
1.0,alpha1p0,103,0,subject103_client0,2067,0,lying,204.51
1.0,alpha1p0,103,0,subject103_client0,2068,0,lying,205.79
1.0,alpha1p0,103,0,subject103_client0,2069,0,lying,207.07
1.0,alpha1p0,103,0,subject103_client0,2070,0,lying,208.35
1.0,alpha1p0,103,0,subject103_client0,2071,0,lying,209.63
1.0,alpha1p0,103,0,subject103_client0,2072,0,lying,210.91
1.0,alpha1p0,103,0,subject103_client0,2073,0,lying,212.19
1.0,alpha1p0,103,0,subject103_client0,2074,0,lying,213.47
1.0,alpha1p0,103,0,subject103_client0,2075,0,lying,214.75
1.0,alpha1p0,103,0,subject103_client0,2076,0,lying,216.03
1.0,alpha1p0,103,0,subject103_client0,2077,0,lying,217.31
1.0,alpha1p0,103,0,subject103_client0,2078,0,lying,218.59
1.0,alpha1p0,103,0,subject103_client0,2079,0,lying,219.87
1.0,alpha1p0,103,0,subject103_client0,2080,0,lying,221.15
1.0,alpha1p0,103,0,subject103_client0,2081,0,lying,222.43
1.0,alpha1p0,103,0,subject103_client0,2082,0,lying,223.71
1.0,alpha1p0,103,0,subject103_client0,2083,0,lying,224.99
1.0,alpha1p0,103,0,subject103_client0,2084,0,lying,226.27
1.0,alpha1p0,103,0,subject103_client0,2085,0,lying,227.55
1.0,alpha1p0,103,0,subject103_client0,2086,0,lying,228.83
1.0,alpha1p0,103,0,subject103_client0,2087,0,lying,230.11
1.0,alpha1p0,103,0,subject103_client0,2088,0,lying,231.39
1.0,alpha1p0,103,0,subject103_client0,2089,0,lying,232.67
1.0,alpha1p0,103,0,subject103_client0,2090,0,lying,233.95
1.0,alpha1p0,103,0,subject103_client0,2091,0,lying,235.23
1.0,alpha1p0,103,0,subject103_client0,2092,0,lying,236.51
1.0,alpha1p0,103,0,subject103_client0,2093,0,lying,237.79
1.0,alpha1p0,103,0,subject103_client0,2094,0,lying,239.07
1.0,alpha1p0,103,0,subject103_client0,2095,0,lying,240.35
1.0,alpha1p0,103,0,subject103_client0,2096,0,lying,241.63
1.0,alpha1p0,103,0,subject103_client0,2097,0,lying,242.91
1.0,alpha1p0,103,0,subject103_client0,2098,0,lying,244.19
1.0,alpha1p0,103,0,subject103_client0,2099,0,lying,245.47
1.0,alpha1p0,103,0,subject103_client0,2100,0,lying,246.75
1.0,alpha1p0,103,0,subject103_client0,2101,0,lying,248.03
1.0,alpha1p0,103,0,subject103_client0,2102,0,lying,249.31
1.0,alpha1p0,103,0,subject103_client0,2103,0,lying,250.59
1.0,alpha1p0,103,0,subject103_client0,2104,0,lying,251.87
1.0,alpha1p0,103,0,subject103_client0,2105,0,lying,253.15
1.0,alpha1p0,103,0,subject103_client0,2106,0,lying,254.43
1.0,alpha1p0,103,0,subject103_client0,2107,0,lying,255.71
1.0,alpha1p0,103,0,subject103_client0,2108,0,lying,256.99
1.0,alpha1p0,103,0,subject103_client0,2109,0,lying,258.27
1.0,alpha1p0,103,0,subject103_client0,2110,0,lying,259.55
1.0,alpha1p0,103,0,subject103_client0,2111,0,lying,260.83
1.0,alpha1p0,103,0,subject103_client0,2112,0,lying,262.11
1.0,alpha1p0,103,0,subject103_client0,2113,0,lying,263.39
1.0,alpha1p0,103,0,subject103_client0,2114,0,lying,264.67
1.0,alpha1p0,103,0,subject103_client0,2115,0,lying,265.95
1.0,alpha1p0,103,0,subject103_client0,2116,0,lying,267.23
1.0,alpha1p0,103,0,subject103_client0,2117,0,lying,268.51
1.0,alpha1p0,103,0,subject103_client0,2118,0,lying,269.79
1.0,alpha1p0,103,0,subject103_client0,2119,0,lying,271.07
1.0,alpha1p0,103,0,subject103_client0,2120,0,lying,272.35
1.0,alpha1p0,103,0,subject103_client0,2121,0,lying,273.63
1.0,alpha1p0,103,0,subject103_client0,2122,0,lying,274.91
1.0,alpha1p0,103,0,subject103_client0,2123,0,lying,276.19
1.0,alpha1p0,103,0,subject103_client0,2124,0,lying,277.47
1.0,alpha1p0,103,0,subject103_client0,2125,0,lying,278.75
1.0,alpha1p0,103,0,subject103_client0,2126,0,lying,280.03
1.0,alpha1p0,103,0,subject103_client0,2127,0,lying,281.31
1.0,alpha1p0,103,0,subject103_client0,2128,0,lying,282.59
1.0,alpha1p0,103,0,subject103_client0,2129,0,lying,283.87
1.0,alpha1p0,103,0,subject103_client0,2130,0,lying,285.15
1.0,alpha1p0,103,0,subject103_client0,2131,0,lying,286.43
1.0,alpha1p0,103,0,subject103_client0,2132,0,lying,287.71
1.0,alpha1p0,103,0,subject103_client0,2133,0,lying,288.99
1.0,alpha1p0,103,0,subject103_client0,2134,0,lying,290.27
1.0,alpha1p0,103,0,subject103_client0,2135,0,lying,291.55
1.0,alpha1p0,103,0,subject103_client0,2136,0,lying,292.83
1.0,alpha1p0,103,0,subject103_client0,2137,0,lying,294.11
1.0,alpha1p0,103,0,subject103_client0,2138,0,lying,295.39
1.0,alpha1p0,103,0,subject103_client0,2139,0,lying,296.67
1.0,alpha1p0,103,0,subject103_client0,2140,0,lying,297.95
1.0,alpha1p0,103,0,subject103_client0,2141,0,lying,299.23
1.0,alpha1p0,103,0,subject103_client0,2142,0,lying,300.51
1.0,alpha1p0,103,0,subject103_client0,2143,0,lying,301.79
1.0,alpha1p0,103,0,subject103_client0,2144,0,lying,303.07
1.0,alpha1p0,103,0,subject103_client0,2145,0,lying,304.35
1.0,alpha1p0,103,0,subject103_client0,2146,0,lying,305.63
1.0,alpha1p0,103,0,subject103_client0,2147,0,lying,306.91
1.0,alpha1p0,103,0,subject103_client0,2148,0,lying,308.19
1.0,alpha1p0,103,0,subject103_client0,2149,0,lying,309.47
1.0,alpha1p0,103,0,subject103_client0,2150,0,lying,310.75
1.0,alpha1p0,103,1,subject103_client1,2152,0,lying,313.31
1.0,alpha1p0,103,1,subject103_client1,2153,0,lying,314.59
1.0,alpha1p0,103,1,subject103_client1,2154,0,lying,315.87
1.0,alpha1p0,103,1,subject103_client1,2155,0,lying,317.15
1.0,alpha1p0,103,1,subject103_client1,2156,0,lying,318.43
1.0,alpha1p0,103,1,subject103_client1,2157,0,lying,319.71
1.0,alpha1p0,103,1,subject103_client1,2158,0,lying,320.99
1.0,alpha1p0,103,1,subject103_client1,2159,0,lying,322.27
1.0,alpha1p0,103,1,subject103_client1,2160,0,lying,323.55
1.0,alpha1p0,103,1,subject103_client1,2161,0,lying,324.83
1.0,alpha1p0,103,1,subject103_client1,2162,0,lying,326.11
1.0,alpha1p0,103,1,subject103_client1,2163,0,lying,327.39
1.0,alpha1p0,103,1,subject103_client1,2164,0,lying,328.67
1.0,alpha1p0,103,1,subject103_client1,2165,0,lying,329.95
1.0,alpha1p0,103,1,subject103_client1,2166,0,lying,331.23
1.0,alpha1p0,103,1,subject103_client1,2167,0,lying,332.51
1.0,alpha1p0,103,1,subject103_client1,2168,0,lying,333.79
1.0,alpha1p0,103,1,subject103_client1,2169,0,lying,335.07
1.0,alpha1p0,103,1,subject103_client1,2170,0,lying,336.35
1.0,alpha1p0,103,1,subject103_client1,2171,0,lying,337.63
1.0,alpha1p0,103,1,subject103_client1,2172,0,lying,338.91
1.0,alpha1p0,103,1,subject103_client1,2173,0,lying,340.19
1.0,alpha1p0,103,1,subject103_client1,2174,0,lying,341.47
1.0,alpha1p0,103,1,subject103_client1,2175,0,lying,342.75
1.0,alpha1p0,103,1,subject103_client1,2176,0,lying,344.03
1.0,alpha1p0,103,1,subject103_client1,2177,0,lying,345.31
1.0,alpha1p0,103,1,subject103_client1,2178,0,lying,346.59
1.0,alpha1p0,103,1,subject103_client1,2179,0,lying,347.87
1.0,alpha1p0,103,1,subject103_client1,2180,0,lying,349.15
1.0,alpha1p0,103,1,subject103_client1,2181,0,lying,350.43
1.0,alpha1p0,103,1,subject103_client1,2182,0,lying,351.71
1.0,alpha1p0,103,1,subject103_client1,2183,0,lying,352.99
1.0,alpha1p0,103,1,subject103_client1,2184,0,lying,354.27
1.0,alpha1p0,103,1,subject103_client1,2185,0,lying,355.55
1.0,alpha1p0,103,1,subject103_client1,2186,0,lying,356.83
1.0,alpha1p0,103,1,subject103_client1,2187,0,lying,358.11
1.0,alpha1p0,103,1,subject103_client1,2188,0,lying,359.39
1.0,alpha1p0,103,1,subject103_client1,2189,0,lying,360.67
1.0,alpha1p0,103,1,subject103_client1,2190,0,lying,361.95
1.0,alpha1p0,103,1,subject103_client1,2191,0,lying,363.23
1.0,alpha1p0,103,1,subject103_client1,2192,0,lying,364.51
1.0,alpha1p0,103,1,subject103_client1,2193,0,lying,365.79
1.0,alpha1p0,103,1,subject103_client1,2194,0,lying,367.07
1.0,alpha1p0,103,1,subject103_client1,2195,0,lying,368.35
1.0,alpha1p0,103,1,subject103_client1,2196,0,lying,369.63
1.0,alpha1p0,103,1,subject103_client1,2197,0,lying,370.91
1.0,alpha1p0,103,1,subject103_client1,2198,0,lying,372.19
1.0,alpha1p0,103,1,subject103_client1,2199,0,lying,373.47
1.0,alpha1p0,103,1,subject103_client1,2200,0,lying,374.75
1.0,alpha1p0,103,1,subject103_client1,2201,0,lying,376.03
1.0,alpha1p0,103,1,subject103_client1,2202,0,lying,377.31
1.0,alpha1p0,103,1,subject103_client1,2203,0,lying,378.59
1.0,alpha1p0,103,1,subject103_client1,2204,0,lying,379.87
1.0,alpha1p0,103,2,subject103_client2,2206,0,lying,382.43
1.0,alpha1p0,103,2,subject103_client2,2207,0,lying,383.71
1.0,alpha1p0,103,3,subject103_client3,2208,1,sitting,481.61
1.0,alpha1p0,103,3,subject103_client3,2209,1,sitting,482.89
1.0,alpha1p0,103,3,subject103_client3,2210,1,sitting,484.17
1.0,alpha1p0,103,3,subject103_client3,2211,1,sitting,485.45
1.0,alpha1p0,103,3,subject103_client3,2212,1,sitting,486.73
1.0,alpha1p0,103,3,subject103_client3,2213,1,sitting,488.01
1.0,alpha1p0,103,3,subject103_client3,2214,1,sitting,489.29
1.0,alpha1p0,103,3,subject103_client3,2215,1,sitting,490.57
1.0,alpha1p0,103,3,subject103_client3,2216,1,sitting,491.85
1.0,alpha1p0,103,3,subject103_client3,2217,1,sitting,493.13
1.0,alpha1p0,103,3,subject103_client3,2218,1,sitting,494.41
1.0,alpha1p0,103,3,subject103_client3,2219,1,sitting,495.69
1.0,alpha1p0,103,3,subject103_client3,2220,1,sitting,496.97
1.0,alpha1p0,103,3,subject103_client3,2221,1,sitting,498.25
1.0,alpha1p0,103,3,subject103_client3,2222,1,sitting,499.53
1.0,alpha1p0,103,3,subject103_client3,2223,1,sitting,500.81
1.0,alpha1p0,103,3,subject103_client3,2224,1,sitting,502.09
1.0,alpha1p0,103,3,subject103_client3,2225,1,sitting,503.37
1.0,alpha1p0,103,3,subject103_client3,2226,1,sitting,504.65
1.0,alpha1p0,103,3,subject103_client3,2227,1,sitting,505.93
1.0,alpha1p0,103,3,subject103_client3,2228,1,sitting,507.21
1.0,alpha1p0,103,3,subject103_client3,2229,1,sitting,508.49
1.0,alpha1p0,103,3,subject103_client3,2230,1,sitting,509.77
1.0,alpha1p0,103,3,subject103_client3,2231,1,sitting,511.05
1.0,alpha1p0,103,3,subject103_client3,2232,1,sitting,512.33
1.0,alpha1p0,103,3,subject103_client3,2233,1,sitting,513.61
1.0,alpha1p0,103,3,subject103_client3,2234,1,sitting,514.89
1.0,alpha1p0,103,3,subject103_client3,2235,1,sitting,516.17
1.0,alpha1p0,103,3,subject103_client3,2236,1,sitting,517.45
1.0,alpha1p0,103,3,subject103_client3,2237,1,sitting,518.73
1.0,alpha1p0,103,3,subject103_client3,2238,1,sitting,520.01
1.0,alpha1p0,103,3,subject103_client3,2239,1,sitting,521.29
1.0,alpha1p0,103,3,subject103_client3,2240,1,sitting,522.57
1.0,alpha1p0,103,3,subject103_client3,2241,1,sitting,523.85
1.0,alpha1p0,103,3,subject103_client3,2242,1,sitting,525.13
1.0,alpha1p0,103,3,subject103_client3,2243,1,sitting,526.41
1.0,alpha1p0,103,3,subject103_client3,2244,1,sitting,527.69
1.0,alpha1p0,103,3,subject103_client3,2245,1,sitting,528.97
1.0,alpha1p0,103,3,subject103_client3,2246,1,sitting,530.25
1.0,alpha1p0,103,3,subject103_client3,2247,1,sitting,531.53
1.0,alpha1p0,103,3,subject103_client3,2248,1,sitting,532.81
1.0,alpha1p0,103,3,subject103_client3,2249,1,sitting,534.09
1.0,alpha1p0,103,3,subject103_client3,2250,1,sitting,535.37
1.0,alpha1p0,103,3,subject103_client3,2251,1,sitting,536.65
1.0,alpha1p0,103,3,subject103_client3,2252,1,sitting,537.93
1.0,alpha1p0,103,3,subject103_client3,2253,1,sitting,539.21
1.0,alpha1p0,103,3,subject103_client3,2254,1,sitting,540.49
1.0,alpha1p0,103,3,subject103_client3,2255,1,sitting,541.77
1.0,alpha1p0,103,3,subject103_client3,2256,1,sitting,543.05
1.0,alpha1p0,103,3,subject103_client3,2257,1,sitting,544.33
1.0,alpha1p0,103,3,subject103_client3,2258,1,sitting,545.61
1.0,alpha1p0,103,3,subject103_client3,2259,1,sitting,546.89
1.0,alpha1p0,103,3,subject103_client3,2260,1,sitting,548.17
1.0,alpha1p0,103,3,subject103_client3,2261,1,sitting,549.45
1.0,alpha1p0,103,3,subject103_client3,2262,1,sitting,550.73
1.0,alpha1p0,103,3,subject103_client3,2263,1,sitting,552.01
1.0,alpha1p0,103,3,subject103_client3,2264,1,sitting,553.29
1.0,alpha1p0,103,3,subject103_client3,2265,1,sitting,554.57
1.0,alpha1p0,103,3,subject103_client3,2266,1,sitting,555.85
1.0,alpha1p0,103,3,subject103_client3,2267,1,sitting,557.13
1.0,alpha1p0,103,3,subject103_client3,2268,1,sitting,558.41
1.0,alpha1p0,103,3,subject103_client3,2269,1,sitting,559.69
1.0,alpha1p0,103,3,subject103_client3,2270,1,sitting,560.97
1.0,alpha1p0,103,3,subject103_client3,2271,1,sitting,562.25
1.0,alpha1p0,103,3,subject103_client3,2272,1,sitting,563.53
1.0,alpha1p0,103,3,subject103_client3,2273,1,sitting,564.81
1.0,alpha1p0,103,3,subject103_client3,2274,1,sitting,566.09
1.0,alpha1p0,103,3,subject103_client3,2275,1,sitting,567.37
1.0,alpha1p0,103,3,subject103_client3,2276,1,sitting,568.65
1.0,alpha1p0,103,3,subject103_client3,2277,1,sitting,569.93
1.0,alpha1p0,103,3,subject103_client3,2278,1,sitting,571.21
1.0,alpha1p0,103,3,subject103_client3,2279,1,sitting,572.49
1.0,alpha1p0,103,3,subject103_client3,2280,1,sitting,573.77
1.0,alpha1p0,103,3,subject103_client3,2281,1,sitting,575.05
1.0,alpha1p0,103,3,subject103_client3,2282,1,sitting,576.33
1.0,alpha1p0,103,3,subject103_client3,2283,1,sitting,577.61
1.0,alpha1p0,103,3,subject103_client3,2284,1,sitting,578.89
1.0,alpha1p0,103,3,subject103_client3,2285,1,sitting,580.17
1.0,alpha1p0,103,3,subject103_client3,2286,1,sitting,581.45
1.0,alpha1p0,103,3,subject103_client3,2287,1,sitting,582.73
1.0,alpha1p0,103,3,subject103_client3,2288,1,sitting,584.01
1.0,alpha1p0,103,3,subject103_client3,2289,1,sitting,585.29
1.0,alpha1p0,103,3,subject103_client3,2290,1,sitting,586.57
1.0,alpha1p0,103,3,subject103_client3,2291,1,sitting,587.85
1.0,alpha1p0,103,3,subject103_client3,2292,1,sitting,589.13
1.0,alpha1p0,103,3,subject103_client3,2293,1,sitting,590.41
1.0,alpha1p0,103,3,subject103_client3,2294,1,sitting,591.69
1.0,alpha1p0,103,3,subject103_client3,2295,1,sitting,592.97
1.0,alpha1p0,103,3,subject103_client3,2296,1,sitting,594.25
1.0,alpha1p0,103,3,subject103_client3,2297,1,sitting,595.53
1.0,alpha1p0,103,3,subject103_client3,2298,1,sitting,596.81
1.0,alpha1p0,103,3,subject103_client3,2299,1,sitting,598.09
1.0,alpha1p0,103,3,subject103_client3,2300,1,sitting,599.37
1.0,alpha1p0,103,3,subject103_client3,2301,1,sitting,600.65
1.0,alpha1p0,103,3,subject103_client3,2302,1,sitting,601.93
1.0,alpha1p0,103,3,subject103_client3,2303,1,sitting,603.21
1.0,alpha1p0,103,3,subject103_client3,2304,1,sitting,604.49
1.0,alpha1p0,103,3,subject103_client3,2305,1,sitting,605.77
1.0,alpha1p0,103,3,subject103_client3,2306,1,sitting,607.05
1.0,alpha1p0,103,3,subject103_client3,2307,1,sitting,608.33
1.0,alpha1p0,103,3,subject103_client3,2308,1,sitting,609.61
1.0,alpha1p0,103,3,subject103_client3,2309,1,sitting,610.89
1.0,alpha1p0,103,3,subject103_client3,2310,1,sitting,612.17
1.0,alpha1p0,103,3,subject103_client3,2311,1,sitting,613.45
1.0,alpha1p0,103,3,subject103_client3,2312,1,sitting,614.73
1.0,alpha1p0,103,3,subject103_client3,2313,1,sitting,616.01
1.0,alpha1p0,103,3,subject103_client3,2314,1,sitting,617.29
1.0,alpha1p0,103,3,subject103_client3,2315,1,sitting,618.57
1.0,alpha1p0,103,2,subject103_client2,2317,1,sitting,621.13
1.0,alpha1p0,103,2,subject103_client2,2318,1,sitting,622.41
1.0,alpha1p0,103,2,subject103_client2,2319,1,sitting,623.69
1.0,alpha1p0,103,2,subject103_client2,2320,1,sitting,624.97
1.0,alpha1p0,103,2,subject103_client2,2321,1,sitting,626.25
1.0,alpha1p0,103,2,subject103_client2,2322,1,sitting,627.53
1.0,alpha1p0,103,2,subject103_client2,2323,1,sitting,628.81
1.0,alpha1p0,103,2,subject103_client2,2324,1,sitting,630.09
1.0,alpha1p0,103,2,subject103_client2,2325,1,sitting,631.37
1.0,alpha1p0,103,2,subject103_client2,2326,1,sitting,632.65
1.0,alpha1p0,103,2,subject103_client2,2327,1,sitting,633.93
1.0,alpha1p0,103,2,subject103_client2,2328,1,sitting,635.21
1.0,alpha1p0,103,2,subject103_client2,2329,1,sitting,636.49
1.0,alpha1p0,103,2,subject103_client2,2330,1,sitting,637.77
1.0,alpha1p0,103,2,subject103_client2,2331,1,sitting,639.05
1.0,alpha1p0,103,2,subject103_client2,2332,1,sitting,640.33
1.0,alpha1p0,103,2,subject103_client2,2333,1,sitting,641.61
1.0,alpha1p0,103,2,subject103_client2,2334,1,sitting,642.89
1.0,alpha1p0,103,2,subject103_client2,2335,1,sitting,644.17
1.0,alpha1p0,103,2,subject103_client2,2336,1,sitting,645.45
1.0,alpha1p0,103,2,subject103_client2,2337,1,sitting,646.73
1.0,alpha1p0,103,2,subject103_client2,2338,1,sitting,648.01
1.0,alpha1p0,103,2,subject103_client2,2339,1,sitting,649.29
1.0,alpha1p0,103,2,subject103_client2,2340,1,sitting,650.57
1.0,alpha1p0,103,2,subject103_client2,2341,1,sitting,651.85
1.0,alpha1p0,103,2,subject103_client2,2342,1,sitting,653.13
1.0,alpha1p0,103,2,subject103_client2,2343,1,sitting,654.41
1.0,alpha1p0,103,2,subject103_client2,2344,1,sitting,655.69
1.0,alpha1p0,103,2,subject103_client2,2345,1,sitting,656.97
1.0,alpha1p0,103,2,subject103_client2,2346,1,sitting,658.25
1.0,alpha1p0,103,2,subject103_client2,2347,1,sitting,659.53
1.0,alpha1p0,103,2,subject103_client2,2348,1,sitting,660.81
1.0,alpha1p0,103,2,subject103_client2,2349,1,sitting,662.09
1.0,alpha1p0,103,2,subject103_client2,2350,1,sitting,663.37
1.0,alpha1p0,103,2,subject103_client2,2351,1,sitting,664.65
1.0,alpha1p0,103,2,subject103_client2,2352,1,sitting,665.93
1.0,alpha1p0,103,2,subject103_client2,2353,1,sitting,667.21
1.0,alpha1p0,103,2,subject103_client2,2354,1,sitting,668.49
1.0,alpha1p0,103,2,subject103_client2,2355,1,sitting,669.77
1.0,alpha1p0,103,2,subject103_client2,2356,1,sitting,671.05
1.0,alpha1p0,103,2,subject103_client2,2357,1,sitting,672.33
1.0,alpha1p0,103,2,subject103_client2,2358,1,sitting,673.61
1.0,alpha1p0,103,2,subject103_client2,2359,1,sitting,674.89
1.0,alpha1p0,103,2,subject103_client2,2360,1,sitting,676.17
1.0,alpha1p0,103,2,subject103_client2,2361,1,sitting,677.45
1.0,alpha1p0,103,2,subject103_client2,2362,1,sitting,678.73
1.0,alpha1p0,103,2,subject103_client2,2363,1,sitting,680.01
1.0,alpha1p0,103,2,subject103_client2,2364,1,sitting,681.29
1.0,alpha1p0,103,2,subject103_client2,2365,1,sitting,682.57
1.0,alpha1p0,103,2,subject103_client2,2366,1,sitting,683.85
1.0,alpha1p0,103,2,subject103_client2,2367,1,sitting,685.13
1.0,alpha1p0,103,2,subject103_client2,2368,1,sitting,686.41
1.0,alpha1p0,103,2,subject103_client2,2369,1,sitting,687.69
1.0,alpha1p0,103,2,subject103_client2,2370,1,sitting,688.97
1.0,alpha1p0,103,2,subject103_client2,2371,1,sitting,690.25
1.0,alpha1p0,103,2,subject103_client2,2372,1,sitting,691.53
1.0,alpha1p0,103,2,subject103_client2,2373,1,sitting,692.81
1.0,alpha1p0,103,2,subject103_client2,2374,1,sitting,694.09
1.0,alpha1p0,103,2,subject103_client2,2375,1,sitting,695.37
1.0,alpha1p0,103,2,subject103_client2,2376,1,sitting,696.65
1.0,alpha1p0,103,2,subject103_client2,2377,1,sitting,697.93
1.0,alpha1p0,103,2,subject103_client2,2378,1,sitting,699.21
1.0,alpha1p0,103,1,subject103_client1,2380,1,sitting,701.77
1.0,alpha1p0,103,1,subject103_client1,2381,1,sitting,703.05
1.0,alpha1p0,103,1,subject103_client1,2382,1,sitting,704.33
1.0,alpha1p0,103,1,subject103_client1,2383,1,sitting,705.61
1.0,alpha1p0,103,1,subject103_client1,2384,1,sitting,706.89
1.0,alpha1p0,103,1,subject103_client1,2385,1,sitting,708.17
1.0,alpha1p0,103,1,subject103_client1,2386,1,sitting,709.45
1.0,alpha1p0,103,1,subject103_client1,2387,1,sitting,710.73
1.0,alpha1p0,103,1,subject103_client1,2388,1,sitting,712.01
1.0,alpha1p0,103,1,subject103_client1,2389,1,sitting,713.29
1.0,alpha1p0,103,1,subject103_client1,2390,1,sitting,714.57
1.0,alpha1p0,103,1,subject103_client1,2391,1,sitting,715.85
1.0,alpha1p0,103,0,subject103_client0,2393,1,sitting,718.41
1.0,alpha1p0,103,0,subject103_client0,2394,1,sitting,719.69
1.0,alpha1p0,103,0,subject103_client0,2395,1,sitting,720.97
1.0,alpha1p0,103,0,subject103_client0,2396,1,sitting,722.25
1.0,alpha1p0,103,0,subject103_client0,2397,1,sitting,723.53
1.0,alpha1p0,103,0,subject103_client0,2398,1,sitting,724.81
1.0,alpha1p0,103,0,subject103_client0,2399,1,sitting,726.09
1.0,alpha1p0,103,0,subject103_client0,2400,1,sitting,727.37
1.0,alpha1p0,103,0,subject103_client0,2401,1,sitting,728.65
1.0,alpha1p0,103,0,subject103_client0,2402,1,sitting,729.93
1.0,alpha1p0,103,0,subject103_client0,2403,1,sitting,731.21
1.0,alpha1p0,103,0,subject103_client0,2404,1,sitting,732.49
1.0,alpha1p0,103,0,subject103_client0,2405,1,sitting,733.77
1.0,alpha1p0,103,0,subject103_client0,2406,1,sitting,735.05
1.0,alpha1p0,103,0,subject103_client0,2407,1,sitting,736.33
1.0,alpha1p0,103,0,subject103_client0,2408,1,sitting,737.61
1.0,alpha1p0,103,0,subject103_client0,2409,1,sitting,738.89
1.0,alpha1p0,103,0,subject103_client0,2410,1,sitting,740.17
1.0,alpha1p0,103,0,subject103_client0,2411,1,sitting,741.45
1.0,alpha1p0,103,0,subject103_client0,2412,1,sitting,742.73
1.0,alpha1p0,103,0,subject103_client0,2413,1,sitting,744.01
1.0,alpha1p0,103,0,subject103_client0,2414,1,sitting,745.29
1.0,alpha1p0,103,0,subject103_client0,2415,1,sitting,746.57
1.0,alpha1p0,103,0,subject103_client0,2416,1,sitting,747.85
1.0,alpha1p0,103,0,subject103_client0,2417,1,sitting,749.13
1.0,alpha1p0,103,0,subject103_client0,2418,1,sitting,750.41
1.0,alpha1p0,103,0,subject103_client0,2419,1,sitting,751.69
1.0,alpha1p0,103,0,subject103_client0,2420,1,sitting,752.97
1.0,alpha1p0,103,0,subject103_client0,2421,1,sitting,754.25
1.0,alpha1p0,103,0,subject103_client0,2422,1,sitting,755.53
1.0,alpha1p0,103,0,subject103_client0,2423,1,sitting,756.81
1.0,alpha1p0,103,0,subject103_client0,2424,1,sitting,758.09
1.0,alpha1p0,103,0,subject103_client0,2425,1,sitting,759.37
1.0,alpha1p0,103,0,subject103_client0,2426,1,sitting,760.65
1.0,alpha1p0,103,0,subject103_client0,2427,1,sitting,761.93
1.0,alpha1p0,103,0,subject103_client0,2428,1,sitting,763.21
1.0,alpha1p0,103,0,subject103_client0,2429,1,sitting,764.49
1.0,alpha1p0,103,0,subject103_client0,2430,1,sitting,765.77
1.0,alpha1p0,103,2,subject103_client2,2431,2,standing,769.22
1.0,alpha1p0,103,2,subject103_client2,2432,2,standing,770.5
1.0,alpha1p0,103,2,subject103_client2,2433,2,standing,771.78
1.0,alpha1p0,103,2,subject103_client2,2434,2,standing,773.06
1.0,alpha1p0,103,2,subject103_client2,2435,2,standing,774.34
1.0,alpha1p0,103,2,subject103_client2,2436,2,standing,775.62
1.0,alpha1p0,103,2,subject103_client2,2437,2,standing,776.9
1.0,alpha1p0,103,2,subject103_client2,2438,2,standing,778.18
1.0,alpha1p0,103,2,subject103_client2,2439,2,standing,779.46
1.0,alpha1p0,103,2,subject103_client2,2440,2,standing,780.74
1.0,alpha1p0,103,2,subject103_client2,2441,2,standing,782.02
1.0,alpha1p0,103,2,subject103_client2,2442,2,standing,783.3
1.0,alpha1p0,103,2,subject103_client2,2443,2,standing,784.58
1.0,alpha1p0,103,2,subject103_client2,2444,2,standing,785.86
1.0,alpha1p0,103,2,subject103_client2,2445,2,standing,787.14
1.0,alpha1p0,103,2,subject103_client2,2446,2,standing,788.42
1.0,alpha1p0,103,2,subject103_client2,2447,2,standing,789.7
1.0,alpha1p0,103,2,subject103_client2,2448,2,standing,790.98
1.0,alpha1p0,103,2,subject103_client2,2449,2,standing,792.26
1.0,alpha1p0,103,2,subject103_client2,2450,2,standing,793.54
1.0,alpha1p0,103,2,subject103_client2,2451,2,standing,794.82
1.0,alpha1p0,103,2,subject103_client2,2452,2,standing,796.1
1.0,alpha1p0,103,2,subject103_client2,2453,2,standing,797.38
1.0,alpha1p0,103,2,subject103_client2,2454,2,standing,798.66
1.0,alpha1p0,103,2,subject103_client2,2455,2,standing,799.94
1.0,alpha1p0,103,2,subject103_client2,2456,2,standing,801.22
1.0,alpha1p0,103,2,subject103_client2,2457,2,standing,802.5
1.0,alpha1p0,103,2,subject103_client2,2458,2,standing,803.78
1.0,alpha1p0,103,2,subject103_client2,2459,2,standing,805.06
1.0,alpha1p0,103,2,subject103_client2,2460,2,standing,806.34
1.0,alpha1p0,103,2,subject103_client2,2461,2,standing,807.62
1.0,alpha1p0,103,2,subject103_client2,2462,2,standing,808.9
1.0,alpha1p0,103,3,subject103_client3,2464,2,standing,811.46
1.0,alpha1p0,103,3,subject103_client3,2465,2,standing,812.74
1.0,alpha1p0,103,3,subject103_client3,2466,2,standing,814.02
1.0,alpha1p0,103,3,subject103_client3,2467,2,standing,815.3
1.0,alpha1p0,103,3,subject103_client3,2468,2,standing,816.58
1.0,alpha1p0,103,3,subject103_client3,2469,2,standing,817.86
1.0,alpha1p0,103,3,subject103_client3,2470,2,standing,819.14
1.0,alpha1p0,103,3,subject103_client3,2471,2,standing,820.42
1.0,alpha1p0,103,3,subject103_client3,2472,2,standing,821.7
1.0,alpha1p0,103,3,subject103_client3,2473,2,standing,822.98
1.0,alpha1p0,103,3,subject103_client3,2474,2,standing,824.26
1.0,alpha1p0,103,3,subject103_client3,2475,2,standing,825.54
1.0,alpha1p0,103,3,subject103_client3,2476,2,standing,826.82
1.0,alpha1p0,103,3,subject103_client3,2477,2,standing,828.1
1.0,alpha1p0,103,3,subject103_client3,2478,2,standing,829.38
1.0,alpha1p0,103,3,subject103_client3,2479,2,standing,830.66
1.0,alpha1p0,103,3,subject103_client3,2480,2,standing,831.94
1.0,alpha1p0,103,0,subject103_client0,2482,2,standing,834.5
1.0,alpha1p0,103,0,subject103_client0,2483,2,standing,835.78
1.0,alpha1p0,103,0,subject103_client0,2484,2,standing,837.06
1.0,alpha1p0,103,0,subject103_client0,2485,2,standing,838.34
1.0,alpha1p0,103,0,subject103_client0,2486,2,standing,839.62
1.0,alpha1p0,103,0,subject103_client0,2487,2,standing,840.9
1.0,alpha1p0,103,0,subject103_client0,2488,2,standing,842.18
1.0,alpha1p0,103,0,subject103_client0,2489,2,standing,843.46
1.0,alpha1p0,103,0,subject103_client0,2490,2,standing,844.74
1.0,alpha1p0,103,0,subject103_client0,2491,2,standing,846.02
1.0,alpha1p0,103,0,subject103_client0,2492,2,standing,847.3
1.0,alpha1p0,103,0,subject103_client0,2493,2,standing,848.58
1.0,alpha1p0,103,0,subject103_client0,2494,2,standing,849.86
1.0,alpha1p0,103,0,subject103_client0,2495,2,standing,851.14
1.0,alpha1p0,103,0,subject103_client0,2496,2,standing,852.42
1.0,alpha1p0,103,0,subject103_client0,2497,2,standing,853.7
1.0,alpha1p0,103,0,subject103_client0,2498,2,standing,854.98
1.0,alpha1p0,103,0,subject103_client0,2499,2,standing,856.26
1.0,alpha1p0,103,0,subject103_client0,2500,2,standing,857.54
1.0,alpha1p0,103,0,subject103_client0,2501,2,standing,858.82
1.0,alpha1p0,103,0,subject103_client0,2502,2,standing,860.1
1.0,alpha1p0,103,0,subject103_client0,2503,2,standing,861.38
1.0,alpha1p0,103,0,subject103_client0,2504,2,standing,862.66
1.0,alpha1p0,103,0,subject103_client0,2505,2,standing,863.94
1.0,alpha1p0,103,0,subject103_client0,2506,2,standing,865.22
1.0,alpha1p0,103,0,subject103_client0,2507,2,standing,866.5
1.0,alpha1p0,103,0,subject103_client0,2508,2,standing,867.78
1.0,alpha1p0,103,0,subject103_client0,2509,2,standing,869.06
1.0,alpha1p0,103,0,subject103_client0,2510,2,standing,870.34
1.0,alpha1p0,103,0,subject103_client0,2511,2,standing,871.62
1.0,alpha1p0,103,0,subject103_client0,2512,2,standing,872.9
1.0,alpha1p0,103,0,subject103_client0,2513,2,standing,874.18
1.0,alpha1p0,103,0,subject103_client0,2514,2,standing,875.46
1.0,alpha1p0,103,0,subject103_client0,2515,2,standing,876.74
1.0,alpha1p0,103,0,subject103_client0,2516,2,standing,878.02
1.0,alpha1p0,103,0,subject103_client0,2517,2,standing,879.3
1.0,alpha1p0,103,0,subject103_client0,2518,2,standing,880.58
1.0,alpha1p0,103,0,subject103_client0,2519,2,standing,881.86
1.0,alpha1p0,103,0,subject103_client0,2520,2,standing,883.14
1.0,alpha1p0,103,0,subject103_client0,2521,2,standing,884.42
1.0,alpha1p0,103,0,subject103_client0,2522,2,standing,885.7
1.0,alpha1p0,103,0,subject103_client0,2523,2,standing,886.98
1.0,alpha1p0,103,0,subject103_client0,2524,2,standing,888.26
1.0,alpha1p0,103,0,subject103_client0,2525,2,standing,889.54
1.0,alpha1p0,103,0,subject103_client0,2526,2,standing,890.82
1.0,alpha1p0,103,0,subject103_client0,2527,2,standing,892.1
1.0,alpha1p0,103,0,subject103_client0,2528,2,standing,893.38
1.0,alpha1p0,103,0,subject103_client0,2529,2,standing,894.66
1.0,alpha1p0,103,0,subject103_client0,2530,2,standing,895.94
1.0,alpha1p0,103,0,subject103_client0,2531,2,standing,897.22
1.0,alpha1p0,103,0,subject103_client0,2532,2,standing,898.5
1.0,alpha1p0,103,0,subject103_client0,2533,2,standing,899.78
1.0,alpha1p0,103,0,subject103_client0,2534,2,standing,901.06
1.0,alpha1p0,103,0,subject103_client0,2535,2,standing,902.34
1.0,alpha1p0,103,0,subject103_client0,2536,2,standing,903.62
1.0,alpha1p0,103,0,subject103_client0,2537,2,standing,904.9
1.0,alpha1p0,103,0,subject103_client0,2538,2,standing,906.18
1.0,alpha1p0,103,0,subject103_client0,2539,2,standing,907.46
1.0,alpha1p0,103,0,subject103_client0,2540,2,standing,908.74
1.0,alpha1p0,103,0,subject103_client0,2541,2,standing,910.02
1.0,alpha1p0,103,0,subject103_client0,2542,2,standing,911.3
1.0,alpha1p0,103,0,subject103_client0,2543,2,standing,912.58
1.0,alpha1p0,103,0,subject103_client0,2544,2,standing,913.86
1.0,alpha1p0,103,0,subject103_client0,2545,2,standing,915.14
1.0,alpha1p0,103,0,subject103_client0,2546,2,standing,916.42
1.0,alpha1p0,103,0,subject103_client0,2547,2,standing,917.7
1.0,alpha1p0,103,0,subject103_client0,2548,2,standing,918.98
1.0,alpha1p0,103,0,subject103_client0,2549,2,standing,920.26
1.0,alpha1p0,103,0,subject103_client0,2550,2,standing,921.54
1.0,alpha1p0,103,0,subject103_client0,2551,2,standing,922.82
1.0,alpha1p0,103,0,subject103_client0,2552,2,standing,924.1
1.0,alpha1p0,103,0,subject103_client0,2553,2,standing,925.38
1.0,alpha1p0,103,0,subject103_client0,2554,2,standing,926.66
1.0,alpha1p0,103,0,subject103_client0,2555,2,standing,927.94
1.0,alpha1p0,103,0,subject103_client0,2556,2,standing,929.22
1.0,alpha1p0,103,0,subject103_client0,2557,2,standing,930.5
1.0,alpha1p0,103,0,subject103_client0,2558,2,standing,931.78
1.0,alpha1p0,103,0,subject103_client0,2559,2,standing,933.06
1.0,alpha1p0,103,0,subject103_client0,2560,2,standing,934.34
1.0,alpha1p0,103,0,subject103_client0,2561,2,standing,935.62
1.0,alpha1p0,103,0,subject103_client0,2562,2,standing,936.9
1.0,alpha1p0,103,0,subject103_client0,2563,2,standing,938.18
1.0,alpha1p0,103,0,subject103_client0,2564,2,standing,939.46
1.0,alpha1p0,103,0,subject103_client0,2565,2,standing,940.74
1.0,alpha1p0,103,0,subject103_client0,2566,2,standing,942.02
1.0,alpha1p0,103,0,subject103_client0,2567,2,standing,943.3
1.0,alpha1p0,103,0,subject103_client0,2568,2,standing,944.58
1.0,alpha1p0,103,0,subject103_client0,2569,2,standing,945.86
1.0,alpha1p0,103,0,subject103_client0,2570,2,standing,947.14
1.0,alpha1p0,103,0,subject103_client0,2571,2,standing,948.42
1.0,alpha1p0,103,0,subject103_client0,2572,2,standing,949.7
1.0,alpha1p0,103,0,subject103_client0,2573,2,standing,950.98
1.0,alpha1p0,103,0,subject103_client0,2574,2,standing,952.26
1.0,alpha1p0,103,0,subject103_client0,2575,2,standing,953.54
1.0,alpha1p0,103,0,subject103_client0,2576,2,standing,954.82
1.0,alpha1p0,103,0,subject103_client0,2577,2,standing,956.1
1.0,alpha1p0,103,0,subject103_client0,2578,2,standing,957.38
1.0,alpha1p0,103,0,subject103_client0,2579,2,standing,958.66
1.0,alpha1p0,103,0,subject103_client0,2580,2,standing,959.94
1.0,alpha1p0,103,0,subject103_client0,2581,2,standing,961.22
1.0,alpha1p0,103,0,subject103_client0,2582,2,standing,962.5
1.0,alpha1p0,103,0,subject103_client0,2583,2,standing,963.78
1.0,alpha1p0,103,1,subject103_client1,2585,2,standing,966.34
1.0,alpha1p0,103,1,subject103_client1,2586,2,standing,967.62
1.0,alpha1p0,103,1,subject103_client1,2587,2,standing,968.9
1.0,alpha1p0,103,1,subject103_client1,2588,2,standing,970.18
1.0,alpha1p0,103,1,subject103_client1,2589,2,standing,971.46
1.0,alpha1p0,103,0,subject103_client0,2590,10,ironing,974.55
1.0,alpha1p0,103,0,subject103_client0,2591,10,ironing,975.83
1.0,alpha1p0,103,0,subject103_client0,2592,10,ironing,977.11
1.0,alpha1p0,103,0,subject103_client0,2593,10,ironing,978.39
1.0,alpha1p0,103,0,subject103_client0,2594,10,ironing,979.67
1.0,alpha1p0,103,0,subject103_client0,2595,10,ironing,980.95
1.0,alpha1p0,103,0,subject103_client0,2596,10,ironing,982.23
1.0,alpha1p0,103,0,subject103_client0,2597,10,ironing,983.51
1.0,alpha1p0,103,0,subject103_client0,2598,10,ironing,984.79
1.0,alpha1p0,103,0,subject103_client0,2599,10,ironing,986.07
1.0,alpha1p0,103,0,subject103_client0,2600,10,ironing,987.35
1.0,alpha1p0,103,0,subject103_client0,2601,10,ironing,988.63
1.0,alpha1p0,103,0,subject103_client0,2602,10,ironing,989.91
1.0,alpha1p0,103,0,subject103_client0,2603,10,ironing,991.19
1.0,alpha1p0,103,0,subject103_client0,2604,10,ironing,992.47
1.0,alpha1p0,103,0,subject103_client0,2605,10,ironing,993.75
1.0,alpha1p0,103,0,subject103_client0,2606,10,ironing,995.03
1.0,alpha1p0,103,0,subject103_client0,2607,10,ironing,996.31
1.0,alpha1p0,103,0,subject103_client0,2608,10,ironing,997.59
1.0,alpha1p0,103,0,subject103_client0,2609,10,ironing,998.87
1.0,alpha1p0,103,0,subject103_client0,2610,10,ironing,1000.15
1.0,alpha1p0,103,0,subject103_client0,2611,10,ironing,1001.43
1.0,alpha1p0,103,0,subject103_client0,2612,10,ironing,1002.71
1.0,alpha1p0,103,0,subject103_client0,2613,10,ironing,1003.99
1.0,alpha1p0,103,0,subject103_client0,2614,10,ironing,1005.27
1.0,alpha1p0,103,0,subject103_client0,2615,10,ironing,1006.55
1.0,alpha1p0,103,0,subject103_client0,2616,10,ironing,1007.83
1.0,alpha1p0,103,0,subject103_client0,2617,10,ironing,1009.11
1.0,alpha1p0,103,0,subject103_client0,2618,10,ironing,1010.39
1.0,alpha1p0,103,0,subject103_client0,2619,10,ironing,1011.67
1.0,alpha1p0,103,0,subject103_client0,2620,10,ironing,1012.95
1.0,alpha1p0,103,0,subject103_client0,2621,10,ironing,1014.23
1.0,alpha1p0,103,0,subject103_client0,2622,10,ironing,1015.51
1.0,alpha1p0,103,0,subject103_client0,2623,10,ironing,1016.79
1.0,alpha1p0,103,0,subject103_client0,2624,10,ironing,1018.07
1.0,alpha1p0,103,0,subject103_client0,2625,10,ironing,1019.35
1.0,alpha1p0,103,0,subject103_client0,2626,10,ironing,1020.63
1.0,alpha1p0,103,0,subject103_client0,2627,10,ironing,1021.91
1.0,alpha1p0,103,0,subject103_client0,2628,10,ironing,1023.19
1.0,alpha1p0,103,0,subject103_client0,2629,10,ironing,1024.47
1.0,alpha1p0,103,0,subject103_client0,2630,10,ironing,1025.75
1.0,alpha1p0,103,0,subject103_client0,2631,10,ironing,1027.03
1.0,alpha1p0,103,0,subject103_client0,2632,10,ironing,1028.31
1.0,alpha1p0,103,0,subject103_client0,2633,10,ironing,1029.59
1.0,alpha1p0,103,0,subject103_client0,2634,10,ironing,1030.87
1.0,alpha1p0,103,0,subject103_client0,2635,10,ironing,1032.15
1.0,alpha1p0,103,0,subject103_client0,2636,10,ironing,1033.43
1.0,alpha1p0,103,0,subject103_client0,2637,10,ironing,1034.71
1.0,alpha1p0,103,0,subject103_client0,2638,10,ironing,1035.99
1.0,alpha1p0,103,0,subject103_client0,2639,10,ironing,1037.27
1.0,alpha1p0,103,0,subject103_client0,2640,10,ironing,1038.55
1.0,alpha1p0,103,0,subject103_client0,2641,10,ironing,1039.83
1.0,alpha1p0,103,0,subject103_client0,2642,10,ironing,1041.11
1.0,alpha1p0,103,0,subject103_client0,2643,10,ironing,1042.39
1.0,alpha1p0,103,0,subject103_client0,2644,10,ironing,1043.67
1.0,alpha1p0,103,0,subject103_client0,2645,10,ironing,1044.95
1.0,alpha1p0,103,0,subject103_client0,2646,10,ironing,1046.23
1.0,alpha1p0,103,0,subject103_client0,2647,10,ironing,1047.51
1.0,alpha1p0,103,0,subject103_client0,2648,10,ironing,1048.79
1.0,alpha1p0,103,0,subject103_client0,2649,10,ironing,1050.07
1.0,alpha1p0,103,0,subject103_client0,2650,10,ironing,1051.35
1.0,alpha1p0,103,0,subject103_client0,2651,10,ironing,1052.63
1.0,alpha1p0,103,0,subject103_client0,2652,10,ironing,1053.91
1.0,alpha1p0,103,0,subject103_client0,2653,10,ironing,1055.19
1.0,alpha1p0,103,0,subject103_client0,2654,10,ironing,1056.47
1.0,alpha1p0,103,0,subject103_client0,2655,10,ironing,1057.75
1.0,alpha1p0,103,0,subject103_client0,2656,10,ironing,1059.03
1.0,alpha1p0,103,0,subject103_client0,2657,10,ironing,1060.31
1.0,alpha1p0,103,0,subject103_client0,2658,10,ironing,1061.59
1.0,alpha1p0,103,0,subject103_client0,2659,10,ironing,1062.87
1.0,alpha1p0,103,0,subject103_client0,2660,10,ironing,1064.15
1.0,alpha1p0,103,0,subject103_client0,2661,10,ironing,1065.43
1.0,alpha1p0,103,0,subject103_client0,2662,10,ironing,1066.71
1.0,alpha1p0,103,0,subject103_client0,2663,10,ironing,1067.99
1.0,alpha1p0,103,0,subject103_client0,2664,10,ironing,1069.27
1.0,alpha1p0,103,0,subject103_client0,2665,10,ironing,1070.55
1.0,alpha1p0,103,0,subject103_client0,2666,10,ironing,1071.83
1.0,alpha1p0,103,0,subject103_client0,2667,10,ironing,1073.11
1.0,alpha1p0,103,0,subject103_client0,2668,10,ironing,1074.39
1.0,alpha1p0,103,0,subject103_client0,2669,10,ironing,1075.67
1.0,alpha1p0,103,0,subject103_client0,2670,10,ironing,1076.95
1.0,alpha1p0,103,0,subject103_client0,2671,10,ironing,1078.23
1.0,alpha1p0,103,0,subject103_client0,2672,10,ironing,1079.51
1.0,alpha1p0,103,0,subject103_client0,2673,10,ironing,1080.79
1.0,alpha1p0,103,0,subject103_client0,2674,10,ironing,1082.07
1.0,alpha1p0,103,0,subject103_client0,2675,10,ironing,1083.35
1.0,alpha1p0,103,0,subject103_client0,2676,10,ironing,1084.63
1.0,alpha1p0,103,0,subject103_client0,2677,10,ironing,1085.91
1.0,alpha1p0,103,0,subject103_client0,2678,10,ironing,1087.19
1.0,alpha1p0,103,0,subject103_client0,2679,10,ironing,1088.47
1.0,alpha1p0,103,0,subject103_client0,2680,10,ironing,1089.75
1.0,alpha1p0,103,0,subject103_client0,2681,10,ironing,1091.03
1.0,alpha1p0,103,0,subject103_client0,2682,10,ironing,1092.31
1.0,alpha1p0,103,0,subject103_client0,2683,10,ironing,1093.59
1.0,alpha1p0,103,0,subject103_client0,2684,10,ironing,1094.87
1.0,alpha1p0,103,0,subject103_client0,2685,10,ironing,1096.15
1.0,alpha1p0,103,0,subject103_client0,2686,10,ironing,1097.43
1.0,alpha1p0,103,0,subject103_client0,2687,10,ironing,1098.71
1.0,alpha1p0,103,0,subject103_client0,2688,10,ironing,1099.99
1.0,alpha1p0,103,0,subject103_client0,2689,10,ironing,1101.27
1.0,alpha1p0,103,0,subject103_client0,2690,10,ironing,1102.55
1.0,alpha1p0,103,0,subject103_client0,2691,10,ironing,1103.83
1.0,alpha1p0,103,0,subject103_client0,2692,10,ironing,1105.11
1.0,alpha1p0,103,0,subject103_client0,2693,10,ironing,1106.39
1.0,alpha1p0,103,0,subject103_client0,2694,10,ironing,1107.67
1.0,alpha1p0,103,0,subject103_client0,2695,10,ironing,1108.95
1.0,alpha1p0,103,0,subject103_client0,2696,10,ironing,1110.23
1.0,alpha1p0,103,0,subject103_client0,2697,10,ironing,1111.51
1.0,alpha1p0,103,0,subject103_client0,2698,10,ironing,1112.79
1.0,alpha1p0,103,0,subject103_client0,2699,10,ironing,1114.07
1.0,alpha1p0,103,0,subject103_client0,2700,10,ironing,1115.35
1.0,alpha1p0,103,0,subject103_client0,2701,10,ironing,1116.63
1.0,alpha1p0,103,0,subject103_client0,2702,10,ironing,1117.91
1.0,alpha1p0,103,0,subject103_client0,2703,10,ironing,1119.19
1.0,alpha1p0,103,0,subject103_client0,2704,10,ironing,1120.47
1.0,alpha1p0,103,0,subject103_client0,2705,10,ironing,1121.75
1.0,alpha1p0,103,0,subject103_client0,2706,10,ironing,1123.03
1.0,alpha1p0,103,0,subject103_client0,2707,10,ironing,1124.31
1.0,alpha1p0,103,0,subject103_client0,2708,10,ironing,1125.59
1.0,alpha1p0,103,0,subject103_client0,2709,10,ironing,1126.87
1.0,alpha1p0,103,0,subject103_client0,2710,10,ironing,1128.15
1.0,alpha1p0,103,0,subject103_client0,2711,10,ironing,1129.43
1.0,alpha1p0,103,0,subject103_client0,2712,10,ironing,1130.71
1.0,alpha1p0,103,0,subject103_client0,2713,10,ironing,1131.99
1.0,alpha1p0,103,0,subject103_client0,2714,10,ironing,1133.27
1.0,alpha1p0,103,0,subject103_client0,2715,10,ironing,1134.55
1.0,alpha1p0,103,0,subject103_client0,2716,10,ironing,1135.83
1.0,alpha1p0,103,0,subject103_client0,2717,10,ironing,1137.11
1.0,alpha1p0,103,0,subject103_client0,2718,10,ironing,1138.39
1.0,alpha1p0,103,0,subject103_client0,2719,10,ironing,1139.67
1.0,alpha1p0,103,0,subject103_client0,2720,10,ironing,1140.95
1.0,alpha1p0,103,0,subject103_client0,2721,10,ironing,1142.23
1.0,alpha1p0,103,0,subject103_client0,2722,10,ironing,1143.51
1.0,alpha1p0,103,0,subject103_client0,2723,10,ironing,1144.79
1.0,alpha1p0,103,0,subject103_client0,2724,10,ironing,1146.07
1.0,alpha1p0,103,0,subject103_client0,2725,10,ironing,1147.35
1.0,alpha1p0,103,0,subject103_client0,2726,10,ironing,1148.63
1.0,alpha1p0,103,0,subject103_client0,2727,10,ironing,1149.91
1.0,alpha1p0,103,0,subject103_client0,2728,10,ironing,1151.19
1.0,alpha1p0,103,0,subject103_client0,2729,10,ironing,1152.47
1.0,alpha1p0,103,0,subject103_client0,2730,10,ironing,1153.75
1.0,alpha1p0,103,0,subject103_client0,2731,10,ironing,1155.03
1.0,alpha1p0,103,0,subject103_client0,2732,10,ironing,1156.31
1.0,alpha1p0,103,0,subject103_client0,2733,10,ironing,1157.59
1.0,alpha1p0,103,0,subject103_client0,2734,10,ironing,1158.87
1.0,alpha1p0,103,0,subject103_client0,2735,10,ironing,1160.15
1.0,alpha1p0,103,0,subject103_client0,2736,10,ironing,1161.43
1.0,alpha1p0,103,0,subject103_client0,2737,10,ironing,1162.71
1.0,alpha1p0,103,0,subject103_client0,2738,10,ironing,1163.99
1.0,alpha1p0,103,0,subject103_client0,2739,10,ironing,1165.27
1.0,alpha1p0,103,0,subject103_client0,2740,10,ironing,1166.55
1.0,alpha1p0,103,0,subject103_client0,2741,10,ironing,1167.83
1.0,alpha1p0,103,0,subject103_client0,2742,10,ironing,1169.11
1.0,alpha1p0,103,0,subject103_client0,2743,10,ironing,1170.39
1.0,alpha1p0,103,0,subject103_client0,2744,10,ironing,1171.67
1.0,alpha1p0,103,0,subject103_client0,2745,10,ironing,1172.95
1.0,alpha1p0,103,0,subject103_client0,2746,10,ironing,1174.23
1.0,alpha1p0,103,0,subject103_client0,2747,10,ironing,1175.51
1.0,alpha1p0,103,0,subject103_client0,2748,10,ironing,1176.79
1.0,alpha1p0,103,0,subject103_client0,2749,10,ironing,1178.07
1.0,alpha1p0,103,0,subject103_client0,2750,10,ironing,1179.35
1.0,alpha1p0,103,0,subject103_client0,2751,10,ironing,1180.63
1.0,alpha1p0,103,0,subject103_client0,2752,10,ironing,1181.91
1.0,alpha1p0,103,0,subject103_client0,2753,10,ironing,1183.19
1.0,alpha1p0,103,0,subject103_client0,2754,10,ironing,1184.47
1.0,alpha1p0,103,0,subject103_client0,2755,10,ironing,1185.75
1.0,alpha1p0,103,0,subject103_client0,2756,10,ironing,1187.03
1.0,alpha1p0,103,0,subject103_client0,2757,10,ironing,1188.31
1.0,alpha1p0,103,0,subject103_client0,2758,10,ironing,1189.59
1.0,alpha1p0,103,0,subject103_client0,2759,10,ironing,1190.87
1.0,alpha1p0,103,0,subject103_client0,2760,10,ironing,1192.15
1.0,alpha1p0,103,0,subject103_client0,2761,10,ironing,1193.43
1.0,alpha1p0,103,0,subject103_client0,2762,10,ironing,1194.71
1.0,alpha1p0,103,0,subject103_client0,2763,10,ironing,1195.99
1.0,alpha1p0,103,0,subject103_client0,2764,10,ironing,1197.27
1.0,alpha1p0,103,0,subject103_client0,2765,10,ironing,1198.55
1.0,alpha1p0,103,0,subject103_client0,2766,10,ironing,1199.83
1.0,alpha1p0,103,0,subject103_client0,2767,10,ironing,1201.11
1.0,alpha1p0,103,0,subject103_client0,2768,10,ironing,1202.39
1.0,alpha1p0,103,0,subject103_client0,2769,10,ironing,1203.67
1.0,alpha1p0,103,0,subject103_client0,2770,10,ironing,1204.95
1.0,alpha1p0,103,0,subject103_client0,2771,10,ironing,1206.23
1.0,alpha1p0,103,0,subject103_client0,2772,10,ironing,1207.51
1.0,alpha1p0,103,0,subject103_client0,2773,10,ironing,1208.79
1.0,alpha1p0,103,0,subject103_client0,2774,10,ironing,1210.07
1.0,alpha1p0,103,0,subject103_client0,2775,10,ironing,1211.35
1.0,alpha1p0,103,0,subject103_client0,2776,10,ironing,1212.63
1.0,alpha1p0,103,0,subject103_client0,2777,10,ironing,1213.91
1.0,alpha1p0,103,0,subject103_client0,2778,10,ironing,1215.19
1.0,alpha1p0,103,0,subject103_client0,2779,10,ironing,1216.47
1.0,alpha1p0,103,0,subject103_client0,2780,10,ironing,1217.75
1.0,alpha1p0,103,1,subject103_client1,2782,10,ironing,1220.31
1.0,alpha1p0,103,2,subject103_client2,2784,10,ironing,1222.87
1.0,alpha1p0,103,2,subject103_client2,2785,10,ironing,1224.15
1.0,alpha1p0,103,2,subject103_client2,2786,10,ironing,1225.43
1.0,alpha1p0,103,2,subject103_client2,2787,10,ironing,1226.71
1.0,alpha1p0,103,2,subject103_client2,2788,10,ironing,1227.99
1.0,alpha1p0,103,2,subject103_client2,2789,10,ironing,1229.27
1.0,alpha1p0,103,2,subject103_client2,2790,10,ironing,1230.55
1.0,alpha1p0,103,2,subject103_client2,2791,10,ironing,1231.83
1.0,alpha1p0,103,2,subject103_client2,2792,10,ironing,1233.11
1.0,alpha1p0,103,2,subject103_client2,2793,10,ironing,1234.39
1.0,alpha1p0,103,2,subject103_client2,2794,10,ironing,1235.67
1.0,alpha1p0,103,2,subject103_client2,2795,10,ironing,1236.95
1.0,alpha1p0,103,2,subject103_client2,2796,10,ironing,1238.23
1.0,alpha1p0,103,2,subject103_client2,2797,10,ironing,1239.51
1.0,alpha1p0,103,2,subject103_client2,2798,10,ironing,1240.79
1.0,alpha1p0,103,2,subject103_client2,2799,10,ironing,1242.07
1.0,alpha1p0,103,2,subject103_client2,2800,10,ironing,1243.35
1.0,alpha1p0,103,3,subject103_client3,2802,10,ironing,1245.91
1.0,alpha1p0,103,3,subject103_client3,2803,10,ironing,1247.19
1.0,alpha1p0,103,3,subject103_client3,2804,10,ironing,1248.47
1.0,alpha1p0,103,3,subject103_client3,2805,10,ironing,1249.75
1.0,alpha1p0,103,3,subject103_client3,2806,10,ironing,1251.03
1.0,alpha1p0,103,0,subject103_client0,2807,9,vacuum cleaning,1303.02
1.0,alpha1p0,103,0,subject103_client0,2808,9,vacuum cleaning,1304.3
1.0,alpha1p0,103,0,subject103_client0,2809,9,vacuum cleaning,1305.58
1.0,alpha1p0,103,0,subject103_client0,2810,9,vacuum cleaning,1306.86
1.0,alpha1p0,103,0,subject103_client0,2811,9,vacuum cleaning,1308.14
1.0,alpha1p0,103,0,subject103_client0,2812,9,vacuum cleaning,1309.42
1.0,alpha1p0,103,0,subject103_client0,2813,9,vacuum cleaning,1310.7
1.0,alpha1p0,103,0,subject103_client0,2814,9,vacuum cleaning,1311.98
1.0,alpha1p0,103,0,subject103_client0,2815,9,vacuum cleaning,1313.26
1.0,alpha1p0,103,0,subject103_client0,2816,9,vacuum cleaning,1314.54
1.0,alpha1p0,103,0,subject103_client0,2817,9,vacuum cleaning,1315.82
1.0,alpha1p0,103,0,subject103_client0,2818,9,vacuum cleaning,1317.1
1.0,alpha1p0,103,0,subject103_client0,2819,9,vacuum cleaning,1318.38
1.0,alpha1p0,103,0,subject103_client0,2820,9,vacuum cleaning,1319.66
1.0,alpha1p0,103,0,subject103_client0,2821,9,vacuum cleaning,1320.94
1.0,alpha1p0,103,0,subject103_client0,2822,9,vacuum cleaning,1322.22
1.0,alpha1p0,103,0,subject103_client0,2823,9,vacuum cleaning,1323.5
1.0,alpha1p0,103,0,subject103_client0,2824,9,vacuum cleaning,1324.78
1.0,alpha1p0,103,0,subject103_client0,2825,9,vacuum cleaning,1326.06
1.0,alpha1p0,103,0,subject103_client0,2826,9,vacuum cleaning,1327.34
1.0,alpha1p0,103,0,subject103_client0,2827,9,vacuum cleaning,1328.62
1.0,alpha1p0,103,0,subject103_client0,2828,9,vacuum cleaning,1329.9
1.0,alpha1p0,103,0,subject103_client0,2829,9,vacuum cleaning,1331.18
1.0,alpha1p0,103,0,subject103_client0,2830,9,vacuum cleaning,1332.46
1.0,alpha1p0,103,0,subject103_client0,2831,9,vacuum cleaning,1333.74
1.0,alpha1p0,103,0,subject103_client0,2832,9,vacuum cleaning,1335.02
1.0,alpha1p0,103,0,subject103_client0,2833,9,vacuum cleaning,1336.3
1.0,alpha1p0,103,0,subject103_client0,2834,9,vacuum cleaning,1337.58
1.0,alpha1p0,103,0,subject103_client0,2835,9,vacuum cleaning,1338.86
1.0,alpha1p0,103,0,subject103_client0,2836,9,vacuum cleaning,1340.14
1.0,alpha1p0,103,0,subject103_client0,2837,9,vacuum cleaning,1341.42
1.0,alpha1p0,103,0,subject103_client0,2838,9,vacuum cleaning,1342.7
1.0,alpha1p0,103,0,subject103_client0,2839,9,vacuum cleaning,1343.98
1.0,alpha1p0,103,0,subject103_client0,2840,9,vacuum cleaning,1345.26
1.0,alpha1p0,103,0,subject103_client0,2841,9,vacuum cleaning,1346.54
1.0,alpha1p0,103,0,subject103_client0,2842,9,vacuum cleaning,1347.82
1.0,alpha1p0,103,0,subject103_client0,2843,9,vacuum cleaning,1349.1
1.0,alpha1p0,103,0,subject103_client0,2844,9,vacuum cleaning,1350.38
1.0,alpha1p0,103,0,subject103_client0,2845,9,vacuum cleaning,1351.66
1.0,alpha1p0,103,0,subject103_client0,2846,9,vacuum cleaning,1352.94
1.0,alpha1p0,103,0,subject103_client0,2847,9,vacuum cleaning,1354.22
1.0,alpha1p0,103,0,subject103_client0,2848,9,vacuum cleaning,1355.5
1.0,alpha1p0,103,0,subject103_client0,2849,9,vacuum cleaning,1356.78
1.0,alpha1p0,103,0,subject103_client0,2850,9,vacuum cleaning,1358.06
1.0,alpha1p0,103,0,subject103_client0,2851,9,vacuum cleaning,1359.34
1.0,alpha1p0,103,0,subject103_client0,2852,9,vacuum cleaning,1360.62
1.0,alpha1p0,103,0,subject103_client0,2853,9,vacuum cleaning,1361.9
1.0,alpha1p0,103,0,subject103_client0,2854,9,vacuum cleaning,1363.18
1.0,alpha1p0,103,0,subject103_client0,2855,9,vacuum cleaning,1364.46
1.0,alpha1p0,103,0,subject103_client0,2856,9,vacuum cleaning,1365.74
1.0,alpha1p0,103,0,subject103_client0,2857,9,vacuum cleaning,1367.02
1.0,alpha1p0,103,1,subject103_client1,2859,9,vacuum cleaning,1369.58
1.0,alpha1p0,103,1,subject103_client1,2860,9,vacuum cleaning,1370.86
1.0,alpha1p0,103,1,subject103_client1,2861,9,vacuum cleaning,1372.14
1.0,alpha1p0,103,1,subject103_client1,2862,9,vacuum cleaning,1373.42
1.0,alpha1p0,103,1,subject103_client1,2863,9,vacuum cleaning,1374.7
1.0,alpha1p0,103,1,subject103_client1,2864,9,vacuum cleaning,1375.98
1.0,alpha1p0,103,1,subject103_client1,2865,9,vacuum cleaning,1377.26
1.0,alpha1p0,103,1,subject103_client1,2866,9,vacuum cleaning,1378.54
1.0,alpha1p0,103,1,subject103_client1,2867,9,vacuum cleaning,1379.82
1.0,alpha1p0,103,1,subject103_client1,2868,9,vacuum cleaning,1381.1
1.0,alpha1p0,103,1,subject103_client1,2869,9,vacuum cleaning,1382.38
1.0,alpha1p0,103,1,subject103_client1,2870,9,vacuum cleaning,1383.66
1.0,alpha1p0,103,1,subject103_client1,2871,9,vacuum cleaning,1384.94
1.0,alpha1p0,103,1,subject103_client1,2872,9,vacuum cleaning,1386.22
1.0,alpha1p0,103,1,subject103_client1,2873,9,vacuum cleaning,1387.5
1.0,alpha1p0,103,1,subject103_client1,2874,9,vacuum cleaning,1388.78
1.0,alpha1p0,103,1,subject103_client1,2875,9,vacuum cleaning,1390.06
1.0,alpha1p0,103,1,subject103_client1,2876,9,vacuum cleaning,1391.34
1.0,alpha1p0,103,1,subject103_client1,2877,9,vacuum cleaning,1392.62
1.0,alpha1p0,103,1,subject103_client1,2878,9,vacuum cleaning,1393.9
1.0,alpha1p0,103,1,subject103_client1,2879,9,vacuum cleaning,1395.18
1.0,alpha1p0,103,1,subject103_client1,2880,9,vacuum cleaning,1396.46
1.0,alpha1p0,103,1,subject103_client1,2881,9,vacuum cleaning,1397.74
1.0,alpha1p0,103,1,subject103_client1,2882,9,vacuum cleaning,1399.02
1.0,alpha1p0,103,1,subject103_client1,2883,9,vacuum cleaning,1400.3
1.0,alpha1p0,103,1,subject103_client1,2884,9,vacuum cleaning,1401.58
1.0,alpha1p0,103,1,subject103_client1,2885,9,vacuum cleaning,1402.86
1.0,alpha1p0,103,1,subject103_client1,2886,9,vacuum cleaning,1404.14
1.0,alpha1p0,103,1,subject103_client1,2887,9,vacuum cleaning,1405.42
1.0,alpha1p0,103,1,subject103_client1,2888,9,vacuum cleaning,1406.7
1.0,alpha1p0,103,1,subject103_client1,2889,9,vacuum cleaning,1407.98
1.0,alpha1p0,103,1,subject103_client1,2890,9,vacuum cleaning,1409.26
1.0,alpha1p0,103,1,subject103_client1,2891,9,vacuum cleaning,1410.54
1.0,alpha1p0,103,1,subject103_client1,2892,9,vacuum cleaning,1411.82
1.0,alpha1p0,103,1,subject103_client1,2893,9,vacuum cleaning,1413.1
1.0,alpha1p0,103,1,subject103_client1,2894,9,vacuum cleaning,1414.38
1.0,alpha1p0,103,1,subject103_client1,2895,9,vacuum cleaning,1415.66
1.0,alpha1p0,103,1,subject103_client1,2896,9,vacuum cleaning,1416.94
1.0,alpha1p0,103,1,subject103_client1,2897,9,vacuum cleaning,1418.22
1.0,alpha1p0,103,1,subject103_client1,2898,9,vacuum cleaning,1419.5
1.0,alpha1p0,103,1,subject103_client1,2899,9,vacuum cleaning,1420.78
1.0,alpha1p0,103,1,subject103_client1,2900,9,vacuum cleaning,1422.06
1.0,alpha1p0,103,1,subject103_client1,2901,9,vacuum cleaning,1423.34
1.0,alpha1p0,103,1,subject103_client1,2902,9,vacuum cleaning,1424.62
1.0,alpha1p0,103,1,subject103_client1,2903,9,vacuum cleaning,1425.9
1.0,alpha1p0,103,1,subject103_client1,2904,9,vacuum cleaning,1427.18
1.0,alpha1p0,103,1,subject103_client1,2905,9,vacuum cleaning,1428.46
1.0,alpha1p0,103,1,subject103_client1,2906,9,vacuum cleaning,1429.74
1.0,alpha1p0,103,1,subject103_client1,2907,9,vacuum cleaning,1431.02
1.0,alpha1p0,103,1,subject103_client1,2908,9,vacuum cleaning,1432.3
1.0,alpha1p0,103,1,subject103_client1,2909,9,vacuum cleaning,1433.58
1.0,alpha1p0,103,1,subject103_client1,2910,9,vacuum cleaning,1434.86
1.0,alpha1p0,103,1,subject103_client1,2911,9,vacuum cleaning,1436.14
1.0,alpha1p0,103,1,subject103_client1,2912,9,vacuum cleaning,1437.42
1.0,alpha1p0,103,1,subject103_client1,2913,9,vacuum cleaning,1438.7
1.0,alpha1p0,103,1,subject103_client1,2914,9,vacuum cleaning,1439.98
1.0,alpha1p0,103,1,subject103_client1,2915,9,vacuum cleaning,1441.26
1.0,alpha1p0,103,1,subject103_client1,2916,9,vacuum cleaning,1442.54
1.0,alpha1p0,103,1,subject103_client1,2917,9,vacuum cleaning,1443.82
1.0,alpha1p0,103,1,subject103_client1,2918,9,vacuum cleaning,1445.1
1.0,alpha1p0,103,1,subject103_client1,2919,9,vacuum cleaning,1446.38
1.0,alpha1p0,103,1,subject103_client1,2920,9,vacuum cleaning,1447.66
1.0,alpha1p0,103,1,subject103_client1,2921,9,vacuum cleaning,1448.94
1.0,alpha1p0,103,1,subject103_client1,2922,9,vacuum cleaning,1450.22
1.0,alpha1p0,103,1,subject103_client1,2923,9,vacuum cleaning,1451.5
1.0,alpha1p0,103,1,subject103_client1,2924,9,vacuum cleaning,1452.78
1.0,alpha1p0,103,1,subject103_client1,2925,9,vacuum cleaning,1454.06
1.0,alpha1p0,103,1,subject103_client1,2926,9,vacuum cleaning,1455.34
1.0,alpha1p0,103,1,subject103_client1,2927,9,vacuum cleaning,1456.62
1.0,alpha1p0,103,1,subject103_client1,2928,9,vacuum cleaning,1457.9
1.0,alpha1p0,103,1,subject103_client1,2929,9,vacuum cleaning,1459.18
1.0,alpha1p0,103,1,subject103_client1,2930,9,vacuum cleaning,1460.46
1.0,alpha1p0,103,1,subject103_client1,2931,9,vacuum cleaning,1461.74
1.0,alpha1p0,103,1,subject103_client1,2932,9,vacuum cleaning,1463.02
1.0,alpha1p0,103,1,subject103_client1,2933,9,vacuum cleaning,1464.3
1.0,alpha1p0,103,1,subject103_client1,2934,9,vacuum cleaning,1465.58
1.0,alpha1p0,103,1,subject103_client1,2935,9,vacuum cleaning,1466.86
1.0,alpha1p0,103,1,subject103_client1,2936,9,vacuum cleaning,1468.14
1.0,alpha1p0,103,1,subject103_client1,2937,9,vacuum cleaning,1469.42
1.0,alpha1p0,103,2,subject103_client2,2939,9,vacuum cleaning,1471.98
1.0,alpha1p0,103,2,subject103_client2,2940,9,vacuum cleaning,1473.26
1.0,alpha1p0,103,3,subject103_client3,2942,9,vacuum cleaning,1475.82
1.0,alpha1p0,103,3,subject103_client3,2943,9,vacuum cleaning,1477.1
1.0,alpha1p0,103,3,subject103_client3,2944,9,vacuum cleaning,1478.38
1.0,alpha1p0,103,3,subject103_client3,2945,9,vacuum cleaning,1479.66
1.0,alpha1p0,103,3,subject103_client3,2946,9,vacuum cleaning,1480.94
1.0,alpha1p0,103,3,subject103_client3,2947,9,vacuum cleaning,1482.22
1.0,alpha1p0,103,3,subject103_client3,2948,9,vacuum cleaning,1483.5
1.0,alpha1p0,103,3,subject103_client3,2949,9,vacuum cleaning,1484.78
1.0,alpha1p0,103,3,subject103_client3,2950,9,vacuum cleaning,1486.06
1.0,alpha1p0,103,3,subject103_client3,2951,9,vacuum cleaning,1487.34
1.0,alpha1p0,103,3,subject103_client3,2952,9,vacuum cleaning,1488.62
1.0,alpha1p0,103,3,subject103_client3,2953,9,vacuum cleaning,1489.9
1.0,alpha1p0,103,3,subject103_client3,2954,9,vacuum cleaning,1491.18
1.0,alpha1p0,103,3,subject103_client3,2955,9,vacuum cleaning,1492.46
1.0,alpha1p0,103,3,subject103_client3,2956,9,vacuum cleaning,1493.74
1.0,alpha1p0,103,3,subject103_client3,2957,9,vacuum cleaning,1495.02
1.0,alpha1p0,103,3,subject103_client3,2958,9,vacuum cleaning,1496.3
1.0,alpha1p0,103,3,subject103_client3,2959,9,vacuum cleaning,1497.58
1.0,alpha1p0,103,3,subject103_client3,2960,9,vacuum cleaning,1498.86
1.0,alpha1p0,103,3,subject103_client3,2961,9,vacuum cleaning,1500.14
1.0,alpha1p0,103,3,subject103_client3,2962,9,vacuum cleaning,1501.42
1.0,alpha1p0,103,3,subject103_client3,2963,9,vacuum cleaning,1502.7
1.0,alpha1p0,103,3,subject103_client3,2964,8,descending stairs,1641.09
1.0,alpha1p0,103,3,subject103_client3,2965,8,descending stairs,1642.37
1.0,alpha1p0,103,3,subject103_client3,2966,8,descending stairs,1643.65
1.0,alpha1p0,103,3,subject103_client3,2967,8,descending stairs,1644.93
1.0,alpha1p0,103,3,subject103_client3,2968,8,descending stairs,1646.21
1.0,alpha1p0,103,3,subject103_client3,2969,8,descending stairs,1647.49
1.0,alpha1p0,103,3,subject103_client3,2970,8,descending stairs,1648.77
1.0,alpha1p0,103,3,subject103_client3,2971,8,descending stairs,1650.05
1.0,alpha1p0,103,3,subject103_client3,2972,8,descending stairs,1651.33
1.0,alpha1p0,103,3,subject103_client3,2973,8,descending stairs,1652.61
1.0,alpha1p0,103,3,subject103_client3,2974,8,descending stairs,1653.89
1.0,alpha1p0,103,3,subject103_client3,2975,8,descending stairs,1655.17
1.0,alpha1p0,103,3,subject103_client3,2976,8,descending stairs,1656.45
1.0,alpha1p0,103,3,subject103_client3,2977,8,descending stairs,1657.73
1.0,alpha1p0,103,3,subject103_client3,2978,8,descending stairs,1659.01
1.0,alpha1p0,103,3,subject103_client3,2979,8,descending stairs,1660.29
1.0,alpha1p0,103,3,subject103_client3,2980,8,descending stairs,1661.57
1.0,alpha1p0,103,3,subject103_client3,2981,8,descending stairs,1662.85
1.0,alpha1p0,103,1,subject103_client1,2983,8,descending stairs,1665.41
1.0,alpha1p0,103,1,subject103_client1,2984,8,descending stairs,1666.69
1.0,alpha1p0,103,1,subject103_client1,2985,8,descending stairs,1667.97
1.0,alpha1p0,103,1,subject103_client1,2986,8,descending stairs,1669.25
1.0,alpha1p0,103,1,subject103_client1,2987,8,descending stairs,1670.53
1.0,alpha1p0,103,1,subject103_client1,2988,8,descending stairs,1671.81
1.0,alpha1p0,103,1,subject103_client1,2989,8,descending stairs,1673.09
1.0,alpha1p0,103,1,subject103_client1,2990,8,descending stairs,1674.37
1.0,alpha1p0,103,1,subject103_client1,2991,8,descending stairs,1675.65
1.0,alpha1p0,103,1,subject103_client1,2992,8,descending stairs,1676.93
1.0,alpha1p0,103,1,subject103_client1,2993,8,descending stairs,1678.21
1.0,alpha1p0,103,1,subject103_client1,2994,8,descending stairs,1679.49
1.0,alpha1p0,103,1,subject103_client1,2995,8,descending stairs,1680.77
1.0,alpha1p0,103,1,subject103_client1,2996,8,descending stairs,1682.05
1.0,alpha1p0,103,1,subject103_client1,2997,8,descending stairs,1683.33
1.0,alpha1p0,103,1,subject103_client1,2998,8,descending stairs,1684.61
1.0,alpha1p0,103,1,subject103_client1,2999,8,descending stairs,1685.89
1.0,alpha1p0,103,1,subject103_client1,3000,8,descending stairs,1687.17
1.0,alpha1p0,103,1,subject103_client1,3001,8,descending stairs,1688.45
1.0,alpha1p0,103,1,subject103_client1,3002,8,descending stairs,1689.73
1.0,alpha1p0,103,1,subject103_client1,3003,8,descending stairs,1691.01
1.0,alpha1p0,103,1,subject103_client1,3004,8,descending stairs,1692.29
1.0,alpha1p0,103,1,subject103_client1,3005,8,descending stairs,1693.57
1.0,alpha1p0,103,1,subject103_client1,3006,8,descending stairs,1694.85
1.0,alpha1p0,103,1,subject103_client1,3007,8,descending stairs,1696.13
1.0,alpha1p0,103,0,subject103_client0,3008,7,ascending stairs,1709.6
1.0,alpha1p0,103,0,subject103_client0,3009,7,ascending stairs,1710.88
1.0,alpha1p0,103,0,subject103_client0,3010,7,ascending stairs,1712.16
1.0,alpha1p0,103,0,subject103_client0,3011,7,ascending stairs,1713.44
1.0,alpha1p0,103,0,subject103_client0,3012,7,ascending stairs,1714.72
1.0,alpha1p0,103,0,subject103_client0,3013,7,ascending stairs,1716.0
1.0,alpha1p0,103,0,subject103_client0,3014,7,ascending stairs,1717.28
1.0,alpha1p0,103,3,subject103_client3,3016,7,ascending stairs,1719.84
1.0,alpha1p0,103,3,subject103_client3,3017,7,ascending stairs,1721.12
1.0,alpha1p0,103,3,subject103_client3,3018,7,ascending stairs,1722.4
1.0,alpha1p0,103,3,subject103_client3,3019,7,ascending stairs,1723.68
1.0,alpha1p0,103,3,subject103_client3,3020,7,ascending stairs,1724.96
1.0,alpha1p0,103,3,subject103_client3,3021,7,ascending stairs,1726.24
1.0,alpha1p0,103,3,subject103_client3,3022,7,ascending stairs,1727.52
1.0,alpha1p0,103,3,subject103_client3,3023,7,ascending stairs,1728.8
1.0,alpha1p0,103,3,subject103_client3,3024,7,ascending stairs,1730.08
1.0,alpha1p0,103,3,subject103_client3,3025,7,ascending stairs,1731.36
1.0,alpha1p0,103,3,subject103_client3,3026,7,ascending stairs,1732.64
1.0,alpha1p0,103,3,subject103_client3,3027,7,ascending stairs,1733.92
1.0,alpha1p0,103,3,subject103_client3,3028,7,ascending stairs,1735.2
1.0,alpha1p0,103,3,subject103_client3,3029,7,ascending stairs,1736.48
1.0,alpha1p0,103,3,subject103_client3,3030,7,ascending stairs,1737.76
1.0,alpha1p0,103,3,subject103_client3,3031,7,ascending stairs,1739.04
1.0,alpha1p0,103,3,subject103_client3,3032,7,ascending stairs,1740.32
1.0,alpha1p0,103,3,subject103_client3,3033,7,ascending stairs,1741.6
1.0,alpha1p0,103,3,subject103_client3,3034,7,ascending stairs,1742.88
1.0,alpha1p0,103,3,subject103_client3,3035,7,ascending stairs,1744.16
1.0,alpha1p0,103,3,subject103_client3,3036,7,ascending stairs,1745.44
1.0,alpha1p0,103,3,subject103_client3,3037,7,ascending stairs,1746.72
1.0,alpha1p0,103,3,subject103_client3,3038,7,ascending stairs,1748.0
1.0,alpha1p0,103,3,subject103_client3,3039,7,ascending stairs,1749.28
1.0,alpha1p0,103,3,subject103_client3,3040,7,ascending stairs,1750.56
1.0,alpha1p0,103,3,subject103_client3,3041,7,ascending stairs,1751.84
1.0,alpha1p0,103,3,subject103_client3,3042,7,ascending stairs,1753.12
1.0,alpha1p0,103,3,subject103_client3,3043,7,ascending stairs,1754.4
1.0,alpha1p0,103,3,subject103_client3,3044,7,ascending stairs,1755.68
1.0,alpha1p0,103,3,subject103_client3,3045,7,ascending stairs,1756.96
1.0,alpha1p0,103,3,subject103_client3,3046,7,ascending stairs,1758.24
1.0,alpha1p0,103,3,subject103_client3,3047,7,ascending stairs,1759.52
1.0,alpha1p0,103,3,subject103_client3,3048,7,ascending stairs,1760.8
1.0,alpha1p0,103,1,subject103_client1,3049,8,descending stairs,1765.23
1.0,alpha1p0,103,1,subject103_client1,3050,8,descending stairs,1766.51
1.0,alpha1p0,103,1,subject103_client1,3051,8,descending stairs,1767.79
1.0,alpha1p0,103,1,subject103_client1,3052,8,descending stairs,1769.07
1.0,alpha1p0,103,1,subject103_client1,3053,8,descending stairs,1770.35
1.0,alpha1p0,103,1,subject103_client1,3054,8,descending stairs,1771.63
1.0,alpha1p0,103,1,subject103_client1,3055,8,descending stairs,1772.91
1.0,alpha1p0,103,1,subject103_client1,3056,8,descending stairs,1774.19
1.0,alpha1p0,103,1,subject103_client1,3057,8,descending stairs,1775.47
1.0,alpha1p0,103,1,subject103_client1,3058,8,descending stairs,1776.75
1.0,alpha1p0,103,1,subject103_client1,3059,8,descending stairs,1778.03
1.0,alpha1p0,103,1,subject103_client1,3060,8,descending stairs,1779.31
1.0,alpha1p0,103,1,subject103_client1,3061,8,descending stairs,1780.59
1.0,alpha1p0,103,1,subject103_client1,3062,8,descending stairs,1781.87
1.0,alpha1p0,103,1,subject103_client1,3063,8,descending stairs,1783.15
1.0,alpha1p0,103,1,subject103_client1,3064,8,descending stairs,1784.43
1.0,alpha1p0,103,1,subject103_client1,3065,8,descending stairs,1785.71
1.0,alpha1p0,103,1,subject103_client1,3066,8,descending stairs,1786.99
1.0,alpha1p0,103,1,subject103_client1,3067,8,descending stairs,1788.27
1.0,alpha1p0,103,1,subject103_client1,3068,8,descending stairs,1789.55
1.0,alpha1p0,103,1,subject103_client1,3069,8,descending stairs,1790.83
1.0,alpha1p0,103,1,subject103_client1,3070,8,descending stairs,1792.11
1.0,alpha1p0,103,1,subject103_client1,3071,8,descending stairs,1793.39
1.0,alpha1p0,103,1,subject103_client1,3072,8,descending stairs,1794.67
1.0,alpha1p0,103,1,subject103_client1,3073,8,descending stairs,1795.95
1.0,alpha1p0,103,1,subject103_client1,3074,8,descending stairs,1797.23
1.0,alpha1p0,103,2,subject103_client2,3076,8,descending stairs,1799.79
1.0,alpha1p0,103,2,subject103_client2,3077,8,descending stairs,1801.07
1.0,alpha1p0,103,2,subject103_client2,3078,8,descending stairs,1802.35
1.0,alpha1p0,103,2,subject103_client2,3079,8,descending stairs,1803.63
1.0,alpha1p0,103,2,subject103_client2,3080,8,descending stairs,1804.91
1.0,alpha1p0,103,2,subject103_client2,3081,8,descending stairs,1806.19
1.0,alpha1p0,103,2,subject103_client2,3082,8,descending stairs,1807.47
1.0,alpha1p0,103,2,subject103_client2,3083,8,descending stairs,1808.75
1.0,alpha1p0,103,2,subject103_client2,3084,8,descending stairs,1810.03
1.0,alpha1p0,103,3,subject103_client3,3085,7,ascending stairs,1853.7
1.0,alpha1p0,103,3,subject103_client3,3086,7,ascending stairs,1854.98
1.0,alpha1p0,103,3,subject103_client3,3087,7,ascending stairs,1856.26
1.0,alpha1p0,103,3,subject103_client3,3088,7,ascending stairs,1857.54
1.0,alpha1p0,103,3,subject103_client3,3089,7,ascending stairs,1858.82
1.0,alpha1p0,103,3,subject103_client3,3090,7,ascending stairs,1860.1
1.0,alpha1p0,103,3,subject103_client3,3091,7,ascending stairs,1861.38
1.0,alpha1p0,103,3,subject103_client3,3092,7,ascending stairs,1862.66
1.0,alpha1p0,103,3,subject103_client3,3093,7,ascending stairs,1863.94
1.0,alpha1p0,103,3,subject103_client3,3094,7,ascending stairs,1865.22
1.0,alpha1p0,103,3,subject103_client3,3095,7,ascending stairs,1866.5
1.0,alpha1p0,103,3,subject103_client3,3096,7,ascending stairs,1867.78
1.0,alpha1p0,103,3,subject103_client3,3097,7,ascending stairs,1869.06
1.0,alpha1p0,103,3,subject103_client3,3098,7,ascending stairs,1870.34
1.0,alpha1p0,103,3,subject103_client3,3099,7,ascending stairs,1871.62
1.0,alpha1p0,103,3,subject103_client3,3100,7,ascending stairs,1872.9
1.0,alpha1p0,103,3,subject103_client3,3101,7,ascending stairs,1874.18
1.0,alpha1p0,103,3,subject103_client3,3102,7,ascending stairs,1875.46
1.0,alpha1p0,103,3,subject103_client3,3103,7,ascending stairs,1876.74
1.0,alpha1p0,103,3,subject103_client3,3104,7,ascending stairs,1878.02
1.0,alpha1p0,103,3,subject103_client3,3105,7,ascending stairs,1879.3
1.0,alpha1p0,103,3,subject103_client3,3106,7,ascending stairs,1880.58
1.0,alpha1p0,103,3,subject103_client3,3107,7,ascending stairs,1881.86
1.0,alpha1p0,103,3,subject103_client3,3108,7,ascending stairs,1883.14
1.0,alpha1p0,103,3,subject103_client3,3109,7,ascending stairs,1884.42
1.0,alpha1p0,103,3,subject103_client3,3110,7,ascending stairs,1885.7
1.0,alpha1p0,103,3,subject103_client3,3111,7,ascending stairs,1886.98
1.0,alpha1p0,103,3,subject103_client3,3112,7,ascending stairs,1888.26
1.0,alpha1p0,103,2,subject103_client2,3114,7,ascending stairs,1890.82
1.0,alpha1p0,103,2,subject103_client2,3115,7,ascending stairs,1892.1
1.0,alpha1p0,103,2,subject103_client2,3116,7,ascending stairs,1893.38
1.0,alpha1p0,103,2,subject103_client2,3117,7,ascending stairs,1894.66
1.0,alpha1p0,103,2,subject103_client2,3118,7,ascending stairs,1895.94
1.0,alpha1p0,103,2,subject103_client2,3119,7,ascending stairs,1897.22
1.0,alpha1p0,103,2,subject103_client2,3120,7,ascending stairs,1898.5
1.0,alpha1p0,103,2,subject103_client2,3121,7,ascending stairs,1899.78
1.0,alpha1p0,103,2,subject103_client2,3122,8,descending stairs,1903.24
1.0,alpha1p0,103,2,subject103_client2,3123,8,descending stairs,1904.52
1.0,alpha1p0,103,2,subject103_client2,3124,8,descending stairs,1905.8
1.0,alpha1p0,103,2,subject103_client2,3125,8,descending stairs,1907.08
1.0,alpha1p0,103,2,subject103_client2,3126,8,descending stairs,1908.36
1.0,alpha1p0,103,2,subject103_client2,3127,8,descending stairs,1909.64
1.0,alpha1p0,103,2,subject103_client2,3128,8,descending stairs,1910.92
1.0,alpha1p0,103,2,subject103_client2,3129,8,descending stairs,1912.2
1.0,alpha1p0,103,2,subject103_client2,3130,8,descending stairs,1913.48
1.0,alpha1p0,103,2,subject103_client2,3131,8,descending stairs,1914.76
1.0,alpha1p0,103,2,subject103_client2,3132,8,descending stairs,1916.04
1.0,alpha1p0,103,2,subject103_client2,3133,8,descending stairs,1917.32
1.0,alpha1p0,103,2,subject103_client2,3134,8,descending stairs,1918.6
1.0,alpha1p0,103,2,subject103_client2,3135,8,descending stairs,1919.88
1.0,alpha1p0,103,2,subject103_client2,3136,8,descending stairs,1921.16
1.0,alpha1p0,103,2,subject103_client2,3137,8,descending stairs,1922.44
1.0,alpha1p0,103,2,subject103_client2,3138,8,descending stairs,1923.72
1.0,alpha1p0,103,2,subject103_client2,3139,8,descending stairs,1925.0
1.0,alpha1p0,103,2,subject103_client2,3140,8,descending stairs,1926.28
1.0,alpha1p0,103,2,subject103_client2,3141,8,descending stairs,1927.56
1.0,alpha1p0,103,2,subject103_client2,3142,8,descending stairs,1928.84
1.0,alpha1p0,103,2,subject103_client2,3143,8,descending stairs,1930.12
1.0,alpha1p0,103,2,subject103_client2,3144,8,descending stairs,1931.4
1.0,alpha1p0,103,2,subject103_client2,3145,8,descending stairs,1932.68
1.0,alpha1p0,103,2,subject103_client2,3146,8,descending stairs,1933.96
1.0,alpha1p0,103,2,subject103_client2,3147,8,descending stairs,1935.24
1.0,alpha1p0,103,2,subject103_client2,3148,8,descending stairs,1936.52
1.0,alpha1p0,103,2,subject103_client2,3149,8,descending stairs,1937.8
1.0,alpha1p0,103,2,subject103_client2,3150,8,descending stairs,1939.08
1.0,alpha1p0,103,2,subject103_client2,3151,8,descending stairs,1940.36
1.0,alpha1p0,103,2,subject103_client2,3152,8,descending stairs,1941.64
1.0,alpha1p0,103,2,subject103_client2,3153,8,descending stairs,1942.92
1.0,alpha1p0,103,0,subject103_client0,3155,8,descending stairs,1945.48
1.0,alpha1p0,103,0,subject103_client0,3156,8,descending stairs,1946.76
1.0,alpha1p0,103,3,subject103_client3,3157,3,walking,2152.84
1.0,alpha1p0,103,3,subject103_client3,3158,3,walking,2154.12
1.0,alpha1p0,103,3,subject103_client3,3159,3,walking,2155.4
1.0,alpha1p0,103,3,subject103_client3,3160,3,walking,2156.68
1.0,alpha1p0,103,3,subject103_client3,3161,3,walking,2157.96
1.0,alpha1p0,103,3,subject103_client3,3162,3,walking,2159.24
1.0,alpha1p0,103,3,subject103_client3,3163,3,walking,2160.52
1.0,alpha1p0,103,3,subject103_client3,3164,3,walking,2161.8
1.0,alpha1p0,103,3,subject103_client3,3165,3,walking,2163.08
1.0,alpha1p0,103,3,subject103_client3,3166,3,walking,2164.36
1.0,alpha1p0,103,3,subject103_client3,3167,3,walking,2165.64
1.0,alpha1p0,103,3,subject103_client3,3168,3,walking,2166.92
1.0,alpha1p0,103,3,subject103_client3,3169,3,walking,2168.2
1.0,alpha1p0,103,3,subject103_client3,3170,3,walking,2169.48
1.0,alpha1p0,103,3,subject103_client3,3171,3,walking,2170.76
1.0,alpha1p0,103,3,subject103_client3,3172,3,walking,2172.04
1.0,alpha1p0,103,3,subject103_client3,3173,3,walking,2173.32
1.0,alpha1p0,103,3,subject103_client3,3174,3,walking,2174.6
1.0,alpha1p0,103,3,subject103_client3,3175,3,walking,2175.88
1.0,alpha1p0,103,3,subject103_client3,3176,3,walking,2177.16
1.0,alpha1p0,103,3,subject103_client3,3177,3,walking,2178.44
1.0,alpha1p0,103,3,subject103_client3,3178,3,walking,2179.72
1.0,alpha1p0,103,3,subject103_client3,3179,3,walking,2181.0
1.0,alpha1p0,103,3,subject103_client3,3180,3,walking,2182.28
1.0,alpha1p0,103,3,subject103_client3,3181,3,walking,2183.56
1.0,alpha1p0,103,3,subject103_client3,3182,3,walking,2184.84
1.0,alpha1p0,103,3,subject103_client3,3183,3,walking,2186.12
1.0,alpha1p0,103,3,subject103_client3,3184,3,walking,2187.4
1.0,alpha1p0,103,3,subject103_client3,3185,3,walking,2188.68
1.0,alpha1p0,103,3,subject103_client3,3186,3,walking,2189.96
1.0,alpha1p0,103,3,subject103_client3,3187,3,walking,2191.24
1.0,alpha1p0,103,3,subject103_client3,3188,3,walking,2192.52
1.0,alpha1p0,103,3,subject103_client3,3189,3,walking,2193.8
1.0,alpha1p0,103,3,subject103_client3,3190,3,walking,2195.08
1.0,alpha1p0,103,3,subject103_client3,3191,3,walking,2196.36
1.0,alpha1p0,103,3,subject103_client3,3192,3,walking,2197.64
1.0,alpha1p0,103,3,subject103_client3,3193,3,walking,2198.92
1.0,alpha1p0,103,3,subject103_client3,3194,3,walking,2200.2
1.0,alpha1p0,103,3,subject103_client3,3195,3,walking,2201.48
1.0,alpha1p0,103,3,subject103_client3,3196,3,walking,2202.76
1.0,alpha1p0,103,3,subject103_client3,3197,3,walking,2204.04
1.0,alpha1p0,103,3,subject103_client3,3198,3,walking,2205.32
1.0,alpha1p0,103,3,subject103_client3,3199,3,walking,2206.6
1.0,alpha1p0,103,3,subject103_client3,3200,3,walking,2207.88
1.0,alpha1p0,103,3,subject103_client3,3201,3,walking,2209.16
1.0,alpha1p0,103,3,subject103_client3,3202,3,walking,2210.44
1.0,alpha1p0,103,3,subject103_client3,3203,3,walking,2211.72
1.0,alpha1p0,103,3,subject103_client3,3204,3,walking,2213.0
1.0,alpha1p0,103,3,subject103_client3,3205,3,walking,2214.28
1.0,alpha1p0,103,3,subject103_client3,3206,3,walking,2215.56
1.0,alpha1p0,103,3,subject103_client3,3207,3,walking,2216.84
1.0,alpha1p0,103,3,subject103_client3,3208,3,walking,2218.12
1.0,alpha1p0,103,3,subject103_client3,3209,3,walking,2219.4
1.0,alpha1p0,103,3,subject103_client3,3210,3,walking,2220.68
1.0,alpha1p0,103,3,subject103_client3,3211,3,walking,2221.96
1.0,alpha1p0,103,3,subject103_client3,3212,3,walking,2223.24
1.0,alpha1p0,103,3,subject103_client3,3213,3,walking,2224.52
1.0,alpha1p0,103,3,subject103_client3,3214,3,walking,2225.8
1.0,alpha1p0,103,3,subject103_client3,3215,3,walking,2227.08
1.0,alpha1p0,103,3,subject103_client3,3216,3,walking,2228.36
1.0,alpha1p0,103,3,subject103_client3,3217,3,walking,2229.64
1.0,alpha1p0,103,3,subject103_client3,3218,3,walking,2230.92
1.0,alpha1p0,103,3,subject103_client3,3219,3,walking,2232.2
1.0,alpha1p0,103,3,subject103_client3,3220,3,walking,2233.48
1.0,alpha1p0,103,3,subject103_client3,3221,3,walking,2234.76
1.0,alpha1p0,103,3,subject103_client3,3222,3,walking,2236.04
1.0,alpha1p0,103,3,subject103_client3,3223,3,walking,2237.32
1.0,alpha1p0,103,3,subject103_client3,3224,3,walking,2238.6
1.0,alpha1p0,103,3,subject103_client3,3225,3,walking,2239.88
1.0,alpha1p0,103,3,subject103_client3,3226,3,walking,2241.16
1.0,alpha1p0,103,3,subject103_client3,3227,3,walking,2242.44
1.0,alpha1p0,103,3,subject103_client3,3228,3,walking,2243.72
1.0,alpha1p0,103,3,subject103_client3,3229,3,walking,2245.0
1.0,alpha1p0,103,3,subject103_client3,3230,3,walking,2246.28
1.0,alpha1p0,103,3,subject103_client3,3231,3,walking,2247.56
1.0,alpha1p0,103,3,subject103_client3,3232,3,walking,2248.84
1.0,alpha1p0,103,3,subject103_client3,3233,3,walking,2250.12
1.0,alpha1p0,103,3,subject103_client3,3234,3,walking,2251.4
1.0,alpha1p0,103,3,subject103_client3,3235,3,walking,2252.68
1.0,alpha1p0,103,3,subject103_client3,3236,3,walking,2253.96
1.0,alpha1p0,103,3,subject103_client3,3237,3,walking,2255.24
1.0,alpha1p0,103,3,subject103_client3,3238,3,walking,2256.52
1.0,alpha1p0,103,3,subject103_client3,3239,3,walking,2257.8
1.0,alpha1p0,103,3,subject103_client3,3240,3,walking,2259.08
1.0,alpha1p0,103,2,subject103_client2,3242,3,walking,2261.64
1.0,alpha1p0,103,2,subject103_client2,3243,3,walking,2262.92
1.0,alpha1p0,103,2,subject103_client2,3244,3,walking,2264.2
1.0,alpha1p0,103,2,subject103_client2,3245,3,walking,2265.48
1.0,alpha1p0,103,2,subject103_client2,3246,3,walking,2266.76
1.0,alpha1p0,103,2,subject103_client2,3247,3,walking,2268.04
1.0,alpha1p0,103,2,subject103_client2,3248,3,walking,2269.32
1.0,alpha1p0,103,2,subject103_client2,3249,3,walking,2270.6
1.0,alpha1p0,103,2,subject103_client2,3250,3,walking,2271.88
1.0,alpha1p0,103,2,subject103_client2,3251,3,walking,2273.16
1.0,alpha1p0,103,2,subject103_client2,3252,3,walking,2274.44
1.0,alpha1p0,103,2,subject103_client2,3253,3,walking,2275.72
1.0,alpha1p0,103,2,subject103_client2,3254,3,walking,2277.0
1.0,alpha1p0,103,2,subject103_client2,3255,3,walking,2278.28
1.0,alpha1p0,103,2,subject103_client2,3256,3,walking,2279.56
1.0,alpha1p0,103,2,subject103_client2,3257,3,walking,2280.84
1.0,alpha1p0,103,2,subject103_client2,3258,3,walking,2282.12
1.0,alpha1p0,103,2,subject103_client2,3259,3,walking,2283.4
1.0,alpha1p0,103,2,subject103_client2,3260,3,walking,2284.68
1.0,alpha1p0,103,2,subject103_client2,3261,3,walking,2285.96
1.0,alpha1p0,103,2,subject103_client2,3262,3,walking,2287.24
1.0,alpha1p0,103,2,subject103_client2,3263,3,walking,2288.52
1.0,alpha1p0,103,2,subject103_client2,3264,3,walking,2289.8
1.0,alpha1p0,103,2,subject103_client2,3265,3,walking,2291.08
1.0,alpha1p0,103,2,subject103_client2,3266,3,walking,2292.36
1.0,alpha1p0,103,2,subject103_client2,3267,3,walking,2293.64
1.0,alpha1p0,103,2,subject103_client2,3268,3,walking,2294.92
1.0,alpha1p0,103,2,subject103_client2,3269,3,walking,2296.2
1.0,alpha1p0,103,2,subject103_client2,3270,3,walking,2297.48
1.0,alpha1p0,103,2,subject103_client2,3271,3,walking,2298.76
1.0,alpha1p0,103,2,subject103_client2,3272,3,walking,2300.04
1.0,alpha1p0,103,2,subject103_client2,3273,3,walking,2301.32
1.0,alpha1p0,103,2,subject103_client2,3274,3,walking,2302.6
1.0,alpha1p0,103,2,subject103_client2,3275,3,walking,2303.88
1.0,alpha1p0,103,2,subject103_client2,3276,3,walking,2305.16
1.0,alpha1p0,103,2,subject103_client2,3277,3,walking,2306.44
1.0,alpha1p0,103,2,subject103_client2,3278,3,walking,2307.72
1.0,alpha1p0,103,2,subject103_client2,3279,3,walking,2309.0
1.0,alpha1p0,103,2,subject103_client2,3280,3,walking,2310.28
1.0,alpha1p0,103,1,subject103_client1,3282,3,walking,2312.84
1.0,alpha1p0,103,1,subject103_client1,3283,3,walking,2314.12
1.0,alpha1p0,103,1,subject103_client1,3284,3,walking,2315.4
1.0,alpha1p0,103,1,subject103_client1,3285,3,walking,2316.68
1.0,alpha1p0,103,1,subject103_client1,3286,3,walking,2317.96
1.0,alpha1p0,103,1,subject103_client1,3287,3,walking,2319.24
1.0,alpha1p0,103,1,subject103_client1,3288,3,walking,2320.52
1.0,alpha1p0,103,1,subject103_client1,3289,3,walking,2321.8
1.0,alpha1p0,103,1,subject103_client1,3290,3,walking,2323.08
1.0,alpha1p0,103,1,subject103_client1,3291,3,walking,2324.36
1.0,alpha1p0,103,1,subject103_client1,3292,3,walking,2325.64
1.0,alpha1p0,103,1,subject103_client1,3293,3,walking,2326.92
1.0,alpha1p0,103,1,subject103_client1,3294,3,walking,2328.2
1.0,alpha1p0,103,1,subject103_client1,3295,3,walking,2329.48
1.0,alpha1p0,103,0,subject103_client0,3297,3,walking,2332.04
1.0,alpha1p0,103,0,subject103_client0,3298,3,walking,2333.32
1.0,alpha1p0,103,0,subject103_client0,3299,3,walking,2334.6
1.0,alpha1p0,103,0,subject103_client0,3300,3,walking,2335.88
1.0,alpha1p0,103,0,subject103_client0,3301,3,walking,2337.16
1.0,alpha1p0,103,0,subject103_client0,3302,3,walking,2338.44
1.0,alpha1p0,103,0,subject103_client0,3303,3,walking,2339.72
1.0,alpha1p0,103,0,subject103_client0,3304,3,walking,2341.0
1.0,alpha1p0,103,0,subject103_client0,3305,3,walking,2342.28
1.0,alpha1p0,103,0,subject103_client0,3306,3,walking,2343.56
1.0,alpha1p0,103,0,subject103_client0,3307,3,walking,2344.84
1.0,alpha1p0,103,0,subject103_client0,3308,3,walking,2346.12
1.0,alpha1p0,103,0,subject103_client0,3309,3,walking,2347.4
1.0,alpha1p0,103,0,subject103_client0,3310,3,walking,2348.68
1.0,alpha1p0,103,0,subject103_client0,3311,3,walking,2349.96
1.0,alpha1p0,103,0,subject103_client0,3312,3,walking,2351.24
1.0,alpha1p0,103,0,subject103_client0,3313,3,walking,2352.52
1.0,alpha1p0,103,0,subject103_client0,3314,3,walking,2353.8
1.0,alpha1p0,103,0,subject103_client0,3315,3,walking,2355.08
1.0,alpha1p0,103,0,subject103_client0,3316,3,walking,2356.36
1.0,alpha1p0,103,0,subject103_client0,3317,3,walking,2357.64
1.0,alpha1p0,103,0,subject103_client0,3318,3,walking,2358.92
1.0,alpha1p0,103,0,subject103_client0,3319,3,walking,2360.2
1.0,alpha1p0,103,0,subject103_client0,3320,3,walking,2361.48
1.0,alpha1p0,103,0,subject103_client0,3321,3,walking,2362.76
1.0,alpha1p0,103,0,subject103_client0,3322,3,walking,2364.04
1.0,alpha1p0,103,0,subject103_client0,3323,3,walking,2365.32
1.0,alpha1p0,103,0,subject103_client0,3324,3,walking,2366.6
1.0,alpha1p0,103,0,subject103_client0,3325,3,walking,2367.88
1.0,alpha1p0,103,0,subject103_client0,3326,3,walking,2369.16
1.0,alpha1p0,103,0,subject103_client0,3327,3,walking,2370.44
1.0,alpha1p0,103,0,subject103_client0,3328,3,walking,2371.72
1.0,alpha1p0,103,0,subject103_client0,3329,3,walking,2373.0
1.0,alpha1p0,103,0,subject103_client0,3330,3,walking,2374.28
1.0,alpha1p0,103,0,subject103_client0,3331,3,walking,2375.56
1.0,alpha1p0,103,0,subject103_client0,3332,3,walking,2376.84
1.0,alpha1p0,103,0,subject103_client0,3333,3,walking,2378.12
1.0,alpha1p0,103,0,subject103_client0,3334,3,walking,2379.4
1.0,alpha1p0,103,0,subject103_client0,3335,3,walking,2380.68
1.0,alpha1p0,103,0,subject103_client0,3336,3,walking,2381.96
1.0,alpha1p0,103,0,subject103_client0,3337,3,walking,2383.24
1.0,alpha1p0,103,0,subject103_client0,3338,3,walking,2384.52
1.0,alpha1p0,103,0,subject103_client0,3339,3,walking,2385.8
1.0,alpha1p0,103,0,subject103_client0,3340,3,walking,2387.08
1.0,alpha1p0,103,0,subject103_client0,3341,3,walking,2388.36
1.0,alpha1p0,103,0,subject103_client0,3342,3,walking,2389.64
1.0,alpha1p0,103,0,subject103_client0,3343,3,walking,2390.92
1.0,alpha1p0,103,0,subject103_client0,3344,3,walking,2392.2
1.0,alpha1p0,103,0,subject103_client0,3345,3,walking,2393.48
1.0,alpha1p0,103,0,subject103_client0,3346,3,walking,2394.76
1.0,alpha1p0,103,0,subject103_client0,3347,3,walking,2396.04
1.0,alpha1p0,103,0,subject103_client0,3348,3,walking,2397.32
1.0,alpha1p0,103,0,subject103_client0,3349,3,walking,2398.6
1.0,alpha1p0,103,0,subject103_client0,3350,3,walking,2399.88
1.0,alpha1p0,103,0,subject103_client0,3351,3,walking,2401.16
1.0,alpha1p0,103,0,subject103_client0,3352,3,walking,2402.44
1.0,alpha1p0,103,0,subject103_client0,3353,3,walking,2403.72
1.0,alpha1p0,103,0,subject103_client0,3354,3,walking,2405.0
1.0,alpha1p0,103,0,subject103_client0,3355,3,walking,2406.28
1.0,alpha1p0,103,0,subject103_client0,3356,3,walking,2407.56
1.0,alpha1p0,103,0,subject103_client0,3357,3,walking,2408.84
1.0,alpha1p0,103,0,subject103_client0,3358,3,walking,2410.12
1.0,alpha1p0,103,0,subject103_client0,3359,3,walking,2411.4
1.0,alpha1p0,103,0,subject103_client0,3360,3,walking,2412.68
1.0,alpha1p0,103,0,subject103_client0,3361,3,walking,2413.96
1.0,alpha1p0,103,0,subject103_client0,3362,3,walking,2415.24
1.0,alpha1p0,103,0,subject103_client0,3363,3,walking,2416.52
1.0,alpha1p0,103,0,subject103_client0,3364,3,walking,2417.8
1.0,alpha1p0,103,0,subject103_client0,3365,3,walking,2419.08
1.0,alpha1p0,103,0,subject103_client0,3366,3,walking,2420.36
1.0,alpha1p0,103,0,subject103_client0,3367,3,walking,2421.64
1.0,alpha1p0,103,0,subject103_client0,3368,3,walking,2422.92
1.0,alpha1p0,103,0,subject103_client0,3369,3,walking,2424.2
1.0,alpha1p0,103,0,subject103_client0,3370,3,walking,2425.48
1.0,alpha1p0,103,0,subject103_client0,3371,3,walking,2426.76
1.0,alpha1p0,103,0,subject103_client0,3372,3,walking,2428.04
1.0,alpha1p0,103,0,subject103_client0,3373,3,walking,2429.32
1.0,alpha1p0,103,0,subject103_client0,3374,3,walking,2430.6
1.0,alpha1p0,103,0,subject103_client0,3375,3,walking,2431.88
1.0,alpha1p0,103,0,subject103_client0,3376,3,walking,2433.16
1.0,alpha1p0,103,0,subject103_client0,3377,3,walking,2434.44
1.0,alpha1p0,103,0,subject103_client0,3378,3,walking,2435.72
1.0,alpha1p0,103,0,subject103_client0,3379,3,walking,2437.0
1.0,alpha1p0,103,0,subject103_client0,3380,3,walking,2438.28
1.0,alpha1p0,103,0,subject103_client0,3381,3,walking,2439.56
1.0,alpha1p0,104,3,subject104_client3,3382,0,lying,75.25
1.0,alpha1p0,104,3,subject104_client3,3383,0,lying,76.53
1.0,alpha1p0,104,3,subject104_client3,3384,0,lying,77.81
1.0,alpha1p0,104,3,subject104_client3,3385,0,lying,79.09
1.0,alpha1p0,104,3,subject104_client3,3386,0,lying,80.37
1.0,alpha1p0,104,3,subject104_client3,3387,0,lying,81.65
1.0,alpha1p0,104,3,subject104_client3,3388,0,lying,82.93
1.0,alpha1p0,104,3,subject104_client3,3389,0,lying,84.21
1.0,alpha1p0,104,3,subject104_client3,3390,0,lying,85.49
1.0,alpha1p0,104,3,subject104_client3,3391,0,lying,86.77
1.0,alpha1p0,104,3,subject104_client3,3392,0,lying,88.05
1.0,alpha1p0,104,3,subject104_client3,3393,0,lying,89.33
1.0,alpha1p0,104,3,subject104_client3,3394,0,lying,90.61
1.0,alpha1p0,104,3,subject104_client3,3395,0,lying,91.89
1.0,alpha1p0,104,3,subject104_client3,3396,0,lying,93.17
1.0,alpha1p0,104,3,subject104_client3,3397,0,lying,94.45
1.0,alpha1p0,104,3,subject104_client3,3398,0,lying,95.73
1.0,alpha1p0,104,3,subject104_client3,3399,0,lying,97.01
1.0,alpha1p0,104,3,subject104_client3,3400,0,lying,98.29
1.0,alpha1p0,104,3,subject104_client3,3401,0,lying,99.57
1.0,alpha1p0,104,3,subject104_client3,3402,0,lying,100.85
1.0,alpha1p0,104,3,subject104_client3,3403,0,lying,102.13
1.0,alpha1p0,104,3,subject104_client3,3404,0,lying,103.41
1.0,alpha1p0,104,3,subject104_client3,3405,0,lying,104.69
1.0,alpha1p0,104,3,subject104_client3,3406,0,lying,105.97
1.0,alpha1p0,104,3,subject104_client3,3407,0,lying,107.25
1.0,alpha1p0,104,3,subject104_client3,3408,0,lying,108.53
1.0,alpha1p0,104,3,subject104_client3,3409,0,lying,109.81
1.0,alpha1p0,104,3,subject104_client3,3410,0,lying,111.09
1.0,alpha1p0,104,3,subject104_client3,3411,0,lying,112.37
1.0,alpha1p0,104,3,subject104_client3,3412,0,lying,113.65
1.0,alpha1p0,104,3,subject104_client3,3413,0,lying,114.93
1.0,alpha1p0,104,3,subject104_client3,3414,0,lying,116.21
1.0,alpha1p0,104,3,subject104_client3,3415,0,lying,117.49
1.0,alpha1p0,104,3,subject104_client3,3416,0,lying,118.77
1.0,alpha1p0,104,3,subject104_client3,3417,0,lying,120.05
1.0,alpha1p0,104,3,subject104_client3,3418,0,lying,121.33
1.0,alpha1p0,104,3,subject104_client3,3419,0,lying,122.61
1.0,alpha1p0,104,3,subject104_client3,3420,0,lying,123.89
1.0,alpha1p0,104,3,subject104_client3,3421,0,lying,125.17
1.0,alpha1p0,104,3,subject104_client3,3422,0,lying,126.45
1.0,alpha1p0,104,3,subject104_client3,3423,0,lying,127.73
1.0,alpha1p0,104,3,subject104_client3,3424,0,lying,129.01
1.0,alpha1p0,104,3,subject104_client3,3425,0,lying,130.29
1.0,alpha1p0,104,1,subject104_client1,3427,0,lying,132.85
1.0,alpha1p0,104,1,subject104_client1,3428,0,lying,134.13
1.0,alpha1p0,104,1,subject104_client1,3429,0,lying,135.41
1.0,alpha1p0,104,1,subject104_client1,3430,0,lying,136.69
1.0,alpha1p0,104,1,subject104_client1,3431,0,lying,137.97
1.0,alpha1p0,104,1,subject104_client1,3432,0,lying,139.25
1.0,alpha1p0,104,1,subject104_client1,3433,0,lying,140.53
1.0,alpha1p0,104,1,subject104_client1,3434,0,lying,141.81
1.0,alpha1p0,104,1,subject104_client1,3435,0,lying,143.09
1.0,alpha1p0,104,0,subject104_client0,3437,0,lying,145.65
1.0,alpha1p0,104,0,subject104_client0,3438,0,lying,146.93
1.0,alpha1p0,104,0,subject104_client0,3439,0,lying,148.21
1.0,alpha1p0,104,0,subject104_client0,3440,0,lying,149.49
1.0,alpha1p0,104,0,subject104_client0,3441,0,lying,150.77
1.0,alpha1p0,104,0,subject104_client0,3442,0,lying,152.05
1.0,alpha1p0,104,0,subject104_client0,3443,0,lying,153.33
1.0,alpha1p0,104,0,subject104_client0,3444,0,lying,154.61
1.0,alpha1p0,104,0,subject104_client0,3445,0,lying,155.89
1.0,alpha1p0,104,0,subject104_client0,3446,0,lying,157.17
1.0,alpha1p0,104,0,subject104_client0,3447,0,lying,158.45
1.0,alpha1p0,104,0,subject104_client0,3448,0,lying,159.73
1.0,alpha1p0,104,0,subject104_client0,3449,0,lying,161.01
1.0,alpha1p0,104,0,subject104_client0,3450,0,lying,162.29
1.0,alpha1p0,104,0,subject104_client0,3451,0,lying,163.57
1.0,alpha1p0,104,2,subject104_client2,3453,0,lying,166.13
1.0,alpha1p0,104,2,subject104_client2,3454,0,lying,167.41
1.0,alpha1p0,104,2,subject104_client2,3455,0,lying,168.69
1.0,alpha1p0,104,2,subject104_client2,3456,0,lying,169.97
1.0,alpha1p0,104,2,subject104_client2,3457,0,lying,171.25
1.0,alpha1p0,104,2,subject104_client2,3458,0,lying,172.53
1.0,alpha1p0,104,2,subject104_client2,3459,0,lying,173.81
1.0,alpha1p0,104,2,subject104_client2,3460,0,lying,175.09
1.0,alpha1p0,104,2,subject104_client2,3461,0,lying,176.37
1.0,alpha1p0,104,2,subject104_client2,3462,0,lying,177.65
1.0,alpha1p0,104,2,subject104_client2,3463,0,lying,178.93
1.0,alpha1p0,104,2,subject104_client2,3464,0,lying,180.21
1.0,alpha1p0,104,2,subject104_client2,3465,0,lying,181.49
1.0,alpha1p0,104,2,subject104_client2,3466,0,lying,182.77
1.0,alpha1p0,104,2,subject104_client2,3467,0,lying,184.05
1.0,alpha1p0,104,2,subject104_client2,3468,0,lying,185.33
1.0,alpha1p0,104,2,subject104_client2,3469,0,lying,186.61
1.0,alpha1p0,104,2,subject104_client2,3470,0,lying,187.89
1.0,alpha1p0,104,2,subject104_client2,3471,0,lying,189.17
1.0,alpha1p0,104,2,subject104_client2,3472,0,lying,190.45
1.0,alpha1p0,104,2,subject104_client2,3473,0,lying,191.73
1.0,alpha1p0,104,2,subject104_client2,3474,0,lying,193.01
1.0,alpha1p0,104,2,subject104_client2,3475,0,lying,194.29
1.0,alpha1p0,104,2,subject104_client2,3476,0,lying,195.57
1.0,alpha1p0,104,2,subject104_client2,3477,0,lying,196.85
1.0,alpha1p0,104,2,subject104_client2,3478,0,lying,198.13
1.0,alpha1p0,104,2,subject104_client2,3479,0,lying,199.41
1.0,alpha1p0,104,2,subject104_client2,3480,0,lying,200.69
1.0,alpha1p0,104,2,subject104_client2,3481,0,lying,201.97
1.0,alpha1p0,104,2,subject104_client2,3482,0,lying,203.25
1.0,alpha1p0,104,2,subject104_client2,3483,0,lying,204.53
1.0,alpha1p0,104,2,subject104_client2,3484,0,lying,205.81
1.0,alpha1p0,104,2,subject104_client2,3485,0,lying,207.09
1.0,alpha1p0,104,2,subject104_client2,3486,0,lying,208.37
1.0,alpha1p0,104,2,subject104_client2,3487,0,lying,209.65
1.0,alpha1p0,104,2,subject104_client2,3488,0,lying,210.93
1.0,alpha1p0,104,2,subject104_client2,3489,0,lying,212.21
1.0,alpha1p0,104,2,subject104_client2,3490,0,lying,213.49
1.0,alpha1p0,104,2,subject104_client2,3491,0,lying,214.77
1.0,alpha1p0,104,2,subject104_client2,3492,0,lying,216.05
1.0,alpha1p0,104,2,subject104_client2,3493,0,lying,217.33
1.0,alpha1p0,104,2,subject104_client2,3494,0,lying,218.61
1.0,alpha1p0,104,2,subject104_client2,3495,0,lying,219.89
1.0,alpha1p0,104,2,subject104_client2,3496,0,lying,221.17
1.0,alpha1p0,104,2,subject104_client2,3497,0,lying,222.45
1.0,alpha1p0,104,2,subject104_client2,3498,0,lying,223.73
1.0,alpha1p0,104,2,subject104_client2,3499,0,lying,225.01
1.0,alpha1p0,104,2,subject104_client2,3500,0,lying,226.29
1.0,alpha1p0,104,2,subject104_client2,3501,0,lying,227.57
1.0,alpha1p0,104,2,subject104_client2,3502,0,lying,228.85
1.0,alpha1p0,104,2,subject104_client2,3503,0,lying,230.13
1.0,alpha1p0,104,2,subject104_client2,3504,0,lying,231.41
1.0,alpha1p0,104,2,subject104_client2,3505,0,lying,232.69
1.0,alpha1p0,104,2,subject104_client2,3506,0,lying,233.97
1.0,alpha1p0,104,2,subject104_client2,3507,0,lying,235.25
1.0,alpha1p0,104,2,subject104_client2,3508,0,lying,236.53
1.0,alpha1p0,104,2,subject104_client2,3509,0,lying,237.81
1.0,alpha1p0,104,2,subject104_client2,3510,0,lying,239.09
1.0,alpha1p0,104,2,subject104_client2,3511,0,lying,240.37
1.0,alpha1p0,104,2,subject104_client2,3512,0,lying,241.65
1.0,alpha1p0,104,2,subject104_client2,3513,0,lying,242.93
1.0,alpha1p0,104,2,subject104_client2,3514,0,lying,244.21
1.0,alpha1p0,104,2,subject104_client2,3515,0,lying,245.49
1.0,alpha1p0,104,2,subject104_client2,3516,0,lying,246.77
1.0,alpha1p0,104,2,subject104_client2,3517,0,lying,248.05
1.0,alpha1p0,104,2,subject104_client2,3518,0,lying,249.33
1.0,alpha1p0,104,2,subject104_client2,3519,0,lying,250.61
1.0,alpha1p0,104,2,subject104_client2,3520,0,lying,251.89
1.0,alpha1p0,104,2,subject104_client2,3521,0,lying,253.17
1.0,alpha1p0,104,2,subject104_client2,3522,0,lying,254.45
1.0,alpha1p0,104,2,subject104_client2,3523,0,lying,255.73
1.0,alpha1p0,104,2,subject104_client2,3524,0,lying,257.01
1.0,alpha1p0,104,2,subject104_client2,3525,0,lying,258.29
1.0,alpha1p0,104,2,subject104_client2,3526,0,lying,259.57
1.0,alpha1p0,104,2,subject104_client2,3527,0,lying,260.85
1.0,alpha1p0,104,2,subject104_client2,3528,0,lying,262.13
1.0,alpha1p0,104,2,subject104_client2,3529,0,lying,263.41
1.0,alpha1p0,104,2,subject104_client2,3530,0,lying,264.69
1.0,alpha1p0,104,2,subject104_client2,3531,0,lying,265.97
1.0,alpha1p0,104,2,subject104_client2,3532,0,lying,267.25
1.0,alpha1p0,104,2,subject104_client2,3533,0,lying,268.53
1.0,alpha1p0,104,2,subject104_client2,3534,0,lying,269.81
1.0,alpha1p0,104,2,subject104_client2,3535,0,lying,271.09
1.0,alpha1p0,104,2,subject104_client2,3536,0,lying,272.37
1.0,alpha1p0,104,2,subject104_client2,3537,0,lying,273.65
1.0,alpha1p0,104,2,subject104_client2,3538,0,lying,274.93
1.0,alpha1p0,104,2,subject104_client2,3539,0,lying,276.21
1.0,alpha1p0,104,2,subject104_client2,3540,0,lying,277.49
1.0,alpha1p0,104,2,subject104_client2,3541,0,lying,278.77
1.0,alpha1p0,104,2,subject104_client2,3542,0,lying,280.05
1.0,alpha1p0,104,2,subject104_client2,3543,0,lying,281.33
1.0,alpha1p0,104,2,subject104_client2,3544,0,lying,282.61
1.0,alpha1p0,104,2,subject104_client2,3545,0,lying,283.89
1.0,alpha1p0,104,2,subject104_client2,3546,0,lying,285.17
1.0,alpha1p0,104,2,subject104_client2,3547,0,lying,286.45
1.0,alpha1p0,104,2,subject104_client2,3548,0,lying,287.73
1.0,alpha1p0,104,2,subject104_client2,3549,0,lying,289.01
1.0,alpha1p0,104,2,subject104_client2,3550,0,lying,290.29
1.0,alpha1p0,104,2,subject104_client2,3551,0,lying,291.57
1.0,alpha1p0,104,2,subject104_client2,3552,0,lying,292.85
1.0,alpha1p0,104,2,subject104_client2,3553,0,lying,294.13
1.0,alpha1p0,104,2,subject104_client2,3554,0,lying,295.41
1.0,alpha1p0,104,2,subject104_client2,3555,0,lying,296.69
1.0,alpha1p0,104,2,subject104_client2,3556,0,lying,297.97
1.0,alpha1p0,104,2,subject104_client2,3557,0,lying,299.25
1.0,alpha1p0,104,2,subject104_client2,3558,0,lying,300.53
1.0,alpha1p0,104,2,subject104_client2,3559,0,lying,301.81
1.0,alpha1p0,104,2,subject104_client2,3560,0,lying,303.09
1.0,alpha1p0,104,1,subject104_client1,3561,1,sitting,358.38
1.0,alpha1p0,104,1,subject104_client1,3562,1,sitting,359.66
1.0,alpha1p0,104,1,subject104_client1,3563,1,sitting,360.94
1.0,alpha1p0,104,1,subject104_client1,3564,1,sitting,362.22
1.0,alpha1p0,104,1,subject104_client1,3565,1,sitting,363.5
1.0,alpha1p0,104,1,subject104_client1,3566,1,sitting,364.78
1.0,alpha1p0,104,1,subject104_client1,3567,1,sitting,366.06
1.0,alpha1p0,104,1,subject104_client1,3568,1,sitting,367.34
1.0,alpha1p0,104,1,subject104_client1,3569,1,sitting,368.62
1.0,alpha1p0,104,1,subject104_client1,3570,1,sitting,369.9
1.0,alpha1p0,104,1,subject104_client1,3571,1,sitting,371.18
1.0,alpha1p0,104,1,subject104_client1,3572,1,sitting,372.46
1.0,alpha1p0,104,1,subject104_client1,3573,1,sitting,373.74
1.0,alpha1p0,104,1,subject104_client1,3574,1,sitting,375.02
1.0,alpha1p0,104,1,subject104_client1,3575,1,sitting,376.3
1.0,alpha1p0,104,1,subject104_client1,3576,1,sitting,377.58
1.0,alpha1p0,104,1,subject104_client1,3577,1,sitting,378.86
1.0,alpha1p0,104,1,subject104_client1,3578,1,sitting,380.14
1.0,alpha1p0,104,1,subject104_client1,3579,1,sitting,381.42
1.0,alpha1p0,104,1,subject104_client1,3580,1,sitting,382.7
1.0,alpha1p0,104,1,subject104_client1,3581,1,sitting,383.98
1.0,alpha1p0,104,1,subject104_client1,3582,1,sitting,385.26
1.0,alpha1p0,104,1,subject104_client1,3583,1,sitting,386.54
1.0,alpha1p0,104,1,subject104_client1,3584,1,sitting,387.82
1.0,alpha1p0,104,1,subject104_client1,3585,1,sitting,389.1
1.0,alpha1p0,104,1,subject104_client1,3586,1,sitting,390.38
1.0,alpha1p0,104,1,subject104_client1,3587,1,sitting,391.66
1.0,alpha1p0,104,1,subject104_client1,3588,1,sitting,392.94
1.0,alpha1p0,104,1,subject104_client1,3589,1,sitting,394.22
1.0,alpha1p0,104,1,subject104_client1,3590,1,sitting,395.5
1.0,alpha1p0,104,1,subject104_client1,3591,1,sitting,396.78
1.0,alpha1p0,104,1,subject104_client1,3592,1,sitting,398.06
1.0,alpha1p0,104,1,subject104_client1,3593,1,sitting,399.34
1.0,alpha1p0,104,1,subject104_client1,3594,1,sitting,400.62
1.0,alpha1p0,104,1,subject104_client1,3595,1,sitting,401.9
1.0,alpha1p0,104,1,subject104_client1,3596,1,sitting,403.18
1.0,alpha1p0,104,1,subject104_client1,3597,1,sitting,404.46
1.0,alpha1p0,104,1,subject104_client1,3598,1,sitting,405.74
1.0,alpha1p0,104,1,subject104_client1,3599,1,sitting,407.02
1.0,alpha1p0,104,1,subject104_client1,3600,1,sitting,408.3
1.0,alpha1p0,104,1,subject104_client1,3601,1,sitting,409.58
1.0,alpha1p0,104,1,subject104_client1,3602,1,sitting,410.86
1.0,alpha1p0,104,1,subject104_client1,3603,1,sitting,412.14
1.0,alpha1p0,104,1,subject104_client1,3604,1,sitting,413.42
1.0,alpha1p0,104,1,subject104_client1,3605,1,sitting,414.7
1.0,alpha1p0,104,1,subject104_client1,3606,1,sitting,415.98
1.0,alpha1p0,104,1,subject104_client1,3607,1,sitting,417.26
1.0,alpha1p0,104,1,subject104_client1,3608,1,sitting,418.54
1.0,alpha1p0,104,1,subject104_client1,3609,1,sitting,419.82
1.0,alpha1p0,104,1,subject104_client1,3610,1,sitting,421.1
1.0,alpha1p0,104,1,subject104_client1,3611,1,sitting,422.38
1.0,alpha1p0,104,1,subject104_client1,3612,1,sitting,423.66
1.0,alpha1p0,104,1,subject104_client1,3613,1,sitting,424.94
1.0,alpha1p0,104,1,subject104_client1,3614,1,sitting,426.22
1.0,alpha1p0,104,1,subject104_client1,3615,1,sitting,427.5
1.0,alpha1p0,104,1,subject104_client1,3616,1,sitting,428.78
1.0,alpha1p0,104,1,subject104_client1,3617,1,sitting,430.06
1.0,alpha1p0,104,1,subject104_client1,3618,1,sitting,431.34
1.0,alpha1p0,104,1,subject104_client1,3619,1,sitting,432.62
1.0,alpha1p0,104,1,subject104_client1,3620,1,sitting,433.9
1.0,alpha1p0,104,1,subject104_client1,3621,1,sitting,435.18
1.0,alpha1p0,104,1,subject104_client1,3622,1,sitting,436.46
1.0,alpha1p0,104,1,subject104_client1,3623,1,sitting,437.74
1.0,alpha1p0,104,1,subject104_client1,3624,1,sitting,439.02
1.0,alpha1p0,104,1,subject104_client1,3625,1,sitting,440.3
1.0,alpha1p0,104,1,subject104_client1,3626,1,sitting,441.58
1.0,alpha1p0,104,1,subject104_client1,3627,1,sitting,442.86
1.0,alpha1p0,104,1,subject104_client1,3628,1,sitting,444.14
1.0,alpha1p0,104,1,subject104_client1,3629,1,sitting,445.42
1.0,alpha1p0,104,1,subject104_client1,3630,1,sitting,446.7
1.0,alpha1p0,104,1,subject104_client1,3631,1,sitting,447.98
1.0,alpha1p0,104,1,subject104_client1,3632,1,sitting,449.26
1.0,alpha1p0,104,1,subject104_client1,3633,1,sitting,450.54
1.0,alpha1p0,104,1,subject104_client1,3634,1,sitting,451.82
1.0,alpha1p0,104,1,subject104_client1,3635,1,sitting,453.1
1.0,alpha1p0,104,1,subject104_client1,3636,1,sitting,454.38
1.0,alpha1p0,104,1,subject104_client1,3637,1,sitting,455.66
1.0,alpha1p0,104,1,subject104_client1,3638,1,sitting,456.94
1.0,alpha1p0,104,1,subject104_client1,3639,1,sitting,458.22
1.0,alpha1p0,104,1,subject104_client1,3640,1,sitting,459.5
1.0,alpha1p0,104,1,subject104_client1,3641,1,sitting,460.78
1.0,alpha1p0,104,1,subject104_client1,3642,1,sitting,462.06
1.0,alpha1p0,104,1,subject104_client1,3643,1,sitting,463.34
1.0,alpha1p0,104,1,subject104_client1,3644,1,sitting,464.62
1.0,alpha1p0,104,0,subject104_client0,3646,1,sitting,467.18
1.0,alpha1p0,104,0,subject104_client0,3647,1,sitting,468.46
1.0,alpha1p0,104,0,subject104_client0,3648,1,sitting,469.74
1.0,alpha1p0,104,0,subject104_client0,3649,1,sitting,471.02
1.0,alpha1p0,104,0,subject104_client0,3650,1,sitting,472.3
1.0,alpha1p0,104,0,subject104_client0,3651,1,sitting,473.58
1.0,alpha1p0,104,0,subject104_client0,3652,1,sitting,474.86
1.0,alpha1p0,104,0,subject104_client0,3653,1,sitting,476.14
1.0,alpha1p0,104,0,subject104_client0,3654,1,sitting,477.42
1.0,alpha1p0,104,0,subject104_client0,3655,1,sitting,478.7
1.0,alpha1p0,104,2,subject104_client2,3657,1,sitting,481.26
1.0,alpha1p0,104,2,subject104_client2,3658,1,sitting,482.54
1.0,alpha1p0,104,2,subject104_client2,3659,1,sitting,483.82
1.0,alpha1p0,104,2,subject104_client2,3660,1,sitting,485.1
1.0,alpha1p0,104,2,subject104_client2,3661,1,sitting,486.38
1.0,alpha1p0,104,2,subject104_client2,3662,1,sitting,487.66
1.0,alpha1p0,104,2,subject104_client2,3663,1,sitting,488.94
1.0,alpha1p0,104,2,subject104_client2,3664,1,sitting,490.22
1.0,alpha1p0,104,2,subject104_client2,3665,1,sitting,491.5
1.0,alpha1p0,104,2,subject104_client2,3666,1,sitting,492.78
1.0,alpha1p0,104,2,subject104_client2,3667,1,sitting,494.06
1.0,alpha1p0,104,2,subject104_client2,3668,1,sitting,495.34
1.0,alpha1p0,104,2,subject104_client2,3669,1,sitting,496.62
1.0,alpha1p0,104,2,subject104_client2,3670,1,sitting,497.9
1.0,alpha1p0,104,2,subject104_client2,3671,1,sitting,499.18
1.0,alpha1p0,104,2,subject104_client2,3672,1,sitting,500.46
1.0,alpha1p0,104,2,subject104_client2,3673,1,sitting,501.74
1.0,alpha1p0,104,2,subject104_client2,3674,1,sitting,503.02
1.0,alpha1p0,104,2,subject104_client2,3675,1,sitting,504.3
1.0,alpha1p0,104,2,subject104_client2,3676,1,sitting,505.58
1.0,alpha1p0,104,2,subject104_client2,3677,1,sitting,506.86
1.0,alpha1p0,104,2,subject104_client2,3678,1,sitting,508.14
1.0,alpha1p0,104,2,subject104_client2,3679,1,sitting,509.42
1.0,alpha1p0,104,2,subject104_client2,3680,1,sitting,510.7
1.0,alpha1p0,104,2,subject104_client2,3681,1,sitting,511.98
1.0,alpha1p0,104,2,subject104_client2,3682,1,sitting,513.26
1.0,alpha1p0,104,2,subject104_client2,3683,1,sitting,514.54
1.0,alpha1p0,104,2,subject104_client2,3684,1,sitting,515.82
1.0,alpha1p0,104,2,subject104_client2,3685,1,sitting,517.1
1.0,alpha1p0,104,2,subject104_client2,3686,1,sitting,518.38
1.0,alpha1p0,104,2,subject104_client2,3687,1,sitting,519.66
1.0,alpha1p0,104,2,subject104_client2,3688,1,sitting,520.94
1.0,alpha1p0,104,2,subject104_client2,3689,1,sitting,522.22
1.0,alpha1p0,104,2,subject104_client2,3690,1,sitting,523.5
1.0,alpha1p0,104,3,subject104_client3,3692,1,sitting,526.06
1.0,alpha1p0,104,3,subject104_client3,3693,1,sitting,527.34
1.0,alpha1p0,104,3,subject104_client3,3694,1,sitting,528.62
1.0,alpha1p0,104,3,subject104_client3,3695,1,sitting,529.9
1.0,alpha1p0,104,3,subject104_client3,3696,1,sitting,531.18
1.0,alpha1p0,104,3,subject104_client3,3697,1,sitting,532.46
1.0,alpha1p0,104,3,subject104_client3,3698,1,sitting,533.74
1.0,alpha1p0,104,3,subject104_client3,3699,1,sitting,535.02
1.0,alpha1p0,104,3,subject104_client3,3700,1,sitting,536.3
1.0,alpha1p0,104,3,subject104_client3,3701,1,sitting,537.58
1.0,alpha1p0,104,3,subject104_client3,3702,1,sitting,538.86
1.0,alpha1p0,104,3,subject104_client3,3703,1,sitting,540.14
1.0,alpha1p0,104,3,subject104_client3,3704,1,sitting,541.42
1.0,alpha1p0,104,3,subject104_client3,3705,1,sitting,542.7
1.0,alpha1p0,104,3,subject104_client3,3706,1,sitting,543.98
1.0,alpha1p0,104,3,subject104_client3,3707,1,sitting,545.26
1.0,alpha1p0,104,3,subject104_client3,3708,1,sitting,546.54
1.0,alpha1p0,104,3,subject104_client3,3709,1,sitting,547.82
1.0,alpha1p0,104,3,subject104_client3,3710,1,sitting,549.1
1.0,alpha1p0,104,3,subject104_client3,3711,1,sitting,550.38
1.0,alpha1p0,104,3,subject104_client3,3712,1,sitting,551.66
1.0,alpha1p0,104,3,subject104_client3,3713,1,sitting,552.94
1.0,alpha1p0,104,3,subject104_client3,3714,1,sitting,554.22
1.0,alpha1p0,104,3,subject104_client3,3715,1,sitting,555.5
1.0,alpha1p0,104,3,subject104_client3,3716,1,sitting,556.78
1.0,alpha1p0,104,3,subject104_client3,3717,1,sitting,558.06
1.0,alpha1p0,104,3,subject104_client3,3718,1,sitting,559.34
1.0,alpha1p0,104,3,subject104_client3,3719,1,sitting,560.62
1.0,alpha1p0,104,3,subject104_client3,3720,1,sitting,561.9
1.0,alpha1p0,104,3,subject104_client3,3721,1,sitting,563.18
1.0,alpha1p0,104,3,subject104_client3,3722,1,sitting,564.46
1.0,alpha1p0,104,3,subject104_client3,3723,1,sitting,565.74
1.0,alpha1p0,104,3,subject104_client3,3724,1,sitting,567.02
1.0,alpha1p0,104,3,subject104_client3,3725,1,sitting,568.3
1.0,alpha1p0,104,3,subject104_client3,3726,1,sitting,569.58
1.0,alpha1p0,104,3,subject104_client3,3727,1,sitting,570.86
1.0,alpha1p0,104,3,subject104_client3,3728,1,sitting,572.14
1.0,alpha1p0,104,3,subject104_client3,3729,1,sitting,573.42
1.0,alpha1p0,104,3,subject104_client3,3730,1,sitting,574.7
1.0,alpha1p0,104,3,subject104_client3,3731,1,sitting,575.98
1.0,alpha1p0,104,3,subject104_client3,3732,1,sitting,577.26
1.0,alpha1p0,104,3,subject104_client3,3733,1,sitting,578.54
1.0,alpha1p0,104,3,subject104_client3,3734,1,sitting,579.82
1.0,alpha1p0,104,3,subject104_client3,3735,1,sitting,581.1
1.0,alpha1p0,104,3,subject104_client3,3736,1,sitting,582.38
1.0,alpha1p0,104,3,subject104_client3,3737,1,sitting,583.66
1.0,alpha1p0,104,3,subject104_client3,3738,1,sitting,584.94
1.0,alpha1p0,104,3,subject104_client3,3739,1,sitting,586.22
1.0,alpha1p0,104,3,subject104_client3,3740,1,sitting,587.5
1.0,alpha1p0,104,3,subject104_client3,3741,1,sitting,588.78
1.0,alpha1p0,104,3,subject104_client3,3742,1,sitting,590.06
1.0,alpha1p0,104,3,subject104_client3,3743,1,sitting,591.34
1.0,alpha1p0,104,3,subject104_client3,3744,1,sitting,592.62
1.0,alpha1p0,104,3,subject104_client3,3745,1,sitting,593.9
1.0,alpha1p0,104,3,subject104_client3,3746,1,sitting,595.18
1.0,alpha1p0,104,3,subject104_client3,3747,1,sitting,596.46
1.0,alpha1p0,104,3,subject104_client3,3748,1,sitting,597.74
1.0,alpha1p0,104,3,subject104_client3,3749,1,sitting,599.02
1.0,alpha1p0,104,3,subject104_client3,3750,1,sitting,600.3
1.0,alpha1p0,104,3,subject104_client3,3751,1,sitting,601.58
1.0,alpha1p0,104,3,subject104_client3,3752,1,sitting,602.86
1.0,alpha1p0,104,3,subject104_client3,3753,1,sitting,604.14
1.0,alpha1p0,104,3,subject104_client3,3754,1,sitting,605.42
1.0,alpha1p0,104,3,subject104_client3,3755,1,sitting,606.7
1.0,alpha1p0,104,3,subject104_client3,3756,1,sitting,607.98
1.0,alpha1p0,104,3,subject104_client3,3757,1,sitting,609.26
1.0,alpha1p0,104,3,subject104_client3,3758,1,sitting,610.54
1.0,alpha1p0,104,3,subject104_client3,3759,2,standing,613.3
1.0,alpha1p0,104,3,subject104_client3,3760,2,standing,614.58
1.0,alpha1p0,104,3,subject104_client3,3761,2,standing,615.86
1.0,alpha1p0,104,3,subject104_client3,3762,2,standing,617.14
1.0,alpha1p0,104,3,subject104_client3,3763,2,standing,618.42
1.0,alpha1p0,104,3,subject104_client3,3764,2,standing,619.7
1.0,alpha1p0,104,3,subject104_client3,3765,2,standing,620.98
1.0,alpha1p0,104,3,subject104_client3,3766,2,standing,622.26
1.0,alpha1p0,104,3,subject104_client3,3767,2,standing,623.54
1.0,alpha1p0,104,3,subject104_client3,3768,2,standing,624.82
1.0,alpha1p0,104,3,subject104_client3,3769,2,standing,626.1
1.0,alpha1p0,104,3,subject104_client3,3770,2,standing,627.38
1.0,alpha1p0,104,3,subject104_client3,3771,2,standing,628.66
1.0,alpha1p0,104,3,subject104_client3,3772,2,standing,629.94
1.0,alpha1p0,104,3,subject104_client3,3773,2,standing,631.22
1.0,alpha1p0,104,3,subject104_client3,3774,2,standing,632.5
1.0,alpha1p0,104,3,subject104_client3,3775,2,standing,633.78
1.0,alpha1p0,104,3,subject104_client3,3776,2,standing,635.06
1.0,alpha1p0,104,3,subject104_client3,3777,2,standing,636.34
1.0,alpha1p0,104,3,subject104_client3,3778,2,standing,637.62
1.0,alpha1p0,104,3,subject104_client3,3779,2,standing,638.9
1.0,alpha1p0,104,3,subject104_client3,3780,2,standing,640.18
1.0,alpha1p0,104,3,subject104_client3,3781,2,standing,641.46
1.0,alpha1p0,104,3,subject104_client3,3782,2,standing,642.74
1.0,alpha1p0,104,3,subject104_client3,3783,2,standing,644.02
1.0,alpha1p0,104,3,subject104_client3,3784,2,standing,645.3
1.0,alpha1p0,104,3,subject104_client3,3785,2,standing,646.58
1.0,alpha1p0,104,0,subject104_client0,3787,2,standing,649.14
1.0,alpha1p0,104,0,subject104_client0,3788,2,standing,650.42
1.0,alpha1p0,104,0,subject104_client0,3789,2,standing,651.7
1.0,alpha1p0,104,0,subject104_client0,3790,2,standing,652.98
1.0,alpha1p0,104,0,subject104_client0,3791,2,standing,654.26
1.0,alpha1p0,104,0,subject104_client0,3792,2,standing,655.54
1.0,alpha1p0,104,0,subject104_client0,3793,2,standing,656.82
1.0,alpha1p0,104,0,subject104_client0,3794,2,standing,658.1
1.0,alpha1p0,104,0,subject104_client0,3795,2,standing,659.38
1.0,alpha1p0,104,0,subject104_client0,3796,2,standing,660.66
1.0,alpha1p0,104,0,subject104_client0,3797,2,standing,661.94
1.0,alpha1p0,104,0,subject104_client0,3798,2,standing,663.22
1.0,alpha1p0,104,0,subject104_client0,3799,2,standing,664.5
1.0,alpha1p0,104,0,subject104_client0,3800,2,standing,665.78
1.0,alpha1p0,104,0,subject104_client0,3801,2,standing,667.06
1.0,alpha1p0,104,0,subject104_client0,3802,2,standing,668.34
1.0,alpha1p0,104,0,subject104_client0,3803,2,standing,669.62
1.0,alpha1p0,104,0,subject104_client0,3804,2,standing,670.9
1.0,alpha1p0,104,0,subject104_client0,3805,2,standing,672.18
1.0,alpha1p0,104,0,subject104_client0,3806,2,standing,673.46
1.0,alpha1p0,104,0,subject104_client0,3807,2,standing,674.74
1.0,alpha1p0,104,0,subject104_client0,3808,2,standing,676.02
1.0,alpha1p0,104,0,subject104_client0,3809,2,standing,677.3
1.0,alpha1p0,104,0,subject104_client0,3810,2,standing,678.58
1.0,alpha1p0,104,0,subject104_client0,3811,2,standing,679.86
1.0,alpha1p0,104,0,subject104_client0,3812,2,standing,681.14
1.0,alpha1p0,104,0,subject104_client0,3813,2,standing,682.42
1.0,alpha1p0,104,0,subject104_client0,3814,2,standing,683.7
1.0,alpha1p0,104,0,subject104_client0,3815,2,standing,684.98
1.0,alpha1p0,104,0,subject104_client0,3816,2,standing,686.26
1.0,alpha1p0,104,0,subject104_client0,3817,2,standing,687.54
1.0,alpha1p0,104,0,subject104_client0,3818,2,standing,688.82
1.0,alpha1p0,104,0,subject104_client0,3819,2,standing,690.1
1.0,alpha1p0,104,0,subject104_client0,3820,2,standing,691.38
1.0,alpha1p0,104,0,subject104_client0,3821,2,standing,692.66
1.0,alpha1p0,104,0,subject104_client0,3822,2,standing,693.94
1.0,alpha1p0,104,0,subject104_client0,3823,2,standing,695.22
1.0,alpha1p0,104,0,subject104_client0,3824,2,standing,696.5
1.0,alpha1p0,104,0,subject104_client0,3825,2,standing,697.78
1.0,alpha1p0,104,0,subject104_client0,3826,2,standing,699.06
1.0,alpha1p0,104,0,subject104_client0,3827,2,standing,700.34
1.0,alpha1p0,104,0,subject104_client0,3828,2,standing,701.62
1.0,alpha1p0,104,0,subject104_client0,3829,2,standing,702.9
1.0,alpha1p0,104,1,subject104_client1,3831,2,standing,705.46
1.0,alpha1p0,104,1,subject104_client1,3832,2,standing,706.74
1.0,alpha1p0,104,1,subject104_client1,3833,2,standing,708.02
1.0,alpha1p0,104,1,subject104_client1,3834,2,standing,709.3
1.0,alpha1p0,104,1,subject104_client1,3835,2,standing,710.58
1.0,alpha1p0,104,1,subject104_client1,3836,2,standing,711.86
1.0,alpha1p0,104,1,subject104_client1,3837,2,standing,713.14
1.0,alpha1p0,104,1,subject104_client1,3838,2,standing,714.42
1.0,alpha1p0,104,1,subject104_client1,3839,2,standing,715.7
1.0,alpha1p0,104,1,subject104_client1,3840,2,standing,716.98
1.0,alpha1p0,104,1,subject104_client1,3841,2,standing,718.26
1.0,alpha1p0,104,1,subject104_client1,3842,2,standing,719.54
1.0,alpha1p0,104,1,subject104_client1,3843,2,standing,720.82
1.0,alpha1p0,104,1,subject104_client1,3844,2,standing,722.1
1.0,alpha1p0,104,1,subject104_client1,3845,2,standing,723.38
1.0,alpha1p0,104,1,subject104_client1,3846,2,standing,724.66
1.0,alpha1p0,104,1,subject104_client1,3847,2,standing,725.94
1.0,alpha1p0,104,1,subject104_client1,3848,2,standing,727.22
1.0,alpha1p0,104,1,subject104_client1,3849,2,standing,728.5
1.0,alpha1p0,104,1,subject104_client1,3850,2,standing,729.78
1.0,alpha1p0,104,1,subject104_client1,3851,2,standing,731.06
1.0,alpha1p0,104,1,subject104_client1,3852,2,standing,732.34
1.0,alpha1p0,104,1,subject104_client1,3853,2,standing,733.62
1.0,alpha1p0,104,1,subject104_client1,3854,2,standing,734.9
1.0,alpha1p0,104,1,subject104_client1,3855,2,standing,736.18
1.0,alpha1p0,104,1,subject104_client1,3856,2,standing,737.46
1.0,alpha1p0,104,1,subject104_client1,3857,2,standing,738.74
1.0,alpha1p0,104,1,subject104_client1,3858,2,standing,740.02
1.0,alpha1p0,104,1,subject104_client1,3859,2,standing,741.3
1.0,alpha1p0,104,1,subject104_client1,3860,2,standing,742.58
1.0,alpha1p0,104,1,subject104_client1,3861,2,standing,743.86
1.0,alpha1p0,104,1,subject104_client1,3862,2,standing,745.14
1.0,alpha1p0,104,1,subject104_client1,3863,2,standing,746.42
1.0,alpha1p0,104,1,subject104_client1,3864,2,standing,747.7
1.0,alpha1p0,104,1,subject104_client1,3865,2,standing,748.98
1.0,alpha1p0,104,1,subject104_client1,3866,2,standing,750.26
1.0,alpha1p0,104,1,subject104_client1,3867,2,standing,751.54
1.0,alpha1p0,104,1,subject104_client1,3868,2,standing,752.82
1.0,alpha1p0,104,1,subject104_client1,3869,2,standing,754.1
1.0,alpha1p0,104,1,subject104_client1,3870,2,standing,755.38
1.0,alpha1p0,104,1,subject104_client1,3871,2,standing,756.66
1.0,alpha1p0,104,1,subject104_client1,3872,2,standing,757.94
1.0,alpha1p0,104,1,subject104_client1,3873,2,standing,759.22
1.0,alpha1p0,104,1,subject104_client1,3874,2,standing,760.5
1.0,alpha1p0,104,1,subject104_client1,3875,2,standing,761.78
1.0,alpha1p0,104,1,subject104_client1,3876,2,standing,763.06
1.0,alpha1p0,104,1,subject104_client1,3877,2,standing,764.34
1.0,alpha1p0,104,1,subject104_client1,3878,2,standing,765.62
1.0,alpha1p0,104,1,subject104_client1,3879,2,standing,766.9
1.0,alpha1p0,104,1,subject104_client1,3880,2,standing,768.18
1.0,alpha1p0,104,1,subject104_client1,3881,2,standing,769.46
1.0,alpha1p0,104,1,subject104_client1,3882,2,standing,770.74
1.0,alpha1p0,104,1,subject104_client1,3883,2,standing,772.02
1.0,alpha1p0,104,1,subject104_client1,3884,2,standing,773.3
1.0,alpha1p0,104,1,subject104_client1,3885,2,standing,774.58
1.0,alpha1p0,104,1,subject104_client1,3886,2,standing,775.86
1.0,alpha1p0,104,1,subject104_client1,3887,2,standing,777.14
1.0,alpha1p0,104,1,subject104_client1,3888,2,standing,778.42
1.0,alpha1p0,104,1,subject104_client1,3889,2,standing,779.7
1.0,alpha1p0,104,1,subject104_client1,3890,2,standing,780.98
1.0,alpha1p0,104,1,subject104_client1,3891,2,standing,782.26
1.0,alpha1p0,104,1,subject104_client1,3892,2,standing,783.54
1.0,alpha1p0,104,1,subject104_client1,3893,2,standing,784.82
1.0,alpha1p0,104,1,subject104_client1,3894,2,standing,786.1
1.0,alpha1p0,104,1,subject104_client1,3895,2,standing,787.38
1.0,alpha1p0,104,1,subject104_client1,3896,2,standing,788.66
1.0,alpha1p0,104,1,subject104_client1,3897,2,standing,789.94
1.0,alpha1p0,104,1,subject104_client1,3898,2,standing,791.22
1.0,alpha1p0,104,1,subject104_client1,3899,2,standing,792.5
1.0,alpha1p0,104,1,subject104_client1,3900,2,standing,793.78
1.0,alpha1p0,104,1,subject104_client1,3901,2,standing,795.06
1.0,alpha1p0,104,1,subject104_client1,3902,2,standing,796.34
1.0,alpha1p0,104,1,subject104_client1,3903,2,standing,797.62
1.0,alpha1p0,104,1,subject104_client1,3904,2,standing,798.9
1.0,alpha1p0,104,1,subject104_client1,3905,2,standing,800.18
1.0,alpha1p0,104,1,subject104_client1,3906,2,standing,801.46
1.0,alpha1p0,104,1,subject104_client1,3907,2,standing,802.74
1.0,alpha1p0,104,1,subject104_client1,3908,2,standing,804.02
1.0,alpha1p0,104,1,subject104_client1,3909,2,standing,805.3
1.0,alpha1p0,104,1,subject104_client1,3910,2,standing,806.58
1.0,alpha1p0,104,1,subject104_client1,3911,2,standing,807.86
1.0,alpha1p0,104,1,subject104_client1,3912,2,standing,809.14
1.0,alpha1p0,104,1,subject104_client1,3913,2,standing,810.42
1.0,alpha1p0,104,1,subject104_client1,3914,2,standing,811.7
1.0,alpha1p0,104,1,subject104_client1,3915,2,standing,812.98
1.0,alpha1p0,104,1,subject104_client1,3916,2,standing,814.26
1.0,alpha1p0,104,1,subject104_client1,3917,2,standing,815.54
1.0,alpha1p0,104,1,subject104_client1,3918,2,standing,816.82
1.0,alpha1p0,104,1,subject104_client1,3919,2,standing,818.1
1.0,alpha1p0,104,1,subject104_client1,3920,2,standing,819.38
1.0,alpha1p0,104,1,subject104_client1,3921,2,standing,820.66
1.0,alpha1p0,104,1,subject104_client1,3922,2,standing,821.94
1.0,alpha1p0,104,1,subject104_client1,3923,2,standing,823.22
1.0,alpha1p0,104,1,subject104_client1,3924,2,standing,824.5
1.0,alpha1p0,104,1,subject104_client1,3925,2,standing,825.78
1.0,alpha1p0,104,1,subject104_client1,3926,2,standing,827.06
1.0,alpha1p0,104,2,subject104_client2,3928,2,standing,829.62
1.0,alpha1p0,104,2,subject104_client2,3929,2,standing,830.9
1.0,alpha1p0,104,2,subject104_client2,3930,2,standing,832.18
1.0,alpha1p0,104,2,subject104_client2,3931,2,standing,833.46
1.0,alpha1p0,104,2,subject104_client2,3932,2,standing,834.74
1.0,alpha1p0,104,2,subject104_client2,3933,2,standing,836.02
1.0,alpha1p0,104,2,subject104_client2,3934,2,standing,837.3
1.0,alpha1p0,104,2,subject104_client2,3935,2,standing,838.58
1.0,alpha1p0,104,2,subject104_client2,3936,2,standing,839.86
1.0,alpha1p0,104,2,subject104_client2,3937,2,standing,841.14
1.0,alpha1p0,104,2,subject104_client2,3938,2,standing,842.42
1.0,alpha1p0,104,2,subject104_client2,3939,2,standing,843.7
1.0,alpha1p0,104,2,subject104_client2,3940,2,standing,844.98
1.0,alpha1p0,104,2,subject104_client2,3941,2,standing,846.26
1.0,alpha1p0,104,2,subject104_client2,3942,2,standing,847.54
1.0,alpha1p0,104,2,subject104_client2,3943,2,standing,848.82
1.0,alpha1p0,104,2,subject104_client2,3944,2,standing,850.1
1.0,alpha1p0,104,2,subject104_client2,3945,2,standing,851.38
1.0,alpha1p0,104,2,subject104_client2,3946,2,standing,852.66
1.0,alpha1p0,104,2,subject104_client2,3947,2,standing,853.94
1.0,alpha1p0,104,2,subject104_client2,3948,2,standing,855.22
1.0,alpha1p0,104,2,subject104_client2,3949,2,standing,856.5
1.0,alpha1p0,104,2,subject104_client2,3950,2,standing,857.78
1.0,alpha1p0,104,3,subject104_client3,3951,10,ironing,860.36
1.0,alpha1p0,104,3,subject104_client3,3952,10,ironing,861.64
1.0,alpha1p0,104,3,subject104_client3,3953,10,ironing,862.92
1.0,alpha1p0,104,3,subject104_client3,3954,10,ironing,864.2
1.0,alpha1p0,104,3,subject104_client3,3955,10,ironing,865.48
1.0,alpha1p0,104,3,subject104_client3,3956,10,ironing,866.76
1.0,alpha1p0,104,3,subject104_client3,3957,10,ironing,868.04
1.0,alpha1p0,104,3,subject104_client3,3958,10,ironing,869.32
1.0,alpha1p0,104,3,subject104_client3,3959,10,ironing,870.6
1.0,alpha1p0,104,3,subject104_client3,3960,10,ironing,871.88
1.0,alpha1p0,104,3,subject104_client3,3961,10,ironing,873.16
1.0,alpha1p0,104,3,subject104_client3,3962,10,ironing,874.44
1.0,alpha1p0,104,3,subject104_client3,3963,10,ironing,875.72
1.0,alpha1p0,104,3,subject104_client3,3964,10,ironing,877.0
1.0,alpha1p0,104,3,subject104_client3,3965,10,ironing,878.28
1.0,alpha1p0,104,3,subject104_client3,3966,10,ironing,879.56
1.0,alpha1p0,104,3,subject104_client3,3967,10,ironing,880.84
1.0,alpha1p0,104,3,subject104_client3,3968,10,ironing,882.12
1.0,alpha1p0,104,3,subject104_client3,3969,10,ironing,883.4
1.0,alpha1p0,104,3,subject104_client3,3970,10,ironing,884.68
1.0,alpha1p0,104,3,subject104_client3,3971,10,ironing,885.96
1.0,alpha1p0,104,3,subject104_client3,3972,10,ironing,887.24
1.0,alpha1p0,104,3,subject104_client3,3973,10,ironing,888.52
1.0,alpha1p0,104,3,subject104_client3,3974,10,ironing,889.8
1.0,alpha1p0,104,3,subject104_client3,3975,10,ironing,891.08
1.0,alpha1p0,104,3,subject104_client3,3976,10,ironing,892.36
1.0,alpha1p0,104,3,subject104_client3,3977,10,ironing,893.64
1.0,alpha1p0,104,3,subject104_client3,3978,10,ironing,894.92
1.0,alpha1p0,104,3,subject104_client3,3979,10,ironing,896.2
1.0,alpha1p0,104,3,subject104_client3,3980,10,ironing,897.48
1.0,alpha1p0,104,3,subject104_client3,3981,10,ironing,898.76
1.0,alpha1p0,104,3,subject104_client3,3982,10,ironing,900.04
1.0,alpha1p0,104,3,subject104_client3,3983,10,ironing,901.32
1.0,alpha1p0,104,3,subject104_client3,3984,10,ironing,902.6
1.0,alpha1p0,104,3,subject104_client3,3985,10,ironing,903.88
1.0,alpha1p0,104,3,subject104_client3,3986,10,ironing,905.16
1.0,alpha1p0,104,3,subject104_client3,3987,10,ironing,906.44
1.0,alpha1p0,104,3,subject104_client3,3988,10,ironing,907.72
1.0,alpha1p0,104,3,subject104_client3,3989,10,ironing,909.0
1.0,alpha1p0,104,3,subject104_client3,3990,10,ironing,910.28
1.0,alpha1p0,104,3,subject104_client3,3991,10,ironing,911.56
1.0,alpha1p0,104,3,subject104_client3,3992,10,ironing,912.84
1.0,alpha1p0,104,3,subject104_client3,3993,10,ironing,914.12
1.0,alpha1p0,104,3,subject104_client3,3994,10,ironing,915.4
1.0,alpha1p0,104,3,subject104_client3,3995,10,ironing,916.68
1.0,alpha1p0,104,3,subject104_client3,3996,10,ironing,917.96
1.0,alpha1p0,104,3,subject104_client3,3997,10,ironing,919.24
1.0,alpha1p0,104,3,subject104_client3,3998,10,ironing,920.52
1.0,alpha1p0,104,3,subject104_client3,3999,10,ironing,921.8
1.0,alpha1p0,104,3,subject104_client3,4000,10,ironing,923.08
1.0,alpha1p0,104,3,subject104_client3,4001,10,ironing,924.36
1.0,alpha1p0,104,3,subject104_client3,4002,10,ironing,925.64
1.0,alpha1p0,104,3,subject104_client3,4003,10,ironing,926.92
1.0,alpha1p0,104,3,subject104_client3,4004,10,ironing,928.2
1.0,alpha1p0,104,3,subject104_client3,4005,10,ironing,929.48
1.0,alpha1p0,104,3,subject104_client3,4006,10,ironing,930.76
1.0,alpha1p0,104,3,subject104_client3,4007,10,ironing,932.04
1.0,alpha1p0,104,3,subject104_client3,4008,10,ironing,933.32
1.0,alpha1p0,104,3,subject104_client3,4009,10,ironing,934.6
1.0,alpha1p0,104,3,subject104_client3,4010,10,ironing,935.88
1.0,alpha1p0,104,3,subject104_client3,4011,10,ironing,937.16
1.0,alpha1p0,104,3,subject104_client3,4012,10,ironing,938.44
1.0,alpha1p0,104,3,subject104_client3,4013,10,ironing,939.72
1.0,alpha1p0,104,3,subject104_client3,4014,10,ironing,941.0
1.0,alpha1p0,104,3,subject104_client3,4015,10,ironing,942.28
1.0,alpha1p0,104,3,subject104_client3,4016,10,ironing,943.56
1.0,alpha1p0,104,3,subject104_client3,4017,10,ironing,944.84
1.0,alpha1p0,104,3,subject104_client3,4018,10,ironing,946.12
1.0,alpha1p0,104,3,subject104_client3,4019,10,ironing,947.4
1.0,alpha1p0,104,3,subject104_client3,4020,10,ironing,948.68
1.0,alpha1p0,104,3,subject104_client3,4021,10,ironing,949.96
1.0,alpha1p0,104,0,subject104_client0,4023,10,ironing,952.52
1.0,alpha1p0,104,0,subject104_client0,4024,10,ironing,953.8
1.0,alpha1p0,104,0,subject104_client0,4025,10,ironing,955.08
1.0,alpha1p0,104,0,subject104_client0,4026,10,ironing,956.36
1.0,alpha1p0,104,0,subject104_client0,4027,10,ironing,957.64
1.0,alpha1p0,104,0,subject104_client0,4028,10,ironing,958.92
1.0,alpha1p0,104,0,subject104_client0,4029,10,ironing,960.2
1.0,alpha1p0,104,0,subject104_client0,4030,10,ironing,961.48
1.0,alpha1p0,104,0,subject104_client0,4031,10,ironing,962.76
1.0,alpha1p0,104,0,subject104_client0,4032,10,ironing,964.04
1.0,alpha1p0,104,0,subject104_client0,4033,10,ironing,965.32
1.0,alpha1p0,104,0,subject104_client0,4034,10,ironing,966.6
1.0,alpha1p0,104,0,subject104_client0,4035,10,ironing,967.88
1.0,alpha1p0,104,0,subject104_client0,4036,10,ironing,969.16
1.0,alpha1p0,104,0,subject104_client0,4037,10,ironing,970.44
1.0,alpha1p0,104,0,subject104_client0,4038,10,ironing,971.72
1.0,alpha1p0,104,0,subject104_client0,4039,10,ironing,973.0
1.0,alpha1p0,104,0,subject104_client0,4040,10,ironing,974.28
1.0,alpha1p0,104,0,subject104_client0,4041,10,ironing,975.56
1.0,alpha1p0,104,0,subject104_client0,4042,10,ironing,976.84
1.0,alpha1p0,104,0,subject104_client0,4043,10,ironing,978.12
1.0,alpha1p0,104,0,subject104_client0,4044,10,ironing,979.4
1.0,alpha1p0,104,0,subject104_client0,4045,10,ironing,980.68
1.0,alpha1p0,104,0,subject104_client0,4046,10,ironing,981.96
1.0,alpha1p0,104,0,subject104_client0,4047,10,ironing,983.24
1.0,alpha1p0,104,0,subject104_client0,4048,10,ironing,984.52
1.0,alpha1p0,104,0,subject104_client0,4049,10,ironing,985.8
1.0,alpha1p0,104,0,subject104_client0,4050,10,ironing,987.08
1.0,alpha1p0,104,0,subject104_client0,4051,10,ironing,988.36
1.0,alpha1p0,104,0,subject104_client0,4052,10,ironing,989.64
1.0,alpha1p0,104,0,subject104_client0,4053,10,ironing,990.92
1.0,alpha1p0,104,0,subject104_client0,4054,10,ironing,992.2
1.0,alpha1p0,104,0,subject104_client0,4055,10,ironing,993.48
1.0,alpha1p0,104,0,subject104_client0,4056,10,ironing,994.76
1.0,alpha1p0,104,0,subject104_client0,4057,10,ironing,996.04
1.0,alpha1p0,104,0,subject104_client0,4058,10,ironing,997.32
1.0,alpha1p0,104,0,subject104_client0,4059,10,ironing,998.6
1.0,alpha1p0,104,0,subject104_client0,4060,10,ironing,999.88
1.0,alpha1p0,104,0,subject104_client0,4061,10,ironing,1001.16
1.0,alpha1p0,104,0,subject104_client0,4062,10,ironing,1002.44
1.0,alpha1p0,104,0,subject104_client0,4063,10,ironing,1003.72
1.0,alpha1p0,104,0,subject104_client0,4064,10,ironing,1005.0
1.0,alpha1p0,104,0,subject104_client0,4065,10,ironing,1006.28
1.0,alpha1p0,104,0,subject104_client0,4066,10,ironing,1007.56
1.0,alpha1p0,104,0,subject104_client0,4067,10,ironing,1008.84
1.0,alpha1p0,104,0,subject104_client0,4068,10,ironing,1010.12
1.0,alpha1p0,104,0,subject104_client0,4069,10,ironing,1011.4
1.0,alpha1p0,104,0,subject104_client0,4070,10,ironing,1012.68
1.0,alpha1p0,104,0,subject104_client0,4071,10,ironing,1013.96
1.0,alpha1p0,104,0,subject104_client0,4072,10,ironing,1015.24
1.0,alpha1p0,104,0,subject104_client0,4073,10,ironing,1016.52
1.0,alpha1p0,104,0,subject104_client0,4074,10,ironing,1017.8
1.0,alpha1p0,104,0,subject104_client0,4075,10,ironing,1019.08
1.0,alpha1p0,104,0,subject104_client0,4076,10,ironing,1020.36
1.0,alpha1p0,104,0,subject104_client0,4077,10,ironing,1021.64
1.0,alpha1p0,104,0,subject104_client0,4078,10,ironing,1022.92
1.0,alpha1p0,104,0,subject104_client0,4079,10,ironing,1024.2
1.0,alpha1p0,104,2,subject104_client2,4081,10,ironing,1026.76
1.0,alpha1p0,104,2,subject104_client2,4082,10,ironing,1028.04
1.0,alpha1p0,104,2,subject104_client2,4083,10,ironing,1029.32
1.0,alpha1p0,104,2,subject104_client2,4084,10,ironing,1030.6
1.0,alpha1p0,104,2,subject104_client2,4085,10,ironing,1031.88
1.0,alpha1p0,104,2,subject104_client2,4086,10,ironing,1033.16
1.0,alpha1p0,104,2,subject104_client2,4087,10,ironing,1034.44
1.0,alpha1p0,104,2,subject104_client2,4088,10,ironing,1035.72
1.0,alpha1p0,104,2,subject104_client2,4089,10,ironing,1037.0
1.0,alpha1p0,104,2,subject104_client2,4090,10,ironing,1038.28
1.0,alpha1p0,104,2,subject104_client2,4091,10,ironing,1039.56
1.0,alpha1p0,104,2,subject104_client2,4092,10,ironing,1040.84
1.0,alpha1p0,104,2,subject104_client2,4093,10,ironing,1042.12
1.0,alpha1p0,104,2,subject104_client2,4094,10,ironing,1043.4
1.0,alpha1p0,104,2,subject104_client2,4095,10,ironing,1044.68
1.0,alpha1p0,104,2,subject104_client2,4096,10,ironing,1045.96
1.0,alpha1p0,104,1,subject104_client1,4098,10,ironing,1048.52
1.0,alpha1p0,104,1,subject104_client1,4099,10,ironing,1049.8
1.0,alpha1p0,104,1,subject104_client1,4100,10,ironing,1051.08
1.0,alpha1p0,104,1,subject104_client1,4101,10,ironing,1052.36
1.0,alpha1p0,104,1,subject104_client1,4102,10,ironing,1053.64
1.0,alpha1p0,104,1,subject104_client1,4103,10,ironing,1054.92
1.0,alpha1p0,104,1,subject104_client1,4104,10,ironing,1056.2
1.0,alpha1p0,104,1,subject104_client1,4105,10,ironing,1057.48
1.0,alpha1p0,104,1,subject104_client1,4106,10,ironing,1058.76
1.0,alpha1p0,104,1,subject104_client1,4107,10,ironing,1060.04
1.0,alpha1p0,104,1,subject104_client1,4108,10,ironing,1061.32
1.0,alpha1p0,104,1,subject104_client1,4109,10,ironing,1062.6
1.0,alpha1p0,104,1,subject104_client1,4110,10,ironing,1063.88
1.0,alpha1p0,104,1,subject104_client1,4111,10,ironing,1065.16
1.0,alpha1p0,104,1,subject104_client1,4112,10,ironing,1066.44
1.0,alpha1p0,104,1,subject104_client1,4113,10,ironing,1067.72
1.0,alpha1p0,104,1,subject104_client1,4114,10,ironing,1069.0
1.0,alpha1p0,104,1,subject104_client1,4115,10,ironing,1070.28
1.0,alpha1p0,104,1,subject104_client1,4116,10,ironing,1071.56
1.0,alpha1p0,104,1,subject104_client1,4117,10,ironing,1072.84
1.0,alpha1p0,104,1,subject104_client1,4118,10,ironing,1074.12
1.0,alpha1p0,104,1,subject104_client1,4119,10,ironing,1075.4
1.0,alpha1p0,104,1,subject104_client1,4120,10,ironing,1076.68
1.0,alpha1p0,104,1,subject104_client1,4121,10,ironing,1077.96
1.0,alpha1p0,104,1,subject104_client1,4122,10,ironing,1079.24
1.0,alpha1p0,104,1,subject104_client1,4123,10,ironing,1080.52
1.0,alpha1p0,104,1,subject104_client1,4124,10,ironing,1081.8
1.0,alpha1p0,104,1,subject104_client1,4125,10,ironing,1083.08
1.0,alpha1p0,104,1,subject104_client1,4126,10,ironing,1084.36
1.0,alpha1p0,104,1,subject104_client1,4127,10,ironing,1085.64
1.0,alpha1p0,104,1,subject104_client1,4128,10,ironing,1086.92
1.0,alpha1p0,104,1,subject104_client1,4129,10,ironing,1088.2
1.0,alpha1p0,104,1,subject104_client1,4130,10,ironing,1089.48
1.0,alpha1p0,104,1,subject104_client1,4131,10,ironing,1090.76
1.0,alpha1p0,104,1,subject104_client1,4132,10,ironing,1092.04
1.0,alpha1p0,104,1,subject104_client1,4133,10,ironing,1093.32
1.0,alpha1p0,104,1,subject104_client1,4134,10,ironing,1094.6
1.0,alpha1p0,104,1,subject104_client1,4135,10,ironing,1095.88
1.0,alpha1p0,104,1,subject104_client1,4136,10,ironing,1097.16
1.0,alpha1p0,104,1,subject104_client1,4137,10,ironing,1098.44
1.0,alpha1p0,104,1,subject104_client1,4138,10,ironing,1099.72
1.0,alpha1p0,104,1,subject104_client1,4139,10,ironing,1101.0
1.0,alpha1p0,104,1,subject104_client1,4140,10,ironing,1102.28
1.0,alpha1p0,104,1,subject104_client1,4141,10,ironing,1103.56
1.0,alpha1p0,104,1,subject104_client1,4142,10,ironing,1104.84
1.0,alpha1p0,104,1,subject104_client1,4143,10,ironing,1106.12
1.0,alpha1p0,104,1,subject104_client1,4144,10,ironing,1107.4
1.0,alpha1p0,104,1,subject104_client1,4145,9,vacuum cleaning,1175.11
1.0,alpha1p0,104,1,subject104_client1,4146,9,vacuum cleaning,1176.39
1.0,alpha1p0,104,1,subject104_client1,4147,9,vacuum cleaning,1177.67
1.0,alpha1p0,104,1,subject104_client1,4148,9,vacuum cleaning,1178.95
1.0,alpha1p0,104,1,subject104_client1,4149,9,vacuum cleaning,1180.23
1.0,alpha1p0,104,1,subject104_client1,4150,9,vacuum cleaning,1181.51
1.0,alpha1p0,104,1,subject104_client1,4151,9,vacuum cleaning,1182.79
1.0,alpha1p0,104,1,subject104_client1,4152,9,vacuum cleaning,1184.07
1.0,alpha1p0,104,0,subject104_client0,4154,9,vacuum cleaning,1186.63
1.0,alpha1p0,104,0,subject104_client0,4155,9,vacuum cleaning,1187.91
1.0,alpha1p0,104,0,subject104_client0,4156,9,vacuum cleaning,1189.19
1.0,alpha1p0,104,0,subject104_client0,4157,9,vacuum cleaning,1190.47
1.0,alpha1p0,104,0,subject104_client0,4158,9,vacuum cleaning,1191.75
1.0,alpha1p0,104,0,subject104_client0,4159,9,vacuum cleaning,1193.03
1.0,alpha1p0,104,0,subject104_client0,4160,9,vacuum cleaning,1194.31
1.0,alpha1p0,104,0,subject104_client0,4161,9,vacuum cleaning,1195.59
1.0,alpha1p0,104,0,subject104_client0,4162,9,vacuum cleaning,1196.87
1.0,alpha1p0,104,0,subject104_client0,4163,9,vacuum cleaning,1198.15
1.0,alpha1p0,104,0,subject104_client0,4164,9,vacuum cleaning,1199.43
1.0,alpha1p0,104,0,subject104_client0,4165,9,vacuum cleaning,1200.71
1.0,alpha1p0,104,0,subject104_client0,4166,9,vacuum cleaning,1201.99
1.0,alpha1p0,104,0,subject104_client0,4167,9,vacuum cleaning,1203.27
1.0,alpha1p0,104,0,subject104_client0,4168,9,vacuum cleaning,1204.55
1.0,alpha1p0,104,0,subject104_client0,4169,9,vacuum cleaning,1205.83
1.0,alpha1p0,104,0,subject104_client0,4170,9,vacuum cleaning,1207.11
1.0,alpha1p0,104,0,subject104_client0,4171,9,vacuum cleaning,1208.39
1.0,alpha1p0,104,0,subject104_client0,4172,9,vacuum cleaning,1209.67
1.0,alpha1p0,104,0,subject104_client0,4173,9,vacuum cleaning,1210.95
1.0,alpha1p0,104,0,subject104_client0,4174,9,vacuum cleaning,1212.23
1.0,alpha1p0,104,0,subject104_client0,4175,9,vacuum cleaning,1213.51
1.0,alpha1p0,104,0,subject104_client0,4176,9,vacuum cleaning,1214.79
1.0,alpha1p0,104,0,subject104_client0,4177,9,vacuum cleaning,1216.07
1.0,alpha1p0,104,0,subject104_client0,4178,9,vacuum cleaning,1217.35
1.0,alpha1p0,104,0,subject104_client0,4179,9,vacuum cleaning,1218.63
1.0,alpha1p0,104,0,subject104_client0,4180,9,vacuum cleaning,1219.91
1.0,alpha1p0,104,0,subject104_client0,4181,9,vacuum cleaning,1221.19
1.0,alpha1p0,104,0,subject104_client0,4182,9,vacuum cleaning,1222.47
1.0,alpha1p0,104,0,subject104_client0,4183,9,vacuum cleaning,1223.75
1.0,alpha1p0,104,0,subject104_client0,4184,9,vacuum cleaning,1225.03
1.0,alpha1p0,104,0,subject104_client0,4185,9,vacuum cleaning,1226.31
1.0,alpha1p0,104,0,subject104_client0,4186,9,vacuum cleaning,1227.59
1.0,alpha1p0,104,0,subject104_client0,4187,9,vacuum cleaning,1228.87
1.0,alpha1p0,104,0,subject104_client0,4188,9,vacuum cleaning,1230.15
1.0,alpha1p0,104,0,subject104_client0,4189,9,vacuum cleaning,1231.43
1.0,alpha1p0,104,2,subject104_client2,4191,9,vacuum cleaning,1233.99
1.0,alpha1p0,104,2,subject104_client2,4192,9,vacuum cleaning,1235.27
1.0,alpha1p0,104,2,subject104_client2,4193,9,vacuum cleaning,1236.55
1.0,alpha1p0,104,2,subject104_client2,4194,9,vacuum cleaning,1237.83
1.0,alpha1p0,104,2,subject104_client2,4195,9,vacuum cleaning,1239.11
1.0,alpha1p0,104,2,subject104_client2,4196,9,vacuum cleaning,1240.39
1.0,alpha1p0,104,2,subject104_client2,4197,9,vacuum cleaning,1241.67
1.0,alpha1p0,104,2,subject104_client2,4198,9,vacuum cleaning,1242.95
1.0,alpha1p0,104,2,subject104_client2,4199,9,vacuum cleaning,1244.23
1.0,alpha1p0,104,2,subject104_client2,4200,9,vacuum cleaning,1245.51
1.0,alpha1p0,104,2,subject104_client2,4201,9,vacuum cleaning,1246.79
1.0,alpha1p0,104,2,subject104_client2,4202,9,vacuum cleaning,1248.07
1.0,alpha1p0,104,2,subject104_client2,4203,9,vacuum cleaning,1249.35
1.0,alpha1p0,104,2,subject104_client2,4204,9,vacuum cleaning,1250.63
1.0,alpha1p0,104,2,subject104_client2,4205,9,vacuum cleaning,1251.91
1.0,alpha1p0,104,2,subject104_client2,4206,9,vacuum cleaning,1253.19
1.0,alpha1p0,104,2,subject104_client2,4207,9,vacuum cleaning,1254.47
1.0,alpha1p0,104,2,subject104_client2,4208,9,vacuum cleaning,1255.75
1.0,alpha1p0,104,2,subject104_client2,4209,9,vacuum cleaning,1257.03
1.0,alpha1p0,104,2,subject104_client2,4210,9,vacuum cleaning,1258.31
1.0,alpha1p0,104,2,subject104_client2,4211,9,vacuum cleaning,1259.59
1.0,alpha1p0,104,2,subject104_client2,4212,9,vacuum cleaning,1260.87
1.0,alpha1p0,104,2,subject104_client2,4213,9,vacuum cleaning,1262.15
1.0,alpha1p0,104,2,subject104_client2,4214,9,vacuum cleaning,1263.43
1.0,alpha1p0,104,2,subject104_client2,4215,9,vacuum cleaning,1264.71
1.0,alpha1p0,104,2,subject104_client2,4216,9,vacuum cleaning,1265.99
1.0,alpha1p0,104,2,subject104_client2,4217,9,vacuum cleaning,1267.27
1.0,alpha1p0,104,2,subject104_client2,4218,9,vacuum cleaning,1268.55
1.0,alpha1p0,104,2,subject104_client2,4219,9,vacuum cleaning,1269.83
1.0,alpha1p0,104,2,subject104_client2,4220,9,vacuum cleaning,1271.11
1.0,alpha1p0,104,2,subject104_client2,4221,9,vacuum cleaning,1272.39
1.0,alpha1p0,104,2,subject104_client2,4222,9,vacuum cleaning,1273.67
1.0,alpha1p0,104,2,subject104_client2,4223,9,vacuum cleaning,1274.95
1.0,alpha1p0,104,2,subject104_client2,4224,9,vacuum cleaning,1276.23
1.0,alpha1p0,104,2,subject104_client2,4225,9,vacuum cleaning,1277.51
1.0,alpha1p0,104,2,subject104_client2,4226,9,vacuum cleaning,1278.79
1.0,alpha1p0,104,2,subject104_client2,4227,9,vacuum cleaning,1280.07
1.0,alpha1p0,104,2,subject104_client2,4228,9,vacuum cleaning,1281.35
1.0,alpha1p0,104,2,subject104_client2,4229,9,vacuum cleaning,1282.63
1.0,alpha1p0,104,2,subject104_client2,4230,9,vacuum cleaning,1283.91
1.0,alpha1p0,104,2,subject104_client2,4231,9,vacuum cleaning,1285.19
1.0,alpha1p0,104,2,subject104_client2,4232,9,vacuum cleaning,1286.47
1.0,alpha1p0,104,2,subject104_client2,4233,9,vacuum cleaning,1287.75
1.0,alpha1p0,104,2,subject104_client2,4234,9,vacuum cleaning,1289.03
1.0,alpha1p0,104,2,subject104_client2,4235,9,vacuum cleaning,1290.31
1.0,alpha1p0,104,2,subject104_client2,4236,9,vacuum cleaning,1291.59
1.0,alpha1p0,104,2,subject104_client2,4237,9,vacuum cleaning,1292.87
1.0,alpha1p0,104,2,subject104_client2,4238,9,vacuum cleaning,1294.15
1.0,alpha1p0,104,2,subject104_client2,4239,9,vacuum cleaning,1295.43
1.0,alpha1p0,104,2,subject104_client2,4240,9,vacuum cleaning,1296.71
1.0,alpha1p0,104,2,subject104_client2,4241,9,vacuum cleaning,1297.99
1.0,alpha1p0,104,2,subject104_client2,4242,9,vacuum cleaning,1299.27
1.0,alpha1p0,104,2,subject104_client2,4243,9,vacuum cleaning,1300.55
1.0,alpha1p0,104,2,subject104_client2,4244,9,vacuum cleaning,1301.83
1.0,alpha1p0,104,2,subject104_client2,4245,9,vacuum cleaning,1303.11
1.0,alpha1p0,104,2,subject104_client2,4246,9,vacuum cleaning,1304.39
1.0,alpha1p0,104,2,subject104_client2,4247,9,vacuum cleaning,1305.67
1.0,alpha1p0,104,2,subject104_client2,4248,9,vacuum cleaning,1306.95
1.0,alpha1p0,104,2,subject104_client2,4249,9,vacuum cleaning,1308.23
1.0,alpha1p0,104,2,subject104_client2,4250,9,vacuum cleaning,1309.51
1.0,alpha1p0,104,2,subject104_client2,4251,9,vacuum cleaning,1310.79
1.0,alpha1p0,104,2,subject104_client2,4252,9,vacuum cleaning,1312.07
1.0,alpha1p0,104,2,subject104_client2,4253,9,vacuum cleaning,1313.35
1.0,alpha1p0,104,2,subject104_client2,4254,9,vacuum cleaning,1314.63
1.0,alpha1p0,104,2,subject104_client2,4255,9,vacuum cleaning,1315.91
1.0,alpha1p0,104,2,subject104_client2,4256,9,vacuum cleaning,1317.19
1.0,alpha1p0,104,2,subject104_client2,4257,9,vacuum cleaning,1318.47
1.0,alpha1p0,104,2,subject104_client2,4258,9,vacuum cleaning,1319.75
1.0,alpha1p0,104,2,subject104_client2,4259,9,vacuum cleaning,1321.03
1.0,alpha1p0,104,2,subject104_client2,4260,9,vacuum cleaning,1322.31
1.0,alpha1p0,104,2,subject104_client2,4261,9,vacuum cleaning,1323.59
1.0,alpha1p0,104,2,subject104_client2,4262,9,vacuum cleaning,1324.87
1.0,alpha1p0,104,2,subject104_client2,4263,9,vacuum cleaning,1326.15
1.0,alpha1p0,104,2,subject104_client2,4264,9,vacuum cleaning,1327.43
1.0,alpha1p0,104,2,subject104_client2,4265,9,vacuum cleaning,1328.71
1.0,alpha1p0,104,2,subject104_client2,4266,9,vacuum cleaning,1329.99
1.0,alpha1p0,104,2,subject104_client2,4267,9,vacuum cleaning,1331.27
1.0,alpha1p0,104,2,subject104_client2,4268,9,vacuum cleaning,1332.55
1.0,alpha1p0,104,2,subject104_client2,4269,9,vacuum cleaning,1333.83
1.0,alpha1p0,104,2,subject104_client2,4270,9,vacuum cleaning,1335.11
1.0,alpha1p0,104,2,subject104_client2,4271,9,vacuum cleaning,1336.39
1.0,alpha1p0,104,2,subject104_client2,4272,9,vacuum cleaning,1337.67
1.0,alpha1p0,104,2,subject104_client2,4273,9,vacuum cleaning,1338.95
1.0,alpha1p0,104,2,subject104_client2,4274,9,vacuum cleaning,1340.23
1.0,alpha1p0,104,2,subject104_client2,4275,9,vacuum cleaning,1341.51
1.0,alpha1p0,104,2,subject104_client2,4276,9,vacuum cleaning,1342.79
1.0,alpha1p0,104,2,subject104_client2,4277,9,vacuum cleaning,1344.07
1.0,alpha1p0,104,2,subject104_client2,4278,9,vacuum cleaning,1345.35
1.0,alpha1p0,104,2,subject104_client2,4279,9,vacuum cleaning,1346.63
1.0,alpha1p0,104,2,subject104_client2,4280,9,vacuum cleaning,1347.91
1.0,alpha1p0,104,2,subject104_client2,4281,9,vacuum cleaning,1349.19
1.0,alpha1p0,104,2,subject104_client2,4282,9,vacuum cleaning,1350.47
1.0,alpha1p0,104,2,subject104_client2,4283,9,vacuum cleaning,1351.75
1.0,alpha1p0,104,2,subject104_client2,4284,9,vacuum cleaning,1353.03
1.0,alpha1p0,104,2,subject104_client2,4285,9,vacuum cleaning,1354.31
1.0,alpha1p0,104,2,subject104_client2,4286,9,vacuum cleaning,1355.59
1.0,alpha1p0,104,2,subject104_client2,4287,9,vacuum cleaning,1356.87
1.0,alpha1p0,104,2,subject104_client2,4288,9,vacuum cleaning,1358.15
1.0,alpha1p0,104,2,subject104_client2,4289,9,vacuum cleaning,1359.43
1.0,alpha1p0,104,2,subject104_client2,4290,9,vacuum cleaning,1360.71
1.0,alpha1p0,104,2,subject104_client2,4291,9,vacuum cleaning,1361.99
1.0,alpha1p0,104,2,subject104_client2,4292,9,vacuum cleaning,1363.27
1.0,alpha1p0,104,3,subject104_client3,4294,9,vacuum cleaning,1365.83
1.0,alpha1p0,104,3,subject104_client3,4295,9,vacuum cleaning,1367.11
1.0,alpha1p0,104,3,subject104_client3,4296,9,vacuum cleaning,1368.39
1.0,alpha1p0,104,3,subject104_client3,4297,9,vacuum cleaning,1369.67
1.0,alpha1p0,104,3,subject104_client3,4298,9,vacuum cleaning,1370.95
1.0,alpha1p0,104,3,subject104_client3,4299,9,vacuum cleaning,1372.23
1.0,alpha1p0,104,1,subject104_client1,4300,7,ascending stairs,1487.96
1.0,alpha1p0,104,1,subject104_client1,4301,7,ascending stairs,1489.24
1.0,alpha1p0,104,1,subject104_client1,4302,7,ascending stairs,1490.52
1.0,alpha1p0,104,1,subject104_client1,4303,7,ascending stairs,1491.8
1.0,alpha1p0,104,1,subject104_client1,4304,7,ascending stairs,1493.08
1.0,alpha1p0,104,1,subject104_client1,4305,7,ascending stairs,1494.36
1.0,alpha1p0,104,1,subject104_client1,4306,7,ascending stairs,1495.64
1.0,alpha1p0,104,1,subject104_client1,4307,7,ascending stairs,1496.92
1.0,alpha1p0,104,1,subject104_client1,4308,7,ascending stairs,1498.2
1.0,alpha1p0,104,1,subject104_client1,4309,7,ascending stairs,1499.48
1.0,alpha1p0,104,1,subject104_client1,4310,7,ascending stairs,1500.76
1.0,alpha1p0,104,1,subject104_client1,4311,7,ascending stairs,1502.04
1.0,alpha1p0,104,1,subject104_client1,4312,7,ascending stairs,1503.32
1.0,alpha1p0,104,1,subject104_client1,4313,7,ascending stairs,1504.6
1.0,alpha1p0,104,1,subject104_client1,4314,7,ascending stairs,1505.88
1.0,alpha1p0,104,1,subject104_client1,4315,7,ascending stairs,1507.16
1.0,alpha1p0,104,1,subject104_client1,4316,7,ascending stairs,1508.44
1.0,alpha1p0,104,1,subject104_client1,4317,7,ascending stairs,1509.72
1.0,alpha1p0,104,1,subject104_client1,4318,7,ascending stairs,1511.0
1.0,alpha1p0,104,1,subject104_client1,4319,7,ascending stairs,1512.28
1.0,alpha1p0,104,1,subject104_client1,4320,7,ascending stairs,1513.56
1.0,alpha1p0,104,1,subject104_client1,4321,7,ascending stairs,1514.84
1.0,alpha1p0,104,1,subject104_client1,4322,7,ascending stairs,1516.12
1.0,alpha1p0,104,1,subject104_client1,4323,7,ascending stairs,1517.4
1.0,alpha1p0,104,1,subject104_client1,4324,7,ascending stairs,1518.68
1.0,alpha1p0,104,1,subject104_client1,4325,7,ascending stairs,1519.96
1.0,alpha1p0,104,1,subject104_client1,4326,7,ascending stairs,1521.24
1.0,alpha1p0,104,1,subject104_client1,4327,7,ascending stairs,1522.52
1.0,alpha1p0,104,1,subject104_client1,4328,7,ascending stairs,1523.8
1.0,alpha1p0,104,1,subject104_client1,4329,7,ascending stairs,1525.08
1.0,alpha1p0,104,1,subject104_client1,4330,7,ascending stairs,1526.36
1.0,alpha1p0,104,1,subject104_client1,4331,7,ascending stairs,1527.64
1.0,alpha1p0,104,1,subject104_client1,4332,7,ascending stairs,1528.92
1.0,alpha1p0,104,1,subject104_client1,4333,7,ascending stairs,1530.2
1.0,alpha1p0,104,1,subject104_client1,4334,7,ascending stairs,1531.48
1.0,alpha1p0,104,1,subject104_client1,4335,7,ascending stairs,1532.76
1.0,alpha1p0,104,1,subject104_client1,4336,7,ascending stairs,1534.04
1.0,alpha1p0,104,1,subject104_client1,4337,7,ascending stairs,1535.32
1.0,alpha1p0,104,1,subject104_client1,4338,7,ascending stairs,1536.6
1.0,alpha1p0,104,1,subject104_client1,4339,7,ascending stairs,1537.88
1.0,alpha1p0,104,1,subject104_client1,4340,7,ascending stairs,1539.16
1.0,alpha1p0,104,1,subject104_client1,4341,7,ascending stairs,1540.44
1.0,alpha1p0,104,1,subject104_client1,4342,7,ascending stairs,1541.72
1.0,alpha1p0,104,1,subject104_client1,4343,7,ascending stairs,1543.0
1.0,alpha1p0,104,1,subject104_client1,4344,7,ascending stairs,1544.28
1.0,alpha1p0,104,1,subject104_client1,4345,7,ascending stairs,1545.56
1.0,alpha1p0,104,1,subject104_client1,4346,7,ascending stairs,1546.84
1.0,alpha1p0,104,3,subject104_client3,4348,7,ascending stairs,1549.4
1.0,alpha1p0,104,3,subject104_client3,4349,7,ascending stairs,1550.68
1.0,alpha1p0,104,3,subject104_client3,4350,7,ascending stairs,1551.96
1.0,alpha1p0,104,3,subject104_client3,4351,7,ascending stairs,1553.24
1.0,alpha1p0,104,3,subject104_client3,4352,7,ascending stairs,1554.52
1.0,alpha1p0,104,3,subject104_client3,4353,7,ascending stairs,1555.8
1.0,alpha1p0,104,3,subject104_client3,4354,7,ascending stairs,1557.08
1.0,alpha1p0,104,3,subject104_client3,4355,7,ascending stairs,1558.36
1.0,alpha1p0,104,3,subject104_client3,4356,7,ascending stairs,1559.64
1.0,alpha1p0,104,3,subject104_client3,4357,7,ascending stairs,1560.92
1.0,alpha1p0,104,3,subject104_client3,4358,7,ascending stairs,1562.2
1.0,alpha1p0,104,3,subject104_client3,4359,7,ascending stairs,1563.48
1.0,alpha1p0,104,3,subject104_client3,4360,7,ascending stairs,1564.76
1.0,alpha1p0,104,3,subject104_client3,4361,7,ascending stairs,1566.04
1.0,alpha1p0,104,3,subject104_client3,4362,7,ascending stairs,1567.32
1.0,alpha1p0,104,3,subject104_client3,4363,7,ascending stairs,1568.6
1.0,alpha1p0,104,3,subject104_client3,4364,7,ascending stairs,1569.88
1.0,alpha1p0,104,1,subject104_client1,4365,8,descending stairs,1688.42
1.0,alpha1p0,104,1,subject104_client1,4366,8,descending stairs,1689.7
1.0,alpha1p0,104,1,subject104_client1,4367,8,descending stairs,1690.98
1.0,alpha1p0,104,1,subject104_client1,4368,8,descending stairs,1692.26
1.0,alpha1p0,104,1,subject104_client1,4369,8,descending stairs,1693.54
1.0,alpha1p0,104,1,subject104_client1,4370,8,descending stairs,1694.82
1.0,alpha1p0,104,1,subject104_client1,4371,8,descending stairs,1696.1
1.0,alpha1p0,104,1,subject104_client1,4372,8,descending stairs,1697.38
1.0,alpha1p0,104,1,subject104_client1,4373,8,descending stairs,1698.66
1.0,alpha1p0,104,1,subject104_client1,4374,8,descending stairs,1699.94
1.0,alpha1p0,104,1,subject104_client1,4375,8,descending stairs,1701.22
1.0,alpha1p0,104,1,subject104_client1,4376,8,descending stairs,1702.5
1.0,alpha1p0,104,1,subject104_client1,4377,8,descending stairs,1703.78
1.0,alpha1p0,104,1,subject104_client1,4378,8,descending stairs,1705.06
1.0,alpha1p0,104,1,subject104_client1,4379,8,descending stairs,1706.34
1.0,alpha1p0,104,1,subject104_client1,4380,8,descending stairs,1707.62
1.0,alpha1p0,104,1,subject104_client1,4381,8,descending stairs,1708.9
1.0,alpha1p0,104,1,subject104_client1,4382,8,descending stairs,1710.18
1.0,alpha1p0,104,1,subject104_client1,4383,8,descending stairs,1711.46
1.0,alpha1p0,104,1,subject104_client1,4384,8,descending stairs,1712.74
1.0,alpha1p0,104,1,subject104_client1,4385,8,descending stairs,1714.02
1.0,alpha1p0,104,1,subject104_client1,4386,8,descending stairs,1715.3
1.0,alpha1p0,104,1,subject104_client1,4387,8,descending stairs,1716.58
1.0,alpha1p0,104,1,subject104_client1,4388,8,descending stairs,1717.86
1.0,alpha1p0,104,1,subject104_client1,4389,8,descending stairs,1719.14
1.0,alpha1p0,104,1,subject104_client1,4390,8,descending stairs,1720.42
1.0,alpha1p0,104,1,subject104_client1,4391,8,descending stairs,1721.7
1.0,alpha1p0,104,1,subject104_client1,4392,8,descending stairs,1722.98
1.0,alpha1p0,104,1,subject104_client1,4393,8,descending stairs,1724.26
1.0,alpha1p0,104,1,subject104_client1,4394,8,descending stairs,1725.54
1.0,alpha1p0,104,1,subject104_client1,4395,8,descending stairs,1726.82
1.0,alpha1p0,104,1,subject104_client1,4396,8,descending stairs,1728.1
1.0,alpha1p0,104,1,subject104_client1,4397,8,descending stairs,1729.38
1.0,alpha1p0,104,1,subject104_client1,4398,8,descending stairs,1730.66
1.0,alpha1p0,104,1,subject104_client1,4399,8,descending stairs,1731.94
1.0,alpha1p0,104,1,subject104_client1,4400,8,descending stairs,1733.22
1.0,alpha1p0,104,1,subject104_client1,4401,8,descending stairs,1734.5
1.0,alpha1p0,104,1,subject104_client1,4402,8,descending stairs,1735.78
1.0,alpha1p0,104,1,subject104_client1,4403,8,descending stairs,1737.06
1.0,alpha1p0,104,1,subject104_client1,4404,8,descending stairs,1738.34
1.0,alpha1p0,104,1,subject104_client1,4405,8,descending stairs,1739.62
1.0,alpha1p0,104,1,subject104_client1,4406,8,descending stairs,1740.9
1.0,alpha1p0,104,1,subject104_client1,4407,8,descending stairs,1742.18
1.0,alpha1p0,104,1,subject104_client1,4408,8,descending stairs,1743.46
1.0,alpha1p0,104,1,subject104_client1,4409,8,descending stairs,1744.74
1.0,alpha1p0,104,1,subject104_client1,4410,8,descending stairs,1746.02
1.0,alpha1p0,104,1,subject104_client1,4411,8,descending stairs,1747.3
1.0,alpha1p0,104,1,subject104_client1,4412,8,descending stairs,1748.58
1.0,alpha1p0,104,1,subject104_client1,4413,8,descending stairs,1749.86
1.0,alpha1p0,104,1,subject104_client1,4414,8,descending stairs,1751.14
1.0,alpha1p0,104,1,subject104_client1,4415,8,descending stairs,1752.42
1.0,alpha1p0,104,1,subject104_client1,4416,8,descending stairs,1753.7
1.0,alpha1p0,104,1,subject104_client1,4417,8,descending stairs,1754.98
1.0,alpha1p0,104,1,subject104_client1,4418,8,descending stairs,1756.26
1.0,alpha1p0,104,1,subject104_client1,4419,8,descending stairs,1757.54
1.0,alpha1p0,104,1,subject104_client1,4420,8,descending stairs,1758.82
1.0,alpha1p0,104,3,subject104_client3,4421,7,ascending stairs,1789.48
1.0,alpha1p0,104,3,subject104_client3,4422,7,ascending stairs,1790.76
1.0,alpha1p0,104,3,subject104_client3,4423,7,ascending stairs,1792.04
1.0,alpha1p0,104,3,subject104_client3,4424,7,ascending stairs,1793.32
1.0,alpha1p0,104,3,subject104_client3,4425,7,ascending stairs,1794.6
1.0,alpha1p0,104,3,subject104_client3,4426,7,ascending stairs,1795.88
1.0,alpha1p0,104,3,subject104_client3,4427,7,ascending stairs,1797.16
1.0,alpha1p0,104,3,subject104_client3,4428,7,ascending stairs,1798.44
1.0,alpha1p0,104,2,subject104_client2,4430,7,ascending stairs,1801.0
1.0,alpha1p0,104,2,subject104_client2,4431,7,ascending stairs,1802.28
1.0,alpha1p0,104,2,subject104_client2,4432,7,ascending stairs,1803.56
1.0,alpha1p0,104,2,subject104_client2,4433,7,ascending stairs,1804.84
1.0,alpha1p0,104,2,subject104_client2,4434,7,ascending stairs,1806.12
1.0,alpha1p0,104,2,subject104_client2,4435,7,ascending stairs,1807.4
1.0,alpha1p0,104,2,subject104_client2,4436,7,ascending stairs,1808.68
1.0,alpha1p0,104,2,subject104_client2,4437,7,ascending stairs,1809.96
1.0,alpha1p0,104,2,subject104_client2,4438,7,ascending stairs,1811.24
1.0,alpha1p0,104,2,subject104_client2,4439,7,ascending stairs,1812.52
1.0,alpha1p0,104,2,subject104_client2,4440,7,ascending stairs,1813.8
1.0,alpha1p0,104,2,subject104_client2,4441,7,ascending stairs,1815.08
1.0,alpha1p0,104,2,subject104_client2,4442,7,ascending stairs,1816.36
1.0,alpha1p0,104,2,subject104_client2,4443,7,ascending stairs,1817.64
1.0,alpha1p0,104,2,subject104_client2,4444,7,ascending stairs,1818.92
1.0,alpha1p0,104,2,subject104_client2,4445,7,ascending stairs,1820.2
1.0,alpha1p0,104,0,subject104_client0,4447,7,ascending stairs,1822.76
1.0,alpha1p0,104,0,subject104_client0,4448,7,ascending stairs,1824.04
1.0,alpha1p0,104,0,subject104_client0,4449,7,ascending stairs,1825.32
1.0,alpha1p0,104,0,subject104_client0,4450,7,ascending stairs,1826.6
1.0,alpha1p0,104,0,subject104_client0,4451,7,ascending stairs,1827.88
1.0,alpha1p0,104,0,subject104_client0,4452,7,ascending stairs,1829.16
1.0,alpha1p0,104,0,subject104_client0,4453,7,ascending stairs,1830.44
1.0,alpha1p0,104,0,subject104_client0,4454,7,ascending stairs,1831.72
1.0,alpha1p0,104,0,subject104_client0,4455,7,ascending stairs,1833.0
1.0,alpha1p0,104,0,subject104_client0,4456,7,ascending stairs,1834.28
1.0,alpha1p0,104,0,subject104_client0,4457,7,ascending stairs,1835.56
1.0,alpha1p0,104,0,subject104_client0,4458,7,ascending stairs,1836.84
1.0,alpha1p0,104,0,subject104_client0,4459,7,ascending stairs,1838.12
1.0,alpha1p0,104,0,subject104_client0,4460,7,ascending stairs,1839.4
1.0,alpha1p0,104,0,subject104_client0,4461,7,ascending stairs,1840.68
1.0,alpha1p0,104,0,subject104_client0,4462,7,ascending stairs,1841.96
1.0,alpha1p0,104,0,subject104_client0,4463,7,ascending stairs,1843.24
1.0,alpha1p0,104,0,subject104_client0,4464,7,ascending stairs,1844.52
1.0,alpha1p0,104,0,subject104_client0,4465,7,ascending stairs,1845.8
1.0,alpha1p0,104,0,subject104_client0,4466,7,ascending stairs,1847.08
1.0,alpha1p0,104,0,subject104_client0,4467,7,ascending stairs,1848.36
1.0,alpha1p0,104,0,subject104_client0,4468,7,ascending stairs,1849.64
1.0,alpha1p0,104,0,subject104_client0,4469,7,ascending stairs,1850.92
1.0,alpha1p0,104,0,subject104_client0,4470,7,ascending stairs,1852.2
1.0,alpha1p0,104,0,subject104_client0,4471,7,ascending stairs,1853.48
1.0,alpha1p0,104,0,subject104_client0,4472,7,ascending stairs,1854.76
1.0,alpha1p0,104,0,subject104_client0,4473,7,ascending stairs,1856.04
1.0,alpha1p0,104,0,subject104_client0,4474,7,ascending stairs,1857.32
1.0,alpha1p0,104,0,subject104_client0,4475,7,ascending stairs,1858.6
1.0,alpha1p0,104,0,subject104_client0,4476,7,ascending stairs,1859.88
1.0,alpha1p0,104,0,subject104_client0,4477,7,ascending stairs,1861.16
1.0,alpha1p0,104,0,subject104_client0,4478,7,ascending stairs,1862.44
1.0,alpha1p0,104,0,subject104_client0,4479,7,ascending stairs,1863.72
1.0,alpha1p0,104,0,subject104_client0,4480,7,ascending stairs,1865.0
1.0,alpha1p0,104,0,subject104_client0,4481,7,ascending stairs,1866.28
1.0,alpha1p0,104,0,subject104_client0,4482,7,ascending stairs,1867.56
1.0,alpha1p0,104,1,subject104_client1,4483,8,descending stairs,1871.07
1.0,alpha1p0,104,1,subject104_client1,4484,8,descending stairs,1872.35
1.0,alpha1p0,104,3,subject104_client3,4486,8,descending stairs,1874.91
1.0,alpha1p0,104,3,subject104_client3,4487,8,descending stairs,1876.19
1.0,alpha1p0,104,3,subject104_client3,4488,8,descending stairs,1877.47
1.0,alpha1p0,104,3,subject104_client3,4489,8,descending stairs,1878.75
1.0,alpha1p0,104,3,subject104_client3,4490,8,descending stairs,1880.03
1.0,alpha1p0,104,3,subject104_client3,4491,8,descending stairs,1881.31
1.0,alpha1p0,104,3,subject104_client3,4492,8,descending stairs,1882.59
1.0,alpha1p0,104,3,subject104_client3,4493,8,descending stairs,1883.87
1.0,alpha1p0,104,3,subject104_client3,4494,8,descending stairs,1885.15
1.0,alpha1p0,104,3,subject104_client3,4495,8,descending stairs,1886.43
1.0,alpha1p0,104,3,subject104_client3,4496,8,descending stairs,1887.71
1.0,alpha1p0,104,3,subject104_client3,4497,8,descending stairs,1888.99
1.0,alpha1p0,104,3,subject104_client3,4498,8,descending stairs,1890.27
1.0,alpha1p0,104,3,subject104_client3,4499,8,descending stairs,1891.55
1.0,alpha1p0,104,3,subject104_client3,4500,8,descending stairs,1892.83
1.0,alpha1p0,104,3,subject104_client3,4501,8,descending stairs,1894.11
1.0,alpha1p0,104,3,subject104_client3,4502,8,descending stairs,1895.39
1.0,alpha1p0,104,3,subject104_client3,4503,8,descending stairs,1896.67
1.0,alpha1p0,104,3,subject104_client3,4504,8,descending stairs,1897.95
1.0,alpha1p0,104,3,subject104_client3,4505,8,descending stairs,1899.23
1.0,alpha1p0,104,3,subject104_client3,4506,8,descending stairs,1900.51
1.0,alpha1p0,104,3,subject104_client3,4507,8,descending stairs,1901.79
1.0,alpha1p0,104,3,subject104_client3,4508,8,descending stairs,1903.07
1.0,alpha1p0,104,3,subject104_client3,4509,8,descending stairs,1904.35
1.0,alpha1p0,104,3,subject104_client3,4510,8,descending stairs,1905.63
1.0,alpha1p0,104,3,subject104_client3,4511,8,descending stairs,1906.91
1.0,alpha1p0,104,3,subject104_client3,4512,8,descending stairs,1908.19
1.0,alpha1p0,104,3,subject104_client3,4513,8,descending stairs,1909.47
1.0,alpha1p0,104,3,subject104_client3,4514,8,descending stairs,1910.75
1.0,alpha1p0,104,3,subject104_client3,4515,8,descending stairs,1912.03
1.0,alpha1p0,104,3,subject104_client3,4516,8,descending stairs,1913.31
1.0,alpha1p0,104,3,subject104_client3,4517,8,descending stairs,1914.59
1.0,alpha1p0,104,3,subject104_client3,4518,8,descending stairs,1915.87
1.0,alpha1p0,104,3,subject104_client3,4519,8,descending stairs,1917.15
1.0,alpha1p0,104,3,subject104_client3,4520,8,descending stairs,1918.43
1.0,alpha1p0,104,3,subject104_client3,4521,8,descending stairs,1919.71
1.0,alpha1p0,104,3,subject104_client3,4522,8,descending stairs,1920.99
1.0,alpha1p0,104,3,subject104_client3,4523,8,descending stairs,1922.27
1.0,alpha1p0,104,3,subject104_client3,4524,8,descending stairs,1923.55
1.0,alpha1p0,104,3,subject104_client3,4525,8,descending stairs,1924.83
1.0,alpha1p0,104,2,subject104_client2,4527,8,descending stairs,1927.39
1.0,alpha1p0,104,2,subject104_client2,4528,8,descending stairs,1928.67
1.0,alpha1p0,104,2,subject104_client2,4529,8,descending stairs,1929.95
1.0,alpha1p0,104,2,subject104_client2,4530,8,descending stairs,1931.23
1.0,alpha1p0,104,2,subject104_client2,4531,8,descending stairs,1932.51
1.0,alpha1p0,104,2,subject104_client2,4532,8,descending stairs,1933.79
1.0,alpha1p0,104,2,subject104_client2,4533,8,descending stairs,1935.07
1.0,alpha1p0,104,2,subject104_client2,4534,8,descending stairs,1936.35
1.0,alpha1p0,104,2,subject104_client2,4535,8,descending stairs,1937.63
1.0,alpha1p0,104,3,subject104_client3,4536,3,walking,2186.89
1.0,alpha1p0,104,3,subject104_client3,4537,3,walking,2188.17
1.0,alpha1p0,104,3,subject104_client3,4538,3,walking,2189.45
1.0,alpha1p0,104,3,subject104_client3,4539,3,walking,2190.73
1.0,alpha1p0,104,3,subject104_client3,4540,3,walking,2192.01
1.0,alpha1p0,104,3,subject104_client3,4541,3,walking,2193.29
1.0,alpha1p0,104,3,subject104_client3,4542,3,walking,2194.57
1.0,alpha1p0,104,3,subject104_client3,4543,3,walking,2195.85
1.0,alpha1p0,104,3,subject104_client3,4544,3,walking,2197.13
1.0,alpha1p0,104,3,subject104_client3,4545,3,walking,2198.41
1.0,alpha1p0,104,3,subject104_client3,4546,3,walking,2199.69
1.0,alpha1p0,104,3,subject104_client3,4547,3,walking,2200.97
1.0,alpha1p0,104,3,subject104_client3,4548,3,walking,2202.25
1.0,alpha1p0,104,3,subject104_client3,4549,3,walking,2203.53
1.0,alpha1p0,104,3,subject104_client3,4550,3,walking,2204.81
1.0,alpha1p0,104,3,subject104_client3,4551,3,walking,2206.09
1.0,alpha1p0,104,3,subject104_client3,4552,3,walking,2207.37
1.0,alpha1p0,104,3,subject104_client3,4553,3,walking,2208.65
1.0,alpha1p0,104,3,subject104_client3,4554,3,walking,2209.93
1.0,alpha1p0,104,3,subject104_client3,4555,3,walking,2211.21
1.0,alpha1p0,104,3,subject104_client3,4556,3,walking,2212.49
1.0,alpha1p0,104,3,subject104_client3,4557,3,walking,2213.77
1.0,alpha1p0,104,3,subject104_client3,4558,3,walking,2215.05
1.0,alpha1p0,104,3,subject104_client3,4559,3,walking,2216.33
1.0,alpha1p0,104,3,subject104_client3,4560,3,walking,2217.61
1.0,alpha1p0,104,3,subject104_client3,4561,3,walking,2218.89
1.0,alpha1p0,104,3,subject104_client3,4562,3,walking,2220.17
1.0,alpha1p0,104,3,subject104_client3,4563,3,walking,2221.45
1.0,alpha1p0,104,3,subject104_client3,4564,3,walking,2222.73
1.0,alpha1p0,104,3,subject104_client3,4565,3,walking,2224.01
1.0,alpha1p0,104,3,subject104_client3,4566,3,walking,2225.29
1.0,alpha1p0,104,3,subject104_client3,4567,3,walking,2226.57
1.0,alpha1p0,104,3,subject104_client3,4568,3,walking,2227.85
1.0,alpha1p0,104,3,subject104_client3,4569,3,walking,2229.13
1.0,alpha1p0,104,3,subject104_client3,4570,3,walking,2230.41
1.0,alpha1p0,104,3,subject104_client3,4571,3,walking,2231.69
1.0,alpha1p0,104,3,subject104_client3,4572,3,walking,2232.97
1.0,alpha1p0,104,3,subject104_client3,4573,3,walking,2234.25
1.0,alpha1p0,104,3,subject104_client3,4574,3,walking,2235.53
1.0,alpha1p0,104,3,subject104_client3,4575,3,walking,2236.81
1.0,alpha1p0,104,3,subject104_client3,4576,3,walking,2238.09
1.0,alpha1p0,104,3,subject104_client3,4577,3,walking,2239.37
1.0,alpha1p0,104,3,subject104_client3,4578,3,walking,2240.65
1.0,alpha1p0,104,0,subject104_client0,4580,3,walking,2243.21
1.0,alpha1p0,104,0,subject104_client0,4581,3,walking,2244.49
1.0,alpha1p0,104,0,subject104_client0,4582,3,walking,2245.77
1.0,alpha1p0,104,0,subject104_client0,4583,3,walking,2247.05
1.0,alpha1p0,104,0,subject104_client0,4584,3,walking,2248.33
1.0,alpha1p0,104,0,subject104_client0,4585,3,walking,2249.61
1.0,alpha1p0,104,0,subject104_client0,4586,3,walking,2250.89
1.0,alpha1p0,104,0,subject104_client0,4587,3,walking,2252.17
1.0,alpha1p0,104,0,subject104_client0,4588,3,walking,2253.45
1.0,alpha1p0,104,0,subject104_client0,4589,3,walking,2254.73
1.0,alpha1p0,104,0,subject104_client0,4590,3,walking,2256.01
1.0,alpha1p0,104,0,subject104_client0,4591,3,walking,2257.29
1.0,alpha1p0,104,0,subject104_client0,4592,3,walking,2258.57
1.0,alpha1p0,104,0,subject104_client0,4593,3,walking,2259.85
1.0,alpha1p0,104,0,subject104_client0,4594,3,walking,2261.13
1.0,alpha1p0,104,0,subject104_client0,4595,3,walking,2262.41
1.0,alpha1p0,104,0,subject104_client0,4596,3,walking,2263.69
1.0,alpha1p0,104,0,subject104_client0,4597,3,walking,2264.97
1.0,alpha1p0,104,0,subject104_client0,4598,3,walking,2266.25
1.0,alpha1p0,104,0,subject104_client0,4599,3,walking,2267.53
1.0,alpha1p0,104,0,subject104_client0,4600,3,walking,2268.81
1.0,alpha1p0,104,0,subject104_client0,4601,3,walking,2270.09
1.0,alpha1p0,104,0,subject104_client0,4602,3,walking,2271.37
1.0,alpha1p0,104,0,subject104_client0,4603,3,walking,2272.65
1.0,alpha1p0,104,0,subject104_client0,4604,3,walking,2273.93
1.0,alpha1p0,104,0,subject104_client0,4605,3,walking,2275.21
1.0,alpha1p0,104,0,subject104_client0,4606,3,walking,2276.49
1.0,alpha1p0,104,0,subject104_client0,4607,3,walking,2277.77
1.0,alpha1p0,104,0,subject104_client0,4608,3,walking,2279.05
1.0,alpha1p0,104,0,subject104_client0,4609,3,walking,2280.33
1.0,alpha1p0,104,0,subject104_client0,4610,3,walking,2281.61
1.0,alpha1p0,104,0,subject104_client0,4611,3,walking,2282.89
1.0,alpha1p0,104,0,subject104_client0,4612,3,walking,2284.17
1.0,alpha1p0,104,0,subject104_client0,4613,3,walking,2285.45
1.0,alpha1p0,104,0,subject104_client0,4614,3,walking,2286.73
1.0,alpha1p0,104,0,subject104_client0,4615,3,walking,2288.01
1.0,alpha1p0,104,0,subject104_client0,4616,3,walking,2289.29
1.0,alpha1p0,104,0,subject104_client0,4617,3,walking,2290.57
1.0,alpha1p0,104,0,subject104_client0,4618,3,walking,2291.85
1.0,alpha1p0,104,0,subject104_client0,4619,3,walking,2293.13
1.0,alpha1p0,104,0,subject104_client0,4620,3,walking,2294.41
1.0,alpha1p0,104,0,subject104_client0,4621,3,walking,2295.69
1.0,alpha1p0,104,0,subject104_client0,4622,3,walking,2296.97
1.0,alpha1p0,104,0,subject104_client0,4623,3,walking,2298.25
1.0,alpha1p0,104,0,subject104_client0,4624,3,walking,2299.53
1.0,alpha1p0,104,0,subject104_client0,4625,3,walking,2300.81
1.0,alpha1p0,104,0,subject104_client0,4626,3,walking,2302.09
1.0,alpha1p0,104,0,subject104_client0,4627,3,walking,2303.37
1.0,alpha1p0,104,0,subject104_client0,4628,3,walking,2304.65
1.0,alpha1p0,104,0,subject104_client0,4629,3,walking,2305.93
1.0,alpha1p0,104,0,subject104_client0,4630,3,walking,2307.21
1.0,alpha1p0,104,0,subject104_client0,4631,3,walking,2308.49
1.0,alpha1p0,104,0,subject104_client0,4632,3,walking,2309.77
1.0,alpha1p0,104,0,subject104_client0,4633,3,walking,2311.05
1.0,alpha1p0,104,0,subject104_client0,4634,3,walking,2312.33
1.0,alpha1p0,104,0,subject104_client0,4635,3,walking,2313.61
1.0,alpha1p0,104,0,subject104_client0,4636,3,walking,2314.89
1.0,alpha1p0,104,0,subject104_client0,4637,3,walking,2316.17
1.0,alpha1p0,104,0,subject104_client0,4638,3,walking,2317.45
1.0,alpha1p0,104,0,subject104_client0,4639,3,walking,2318.73
1.0,alpha1p0,104,0,subject104_client0,4640,3,walking,2320.01
1.0,alpha1p0,104,0,subject104_client0,4641,3,walking,2321.29
1.0,alpha1p0,104,0,subject104_client0,4642,3,walking,2322.57
1.0,alpha1p0,104,0,subject104_client0,4643,3,walking,2323.85
1.0,alpha1p0,104,0,subject104_client0,4644,3,walking,2325.13
1.0,alpha1p0,104,0,subject104_client0,4645,3,walking,2326.41
1.0,alpha1p0,104,0,subject104_client0,4646,3,walking,2327.69
1.0,alpha1p0,104,0,subject104_client0,4647,3,walking,2328.97
1.0,alpha1p0,104,0,subject104_client0,4648,3,walking,2330.25
1.0,alpha1p0,104,0,subject104_client0,4649,3,walking,2331.53
1.0,alpha1p0,104,0,subject104_client0,4650,3,walking,2332.81
1.0,alpha1p0,104,0,subject104_client0,4651,3,walking,2334.09
1.0,alpha1p0,104,0,subject104_client0,4652,3,walking,2335.37
1.0,alpha1p0,104,0,subject104_client0,4653,3,walking,2336.65
1.0,alpha1p0,104,0,subject104_client0,4654,3,walking,2337.93
1.0,alpha1p0,104,0,subject104_client0,4655,3,walking,2339.21
1.0,alpha1p0,104,0,subject104_client0,4656,3,walking,2340.49
1.0,alpha1p0,104,0,subject104_client0,4657,3,walking,2341.77
1.0,alpha1p0,104,0,subject104_client0,4658,3,walking,2343.05
1.0,alpha1p0,104,0,subject104_client0,4659,3,walking,2344.33
1.0,alpha1p0,104,0,subject104_client0,4660,3,walking,2345.61
1.0,alpha1p0,104,0,subject104_client0,4661,3,walking,2346.89
1.0,alpha1p0,104,0,subject104_client0,4662,3,walking,2348.17
1.0,alpha1p0,104,0,subject104_client0,4663,3,walking,2349.45
1.0,alpha1p0,104,0,subject104_client0,4664,3,walking,2350.73
1.0,alpha1p0,104,0,subject104_client0,4665,3,walking,2352.01
1.0,alpha1p0,104,0,subject104_client0,4666,3,walking,2353.29
1.0,alpha1p0,104,0,subject104_client0,4667,3,walking,2354.57
1.0,alpha1p0,104,0,subject104_client0,4668,3,walking,2355.85
1.0,alpha1p0,104,0,subject104_client0,4669,3,walking,2357.13
1.0,alpha1p0,104,0,subject104_client0,4670,3,walking,2358.41
1.0,alpha1p0,104,0,subject104_client0,4671,3,walking,2359.69
1.0,alpha1p0,104,0,subject104_client0,4672,3,walking,2360.97
1.0,alpha1p0,104,0,subject104_client0,4673,3,walking,2362.25
1.0,alpha1p0,104,0,subject104_client0,4674,3,walking,2363.53
1.0,alpha1p0,104,0,subject104_client0,4675,3,walking,2364.81
1.0,alpha1p0,104,0,subject104_client0,4676,3,walking,2366.09
1.0,alpha1p0,104,0,subject104_client0,4677,3,walking,2367.37
1.0,alpha1p0,104,0,subject104_client0,4678,3,walking,2368.65
1.0,alpha1p0,104,0,subject104_client0,4679,3,walking,2369.93
1.0,alpha1p0,104,0,subject104_client0,4680,3,walking,2371.21
1.0,alpha1p0,104,0,subject104_client0,4681,3,walking,2372.49
1.0,alpha1p0,104,0,subject104_client0,4682,3,walking,2373.77
1.0,alpha1p0,104,0,subject104_client0,4683,3,walking,2375.05
1.0,alpha1p0,104,0,subject104_client0,4684,3,walking,2376.33
1.0,alpha1p0,104,0,subject104_client0,4685,3,walking,2377.61
1.0,alpha1p0,104,0,subject104_client0,4686,3,walking,2378.89
1.0,alpha1p0,104,0,subject104_client0,4687,3,walking,2380.17
1.0,alpha1p0,104,0,subject104_client0,4688,3,walking,2381.45
1.0,alpha1p0,104,0,subject104_client0,4689,3,walking,2382.73
1.0,alpha1p0,104,0,subject104_client0,4690,3,walking,2384.01
1.0,alpha1p0,104,0,subject104_client0,4691,3,walking,2385.29
1.0,alpha1p0,104,0,subject104_client0,4692,3,walking,2386.57
1.0,alpha1p0,104,0,subject104_client0,4693,3,walking,2387.85
1.0,alpha1p0,104,0,subject104_client0,4694,3,walking,2389.13
1.0,alpha1p0,104,0,subject104_client0,4695,3,walking,2390.41
1.0,alpha1p0,104,0,subject104_client0,4696,3,walking,2391.69
1.0,alpha1p0,104,0,subject104_client0,4697,3,walking,2392.97
1.0,alpha1p0,104,0,subject104_client0,4698,3,walking,2394.25
1.0,alpha1p0,104,0,subject104_client0,4699,3,walking,2395.53
1.0,alpha1p0,104,0,subject104_client0,4700,3,walking,2396.81
1.0,alpha1p0,104,0,subject104_client0,4701,3,walking,2398.09
1.0,alpha1p0,104,0,subject104_client0,4702,3,walking,2399.37
1.0,alpha1p0,104,0,subject104_client0,4703,3,walking,2400.65
1.0,alpha1p0,104,0,subject104_client0,4704,3,walking,2401.93
1.0,alpha1p0,104,0,subject104_client0,4705,3,walking,2403.21
1.0,alpha1p0,104,0,subject104_client0,4706,3,walking,2404.49
1.0,alpha1p0,104,0,subject104_client0,4707,3,walking,2405.77
1.0,alpha1p0,104,0,subject104_client0,4708,3,walking,2407.05
1.0,alpha1p0,104,0,subject104_client0,4709,3,walking,2408.33
1.0,alpha1p0,104,0,subject104_client0,4710,3,walking,2409.61
1.0,alpha1p0,104,0,subject104_client0,4711,3,walking,2410.89
1.0,alpha1p0,104,0,subject104_client0,4712,3,walking,2412.17
1.0,alpha1p0,104,0,subject104_client0,4713,3,walking,2413.45
1.0,alpha1p0,104,0,subject104_client0,4714,3,walking,2414.73
1.0,alpha1p0,104,0,subject104_client0,4715,3,walking,2416.01
1.0,alpha1p0,104,0,subject104_client0,4716,3,walking,2417.29
1.0,alpha1p0,104,0,subject104_client0,4717,3,walking,2418.57
1.0,alpha1p0,104,0,subject104_client0,4718,3,walking,2419.85
1.0,alpha1p0,104,0,subject104_client0,4719,3,walking,2421.13
1.0,alpha1p0,104,0,subject104_client0,4720,3,walking,2422.41
1.0,alpha1p0,104,0,subject104_client0,4721,3,walking,2423.69
1.0,alpha1p0,104,0,subject104_client0,4722,3,walking,2424.97
1.0,alpha1p0,104,0,subject104_client0,4723,3,walking,2426.25
1.0,alpha1p0,104,0,subject104_client0,4724,3,walking,2427.53
1.0,alpha1p0,104,0,subject104_client0,4725,3,walking,2428.81
1.0,alpha1p0,104,0,subject104_client0,4726,3,walking,2430.09
1.0,alpha1p0,104,0,subject104_client0,4727,3,walking,2431.37
1.0,alpha1p0,104,0,subject104_client0,4728,3,walking,2432.65
1.0,alpha1p0,104,0,subject104_client0,4729,3,walking,2433.93
1.0,alpha1p0,104,0,subject104_client0,4730,3,walking,2435.21
1.0,alpha1p0,104,0,subject104_client0,4731,3,walking,2436.49
1.0,alpha1p0,104,0,subject104_client0,4732,3,walking,2437.77
1.0,alpha1p0,104,0,subject104_client0,4733,3,walking,2439.05
1.0,alpha1p0,104,2,subject104_client2,4735,3,walking,2441.61
1.0,alpha1p0,104,2,subject104_client2,4736,3,walking,2442.89
1.0,alpha1p0,104,2,subject104_client2,4737,3,walking,2444.17
1.0,alpha1p0,104,2,subject104_client2,4738,3,walking,2445.45
1.0,alpha1p0,104,2,subject104_client2,4739,3,walking,2446.73
1.0,alpha1p0,104,2,subject104_client2,4740,3,walking,2448.01
1.0,alpha1p0,104,2,subject104_client2,4741,3,walking,2449.29
1.0,alpha1p0,104,2,subject104_client2,4742,3,walking,2450.57
1.0,alpha1p0,104,2,subject104_client2,4743,3,walking,2451.85
1.0,alpha1p0,104,2,subject104_client2,4744,3,walking,2453.13
1.0,alpha1p0,104,2,subject104_client2,4745,3,walking,2454.41
1.0,alpha1p0,104,2,subject104_client2,4746,3,walking,2455.69
1.0,alpha1p0,104,2,subject104_client2,4747,3,walking,2456.97
1.0,alpha1p0,104,2,subject104_client2,4748,3,walking,2458.25
1.0,alpha1p0,104,2,subject104_client2,4749,3,walking,2459.53
1.0,alpha1p0,104,2,subject104_client2,4750,3,walking,2460.81
1.0,alpha1p0,104,2,subject104_client2,4751,3,walking,2462.09
1.0,alpha1p0,104,2,subject104_client2,4752,3,walking,2463.37
1.0,alpha1p0,104,2,subject104_client2,4753,3,walking,2464.65
1.0,alpha1p0,104,2,subject104_client2,4754,3,walking,2465.93
1.0,alpha1p0,104,2,subject104_client2,4755,3,walking,2467.21
1.0,alpha1p0,104,2,subject104_client2,4756,3,walking,2468.49
1.0,alpha1p0,104,2,subject104_client2,4757,3,walking,2469.77
1.0,alpha1p0,104,2,subject104_client2,4758,3,walking,2471.05
1.0,alpha1p0,104,2,subject104_client2,4759,3,walking,2472.33
1.0,alpha1p0,104,2,subject104_client2,4760,3,walking,2473.61
1.0,alpha1p0,104,2,subject104_client2,4761,3,walking,2474.89
1.0,alpha1p0,104,2,subject104_client2,4762,3,walking,2476.17
1.0,alpha1p0,104,2,subject104_client2,4763,3,walking,2477.45
1.0,alpha1p0,104,2,subject104_client2,4764,3,walking,2478.73
1.0,alpha1p0,104,2,subject104_client2,4765,3,walking,2480.01
1.0,alpha1p0,104,2,subject104_client2,4766,3,walking,2481.29
1.0,alpha1p0,104,2,subject104_client2,4767,3,walking,2482.57
1.0,alpha1p0,104,2,subject104_client2,4768,3,walking,2483.85
1.0,alpha1p0,104,2,subject104_client2,4769,3,walking,2485.13
1.0,alpha1p0,104,2,subject104_client2,4770,3,walking,2486.41
1.0,alpha1p0,104,2,subject104_client2,4771,3,walking,2487.69
1.0,alpha1p0,104,2,subject104_client2,4772,3,walking,2488.97
1.0,alpha1p0,104,2,subject104_client2,4773,3,walking,2490.25
1.0,alpha1p0,104,2,subject104_client2,4774,3,walking,2491.53
1.0,alpha1p0,104,2,subject104_client2,4775,3,walking,2492.81
1.0,alpha1p0,104,2,subject104_client2,4776,3,walking,2494.09
1.0,alpha1p0,104,2,subject104_client2,4777,3,walking,2495.37
1.0,alpha1p0,104,2,subject104_client2,4778,3,walking,2496.65
1.0,alpha1p0,104,2,subject104_client2,4779,3,walking,2497.93
1.0,alpha1p0,104,1,subject104_client1,4781,3,walking,2500.49
1.0,alpha1p0,104,1,subject104_client1,4782,3,walking,2501.77
1.0,alpha1p0,104,1,subject104_client1,4783,3,walking,2503.05
1.0,alpha1p0,104,3,subject104_client3,4784,6,Nordic walking,2633.7
1.0,alpha1p0,104,3,subject104_client3,4785,6,Nordic walking,2634.98
1.0,alpha1p0,104,3,subject104_client3,4786,6,Nordic walking,2636.26
1.0,alpha1p0,104,3,subject104_client3,4787,6,Nordic walking,2637.54
1.0,alpha1p0,104,3,subject104_client3,4788,6,Nordic walking,2638.82
1.0,alpha1p0,104,3,subject104_client3,4789,6,Nordic walking,2640.1
1.0,alpha1p0,104,3,subject104_client3,4790,6,Nordic walking,2641.38
1.0,alpha1p0,104,3,subject104_client3,4791,6,Nordic walking,2642.66
1.0,alpha1p0,104,3,subject104_client3,4792,6,Nordic walking,2643.94
1.0,alpha1p0,104,3,subject104_client3,4793,6,Nordic walking,2645.22
1.0,alpha1p0,104,3,subject104_client3,4794,6,Nordic walking,2646.5
1.0,alpha1p0,104,3,subject104_client3,4795,6,Nordic walking,2647.78
1.0,alpha1p0,104,3,subject104_client3,4796,6,Nordic walking,2649.06
1.0,alpha1p0,104,3,subject104_client3,4797,6,Nordic walking,2650.34
1.0,alpha1p0,104,3,subject104_client3,4798,6,Nordic walking,2651.62
1.0,alpha1p0,104,3,subject104_client3,4799,6,Nordic walking,2652.9
1.0,alpha1p0,104,3,subject104_client3,4800,6,Nordic walking,2654.18
1.0,alpha1p0,104,3,subject104_client3,4801,6,Nordic walking,2655.46
1.0,alpha1p0,104,3,subject104_client3,4802,6,Nordic walking,2656.74
1.0,alpha1p0,104,3,subject104_client3,4803,6,Nordic walking,2658.02
1.0,alpha1p0,104,3,subject104_client3,4804,6,Nordic walking,2659.3
1.0,alpha1p0,104,3,subject104_client3,4805,6,Nordic walking,2660.58
1.0,alpha1p0,104,3,subject104_client3,4806,6,Nordic walking,2661.86
1.0,alpha1p0,104,3,subject104_client3,4807,6,Nordic walking,2663.14
1.0,alpha1p0,104,3,subject104_client3,4808,6,Nordic walking,2664.42
1.0,alpha1p0,104,3,subject104_client3,4809,6,Nordic walking,2665.7
1.0,alpha1p0,104,3,subject104_client3,4810,6,Nordic walking,2666.98
1.0,alpha1p0,104,3,subject104_client3,4811,6,Nordic walking,2668.26
1.0,alpha1p0,104,3,subject104_client3,4812,6,Nordic walking,2669.54
1.0,alpha1p0,104,3,subject104_client3,4813,6,Nordic walking,2670.82
1.0,alpha1p0,104,3,subject104_client3,4814,6,Nordic walking,2672.1
1.0,alpha1p0,104,3,subject104_client3,4815,6,Nordic walking,2673.38
1.0,alpha1p0,104,3,subject104_client3,4816,6,Nordic walking,2674.66
1.0,alpha1p0,104,3,subject104_client3,4817,6,Nordic walking,2675.94
1.0,alpha1p0,104,3,subject104_client3,4818,6,Nordic walking,2677.22
1.0,alpha1p0,104,3,subject104_client3,4819,6,Nordic walking,2678.5
1.0,alpha1p0,104,3,subject104_client3,4820,6,Nordic walking,2679.78
1.0,alpha1p0,104,3,subject104_client3,4821,6,Nordic walking,2681.06
1.0,alpha1p0,104,3,subject104_client3,4822,6,Nordic walking,2682.34
1.0,alpha1p0,104,3,subject104_client3,4823,6,Nordic walking,2683.62
1.0,alpha1p0,104,3,subject104_client3,4824,6,Nordic walking,2684.9
1.0,alpha1p0,104,3,subject104_client3,4825,6,Nordic walking,2686.18
1.0,alpha1p0,104,3,subject104_client3,4826,6,Nordic walking,2687.46
1.0,alpha1p0,104,3,subject104_client3,4827,6,Nordic walking,2688.74
1.0,alpha1p0,104,3,subject104_client3,4828,6,Nordic walking,2690.02
1.0,alpha1p0,104,3,subject104_client3,4829,6,Nordic walking,2691.3
1.0,alpha1p0,104,3,subject104_client3,4830,6,Nordic walking,2692.58
1.0,alpha1p0,104,3,subject104_client3,4831,6,Nordic walking,2693.86
1.0,alpha1p0,104,3,subject104_client3,4832,6,Nordic walking,2695.14
1.0,alpha1p0,104,3,subject104_client3,4833,6,Nordic walking,2696.42
1.0,alpha1p0,104,3,subject104_client3,4834,6,Nordic walking,2697.7
1.0,alpha1p0,104,3,subject104_client3,4835,6,Nordic walking,2698.98
1.0,alpha1p0,104,3,subject104_client3,4836,6,Nordic walking,2700.26
1.0,alpha1p0,104,3,subject104_client3,4837,6,Nordic walking,2701.54
1.0,alpha1p0,104,3,subject104_client3,4838,6,Nordic walking,2702.82
1.0,alpha1p0,104,3,subject104_client3,4839,6,Nordic walking,2704.1
1.0,alpha1p0,104,3,subject104_client3,4840,6,Nordic walking,2705.38
1.0,alpha1p0,104,3,subject104_client3,4841,6,Nordic walking,2706.66
1.0,alpha1p0,104,3,subject104_client3,4842,6,Nordic walking,2707.94
1.0,alpha1p0,104,3,subject104_client3,4843,6,Nordic walking,2709.22
1.0,alpha1p0,104,3,subject104_client3,4844,6,Nordic walking,2710.5
1.0,alpha1p0,104,3,subject104_client3,4845,6,Nordic walking,2711.78
1.0,alpha1p0,104,3,subject104_client3,4846,6,Nordic walking,2713.06
1.0,alpha1p0,104,3,subject104_client3,4847,6,Nordic walking,2714.34
1.0,alpha1p0,104,3,subject104_client3,4848,6,Nordic walking,2715.62
1.0,alpha1p0,104,3,subject104_client3,4849,6,Nordic walking,2716.9
1.0,alpha1p0,104,3,subject104_client3,4850,6,Nordic walking,2718.18
1.0,alpha1p0,104,3,subject104_client3,4851,6,Nordic walking,2719.46
1.0,alpha1p0,104,3,subject104_client3,4852,6,Nordic walking,2720.74
1.0,alpha1p0,104,3,subject104_client3,4853,6,Nordic walking,2722.02
1.0,alpha1p0,104,3,subject104_client3,4854,6,Nordic walking,2723.3
1.0,alpha1p0,104,3,subject104_client3,4855,6,Nordic walking,2724.58
1.0,alpha1p0,104,3,subject104_client3,4856,6,Nordic walking,2725.86
1.0,alpha1p0,104,3,subject104_client3,4857,6,Nordic walking,2727.14
1.0,alpha1p0,104,3,subject104_client3,4858,6,Nordic walking,2728.42
1.0,alpha1p0,104,3,subject104_client3,4859,6,Nordic walking,2729.7
1.0,alpha1p0,104,3,subject104_client3,4860,6,Nordic walking,2730.98
1.0,alpha1p0,104,3,subject104_client3,4861,6,Nordic walking,2732.26
1.0,alpha1p0,104,3,subject104_client3,4862,6,Nordic walking,2733.54
1.0,alpha1p0,104,3,subject104_client3,4863,6,Nordic walking,2734.82
1.0,alpha1p0,104,3,subject104_client3,4864,6,Nordic walking,2736.1
1.0,alpha1p0,104,3,subject104_client3,4865,6,Nordic walking,2737.38
1.0,alpha1p0,104,3,subject104_client3,4866,6,Nordic walking,2738.66
1.0,alpha1p0,104,3,subject104_client3,4867,6,Nordic walking,2739.94
1.0,alpha1p0,104,3,subject104_client3,4868,6,Nordic walking,2741.22
1.0,alpha1p0,104,3,subject104_client3,4869,6,Nordic walking,2742.5
1.0,alpha1p0,104,3,subject104_client3,4870,6,Nordic walking,2743.78
1.0,alpha1p0,104,3,subject104_client3,4871,6,Nordic walking,2745.06
1.0,alpha1p0,104,3,subject104_client3,4872,6,Nordic walking,2746.34
1.0,alpha1p0,104,3,subject104_client3,4873,6,Nordic walking,2747.62
1.0,alpha1p0,104,2,subject104_client2,4875,6,Nordic walking,2750.18
1.0,alpha1p0,104,2,subject104_client2,4876,6,Nordic walking,2751.46
1.0,alpha1p0,104,2,subject104_client2,4877,6,Nordic walking,2752.74
1.0,alpha1p0,104,2,subject104_client2,4878,6,Nordic walking,2754.02
1.0,alpha1p0,104,2,subject104_client2,4879,6,Nordic walking,2755.3
1.0,alpha1p0,104,2,subject104_client2,4880,6,Nordic walking,2756.58
1.0,alpha1p0,104,2,subject104_client2,4881,6,Nordic walking,2757.86
1.0,alpha1p0,104,2,subject104_client2,4882,6,Nordic walking,2759.14
1.0,alpha1p0,104,2,subject104_client2,4883,6,Nordic walking,2760.42
1.0,alpha1p0,104,2,subject104_client2,4884,6,Nordic walking,2761.7
1.0,alpha1p0,104,2,subject104_client2,4885,6,Nordic walking,2762.98
1.0,alpha1p0,104,2,subject104_client2,4886,6,Nordic walking,2764.26
1.0,alpha1p0,104,2,subject104_client2,4887,6,Nordic walking,2765.54
1.0,alpha1p0,104,2,subject104_client2,4888,6,Nordic walking,2766.82
1.0,alpha1p0,104,2,subject104_client2,4889,6,Nordic walking,2768.1
1.0,alpha1p0,104,2,subject104_client2,4890,6,Nordic walking,2769.38
1.0,alpha1p0,104,2,subject104_client2,4891,6,Nordic walking,2770.66
1.0,alpha1p0,104,2,subject104_client2,4892,6,Nordic walking,2771.94
1.0,alpha1p0,104,2,subject104_client2,4893,6,Nordic walking,2773.22
1.0,alpha1p0,104,2,subject104_client2,4894,6,Nordic walking,2774.5
1.0,alpha1p0,104,2,subject104_client2,4895,6,Nordic walking,2775.78
1.0,alpha1p0,104,2,subject104_client2,4896,6,Nordic walking,2777.06
1.0,alpha1p0,104,2,subject104_client2,4897,6,Nordic walking,2778.34
1.0,alpha1p0,104,2,subject104_client2,4898,6,Nordic walking,2779.62
1.0,alpha1p0,104,2,subject104_client2,4899,6,Nordic walking,2780.9
1.0,alpha1p0,104,2,subject104_client2,4900,6,Nordic walking,2782.18
1.0,alpha1p0,104,2,subject104_client2,4901,6,Nordic walking,2783.46
1.0,alpha1p0,104,2,subject104_client2,4902,6,Nordic walking,2784.74
1.0,alpha1p0,104,2,subject104_client2,4903,6,Nordic walking,2786.02
1.0,alpha1p0,104,2,subject104_client2,4904,6,Nordic walking,2787.3
1.0,alpha1p0,104,2,subject104_client2,4905,6,Nordic walking,2788.58
1.0,alpha1p0,104,2,subject104_client2,4906,6,Nordic walking,2789.86
1.0,alpha1p0,104,2,subject104_client2,4907,6,Nordic walking,2791.14
1.0,alpha1p0,104,2,subject104_client2,4908,6,Nordic walking,2792.42
1.0,alpha1p0,104,2,subject104_client2,4909,6,Nordic walking,2793.7
1.0,alpha1p0,104,2,subject104_client2,4910,6,Nordic walking,2794.98
1.0,alpha1p0,104,2,subject104_client2,4911,6,Nordic walking,2796.26
1.0,alpha1p0,104,2,subject104_client2,4912,6,Nordic walking,2797.54
1.0,alpha1p0,104,2,subject104_client2,4913,6,Nordic walking,2798.82
1.0,alpha1p0,104,2,subject104_client2,4914,6,Nordic walking,2800.1
1.0,alpha1p0,104,2,subject104_client2,4915,6,Nordic walking,2801.38
1.0,alpha1p0,104,2,subject104_client2,4916,6,Nordic walking,2802.66
1.0,alpha1p0,104,2,subject104_client2,4917,6,Nordic walking,2803.94
1.0,alpha1p0,104,2,subject104_client2,4918,6,Nordic walking,2805.22
1.0,alpha1p0,104,2,subject104_client2,4919,6,Nordic walking,2806.5
1.0,alpha1p0,104,2,subject104_client2,4920,6,Nordic walking,2807.78
1.0,alpha1p0,104,2,subject104_client2,4921,6,Nordic walking,2809.06
1.0,alpha1p0,104,2,subject104_client2,4922,6,Nordic walking,2810.34
1.0,alpha1p0,104,2,subject104_client2,4923,6,Nordic walking,2811.62
1.0,alpha1p0,104,2,subject104_client2,4924,6,Nordic walking,2812.9
1.0,alpha1p0,104,2,subject104_client2,4925,6,Nordic walking,2814.18
1.0,alpha1p0,104,2,subject104_client2,4926,6,Nordic walking,2815.46
1.0,alpha1p0,104,2,subject104_client2,4927,6,Nordic walking,2816.74
1.0,alpha1p0,104,2,subject104_client2,4928,6,Nordic walking,2818.02
1.0,alpha1p0,104,2,subject104_client2,4929,6,Nordic walking,2819.3
1.0,alpha1p0,104,2,subject104_client2,4930,6,Nordic walking,2820.58
1.0,alpha1p0,104,2,subject104_client2,4931,6,Nordic walking,2821.86
1.0,alpha1p0,104,2,subject104_client2,4932,6,Nordic walking,2823.14
1.0,alpha1p0,104,2,subject104_client2,4933,6,Nordic walking,2824.42
1.0,alpha1p0,104,2,subject104_client2,4934,6,Nordic walking,2825.7
1.0,alpha1p0,104,2,subject104_client2,4935,6,Nordic walking,2826.98
1.0,alpha1p0,104,2,subject104_client2,4936,6,Nordic walking,2828.26
1.0,alpha1p0,104,2,subject104_client2,4937,6,Nordic walking,2829.54
1.0,alpha1p0,104,2,subject104_client2,4938,6,Nordic walking,2830.82
1.0,alpha1p0,104,2,subject104_client2,4939,6,Nordic walking,2832.1
1.0,alpha1p0,104,2,subject104_client2,4940,6,Nordic walking,2833.38
1.0,alpha1p0,104,2,subject104_client2,4941,6,Nordic walking,2834.66
1.0,alpha1p0,104,2,subject104_client2,4942,6,Nordic walking,2835.94
1.0,alpha1p0,104,1,subject104_client1,4944,6,Nordic walking,2838.5
1.0,alpha1p0,104,0,subject104_client0,4946,6,Nordic walking,2841.06
1.0,alpha1p0,104,0,subject104_client0,4947,6,Nordic walking,2842.34
1.0,alpha1p0,104,0,subject104_client0,4948,6,Nordic walking,2843.62
1.0,alpha1p0,104,0,subject104_client0,4949,6,Nordic walking,2844.9
1.0,alpha1p0,104,0,subject104_client0,4950,6,Nordic walking,2846.18
1.0,alpha1p0,104,0,subject104_client0,4951,6,Nordic walking,2847.46
1.0,alpha1p0,104,0,subject104_client0,4952,6,Nordic walking,2848.74
1.0,alpha1p0,104,0,subject104_client0,4953,6,Nordic walking,2850.02
1.0,alpha1p0,104,0,subject104_client0,4954,6,Nordic walking,2851.3
1.0,alpha1p0,104,0,subject104_client0,4955,6,Nordic walking,2852.58
1.0,alpha1p0,104,0,subject104_client0,4956,6,Nordic walking,2853.86
1.0,alpha1p0,104,0,subject104_client0,4957,6,Nordic walking,2855.14
1.0,alpha1p0,104,0,subject104_client0,4958,6,Nordic walking,2856.42
1.0,alpha1p0,104,0,subject104_client0,4959,6,Nordic walking,2857.7
1.0,alpha1p0,104,0,subject104_client0,4960,6,Nordic walking,2858.98
1.0,alpha1p0,104,0,subject104_client0,4961,6,Nordic walking,2860.26
1.0,alpha1p0,104,0,subject104_client0,4962,6,Nordic walking,2861.54
1.0,alpha1p0,104,0,subject104_client0,4963,6,Nordic walking,2862.82
1.0,alpha1p0,104,0,subject104_client0,4964,6,Nordic walking,2864.1
1.0,alpha1p0,104,0,subject104_client0,4965,6,Nordic walking,2865.38
1.0,alpha1p0,104,0,subject104_client0,4966,6,Nordic walking,2866.66
1.0,alpha1p0,104,0,subject104_client0,4967,6,Nordic walking,2867.94
1.0,alpha1p0,104,0,subject104_client0,4968,6,Nordic walking,2869.22
1.0,alpha1p0,104,0,subject104_client0,4969,6,Nordic walking,2870.5
1.0,alpha1p0,104,0,subject104_client0,4970,6,Nordic walking,2871.78
1.0,alpha1p0,104,0,subject104_client0,4971,6,Nordic walking,2873.06
1.0,alpha1p0,104,0,subject104_client0,4972,6,Nordic walking,2874.34
1.0,alpha1p0,104,0,subject104_client0,4973,6,Nordic walking,2875.62
1.0,alpha1p0,104,0,subject104_client0,4974,6,Nordic walking,2876.9
1.0,alpha1p0,104,0,subject104_client0,4975,6,Nordic walking,2878.18
1.0,alpha1p0,104,0,subject104_client0,4976,6,Nordic walking,2879.46
1.0,alpha1p0,104,0,subject104_client0,4977,6,Nordic walking,2880.74
1.0,alpha1p0,104,0,subject104_client0,4978,6,Nordic walking,2882.02
1.0,alpha1p0,104,0,subject104_client0,4979,6,Nordic walking,2883.3
1.0,alpha1p0,104,0,subject104_client0,4980,6,Nordic walking,2884.58
1.0,alpha1p0,104,0,subject104_client0,4981,6,Nordic walking,2885.86
1.0,alpha1p0,104,0,subject104_client0,4982,6,Nordic walking,2887.14
1.0,alpha1p0,104,0,subject104_client0,4983,6,Nordic walking,2888.42
1.0,alpha1p0,104,0,subject104_client0,4984,6,Nordic walking,2889.7
1.0,alpha1p0,104,0,subject104_client0,4985,6,Nordic walking,2890.98
1.0,alpha1p0,104,0,subject104_client0,4986,6,Nordic walking,2892.26
1.0,alpha1p0,104,0,subject104_client0,4987,6,Nordic walking,2893.54
1.0,alpha1p0,104,0,subject104_client0,4988,6,Nordic walking,2894.82
1.0,alpha1p0,104,0,subject104_client0,4989,6,Nordic walking,2896.1
1.0,alpha1p0,104,0,subject104_client0,4990,6,Nordic walking,2897.38
1.0,alpha1p0,104,0,subject104_client0,4991,6,Nordic walking,2898.66
1.0,alpha1p0,104,0,subject104_client0,4992,6,Nordic walking,2899.94
1.0,alpha1p0,104,0,subject104_client0,4993,6,Nordic walking,2901.22
1.0,alpha1p0,104,0,subject104_client0,4994,6,Nordic walking,2902.5
1.0,alpha1p0,104,0,subject104_client0,4995,6,Nordic walking,2903.78
1.0,alpha1p0,104,0,subject104_client0,4996,6,Nordic walking,2905.06
1.0,alpha1p0,104,0,subject104_client0,4997,6,Nordic walking,2906.34
1.0,alpha1p0,104,0,subject104_client0,4998,5,cycling,2994.68
1.0,alpha1p0,104,0,subject104_client0,4999,5,cycling,2995.96
1.0,alpha1p0,104,0,subject104_client0,5000,5,cycling,2997.24
1.0,alpha1p0,104,0,subject104_client0,5001,5,cycling,2998.52
1.0,alpha1p0,104,0,subject104_client0,5002,5,cycling,2999.8
1.0,alpha1p0,104,0,subject104_client0,5003,5,cycling,3001.08
1.0,alpha1p0,104,0,subject104_client0,5004,5,cycling,3002.36
1.0,alpha1p0,104,0,subject104_client0,5005,5,cycling,3003.64
1.0,alpha1p0,104,0,subject104_client0,5006,5,cycling,3004.92
1.0,alpha1p0,104,0,subject104_client0,5007,5,cycling,3006.2
1.0,alpha1p0,104,0,subject104_client0,5008,5,cycling,3007.48
1.0,alpha1p0,104,0,subject104_client0,5009,5,cycling,3008.76
1.0,alpha1p0,104,0,subject104_client0,5010,5,cycling,3010.04
1.0,alpha1p0,104,0,subject104_client0,5011,5,cycling,3011.32
1.0,alpha1p0,104,0,subject104_client0,5012,5,cycling,3012.6
1.0,alpha1p0,104,0,subject104_client0,5013,5,cycling,3013.88
1.0,alpha1p0,104,0,subject104_client0,5014,5,cycling,3015.16
1.0,alpha1p0,104,0,subject104_client0,5015,5,cycling,3016.44
1.0,alpha1p0,104,0,subject104_client0,5016,5,cycling,3017.72
1.0,alpha1p0,104,0,subject104_client0,5017,5,cycling,3019.0
1.0,alpha1p0,104,0,subject104_client0,5018,5,cycling,3020.28
1.0,alpha1p0,104,0,subject104_client0,5019,5,cycling,3021.56
1.0,alpha1p0,104,0,subject104_client0,5020,5,cycling,3022.84
1.0,alpha1p0,104,0,subject104_client0,5021,5,cycling,3024.12
1.0,alpha1p0,104,0,subject104_client0,5022,5,cycling,3025.4
1.0,alpha1p0,104,0,subject104_client0,5023,5,cycling,3026.68
1.0,alpha1p0,104,0,subject104_client0,5024,5,cycling,3027.96
1.0,alpha1p0,104,0,subject104_client0,5025,5,cycling,3029.24
1.0,alpha1p0,104,0,subject104_client0,5026,5,cycling,3030.52
1.0,alpha1p0,104,0,subject104_client0,5027,5,cycling,3031.8
1.0,alpha1p0,104,0,subject104_client0,5028,5,cycling,3033.08
1.0,alpha1p0,104,0,subject104_client0,5029,5,cycling,3034.36
1.0,alpha1p0,104,0,subject104_client0,5030,5,cycling,3035.64
1.0,alpha1p0,104,0,subject104_client0,5031,5,cycling,3036.92
1.0,alpha1p0,104,0,subject104_client0,5032,5,cycling,3038.2
1.0,alpha1p0,104,0,subject104_client0,5033,5,cycling,3039.48
1.0,alpha1p0,104,0,subject104_client0,5034,5,cycling,3040.76
1.0,alpha1p0,104,0,subject104_client0,5035,5,cycling,3042.04
1.0,alpha1p0,104,0,subject104_client0,5036,5,cycling,3043.32
1.0,alpha1p0,104,0,subject104_client0,5037,5,cycling,3044.6
1.0,alpha1p0,104,0,subject104_client0,5038,5,cycling,3045.88
1.0,alpha1p0,104,0,subject104_client0,5039,5,cycling,3047.16
1.0,alpha1p0,104,0,subject104_client0,5040,5,cycling,3048.44
1.0,alpha1p0,104,0,subject104_client0,5041,5,cycling,3049.72
1.0,alpha1p0,104,0,subject104_client0,5042,5,cycling,3051.0
1.0,alpha1p0,104,0,subject104_client0,5043,5,cycling,3052.28
1.0,alpha1p0,104,0,subject104_client0,5044,5,cycling,3053.56
1.0,alpha1p0,104,0,subject104_client0,5045,5,cycling,3054.84
1.0,alpha1p0,104,0,subject104_client0,5046,5,cycling,3056.12
1.0,alpha1p0,104,0,subject104_client0,5047,5,cycling,3057.4
1.0,alpha1p0,104,0,subject104_client0,5048,5,cycling,3058.68
1.0,alpha1p0,104,0,subject104_client0,5049,5,cycling,3059.96
1.0,alpha1p0,104,0,subject104_client0,5050,5,cycling,3061.24
1.0,alpha1p0,104,0,subject104_client0,5051,5,cycling,3062.52
1.0,alpha1p0,104,0,subject104_client0,5052,5,cycling,3063.8
1.0,alpha1p0,104,0,subject104_client0,5053,5,cycling,3065.08
1.0,alpha1p0,104,0,subject104_client0,5054,5,cycling,3066.36
1.0,alpha1p0,104,0,subject104_client0,5055,5,cycling,3067.64
1.0,alpha1p0,104,0,subject104_client0,5056,5,cycling,3068.92
1.0,alpha1p0,104,0,subject104_client0,5057,5,cycling,3070.2
1.0,alpha1p0,104,0,subject104_client0,5058,5,cycling,3071.48
1.0,alpha1p0,104,0,subject104_client0,5059,5,cycling,3072.76
1.0,alpha1p0,104,0,subject104_client0,5060,5,cycling,3074.04
1.0,alpha1p0,104,0,subject104_client0,5061,5,cycling,3075.32
1.0,alpha1p0,104,0,subject104_client0,5062,5,cycling,3076.6
1.0,alpha1p0,104,0,subject104_client0,5063,5,cycling,3077.88
1.0,alpha1p0,104,0,subject104_client0,5064,5,cycling,3079.16
1.0,alpha1p0,104,0,subject104_client0,5065,5,cycling,3080.44
1.0,alpha1p0,104,0,subject104_client0,5066,5,cycling,3081.72
1.0,alpha1p0,104,0,subject104_client0,5067,5,cycling,3083.0
1.0,alpha1p0,104,0,subject104_client0,5068,5,cycling,3084.28
1.0,alpha1p0,104,0,subject104_client0,5069,5,cycling,3085.56
1.0,alpha1p0,104,0,subject104_client0,5070,5,cycling,3086.84
1.0,alpha1p0,104,0,subject104_client0,5071,5,cycling,3088.12
1.0,alpha1p0,104,0,subject104_client0,5072,5,cycling,3089.4
1.0,alpha1p0,104,0,subject104_client0,5073,5,cycling,3090.68
1.0,alpha1p0,104,0,subject104_client0,5074,5,cycling,3091.96
1.0,alpha1p0,104,0,subject104_client0,5075,5,cycling,3093.24
1.0,alpha1p0,104,0,subject104_client0,5076,5,cycling,3094.52
1.0,alpha1p0,104,0,subject104_client0,5077,5,cycling,3095.8
1.0,alpha1p0,104,0,subject104_client0,5078,5,cycling,3097.08
1.0,alpha1p0,104,0,subject104_client0,5079,5,cycling,3098.36
1.0,alpha1p0,104,0,subject104_client0,5080,5,cycling,3099.64
1.0,alpha1p0,104,0,subject104_client0,5081,5,cycling,3100.92
1.0,alpha1p0,104,0,subject104_client0,5082,5,cycling,3102.2
1.0,alpha1p0,104,0,subject104_client0,5083,5,cycling,3103.48
1.0,alpha1p0,104,0,subject104_client0,5084,5,cycling,3104.76
1.0,alpha1p0,104,0,subject104_client0,5085,5,cycling,3106.04
1.0,alpha1p0,104,0,subject104_client0,5086,5,cycling,3107.32
1.0,alpha1p0,104,0,subject104_client0,5087,5,cycling,3108.6
1.0,alpha1p0,104,3,subject104_client3,5089,5,cycling,3111.16
1.0,alpha1p0,104,3,subject104_client3,5090,5,cycling,3112.44
1.0,alpha1p0,104,3,subject104_client3,5091,5,cycling,3113.72
1.0,alpha1p0,104,3,subject104_client3,5092,5,cycling,3115.0
1.0,alpha1p0,104,3,subject104_client3,5093,5,cycling,3116.28
1.0,alpha1p0,104,3,subject104_client3,5094,5,cycling,3117.56
1.0,alpha1p0,104,3,subject104_client3,5095,5,cycling,3118.84
1.0,alpha1p0,104,3,subject104_client3,5096,5,cycling,3120.12
1.0,alpha1p0,104,3,subject104_client3,5097,5,cycling,3121.4
1.0,alpha1p0,104,3,subject104_client3,5098,5,cycling,3122.68
1.0,alpha1p0,104,3,subject104_client3,5099,5,cycling,3123.96
1.0,alpha1p0,104,3,subject104_client3,5100,5,cycling,3125.24
1.0,alpha1p0,104,3,subject104_client3,5101,5,cycling,3126.52
1.0,alpha1p0,104,3,subject104_client3,5102,5,cycling,3127.8
1.0,alpha1p0,104,3,subject104_client3,5103,5,cycling,3129.08
1.0,alpha1p0,104,3,subject104_client3,5104,5,cycling,3130.36
1.0,alpha1p0,104,3,subject104_client3,5105,5,cycling,3131.64
1.0,alpha1p0,104,3,subject104_client3,5106,5,cycling,3132.92
1.0,alpha1p0,104,3,subject104_client3,5107,5,cycling,3134.2
1.0,alpha1p0,104,3,subject104_client3,5108,5,cycling,3135.48
1.0,alpha1p0,104,3,subject104_client3,5109,5,cycling,3136.76
1.0,alpha1p0,104,2,subject104_client2,5111,5,cycling,3139.32
1.0,alpha1p0,104,2,subject104_client2,5112,5,cycling,3140.6
1.0,alpha1p0,104,2,subject104_client2,5113,5,cycling,3141.88
1.0,alpha1p0,104,2,subject104_client2,5114,5,cycling,3143.16
1.0,alpha1p0,104,2,subject104_client2,5115,5,cycling,3144.44
1.0,alpha1p0,104,2,subject104_client2,5116,5,cycling,3145.72
1.0,alpha1p0,104,2,subject104_client2,5117,5,cycling,3147.0
1.0,alpha1p0,104,2,subject104_client2,5118,5,cycling,3148.28
1.0,alpha1p0,104,2,subject104_client2,5119,5,cycling,3149.56
1.0,alpha1p0,104,2,subject104_client2,5120,5,cycling,3150.84
1.0,alpha1p0,104,2,subject104_client2,5121,5,cycling,3152.12
1.0,alpha1p0,104,2,subject104_client2,5122,5,cycling,3153.4
1.0,alpha1p0,104,2,subject104_client2,5123,5,cycling,3154.68
1.0,alpha1p0,104,2,subject104_client2,5124,5,cycling,3155.96
1.0,alpha1p0,104,2,subject104_client2,5125,5,cycling,3157.24
1.0,alpha1p0,104,2,subject104_client2,5126,5,cycling,3158.52
1.0,alpha1p0,104,2,subject104_client2,5127,5,cycling,3159.8
1.0,alpha1p0,104,2,subject104_client2,5128,5,cycling,3161.08
1.0,alpha1p0,104,2,subject104_client2,5129,5,cycling,3162.36
1.0,alpha1p0,104,2,subject104_client2,5130,5,cycling,3163.64
1.0,alpha1p0,104,2,subject104_client2,5131,5,cycling,3164.92
1.0,alpha1p0,104,2,subject104_client2,5132,5,cycling,3166.2
1.0,alpha1p0,104,2,subject104_client2,5133,5,cycling,3167.48
1.0,alpha1p0,104,2,subject104_client2,5134,5,cycling,3168.76
1.0,alpha1p0,104,2,subject104_client2,5135,5,cycling,3170.04
1.0,alpha1p0,104,2,subject104_client2,5136,5,cycling,3171.32
1.0,alpha1p0,104,2,subject104_client2,5137,5,cycling,3172.6
1.0,alpha1p0,104,2,subject104_client2,5138,5,cycling,3173.88
1.0,alpha1p0,104,2,subject104_client2,5139,5,cycling,3175.16
1.0,alpha1p0,104,2,subject104_client2,5140,5,cycling,3176.44
1.0,alpha1p0,104,2,subject104_client2,5141,5,cycling,3177.72
1.0,alpha1p0,104,2,subject104_client2,5142,5,cycling,3179.0
1.0,alpha1p0,104,2,subject104_client2,5143,5,cycling,3180.28
1.0,alpha1p0,104,2,subject104_client2,5144,5,cycling,3181.56
1.0,alpha1p0,104,2,subject104_client2,5145,5,cycling,3182.84
1.0,alpha1p0,104,2,subject104_client2,5146,5,cycling,3184.12
1.0,alpha1p0,104,2,subject104_client2,5147,5,cycling,3185.4
1.0,alpha1p0,104,2,subject104_client2,5148,5,cycling,3186.68
1.0,alpha1p0,104,2,subject104_client2,5149,5,cycling,3187.96
1.0,alpha1p0,104,2,subject104_client2,5150,5,cycling,3189.24
1.0,alpha1p0,104,2,subject104_client2,5151,5,cycling,3190.52
1.0,alpha1p0,104,2,subject104_client2,5152,5,cycling,3191.8
1.0,alpha1p0,104,2,subject104_client2,5153,5,cycling,3193.08
1.0,alpha1p0,104,2,subject104_client2,5154,5,cycling,3194.36
1.0,alpha1p0,104,1,subject104_client1,5156,5,cycling,3196.92
1.0,alpha1p0,104,1,subject104_client1,5157,5,cycling,3198.2
1.0,alpha1p0,104,1,subject104_client1,5158,5,cycling,3199.48
1.0,alpha1p0,104,1,subject104_client1,5159,5,cycling,3200.76
1.0,alpha1p0,104,1,subject104_client1,5160,5,cycling,3202.04
1.0,alpha1p0,104,1,subject104_client1,5161,5,cycling,3203.32
1.0,alpha1p0,104,1,subject104_client1,5162,5,cycling,3204.6
1.0,alpha1p0,104,1,subject104_client1,5163,5,cycling,3205.88
1.0,alpha1p0,104,1,subject104_client1,5164,5,cycling,3207.16
1.0,alpha1p0,104,1,subject104_client1,5165,5,cycling,3208.44
1.0,alpha1p0,104,1,subject104_client1,5166,5,cycling,3209.72
1.0,alpha1p0,104,1,subject104_client1,5167,5,cycling,3211.0
1.0,alpha1p0,104,1,subject104_client1,5168,5,cycling,3212.28
1.0,alpha1p0,104,1,subject104_client1,5169,5,cycling,3213.56
1.0,alpha1p0,104,1,subject104_client1,5170,5,cycling,3214.84
1.0,alpha1p0,104,1,subject104_client1,5171,5,cycling,3216.12
1.0,alpha1p0,104,1,subject104_client1,5172,5,cycling,3217.4
1.0,alpha1p0,104,1,subject104_client1,5173,5,cycling,3218.68
1.0,alpha1p0,105,3,subject105_client3,5174,0,lying,104.5
1.0,alpha1p0,105,3,subject105_client3,5175,0,lying,105.78
1.0,alpha1p0,105,3,subject105_client3,5176,0,lying,107.06
1.0,alpha1p0,105,3,subject105_client3,5177,0,lying,108.34
1.0,alpha1p0,105,3,subject105_client3,5178,0,lying,109.62
1.0,alpha1p0,105,3,subject105_client3,5179,0,lying,110.9
1.0,alpha1p0,105,3,subject105_client3,5180,0,lying,112.18
1.0,alpha1p0,105,3,subject105_client3,5181,0,lying,113.46
1.0,alpha1p0,105,3,subject105_client3,5182,0,lying,114.74
1.0,alpha1p0,105,3,subject105_client3,5183,0,lying,116.02
1.0,alpha1p0,105,3,subject105_client3,5184,0,lying,117.3
1.0,alpha1p0,105,3,subject105_client3,5185,0,lying,118.58
1.0,alpha1p0,105,3,subject105_client3,5186,0,lying,119.86
1.0,alpha1p0,105,3,subject105_client3,5187,0,lying,121.14
1.0,alpha1p0,105,3,subject105_client3,5188,0,lying,122.42
1.0,alpha1p0,105,3,subject105_client3,5189,0,lying,123.7
1.0,alpha1p0,105,3,subject105_client3,5190,0,lying,124.98
1.0,alpha1p0,105,3,subject105_client3,5191,0,lying,126.26
1.0,alpha1p0,105,3,subject105_client3,5192,0,lying,127.54
1.0,alpha1p0,105,3,subject105_client3,5193,0,lying,128.82
1.0,alpha1p0,105,3,subject105_client3,5194,0,lying,130.1
1.0,alpha1p0,105,3,subject105_client3,5195,0,lying,131.38
1.0,alpha1p0,105,3,subject105_client3,5196,0,lying,132.66
1.0,alpha1p0,105,3,subject105_client3,5197,0,lying,133.94
1.0,alpha1p0,105,3,subject105_client3,5198,0,lying,135.22
1.0,alpha1p0,105,3,subject105_client3,5199,0,lying,136.5
1.0,alpha1p0,105,3,subject105_client3,5200,0,lying,137.78
1.0,alpha1p0,105,3,subject105_client3,5201,0,lying,139.06
1.0,alpha1p0,105,3,subject105_client3,5202,0,lying,140.34
1.0,alpha1p0,105,3,subject105_client3,5203,0,lying,141.62
1.0,alpha1p0,105,3,subject105_client3,5204,0,lying,142.9
1.0,alpha1p0,105,3,subject105_client3,5205,0,lying,144.18
1.0,alpha1p0,105,3,subject105_client3,5206,0,lying,145.46
1.0,alpha1p0,105,3,subject105_client3,5207,0,lying,146.74
1.0,alpha1p0,105,3,subject105_client3,5208,0,lying,148.02
1.0,alpha1p0,105,3,subject105_client3,5209,0,lying,149.3
1.0,alpha1p0,105,3,subject105_client3,5210,0,lying,150.58
1.0,alpha1p0,105,3,subject105_client3,5211,0,lying,151.86
1.0,alpha1p0,105,3,subject105_client3,5212,0,lying,153.14
1.0,alpha1p0,105,3,subject105_client3,5213,0,lying,154.42
1.0,alpha1p0,105,3,subject105_client3,5214,0,lying,155.7
1.0,alpha1p0,105,3,subject105_client3,5215,0,lying,156.98
1.0,alpha1p0,105,3,subject105_client3,5216,0,lying,158.26
1.0,alpha1p0,105,3,subject105_client3,5217,0,lying,159.54
1.0,alpha1p0,105,3,subject105_client3,5218,0,lying,160.82
1.0,alpha1p0,105,3,subject105_client3,5219,0,lying,162.1
1.0,alpha1p0,105,3,subject105_client3,5220,0,lying,163.38
1.0,alpha1p0,105,3,subject105_client3,5221,0,lying,164.66
1.0,alpha1p0,105,3,subject105_client3,5222,0,lying,165.94
1.0,alpha1p0,105,3,subject105_client3,5223,0,lying,167.22
1.0,alpha1p0,105,3,subject105_client3,5224,0,lying,168.5
1.0,alpha1p0,105,3,subject105_client3,5225,0,lying,169.78
1.0,alpha1p0,105,3,subject105_client3,5226,0,lying,171.06
1.0,alpha1p0,105,3,subject105_client3,5227,0,lying,172.34
1.0,alpha1p0,105,3,subject105_client3,5228,0,lying,173.62
1.0,alpha1p0,105,3,subject105_client3,5229,0,lying,174.9
1.0,alpha1p0,105,3,subject105_client3,5230,0,lying,176.18
1.0,alpha1p0,105,3,subject105_client3,5231,0,lying,177.46
1.0,alpha1p0,105,3,subject105_client3,5232,0,lying,178.74
1.0,alpha1p0,105,3,subject105_client3,5233,0,lying,180.02
1.0,alpha1p0,105,3,subject105_client3,5234,0,lying,181.3
1.0,alpha1p0,105,3,subject105_client3,5235,0,lying,182.58
1.0,alpha1p0,105,3,subject105_client3,5236,0,lying,183.86
1.0,alpha1p0,105,1,subject105_client1,5238,0,lying,186.42
1.0,alpha1p0,105,1,subject105_client1,5239,0,lying,187.7
1.0,alpha1p0,105,1,subject105_client1,5240,0,lying,188.98
1.0,alpha1p0,105,1,subject105_client1,5241,0,lying,190.26
1.0,alpha1p0,105,1,subject105_client1,5242,0,lying,191.54
1.0,alpha1p0,105,1,subject105_client1,5243,0,lying,192.82
1.0,alpha1p0,105,1,subject105_client1,5244,0,lying,194.1
1.0,alpha1p0,105,1,subject105_client1,5245,0,lying,195.38
1.0,alpha1p0,105,1,subject105_client1,5246,0,lying,196.66
1.0,alpha1p0,105,1,subject105_client1,5247,0,lying,197.94
1.0,alpha1p0,105,1,subject105_client1,5248,0,lying,199.22
1.0,alpha1p0,105,2,subject105_client2,5250,0,lying,201.78
1.0,alpha1p0,105,0,subject105_client0,5252,0,lying,204.34
1.0,alpha1p0,105,0,subject105_client0,5253,0,lying,205.62
1.0,alpha1p0,105,0,subject105_client0,5254,0,lying,206.9
1.0,alpha1p0,105,0,subject105_client0,5255,0,lying,208.18
1.0,alpha1p0,105,0,subject105_client0,5256,0,lying,209.46
1.0,alpha1p0,105,0,subject105_client0,5257,0,lying,210.74
1.0,alpha1p0,105,0,subject105_client0,5258,0,lying,212.02
1.0,alpha1p0,105,0,subject105_client0,5259,0,lying,213.3
1.0,alpha1p0,105,0,subject105_client0,5260,0,lying,214.58
1.0,alpha1p0,105,0,subject105_client0,5261,0,lying,215.86
1.0,alpha1p0,105,0,subject105_client0,5262,0,lying,217.14
1.0,alpha1p0,105,0,subject105_client0,5263,0,lying,218.42
1.0,alpha1p0,105,0,subject105_client0,5264,0,lying,219.7
1.0,alpha1p0,105,0,subject105_client0,5265,0,lying,220.98
1.0,alpha1p0,105,0,subject105_client0,5266,0,lying,222.26
1.0,alpha1p0,105,0,subject105_client0,5267,0,lying,223.54
1.0,alpha1p0,105,0,subject105_client0,5268,0,lying,224.82
1.0,alpha1p0,105,0,subject105_client0,5269,0,lying,226.1
1.0,alpha1p0,105,0,subject105_client0,5270,0,lying,227.38
1.0,alpha1p0,105,0,subject105_client0,5271,0,lying,228.66
1.0,alpha1p0,105,0,subject105_client0,5272,0,lying,229.94
1.0,alpha1p0,105,0,subject105_client0,5273,0,lying,231.22
1.0,alpha1p0,105,0,subject105_client0,5274,0,lying,232.5
1.0,alpha1p0,105,0,subject105_client0,5275,0,lying,233.78
1.0,alpha1p0,105,0,subject105_client0,5276,0,lying,235.06
1.0,alpha1p0,105,0,subject105_client0,5277,0,lying,236.34
1.0,alpha1p0,105,0,subject105_client0,5278,0,lying,237.62
1.0,alpha1p0,105,0,subject105_client0,5279,0,lying,238.9
1.0,alpha1p0,105,0,subject105_client0,5280,0,lying,240.18
1.0,alpha1p0,105,0,subject105_client0,5281,0,lying,241.46
1.0,alpha1p0,105,0,subject105_client0,5282,0,lying,242.74
1.0,alpha1p0,105,0,subject105_client0,5283,0,lying,244.02
1.0,alpha1p0,105,0,subject105_client0,5284,0,lying,245.3
1.0,alpha1p0,105,0,subject105_client0,5285,0,lying,246.58
1.0,alpha1p0,105,0,subject105_client0,5286,0,lying,247.86
1.0,alpha1p0,105,0,subject105_client0,5287,0,lying,249.14
1.0,alpha1p0,105,0,subject105_client0,5288,0,lying,250.42
1.0,alpha1p0,105,0,subject105_client0,5289,0,lying,251.7
1.0,alpha1p0,105,0,subject105_client0,5290,0,lying,252.98
1.0,alpha1p0,105,0,subject105_client0,5291,0,lying,254.26
1.0,alpha1p0,105,0,subject105_client0,5292,0,lying,255.54
1.0,alpha1p0,105,0,subject105_client0,5293,0,lying,256.82
1.0,alpha1p0,105,0,subject105_client0,5294,0,lying,258.1
1.0,alpha1p0,105,0,subject105_client0,5295,0,lying,259.38
1.0,alpha1p0,105,0,subject105_client0,5296,0,lying,260.66
1.0,alpha1p0,105,0,subject105_client0,5297,0,lying,261.94
1.0,alpha1p0,105,0,subject105_client0,5298,0,lying,263.22
1.0,alpha1p0,105,0,subject105_client0,5299,0,lying,264.5
1.0,alpha1p0,105,0,subject105_client0,5300,0,lying,265.78
1.0,alpha1p0,105,0,subject105_client0,5301,0,lying,267.06
1.0,alpha1p0,105,0,subject105_client0,5302,0,lying,268.34
1.0,alpha1p0,105,0,subject105_client0,5303,0,lying,269.62
1.0,alpha1p0,105,0,subject105_client0,5304,0,lying,270.9
1.0,alpha1p0,105,0,subject105_client0,5305,0,lying,272.18
1.0,alpha1p0,105,0,subject105_client0,5306,0,lying,273.46
1.0,alpha1p0,105,0,subject105_client0,5307,0,lying,274.74
1.0,alpha1p0,105,0,subject105_client0,5308,0,lying,276.02
1.0,alpha1p0,105,0,subject105_client0,5309,0,lying,277.3
1.0,alpha1p0,105,0,subject105_client0,5310,0,lying,278.58
1.0,alpha1p0,105,0,subject105_client0,5311,0,lying,279.86
1.0,alpha1p0,105,0,subject105_client0,5312,0,lying,281.14
1.0,alpha1p0,105,0,subject105_client0,5313,0,lying,282.42
1.0,alpha1p0,105,0,subject105_client0,5314,0,lying,283.7
1.0,alpha1p0,105,0,subject105_client0,5315,0,lying,284.98
1.0,alpha1p0,105,0,subject105_client0,5316,0,lying,286.26
1.0,alpha1p0,105,0,subject105_client0,5317,0,lying,287.54
1.0,alpha1p0,105,0,subject105_client0,5318,0,lying,288.82
1.0,alpha1p0,105,0,subject105_client0,5319,0,lying,290.1
1.0,alpha1p0,105,0,subject105_client0,5320,0,lying,291.38
1.0,alpha1p0,105,0,subject105_client0,5321,0,lying,292.66
1.0,alpha1p0,105,0,subject105_client0,5322,0,lying,293.94
1.0,alpha1p0,105,0,subject105_client0,5323,0,lying,295.22
1.0,alpha1p0,105,0,subject105_client0,5324,0,lying,296.5
1.0,alpha1p0,105,0,subject105_client0,5325,0,lying,297.78
1.0,alpha1p0,105,0,subject105_client0,5326,0,lying,299.06
1.0,alpha1p0,105,0,subject105_client0,5327,0,lying,300.34
1.0,alpha1p0,105,0,subject105_client0,5328,0,lying,301.62
1.0,alpha1p0,105,0,subject105_client0,5329,0,lying,302.9
1.0,alpha1p0,105,0,subject105_client0,5330,0,lying,304.18
1.0,alpha1p0,105,0,subject105_client0,5331,0,lying,305.46
1.0,alpha1p0,105,0,subject105_client0,5332,0,lying,306.74
1.0,alpha1p0,105,0,subject105_client0,5333,0,lying,308.02
1.0,alpha1p0,105,0,subject105_client0,5334,0,lying,309.3
1.0,alpha1p0,105,0,subject105_client0,5335,0,lying,310.58
1.0,alpha1p0,105,0,subject105_client0,5336,0,lying,311.86
1.0,alpha1p0,105,0,subject105_client0,5337,0,lying,313.14
1.0,alpha1p0,105,0,subject105_client0,5338,0,lying,314.42
1.0,alpha1p0,105,0,subject105_client0,5339,0,lying,315.7
1.0,alpha1p0,105,0,subject105_client0,5340,0,lying,316.98
1.0,alpha1p0,105,0,subject105_client0,5341,0,lying,318.26
1.0,alpha1p0,105,0,subject105_client0,5342,0,lying,319.54
1.0,alpha1p0,105,0,subject105_client0,5343,0,lying,320.82
1.0,alpha1p0,105,0,subject105_client0,5344,0,lying,322.1
1.0,alpha1p0,105,0,subject105_client0,5345,0,lying,323.38
1.0,alpha1p0,105,0,subject105_client0,5346,0,lying,324.66
1.0,alpha1p0,105,0,subject105_client0,5347,0,lying,325.94
1.0,alpha1p0,105,0,subject105_client0,5348,0,lying,327.22
1.0,alpha1p0,105,0,subject105_client0,5349,0,lying,328.5
1.0,alpha1p0,105,0,subject105_client0,5350,0,lying,329.78
1.0,alpha1p0,105,0,subject105_client0,5351,0,lying,331.06
1.0,alpha1p0,105,0,subject105_client0,5352,0,lying,332.34
1.0,alpha1p0,105,0,subject105_client0,5353,0,lying,333.62
1.0,alpha1p0,105,0,subject105_client0,5354,0,lying,334.9
1.0,alpha1p0,105,0,subject105_client0,5355,0,lying,336.18
1.0,alpha1p0,105,0,subject105_client0,5356,0,lying,337.46
1.0,alpha1p0,105,0,subject105_client0,5357,0,lying,338.74
1.0,alpha1p0,105,2,subject105_client2,5358,1,sitting,411.03
1.0,alpha1p0,105,2,subject105_client2,5359,1,sitting,412.31
1.0,alpha1p0,105,2,subject105_client2,5360,1,sitting,413.59
1.0,alpha1p0,105,2,subject105_client2,5361,1,sitting,414.87
1.0,alpha1p0,105,2,subject105_client2,5362,1,sitting,416.15
1.0,alpha1p0,105,2,subject105_client2,5363,1,sitting,417.43
1.0,alpha1p0,105,2,subject105_client2,5364,1,sitting,418.71
1.0,alpha1p0,105,2,subject105_client2,5365,1,sitting,419.99
1.0,alpha1p0,105,2,subject105_client2,5366,1,sitting,421.27
1.0,alpha1p0,105,2,subject105_client2,5367,1,sitting,422.55
1.0,alpha1p0,105,2,subject105_client2,5368,1,sitting,423.83
1.0,alpha1p0,105,2,subject105_client2,5369,1,sitting,425.11
1.0,alpha1p0,105,2,subject105_client2,5370,1,sitting,426.39
1.0,alpha1p0,105,2,subject105_client2,5371,1,sitting,427.67
1.0,alpha1p0,105,2,subject105_client2,5372,1,sitting,428.95
1.0,alpha1p0,105,2,subject105_client2,5373,1,sitting,430.23
1.0,alpha1p0,105,2,subject105_client2,5374,1,sitting,431.51
1.0,alpha1p0,105,2,subject105_client2,5375,1,sitting,432.79
1.0,alpha1p0,105,2,subject105_client2,5376,1,sitting,434.07
1.0,alpha1p0,105,2,subject105_client2,5377,1,sitting,435.35
1.0,alpha1p0,105,2,subject105_client2,5378,1,sitting,436.63
1.0,alpha1p0,105,2,subject105_client2,5379,1,sitting,437.91
1.0,alpha1p0,105,2,subject105_client2,5380,1,sitting,439.19
1.0,alpha1p0,105,0,subject105_client0,5382,1,sitting,441.75
1.0,alpha1p0,105,0,subject105_client0,5383,1,sitting,443.03
1.0,alpha1p0,105,0,subject105_client0,5384,1,sitting,444.31
1.0,alpha1p0,105,0,subject105_client0,5385,1,sitting,445.59
1.0,alpha1p0,105,0,subject105_client0,5386,1,sitting,446.87
1.0,alpha1p0,105,0,subject105_client0,5387,1,sitting,448.15
1.0,alpha1p0,105,0,subject105_client0,5388,1,sitting,449.43
1.0,alpha1p0,105,0,subject105_client0,5389,1,sitting,450.71
1.0,alpha1p0,105,0,subject105_client0,5390,1,sitting,451.99
1.0,alpha1p0,105,0,subject105_client0,5391,1,sitting,453.27
1.0,alpha1p0,105,0,subject105_client0,5392,1,sitting,454.55
1.0,alpha1p0,105,0,subject105_client0,5393,1,sitting,455.83
1.0,alpha1p0,105,0,subject105_client0,5394,1,sitting,457.11
1.0,alpha1p0,105,0,subject105_client0,5395,1,sitting,458.39
1.0,alpha1p0,105,0,subject105_client0,5396,1,sitting,459.67
1.0,alpha1p0,105,0,subject105_client0,5397,1,sitting,460.95
1.0,alpha1p0,105,0,subject105_client0,5398,1,sitting,462.23
1.0,alpha1p0,105,0,subject105_client0,5399,1,sitting,463.51
1.0,alpha1p0,105,0,subject105_client0,5400,1,sitting,464.79
1.0,alpha1p0,105,0,subject105_client0,5401,1,sitting,466.07
1.0,alpha1p0,105,0,subject105_client0,5402,1,sitting,467.35
1.0,alpha1p0,105,0,subject105_client0,5403,1,sitting,468.63
1.0,alpha1p0,105,0,subject105_client0,5404,1,sitting,469.91
1.0,alpha1p0,105,0,subject105_client0,5405,1,sitting,471.19
1.0,alpha1p0,105,1,subject105_client1,5407,1,sitting,473.75
1.0,alpha1p0,105,1,subject105_client1,5408,1,sitting,475.03
1.0,alpha1p0,105,1,subject105_client1,5409,1,sitting,476.31
1.0,alpha1p0,105,1,subject105_client1,5410,1,sitting,477.59
1.0,alpha1p0,105,1,subject105_client1,5411,1,sitting,478.87
1.0,alpha1p0,105,1,subject105_client1,5412,1,sitting,480.15
1.0,alpha1p0,105,1,subject105_client1,5413,1,sitting,481.43
1.0,alpha1p0,105,1,subject105_client1,5414,1,sitting,482.71
1.0,alpha1p0,105,1,subject105_client1,5415,1,sitting,483.99
1.0,alpha1p0,105,1,subject105_client1,5416,1,sitting,485.27
1.0,alpha1p0,105,1,subject105_client1,5417,1,sitting,486.55
1.0,alpha1p0,105,1,subject105_client1,5418,1,sitting,487.83
1.0,alpha1p0,105,1,subject105_client1,5419,1,sitting,489.11
1.0,alpha1p0,105,1,subject105_client1,5420,1,sitting,490.39
1.0,alpha1p0,105,1,subject105_client1,5421,1,sitting,491.67
1.0,alpha1p0,105,1,subject105_client1,5422,1,sitting,492.95
1.0,alpha1p0,105,1,subject105_client1,5423,1,sitting,494.23
1.0,alpha1p0,105,1,subject105_client1,5424,1,sitting,495.51
1.0,alpha1p0,105,1,subject105_client1,5425,1,sitting,496.79
1.0,alpha1p0,105,1,subject105_client1,5426,1,sitting,498.07
1.0,alpha1p0,105,1,subject105_client1,5427,1,sitting,499.35
1.0,alpha1p0,105,1,subject105_client1,5428,1,sitting,500.63
1.0,alpha1p0,105,1,subject105_client1,5429,1,sitting,501.91
1.0,alpha1p0,105,1,subject105_client1,5430,1,sitting,503.19
1.0,alpha1p0,105,1,subject105_client1,5431,1,sitting,504.47
1.0,alpha1p0,105,1,subject105_client1,5432,1,sitting,505.75
1.0,alpha1p0,105,1,subject105_client1,5433,1,sitting,507.03
1.0,alpha1p0,105,1,subject105_client1,5434,1,sitting,508.31
1.0,alpha1p0,105,1,subject105_client1,5435,1,sitting,509.59
1.0,alpha1p0,105,1,subject105_client1,5436,1,sitting,510.87
1.0,alpha1p0,105,1,subject105_client1,5437,1,sitting,512.15
1.0,alpha1p0,105,1,subject105_client1,5438,1,sitting,513.43
1.0,alpha1p0,105,1,subject105_client1,5439,1,sitting,514.71
1.0,alpha1p0,105,1,subject105_client1,5440,1,sitting,515.99
1.0,alpha1p0,105,1,subject105_client1,5441,1,sitting,517.27
1.0,alpha1p0,105,1,subject105_client1,5442,1,sitting,518.55
1.0,alpha1p0,105,1,subject105_client1,5443,1,sitting,519.83
1.0,alpha1p0,105,1,subject105_client1,5444,1,sitting,521.11
1.0,alpha1p0,105,1,subject105_client1,5445,1,sitting,522.39
1.0,alpha1p0,105,1,subject105_client1,5446,1,sitting,523.67
1.0,alpha1p0,105,1,subject105_client1,5447,1,sitting,524.95
1.0,alpha1p0,105,1,subject105_client1,5448,1,sitting,526.23
1.0,alpha1p0,105,1,subject105_client1,5449,1,sitting,527.51
1.0,alpha1p0,105,1,subject105_client1,5450,1,sitting,528.79
1.0,alpha1p0,105,1,subject105_client1,5451,1,sitting,530.07
1.0,alpha1p0,105,1,subject105_client1,5452,1,sitting,531.35
1.0,alpha1p0,105,1,subject105_client1,5453,1,sitting,532.63
1.0,alpha1p0,105,1,subject105_client1,5454,1,sitting,533.91
1.0,alpha1p0,105,1,subject105_client1,5455,1,sitting,535.19
1.0,alpha1p0,105,1,subject105_client1,5456,1,sitting,536.47
1.0,alpha1p0,105,1,subject105_client1,5457,1,sitting,537.75
1.0,alpha1p0,105,1,subject105_client1,5458,1,sitting,539.03
1.0,alpha1p0,105,1,subject105_client1,5459,1,sitting,540.31
1.0,alpha1p0,105,1,subject105_client1,5460,1,sitting,541.59
1.0,alpha1p0,105,1,subject105_client1,5461,1,sitting,542.87
1.0,alpha1p0,105,1,subject105_client1,5462,1,sitting,544.15
1.0,alpha1p0,105,1,subject105_client1,5463,1,sitting,545.43
1.0,alpha1p0,105,1,subject105_client1,5464,1,sitting,546.71
1.0,alpha1p0,105,1,subject105_client1,5465,1,sitting,547.99
1.0,alpha1p0,105,1,subject105_client1,5466,1,sitting,549.27
1.0,alpha1p0,105,1,subject105_client1,5467,1,sitting,550.55
1.0,alpha1p0,105,1,subject105_client1,5468,1,sitting,551.83
1.0,alpha1p0,105,1,subject105_client1,5469,1,sitting,553.11
1.0,alpha1p0,105,1,subject105_client1,5470,1,sitting,554.39
1.0,alpha1p0,105,1,subject105_client1,5471,1,sitting,555.67
1.0,alpha1p0,105,1,subject105_client1,5472,1,sitting,556.95
1.0,alpha1p0,105,3,subject105_client3,5474,1,sitting,559.51
1.0,alpha1p0,105,3,subject105_client3,5475,1,sitting,560.79
1.0,alpha1p0,105,3,subject105_client3,5476,1,sitting,562.07
1.0,alpha1p0,105,3,subject105_client3,5477,1,sitting,563.35
1.0,alpha1p0,105,3,subject105_client3,5478,1,sitting,564.63
1.0,alpha1p0,105,3,subject105_client3,5479,1,sitting,565.91
1.0,alpha1p0,105,3,subject105_client3,5480,1,sitting,567.19
1.0,alpha1p0,105,3,subject105_client3,5481,1,sitting,568.47
1.0,alpha1p0,105,3,subject105_client3,5482,1,sitting,569.75
1.0,alpha1p0,105,3,subject105_client3,5483,1,sitting,571.03
1.0,alpha1p0,105,3,subject105_client3,5484,1,sitting,572.31
1.0,alpha1p0,105,3,subject105_client3,5485,1,sitting,573.59
1.0,alpha1p0,105,3,subject105_client3,5486,1,sitting,574.87
1.0,alpha1p0,105,3,subject105_client3,5487,1,sitting,576.15
1.0,alpha1p0,105,3,subject105_client3,5488,1,sitting,577.43
1.0,alpha1p0,105,3,subject105_client3,5489,1,sitting,578.71
1.0,alpha1p0,105,3,subject105_client3,5490,1,sitting,579.99
1.0,alpha1p0,105,3,subject105_client3,5491,1,sitting,581.27
1.0,alpha1p0,105,3,subject105_client3,5492,1,sitting,582.55
1.0,alpha1p0,105,3,subject105_client3,5493,1,sitting,583.83
1.0,alpha1p0,105,3,subject105_client3,5494,1,sitting,585.11
1.0,alpha1p0,105,3,subject105_client3,5495,1,sitting,586.39
1.0,alpha1p0,105,3,subject105_client3,5496,1,sitting,587.67
1.0,alpha1p0,105,3,subject105_client3,5497,1,sitting,588.95
1.0,alpha1p0,105,3,subject105_client3,5498,1,sitting,590.23
1.0,alpha1p0,105,3,subject105_client3,5499,1,sitting,591.51
1.0,alpha1p0,105,3,subject105_client3,5500,1,sitting,592.79
1.0,alpha1p0,105,3,subject105_client3,5501,1,sitting,594.07
1.0,alpha1p0,105,3,subject105_client3,5502,1,sitting,595.35
1.0,alpha1p0,105,3,subject105_client3,5503,1,sitting,596.63
1.0,alpha1p0,105,3,subject105_client3,5504,1,sitting,597.91
1.0,alpha1p0,105,3,subject105_client3,5505,1,sitting,599.19
1.0,alpha1p0,105,3,subject105_client3,5506,1,sitting,600.47
1.0,alpha1p0,105,3,subject105_client3,5507,1,sitting,601.75
1.0,alpha1p0,105,3,subject105_client3,5508,1,sitting,603.03
1.0,alpha1p0,105,3,subject105_client3,5509,1,sitting,604.31
1.0,alpha1p0,105,3,subject105_client3,5510,1,sitting,605.59
1.0,alpha1p0,105,3,subject105_client3,5511,1,sitting,606.87
1.0,alpha1p0,105,3,subject105_client3,5512,1,sitting,608.15
1.0,alpha1p0,105,3,subject105_client3,5513,1,sitting,609.43
1.0,alpha1p0,105,3,subject105_client3,5514,1,sitting,610.71
1.0,alpha1p0,105,3,subject105_client3,5515,1,sitting,611.99
1.0,alpha1p0,105,3,subject105_client3,5516,1,sitting,613.27
1.0,alpha1p0,105,3,subject105_client3,5517,1,sitting,614.55
1.0,alpha1p0,105,3,subject105_client3,5518,1,sitting,615.83
1.0,alpha1p0,105,3,subject105_client3,5519,1,sitting,617.11
1.0,alpha1p0,105,3,subject105_client3,5520,1,sitting,618.39
1.0,alpha1p0,105,3,subject105_client3,5521,1,sitting,619.67
1.0,alpha1p0,105,3,subject105_client3,5522,1,sitting,620.95
1.0,alpha1p0,105,3,subject105_client3,5523,1,sitting,622.23
1.0,alpha1p0,105,3,subject105_client3,5524,1,sitting,623.51
1.0,alpha1p0,105,3,subject105_client3,5525,1,sitting,624.79
1.0,alpha1p0,105,3,subject105_client3,5526,1,sitting,626.07
1.0,alpha1p0,105,3,subject105_client3,5527,1,sitting,627.35
1.0,alpha1p0,105,3,subject105_client3,5528,1,sitting,628.63
1.0,alpha1p0,105,3,subject105_client3,5529,1,sitting,629.91
1.0,alpha1p0,105,3,subject105_client3,5530,1,sitting,631.19
1.0,alpha1p0,105,3,subject105_client3,5531,1,sitting,632.47
1.0,alpha1p0,105,3,subject105_client3,5532,1,sitting,633.75
1.0,alpha1p0,105,3,subject105_client3,5533,1,sitting,635.03
1.0,alpha1p0,105,3,subject105_client3,5534,1,sitting,636.31
1.0,alpha1p0,105,3,subject105_client3,5535,1,sitting,637.59
1.0,alpha1p0,105,3,subject105_client3,5536,1,sitting,638.87
1.0,alpha1p0,105,3,subject105_client3,5537,1,sitting,640.15
1.0,alpha1p0,105,3,subject105_client3,5538,1,sitting,641.43
1.0,alpha1p0,105,3,subject105_client3,5539,1,sitting,642.71
1.0,alpha1p0,105,3,subject105_client3,5540,1,sitting,643.99
1.0,alpha1p0,105,3,subject105_client3,5541,1,sitting,645.27
1.0,alpha1p0,105,3,subject105_client3,5542,1,sitting,646.55
1.0,alpha1p0,105,3,subject105_client3,5543,1,sitting,647.83
1.0,alpha1p0,105,3,subject105_client3,5544,1,sitting,649.11
1.0,alpha1p0,105,3,subject105_client3,5545,1,sitting,650.39
1.0,alpha1p0,105,3,subject105_client3,5546,1,sitting,651.67
1.0,alpha1p0,105,3,subject105_client3,5547,1,sitting,652.95
1.0,alpha1p0,105,3,subject105_client3,5548,1,sitting,654.23
1.0,alpha1p0,105,3,subject105_client3,5549,1,sitting,655.51
1.0,alpha1p0,105,3,subject105_client3,5550,1,sitting,656.79
1.0,alpha1p0,105,3,subject105_client3,5551,1,sitting,658.07
1.0,alpha1p0,105,3,subject105_client3,5552,1,sitting,659.35
1.0,alpha1p0,105,3,subject105_client3,5553,1,sitting,660.63
1.0,alpha1p0,105,3,subject105_client3,5554,1,sitting,661.91
1.0,alpha1p0,105,3,subject105_client3,5555,1,sitting,663.19
1.0,alpha1p0,105,3,subject105_client3,5556,1,sitting,664.47
1.0,alpha1p0,105,3,subject105_client3,5557,1,sitting,665.75
1.0,alpha1p0,105,3,subject105_client3,5558,1,sitting,667.03
1.0,alpha1p0,105,3,subject105_client3,5559,1,sitting,668.31
1.0,alpha1p0,105,3,subject105_client3,5560,1,sitting,669.59
1.0,alpha1p0,105,3,subject105_client3,5561,1,sitting,670.87
1.0,alpha1p0,105,3,subject105_client3,5562,1,sitting,672.15
1.0,alpha1p0,105,3,subject105_client3,5563,1,sitting,673.43
1.0,alpha1p0,105,3,subject105_client3,5564,1,sitting,674.71
1.0,alpha1p0,105,3,subject105_client3,5565,1,sitting,675.99
1.0,alpha1p0,105,3,subject105_client3,5566,2,standing,679.67
1.0,alpha1p0,105,3,subject105_client3,5567,2,standing,680.95
1.0,alpha1p0,105,3,subject105_client3,5568,2,standing,682.23
1.0,alpha1p0,105,3,subject105_client3,5569,2,standing,683.51
1.0,alpha1p0,105,3,subject105_client3,5570,2,standing,684.79
1.0,alpha1p0,105,3,subject105_client3,5571,2,standing,686.07
1.0,alpha1p0,105,3,subject105_client3,5572,2,standing,687.35
1.0,alpha1p0,105,3,subject105_client3,5573,2,standing,688.63
1.0,alpha1p0,105,3,subject105_client3,5574,2,standing,689.91
1.0,alpha1p0,105,3,subject105_client3,5575,2,standing,691.19
1.0,alpha1p0,105,3,subject105_client3,5576,2,standing,692.47
1.0,alpha1p0,105,3,subject105_client3,5577,2,standing,693.75
1.0,alpha1p0,105,3,subject105_client3,5578,2,standing,695.03
1.0,alpha1p0,105,3,subject105_client3,5579,2,standing,696.31
1.0,alpha1p0,105,3,subject105_client3,5580,2,standing,697.59
1.0,alpha1p0,105,3,subject105_client3,5581,2,standing,698.87
1.0,alpha1p0,105,3,subject105_client3,5582,2,standing,700.15
1.0,alpha1p0,105,3,subject105_client3,5583,2,standing,701.43
1.0,alpha1p0,105,3,subject105_client3,5584,2,standing,702.71
1.0,alpha1p0,105,3,subject105_client3,5585,2,standing,703.99
1.0,alpha1p0,105,3,subject105_client3,5586,2,standing,705.27
1.0,alpha1p0,105,3,subject105_client3,5587,2,standing,706.55
1.0,alpha1p0,105,3,subject105_client3,5588,2,standing,707.83
1.0,alpha1p0,105,3,subject105_client3,5589,2,standing,709.11
1.0,alpha1p0,105,3,subject105_client3,5590,2,standing,710.39
1.0,alpha1p0,105,3,subject105_client3,5591,2,standing,711.67
1.0,alpha1p0,105,3,subject105_client3,5592,2,standing,712.95
1.0,alpha1p0,105,3,subject105_client3,5593,2,standing,714.23
1.0,alpha1p0,105,3,subject105_client3,5594,2,standing,715.51
1.0,alpha1p0,105,3,subject105_client3,5595,2,standing,716.79
1.0,alpha1p0,105,3,subject105_client3,5596,2,standing,718.07
1.0,alpha1p0,105,3,subject105_client3,5597,2,standing,719.35
1.0,alpha1p0,105,3,subject105_client3,5598,2,standing,720.63
1.0,alpha1p0,105,3,subject105_client3,5599,2,standing,721.91
1.0,alpha1p0,105,3,subject105_client3,5600,2,standing,723.19
1.0,alpha1p0,105,3,subject105_client3,5601,2,standing,724.47
1.0,alpha1p0,105,3,subject105_client3,5602,2,standing,725.75
1.0,alpha1p0,105,3,subject105_client3,5603,2,standing,727.03
1.0,alpha1p0,105,3,subject105_client3,5604,2,standing,728.31
1.0,alpha1p0,105,3,subject105_client3,5605,2,standing,729.59
1.0,alpha1p0,105,3,subject105_client3,5606,2,standing,730.87
1.0,alpha1p0,105,3,subject105_client3,5607,2,standing,732.15
1.0,alpha1p0,105,3,subject105_client3,5608,2,standing,733.43
1.0,alpha1p0,105,3,subject105_client3,5609,2,standing,734.71
1.0,alpha1p0,105,3,subject105_client3,5610,2,standing,735.99
1.0,alpha1p0,105,3,subject105_client3,5611,2,standing,737.27
1.0,alpha1p0,105,3,subject105_client3,5612,2,standing,738.55
1.0,alpha1p0,105,3,subject105_client3,5613,2,standing,739.83
1.0,alpha1p0,105,3,subject105_client3,5614,2,standing,741.11
1.0,alpha1p0,105,3,subject105_client3,5615,2,standing,742.39
1.0,alpha1p0,105,3,subject105_client3,5616,2,standing,743.67
1.0,alpha1p0,105,3,subject105_client3,5617,2,standing,744.95
1.0,alpha1p0,105,3,subject105_client3,5618,2,standing,746.23
1.0,alpha1p0,105,3,subject105_client3,5619,2,standing,747.51
1.0,alpha1p0,105,3,subject105_client3,5620,2,standing,748.79
1.0,alpha1p0,105,3,subject105_client3,5621,2,standing,750.07
1.0,alpha1p0,105,3,subject105_client3,5622,2,standing,751.35
1.0,alpha1p0,105,3,subject105_client3,5623,2,standing,752.63
1.0,alpha1p0,105,3,subject105_client3,5624,2,standing,753.91
1.0,alpha1p0,105,3,subject105_client3,5625,2,standing,755.19
1.0,alpha1p0,105,3,subject105_client3,5626,2,standing,756.47
1.0,alpha1p0,105,3,subject105_client3,5627,2,standing,757.75
1.0,alpha1p0,105,3,subject105_client3,5628,2,standing,759.03
1.0,alpha1p0,105,3,subject105_client3,5629,2,standing,760.31
1.0,alpha1p0,105,3,subject105_client3,5630,2,standing,761.59
1.0,alpha1p0,105,3,subject105_client3,5631,2,standing,762.87
1.0,alpha1p0,105,3,subject105_client3,5632,2,standing,764.15
1.0,alpha1p0,105,3,subject105_client3,5633,2,standing,765.43
1.0,alpha1p0,105,3,subject105_client3,5634,2,standing,766.71
1.0,alpha1p0,105,3,subject105_client3,5635,2,standing,767.99
1.0,alpha1p0,105,3,subject105_client3,5636,2,standing,769.27
1.0,alpha1p0,105,3,subject105_client3,5637,2,standing,770.55
1.0,alpha1p0,105,3,subject105_client3,5638,2,standing,771.83
1.0,alpha1p0,105,3,subject105_client3,5639,2,standing,773.11
1.0,alpha1p0,105,3,subject105_client3,5640,2,standing,774.39
1.0,alpha1p0,105,3,subject105_client3,5641,2,standing,775.67
1.0,alpha1p0,105,2,subject105_client2,5643,2,standing,778.23
1.0,alpha1p0,105,0,subject105_client0,5645,2,standing,780.79
1.0,alpha1p0,105,0,subject105_client0,5646,2,standing,782.07
1.0,alpha1p0,105,0,subject105_client0,5647,2,standing,783.35
1.0,alpha1p0,105,0,subject105_client0,5648,2,standing,784.63
1.0,alpha1p0,105,0,subject105_client0,5649,2,standing,785.91
1.0,alpha1p0,105,0,subject105_client0,5650,2,standing,787.19
1.0,alpha1p0,105,0,subject105_client0,5651,2,standing,788.47
1.0,alpha1p0,105,0,subject105_client0,5652,2,standing,789.75
1.0,alpha1p0,105,0,subject105_client0,5653,2,standing,791.03
1.0,alpha1p0,105,0,subject105_client0,5654,2,standing,792.31
1.0,alpha1p0,105,0,subject105_client0,5655,2,standing,793.59
1.0,alpha1p0,105,0,subject105_client0,5656,2,standing,794.87
1.0,alpha1p0,105,0,subject105_client0,5657,2,standing,796.15
1.0,alpha1p0,105,0,subject105_client0,5658,2,standing,797.43
1.0,alpha1p0,105,0,subject105_client0,5659,2,standing,798.71
1.0,alpha1p0,105,0,subject105_client0,5660,2,standing,799.99
1.0,alpha1p0,105,0,subject105_client0,5661,2,standing,801.27
1.0,alpha1p0,105,0,subject105_client0,5662,2,standing,802.55
1.0,alpha1p0,105,0,subject105_client0,5663,2,standing,803.83
1.0,alpha1p0,105,0,subject105_client0,5664,2,standing,805.11
1.0,alpha1p0,105,0,subject105_client0,5665,2,standing,806.39
1.0,alpha1p0,105,0,subject105_client0,5666,2,standing,807.67
1.0,alpha1p0,105,0,subject105_client0,5667,2,standing,808.95
1.0,alpha1p0,105,0,subject105_client0,5668,2,standing,810.23
1.0,alpha1p0,105,0,subject105_client0,5669,2,standing,811.51
1.0,alpha1p0,105,0,subject105_client0,5670,2,standing,812.79
1.0,alpha1p0,105,0,subject105_client0,5671,2,standing,814.07
1.0,alpha1p0,105,0,subject105_client0,5672,2,standing,815.35
1.0,alpha1p0,105,0,subject105_client0,5673,2,standing,816.63
1.0,alpha1p0,105,0,subject105_client0,5674,2,standing,817.91
1.0,alpha1p0,105,0,subject105_client0,5675,2,standing,819.19
1.0,alpha1p0,105,0,subject105_client0,5676,2,standing,820.47
1.0,alpha1p0,105,0,subject105_client0,5677,2,standing,821.75
1.0,alpha1p0,105,0,subject105_client0,5678,2,standing,823.03
1.0,alpha1p0,105,0,subject105_client0,5679,2,standing,824.31
1.0,alpha1p0,105,0,subject105_client0,5680,2,standing,825.59
1.0,alpha1p0,105,0,subject105_client0,5681,2,standing,826.87
1.0,alpha1p0,105,0,subject105_client0,5682,2,standing,828.15
1.0,alpha1p0,105,0,subject105_client0,5683,2,standing,829.43
1.0,alpha1p0,105,0,subject105_client0,5684,2,standing,830.71
1.0,alpha1p0,105,0,subject105_client0,5685,2,standing,831.99
1.0,alpha1p0,105,0,subject105_client0,5686,2,standing,833.27
1.0,alpha1p0,105,0,subject105_client0,5687,2,standing,834.55
1.0,alpha1p0,105,0,subject105_client0,5688,2,standing,835.83
1.0,alpha1p0,105,0,subject105_client0,5689,2,standing,837.11
1.0,alpha1p0,105,0,subject105_client0,5690,2,standing,838.39
1.0,alpha1p0,105,0,subject105_client0,5691,2,standing,839.67
1.0,alpha1p0,105,0,subject105_client0,5692,2,standing,840.95
1.0,alpha1p0,105,0,subject105_client0,5693,2,standing,842.23
1.0,alpha1p0,105,0,subject105_client0,5694,2,standing,843.51
1.0,alpha1p0,105,0,subject105_client0,5695,2,standing,844.79
1.0,alpha1p0,105,0,subject105_client0,5696,2,standing,846.07
1.0,alpha1p0,105,0,subject105_client0,5697,2,standing,847.35
1.0,alpha1p0,105,0,subject105_client0,5698,2,standing,848.63
1.0,alpha1p0,105,0,subject105_client0,5699,2,standing,849.91
1.0,alpha1p0,105,0,subject105_client0,5700,2,standing,851.19
1.0,alpha1p0,105,0,subject105_client0,5701,2,standing,852.47
1.0,alpha1p0,105,0,subject105_client0,5702,2,standing,853.75
1.0,alpha1p0,105,0,subject105_client0,5703,2,standing,855.03
1.0,alpha1p0,105,0,subject105_client0,5704,2,standing,856.31
1.0,alpha1p0,105,0,subject105_client0,5705,2,standing,857.59
1.0,alpha1p0,105,0,subject105_client0,5706,2,standing,858.87
1.0,alpha1p0,105,0,subject105_client0,5707,2,standing,860.15
1.0,alpha1p0,105,0,subject105_client0,5708,2,standing,861.43
1.0,alpha1p0,105,0,subject105_client0,5709,2,standing,862.71
1.0,alpha1p0,105,0,subject105_client0,5710,2,standing,863.99
1.0,alpha1p0,105,0,subject105_client0,5711,2,standing,865.27
1.0,alpha1p0,105,0,subject105_client0,5712,2,standing,866.55
1.0,alpha1p0,105,0,subject105_client0,5713,2,standing,867.83
1.0,alpha1p0,105,0,subject105_client0,5714,2,standing,869.11
1.0,alpha1p0,105,0,subject105_client0,5715,2,standing,870.39
1.0,alpha1p0,105,0,subject105_client0,5716,2,standing,871.67
1.0,alpha1p0,105,0,subject105_client0,5717,2,standing,872.95
1.0,alpha1p0,105,1,subject105_client1,5719,2,standing,875.51
1.0,alpha1p0,105,1,subject105_client1,5720,2,standing,876.79
1.0,alpha1p0,105,1,subject105_client1,5721,2,standing,878.07
1.0,alpha1p0,105,1,subject105_client1,5722,2,standing,879.35
1.0,alpha1p0,105,1,subject105_client1,5723,2,standing,880.63
1.0,alpha1p0,105,1,subject105_client1,5724,2,standing,881.91
1.0,alpha1p0,105,1,subject105_client1,5725,2,standing,883.19
1.0,alpha1p0,105,1,subject105_client1,5726,2,standing,884.47
1.0,alpha1p0,105,1,subject105_client1,5727,2,standing,885.75
1.0,alpha1p0,105,1,subject105_client1,5728,2,standing,887.03
1.0,alpha1p0,105,1,subject105_client1,5729,2,standing,888.31
1.0,alpha1p0,105,1,subject105_client1,5730,2,standing,889.59
1.0,alpha1p0,105,1,subject105_client1,5731,2,standing,890.87
1.0,alpha1p0,105,1,subject105_client1,5732,2,standing,892.15
1.0,alpha1p0,105,1,subject105_client1,5733,2,standing,893.43
1.0,alpha1p0,105,1,subject105_client1,5734,2,standing,894.71
1.0,alpha1p0,105,1,subject105_client1,5735,2,standing,895.99
1.0,alpha1p0,105,1,subject105_client1,5736,2,standing,897.27
1.0,alpha1p0,105,0,subject105_client0,5737,10,ironing,900.99
1.0,alpha1p0,105,0,subject105_client0,5738,10,ironing,902.27
1.0,alpha1p0,105,0,subject105_client0,5739,10,ironing,903.55
1.0,alpha1p0,105,0,subject105_client0,5740,10,ironing,904.83
1.0,alpha1p0,105,0,subject105_client0,5741,10,ironing,906.11
1.0,alpha1p0,105,0,subject105_client0,5742,10,ironing,907.39
1.0,alpha1p0,105,0,subject105_client0,5743,10,ironing,908.67
1.0,alpha1p0,105,0,subject105_client0,5744,10,ironing,909.95
1.0,alpha1p0,105,0,subject105_client0,5745,10,ironing,911.23
1.0,alpha1p0,105,0,subject105_client0,5746,10,ironing,912.51
1.0,alpha1p0,105,0,subject105_client0,5747,10,ironing,913.79
1.0,alpha1p0,105,0,subject105_client0,5748,10,ironing,915.07
1.0,alpha1p0,105,0,subject105_client0,5749,10,ironing,916.35
1.0,alpha1p0,105,0,subject105_client0,5750,10,ironing,917.63
1.0,alpha1p0,105,0,subject105_client0,5751,10,ironing,918.91
1.0,alpha1p0,105,0,subject105_client0,5752,10,ironing,920.19
1.0,alpha1p0,105,0,subject105_client0,5753,10,ironing,921.47
1.0,alpha1p0,105,0,subject105_client0,5754,10,ironing,922.75
1.0,alpha1p0,105,0,subject105_client0,5755,10,ironing,924.03
1.0,alpha1p0,105,0,subject105_client0,5756,10,ironing,925.31
1.0,alpha1p0,105,0,subject105_client0,5757,10,ironing,926.59
1.0,alpha1p0,105,0,subject105_client0,5758,10,ironing,927.87
1.0,alpha1p0,105,0,subject105_client0,5759,10,ironing,929.15
1.0,alpha1p0,105,0,subject105_client0,5760,10,ironing,930.43
1.0,alpha1p0,105,0,subject105_client0,5761,10,ironing,931.71
1.0,alpha1p0,105,0,subject105_client0,5762,10,ironing,932.99
1.0,alpha1p0,105,0,subject105_client0,5763,10,ironing,934.27
1.0,alpha1p0,105,0,subject105_client0,5764,10,ironing,935.55
1.0,alpha1p0,105,0,subject105_client0,5765,10,ironing,936.83
1.0,alpha1p0,105,0,subject105_client0,5766,10,ironing,938.11
1.0,alpha1p0,105,0,subject105_client0,5767,10,ironing,939.39
1.0,alpha1p0,105,0,subject105_client0,5768,10,ironing,940.67
1.0,alpha1p0,105,0,subject105_client0,5769,10,ironing,941.95
1.0,alpha1p0,105,0,subject105_client0,5770,10,ironing,943.23
1.0,alpha1p0,105,0,subject105_client0,5771,10,ironing,944.51
1.0,alpha1p0,105,0,subject105_client0,5772,10,ironing,945.79
1.0,alpha1p0,105,0,subject105_client0,5773,10,ironing,947.07
1.0,alpha1p0,105,0,subject105_client0,5774,10,ironing,948.35
1.0,alpha1p0,105,0,subject105_client0,5775,10,ironing,949.63
1.0,alpha1p0,105,0,subject105_client0,5776,10,ironing,950.91
1.0,alpha1p0,105,0,subject105_client0,5777,10,ironing,952.19
1.0,alpha1p0,105,0,subject105_client0,5778,10,ironing,953.47
1.0,alpha1p0,105,0,subject105_client0,5779,10,ironing,954.75
1.0,alpha1p0,105,0,subject105_client0,5780,10,ironing,956.03
1.0,alpha1p0,105,2,subject105_client2,5782,10,ironing,958.59
1.0,alpha1p0,105,2,subject105_client2,5783,10,ironing,959.87
1.0,alpha1p0,105,2,subject105_client2,5784,10,ironing,961.15
1.0,alpha1p0,105,2,subject105_client2,5785,10,ironing,962.43
1.0,alpha1p0,105,2,subject105_client2,5786,10,ironing,963.71
1.0,alpha1p0,105,2,subject105_client2,5787,10,ironing,964.99
1.0,alpha1p0,105,2,subject105_client2,5788,10,ironing,966.27
1.0,alpha1p0,105,2,subject105_client2,5789,10,ironing,967.55
1.0,alpha1p0,105,2,subject105_client2,5790,10,ironing,968.83
1.0,alpha1p0,105,2,subject105_client2,5791,10,ironing,970.11
1.0,alpha1p0,105,2,subject105_client2,5792,10,ironing,971.39
1.0,alpha1p0,105,2,subject105_client2,5793,10,ironing,972.67
1.0,alpha1p0,105,2,subject105_client2,5794,10,ironing,973.95
1.0,alpha1p0,105,2,subject105_client2,5795,10,ironing,975.23
1.0,alpha1p0,105,2,subject105_client2,5796,10,ironing,976.51
1.0,alpha1p0,105,2,subject105_client2,5797,10,ironing,977.79
1.0,alpha1p0,105,2,subject105_client2,5798,10,ironing,979.07
1.0,alpha1p0,105,2,subject105_client2,5799,10,ironing,980.35
1.0,alpha1p0,105,2,subject105_client2,5800,10,ironing,981.63
1.0,alpha1p0,105,2,subject105_client2,5801,10,ironing,982.91
1.0,alpha1p0,105,2,subject105_client2,5802,10,ironing,984.19
1.0,alpha1p0,105,2,subject105_client2,5803,10,ironing,985.47
1.0,alpha1p0,105,2,subject105_client2,5804,10,ironing,986.75
1.0,alpha1p0,105,2,subject105_client2,5805,10,ironing,988.03
1.0,alpha1p0,105,2,subject105_client2,5806,10,ironing,989.31
1.0,alpha1p0,105,2,subject105_client2,5807,10,ironing,990.59
1.0,alpha1p0,105,2,subject105_client2,5808,10,ironing,991.87
1.0,alpha1p0,105,2,subject105_client2,5809,10,ironing,993.15
1.0,alpha1p0,105,2,subject105_client2,5810,10,ironing,994.43
1.0,alpha1p0,105,2,subject105_client2,5811,10,ironing,995.71
1.0,alpha1p0,105,2,subject105_client2,5812,10,ironing,996.99
1.0,alpha1p0,105,2,subject105_client2,5813,10,ironing,998.27
1.0,alpha1p0,105,2,subject105_client2,5814,10,ironing,999.55
1.0,alpha1p0,105,2,subject105_client2,5815,10,ironing,1000.83
1.0,alpha1p0,105,2,subject105_client2,5816,10,ironing,1002.11
1.0,alpha1p0,105,2,subject105_client2,5817,10,ironing,1003.39
1.0,alpha1p0,105,2,subject105_client2,5818,10,ironing,1004.67
1.0,alpha1p0,105,1,subject105_client1,5820,10,ironing,1007.23
1.0,alpha1p0,105,1,subject105_client1,5821,10,ironing,1008.51
1.0,alpha1p0,105,1,subject105_client1,5822,10,ironing,1009.79
1.0,alpha1p0,105,1,subject105_client1,5823,10,ironing,1011.07
1.0,alpha1p0,105,1,subject105_client1,5824,10,ironing,1012.35
1.0,alpha1p0,105,1,subject105_client1,5825,10,ironing,1013.63
1.0,alpha1p0,105,1,subject105_client1,5826,10,ironing,1014.91
1.0,alpha1p0,105,1,subject105_client1,5827,10,ironing,1016.19
1.0,alpha1p0,105,1,subject105_client1,5828,10,ironing,1017.47
1.0,alpha1p0,105,1,subject105_client1,5829,10,ironing,1018.75
1.0,alpha1p0,105,1,subject105_client1,5830,10,ironing,1020.03
1.0,alpha1p0,105,1,subject105_client1,5831,10,ironing,1021.31
1.0,alpha1p0,105,1,subject105_client1,5832,10,ironing,1022.59
1.0,alpha1p0,105,1,subject105_client1,5833,10,ironing,1023.87
1.0,alpha1p0,105,1,subject105_client1,5834,10,ironing,1025.15
1.0,alpha1p0,105,1,subject105_client1,5835,10,ironing,1026.43
1.0,alpha1p0,105,1,subject105_client1,5836,10,ironing,1027.71
1.0,alpha1p0,105,1,subject105_client1,5837,10,ironing,1028.99
1.0,alpha1p0,105,1,subject105_client1,5838,10,ironing,1030.27
1.0,alpha1p0,105,1,subject105_client1,5839,10,ironing,1031.55
1.0,alpha1p0,105,1,subject105_client1,5840,10,ironing,1032.83
1.0,alpha1p0,105,1,subject105_client1,5841,10,ironing,1034.11
1.0,alpha1p0,105,1,subject105_client1,5842,10,ironing,1035.39
1.0,alpha1p0,105,1,subject105_client1,5843,10,ironing,1036.67
1.0,alpha1p0,105,1,subject105_client1,5844,10,ironing,1037.95
1.0,alpha1p0,105,1,subject105_client1,5845,10,ironing,1039.23
1.0,alpha1p0,105,1,subject105_client1,5846,10,ironing,1040.51
1.0,alpha1p0,105,1,subject105_client1,5847,10,ironing,1041.79
1.0,alpha1p0,105,1,subject105_client1,5848,10,ironing,1043.07
1.0,alpha1p0,105,1,subject105_client1,5849,10,ironing,1044.35
1.0,alpha1p0,105,1,subject105_client1,5850,10,ironing,1045.63
1.0,alpha1p0,105,1,subject105_client1,5851,10,ironing,1046.91
1.0,alpha1p0,105,1,subject105_client1,5852,10,ironing,1048.19
1.0,alpha1p0,105,1,subject105_client1,5853,10,ironing,1049.47
1.0,alpha1p0,105,1,subject105_client1,5854,10,ironing,1050.75
1.0,alpha1p0,105,1,subject105_client1,5855,10,ironing,1052.03
1.0,alpha1p0,105,1,subject105_client1,5856,10,ironing,1053.31
1.0,alpha1p0,105,1,subject105_client1,5857,10,ironing,1054.59
1.0,alpha1p0,105,1,subject105_client1,5858,10,ironing,1055.87
1.0,alpha1p0,105,1,subject105_client1,5859,10,ironing,1057.15
1.0,alpha1p0,105,1,subject105_client1,5860,10,ironing,1058.43
1.0,alpha1p0,105,1,subject105_client1,5861,10,ironing,1059.71
1.0,alpha1p0,105,1,subject105_client1,5862,10,ironing,1060.99
1.0,alpha1p0,105,1,subject105_client1,5863,10,ironing,1062.27
1.0,alpha1p0,105,1,subject105_client1,5864,10,ironing,1063.55
1.0,alpha1p0,105,1,subject105_client1,5865,10,ironing,1064.83
1.0,alpha1p0,105,1,subject105_client1,5866,10,ironing,1066.11
1.0,alpha1p0,105,1,subject105_client1,5867,10,ironing,1067.39
1.0,alpha1p0,105,1,subject105_client1,5868,10,ironing,1068.67
1.0,alpha1p0,105,1,subject105_client1,5869,10,ironing,1069.95
1.0,alpha1p0,105,1,subject105_client1,5870,10,ironing,1071.23
1.0,alpha1p0,105,1,subject105_client1,5871,10,ironing,1072.51
1.0,alpha1p0,105,1,subject105_client1,5872,10,ironing,1073.79
1.0,alpha1p0,105,1,subject105_client1,5873,10,ironing,1075.07
1.0,alpha1p0,105,1,subject105_client1,5874,10,ironing,1076.35
1.0,alpha1p0,105,1,subject105_client1,5875,10,ironing,1077.63
1.0,alpha1p0,105,1,subject105_client1,5876,10,ironing,1078.91
1.0,alpha1p0,105,1,subject105_client1,5877,10,ironing,1080.19
1.0,alpha1p0,105,1,subject105_client1,5878,10,ironing,1081.47
1.0,alpha1p0,105,1,subject105_client1,5879,10,ironing,1082.75
1.0,alpha1p0,105,1,subject105_client1,5880,10,ironing,1084.03
1.0,alpha1p0,105,1,subject105_client1,5881,10,ironing,1085.31
1.0,alpha1p0,105,1,subject105_client1,5882,10,ironing,1086.59
1.0,alpha1p0,105,1,subject105_client1,5883,10,ironing,1087.87
1.0,alpha1p0,105,1,subject105_client1,5884,10,ironing,1089.15
1.0,alpha1p0,105,1,subject105_client1,5885,10,ironing,1090.43
1.0,alpha1p0,105,1,subject105_client1,5886,10,ironing,1091.71
1.0,alpha1p0,105,1,subject105_client1,5887,10,ironing,1092.99
1.0,alpha1p0,105,1,subject105_client1,5888,10,ironing,1094.27
1.0,alpha1p0,105,1,subject105_client1,5889,10,ironing,1095.55
1.0,alpha1p0,105,1,subject105_client1,5890,10,ironing,1096.83
1.0,alpha1p0,105,1,subject105_client1,5891,10,ironing,1098.11
1.0,alpha1p0,105,1,subject105_client1,5892,10,ironing,1099.39
1.0,alpha1p0,105,1,subject105_client1,5893,10,ironing,1100.67
1.0,alpha1p0,105,1,subject105_client1,5894,10,ironing,1101.95
1.0,alpha1p0,105,1,subject105_client1,5895,10,ironing,1103.23
1.0,alpha1p0,105,1,subject105_client1,5896,10,ironing,1104.51
1.0,alpha1p0,105,1,subject105_client1,5897,10,ironing,1105.79
1.0,alpha1p0,105,1,subject105_client1,5898,10,ironing,1107.07
1.0,alpha1p0,105,1,subject105_client1,5899,10,ironing,1108.35
1.0,alpha1p0,105,1,subject105_client1,5900,10,ironing,1109.63
1.0,alpha1p0,105,1,subject105_client1,5901,10,ironing,1110.91
1.0,alpha1p0,105,1,subject105_client1,5902,10,ironing,1112.19
1.0,alpha1p0,105,1,subject105_client1,5903,10,ironing,1113.47
1.0,alpha1p0,105,3,subject105_client3,5905,10,ironing,1116.03
1.0,alpha1p0,105,3,subject105_client3,5906,10,ironing,1117.31
1.0,alpha1p0,105,3,subject105_client3,5907,10,ironing,1118.59
1.0,alpha1p0,105,3,subject105_client3,5908,10,ironing,1119.87
1.0,alpha1p0,105,3,subject105_client3,5909,10,ironing,1121.15
1.0,alpha1p0,105,3,subject105_client3,5910,10,ironing,1122.43
1.0,alpha1p0,105,3,subject105_client3,5911,10,ironing,1123.71
1.0,alpha1p0,105,3,subject105_client3,5912,10,ironing,1124.99
1.0,alpha1p0,105,3,subject105_client3,5913,10,ironing,1126.27
1.0,alpha1p0,105,3,subject105_client3,5914,10,ironing,1127.55
1.0,alpha1p0,105,3,subject105_client3,5915,10,ironing,1128.83
1.0,alpha1p0,105,3,subject105_client3,5916,10,ironing,1130.11
1.0,alpha1p0,105,3,subject105_client3,5917,10,ironing,1131.39
1.0,alpha1p0,105,3,subject105_client3,5918,10,ironing,1132.67
1.0,alpha1p0,105,3,subject105_client3,5919,10,ironing,1133.95
1.0,alpha1p0,105,3,subject105_client3,5920,10,ironing,1135.23
1.0,alpha1p0,105,3,subject105_client3,5921,10,ironing,1136.51
1.0,alpha1p0,105,3,subject105_client3,5922,10,ironing,1137.79
1.0,alpha1p0,105,3,subject105_client3,5923,10,ironing,1139.07
1.0,alpha1p0,105,3,subject105_client3,5924,10,ironing,1140.35
1.0,alpha1p0,105,3,subject105_client3,5925,10,ironing,1141.63
1.0,alpha1p0,105,3,subject105_client3,5926,10,ironing,1142.91
1.0,alpha1p0,105,3,subject105_client3,5927,10,ironing,1144.19
1.0,alpha1p0,105,3,subject105_client3,5928,10,ironing,1145.47
1.0,alpha1p0,105,3,subject105_client3,5929,10,ironing,1146.75
1.0,alpha1p0,105,3,subject105_client3,5930,10,ironing,1148.03
1.0,alpha1p0,105,3,subject105_client3,5931,10,ironing,1149.31
1.0,alpha1p0,105,3,subject105_client3,5932,10,ironing,1150.59
1.0,alpha1p0,105,3,subject105_client3,5933,10,ironing,1151.87
1.0,alpha1p0,105,3,subject105_client3,5934,10,ironing,1153.15
1.0,alpha1p0,105,3,subject105_client3,5935,10,ironing,1154.43
1.0,alpha1p0,105,3,subject105_client3,5936,10,ironing,1155.71
1.0,alpha1p0,105,3,subject105_client3,5937,10,ironing,1156.99
1.0,alpha1p0,105,3,subject105_client3,5938,10,ironing,1158.27
1.0,alpha1p0,105,3,subject105_client3,5939,10,ironing,1159.55
1.0,alpha1p0,105,3,subject105_client3,5940,10,ironing,1160.83
1.0,alpha1p0,105,3,subject105_client3,5941,10,ironing,1162.11
1.0,alpha1p0,105,3,subject105_client3,5942,10,ironing,1163.39
1.0,alpha1p0,105,3,subject105_client3,5943,10,ironing,1164.67
1.0,alpha1p0,105,3,subject105_client3,5944,10,ironing,1165.95
1.0,alpha1p0,105,3,subject105_client3,5945,10,ironing,1167.23
1.0,alpha1p0,105,3,subject105_client3,5946,10,ironing,1168.51
1.0,alpha1p0,105,3,subject105_client3,5947,10,ironing,1169.79
1.0,alpha1p0,105,3,subject105_client3,5948,10,ironing,1171.07
1.0,alpha1p0,105,3,subject105_client3,5949,10,ironing,1172.35
1.0,alpha1p0,105,3,subject105_client3,5950,10,ironing,1173.63
1.0,alpha1p0,105,3,subject105_client3,5951,10,ironing,1174.91
1.0,alpha1p0,105,3,subject105_client3,5952,10,ironing,1176.19
1.0,alpha1p0,105,3,subject105_client3,5953,10,ironing,1177.47
1.0,alpha1p0,105,3,subject105_client3,5954,10,ironing,1178.75
1.0,alpha1p0,105,3,subject105_client3,5955,10,ironing,1180.03
1.0,alpha1p0,105,3,subject105_client3,5956,10,ironing,1181.31
1.0,alpha1p0,105,3,subject105_client3,5957,10,ironing,1182.59
1.0,alpha1p0,105,3,subject105_client3,5958,10,ironing,1183.87
1.0,alpha1p0,105,3,subject105_client3,5959,10,ironing,1185.15
1.0,alpha1p0,105,3,subject105_client3,5960,10,ironing,1186.43
1.0,alpha1p0,105,3,subject105_client3,5961,10,ironing,1187.71
1.0,alpha1p0,105,3,subject105_client3,5962,10,ironing,1188.99
1.0,alpha1p0,105,3,subject105_client3,5963,10,ironing,1190.27
1.0,alpha1p0,105,3,subject105_client3,5964,10,ironing,1191.55
1.0,alpha1p0,105,3,subject105_client3,5965,10,ironing,1192.83
1.0,alpha1p0,105,3,subject105_client3,5966,10,ironing,1194.11
1.0,alpha1p0,105,3,subject105_client3,5967,10,ironing,1195.39
1.0,alpha1p0,105,3,subject105_client3,5968,10,ironing,1196.67
1.0,alpha1p0,105,3,subject105_client3,5969,10,ironing,1197.95
1.0,alpha1p0,105,3,subject105_client3,5970,10,ironing,1199.23
1.0,alpha1p0,105,3,subject105_client3,5971,10,ironing,1200.51
1.0,alpha1p0,105,3,subject105_client3,5972,10,ironing,1201.79
1.0,alpha1p0,105,3,subject105_client3,5973,10,ironing,1203.07
1.0,alpha1p0,105,3,subject105_client3,5974,10,ironing,1204.35
1.0,alpha1p0,105,3,subject105_client3,5975,10,ironing,1205.63
1.0,alpha1p0,105,3,subject105_client3,5976,10,ironing,1206.91
1.0,alpha1p0,105,3,subject105_client3,5977,10,ironing,1208.19
1.0,alpha1p0,105,3,subject105_client3,5978,10,ironing,1209.47
1.0,alpha1p0,105,3,subject105_client3,5979,10,ironing,1210.75
1.0,alpha1p0,105,3,subject105_client3,5980,10,ironing,1212.03
1.0,alpha1p0,105,3,subject105_client3,5981,10,ironing,1213.31
1.0,alpha1p0,105,3,subject105_client3,5982,10,ironing,1214.59
1.0,alpha1p0,105,3,subject105_client3,5983,10,ironing,1215.87
1.0,alpha1p0,105,3,subject105_client3,5984,10,ironing,1217.15
1.0,alpha1p0,105,3,subject105_client3,5985,10,ironing,1218.43
1.0,alpha1p0,105,3,subject105_client3,5986,10,ironing,1219.71
1.0,alpha1p0,105,3,subject105_client3,5987,10,ironing,1220.99
1.0,alpha1p0,105,3,subject105_client3,5988,10,ironing,1222.27
1.0,alpha1p0,105,3,subject105_client3,5989,10,ironing,1223.55
1.0,alpha1p0,105,3,subject105_client3,5990,10,ironing,1224.83
1.0,alpha1p0,105,3,subject105_client3,5991,10,ironing,1226.11
1.0,alpha1p0,105,3,subject105_client3,5992,10,ironing,1227.39
1.0,alpha1p0,105,3,subject105_client3,5993,10,ironing,1228.67
1.0,alpha1p0,105,0,subject105_client0,5994,9,vacuum cleaning,1296.3
1.0,alpha1p0,105,0,subject105_client0,5995,9,vacuum cleaning,1297.58
1.0,alpha1p0,105,0,subject105_client0,5996,9,vacuum cleaning,1298.86
1.0,alpha1p0,105,0,subject105_client0,5997,9,vacuum cleaning,1300.14
1.0,alpha1p0,105,0,subject105_client0,5998,9,vacuum cleaning,1301.42
1.0,alpha1p0,105,0,subject105_client0,5999,9,vacuum cleaning,1302.7
1.0,alpha1p0,105,0,subject105_client0,6000,9,vacuum cleaning,1303.98
1.0,alpha1p0,105,0,subject105_client0,6001,9,vacuum cleaning,1305.26
1.0,alpha1p0,105,0,subject105_client0,6002,9,vacuum cleaning,1306.54
1.0,alpha1p0,105,0,subject105_client0,6003,9,vacuum cleaning,1307.82
1.0,alpha1p0,105,0,subject105_client0,6004,9,vacuum cleaning,1309.1
1.0,alpha1p0,105,0,subject105_client0,6005,9,vacuum cleaning,1310.38
1.0,alpha1p0,105,0,subject105_client0,6006,9,vacuum cleaning,1311.66
1.0,alpha1p0,105,0,subject105_client0,6007,9,vacuum cleaning,1312.94
1.0,alpha1p0,105,0,subject105_client0,6008,9,vacuum cleaning,1314.22
1.0,alpha1p0,105,0,subject105_client0,6009,9,vacuum cleaning,1315.5
1.0,alpha1p0,105,0,subject105_client0,6010,9,vacuum cleaning,1316.78
1.0,alpha1p0,105,0,subject105_client0,6011,9,vacuum cleaning,1318.06
1.0,alpha1p0,105,0,subject105_client0,6012,9,vacuum cleaning,1319.34
1.0,alpha1p0,105,0,subject105_client0,6013,9,vacuum cleaning,1320.62
1.0,alpha1p0,105,0,subject105_client0,6014,9,vacuum cleaning,1321.9
1.0,alpha1p0,105,0,subject105_client0,6015,9,vacuum cleaning,1323.18
1.0,alpha1p0,105,0,subject105_client0,6016,9,vacuum cleaning,1324.46
1.0,alpha1p0,105,0,subject105_client0,6017,9,vacuum cleaning,1325.74
1.0,alpha1p0,105,0,subject105_client0,6018,9,vacuum cleaning,1327.02
1.0,alpha1p0,105,0,subject105_client0,6019,9,vacuum cleaning,1328.3
1.0,alpha1p0,105,0,subject105_client0,6020,9,vacuum cleaning,1329.58
1.0,alpha1p0,105,0,subject105_client0,6021,9,vacuum cleaning,1330.86
1.0,alpha1p0,105,0,subject105_client0,6022,9,vacuum cleaning,1332.14
1.0,alpha1p0,105,0,subject105_client0,6023,9,vacuum cleaning,1333.42
1.0,alpha1p0,105,0,subject105_client0,6024,9,vacuum cleaning,1334.7
1.0,alpha1p0,105,0,subject105_client0,6025,9,vacuum cleaning,1335.98
1.0,alpha1p0,105,0,subject105_client0,6026,9,vacuum cleaning,1337.26
1.0,alpha1p0,105,0,subject105_client0,6027,9,vacuum cleaning,1338.54
1.0,alpha1p0,105,0,subject105_client0,6028,9,vacuum cleaning,1339.82
1.0,alpha1p0,105,0,subject105_client0,6029,9,vacuum cleaning,1341.1
1.0,alpha1p0,105,0,subject105_client0,6030,9,vacuum cleaning,1342.38
1.0,alpha1p0,105,0,subject105_client0,6031,9,vacuum cleaning,1343.66
1.0,alpha1p0,105,0,subject105_client0,6032,9,vacuum cleaning,1344.94
1.0,alpha1p0,105,0,subject105_client0,6033,9,vacuum cleaning,1346.22
1.0,alpha1p0,105,0,subject105_client0,6034,9,vacuum cleaning,1347.5
1.0,alpha1p0,105,0,subject105_client0,6035,9,vacuum cleaning,1348.78
1.0,alpha1p0,105,0,subject105_client0,6036,9,vacuum cleaning,1350.06
1.0,alpha1p0,105,0,subject105_client0,6037,9,vacuum cleaning,1351.34
1.0,alpha1p0,105,0,subject105_client0,6038,9,vacuum cleaning,1352.62
1.0,alpha1p0,105,0,subject105_client0,6039,9,vacuum cleaning,1353.9
1.0,alpha1p0,105,0,subject105_client0,6040,9,vacuum cleaning,1355.18
1.0,alpha1p0,105,0,subject105_client0,6041,9,vacuum cleaning,1356.46
1.0,alpha1p0,105,0,subject105_client0,6042,9,vacuum cleaning,1357.74
1.0,alpha1p0,105,0,subject105_client0,6043,9,vacuum cleaning,1359.02
1.0,alpha1p0,105,0,subject105_client0,6044,9,vacuum cleaning,1360.3
1.0,alpha1p0,105,0,subject105_client0,6045,9,vacuum cleaning,1361.58
1.0,alpha1p0,105,0,subject105_client0,6046,9,vacuum cleaning,1362.86
1.0,alpha1p0,105,0,subject105_client0,6047,9,vacuum cleaning,1364.14
1.0,alpha1p0,105,0,subject105_client0,6048,9,vacuum cleaning,1365.42
1.0,alpha1p0,105,0,subject105_client0,6049,9,vacuum cleaning,1366.7
1.0,alpha1p0,105,0,subject105_client0,6050,9,vacuum cleaning,1367.98
1.0,alpha1p0,105,0,subject105_client0,6051,9,vacuum cleaning,1369.26
1.0,alpha1p0,105,0,subject105_client0,6052,9,vacuum cleaning,1370.54
1.0,alpha1p0,105,0,subject105_client0,6053,9,vacuum cleaning,1371.82
1.0,alpha1p0,105,0,subject105_client0,6054,9,vacuum cleaning,1373.1
1.0,alpha1p0,105,0,subject105_client0,6055,9,vacuum cleaning,1374.38
1.0,alpha1p0,105,0,subject105_client0,6056,9,vacuum cleaning,1375.66
1.0,alpha1p0,105,0,subject105_client0,6057,9,vacuum cleaning,1376.94
1.0,alpha1p0,105,0,subject105_client0,6058,9,vacuum cleaning,1378.22
1.0,alpha1p0,105,0,subject105_client0,6059,9,vacuum cleaning,1379.5
1.0,alpha1p0,105,0,subject105_client0,6060,9,vacuum cleaning,1380.78
1.0,alpha1p0,105,0,subject105_client0,6061,9,vacuum cleaning,1382.06
1.0,alpha1p0,105,0,subject105_client0,6062,9,vacuum cleaning,1383.34
1.0,alpha1p0,105,0,subject105_client0,6063,9,vacuum cleaning,1384.62
1.0,alpha1p0,105,0,subject105_client0,6064,9,vacuum cleaning,1385.9
1.0,alpha1p0,105,0,subject105_client0,6065,9,vacuum cleaning,1387.18
1.0,alpha1p0,105,0,subject105_client0,6066,9,vacuum cleaning,1388.46
1.0,alpha1p0,105,0,subject105_client0,6067,9,vacuum cleaning,1389.74
1.0,alpha1p0,105,0,subject105_client0,6068,9,vacuum cleaning,1391.02
1.0,alpha1p0,105,2,subject105_client2,6070,9,vacuum cleaning,1393.58
1.0,alpha1p0,105,2,subject105_client2,6071,9,vacuum cleaning,1394.86
1.0,alpha1p0,105,2,subject105_client2,6072,9,vacuum cleaning,1396.14
1.0,alpha1p0,105,2,subject105_client2,6073,9,vacuum cleaning,1397.42
1.0,alpha1p0,105,2,subject105_client2,6074,9,vacuum cleaning,1398.7
1.0,alpha1p0,105,2,subject105_client2,6075,9,vacuum cleaning,1399.98
1.0,alpha1p0,105,2,subject105_client2,6076,9,vacuum cleaning,1401.26
1.0,alpha1p0,105,2,subject105_client2,6077,9,vacuum cleaning,1402.54
1.0,alpha1p0,105,2,subject105_client2,6078,9,vacuum cleaning,1403.82
1.0,alpha1p0,105,2,subject105_client2,6079,9,vacuum cleaning,1405.1
1.0,alpha1p0,105,2,subject105_client2,6080,9,vacuum cleaning,1406.38
1.0,alpha1p0,105,2,subject105_client2,6081,9,vacuum cleaning,1407.66
1.0,alpha1p0,105,2,subject105_client2,6082,9,vacuum cleaning,1408.94
1.0,alpha1p0,105,2,subject105_client2,6083,9,vacuum cleaning,1410.22
1.0,alpha1p0,105,2,subject105_client2,6084,9,vacuum cleaning,1411.5
1.0,alpha1p0,105,2,subject105_client2,6085,9,vacuum cleaning,1412.78
1.0,alpha1p0,105,2,subject105_client2,6086,9,vacuum cleaning,1414.06
1.0,alpha1p0,105,2,subject105_client2,6087,9,vacuum cleaning,1415.34
1.0,alpha1p0,105,2,subject105_client2,6088,9,vacuum cleaning,1416.62
1.0,alpha1p0,105,2,subject105_client2,6089,9,vacuum cleaning,1417.9
1.0,alpha1p0,105,2,subject105_client2,6090,9,vacuum cleaning,1419.18
1.0,alpha1p0,105,2,subject105_client2,6091,9,vacuum cleaning,1420.46
1.0,alpha1p0,105,2,subject105_client2,6092,9,vacuum cleaning,1421.74
1.0,alpha1p0,105,2,subject105_client2,6093,9,vacuum cleaning,1423.02
1.0,alpha1p0,105,2,subject105_client2,6094,9,vacuum cleaning,1424.3
1.0,alpha1p0,105,2,subject105_client2,6095,9,vacuum cleaning,1425.58
1.0,alpha1p0,105,2,subject105_client2,6096,9,vacuum cleaning,1426.86
1.0,alpha1p0,105,2,subject105_client2,6097,9,vacuum cleaning,1428.14
1.0,alpha1p0,105,2,subject105_client2,6098,9,vacuum cleaning,1429.42
1.0,alpha1p0,105,2,subject105_client2,6099,9,vacuum cleaning,1430.7
1.0,alpha1p0,105,2,subject105_client2,6100,9,vacuum cleaning,1431.98
1.0,alpha1p0,105,2,subject105_client2,6101,9,vacuum cleaning,1433.26
1.0,alpha1p0,105,2,subject105_client2,6102,9,vacuum cleaning,1434.54
1.0,alpha1p0,105,2,subject105_client2,6103,9,vacuum cleaning,1435.82
1.0,alpha1p0,105,2,subject105_client2,6104,9,vacuum cleaning,1437.1
1.0,alpha1p0,105,2,subject105_client2,6105,9,vacuum cleaning,1438.38
1.0,alpha1p0,105,2,subject105_client2,6106,9,vacuum cleaning,1439.66
1.0,alpha1p0,105,2,subject105_client2,6107,9,vacuum cleaning,1440.94
1.0,alpha1p0,105,2,subject105_client2,6108,9,vacuum cleaning,1442.22
1.0,alpha1p0,105,2,subject105_client2,6109,9,vacuum cleaning,1443.5
1.0,alpha1p0,105,2,subject105_client2,6110,9,vacuum cleaning,1444.78
1.0,alpha1p0,105,2,subject105_client2,6111,9,vacuum cleaning,1446.06
1.0,alpha1p0,105,2,subject105_client2,6112,9,vacuum cleaning,1447.34
1.0,alpha1p0,105,1,subject105_client1,6114,9,vacuum cleaning,1449.9
1.0,alpha1p0,105,1,subject105_client1,6115,9,vacuum cleaning,1451.18
1.0,alpha1p0,105,1,subject105_client1,6116,9,vacuum cleaning,1452.46
1.0,alpha1p0,105,1,subject105_client1,6117,9,vacuum cleaning,1453.74
1.0,alpha1p0,105,1,subject105_client1,6118,9,vacuum cleaning,1455.02
1.0,alpha1p0,105,1,subject105_client1,6119,9,vacuum cleaning,1456.3
1.0,alpha1p0,105,1,subject105_client1,6120,9,vacuum cleaning,1457.58
1.0,alpha1p0,105,1,subject105_client1,6121,9,vacuum cleaning,1458.86
1.0,alpha1p0,105,1,subject105_client1,6122,9,vacuum cleaning,1460.14
1.0,alpha1p0,105,1,subject105_client1,6123,9,vacuum cleaning,1461.42
1.0,alpha1p0,105,1,subject105_client1,6124,9,vacuum cleaning,1462.7
1.0,alpha1p0,105,1,subject105_client1,6125,9,vacuum cleaning,1463.98
1.0,alpha1p0,105,1,subject105_client1,6126,9,vacuum cleaning,1465.26
1.0,alpha1p0,105,1,subject105_client1,6127,9,vacuum cleaning,1466.54
1.0,alpha1p0,105,1,subject105_client1,6128,9,vacuum cleaning,1467.82
1.0,alpha1p0,105,1,subject105_client1,6129,9,vacuum cleaning,1469.1
1.0,alpha1p0,105,1,subject105_client1,6130,9,vacuum cleaning,1470.38
1.0,alpha1p0,105,1,subject105_client1,6131,9,vacuum cleaning,1471.66
1.0,alpha1p0,105,1,subject105_client1,6132,9,vacuum cleaning,1472.94
1.0,alpha1p0,105,1,subject105_client1,6133,9,vacuum cleaning,1474.22
1.0,alpha1p0,105,1,subject105_client1,6134,9,vacuum cleaning,1475.5
1.0,alpha1p0,105,1,subject105_client1,6135,9,vacuum cleaning,1476.78
1.0,alpha1p0,105,1,subject105_client1,6136,9,vacuum cleaning,1478.06
1.0,alpha1p0,105,1,subject105_client1,6137,9,vacuum cleaning,1479.34
1.0,alpha1p0,105,1,subject105_client1,6138,9,vacuum cleaning,1480.62
1.0,alpha1p0,105,1,subject105_client1,6139,9,vacuum cleaning,1481.9
1.0,alpha1p0,105,1,subject105_client1,6140,9,vacuum cleaning,1483.18
1.0,alpha1p0,105,1,subject105_client1,6141,9,vacuum cleaning,1484.46
1.0,alpha1p0,105,1,subject105_client1,6142,9,vacuum cleaning,1485.74
1.0,alpha1p0,105,1,subject105_client1,6143,9,vacuum cleaning,1487.02
1.0,alpha1p0,105,1,subject105_client1,6144,9,vacuum cleaning,1488.3
1.0,alpha1p0,105,1,subject105_client1,6145,9,vacuum cleaning,1489.58
1.0,alpha1p0,105,1,subject105_client1,6146,9,vacuum cleaning,1490.86
1.0,alpha1p0,105,1,subject105_client1,6147,9,vacuum cleaning,1492.14
1.0,alpha1p0,105,1,subject105_client1,6148,9,vacuum cleaning,1493.42
1.0,alpha1p0,105,1,subject105_client1,6149,9,vacuum cleaning,1494.7
1.0,alpha1p0,105,1,subject105_client1,6150,9,vacuum cleaning,1495.98
1.0,alpha1p0,105,1,subject105_client1,6151,9,vacuum cleaning,1497.26
1.0,alpha1p0,105,1,subject105_client1,6152,9,vacuum cleaning,1498.54
1.0,alpha1p0,105,1,subject105_client1,6153,9,vacuum cleaning,1499.82
1.0,alpha1p0,105,1,subject105_client1,6154,9,vacuum cleaning,1501.1
1.0,alpha1p0,105,1,subject105_client1,6155,9,vacuum cleaning,1502.38
1.0,alpha1p0,105,1,subject105_client1,6156,9,vacuum cleaning,1503.66
1.0,alpha1p0,105,1,subject105_client1,6157,9,vacuum cleaning,1504.94
1.0,alpha1p0,105,1,subject105_client1,6158,9,vacuum cleaning,1506.22
1.0,alpha1p0,105,1,subject105_client1,6159,9,vacuum cleaning,1507.5
1.0,alpha1p0,105,1,subject105_client1,6160,9,vacuum cleaning,1508.78
1.0,alpha1p0,105,1,subject105_client1,6161,9,vacuum cleaning,1510.06
1.0,alpha1p0,105,1,subject105_client1,6162,9,vacuum cleaning,1511.34
1.0,alpha1p0,105,3,subject105_client3,6164,9,vacuum cleaning,1513.9
1.0,alpha1p0,105,3,subject105_client3,6165,9,vacuum cleaning,1515.18
1.0,alpha1p0,105,3,subject105_client3,6166,9,vacuum cleaning,1516.46
1.0,alpha1p0,105,3,subject105_client3,6167,9,vacuum cleaning,1517.74
1.0,alpha1p0,105,3,subject105_client3,6168,9,vacuum cleaning,1519.02
1.0,alpha1p0,105,3,subject105_client3,6169,9,vacuum cleaning,1520.3
1.0,alpha1p0,105,3,subject105_client3,6170,9,vacuum cleaning,1521.58
1.0,alpha1p0,105,3,subject105_client3,6171,9,vacuum cleaning,1522.86
1.0,alpha1p0,105,3,subject105_client3,6172,9,vacuum cleaning,1524.14
1.0,alpha1p0,105,3,subject105_client3,6173,9,vacuum cleaning,1525.42
1.0,alpha1p0,105,3,subject105_client3,6174,9,vacuum cleaning,1526.7
1.0,alpha1p0,105,3,subject105_client3,6175,9,vacuum cleaning,1527.98
1.0,alpha1p0,105,3,subject105_client3,6176,9,vacuum cleaning,1529.26
1.0,alpha1p0,105,3,subject105_client3,6177,9,vacuum cleaning,1530.54
1.0,alpha1p0,105,3,subject105_client3,6178,9,vacuum cleaning,1531.82
1.0,alpha1p0,105,3,subject105_client3,6179,9,vacuum cleaning,1533.1
1.0,alpha1p0,105,3,subject105_client3,6180,9,vacuum cleaning,1534.38
1.0,alpha1p0,105,3,subject105_client3,6181,9,vacuum cleaning,1535.66
1.0,alpha1p0,105,3,subject105_client3,6182,9,vacuum cleaning,1536.94
1.0,alpha1p0,105,0,subject105_client0,6183,7,ascending stairs,1661.34
1.0,alpha1p0,105,0,subject105_client0,6184,7,ascending stairs,1662.62
1.0,alpha1p0,105,0,subject105_client0,6185,7,ascending stairs,1663.9
1.0,alpha1p0,105,0,subject105_client0,6186,7,ascending stairs,1665.18
1.0,alpha1p0,105,0,subject105_client0,6187,7,ascending stairs,1666.46
1.0,alpha1p0,105,0,subject105_client0,6188,7,ascending stairs,1667.74
1.0,alpha1p0,105,0,subject105_client0,6189,7,ascending stairs,1669.02
1.0,alpha1p0,105,0,subject105_client0,6190,7,ascending stairs,1670.3
1.0,alpha1p0,105,0,subject105_client0,6191,7,ascending stairs,1671.58
1.0,alpha1p0,105,0,subject105_client0,6192,7,ascending stairs,1672.86
1.0,alpha1p0,105,0,subject105_client0,6193,7,ascending stairs,1674.14
1.0,alpha1p0,105,0,subject105_client0,6194,7,ascending stairs,1675.42
1.0,alpha1p0,105,0,subject105_client0,6195,7,ascending stairs,1676.7
1.0,alpha1p0,105,0,subject105_client0,6196,7,ascending stairs,1677.98
1.0,alpha1p0,105,0,subject105_client0,6197,7,ascending stairs,1679.26
1.0,alpha1p0,105,0,subject105_client0,6198,7,ascending stairs,1680.54
1.0,alpha1p0,105,0,subject105_client0,6199,7,ascending stairs,1681.82
1.0,alpha1p0,105,0,subject105_client0,6200,7,ascending stairs,1683.1
1.0,alpha1p0,105,0,subject105_client0,6201,7,ascending stairs,1684.38
1.0,alpha1p0,105,0,subject105_client0,6202,7,ascending stairs,1685.66
1.0,alpha1p0,105,0,subject105_client0,6203,7,ascending stairs,1686.94
1.0,alpha1p0,105,0,subject105_client0,6204,7,ascending stairs,1688.22
1.0,alpha1p0,105,0,subject105_client0,6205,7,ascending stairs,1689.5
1.0,alpha1p0,105,0,subject105_client0,6206,7,ascending stairs,1690.78
1.0,alpha1p0,105,0,subject105_client0,6207,7,ascending stairs,1692.06
1.0,alpha1p0,105,0,subject105_client0,6208,7,ascending stairs,1693.34
1.0,alpha1p0,105,0,subject105_client0,6209,7,ascending stairs,1694.62
1.0,alpha1p0,105,0,subject105_client0,6210,7,ascending stairs,1695.9
1.0,alpha1p0,105,0,subject105_client0,6211,7,ascending stairs,1697.18
1.0,alpha1p0,105,0,subject105_client0,6212,7,ascending stairs,1698.46
1.0,alpha1p0,105,0,subject105_client0,6213,7,ascending stairs,1699.74
1.0,alpha1p0,105,0,subject105_client0,6214,7,ascending stairs,1701.02
1.0,alpha1p0,105,2,subject105_client2,6216,7,ascending stairs,1703.58
1.0,alpha1p0,105,2,subject105_client2,6217,7,ascending stairs,1704.86
1.0,alpha1p0,105,2,subject105_client2,6218,7,ascending stairs,1706.14
1.0,alpha1p0,105,2,subject105_client2,6219,7,ascending stairs,1707.42
1.0,alpha1p0,105,2,subject105_client2,6220,7,ascending stairs,1708.7
1.0,alpha1p0,105,2,subject105_client2,6221,7,ascending stairs,1709.98
1.0,alpha1p0,105,2,subject105_client2,6222,7,ascending stairs,1711.26
1.0,alpha1p0,105,2,subject105_client2,6223,7,ascending stairs,1712.54
1.0,alpha1p0,105,2,subject105_client2,6224,7,ascending stairs,1713.82
1.0,alpha1p0,105,3,subject105_client3,6226,7,ascending stairs,1716.38
1.0,alpha1p0,105,3,subject105_client3,6227,7,ascending stairs,1717.66
1.0,alpha1p0,105,3,subject105_client3,6228,7,ascending stairs,1718.94
1.0,alpha1p0,105,0,subject105_client0,6229,8,descending stairs,1788.73
1.0,alpha1p0,105,0,subject105_client0,6230,8,descending stairs,1790.01
1.0,alpha1p0,105,0,subject105_client0,6231,8,descending stairs,1791.29
1.0,alpha1p0,105,0,subject105_client0,6232,8,descending stairs,1792.57
1.0,alpha1p0,105,0,subject105_client0,6233,8,descending stairs,1793.85
1.0,alpha1p0,105,0,subject105_client0,6234,8,descending stairs,1795.13
1.0,alpha1p0,105,0,subject105_client0,6235,8,descending stairs,1796.41
1.0,alpha1p0,105,0,subject105_client0,6236,8,descending stairs,1797.69
1.0,alpha1p0,105,0,subject105_client0,6237,8,descending stairs,1798.97
1.0,alpha1p0,105,0,subject105_client0,6238,8,descending stairs,1800.25
1.0,alpha1p0,105,0,subject105_client0,6239,8,descending stairs,1801.53
1.0,alpha1p0,105,0,subject105_client0,6240,8,descending stairs,1802.81
1.0,alpha1p0,105,0,subject105_client0,6241,8,descending stairs,1804.09
1.0,alpha1p0,105,1,subject105_client1,6243,8,descending stairs,1806.65
1.0,alpha1p0,105,1,subject105_client1,6244,8,descending stairs,1807.93
1.0,alpha1p0,105,1,subject105_client1,6245,8,descending stairs,1809.21
1.0,alpha1p0,105,1,subject105_client1,6246,8,descending stairs,1810.49
1.0,alpha1p0,105,1,subject105_client1,6247,8,descending stairs,1811.77
1.0,alpha1p0,105,1,subject105_client1,6248,8,descending stairs,1813.05
1.0,alpha1p0,105,1,subject105_client1,6249,8,descending stairs,1814.33
1.0,alpha1p0,105,1,subject105_client1,6250,8,descending stairs,1815.61
1.0,alpha1p0,105,1,subject105_client1,6251,8,descending stairs,1816.89
1.0,alpha1p0,105,1,subject105_client1,6252,8,descending stairs,1818.17
1.0,alpha1p0,105,1,subject105_client1,6253,8,descending stairs,1819.45
1.0,alpha1p0,105,1,subject105_client1,6254,8,descending stairs,1820.73
1.0,alpha1p0,105,1,subject105_client1,6255,8,descending stairs,1822.01
1.0,alpha1p0,105,1,subject105_client1,6256,8,descending stairs,1823.29
1.0,alpha1p0,105,1,subject105_client1,6257,8,descending stairs,1824.57
1.0,alpha1p0,105,1,subject105_client1,6258,8,descending stairs,1825.85
1.0,alpha1p0,105,1,subject105_client1,6259,8,descending stairs,1827.13
1.0,alpha1p0,105,1,subject105_client1,6260,8,descending stairs,1828.41
1.0,alpha1p0,105,1,subject105_client1,6261,8,descending stairs,1829.69
1.0,alpha1p0,105,1,subject105_client1,6262,8,descending stairs,1830.97
1.0,alpha1p0,105,1,subject105_client1,6263,8,descending stairs,1832.25
1.0,alpha1p0,105,1,subject105_client1,6264,8,descending stairs,1833.53
1.0,alpha1p0,105,1,subject105_client1,6265,8,descending stairs,1834.81
1.0,alpha1p0,105,1,subject105_client1,6266,8,descending stairs,1836.09
1.0,alpha1p0,105,3,subject105_client3,6268,8,descending stairs,1838.65
1.0,alpha1p0,105,3,subject105_client3,6269,8,descending stairs,1839.93
1.0,alpha1p0,105,3,subject105_client3,6270,8,descending stairs,1841.21
1.0,alpha1p0,105,3,subject105_client3,6271,8,descending stairs,1842.49
1.0,alpha1p0,105,2,subject105_client2,6273,8,descending stairs,1845.05
1.0,alpha1p0,105,2,subject105_client2,6274,8,descending stairs,1846.33
1.0,alpha1p0,105,2,subject105_client2,6275,8,descending stairs,1847.61
1.0,alpha1p0,105,2,subject105_client2,6276,8,descending stairs,1848.89
1.0,alpha1p0,105,2,subject105_client2,6277,8,descending stairs,1850.17
1.0,alpha1p0,105,2,subject105_client2,6278,8,descending stairs,1851.45
1.0,alpha1p0,105,2,subject105_client2,6279,8,descending stairs,1852.73
1.0,alpha1p0,105,2,subject105_client2,6280,8,descending stairs,1854.01
1.0,alpha1p0,105,2,subject105_client2,6281,8,descending stairs,1855.29
1.0,alpha1p0,105,3,subject105_client3,6282,7,ascending stairs,1878.73
1.0,alpha1p0,105,3,subject105_client3,6283,7,ascending stairs,1880.01
1.0,alpha1p0,105,3,subject105_client3,6284,7,ascending stairs,1881.29
1.0,alpha1p0,105,3,subject105_client3,6285,7,ascending stairs,1882.57
1.0,alpha1p0,105,3,subject105_client3,6286,7,ascending stairs,1883.85
1.0,alpha1p0,105,3,subject105_client3,6287,7,ascending stairs,1885.13
1.0,alpha1p0,105,3,subject105_client3,6288,7,ascending stairs,1886.41
1.0,alpha1p0,105,3,subject105_client3,6289,7,ascending stairs,1887.69
1.0,alpha1p0,105,3,subject105_client3,6290,7,ascending stairs,1888.97
1.0,alpha1p0,105,3,subject105_client3,6291,7,ascending stairs,1890.25
1.0,alpha1p0,105,3,subject105_client3,6292,7,ascending stairs,1891.53
1.0,alpha1p0,105,3,subject105_client3,6293,7,ascending stairs,1892.81
1.0,alpha1p0,105,1,subject105_client1,6295,7,ascending stairs,1895.37
1.0,alpha1p0,105,1,subject105_client1,6296,7,ascending stairs,1896.65
1.0,alpha1p0,105,1,subject105_client1,6297,7,ascending stairs,1897.93
1.0,alpha1p0,105,1,subject105_client1,6298,7,ascending stairs,1899.21
1.0,alpha1p0,105,1,subject105_client1,6299,7,ascending stairs,1900.49
1.0,alpha1p0,105,1,subject105_client1,6300,7,ascending stairs,1901.77
1.0,alpha1p0,105,1,subject105_client1,6301,7,ascending stairs,1903.05
1.0,alpha1p0,105,1,subject105_client1,6302,7,ascending stairs,1904.33
1.0,alpha1p0,105,1,subject105_client1,6303,7,ascending stairs,1905.61
1.0,alpha1p0,105,1,subject105_client1,6304,7,ascending stairs,1906.89
1.0,alpha1p0,105,1,subject105_client1,6305,7,ascending stairs,1908.17
1.0,alpha1p0,105,1,subject105_client1,6306,7,ascending stairs,1909.45
1.0,alpha1p0,105,1,subject105_client1,6307,7,ascending stairs,1910.73
1.0,alpha1p0,105,1,subject105_client1,6308,7,ascending stairs,1912.01
1.0,alpha1p0,105,1,subject105_client1,6309,7,ascending stairs,1913.29
1.0,alpha1p0,105,1,subject105_client1,6310,7,ascending stairs,1914.57
1.0,alpha1p0,105,1,subject105_client1,6311,7,ascending stairs,1915.85
1.0,alpha1p0,105,1,subject105_client1,6312,7,ascending stairs,1917.13
1.0,alpha1p0,105,1,subject105_client1,6313,7,ascending stairs,1918.41
1.0,alpha1p0,105,1,subject105_client1,6314,7,ascending stairs,1919.69
1.0,alpha1p0,105,1,subject105_client1,6315,7,ascending stairs,1920.97
1.0,alpha1p0,105,1,subject105_client1,6316,7,ascending stairs,1922.25
1.0,alpha1p0,105,1,subject105_client1,6317,7,ascending stairs,1923.53
1.0,alpha1p0,105,1,subject105_client1,6318,7,ascending stairs,1924.81
1.0,alpha1p0,105,1,subject105_client1,6319,7,ascending stairs,1926.09
1.0,alpha1p0,105,1,subject105_client1,6320,7,ascending stairs,1927.37
1.0,alpha1p0,105,1,subject105_client1,6321,7,ascending stairs,1928.65
1.0,alpha1p0,105,1,subject105_client1,6322,7,ascending stairs,1929.93
1.0,alpha1p0,105,1,subject105_client1,6323,7,ascending stairs,1931.21
1.0,alpha1p0,105,1,subject105_client1,6324,7,ascending stairs,1932.49
1.0,alpha1p0,105,1,subject105_client1,6325,7,ascending stairs,1933.77
1.0,alpha1p0,105,1,subject105_client1,6326,7,ascending stairs,1935.05
1.0,alpha1p0,105,1,subject105_client1,6327,7,ascending stairs,1936.33
1.0,alpha1p0,105,1,subject105_client1,6328,7,ascending stairs,1937.61
1.0,alpha1p0,105,1,subject105_client1,6329,7,ascending stairs,1938.89
1.0,alpha1p0,105,1,subject105_client1,6330,7,ascending stairs,1940.17
1.0,alpha1p0,105,1,subject105_client1,6331,7,ascending stairs,1941.45
1.0,alpha1p0,105,1,subject105_client1,6332,7,ascending stairs,1942.73
1.0,alpha1p0,105,1,subject105_client1,6333,7,ascending stairs,1944.01
1.0,alpha1p0,105,1,subject105_client1,6334,7,ascending stairs,1945.29
1.0,alpha1p0,105,1,subject105_client1,6335,7,ascending stairs,1946.57
1.0,alpha1p0,105,1,subject105_client1,6336,7,ascending stairs,1947.85
1.0,alpha1p0,105,1,subject105_client1,6337,7,ascending stairs,1949.13
1.0,alpha1p0,105,1,subject105_client1,6338,7,ascending stairs,1950.41
1.0,alpha1p0,105,1,subject105_client1,6339,7,ascending stairs,1951.69
1.0,alpha1p0,105,1,subject105_client1,6340,7,ascending stairs,1952.97
1.0,alpha1p0,105,1,subject105_client1,6341,7,ascending stairs,1954.25
1.0,alpha1p0,105,1,subject105_client1,6342,7,ascending stairs,1955.53
1.0,alpha1p0,105,1,subject105_client1,6343,7,ascending stairs,1956.81
1.0,alpha1p0,105,2,subject105_client2,6344,8,descending stairs,1960.44
1.0,alpha1p0,105,2,subject105_client2,6345,8,descending stairs,1961.72
1.0,alpha1p0,105,2,subject105_client2,6346,8,descending stairs,1963.0
1.0,alpha1p0,105,2,subject105_client2,6347,8,descending stairs,1964.28
1.0,alpha1p0,105,2,subject105_client2,6348,8,descending stairs,1965.56
1.0,alpha1p0,105,2,subject105_client2,6349,8,descending stairs,1966.84
1.0,alpha1p0,105,2,subject105_client2,6350,8,descending stairs,1968.12
1.0,alpha1p0,105,2,subject105_client2,6351,8,descending stairs,1969.4
1.0,alpha1p0,105,2,subject105_client2,6352,8,descending stairs,1970.68
1.0,alpha1p0,105,2,subject105_client2,6353,8,descending stairs,1971.96
1.0,alpha1p0,105,2,subject105_client2,6354,8,descending stairs,1973.24
1.0,alpha1p0,105,2,subject105_client2,6355,8,descending stairs,1974.52
1.0,alpha1p0,105,2,subject105_client2,6356,8,descending stairs,1975.8
1.0,alpha1p0,105,2,subject105_client2,6357,8,descending stairs,1977.08
1.0,alpha1p0,105,2,subject105_client2,6358,8,descending stairs,1978.36
1.0,alpha1p0,105,2,subject105_client2,6359,8,descending stairs,1979.64
1.0,alpha1p0,105,2,subject105_client2,6360,8,descending stairs,1980.92
1.0,alpha1p0,105,2,subject105_client2,6361,8,descending stairs,1982.2
1.0,alpha1p0,105,2,subject105_client2,6362,8,descending stairs,1983.48
1.0,alpha1p0,105,2,subject105_client2,6363,8,descending stairs,1984.76
1.0,alpha1p0,105,2,subject105_client2,6364,8,descending stairs,1986.04
1.0,alpha1p0,105,2,subject105_client2,6365,8,descending stairs,1987.32
1.0,alpha1p0,105,2,subject105_client2,6366,8,descending stairs,1988.6
1.0,alpha1p0,105,2,subject105_client2,6367,8,descending stairs,1989.88
1.0,alpha1p0,105,2,subject105_client2,6368,8,descending stairs,1991.16
1.0,alpha1p0,105,2,subject105_client2,6369,8,descending stairs,1992.44
1.0,alpha1p0,105,2,subject105_client2,6370,8,descending stairs,1993.72
1.0,alpha1p0,105,2,subject105_client2,6371,8,descending stairs,1995.0
1.0,alpha1p0,105,2,subject105_client2,6372,8,descending stairs,1996.28
1.0,alpha1p0,105,2,subject105_client2,6373,8,descending stairs,1997.56
1.0,alpha1p0,105,2,subject105_client2,6374,8,descending stairs,1998.84
1.0,alpha1p0,105,2,subject105_client2,6375,8,descending stairs,2000.12
1.0,alpha1p0,105,2,subject105_client2,6376,8,descending stairs,2001.4
1.0,alpha1p0,105,2,subject105_client2,6377,8,descending stairs,2002.68
1.0,alpha1p0,105,2,subject105_client2,6378,8,descending stairs,2003.96
1.0,alpha1p0,105,2,subject105_client2,6379,8,descending stairs,2005.24
1.0,alpha1p0,105,2,subject105_client2,6380,8,descending stairs,2006.52
1.0,alpha1p0,105,2,subject105_client2,6381,8,descending stairs,2007.8
1.0,alpha1p0,105,2,subject105_client2,6382,8,descending stairs,2009.08
1.0,alpha1p0,105,2,subject105_client2,6383,8,descending stairs,2010.36
1.0,alpha1p0,105,2,subject105_client2,6384,8,descending stairs,2011.64
1.0,alpha1p0,105,2,subject105_client2,6385,8,descending stairs,2012.92
1.0,alpha1p0,105,2,subject105_client2,6386,8,descending stairs,2014.2
1.0,alpha1p0,105,0,subject105_client0,6387,3,walking,2233.66
1.0,alpha1p0,105,0,subject105_client0,6388,3,walking,2234.94
1.0,alpha1p0,105,0,subject105_client0,6389,3,walking,2236.22
1.0,alpha1p0,105,0,subject105_client0,6390,3,walking,2237.5
1.0,alpha1p0,105,0,subject105_client0,6391,3,walking,2238.78
1.0,alpha1p0,105,0,subject105_client0,6392,3,walking,2240.06
1.0,alpha1p0,105,0,subject105_client0,6393,3,walking,2241.34
1.0,alpha1p0,105,0,subject105_client0,6394,3,walking,2242.62
1.0,alpha1p0,105,0,subject105_client0,6395,3,walking,2243.9
1.0,alpha1p0,105,0,subject105_client0,6396,3,walking,2245.18
1.0,alpha1p0,105,0,subject105_client0,6397,3,walking,2246.46
1.0,alpha1p0,105,0,subject105_client0,6398,3,walking,2247.74
1.0,alpha1p0,105,0,subject105_client0,6399,3,walking,2249.02
1.0,alpha1p0,105,0,subject105_client0,6400,3,walking,2250.3
1.0,alpha1p0,105,0,subject105_client0,6401,3,walking,2251.58
1.0,alpha1p0,105,0,subject105_client0,6402,3,walking,2252.86
1.0,alpha1p0,105,0,subject105_client0,6403,3,walking,2254.14
1.0,alpha1p0,105,0,subject105_client0,6404,3,walking,2255.42
1.0,alpha1p0,105,0,subject105_client0,6405,3,walking,2256.7
1.0,alpha1p0,105,0,subject105_client0,6406,3,walking,2257.98
1.0,alpha1p0,105,0,subject105_client0,6407,3,walking,2259.26
1.0,alpha1p0,105,0,subject105_client0,6408,3,walking,2260.54
1.0,alpha1p0,105,0,subject105_client0,6409,3,walking,2261.82
1.0,alpha1p0,105,0,subject105_client0,6410,3,walking,2263.1
1.0,alpha1p0,105,0,subject105_client0,6411,3,walking,2264.38
1.0,alpha1p0,105,0,subject105_client0,6412,3,walking,2265.66
1.0,alpha1p0,105,0,subject105_client0,6413,3,walking,2266.94
1.0,alpha1p0,105,0,subject105_client0,6414,3,walking,2268.22
1.0,alpha1p0,105,0,subject105_client0,6415,3,walking,2269.5
1.0,alpha1p0,105,0,subject105_client0,6416,3,walking,2270.78
1.0,alpha1p0,105,0,subject105_client0,6417,3,walking,2272.06
1.0,alpha1p0,105,0,subject105_client0,6418,3,walking,2273.34
1.0,alpha1p0,105,0,subject105_client0,6419,3,walking,2274.62
1.0,alpha1p0,105,0,subject105_client0,6420,3,walking,2275.9
1.0,alpha1p0,105,0,subject105_client0,6421,3,walking,2277.18
1.0,alpha1p0,105,0,subject105_client0,6422,3,walking,2278.46
1.0,alpha1p0,105,0,subject105_client0,6423,3,walking,2279.74
1.0,alpha1p0,105,0,subject105_client0,6424,3,walking,2281.02
1.0,alpha1p0,105,0,subject105_client0,6425,3,walking,2282.3
1.0,alpha1p0,105,0,subject105_client0,6426,3,walking,2283.58
1.0,alpha1p0,105,0,subject105_client0,6427,3,walking,2284.86
1.0,alpha1p0,105,0,subject105_client0,6428,3,walking,2286.14
1.0,alpha1p0,105,0,subject105_client0,6429,3,walking,2287.42
1.0,alpha1p0,105,0,subject105_client0,6430,3,walking,2288.7
1.0,alpha1p0,105,0,subject105_client0,6431,3,walking,2289.98
1.0,alpha1p0,105,0,subject105_client0,6432,3,walking,2291.26
1.0,alpha1p0,105,0,subject105_client0,6433,3,walking,2292.54
1.0,alpha1p0,105,0,subject105_client0,6434,3,walking,2293.82
1.0,alpha1p0,105,0,subject105_client0,6435,3,walking,2295.1
1.0,alpha1p0,105,0,subject105_client0,6436,3,walking,2296.38
1.0,alpha1p0,105,0,subject105_client0,6437,3,walking,2297.66
1.0,alpha1p0,105,0,subject105_client0,6438,3,walking,2298.94
1.0,alpha1p0,105,0,subject105_client0,6439,3,walking,2300.22
1.0,alpha1p0,105,0,subject105_client0,6440,3,walking,2301.5
1.0,alpha1p0,105,0,subject105_client0,6441,3,walking,2302.78
1.0,alpha1p0,105,0,subject105_client0,6442,3,walking,2304.06
1.0,alpha1p0,105,0,subject105_client0,6443,3,walking,2305.34
1.0,alpha1p0,105,0,subject105_client0,6444,3,walking,2306.62
1.0,alpha1p0,105,0,subject105_client0,6445,3,walking,2307.9
1.0,alpha1p0,105,0,subject105_client0,6446,3,walking,2309.18
1.0,alpha1p0,105,0,subject105_client0,6447,3,walking,2310.46
1.0,alpha1p0,105,0,subject105_client0,6448,3,walking,2311.74
1.0,alpha1p0,105,0,subject105_client0,6449,3,walking,2313.02
1.0,alpha1p0,105,0,subject105_client0,6450,3,walking,2314.3
1.0,alpha1p0,105,0,subject105_client0,6451,3,walking,2315.58
1.0,alpha1p0,105,0,subject105_client0,6452,3,walking,2316.86
1.0,alpha1p0,105,0,subject105_client0,6453,3,walking,2318.14
1.0,alpha1p0,105,0,subject105_client0,6454,3,walking,2319.42
1.0,alpha1p0,105,0,subject105_client0,6455,3,walking,2320.7
1.0,alpha1p0,105,0,subject105_client0,6456,3,walking,2321.98
1.0,alpha1p0,105,0,subject105_client0,6457,3,walking,2323.26
1.0,alpha1p0,105,1,subject105_client1,6459,3,walking,2325.82
1.0,alpha1p0,105,1,subject105_client1,6460,3,walking,2327.1
1.0,alpha1p0,105,1,subject105_client1,6461,3,walking,2328.38
1.0,alpha1p0,105,1,subject105_client1,6462,3,walking,2329.66
1.0,alpha1p0,105,1,subject105_client1,6463,3,walking,2330.94
1.0,alpha1p0,105,1,subject105_client1,6464,3,walking,2332.22
1.0,alpha1p0,105,1,subject105_client1,6465,3,walking,2333.5
1.0,alpha1p0,105,1,subject105_client1,6466,3,walking,2334.78
1.0,alpha1p0,105,1,subject105_client1,6467,3,walking,2336.06
1.0,alpha1p0,105,1,subject105_client1,6468,3,walking,2337.34
1.0,alpha1p0,105,1,subject105_client1,6469,3,walking,2338.62
1.0,alpha1p0,105,1,subject105_client1,6470,3,walking,2339.9
1.0,alpha1p0,105,1,subject105_client1,6471,3,walking,2341.18
1.0,alpha1p0,105,1,subject105_client1,6472,3,walking,2342.46
1.0,alpha1p0,105,1,subject105_client1,6473,3,walking,2343.74
1.0,alpha1p0,105,1,subject105_client1,6474,3,walking,2345.02
1.0,alpha1p0,105,1,subject105_client1,6475,3,walking,2346.3
1.0,alpha1p0,105,1,subject105_client1,6476,3,walking,2347.58
1.0,alpha1p0,105,1,subject105_client1,6477,3,walking,2348.86
1.0,alpha1p0,105,1,subject105_client1,6478,3,walking,2350.14
1.0,alpha1p0,105,1,subject105_client1,6479,3,walking,2351.42
1.0,alpha1p0,105,1,subject105_client1,6480,3,walking,2352.7
1.0,alpha1p0,105,1,subject105_client1,6481,3,walking,2353.98
1.0,alpha1p0,105,1,subject105_client1,6482,3,walking,2355.26
1.0,alpha1p0,105,1,subject105_client1,6483,3,walking,2356.54
1.0,alpha1p0,105,1,subject105_client1,6484,3,walking,2357.82
1.0,alpha1p0,105,1,subject105_client1,6485,3,walking,2359.1
1.0,alpha1p0,105,1,subject105_client1,6486,3,walking,2360.38
1.0,alpha1p0,105,1,subject105_client1,6487,3,walking,2361.66
1.0,alpha1p0,105,1,subject105_client1,6488,3,walking,2362.94
1.0,alpha1p0,105,1,subject105_client1,6489,3,walking,2364.22
1.0,alpha1p0,105,1,subject105_client1,6490,3,walking,2365.5
1.0,alpha1p0,105,1,subject105_client1,6491,3,walking,2366.78
1.0,alpha1p0,105,1,subject105_client1,6492,3,walking,2368.06
1.0,alpha1p0,105,1,subject105_client1,6493,3,walking,2369.34
1.0,alpha1p0,105,1,subject105_client1,6494,3,walking,2370.62
1.0,alpha1p0,105,1,subject105_client1,6495,3,walking,2371.9
1.0,alpha1p0,105,1,subject105_client1,6496,3,walking,2373.18
1.0,alpha1p0,105,1,subject105_client1,6497,3,walking,2374.46
1.0,alpha1p0,105,1,subject105_client1,6498,3,walking,2375.74
1.0,alpha1p0,105,1,subject105_client1,6499,3,walking,2377.02
1.0,alpha1p0,105,1,subject105_client1,6500,3,walking,2378.3
1.0,alpha1p0,105,1,subject105_client1,6501,3,walking,2379.58
1.0,alpha1p0,105,1,subject105_client1,6502,3,walking,2380.86
1.0,alpha1p0,105,1,subject105_client1,6503,3,walking,2382.14
1.0,alpha1p0,105,1,subject105_client1,6504,3,walking,2383.42
1.0,alpha1p0,105,1,subject105_client1,6505,3,walking,2384.7
1.0,alpha1p0,105,1,subject105_client1,6506,3,walking,2385.98
1.0,alpha1p0,105,1,subject105_client1,6507,3,walking,2387.26
1.0,alpha1p0,105,1,subject105_client1,6508,3,walking,2388.54
1.0,alpha1p0,105,1,subject105_client1,6509,3,walking,2389.82
1.0,alpha1p0,105,1,subject105_client1,6510,3,walking,2391.1
1.0,alpha1p0,105,1,subject105_client1,6511,3,walking,2392.38
1.0,alpha1p0,105,1,subject105_client1,6512,3,walking,2393.66
1.0,alpha1p0,105,1,subject105_client1,6513,3,walking,2394.94
1.0,alpha1p0,105,1,subject105_client1,6514,3,walking,2396.22
1.0,alpha1p0,105,1,subject105_client1,6515,3,walking,2397.5
1.0,alpha1p0,105,1,subject105_client1,6516,3,walking,2398.78
1.0,alpha1p0,105,1,subject105_client1,6517,3,walking,2400.06
1.0,alpha1p0,105,1,subject105_client1,6518,3,walking,2401.34
1.0,alpha1p0,105,1,subject105_client1,6519,3,walking,2402.62
1.0,alpha1p0,105,1,subject105_client1,6520,3,walking,2403.9
1.0,alpha1p0,105,1,subject105_client1,6521,3,walking,2405.18
1.0,alpha1p0,105,1,subject105_client1,6522,3,walking,2406.46
1.0,alpha1p0,105,1,subject105_client1,6523,3,walking,2407.74
1.0,alpha1p0,105,1,subject105_client1,6524,3,walking,2409.02
1.0,alpha1p0,105,1,subject105_client1,6525,3,walking,2410.3
1.0,alpha1p0,105,1,subject105_client1,6526,3,walking,2411.58
1.0,alpha1p0,105,1,subject105_client1,6527,3,walking,2412.86
1.0,alpha1p0,105,1,subject105_client1,6528,3,walking,2414.14
1.0,alpha1p0,105,1,subject105_client1,6529,3,walking,2415.42
1.0,alpha1p0,105,1,subject105_client1,6530,3,walking,2416.7
1.0,alpha1p0,105,1,subject105_client1,6531,3,walking,2417.98
1.0,alpha1p0,105,1,subject105_client1,6532,3,walking,2419.26
1.0,alpha1p0,105,1,subject105_client1,6533,3,walking,2420.54
1.0,alpha1p0,105,1,subject105_client1,6534,3,walking,2421.82
1.0,alpha1p0,105,1,subject105_client1,6535,3,walking,2423.1
1.0,alpha1p0,105,1,subject105_client1,6536,3,walking,2424.38
1.0,alpha1p0,105,1,subject105_client1,6537,3,walking,2425.66
1.0,alpha1p0,105,2,subject105_client2,6539,3,walking,2428.22
1.0,alpha1p0,105,2,subject105_client2,6540,3,walking,2429.5
1.0,alpha1p0,105,2,subject105_client2,6541,3,walking,2430.78
1.0,alpha1p0,105,2,subject105_client2,6542,3,walking,2432.06
1.0,alpha1p0,105,2,subject105_client2,6543,3,walking,2433.34
1.0,alpha1p0,105,2,subject105_client2,6544,3,walking,2434.62
1.0,alpha1p0,105,2,subject105_client2,6545,3,walking,2435.9
1.0,alpha1p0,105,2,subject105_client2,6546,3,walking,2437.18
1.0,alpha1p0,105,2,subject105_client2,6547,3,walking,2438.46
1.0,alpha1p0,105,2,subject105_client2,6548,3,walking,2439.74
1.0,alpha1p0,105,2,subject105_client2,6549,3,walking,2441.02
1.0,alpha1p0,105,2,subject105_client2,6550,3,walking,2442.3
1.0,alpha1p0,105,2,subject105_client2,6551,3,walking,2443.58
1.0,alpha1p0,105,2,subject105_client2,6552,3,walking,2444.86
1.0,alpha1p0,105,2,subject105_client2,6553,3,walking,2446.14
1.0,alpha1p0,105,2,subject105_client2,6554,3,walking,2447.42
1.0,alpha1p0,105,2,subject105_client2,6555,3,walking,2448.7
1.0,alpha1p0,105,2,subject105_client2,6556,3,walking,2449.98
1.0,alpha1p0,105,2,subject105_client2,6557,3,walking,2451.26
1.0,alpha1p0,105,2,subject105_client2,6558,3,walking,2452.54
1.0,alpha1p0,105,2,subject105_client2,6559,3,walking,2453.82
1.0,alpha1p0,105,2,subject105_client2,6560,3,walking,2455.1
1.0,alpha1p0,105,2,subject105_client2,6561,3,walking,2456.38
1.0,alpha1p0,105,2,subject105_client2,6562,3,walking,2457.66
1.0,alpha1p0,105,2,subject105_client2,6563,3,walking,2458.94
1.0,alpha1p0,105,2,subject105_client2,6564,3,walking,2460.22
1.0,alpha1p0,105,2,subject105_client2,6565,3,walking,2461.5
1.0,alpha1p0,105,2,subject105_client2,6566,3,walking,2462.78
1.0,alpha1p0,105,2,subject105_client2,6567,3,walking,2464.06
1.0,alpha1p0,105,2,subject105_client2,6568,3,walking,2465.34
1.0,alpha1p0,105,2,subject105_client2,6569,3,walking,2466.62
1.0,alpha1p0,105,2,subject105_client2,6570,3,walking,2467.9
1.0,alpha1p0,105,2,subject105_client2,6571,3,walking,2469.18
1.0,alpha1p0,105,2,subject105_client2,6572,3,walking,2470.46
1.0,alpha1p0,105,2,subject105_client2,6573,3,walking,2471.74
1.0,alpha1p0,105,2,subject105_client2,6574,3,walking,2473.02
1.0,alpha1p0,105,2,subject105_client2,6575,3,walking,2474.3
1.0,alpha1p0,105,2,subject105_client2,6576,3,walking,2475.58
1.0,alpha1p0,105,2,subject105_client2,6577,3,walking,2476.86
1.0,alpha1p0,105,2,subject105_client2,6578,3,walking,2478.14
1.0,alpha1p0,105,2,subject105_client2,6579,3,walking,2479.42
1.0,alpha1p0,105,2,subject105_client2,6580,3,walking,2480.7
1.0,alpha1p0,105,2,subject105_client2,6581,3,walking,2481.98
1.0,alpha1p0,105,2,subject105_client2,6582,3,walking,2483.26
1.0,alpha1p0,105,2,subject105_client2,6583,3,walking,2484.54
1.0,alpha1p0,105,2,subject105_client2,6584,3,walking,2485.82
1.0,alpha1p0,105,2,subject105_client2,6585,3,walking,2487.1
1.0,alpha1p0,105,2,subject105_client2,6586,3,walking,2488.38
1.0,alpha1p0,105,2,subject105_client2,6587,3,walking,2489.66
1.0,alpha1p0,105,2,subject105_client2,6588,3,walking,2490.94
1.0,alpha1p0,105,2,subject105_client2,6589,3,walking,2492.22
1.0,alpha1p0,105,2,subject105_client2,6590,3,walking,2493.5
1.0,alpha1p0,105,2,subject105_client2,6591,3,walking,2494.78
1.0,alpha1p0,105,2,subject105_client2,6592,3,walking,2496.06
1.0,alpha1p0,105,2,subject105_client2,6593,3,walking,2497.34
1.0,alpha1p0,105,2,subject105_client2,6594,3,walking,2498.62
1.0,alpha1p0,105,2,subject105_client2,6595,3,walking,2499.9
1.0,alpha1p0,105,2,subject105_client2,6596,3,walking,2501.18
1.0,alpha1p0,105,2,subject105_client2,6597,3,walking,2502.46
1.0,alpha1p0,105,2,subject105_client2,6598,3,walking,2503.74
1.0,alpha1p0,105,2,subject105_client2,6599,3,walking,2505.02
1.0,alpha1p0,105,2,subject105_client2,6600,3,walking,2506.3
1.0,alpha1p0,105,2,subject105_client2,6601,3,walking,2507.58
1.0,alpha1p0,105,2,subject105_client2,6602,3,walking,2508.86
1.0,alpha1p0,105,2,subject105_client2,6603,3,walking,2510.14
1.0,alpha1p0,105,2,subject105_client2,6604,3,walking,2511.42
1.0,alpha1p0,105,2,subject105_client2,6605,3,walking,2512.7
1.0,alpha1p0,105,2,subject105_client2,6606,3,walking,2513.98
1.0,alpha1p0,105,2,subject105_client2,6607,3,walking,2515.26
1.0,alpha1p0,105,3,subject105_client3,6609,3,walking,2517.82
1.0,alpha1p0,105,3,subject105_client3,6610,3,walking,2519.1
1.0,alpha1p0,105,3,subject105_client3,6611,3,walking,2520.38
1.0,alpha1p0,105,3,subject105_client3,6612,3,walking,2521.66
1.0,alpha1p0,105,3,subject105_client3,6613,3,walking,2522.94
1.0,alpha1p0,105,3,subject105_client3,6614,3,walking,2524.22
1.0,alpha1p0,105,3,subject105_client3,6615,3,walking,2525.5
1.0,alpha1p0,105,3,subject105_client3,6616,3,walking,2526.78
1.0,alpha1p0,105,3,subject105_client3,6617,3,walking,2528.06
1.0,alpha1p0,105,3,subject105_client3,6618,3,walking,2529.34
1.0,alpha1p0,105,3,subject105_client3,6619,3,walking,2530.62
1.0,alpha1p0,105,3,subject105_client3,6620,3,walking,2531.9
1.0,alpha1p0,105,3,subject105_client3,6621,3,walking,2533.18
1.0,alpha1p0,105,3,subject105_client3,6622,3,walking,2534.46
1.0,alpha1p0,105,3,subject105_client3,6623,3,walking,2535.74
1.0,alpha1p0,105,3,subject105_client3,6624,3,walking,2537.02
1.0,alpha1p0,105,3,subject105_client3,6625,3,walking,2538.3
1.0,alpha1p0,105,3,subject105_client3,6626,3,walking,2539.58
1.0,alpha1p0,105,3,subject105_client3,6627,3,walking,2540.86
1.0,alpha1p0,105,3,subject105_client3,6628,3,walking,2542.14
1.0,alpha1p0,105,3,subject105_client3,6629,3,walking,2543.42
1.0,alpha1p0,105,3,subject105_client3,6630,3,walking,2544.7
1.0,alpha1p0,105,3,subject105_client3,6631,3,walking,2545.98
1.0,alpha1p0,105,3,subject105_client3,6632,3,walking,2547.26
1.0,alpha1p0,105,3,subject105_client3,6633,3,walking,2548.54
1.0,alpha1p0,105,3,subject105_client3,6634,3,walking,2549.82
1.0,alpha1p0,105,3,subject105_client3,6635,3,walking,2551.1
1.0,alpha1p0,105,2,subject105_client2,6636,6,Nordic walking,2621.81
1.0,alpha1p0,105,2,subject105_client2,6637,6,Nordic walking,2623.09
1.0,alpha1p0,105,2,subject105_client2,6638,6,Nordic walking,2624.37
1.0,alpha1p0,105,2,subject105_client2,6639,6,Nordic walking,2625.65
1.0,alpha1p0,105,2,subject105_client2,6640,6,Nordic walking,2626.93
1.0,alpha1p0,105,2,subject105_client2,6641,6,Nordic walking,2628.21
1.0,alpha1p0,105,2,subject105_client2,6642,6,Nordic walking,2629.49
1.0,alpha1p0,105,2,subject105_client2,6643,6,Nordic walking,2630.77
1.0,alpha1p0,105,2,subject105_client2,6644,6,Nordic walking,2632.05
1.0,alpha1p0,105,2,subject105_client2,6645,6,Nordic walking,2633.33
1.0,alpha1p0,105,2,subject105_client2,6646,6,Nordic walking,2634.61
1.0,alpha1p0,105,2,subject105_client2,6647,6,Nordic walking,2635.89
1.0,alpha1p0,105,2,subject105_client2,6648,6,Nordic walking,2637.17
1.0,alpha1p0,105,2,subject105_client2,6649,6,Nordic walking,2638.45
1.0,alpha1p0,105,2,subject105_client2,6650,6,Nordic walking,2639.73
1.0,alpha1p0,105,2,subject105_client2,6651,6,Nordic walking,2641.01
1.0,alpha1p0,105,2,subject105_client2,6652,6,Nordic walking,2642.29
1.0,alpha1p0,105,2,subject105_client2,6653,6,Nordic walking,2643.57
1.0,alpha1p0,105,2,subject105_client2,6654,6,Nordic walking,2644.85
1.0,alpha1p0,105,2,subject105_client2,6655,6,Nordic walking,2646.13
1.0,alpha1p0,105,2,subject105_client2,6656,6,Nordic walking,2647.41
1.0,alpha1p0,105,2,subject105_client2,6657,6,Nordic walking,2648.69
1.0,alpha1p0,105,2,subject105_client2,6658,6,Nordic walking,2649.97
1.0,alpha1p0,105,2,subject105_client2,6659,6,Nordic walking,2651.25
1.0,alpha1p0,105,2,subject105_client2,6660,6,Nordic walking,2652.53
1.0,alpha1p0,105,2,subject105_client2,6661,6,Nordic walking,2653.81
1.0,alpha1p0,105,2,subject105_client2,6662,6,Nordic walking,2655.09
1.0,alpha1p0,105,2,subject105_client2,6663,6,Nordic walking,2656.37
1.0,alpha1p0,105,2,subject105_client2,6664,6,Nordic walking,2657.65
1.0,alpha1p0,105,3,subject105_client3,6666,6,Nordic walking,2660.21
1.0,alpha1p0,105,3,subject105_client3,6667,6,Nordic walking,2661.49
1.0,alpha1p0,105,3,subject105_client3,6668,6,Nordic walking,2662.77
1.0,alpha1p0,105,3,subject105_client3,6669,6,Nordic walking,2664.05
1.0,alpha1p0,105,3,subject105_client3,6670,6,Nordic walking,2665.33
1.0,alpha1p0,105,3,subject105_client3,6671,6,Nordic walking,2666.61
1.0,alpha1p0,105,3,subject105_client3,6672,6,Nordic walking,2667.89
1.0,alpha1p0,105,3,subject105_client3,6673,6,Nordic walking,2669.17
1.0,alpha1p0,105,3,subject105_client3,6674,6,Nordic walking,2670.45
1.0,alpha1p0,105,3,subject105_client3,6675,6,Nordic walking,2671.73
1.0,alpha1p0,105,3,subject105_client3,6676,6,Nordic walking,2673.01
1.0,alpha1p0,105,3,subject105_client3,6677,6,Nordic walking,2674.29
1.0,alpha1p0,105,3,subject105_client3,6678,6,Nordic walking,2675.57
1.0,alpha1p0,105,3,subject105_client3,6679,6,Nordic walking,2676.85
1.0,alpha1p0,105,3,subject105_client3,6680,6,Nordic walking,2678.13
1.0,alpha1p0,105,3,subject105_client3,6681,6,Nordic walking,2679.41
1.0,alpha1p0,105,3,subject105_client3,6682,6,Nordic walking,2680.69
1.0,alpha1p0,105,3,subject105_client3,6683,6,Nordic walking,2681.97
1.0,alpha1p0,105,3,subject105_client3,6684,6,Nordic walking,2683.25
1.0,alpha1p0,105,3,subject105_client3,6685,6,Nordic walking,2684.53
1.0,alpha1p0,105,3,subject105_client3,6686,6,Nordic walking,2685.81
1.0,alpha1p0,105,3,subject105_client3,6687,6,Nordic walking,2687.09
1.0,alpha1p0,105,3,subject105_client3,6688,6,Nordic walking,2688.37
1.0,alpha1p0,105,3,subject105_client3,6689,6,Nordic walking,2689.65
1.0,alpha1p0,105,3,subject105_client3,6690,6,Nordic walking,2690.93
1.0,alpha1p0,105,3,subject105_client3,6691,6,Nordic walking,2692.21
1.0,alpha1p0,105,3,subject105_client3,6692,6,Nordic walking,2693.49
1.0,alpha1p0,105,3,subject105_client3,6693,6,Nordic walking,2694.77
1.0,alpha1p0,105,3,subject105_client3,6694,6,Nordic walking,2696.05
1.0,alpha1p0,105,3,subject105_client3,6695,6,Nordic walking,2697.33
1.0,alpha1p0,105,3,subject105_client3,6696,6,Nordic walking,2698.61
1.0,alpha1p0,105,3,subject105_client3,6697,6,Nordic walking,2699.89
1.0,alpha1p0,105,3,subject105_client3,6698,6,Nordic walking,2701.17
1.0,alpha1p0,105,3,subject105_client3,6699,6,Nordic walking,2702.45
1.0,alpha1p0,105,3,subject105_client3,6700,6,Nordic walking,2703.73
1.0,alpha1p0,105,3,subject105_client3,6701,6,Nordic walking,2705.01
1.0,alpha1p0,105,3,subject105_client3,6702,6,Nordic walking,2706.29
1.0,alpha1p0,105,3,subject105_client3,6703,6,Nordic walking,2707.57
1.0,alpha1p0,105,3,subject105_client3,6704,6,Nordic walking,2708.85
1.0,alpha1p0,105,3,subject105_client3,6705,6,Nordic walking,2710.13
1.0,alpha1p0,105,3,subject105_client3,6706,6,Nordic walking,2711.41
1.0,alpha1p0,105,3,subject105_client3,6707,6,Nordic walking,2712.69
1.0,alpha1p0,105,3,subject105_client3,6708,6,Nordic walking,2713.97
1.0,alpha1p0,105,3,subject105_client3,6709,6,Nordic walking,2715.25
1.0,alpha1p0,105,3,subject105_client3,6710,6,Nordic walking,2716.53
1.0,alpha1p0,105,3,subject105_client3,6711,6,Nordic walking,2717.81
1.0,alpha1p0,105,3,subject105_client3,6712,6,Nordic walking,2719.09
1.0,alpha1p0,105,3,subject105_client3,6713,6,Nordic walking,2720.37
1.0,alpha1p0,105,3,subject105_client3,6714,6,Nordic walking,2721.65
1.0,alpha1p0,105,3,subject105_client3,6715,6,Nordic walking,2722.93
1.0,alpha1p0,105,3,subject105_client3,6716,6,Nordic walking,2724.21
1.0,alpha1p0,105,3,subject105_client3,6717,6,Nordic walking,2725.49
1.0,alpha1p0,105,3,subject105_client3,6718,6,Nordic walking,2726.77
1.0,alpha1p0,105,3,subject105_client3,6719,6,Nordic walking,2728.05
1.0,alpha1p0,105,3,subject105_client3,6720,6,Nordic walking,2729.33
1.0,alpha1p0,105,3,subject105_client3,6721,6,Nordic walking,2730.61
1.0,alpha1p0,105,3,subject105_client3,6722,6,Nordic walking,2731.89
1.0,alpha1p0,105,3,subject105_client3,6723,6,Nordic walking,2733.17
1.0,alpha1p0,105,0,subject105_client0,6725,6,Nordic walking,2735.73
1.0,alpha1p0,105,0,subject105_client0,6726,6,Nordic walking,2737.01
1.0,alpha1p0,105,0,subject105_client0,6727,6,Nordic walking,2738.29
1.0,alpha1p0,105,0,subject105_client0,6728,6,Nordic walking,2739.57
1.0,alpha1p0,105,0,subject105_client0,6729,6,Nordic walking,2740.85
1.0,alpha1p0,105,0,subject105_client0,6730,6,Nordic walking,2742.13
1.0,alpha1p0,105,0,subject105_client0,6731,6,Nordic walking,2743.41
1.0,alpha1p0,105,0,subject105_client0,6732,6,Nordic walking,2744.69
1.0,alpha1p0,105,0,subject105_client0,6733,6,Nordic walking,2745.97
1.0,alpha1p0,105,0,subject105_client0,6734,6,Nordic walking,2747.25
1.0,alpha1p0,105,0,subject105_client0,6735,6,Nordic walking,2748.53
1.0,alpha1p0,105,0,subject105_client0,6736,6,Nordic walking,2749.81
1.0,alpha1p0,105,0,subject105_client0,6737,6,Nordic walking,2751.09
1.0,alpha1p0,105,0,subject105_client0,6738,6,Nordic walking,2752.37
1.0,alpha1p0,105,0,subject105_client0,6739,6,Nordic walking,2753.65
1.0,alpha1p0,105,0,subject105_client0,6740,6,Nordic walking,2754.93
1.0,alpha1p0,105,0,subject105_client0,6741,6,Nordic walking,2756.21
1.0,alpha1p0,105,0,subject105_client0,6742,6,Nordic walking,2757.49
1.0,alpha1p0,105,0,subject105_client0,6743,6,Nordic walking,2758.77
1.0,alpha1p0,105,0,subject105_client0,6744,6,Nordic walking,2760.05
1.0,alpha1p0,105,0,subject105_client0,6745,6,Nordic walking,2761.33
1.0,alpha1p0,105,0,subject105_client0,6746,6,Nordic walking,2762.61
1.0,alpha1p0,105,0,subject105_client0,6747,6,Nordic walking,2763.89
1.0,alpha1p0,105,0,subject105_client0,6748,6,Nordic walking,2765.17
1.0,alpha1p0,105,0,subject105_client0,6749,6,Nordic walking,2766.45
1.0,alpha1p0,105,0,subject105_client0,6750,6,Nordic walking,2767.73
1.0,alpha1p0,105,0,subject105_client0,6751,6,Nordic walking,2769.01
1.0,alpha1p0,105,0,subject105_client0,6752,6,Nordic walking,2770.29
1.0,alpha1p0,105,0,subject105_client0,6753,6,Nordic walking,2771.57
1.0,alpha1p0,105,0,subject105_client0,6754,6,Nordic walking,2772.85
1.0,alpha1p0,105,0,subject105_client0,6755,6,Nordic walking,2774.13
1.0,alpha1p0,105,0,subject105_client0,6756,6,Nordic walking,2775.41
1.0,alpha1p0,105,0,subject105_client0,6757,6,Nordic walking,2776.69
1.0,alpha1p0,105,0,subject105_client0,6758,6,Nordic walking,2777.97
1.0,alpha1p0,105,0,subject105_client0,6759,6,Nordic walking,2779.25
1.0,alpha1p0,105,0,subject105_client0,6760,6,Nordic walking,2780.53
1.0,alpha1p0,105,0,subject105_client0,6761,6,Nordic walking,2781.81
1.0,alpha1p0,105,0,subject105_client0,6762,6,Nordic walking,2783.09
1.0,alpha1p0,105,0,subject105_client0,6763,6,Nordic walking,2784.37
1.0,alpha1p0,105,0,subject105_client0,6764,6,Nordic walking,2785.65
1.0,alpha1p0,105,0,subject105_client0,6765,6,Nordic walking,2786.93
1.0,alpha1p0,105,0,subject105_client0,6766,6,Nordic walking,2788.21
1.0,alpha1p0,105,0,subject105_client0,6767,6,Nordic walking,2789.49
1.0,alpha1p0,105,0,subject105_client0,6768,6,Nordic walking,2790.77
1.0,alpha1p0,105,0,subject105_client0,6769,6,Nordic walking,2792.05
1.0,alpha1p0,105,0,subject105_client0,6770,6,Nordic walking,2793.33
1.0,alpha1p0,105,0,subject105_client0,6771,6,Nordic walking,2794.61
1.0,alpha1p0,105,0,subject105_client0,6772,6,Nordic walking,2795.89
1.0,alpha1p0,105,0,subject105_client0,6773,6,Nordic walking,2797.17
1.0,alpha1p0,105,0,subject105_client0,6774,6,Nordic walking,2798.45
1.0,alpha1p0,105,0,subject105_client0,6775,6,Nordic walking,2799.73
1.0,alpha1p0,105,0,subject105_client0,6776,6,Nordic walking,2801.01
1.0,alpha1p0,105,0,subject105_client0,6777,6,Nordic walking,2802.29
1.0,alpha1p0,105,0,subject105_client0,6778,6,Nordic walking,2803.57
1.0,alpha1p0,105,0,subject105_client0,6779,6,Nordic walking,2804.85
1.0,alpha1p0,105,0,subject105_client0,6780,6,Nordic walking,2806.13
1.0,alpha1p0,105,1,subject105_client1,6782,6,Nordic walking,2808.69
1.0,alpha1p0,105,1,subject105_client1,6783,6,Nordic walking,2809.97
1.0,alpha1p0,105,1,subject105_client1,6784,6,Nordic walking,2811.25
1.0,alpha1p0,105,1,subject105_client1,6785,6,Nordic walking,2812.53
1.0,alpha1p0,105,1,subject105_client1,6786,6,Nordic walking,2813.81
1.0,alpha1p0,105,1,subject105_client1,6787,6,Nordic walking,2815.09
1.0,alpha1p0,105,1,subject105_client1,6788,6,Nordic walking,2816.37
1.0,alpha1p0,105,1,subject105_client1,6789,6,Nordic walking,2817.65
1.0,alpha1p0,105,1,subject105_client1,6790,6,Nordic walking,2818.93
1.0,alpha1p0,105,1,subject105_client1,6791,6,Nordic walking,2820.21
1.0,alpha1p0,105,1,subject105_client1,6792,6,Nordic walking,2821.49
1.0,alpha1p0,105,1,subject105_client1,6793,6,Nordic walking,2822.77
1.0,alpha1p0,105,1,subject105_client1,6794,6,Nordic walking,2824.05
1.0,alpha1p0,105,1,subject105_client1,6795,6,Nordic walking,2825.33
1.0,alpha1p0,105,1,subject105_client1,6796,6,Nordic walking,2826.61
1.0,alpha1p0,105,1,subject105_client1,6797,6,Nordic walking,2827.89
1.0,alpha1p0,105,1,subject105_client1,6798,6,Nordic walking,2829.17
1.0,alpha1p0,105,1,subject105_client1,6799,6,Nordic walking,2830.45
1.0,alpha1p0,105,1,subject105_client1,6800,6,Nordic walking,2831.73
1.0,alpha1p0,105,1,subject105_client1,6801,6,Nordic walking,2833.01
1.0,alpha1p0,105,1,subject105_client1,6802,6,Nordic walking,2834.29
1.0,alpha1p0,105,1,subject105_client1,6803,6,Nordic walking,2835.57
1.0,alpha1p0,105,1,subject105_client1,6804,6,Nordic walking,2836.85
1.0,alpha1p0,105,1,subject105_client1,6805,6,Nordic walking,2838.13
1.0,alpha1p0,105,1,subject105_client1,6806,6,Nordic walking,2839.41
1.0,alpha1p0,105,1,subject105_client1,6807,6,Nordic walking,2840.69
1.0,alpha1p0,105,1,subject105_client1,6808,6,Nordic walking,2841.97
1.0,alpha1p0,105,1,subject105_client1,6809,6,Nordic walking,2843.25
1.0,alpha1p0,105,1,subject105_client1,6810,6,Nordic walking,2844.53
1.0,alpha1p0,105,1,subject105_client1,6811,6,Nordic walking,2845.81
1.0,alpha1p0,105,1,subject105_client1,6812,6,Nordic walking,2847.09
1.0,alpha1p0,105,1,subject105_client1,6813,6,Nordic walking,2848.37
1.0,alpha1p0,105,1,subject105_client1,6814,6,Nordic walking,2849.65
1.0,alpha1p0,105,1,subject105_client1,6815,6,Nordic walking,2850.93
1.0,alpha1p0,105,1,subject105_client1,6816,6,Nordic walking,2852.21
1.0,alpha1p0,105,1,subject105_client1,6817,6,Nordic walking,2853.49
1.0,alpha1p0,105,1,subject105_client1,6818,6,Nordic walking,2854.77
1.0,alpha1p0,105,1,subject105_client1,6819,6,Nordic walking,2856.05
1.0,alpha1p0,105,1,subject105_client1,6820,6,Nordic walking,2857.33
1.0,alpha1p0,105,1,subject105_client1,6821,6,Nordic walking,2858.61
1.0,alpha1p0,105,1,subject105_client1,6822,6,Nordic walking,2859.89
1.0,alpha1p0,105,1,subject105_client1,6823,6,Nordic walking,2861.17
1.0,alpha1p0,105,1,subject105_client1,6824,6,Nordic walking,2862.45
1.0,alpha1p0,105,1,subject105_client1,6825,6,Nordic walking,2863.73
1.0,alpha1p0,105,1,subject105_client1,6826,6,Nordic walking,2865.01
1.0,alpha1p0,105,1,subject105_client1,6827,6,Nordic walking,2866.29
1.0,alpha1p0,105,1,subject105_client1,6828,6,Nordic walking,2867.57
1.0,alpha1p0,105,1,subject105_client1,6829,6,Nordic walking,2868.85
1.0,alpha1p0,105,1,subject105_client1,6830,6,Nordic walking,2870.13
1.0,alpha1p0,105,1,subject105_client1,6831,6,Nordic walking,2871.41
1.0,alpha1p0,105,1,subject105_client1,6832,6,Nordic walking,2872.69
1.0,alpha1p0,105,1,subject105_client1,6833,6,Nordic walking,2873.97
1.0,alpha1p0,105,1,subject105_client1,6834,6,Nordic walking,2875.25
1.0,alpha1p0,105,1,subject105_client1,6835,6,Nordic walking,2876.53
1.0,alpha1p0,105,1,subject105_client1,6836,6,Nordic walking,2877.81
1.0,alpha1p0,105,1,subject105_client1,6837,6,Nordic walking,2879.09
1.0,alpha1p0,105,1,subject105_client1,6838,6,Nordic walking,2880.37
1.0,alpha1p0,105,1,subject105_client1,6839,6,Nordic walking,2881.65
1.0,alpha1p0,105,2,subject105_client2,6840,5,cycling,3013.31
1.0,alpha1p0,105,2,subject105_client2,6841,5,cycling,3014.59
1.0,alpha1p0,105,2,subject105_client2,6842,5,cycling,3015.87
1.0,alpha1p0,105,2,subject105_client2,6843,5,cycling,3017.15
1.0,alpha1p0,105,2,subject105_client2,6844,5,cycling,3018.43
1.0,alpha1p0,105,2,subject105_client2,6845,5,cycling,3019.71
1.0,alpha1p0,105,2,subject105_client2,6846,5,cycling,3020.99
1.0,alpha1p0,105,2,subject105_client2,6847,5,cycling,3022.27
1.0,alpha1p0,105,2,subject105_client2,6848,5,cycling,3023.55
1.0,alpha1p0,105,2,subject105_client2,6849,5,cycling,3024.83
1.0,alpha1p0,105,2,subject105_client2,6850,5,cycling,3026.11
1.0,alpha1p0,105,2,subject105_client2,6851,5,cycling,3027.39
1.0,alpha1p0,105,2,subject105_client2,6852,5,cycling,3028.67
1.0,alpha1p0,105,2,subject105_client2,6853,5,cycling,3029.95
1.0,alpha1p0,105,2,subject105_client2,6854,5,cycling,3031.23
1.0,alpha1p0,105,2,subject105_client2,6855,5,cycling,3032.51
1.0,alpha1p0,105,2,subject105_client2,6856,5,cycling,3033.79
1.0,alpha1p0,105,2,subject105_client2,6857,5,cycling,3035.07
1.0,alpha1p0,105,2,subject105_client2,6858,5,cycling,3036.35
1.0,alpha1p0,105,2,subject105_client2,6859,5,cycling,3037.63
1.0,alpha1p0,105,0,subject105_client0,6861,5,cycling,3040.19
1.0,alpha1p0,105,0,subject105_client0,6862,5,cycling,3041.47
1.0,alpha1p0,105,0,subject105_client0,6863,5,cycling,3042.75
1.0,alpha1p0,105,0,subject105_client0,6864,5,cycling,3044.03
1.0,alpha1p0,105,0,subject105_client0,6865,5,cycling,3045.31
1.0,alpha1p0,105,0,subject105_client0,6866,5,cycling,3046.59
1.0,alpha1p0,105,0,subject105_client0,6867,5,cycling,3047.87
1.0,alpha1p0,105,0,subject105_client0,6868,5,cycling,3049.15
1.0,alpha1p0,105,0,subject105_client0,6869,5,cycling,3050.43
1.0,alpha1p0,105,0,subject105_client0,6870,5,cycling,3051.71
1.0,alpha1p0,105,0,subject105_client0,6871,5,cycling,3052.99
1.0,alpha1p0,105,0,subject105_client0,6872,5,cycling,3054.27
1.0,alpha1p0,105,0,subject105_client0,6873,5,cycling,3055.55
1.0,alpha1p0,105,0,subject105_client0,6874,5,cycling,3056.83
1.0,alpha1p0,105,0,subject105_client0,6875,5,cycling,3058.11
1.0,alpha1p0,105,0,subject105_client0,6876,5,cycling,3059.39
1.0,alpha1p0,105,0,subject105_client0,6877,5,cycling,3060.67
1.0,alpha1p0,105,0,subject105_client0,6878,5,cycling,3061.95
1.0,alpha1p0,105,0,subject105_client0,6879,5,cycling,3063.23
1.0,alpha1p0,105,0,subject105_client0,6880,5,cycling,3064.51
1.0,alpha1p0,105,0,subject105_client0,6881,5,cycling,3065.79
1.0,alpha1p0,105,0,subject105_client0,6882,5,cycling,3067.07
1.0,alpha1p0,105,0,subject105_client0,6883,5,cycling,3068.35
1.0,alpha1p0,105,0,subject105_client0,6884,5,cycling,3069.63
1.0,alpha1p0,105,0,subject105_client0,6885,5,cycling,3070.91
1.0,alpha1p0,105,0,subject105_client0,6886,5,cycling,3072.19
1.0,alpha1p0,105,0,subject105_client0,6887,5,cycling,3073.47
1.0,alpha1p0,105,0,subject105_client0,6888,5,cycling,3074.75
1.0,alpha1p0,105,0,subject105_client0,6889,5,cycling,3076.03
1.0,alpha1p0,105,0,subject105_client0,6890,5,cycling,3077.31
1.0,alpha1p0,105,0,subject105_client0,6891,5,cycling,3078.59
1.0,alpha1p0,105,0,subject105_client0,6892,5,cycling,3079.87
1.0,alpha1p0,105,0,subject105_client0,6893,5,cycling,3081.15
1.0,alpha1p0,105,0,subject105_client0,6894,5,cycling,3082.43
1.0,alpha1p0,105,0,subject105_client0,6895,5,cycling,3083.71
1.0,alpha1p0,105,0,subject105_client0,6896,5,cycling,3084.99
1.0,alpha1p0,105,0,subject105_client0,6897,5,cycling,3086.27
1.0,alpha1p0,105,0,subject105_client0,6898,5,cycling,3087.55
1.0,alpha1p0,105,0,subject105_client0,6899,5,cycling,3088.83
1.0,alpha1p0,105,0,subject105_client0,6900,5,cycling,3090.11
1.0,alpha1p0,105,0,subject105_client0,6901,5,cycling,3091.39
1.0,alpha1p0,105,0,subject105_client0,6902,5,cycling,3092.67
1.0,alpha1p0,105,0,subject105_client0,6903,5,cycling,3093.95
1.0,alpha1p0,105,0,subject105_client0,6904,5,cycling,3095.23
1.0,alpha1p0,105,0,subject105_client0,6905,5,cycling,3096.51
1.0,alpha1p0,105,0,subject105_client0,6906,5,cycling,3097.79
1.0,alpha1p0,105,0,subject105_client0,6907,5,cycling,3099.07
1.0,alpha1p0,105,0,subject105_client0,6908,5,cycling,3100.35
1.0,alpha1p0,105,0,subject105_client0,6909,5,cycling,3101.63
1.0,alpha1p0,105,0,subject105_client0,6910,5,cycling,3102.91
1.0,alpha1p0,105,0,subject105_client0,6911,5,cycling,3104.19
1.0,alpha1p0,105,0,subject105_client0,6912,5,cycling,3105.47
1.0,alpha1p0,105,0,subject105_client0,6913,5,cycling,3106.75
1.0,alpha1p0,105,0,subject105_client0,6914,5,cycling,3108.03
1.0,alpha1p0,105,0,subject105_client0,6915,5,cycling,3109.31
1.0,alpha1p0,105,0,subject105_client0,6916,5,cycling,3110.59
1.0,alpha1p0,105,0,subject105_client0,6917,5,cycling,3111.87
1.0,alpha1p0,105,0,subject105_client0,6918,5,cycling,3113.15
1.0,alpha1p0,105,0,subject105_client0,6919,5,cycling,3114.43
1.0,alpha1p0,105,0,subject105_client0,6920,5,cycling,3115.71
1.0,alpha1p0,105,0,subject105_client0,6921,5,cycling,3116.99
1.0,alpha1p0,105,0,subject105_client0,6922,5,cycling,3118.27
1.0,alpha1p0,105,0,subject105_client0,6923,5,cycling,3119.55
1.0,alpha1p0,105,0,subject105_client0,6924,5,cycling,3120.83
1.0,alpha1p0,105,0,subject105_client0,6925,5,cycling,3122.11
1.0,alpha1p0,105,0,subject105_client0,6926,5,cycling,3123.39
1.0,alpha1p0,105,0,subject105_client0,6927,5,cycling,3124.67
1.0,alpha1p0,105,0,subject105_client0,6928,5,cycling,3125.95
1.0,alpha1p0,105,0,subject105_client0,6929,5,cycling,3127.23
1.0,alpha1p0,105,0,subject105_client0,6930,5,cycling,3128.51
1.0,alpha1p0,105,0,subject105_client0,6931,5,cycling,3129.79
1.0,alpha1p0,105,0,subject105_client0,6932,5,cycling,3131.07
1.0,alpha1p0,105,0,subject105_client0,6933,5,cycling,3132.35
1.0,alpha1p0,105,0,subject105_client0,6934,5,cycling,3133.63
1.0,alpha1p0,105,0,subject105_client0,6935,5,cycling,3134.91
1.0,alpha1p0,105,0,subject105_client0,6936,5,cycling,3136.19
1.0,alpha1p0,105,0,subject105_client0,6937,5,cycling,3137.47
1.0,alpha1p0,105,0,subject105_client0,6938,5,cycling,3138.75
1.0,alpha1p0,105,1,subject105_client1,6940,5,cycling,3141.31
1.0,alpha1p0,105,1,subject105_client1,6941,5,cycling,3142.59
1.0,alpha1p0,105,1,subject105_client1,6942,5,cycling,3143.87
1.0,alpha1p0,105,1,subject105_client1,6943,5,cycling,3145.15
1.0,alpha1p0,105,1,subject105_client1,6944,5,cycling,3146.43
1.0,alpha1p0,105,1,subject105_client1,6945,5,cycling,3147.71
1.0,alpha1p0,105,1,subject105_client1,6946,5,cycling,3148.99
1.0,alpha1p0,105,1,subject105_client1,6947,5,cycling,3150.27
1.0,alpha1p0,105,1,subject105_client1,6948,5,cycling,3151.55
1.0,alpha1p0,105,1,subject105_client1,6949,5,cycling,3152.83
1.0,alpha1p0,105,1,subject105_client1,6950,5,cycling,3154.11
1.0,alpha1p0,105,1,subject105_client1,6951,5,cycling,3155.39
1.0,alpha1p0,105,3,subject105_client3,6953,5,cycling,3157.95
1.0,alpha1p0,105,3,subject105_client3,6954,5,cycling,3159.23
1.0,alpha1p0,105,3,subject105_client3,6955,5,cycling,3160.51
1.0,alpha1p0,105,3,subject105_client3,6956,5,cycling,3161.79
1.0,alpha1p0,105,3,subject105_client3,6957,5,cycling,3163.07
1.0,alpha1p0,105,3,subject105_client3,6958,5,cycling,3164.35
1.0,alpha1p0,105,3,subject105_client3,6959,5,cycling,3165.63
1.0,alpha1p0,105,3,subject105_client3,6960,5,cycling,3166.91
1.0,alpha1p0,105,3,subject105_client3,6961,5,cycling,3168.19
1.0,alpha1p0,105,3,subject105_client3,6962,5,cycling,3169.47
1.0,alpha1p0,105,3,subject105_client3,6963,5,cycling,3170.75
1.0,alpha1p0,105,3,subject105_client3,6964,5,cycling,3172.03
1.0,alpha1p0,105,3,subject105_client3,6965,5,cycling,3173.31
1.0,alpha1p0,105,3,subject105_client3,6966,5,cycling,3174.59
1.0,alpha1p0,105,3,subject105_client3,6967,5,cycling,3175.87
1.0,alpha1p0,105,3,subject105_client3,6968,5,cycling,3177.15
1.0,alpha1p0,105,3,subject105_client3,6969,5,cycling,3178.43
1.0,alpha1p0,105,3,subject105_client3,6970,5,cycling,3179.71
1.0,alpha1p0,105,3,subject105_client3,6971,5,cycling,3180.99
1.0,alpha1p0,105,3,subject105_client3,6972,5,cycling,3182.27
1.0,alpha1p0,105,3,subject105_client3,6973,5,cycling,3183.55
1.0,alpha1p0,105,3,subject105_client3,6974,5,cycling,3184.83
1.0,alpha1p0,105,3,subject105_client3,6975,5,cycling,3186.11
1.0,alpha1p0,105,3,subject105_client3,6976,5,cycling,3187.39
1.0,alpha1p0,105,3,subject105_client3,6977,5,cycling,3188.67
1.0,alpha1p0,105,3,subject105_client3,6978,5,cycling,3189.95
1.0,alpha1p0,105,3,subject105_client3,6979,5,cycling,3191.23
1.0,alpha1p0,105,3,subject105_client3,6980,5,cycling,3192.51
1.0,alpha1p0,105,3,subject105_client3,6981,5,cycling,3193.79
1.0,alpha1p0,105,3,subject105_client3,6982,5,cycling,3195.07
1.0,alpha1p0,105,3,subject105_client3,6983,5,cycling,3196.35
1.0,alpha1p0,105,3,subject105_client3,6984,5,cycling,3197.63
1.0,alpha1p0,105,3,subject105_client3,6985,5,cycling,3198.91
1.0,alpha1p0,105,3,subject105_client3,6986,5,cycling,3200.19
1.0,alpha1p0,105,3,subject105_client3,6987,5,cycling,3201.47
1.0,alpha1p0,105,3,subject105_client3,6988,5,cycling,3202.75
1.0,alpha1p0,105,3,subject105_client3,6989,5,cycling,3204.03
1.0,alpha1p0,105,3,subject105_client3,6990,5,cycling,3205.31
1.0,alpha1p0,105,3,subject105_client3,6991,5,cycling,3206.59
1.0,alpha1p0,105,3,subject105_client3,6992,5,cycling,3207.87
1.0,alpha1p0,105,3,subject105_client3,6993,5,cycling,3209.15
1.0,alpha1p0,105,3,subject105_client3,6994,5,cycling,3210.43
1.0,alpha1p0,105,3,subject105_client3,6995,5,cycling,3211.71
1.0,alpha1p0,105,3,subject105_client3,6996,5,cycling,3212.99
1.0,alpha1p0,105,3,subject105_client3,6997,5,cycling,3214.27
1.0,alpha1p0,105,3,subject105_client3,6998,5,cycling,3215.55
1.0,alpha1p0,105,3,subject105_client3,6999,5,cycling,3216.83
1.0,alpha1p0,105,3,subject105_client3,7000,5,cycling,3218.11
1.0,alpha1p0,105,3,subject105_client3,7001,5,cycling,3219.39
1.0,alpha1p0,105,3,subject105_client3,7002,5,cycling,3220.67
1.0,alpha1p0,105,3,subject105_client3,7003,5,cycling,3221.95
1.0,alpha1p0,105,3,subject105_client3,7004,5,cycling,3223.23
1.0,alpha1p0,105,3,subject105_client3,7005,5,cycling,3224.51
1.0,alpha1p0,105,3,subject105_client3,7006,5,cycling,3225.79
1.0,alpha1p0,105,3,subject105_client3,7007,5,cycling,3227.07
1.0,alpha1p0,105,3,subject105_client3,7008,5,cycling,3228.35
1.0,alpha1p0,105,3,subject105_client3,7009,5,cycling,3229.63
1.0,alpha1p0,105,3,subject105_client3,7010,5,cycling,3230.91
1.0,alpha1p0,105,3,subject105_client3,7011,5,cycling,3232.19
1.0,alpha1p0,105,3,subject105_client3,7012,5,cycling,3233.47
1.0,alpha1p0,105,3,subject105_client3,7013,5,cycling,3234.75
1.0,alpha1p0,105,3,subject105_client3,7014,5,cycling,3236.03
1.0,alpha1p0,105,3,subject105_client3,7015,5,cycling,3237.31
1.0,alpha1p0,105,3,subject105_client3,7016,5,cycling,3238.59
1.0,alpha1p0,105,3,subject105_client3,7017,5,cycling,3239.87
1.0,alpha1p0,105,3,subject105_client3,7018,5,cycling,3241.15
1.0,alpha1p0,105,3,subject105_client3,7019,5,cycling,3242.43
1.0,alpha1p0,105,3,subject105_client3,7020,5,cycling,3243.71
1.0,alpha1p0,105,3,subject105_client3,7021,5,cycling,3244.99
1.0,alpha1p0,105,3,subject105_client3,7022,5,cycling,3246.27
1.0,alpha1p0,105,3,subject105_client3,7023,5,cycling,3247.55
1.0,alpha1p0,105,3,subject105_client3,7024,5,cycling,3248.83
1.0,alpha1p0,105,3,subject105_client3,7025,5,cycling,3250.11
1.0,alpha1p0,105,3,subject105_client3,7026,5,cycling,3251.39
1.0,alpha1p0,105,3,subject105_client3,7027,5,cycling,3252.67
1.0,alpha1p0,105,3,subject105_client3,7028,5,cycling,3253.95
1.0,alpha1p0,105,3,subject105_client3,7029,5,cycling,3255.23
1.0,alpha1p0,105,3,subject105_client3,7030,5,cycling,3256.51
1.0,alpha1p0,105,3,subject105_client3,7031,4,running,3329.49
1.0,alpha1p0,105,3,subject105_client3,7032,4,running,3330.77
1.0,alpha1p0,105,3,subject105_client3,7033,4,running,3332.05
1.0,alpha1p0,105,3,subject105_client3,7034,4,running,3333.33
1.0,alpha1p0,105,3,subject105_client3,7035,4,running,3334.61
1.0,alpha1p0,105,3,subject105_client3,7036,4,running,3335.89
1.0,alpha1p0,105,3,subject105_client3,7037,4,running,3337.17
1.0,alpha1p0,105,3,subject105_client3,7038,4,running,3338.45
1.0,alpha1p0,105,3,subject105_client3,7039,4,running,3339.73
1.0,alpha1p0,105,3,subject105_client3,7040,4,running,3341.01
1.0,alpha1p0,105,3,subject105_client3,7041,4,running,3342.29
1.0,alpha1p0,105,3,subject105_client3,7042,4,running,3343.57
1.0,alpha1p0,105,3,subject105_client3,7043,4,running,3344.85
1.0,alpha1p0,105,3,subject105_client3,7044,4,running,3346.13
1.0,alpha1p0,105,3,subject105_client3,7045,4,running,3347.41
1.0,alpha1p0,105,3,subject105_client3,7046,4,running,3348.69
1.0,alpha1p0,105,3,subject105_client3,7047,4,running,3349.97
1.0,alpha1p0,105,3,subject105_client3,7048,4,running,3351.25
1.0,alpha1p0,105,3,subject105_client3,7049,4,running,3352.53
1.0,alpha1p0,105,3,subject105_client3,7050,4,running,3353.81
1.0,alpha1p0,105,3,subject105_client3,7051,4,running,3355.09
1.0,alpha1p0,105,3,subject105_client3,7052,4,running,3356.37
1.0,alpha1p0,105,3,subject105_client3,7053,4,running,3357.65
1.0,alpha1p0,105,3,subject105_client3,7054,4,running,3358.93
1.0,alpha1p0,105,3,subject105_client3,7055,4,running,3360.21
1.0,alpha1p0,105,3,subject105_client3,7056,4,running,3361.49
1.0,alpha1p0,105,3,subject105_client3,7057,4,running,3362.77
1.0,alpha1p0,105,3,subject105_client3,7058,4,running,3364.05
1.0,alpha1p0,105,3,subject105_client3,7059,4,running,3365.33
1.0,alpha1p0,105,3,subject105_client3,7060,4,running,3366.61
1.0,alpha1p0,105,3,subject105_client3,7061,4,running,3367.89
1.0,alpha1p0,105,3,subject105_client3,7062,4,running,3369.17
1.0,alpha1p0,105,3,subject105_client3,7063,4,running,3370.45
1.0,alpha1p0,105,3,subject105_client3,7064,4,running,3371.73
1.0,alpha1p0,105,3,subject105_client3,7065,4,running,3373.01
1.0,alpha1p0,105,3,subject105_client3,7066,4,running,3374.29
1.0,alpha1p0,105,3,subject105_client3,7067,4,running,3375.57
1.0,alpha1p0,105,2,subject105_client2,7069,4,running,3378.13
1.0,alpha1p0,105,2,subject105_client2,7070,4,running,3379.41
1.0,alpha1p0,105,2,subject105_client2,7071,4,running,3380.69
1.0,alpha1p0,105,2,subject105_client2,7072,4,running,3381.97
1.0,alpha1p0,105,2,subject105_client2,7073,4,running,3383.25
1.0,alpha1p0,105,2,subject105_client2,7074,4,running,3384.53
1.0,alpha1p0,105,2,subject105_client2,7075,4,running,3385.81
1.0,alpha1p0,105,2,subject105_client2,7076,4,running,3387.09
1.0,alpha1p0,105,2,subject105_client2,7077,4,running,3388.37
1.0,alpha1p0,105,2,subject105_client2,7078,4,running,3389.65
1.0,alpha1p0,105,2,subject105_client2,7079,4,running,3390.93
1.0,alpha1p0,105,2,subject105_client2,7080,4,running,3392.21
1.0,alpha1p0,105,2,subject105_client2,7081,4,running,3393.49
1.0,alpha1p0,105,2,subject105_client2,7082,4,running,3394.77
1.0,alpha1p0,105,2,subject105_client2,7083,4,running,3396.05
1.0,alpha1p0,105,2,subject105_client2,7084,4,running,3397.33
1.0,alpha1p0,105,2,subject105_client2,7085,4,running,3398.61
1.0,alpha1p0,105,2,subject105_client2,7086,4,running,3399.89
1.0,alpha1p0,105,2,subject105_client2,7087,4,running,3401.17
1.0,alpha1p0,105,2,subject105_client2,7088,4,running,3402.45
1.0,alpha1p0,105,2,subject105_client2,7089,4,running,3403.73
1.0,alpha1p0,105,2,subject105_client2,7090,4,running,3405.01
1.0,alpha1p0,105,2,subject105_client2,7091,4,running,3406.29
1.0,alpha1p0,105,2,subject105_client2,7092,4,running,3407.57
1.0,alpha1p0,105,2,subject105_client2,7093,4,running,3408.85
1.0,alpha1p0,105,2,subject105_client2,7094,4,running,3410.13
1.0,alpha1p0,105,2,subject105_client2,7095,4,running,3411.41
1.0,alpha1p0,105,2,subject105_client2,7096,4,running,3412.69
1.0,alpha1p0,105,2,subject105_client2,7097,4,running,3413.97
1.0,alpha1p0,105,2,subject105_client2,7098,4,running,3415.25
1.0,alpha1p0,105,2,subject105_client2,7099,4,running,3416.53
1.0,alpha1p0,105,2,subject105_client2,7100,4,running,3417.81
1.0,alpha1p0,105,2,subject105_client2,7101,4,running,3419.09
1.0,alpha1p0,105,2,subject105_client2,7102,4,running,3420.37
1.0,alpha1p0,105,2,subject105_client2,7103,4,running,3421.65
1.0,alpha1p0,105,2,subject105_client2,7104,4,running,3422.93
1.0,alpha1p0,105,2,subject105_client2,7105,4,running,3424.21
1.0,alpha1p0,105,2,subject105_client2,7106,4,running,3425.49
1.0,alpha1p0,105,2,subject105_client2,7107,4,running,3426.77
1.0,alpha1p0,105,2,subject105_client2,7108,4,running,3428.05
1.0,alpha1p0,105,2,subject105_client2,7109,4,running,3429.33
1.0,alpha1p0,105,2,subject105_client2,7110,4,running,3430.61
1.0,alpha1p0,105,2,subject105_client2,7111,4,running,3431.89
1.0,alpha1p0,105,2,subject105_client2,7112,4,running,3433.17
1.0,alpha1p0,105,2,subject105_client2,7113,4,running,3434.45
1.0,alpha1p0,105,2,subject105_client2,7114,4,running,3435.73
1.0,alpha1p0,105,2,subject105_client2,7115,4,running,3437.01
1.0,alpha1p0,105,2,subject105_client2,7116,4,running,3438.29
1.0,alpha1p0,105,2,subject105_client2,7117,4,running,3439.57
1.0,alpha1p0,105,2,subject105_client2,7118,4,running,3440.85
1.0,alpha1p0,105,2,subject105_client2,7119,4,running,3442.13
1.0,alpha1p0,105,2,subject105_client2,7120,4,running,3443.41
1.0,alpha1p0,105,2,subject105_client2,7121,4,running,3444.69
1.0,alpha1p0,105,2,subject105_client2,7122,4,running,3445.97
1.0,alpha1p0,105,2,subject105_client2,7123,4,running,3447.25
1.0,alpha1p0,105,2,subject105_client2,7124,4,running,3448.53
1.0,alpha1p0,105,2,subject105_client2,7125,4,running,3449.81
1.0,alpha1p0,105,2,subject105_client2,7126,4,running,3451.09
1.0,alpha1p0,105,2,subject105_client2,7127,4,running,3452.37
1.0,alpha1p0,105,0,subject105_client0,7129,4,running,3454.93
1.0,alpha1p0,105,0,subject105_client0,7130,4,running,3456.21
1.0,alpha1p0,105,0,subject105_client0,7131,4,running,3457.49
1.0,alpha1p0,105,0,subject105_client0,7132,4,running,3458.77
1.0,alpha1p0,105,0,subject105_client0,7133,4,running,3460.05
1.0,alpha1p0,105,0,subject105_client0,7134,4,running,3461.33
1.0,alpha1p0,105,0,subject105_client0,7135,4,running,3462.61
1.0,alpha1p0,105,0,subject105_client0,7136,4,running,3463.89
1.0,alpha1p0,105,0,subject105_client0,7137,4,running,3465.17
1.0,alpha1p0,105,0,subject105_client0,7138,4,running,3466.45
1.0,alpha1p0,105,0,subject105_client0,7139,4,running,3467.73
1.0,alpha1p0,105,0,subject105_client0,7140,4,running,3469.01
1.0,alpha1p0,105,0,subject105_client0,7141,4,running,3470.29
1.0,alpha1p0,105,0,subject105_client0,7142,4,running,3471.57
1.0,alpha1p0,105,0,subject105_client0,7143,4,running,3472.85
1.0,alpha1p0,105,0,subject105_client0,7144,4,running,3474.13
1.0,alpha1p0,105,0,subject105_client0,7145,4,running,3475.41
1.0,alpha1p0,105,0,subject105_client0,7146,4,running,3476.69
1.0,alpha1p0,105,0,subject105_client0,7147,4,running,3477.97
1.0,alpha1p0,105,0,subject105_client0,7148,4,running,3479.25
1.0,alpha1p0,105,0,subject105_client0,7149,4,running,3480.53
1.0,alpha1p0,105,0,subject105_client0,7150,4,running,3481.81
1.0,alpha1p0,105,1,subject105_client1,7152,4,running,3484.37
1.0,alpha1p0,105,1,subject105_client1,7153,4,running,3485.65
1.0,alpha1p0,105,1,subject105_client1,7154,4,running,3486.93
1.0,alpha1p0,105,1,subject105_client1,7155,4,running,3488.21
1.0,alpha1p0,105,1,subject105_client1,7156,4,running,3489.49
1.0,alpha1p0,105,1,subject105_client1,7157,4,running,3490.77
1.0,alpha1p0,105,1,subject105_client1,7158,4,running,3492.05
1.0,alpha1p0,105,1,subject105_client1,7159,4,running,3493.33
1.0,alpha1p0,105,1,subject105_client1,7160,4,running,3494.61
1.0,alpha1p0,105,1,subject105_client1,7161,4,running,3495.89
1.0,alpha1p0,105,1,subject105_client1,7162,4,running,3497.17
1.0,alpha1p0,105,1,subject105_client1,7163,4,running,3498.45
1.0,alpha1p0,105,1,subject105_client1,7164,4,running,3499.73
1.0,alpha1p0,105,1,subject105_client1,7165,4,running,3501.01
1.0,alpha1p0,105,1,subject105_client1,7166,4,running,3502.29
1.0,alpha1p0,105,1,subject105_client1,7167,4,running,3503.57
1.0,alpha1p0,105,1,subject105_client1,7168,4,running,3504.85
1.0,alpha1p0,105,1,subject105_client1,7169,4,running,3506.13
1.0,alpha1p0,105,1,subject105_client1,7170,4,running,3507.41
1.0,alpha1p0,105,1,subject105_client1,7171,4,running,3508.69
1.0,alpha1p0,105,1,subject105_client1,7172,4,running,3509.97
1.0,alpha1p0,105,1,subject105_client1,7173,4,running,3511.25
1.0,alpha1p0,105,1,subject105_client1,7174,4,running,3512.53
1.0,alpha1p0,105,1,subject105_client1,7175,4,running,3513.81
1.0,alpha1p0,105,1,subject105_client1,7176,4,running,3515.09
1.0,alpha1p0,105,1,subject105_client1,7177,4,running,3516.37
1.0,alpha1p0,105,1,subject105_client1,7178,4,running,3517.65
1.0,alpha1p0,105,1,subject105_client1,7179,4,running,3518.93
1.0,alpha1p0,105,1,subject105_client1,7180,4,running,3520.21
1.0,alpha1p0,105,1,subject105_client1,7181,4,running,3521.49
1.0,alpha1p0,105,1,subject105_client1,7182,4,running,3522.77
1.0,alpha1p0,105,1,subject105_client1,7183,4,running,3524.05
1.0,alpha1p0,105,1,subject105_client1,7184,4,running,3525.33
1.0,alpha1p0,105,1,subject105_client1,7185,4,running,3526.61
1.0,alpha1p0,105,1,subject105_client1,7186,4,running,3527.89
1.0,alpha1p0,105,1,subject105_client1,7187,4,running,3529.17
1.0,alpha1p0,105,1,subject105_client1,7188,4,running,3530.45
1.0,alpha1p0,105,1,subject105_client1,7189,4,running,3531.73
1.0,alpha1p0,105,1,subject105_client1,7190,4,running,3533.01
1.0,alpha1p0,105,1,subject105_client1,7191,4,running,3534.29
1.0,alpha1p0,105,1,subject105_client1,7192,4,running,3535.57
1.0,alpha1p0,105,1,subject105_client1,7193,4,running,3536.85
1.0,alpha1p0,105,1,subject105_client1,7194,4,running,3538.13
1.0,alpha1p0,105,1,subject105_client1,7195,4,running,3539.41
1.0,alpha1p0,105,1,subject105_client1,7196,4,running,3540.69
1.0,alpha1p0,105,1,subject105_client1,7197,4,running,3541.97
1.0,alpha1p0,105,1,subject105_client1,7198,4,running,3543.25
1.0,alpha1p0,105,1,subject105_client1,7199,4,running,3544.53
1.0,alpha1p0,105,1,subject105_client1,7200,4,running,3545.81
1.0,alpha1p0,105,1,subject105_client1,7201,4,running,3547.09
1.0,alpha1p0,105,1,subject105_client1,7202,4,running,3548.37
1.0,alpha1p0,105,1,subject105_client1,7203,4,running,3549.65
1.0,alpha1p0,105,1,subject105_client1,7204,4,running,3550.93
1.0,alpha1p0,105,1,subject105_client1,7205,4,running,3552.21
1.0,alpha1p0,105,1,subject105_client1,7206,4,running,3553.49
1.0,alpha1p0,105,1,subject105_client1,7207,4,running,3554.77
1.0,alpha1p0,105,1,subject105_client1,7208,4,running,3556.05
1.0,alpha1p0,105,1,subject105_client1,7209,4,running,3557.33
1.0,alpha1p0,105,1,subject105_client1,7210,4,running,3558.61
1.0,alpha1p0,105,1,subject105_client1,7211,4,running,3559.89
1.0,alpha1p0,105,1,subject105_client1,7212,4,running,3561.17
1.0,alpha1p0,105,1,subject105_client1,7213,4,running,3562.45
1.0,alpha1p0,105,1,subject105_client1,7214,4,running,3563.73
1.0,alpha1p0,105,1,subject105_client1,7215,4,running,3565.01
1.0,alpha1p0,105,1,subject105_client1,7216,4,running,3566.29
1.0,alpha1p0,105,1,subject105_client1,7217,4,running,3567.57
1.0,alpha1p0,105,1,subject105_client1,7218,4,running,3568.85
1.0,alpha1p0,105,1,subject105_client1,7219,4,running,3570.13
1.0,alpha1p0,105,1,subject105_client1,7220,4,running,3571.41
1.0,alpha1p0,105,1,subject105_client1,7221,4,running,3572.69
1.0,alpha1p0,105,1,subject105_client1,7222,11,rope jumping,3676.2
1.0,alpha1p0,105,1,subject105_client1,7223,11,rope jumping,3677.48
1.0,alpha1p0,105,1,subject105_client1,7224,11,rope jumping,3678.76
1.0,alpha1p0,105,2,subject105_client2,7226,11,rope jumping,3681.32
1.0,alpha1p0,105,2,subject105_client2,7227,11,rope jumping,3682.6
1.0,alpha1p0,105,2,subject105_client2,7228,11,rope jumping,3683.88
1.0,alpha1p0,105,2,subject105_client2,7229,11,rope jumping,3685.16
1.0,alpha1p0,105,2,subject105_client2,7230,11,rope jumping,3686.44
1.0,alpha1p0,105,2,subject105_client2,7231,11,rope jumping,3687.72
1.0,alpha1p0,105,2,subject105_client2,7232,11,rope jumping,3689.0
1.0,alpha1p0,105,2,subject105_client2,7233,11,rope jumping,3690.28
1.0,alpha1p0,105,2,subject105_client2,7234,11,rope jumping,3691.56
1.0,alpha1p0,105,2,subject105_client2,7235,11,rope jumping,3692.84
1.0,alpha1p0,105,2,subject105_client2,7236,11,rope jumping,3694.12
1.0,alpha1p0,105,2,subject105_client2,7237,11,rope jumping,3695.4
1.0,alpha1p0,105,2,subject105_client2,7238,11,rope jumping,3696.68
1.0,alpha1p0,105,2,subject105_client2,7239,11,rope jumping,3697.96
1.0,alpha1p0,105,2,subject105_client2,7240,11,rope jumping,3699.24
1.0,alpha1p0,105,2,subject105_client2,7241,11,rope jumping,3700.52
1.0,alpha1p0,105,2,subject105_client2,7242,11,rope jumping,3701.8
1.0,alpha1p0,105,2,subject105_client2,7243,11,rope jumping,3703.08
1.0,alpha1p0,105,2,subject105_client2,7244,11,rope jumping,3704.36
1.0,alpha1p0,105,2,subject105_client2,7245,11,rope jumping,3705.64
1.0,alpha1p0,105,2,subject105_client2,7246,11,rope jumping,3706.92
1.0,alpha1p0,105,2,subject105_client2,7247,11,rope jumping,3708.2
1.0,alpha1p0,105,2,subject105_client2,7248,11,rope jumping,3709.48
1.0,alpha1p0,105,2,subject105_client2,7249,11,rope jumping,3710.76
1.0,alpha1p0,105,2,subject105_client2,7250,11,rope jumping,3712.04
1.0,alpha1p0,105,2,subject105_client2,7251,11,rope jumping,3713.32
1.0,alpha1p0,105,2,subject105_client2,7252,11,rope jumping,3714.6
1.0,alpha1p0,105,2,subject105_client2,7253,11,rope jumping,3715.88
1.0,alpha1p0,105,2,subject105_client2,7254,11,rope jumping,3717.16
1.0,alpha1p0,105,2,subject105_client2,7255,11,rope jumping,3718.44
1.0,alpha1p0,105,2,subject105_client2,7256,11,rope jumping,3719.72
1.0,alpha1p0,105,2,subject105_client2,7257,11,rope jumping,3721.0
1.0,alpha1p0,105,2,subject105_client2,7258,11,rope jumping,3722.28
1.0,alpha1p0,105,2,subject105_client2,7259,11,rope jumping,3723.56
1.0,alpha1p0,105,2,subject105_client2,7260,11,rope jumping,3724.84
1.0,alpha1p0,105,2,subject105_client2,7261,11,rope jumping,3726.12
1.0,alpha1p0,105,2,subject105_client2,7262,11,rope jumping,3727.4
1.0,alpha1p0,105,2,subject105_client2,7263,11,rope jumping,3728.68
1.0,alpha1p0,105,2,subject105_client2,7264,11,rope jumping,3729.96
1.0,alpha1p0,105,0,subject105_client0,7266,11,rope jumping,3732.52
1.0,alpha1p0,105,0,subject105_client0,7267,11,rope jumping,3733.8
1.0,alpha1p0,105,0,subject105_client0,7268,11,rope jumping,3735.08
1.0,alpha1p0,105,3,subject105_client3,7270,11,rope jumping,3737.64
1.0,alpha1p0,105,3,subject105_client3,7271,11,rope jumping,3738.92
1.0,alpha1p0,105,3,subject105_client3,7272,11,rope jumping,3740.2
1.0,alpha1p0,105,3,subject105_client3,7273,11,rope jumping,3741.48
1.0,alpha1p0,105,3,subject105_client3,7274,11,rope jumping,3742.76
1.0,alpha1p0,105,3,subject105_client3,7275,11,rope jumping,3744.04
1.0,alpha1p0,105,3,subject105_client3,7276,11,rope jumping,3745.32
1.0,alpha1p0,105,3,subject105_client3,7277,11,rope jumping,3746.6
1.0,alpha1p0,105,3,subject105_client3,7278,11,rope jumping,3747.88
1.0,alpha1p0,105,3,subject105_client3,7279,11,rope jumping,3749.16
1.0,alpha1p0,105,3,subject105_client3,7280,11,rope jumping,3750.44
1.0,alpha1p0,106,1,subject106_client1,7281,0,lying,101.77
1.0,alpha1p0,106,1,subject106_client1,7282,0,lying,103.05
1.0,alpha1p0,106,1,subject106_client1,7283,0,lying,104.33
1.0,alpha1p0,106,1,subject106_client1,7284,0,lying,105.61
1.0,alpha1p0,106,1,subject106_client1,7285,0,lying,106.89
1.0,alpha1p0,106,1,subject106_client1,7286,0,lying,108.17
1.0,alpha1p0,106,1,subject106_client1,7287,0,lying,109.45
1.0,alpha1p0,106,1,subject106_client1,7288,0,lying,110.73
1.0,alpha1p0,106,1,subject106_client1,7289,0,lying,112.01
1.0,alpha1p0,106,1,subject106_client1,7290,0,lying,113.29
1.0,alpha1p0,106,1,subject106_client1,7291,0,lying,114.57
1.0,alpha1p0,106,1,subject106_client1,7292,0,lying,115.85
1.0,alpha1p0,106,1,subject106_client1,7293,0,lying,117.13
1.0,alpha1p0,106,1,subject106_client1,7294,0,lying,118.41
1.0,alpha1p0,106,1,subject106_client1,7295,0,lying,119.69
1.0,alpha1p0,106,1,subject106_client1,7296,0,lying,120.97
1.0,alpha1p0,106,1,subject106_client1,7297,0,lying,122.25
1.0,alpha1p0,106,1,subject106_client1,7298,0,lying,123.53
1.0,alpha1p0,106,1,subject106_client1,7299,0,lying,124.81
1.0,alpha1p0,106,1,subject106_client1,7300,0,lying,126.09
1.0,alpha1p0,106,1,subject106_client1,7301,0,lying,127.37
1.0,alpha1p0,106,1,subject106_client1,7302,0,lying,128.65
1.0,alpha1p0,106,1,subject106_client1,7303,0,lying,129.93
1.0,alpha1p0,106,1,subject106_client1,7304,0,lying,131.21
1.0,alpha1p0,106,1,subject106_client1,7305,0,lying,132.49
1.0,alpha1p0,106,1,subject106_client1,7306,0,lying,133.77
1.0,alpha1p0,106,1,subject106_client1,7307,0,lying,135.05
1.0,alpha1p0,106,1,subject106_client1,7308,0,lying,136.33
1.0,alpha1p0,106,1,subject106_client1,7309,0,lying,137.61
1.0,alpha1p0,106,1,subject106_client1,7310,0,lying,138.89
1.0,alpha1p0,106,1,subject106_client1,7311,0,lying,140.17
1.0,alpha1p0,106,1,subject106_client1,7312,0,lying,141.45
1.0,alpha1p0,106,1,subject106_client1,7313,0,lying,142.73
1.0,alpha1p0,106,1,subject106_client1,7314,0,lying,144.01
1.0,alpha1p0,106,1,subject106_client1,7315,0,lying,145.29
1.0,alpha1p0,106,1,subject106_client1,7316,0,lying,146.57
1.0,alpha1p0,106,1,subject106_client1,7317,0,lying,147.85
1.0,alpha1p0,106,1,subject106_client1,7318,0,lying,149.13
1.0,alpha1p0,106,1,subject106_client1,7319,0,lying,150.41
1.0,alpha1p0,106,1,subject106_client1,7320,0,lying,151.69
1.0,alpha1p0,106,1,subject106_client1,7321,0,lying,152.97
1.0,alpha1p0,106,1,subject106_client1,7322,0,lying,154.25
1.0,alpha1p0,106,1,subject106_client1,7323,0,lying,155.53
1.0,alpha1p0,106,1,subject106_client1,7324,0,lying,156.81
1.0,alpha1p0,106,1,subject106_client1,7325,0,lying,158.09
1.0,alpha1p0,106,1,subject106_client1,7326,0,lying,159.37
1.0,alpha1p0,106,1,subject106_client1,7327,0,lying,160.65
1.0,alpha1p0,106,1,subject106_client1,7328,0,lying,161.93
1.0,alpha1p0,106,1,subject106_client1,7329,0,lying,163.21
1.0,alpha1p0,106,1,subject106_client1,7330,0,lying,164.49
1.0,alpha1p0,106,1,subject106_client1,7331,0,lying,165.77
1.0,alpha1p0,106,1,subject106_client1,7332,0,lying,167.05
1.0,alpha1p0,106,1,subject106_client1,7333,0,lying,168.33
1.0,alpha1p0,106,1,subject106_client1,7334,0,lying,169.61
1.0,alpha1p0,106,1,subject106_client1,7335,0,lying,170.89
1.0,alpha1p0,106,1,subject106_client1,7336,0,lying,172.17
1.0,alpha1p0,106,1,subject106_client1,7337,0,lying,173.45
1.0,alpha1p0,106,1,subject106_client1,7338,0,lying,174.73
1.0,alpha1p0,106,1,subject106_client1,7339,0,lying,176.01
1.0,alpha1p0,106,1,subject106_client1,7340,0,lying,177.29
1.0,alpha1p0,106,1,subject106_client1,7341,0,lying,178.57
1.0,alpha1p0,106,1,subject106_client1,7342,0,lying,179.85
1.0,alpha1p0,106,1,subject106_client1,7343,0,lying,181.13
1.0,alpha1p0,106,1,subject106_client1,7344,0,lying,182.41
1.0,alpha1p0,106,1,subject106_client1,7345,0,lying,183.69
1.0,alpha1p0,106,1,subject106_client1,7346,0,lying,184.97
1.0,alpha1p0,106,1,subject106_client1,7347,0,lying,186.25
1.0,alpha1p0,106,2,subject106_client2,7349,0,lying,188.81
1.0,alpha1p0,106,2,subject106_client2,7350,0,lying,190.09
1.0,alpha1p0,106,2,subject106_client2,7351,0,lying,191.37
1.0,alpha1p0,106,2,subject106_client2,7352,0,lying,192.65
1.0,alpha1p0,106,2,subject106_client2,7353,0,lying,193.93
1.0,alpha1p0,106,2,subject106_client2,7354,0,lying,195.21
1.0,alpha1p0,106,2,subject106_client2,7355,0,lying,196.49
1.0,alpha1p0,106,2,subject106_client2,7356,0,lying,197.77
1.0,alpha1p0,106,2,subject106_client2,7357,0,lying,199.05
1.0,alpha1p0,106,2,subject106_client2,7358,0,lying,200.33
1.0,alpha1p0,106,2,subject106_client2,7359,0,lying,201.61
1.0,alpha1p0,106,2,subject106_client2,7360,0,lying,202.89
1.0,alpha1p0,106,2,subject106_client2,7361,0,lying,204.17
1.0,alpha1p0,106,2,subject106_client2,7362,0,lying,205.45
1.0,alpha1p0,106,2,subject106_client2,7363,0,lying,206.73
1.0,alpha1p0,106,2,subject106_client2,7364,0,lying,208.01
1.0,alpha1p0,106,2,subject106_client2,7365,0,lying,209.29
1.0,alpha1p0,106,2,subject106_client2,7366,0,lying,210.57
1.0,alpha1p0,106,2,subject106_client2,7367,0,lying,211.85
1.0,alpha1p0,106,2,subject106_client2,7368,0,lying,213.13
1.0,alpha1p0,106,2,subject106_client2,7369,0,lying,214.41
1.0,alpha1p0,106,2,subject106_client2,7370,0,lying,215.69
1.0,alpha1p0,106,2,subject106_client2,7371,0,lying,216.97
1.0,alpha1p0,106,2,subject106_client2,7372,0,lying,218.25
1.0,alpha1p0,106,2,subject106_client2,7373,0,lying,219.53
1.0,alpha1p0,106,2,subject106_client2,7374,0,lying,220.81
1.0,alpha1p0,106,2,subject106_client2,7375,0,lying,222.09
1.0,alpha1p0,106,2,subject106_client2,7376,0,lying,223.37
1.0,alpha1p0,106,2,subject106_client2,7377,0,lying,224.65
1.0,alpha1p0,106,2,subject106_client2,7378,0,lying,225.93
1.0,alpha1p0,106,2,subject106_client2,7379,0,lying,227.21
1.0,alpha1p0,106,2,subject106_client2,7380,0,lying,228.49
1.0,alpha1p0,106,2,subject106_client2,7381,0,lying,229.77
1.0,alpha1p0,106,2,subject106_client2,7382,0,lying,231.05
1.0,alpha1p0,106,2,subject106_client2,7383,0,lying,232.33
1.0,alpha1p0,106,2,subject106_client2,7384,0,lying,233.61
1.0,alpha1p0,106,2,subject106_client2,7385,0,lying,234.89
1.0,alpha1p0,106,2,subject106_client2,7386,0,lying,236.17
1.0,alpha1p0,106,2,subject106_client2,7387,0,lying,237.45
1.0,alpha1p0,106,2,subject106_client2,7388,0,lying,238.73
1.0,alpha1p0,106,2,subject106_client2,7389,0,lying,240.01
1.0,alpha1p0,106,2,subject106_client2,7390,0,lying,241.29
1.0,alpha1p0,106,2,subject106_client2,7391,0,lying,242.57
1.0,alpha1p0,106,2,subject106_client2,7392,0,lying,243.85
1.0,alpha1p0,106,2,subject106_client2,7393,0,lying,245.13
1.0,alpha1p0,106,2,subject106_client2,7394,0,lying,246.41
1.0,alpha1p0,106,2,subject106_client2,7395,0,lying,247.69
1.0,alpha1p0,106,2,subject106_client2,7396,0,lying,248.97
1.0,alpha1p0,106,2,subject106_client2,7397,0,lying,250.25
1.0,alpha1p0,106,2,subject106_client2,7398,0,lying,251.53
1.0,alpha1p0,106,2,subject106_client2,7399,0,lying,252.81
1.0,alpha1p0,106,2,subject106_client2,7400,0,lying,254.09
1.0,alpha1p0,106,2,subject106_client2,7401,0,lying,255.37
1.0,alpha1p0,106,2,subject106_client2,7402,0,lying,256.65
1.0,alpha1p0,106,2,subject106_client2,7403,0,lying,257.93
1.0,alpha1p0,106,2,subject106_client2,7404,0,lying,259.21
1.0,alpha1p0,106,2,subject106_client2,7405,0,lying,260.49
1.0,alpha1p0,106,2,subject106_client2,7406,0,lying,261.77
1.0,alpha1p0,106,2,subject106_client2,7407,0,lying,263.05
1.0,alpha1p0,106,2,subject106_client2,7408,0,lying,264.33
1.0,alpha1p0,106,2,subject106_client2,7409,0,lying,265.61
1.0,alpha1p0,106,2,subject106_client2,7410,0,lying,266.89
1.0,alpha1p0,106,2,subject106_client2,7411,0,lying,268.17
1.0,alpha1p0,106,2,subject106_client2,7412,0,lying,269.45
1.0,alpha1p0,106,0,subject106_client0,7414,0,lying,272.01
1.0,alpha1p0,106,0,subject106_client0,7415,0,lying,273.29
1.0,alpha1p0,106,0,subject106_client0,7416,0,lying,274.57
1.0,alpha1p0,106,0,subject106_client0,7417,0,lying,275.85
1.0,alpha1p0,106,0,subject106_client0,7418,0,lying,277.13
1.0,alpha1p0,106,0,subject106_client0,7419,0,lying,278.41
1.0,alpha1p0,106,0,subject106_client0,7420,0,lying,279.69
1.0,alpha1p0,106,0,subject106_client0,7421,0,lying,280.97
1.0,alpha1p0,106,0,subject106_client0,7422,0,lying,282.25
1.0,alpha1p0,106,0,subject106_client0,7423,0,lying,283.53
1.0,alpha1p0,106,0,subject106_client0,7424,0,lying,284.81
1.0,alpha1p0,106,0,subject106_client0,7425,0,lying,286.09
1.0,alpha1p0,106,0,subject106_client0,7426,0,lying,287.37
1.0,alpha1p0,106,0,subject106_client0,7427,0,lying,288.65
1.0,alpha1p0,106,0,subject106_client0,7428,0,lying,289.93
1.0,alpha1p0,106,0,subject106_client0,7429,0,lying,291.21
1.0,alpha1p0,106,0,subject106_client0,7430,0,lying,292.49
1.0,alpha1p0,106,0,subject106_client0,7431,0,lying,293.77
1.0,alpha1p0,106,0,subject106_client0,7432,0,lying,295.05
1.0,alpha1p0,106,0,subject106_client0,7433,0,lying,296.33
1.0,alpha1p0,106,0,subject106_client0,7434,0,lying,297.61
1.0,alpha1p0,106,0,subject106_client0,7435,0,lying,298.89
1.0,alpha1p0,106,0,subject106_client0,7436,0,lying,300.17
1.0,alpha1p0,106,0,subject106_client0,7437,0,lying,301.45
1.0,alpha1p0,106,0,subject106_client0,7438,0,lying,302.73
1.0,alpha1p0,106,0,subject106_client0,7439,0,lying,304.01
1.0,alpha1p0,106,0,subject106_client0,7440,0,lying,305.29
1.0,alpha1p0,106,0,subject106_client0,7441,0,lying,306.57
1.0,alpha1p0,106,0,subject106_client0,7442,0,lying,307.85
1.0,alpha1p0,106,0,subject106_client0,7443,0,lying,309.13
1.0,alpha1p0,106,0,subject106_client0,7444,0,lying,310.41
1.0,alpha1p0,106,0,subject106_client0,7445,0,lying,311.69
1.0,alpha1p0,106,0,subject106_client0,7446,0,lying,312.97
1.0,alpha1p0,106,0,subject106_client0,7447,0,lying,314.25
1.0,alpha1p0,106,0,subject106_client0,7448,0,lying,315.53
1.0,alpha1p0,106,0,subject106_client0,7449,0,lying,316.81
1.0,alpha1p0,106,0,subject106_client0,7450,0,lying,318.09
1.0,alpha1p0,106,0,subject106_client0,7451,0,lying,319.37
1.0,alpha1p0,106,0,subject106_client0,7452,0,lying,320.65
1.0,alpha1p0,106,0,subject106_client0,7453,0,lying,321.93
1.0,alpha1p0,106,0,subject106_client0,7454,0,lying,323.21
1.0,alpha1p0,106,0,subject106_client0,7455,0,lying,324.49
1.0,alpha1p0,106,0,subject106_client0,7456,0,lying,325.77
1.0,alpha1p0,106,0,subject106_client0,7457,0,lying,327.05
1.0,alpha1p0,106,0,subject106_client0,7458,0,lying,328.33
1.0,alpha1p0,106,3,subject106_client3,7460,0,lying,330.89
1.0,alpha1p0,106,3,subject106_client3,7461,0,lying,332.17
1.0,alpha1p0,106,3,subject106_client3,7462,1,sitting,388.64
1.0,alpha1p0,106,3,subject106_client3,7463,1,sitting,389.92
1.0,alpha1p0,106,3,subject106_client3,7464,1,sitting,391.2
1.0,alpha1p0,106,3,subject106_client3,7465,1,sitting,392.48
1.0,alpha1p0,106,3,subject106_client3,7466,1,sitting,393.76
1.0,alpha1p0,106,3,subject106_client3,7467,1,sitting,395.04
1.0,alpha1p0,106,3,subject106_client3,7468,1,sitting,396.32
1.0,alpha1p0,106,3,subject106_client3,7469,1,sitting,397.6
1.0,alpha1p0,106,3,subject106_client3,7470,1,sitting,398.88
1.0,alpha1p0,106,3,subject106_client3,7471,1,sitting,400.16
1.0,alpha1p0,106,3,subject106_client3,7472,1,sitting,401.44
1.0,alpha1p0,106,2,subject106_client2,7474,1,sitting,404.0
1.0,alpha1p0,106,2,subject106_client2,7475,1,sitting,405.28
1.0,alpha1p0,106,2,subject106_client2,7476,1,sitting,406.56
1.0,alpha1p0,106,2,subject106_client2,7477,1,sitting,407.84
1.0,alpha1p0,106,2,subject106_client2,7478,1,sitting,409.12
1.0,alpha1p0,106,2,subject106_client2,7479,1,sitting,410.4
1.0,alpha1p0,106,2,subject106_client2,7480,1,sitting,411.68
1.0,alpha1p0,106,2,subject106_client2,7481,1,sitting,412.96
1.0,alpha1p0,106,2,subject106_client2,7482,1,sitting,414.24
1.0,alpha1p0,106,2,subject106_client2,7483,1,sitting,415.52
1.0,alpha1p0,106,2,subject106_client2,7484,1,sitting,416.8
1.0,alpha1p0,106,2,subject106_client2,7485,1,sitting,418.08
1.0,alpha1p0,106,2,subject106_client2,7486,1,sitting,419.36
1.0,alpha1p0,106,2,subject106_client2,7487,1,sitting,420.64
1.0,alpha1p0,106,2,subject106_client2,7488,1,sitting,421.92
1.0,alpha1p0,106,2,subject106_client2,7489,1,sitting,423.2
1.0,alpha1p0,106,2,subject106_client2,7490,1,sitting,424.48
1.0,alpha1p0,106,2,subject106_client2,7491,1,sitting,425.76
1.0,alpha1p0,106,2,subject106_client2,7492,1,sitting,427.04
1.0,alpha1p0,106,2,subject106_client2,7493,1,sitting,428.32
1.0,alpha1p0,106,2,subject106_client2,7494,1,sitting,429.6
1.0,alpha1p0,106,2,subject106_client2,7495,1,sitting,430.88
1.0,alpha1p0,106,2,subject106_client2,7496,1,sitting,432.16
1.0,alpha1p0,106,2,subject106_client2,7497,1,sitting,433.44
1.0,alpha1p0,106,2,subject106_client2,7498,1,sitting,434.72
1.0,alpha1p0,106,2,subject106_client2,7499,1,sitting,436.0
1.0,alpha1p0,106,2,subject106_client2,7500,1,sitting,437.28
1.0,alpha1p0,106,2,subject106_client2,7501,1,sitting,438.56
1.0,alpha1p0,106,2,subject106_client2,7502,1,sitting,439.84
1.0,alpha1p0,106,2,subject106_client2,7503,1,sitting,441.12
1.0,alpha1p0,106,2,subject106_client2,7504,1,sitting,442.4
1.0,alpha1p0,106,2,subject106_client2,7505,1,sitting,443.68
1.0,alpha1p0,106,2,subject106_client2,7506,1,sitting,444.96
1.0,alpha1p0,106,2,subject106_client2,7507,1,sitting,446.24
1.0,alpha1p0,106,2,subject106_client2,7508,1,sitting,447.52
1.0,alpha1p0,106,2,subject106_client2,7509,1,sitting,448.8
1.0,alpha1p0,106,2,subject106_client2,7510,1,sitting,450.08
1.0,alpha1p0,106,2,subject106_client2,7511,1,sitting,451.36
1.0,alpha1p0,106,2,subject106_client2,7512,1,sitting,452.64
1.0,alpha1p0,106,2,subject106_client2,7513,1,sitting,453.92
1.0,alpha1p0,106,2,subject106_client2,7514,1,sitting,455.2
1.0,alpha1p0,106,2,subject106_client2,7515,1,sitting,456.48
1.0,alpha1p0,106,2,subject106_client2,7516,1,sitting,457.76
1.0,alpha1p0,106,2,subject106_client2,7517,1,sitting,459.04
1.0,alpha1p0,106,2,subject106_client2,7518,1,sitting,460.32
1.0,alpha1p0,106,2,subject106_client2,7519,1,sitting,461.6
1.0,alpha1p0,106,2,subject106_client2,7520,1,sitting,462.88
1.0,alpha1p0,106,2,subject106_client2,7521,1,sitting,464.16
1.0,alpha1p0,106,2,subject106_client2,7522,1,sitting,465.44
1.0,alpha1p0,106,2,subject106_client2,7523,1,sitting,466.72
1.0,alpha1p0,106,2,subject106_client2,7524,1,sitting,468.0
1.0,alpha1p0,106,2,subject106_client2,7525,1,sitting,469.28
1.0,alpha1p0,106,2,subject106_client2,7526,1,sitting,470.56
1.0,alpha1p0,106,2,subject106_client2,7527,1,sitting,471.84
1.0,alpha1p0,106,2,subject106_client2,7528,1,sitting,473.12
1.0,alpha1p0,106,2,subject106_client2,7529,1,sitting,474.4
1.0,alpha1p0,106,2,subject106_client2,7530,1,sitting,475.68
1.0,alpha1p0,106,2,subject106_client2,7531,1,sitting,476.96
1.0,alpha1p0,106,2,subject106_client2,7532,1,sitting,478.24
1.0,alpha1p0,106,2,subject106_client2,7533,1,sitting,479.52
1.0,alpha1p0,106,2,subject106_client2,7534,1,sitting,480.8
1.0,alpha1p0,106,2,subject106_client2,7535,1,sitting,482.08
1.0,alpha1p0,106,2,subject106_client2,7536,1,sitting,483.36
1.0,alpha1p0,106,2,subject106_client2,7537,1,sitting,484.64
1.0,alpha1p0,106,2,subject106_client2,7538,1,sitting,485.92
1.0,alpha1p0,106,2,subject106_client2,7539,1,sitting,487.2
1.0,alpha1p0,106,2,subject106_client2,7540,1,sitting,488.48
1.0,alpha1p0,106,2,subject106_client2,7541,1,sitting,489.76
1.0,alpha1p0,106,2,subject106_client2,7542,1,sitting,491.04
1.0,alpha1p0,106,2,subject106_client2,7543,1,sitting,492.32
1.0,alpha1p0,106,2,subject106_client2,7544,1,sitting,493.6
1.0,alpha1p0,106,2,subject106_client2,7545,1,sitting,494.88
1.0,alpha1p0,106,2,subject106_client2,7546,1,sitting,496.16
1.0,alpha1p0,106,2,subject106_client2,7547,1,sitting,497.44
1.0,alpha1p0,106,2,subject106_client2,7548,1,sitting,498.72
1.0,alpha1p0,106,2,subject106_client2,7549,1,sitting,500.0
1.0,alpha1p0,106,2,subject106_client2,7550,1,sitting,501.28
1.0,alpha1p0,106,2,subject106_client2,7551,1,sitting,502.56
1.0,alpha1p0,106,2,subject106_client2,7552,1,sitting,503.84
1.0,alpha1p0,106,2,subject106_client2,7553,1,sitting,505.12
1.0,alpha1p0,106,2,subject106_client2,7554,1,sitting,506.4
1.0,alpha1p0,106,2,subject106_client2,7555,1,sitting,507.68
1.0,alpha1p0,106,2,subject106_client2,7556,1,sitting,508.96
1.0,alpha1p0,106,2,subject106_client2,7557,1,sitting,510.24
1.0,alpha1p0,106,2,subject106_client2,7558,1,sitting,511.52
1.0,alpha1p0,106,2,subject106_client2,7559,1,sitting,512.8
1.0,alpha1p0,106,2,subject106_client2,7560,1,sitting,514.08
1.0,alpha1p0,106,1,subject106_client1,7562,1,sitting,516.64
1.0,alpha1p0,106,1,subject106_client1,7563,1,sitting,517.92
1.0,alpha1p0,106,1,subject106_client1,7564,1,sitting,519.2
1.0,alpha1p0,106,1,subject106_client1,7565,1,sitting,520.48
1.0,alpha1p0,106,1,subject106_client1,7566,1,sitting,521.76
1.0,alpha1p0,106,1,subject106_client1,7567,1,sitting,523.04
1.0,alpha1p0,106,1,subject106_client1,7568,1,sitting,524.32
1.0,alpha1p0,106,1,subject106_client1,7569,1,sitting,525.6
1.0,alpha1p0,106,0,subject106_client0,7571,1,sitting,528.16
1.0,alpha1p0,106,0,subject106_client0,7572,1,sitting,529.44
1.0,alpha1p0,106,0,subject106_client0,7573,1,sitting,530.72
1.0,alpha1p0,106,0,subject106_client0,7574,1,sitting,532.0
1.0,alpha1p0,106,0,subject106_client0,7575,1,sitting,533.28
1.0,alpha1p0,106,0,subject106_client0,7576,1,sitting,534.56
1.0,alpha1p0,106,0,subject106_client0,7577,1,sitting,535.84
1.0,alpha1p0,106,0,subject106_client0,7578,1,sitting,537.12
1.0,alpha1p0,106,0,subject106_client0,7579,1,sitting,538.4
1.0,alpha1p0,106,0,subject106_client0,7580,1,sitting,539.68
1.0,alpha1p0,106,0,subject106_client0,7581,1,sitting,540.96
1.0,alpha1p0,106,0,subject106_client0,7582,1,sitting,542.24
1.0,alpha1p0,106,0,subject106_client0,7583,1,sitting,543.52
1.0,alpha1p0,106,0,subject106_client0,7584,1,sitting,544.8
1.0,alpha1p0,106,0,subject106_client0,7585,1,sitting,546.08
1.0,alpha1p0,106,0,subject106_client0,7586,1,sitting,547.36
1.0,alpha1p0,106,0,subject106_client0,7587,1,sitting,548.64
1.0,alpha1p0,106,0,subject106_client0,7588,1,sitting,549.92
1.0,alpha1p0,106,0,subject106_client0,7589,1,sitting,551.2
1.0,alpha1p0,106,0,subject106_client0,7590,1,sitting,552.48
1.0,alpha1p0,106,0,subject106_client0,7591,1,sitting,553.76
1.0,alpha1p0,106,0,subject106_client0,7592,1,sitting,555.04
1.0,alpha1p0,106,0,subject106_client0,7593,1,sitting,556.32
1.0,alpha1p0,106,0,subject106_client0,7594,1,sitting,557.6
1.0,alpha1p0,106,0,subject106_client0,7595,1,sitting,558.88
1.0,alpha1p0,106,0,subject106_client0,7596,1,sitting,560.16
1.0,alpha1p0,106,0,subject106_client0,7597,1,sitting,561.44
1.0,alpha1p0,106,0,subject106_client0,7598,1,sitting,562.72
1.0,alpha1p0,106,0,subject106_client0,7599,1,sitting,564.0
1.0,alpha1p0,106,0,subject106_client0,7600,1,sitting,565.28
1.0,alpha1p0,106,0,subject106_client0,7601,1,sitting,566.56
1.0,alpha1p0,106,0,subject106_client0,7602,1,sitting,567.84
1.0,alpha1p0,106,0,subject106_client0,7603,1,sitting,569.12
1.0,alpha1p0,106,0,subject106_client0,7604,1,sitting,570.4
1.0,alpha1p0,106,0,subject106_client0,7605,1,sitting,571.68
1.0,alpha1p0,106,0,subject106_client0,7606,1,sitting,572.96
1.0,alpha1p0,106,0,subject106_client0,7607,1,sitting,574.24
1.0,alpha1p0,106,0,subject106_client0,7608,1,sitting,575.52
1.0,alpha1p0,106,0,subject106_client0,7609,1,sitting,576.8
1.0,alpha1p0,106,0,subject106_client0,7610,1,sitting,578.08
1.0,alpha1p0,106,0,subject106_client0,7611,1,sitting,579.36
1.0,alpha1p0,106,0,subject106_client0,7612,1,sitting,580.64
1.0,alpha1p0,106,0,subject106_client0,7613,1,sitting,581.92
1.0,alpha1p0,106,0,subject106_client0,7614,1,sitting,583.2
1.0,alpha1p0,106,0,subject106_client0,7615,1,sitting,584.48
1.0,alpha1p0,106,0,subject106_client0,7616,1,sitting,585.76
1.0,alpha1p0,106,0,subject106_client0,7617,1,sitting,587.04
1.0,alpha1p0,106,0,subject106_client0,7618,1,sitting,588.32
1.0,alpha1p0,106,0,subject106_client0,7619,1,sitting,589.6
1.0,alpha1p0,106,0,subject106_client0,7620,1,sitting,590.88
1.0,alpha1p0,106,0,subject106_client0,7621,1,sitting,592.16
1.0,alpha1p0,106,0,subject106_client0,7622,1,sitting,593.44
1.0,alpha1p0,106,0,subject106_client0,7623,1,sitting,594.72
1.0,alpha1p0,106,0,subject106_client0,7624,1,sitting,596.0
1.0,alpha1p0,106,0,subject106_client0,7625,1,sitting,597.28
1.0,alpha1p0,106,0,subject106_client0,7626,1,sitting,598.56
1.0,alpha1p0,106,0,subject106_client0,7627,1,sitting,599.84
1.0,alpha1p0,106,0,subject106_client0,7628,1,sitting,601.12
1.0,alpha1p0,106,0,subject106_client0,7629,1,sitting,602.4
1.0,alpha1p0,106,0,subject106_client0,7630,1,sitting,603.68
1.0,alpha1p0,106,0,subject106_client0,7631,1,sitting,604.96
1.0,alpha1p0,106,0,subject106_client0,7632,1,sitting,606.24
1.0,alpha1p0,106,0,subject106_client0,7633,1,sitting,607.52
1.0,alpha1p0,106,0,subject106_client0,7634,1,sitting,608.8
1.0,alpha1p0,106,0,subject106_client0,7635,1,sitting,610.08
1.0,alpha1p0,106,0,subject106_client0,7636,1,sitting,611.36
1.0,alpha1p0,106,0,subject106_client0,7637,1,sitting,612.64
1.0,alpha1p0,106,0,subject106_client0,7638,1,sitting,613.92
1.0,alpha1p0,106,0,subject106_client0,7639,1,sitting,615.2
1.0,alpha1p0,106,0,subject106_client0,7640,1,sitting,616.48
1.0,alpha1p0,106,0,subject106_client0,7641,2,standing,619.05
1.0,alpha1p0,106,0,subject106_client0,7642,2,standing,620.33
1.0,alpha1p0,106,0,subject106_client0,7643,2,standing,621.61
1.0,alpha1p0,106,0,subject106_client0,7644,2,standing,622.89
1.0,alpha1p0,106,0,subject106_client0,7645,2,standing,624.17
1.0,alpha1p0,106,0,subject106_client0,7646,2,standing,625.45
1.0,alpha1p0,106,0,subject106_client0,7647,2,standing,626.73
1.0,alpha1p0,106,0,subject106_client0,7648,2,standing,628.01
1.0,alpha1p0,106,0,subject106_client0,7649,2,standing,629.29
1.0,alpha1p0,106,0,subject106_client0,7650,2,standing,630.57
1.0,alpha1p0,106,0,subject106_client0,7651,2,standing,631.85
1.0,alpha1p0,106,0,subject106_client0,7652,2,standing,633.13
1.0,alpha1p0,106,0,subject106_client0,7653,2,standing,634.41
1.0,alpha1p0,106,0,subject106_client0,7654,2,standing,635.69
1.0,alpha1p0,106,0,subject106_client0,7655,2,standing,636.97
1.0,alpha1p0,106,0,subject106_client0,7656,2,standing,638.25
1.0,alpha1p0,106,0,subject106_client0,7657,2,standing,639.53
1.0,alpha1p0,106,0,subject106_client0,7658,2,standing,640.81
1.0,alpha1p0,106,0,subject106_client0,7659,2,standing,642.09
1.0,alpha1p0,106,0,subject106_client0,7660,2,standing,643.37
1.0,alpha1p0,106,0,subject106_client0,7661,2,standing,644.65
1.0,alpha1p0,106,0,subject106_client0,7662,2,standing,645.93
1.0,alpha1p0,106,0,subject106_client0,7663,2,standing,647.21
1.0,alpha1p0,106,0,subject106_client0,7664,2,standing,648.49
1.0,alpha1p0,106,0,subject106_client0,7665,2,standing,649.77
1.0,alpha1p0,106,0,subject106_client0,7666,2,standing,651.05
1.0,alpha1p0,106,0,subject106_client0,7667,2,standing,652.33
1.0,alpha1p0,106,0,subject106_client0,7668,2,standing,653.61
1.0,alpha1p0,106,0,subject106_client0,7669,2,standing,654.89
1.0,alpha1p0,106,0,subject106_client0,7670,2,standing,656.17
1.0,alpha1p0,106,0,subject106_client0,7671,2,standing,657.45
1.0,alpha1p0,106,0,subject106_client0,7672,2,standing,658.73
1.0,alpha1p0,106,0,subject106_client0,7673,2,standing,660.01
1.0,alpha1p0,106,1,subject106_client1,7675,2,standing,662.57
1.0,alpha1p0,106,1,subject106_client1,7676,2,standing,663.85
1.0,alpha1p0,106,1,subject106_client1,7677,2,standing,665.13
1.0,alpha1p0,106,1,subject106_client1,7678,2,standing,666.41
1.0,alpha1p0,106,1,subject106_client1,7679,2,standing,667.69
1.0,alpha1p0,106,1,subject106_client1,7680,2,standing,668.97
1.0,alpha1p0,106,1,subject106_client1,7681,2,standing,670.25
1.0,alpha1p0,106,1,subject106_client1,7682,2,standing,671.53
1.0,alpha1p0,106,2,subject106_client2,7684,2,standing,674.09
1.0,alpha1p0,106,2,subject106_client2,7685,2,standing,675.37
1.0,alpha1p0,106,2,subject106_client2,7686,2,standing,676.65
1.0,alpha1p0,106,2,subject106_client2,7687,2,standing,677.93
1.0,alpha1p0,106,2,subject106_client2,7688,2,standing,679.21
1.0,alpha1p0,106,2,subject106_client2,7689,2,standing,680.49
1.0,alpha1p0,106,2,subject106_client2,7690,2,standing,681.77
1.0,alpha1p0,106,2,subject106_client2,7691,2,standing,683.05
1.0,alpha1p0,106,2,subject106_client2,7692,2,standing,684.33
1.0,alpha1p0,106,2,subject106_client2,7693,2,standing,685.61
1.0,alpha1p0,106,2,subject106_client2,7694,2,standing,686.89
1.0,alpha1p0,106,2,subject106_client2,7695,2,standing,688.17
1.0,alpha1p0,106,2,subject106_client2,7696,2,standing,689.45
1.0,alpha1p0,106,2,subject106_client2,7697,2,standing,690.73
1.0,alpha1p0,106,2,subject106_client2,7698,2,standing,692.01
1.0,alpha1p0,106,2,subject106_client2,7699,2,standing,693.29
1.0,alpha1p0,106,2,subject106_client2,7700,2,standing,694.57
1.0,alpha1p0,106,2,subject106_client2,7701,2,standing,695.85
1.0,alpha1p0,106,2,subject106_client2,7702,2,standing,697.13
1.0,alpha1p0,106,2,subject106_client2,7703,2,standing,698.41
1.0,alpha1p0,106,2,subject106_client2,7704,2,standing,699.69
1.0,alpha1p0,106,2,subject106_client2,7705,2,standing,700.97
1.0,alpha1p0,106,2,subject106_client2,7706,2,standing,702.25
1.0,alpha1p0,106,2,subject106_client2,7707,2,standing,703.53
1.0,alpha1p0,106,2,subject106_client2,7708,2,standing,704.81
1.0,alpha1p0,106,2,subject106_client2,7709,2,standing,706.09
1.0,alpha1p0,106,2,subject106_client2,7710,2,standing,707.37
1.0,alpha1p0,106,2,subject106_client2,7711,2,standing,708.65
1.0,alpha1p0,106,2,subject106_client2,7712,2,standing,709.93
1.0,alpha1p0,106,2,subject106_client2,7713,2,standing,711.21
1.0,alpha1p0,106,2,subject106_client2,7714,2,standing,712.49
1.0,alpha1p0,106,2,subject106_client2,7715,2,standing,713.77
1.0,alpha1p0,106,2,subject106_client2,7716,2,standing,715.05
1.0,alpha1p0,106,2,subject106_client2,7717,2,standing,716.33
1.0,alpha1p0,106,2,subject106_client2,7718,2,standing,717.61
1.0,alpha1p0,106,2,subject106_client2,7719,2,standing,718.89
1.0,alpha1p0,106,2,subject106_client2,7720,2,standing,720.17
1.0,alpha1p0,106,2,subject106_client2,7721,2,standing,721.45
1.0,alpha1p0,106,3,subject106_client3,7723,2,standing,724.01
1.0,alpha1p0,106,3,subject106_client3,7724,2,standing,725.29
1.0,alpha1p0,106,3,subject106_client3,7725,2,standing,726.57
1.0,alpha1p0,106,3,subject106_client3,7726,2,standing,727.85
1.0,alpha1p0,106,3,subject106_client3,7727,2,standing,729.13
1.0,alpha1p0,106,3,subject106_client3,7728,2,standing,730.41
1.0,alpha1p0,106,3,subject106_client3,7729,2,standing,731.69
1.0,alpha1p0,106,3,subject106_client3,7730,2,standing,732.97
1.0,alpha1p0,106,3,subject106_client3,7731,2,standing,734.25
1.0,alpha1p0,106,3,subject106_client3,7732,2,standing,735.53
1.0,alpha1p0,106,3,subject106_client3,7733,2,standing,736.81
1.0,alpha1p0,106,3,subject106_client3,7734,2,standing,738.09
1.0,alpha1p0,106,3,subject106_client3,7735,2,standing,739.37
1.0,alpha1p0,106,3,subject106_client3,7736,2,standing,740.65
1.0,alpha1p0,106,3,subject106_client3,7737,2,standing,741.93
1.0,alpha1p0,106,3,subject106_client3,7738,2,standing,743.21
1.0,alpha1p0,106,3,subject106_client3,7739,2,standing,744.49
1.0,alpha1p0,106,3,subject106_client3,7740,2,standing,745.77
1.0,alpha1p0,106,3,subject106_client3,7741,2,standing,747.05
1.0,alpha1p0,106,3,subject106_client3,7742,2,standing,748.33
1.0,alpha1p0,106,3,subject106_client3,7743,2,standing,749.61
1.0,alpha1p0,106,3,subject106_client3,7744,2,standing,750.89
1.0,alpha1p0,106,3,subject106_client3,7745,2,standing,752.17
1.0,alpha1p0,106,3,subject106_client3,7746,2,standing,753.45
1.0,alpha1p0,106,3,subject106_client3,7747,2,standing,754.73
1.0,alpha1p0,106,3,subject106_client3,7748,2,standing,756.01
1.0,alpha1p0,106,3,subject106_client3,7749,2,standing,757.29
1.0,alpha1p0,106,3,subject106_client3,7750,2,standing,758.57
1.0,alpha1p0,106,3,subject106_client3,7751,2,standing,759.85
1.0,alpha1p0,106,3,subject106_client3,7752,2,standing,761.13
1.0,alpha1p0,106,3,subject106_client3,7753,2,standing,762.41
1.0,alpha1p0,106,3,subject106_client3,7754,2,standing,763.69
1.0,alpha1p0,106,3,subject106_client3,7755,2,standing,764.97
1.0,alpha1p0,106,3,subject106_client3,7756,2,standing,766.25
1.0,alpha1p0,106,3,subject106_client3,7757,2,standing,767.53
1.0,alpha1p0,106,3,subject106_client3,7758,2,standing,768.81
1.0,alpha1p0,106,3,subject106_client3,7759,2,standing,770.09
1.0,alpha1p0,106,3,subject106_client3,7760,2,standing,771.37
1.0,alpha1p0,106,3,subject106_client3,7761,2,standing,772.65
1.0,alpha1p0,106,3,subject106_client3,7762,2,standing,773.93
1.0,alpha1p0,106,3,subject106_client3,7763,2,standing,775.21
1.0,alpha1p0,106,3,subject106_client3,7764,2,standing,776.49
1.0,alpha1p0,106,3,subject106_client3,7765,2,standing,777.77
1.0,alpha1p0,106,3,subject106_client3,7766,2,standing,779.05
1.0,alpha1p0,106,3,subject106_client3,7767,2,standing,780.33
1.0,alpha1p0,106,3,subject106_client3,7768,2,standing,781.61
1.0,alpha1p0,106,3,subject106_client3,7769,2,standing,782.89
1.0,alpha1p0,106,3,subject106_client3,7770,2,standing,784.17
1.0,alpha1p0,106,3,subject106_client3,7771,2,standing,785.45
1.0,alpha1p0,106,3,subject106_client3,7772,2,standing,786.73
1.0,alpha1p0,106,3,subject106_client3,7773,2,standing,788.01
1.0,alpha1p0,106,3,subject106_client3,7774,2,standing,789.29
1.0,alpha1p0,106,3,subject106_client3,7775,2,standing,790.57
1.0,alpha1p0,106,3,subject106_client3,7776,2,standing,791.85
1.0,alpha1p0,106,3,subject106_client3,7777,2,standing,793.13
1.0,alpha1p0,106,3,subject106_client3,7778,2,standing,794.41
1.0,alpha1p0,106,3,subject106_client3,7779,2,standing,795.69
1.0,alpha1p0,106,3,subject106_client3,7780,2,standing,796.97
1.0,alpha1p0,106,3,subject106_client3,7781,2,standing,798.25
1.0,alpha1p0,106,3,subject106_client3,7782,2,standing,799.53
1.0,alpha1p0,106,3,subject106_client3,7783,2,standing,800.81
1.0,alpha1p0,106,3,subject106_client3,7784,2,standing,802.09
1.0,alpha1p0,106,3,subject106_client3,7785,2,standing,803.37
1.0,alpha1p0,106,3,subject106_client3,7786,2,standing,804.65
1.0,alpha1p0,106,3,subject106_client3,7787,2,standing,805.93
1.0,alpha1p0,106,3,subject106_client3,7788,2,standing,807.21
1.0,alpha1p0,106,3,subject106_client3,7789,2,standing,808.49
1.0,alpha1p0,106,3,subject106_client3,7790,2,standing,809.77
1.0,alpha1p0,106,3,subject106_client3,7791,2,standing,811.05
1.0,alpha1p0,106,3,subject106_client3,7792,2,standing,812.33
1.0,alpha1p0,106,3,subject106_client3,7793,2,standing,813.61
1.0,alpha1p0,106,3,subject106_client3,7794,2,standing,814.89
1.0,alpha1p0,106,3,subject106_client3,7795,2,standing,816.17
1.0,alpha1p0,106,3,subject106_client3,7796,2,standing,817.45
1.0,alpha1p0,106,3,subject106_client3,7797,2,standing,818.73
1.0,alpha1p0,106,3,subject106_client3,7798,2,standing,820.01
1.0,alpha1p0,106,3,subject106_client3,7799,2,standing,821.29
1.0,alpha1p0,106,3,subject106_client3,7800,2,standing,822.57
1.0,alpha1p0,106,3,subject106_client3,7801,2,standing,823.85
1.0,alpha1p0,106,3,subject106_client3,7802,2,standing,825.13
1.0,alpha1p0,106,3,subject106_client3,7803,2,standing,826.41
1.0,alpha1p0,106,3,subject106_client3,7804,2,standing,827.69
1.0,alpha1p0,106,3,subject106_client3,7805,2,standing,828.97
1.0,alpha1p0,106,3,subject106_client3,7806,2,standing,830.25
1.0,alpha1p0,106,3,subject106_client3,7807,2,standing,831.53
1.0,alpha1p0,106,3,subject106_client3,7808,2,standing,832.81
1.0,alpha1p0,106,3,subject106_client3,7809,2,standing,834.09
1.0,alpha1p0,106,3,subject106_client3,7810,2,standing,835.37
1.0,alpha1p0,106,3,subject106_client3,7811,2,standing,836.65
1.0,alpha1p0,106,3,subject106_client3,7812,2,standing,837.93
1.0,alpha1p0,106,3,subject106_client3,7813,2,standing,839.21
1.0,alpha1p0,106,3,subject106_client3,7814,2,standing,840.49
1.0,alpha1p0,106,3,subject106_client3,7815,2,standing,841.77
1.0,alpha1p0,106,3,subject106_client3,7816,2,standing,843.05
1.0,alpha1p0,106,3,subject106_client3,7817,2,standing,844.33
1.0,alpha1p0,106,3,subject106_client3,7818,2,standing,845.61
1.0,alpha1p0,106,3,subject106_client3,7819,2,standing,846.89
1.0,alpha1p0,106,3,subject106_client3,7820,2,standing,848.17
1.0,alpha1p0,106,3,subject106_client3,7821,2,standing,849.45
1.0,alpha1p0,106,3,subject106_client3,7822,2,standing,850.73
1.0,alpha1p0,106,3,subject106_client3,7823,2,standing,852.01
1.0,alpha1p0,106,3,subject106_client3,7824,2,standing,853.29
1.0,alpha1p0,106,3,subject106_client3,7825,2,standing,854.57
1.0,alpha1p0,106,3,subject106_client3,7826,2,standing,855.85
1.0,alpha1p0,106,3,subject106_client3,7827,2,standing,857.13
1.0,alpha1p0,106,3,subject106_client3,7828,2,standing,858.41
1.0,alpha1p0,106,3,subject106_client3,7829,2,standing,859.69
1.0,alpha1p0,106,2,subject106_client2,7830,10,ironing,863.89
1.0,alpha1p0,106,2,subject106_client2,7831,10,ironing,865.17
1.0,alpha1p0,106,2,subject106_client2,7832,10,ironing,866.45
1.0,alpha1p0,106,2,subject106_client2,7833,10,ironing,867.73
1.0,alpha1p0,106,2,subject106_client2,7834,10,ironing,869.01
1.0,alpha1p0,106,2,subject106_client2,7835,10,ironing,870.29
1.0,alpha1p0,106,2,subject106_client2,7836,10,ironing,871.57
1.0,alpha1p0,106,2,subject106_client2,7837,10,ironing,872.85
1.0,alpha1p0,106,2,subject106_client2,7838,10,ironing,874.13
1.0,alpha1p0,106,2,subject106_client2,7839,10,ironing,875.41
1.0,alpha1p0,106,2,subject106_client2,7840,10,ironing,876.69
1.0,alpha1p0,106,2,subject106_client2,7841,10,ironing,877.97
1.0,alpha1p0,106,2,subject106_client2,7842,10,ironing,879.25
1.0,alpha1p0,106,2,subject106_client2,7843,10,ironing,880.53
1.0,alpha1p0,106,2,subject106_client2,7844,10,ironing,881.81
1.0,alpha1p0,106,2,subject106_client2,7845,10,ironing,883.09
1.0,alpha1p0,106,2,subject106_client2,7846,10,ironing,884.37
1.0,alpha1p0,106,2,subject106_client2,7847,10,ironing,885.65
1.0,alpha1p0,106,2,subject106_client2,7848,10,ironing,886.93
1.0,alpha1p0,106,2,subject106_client2,7849,10,ironing,888.21
1.0,alpha1p0,106,2,subject106_client2,7850,10,ironing,889.49
1.0,alpha1p0,106,2,subject106_client2,7851,10,ironing,890.77
1.0,alpha1p0,106,2,subject106_client2,7852,10,ironing,892.05
1.0,alpha1p0,106,2,subject106_client2,7853,10,ironing,893.33
1.0,alpha1p0,106,2,subject106_client2,7854,10,ironing,894.61
1.0,alpha1p0,106,2,subject106_client2,7855,10,ironing,895.89
1.0,alpha1p0,106,2,subject106_client2,7856,10,ironing,897.17
1.0,alpha1p0,106,2,subject106_client2,7857,10,ironing,898.45
1.0,alpha1p0,106,2,subject106_client2,7858,10,ironing,899.73
1.0,alpha1p0,106,2,subject106_client2,7859,10,ironing,901.01
1.0,alpha1p0,106,2,subject106_client2,7860,10,ironing,902.29
1.0,alpha1p0,106,2,subject106_client2,7861,10,ironing,903.57
1.0,alpha1p0,106,2,subject106_client2,7862,10,ironing,904.85
1.0,alpha1p0,106,2,subject106_client2,7863,10,ironing,906.13
1.0,alpha1p0,106,2,subject106_client2,7864,10,ironing,907.41
1.0,alpha1p0,106,2,subject106_client2,7865,10,ironing,908.69
1.0,alpha1p0,106,2,subject106_client2,7866,10,ironing,909.97
1.0,alpha1p0,106,2,subject106_client2,7867,10,ironing,911.25
1.0,alpha1p0,106,2,subject106_client2,7868,10,ironing,912.53
1.0,alpha1p0,106,2,subject106_client2,7869,10,ironing,913.81
1.0,alpha1p0,106,2,subject106_client2,7870,10,ironing,915.09
1.0,alpha1p0,106,2,subject106_client2,7871,10,ironing,916.37
1.0,alpha1p0,106,2,subject106_client2,7872,10,ironing,917.65
1.0,alpha1p0,106,2,subject106_client2,7873,10,ironing,918.93
1.0,alpha1p0,106,2,subject106_client2,7874,10,ironing,920.21
1.0,alpha1p0,106,2,subject106_client2,7875,10,ironing,921.49
1.0,alpha1p0,106,2,subject106_client2,7876,10,ironing,922.77
1.0,alpha1p0,106,2,subject106_client2,7877,10,ironing,924.05
1.0,alpha1p0,106,2,subject106_client2,7878,10,ironing,925.33
1.0,alpha1p0,106,2,subject106_client2,7879,10,ironing,926.61
1.0,alpha1p0,106,2,subject106_client2,7880,10,ironing,927.89
1.0,alpha1p0,106,2,subject106_client2,7881,10,ironing,929.17
1.0,alpha1p0,106,2,subject106_client2,7882,10,ironing,930.45
1.0,alpha1p0,106,2,subject106_client2,7883,10,ironing,931.73
1.0,alpha1p0,106,2,subject106_client2,7884,10,ironing,933.01
1.0,alpha1p0,106,2,subject106_client2,7885,10,ironing,934.29
1.0,alpha1p0,106,2,subject106_client2,7886,10,ironing,935.57
1.0,alpha1p0,106,2,subject106_client2,7887,10,ironing,936.85
1.0,alpha1p0,106,2,subject106_client2,7888,10,ironing,938.13
1.0,alpha1p0,106,2,subject106_client2,7889,10,ironing,939.41
1.0,alpha1p0,106,2,subject106_client2,7890,10,ironing,940.69
1.0,alpha1p0,106,2,subject106_client2,7891,10,ironing,941.97
1.0,alpha1p0,106,2,subject106_client2,7892,10,ironing,943.25
1.0,alpha1p0,106,2,subject106_client2,7893,10,ironing,944.53
1.0,alpha1p0,106,2,subject106_client2,7894,10,ironing,945.81
1.0,alpha1p0,106,2,subject106_client2,7895,10,ironing,947.09
1.0,alpha1p0,106,2,subject106_client2,7896,10,ironing,948.37
1.0,alpha1p0,106,2,subject106_client2,7897,10,ironing,949.65
1.0,alpha1p0,106,2,subject106_client2,7898,10,ironing,950.93
1.0,alpha1p0,106,2,subject106_client2,7899,10,ironing,952.21
1.0,alpha1p0,106,2,subject106_client2,7900,10,ironing,953.49
1.0,alpha1p0,106,2,subject106_client2,7901,10,ironing,954.77
1.0,alpha1p0,106,2,subject106_client2,7902,10,ironing,956.05
1.0,alpha1p0,106,2,subject106_client2,7903,10,ironing,957.33
1.0,alpha1p0,106,2,subject106_client2,7904,10,ironing,958.61
1.0,alpha1p0,106,2,subject106_client2,7905,10,ironing,959.89
1.0,alpha1p0,106,2,subject106_client2,7906,10,ironing,961.17
1.0,alpha1p0,106,2,subject106_client2,7907,10,ironing,962.45
1.0,alpha1p0,106,2,subject106_client2,7908,10,ironing,963.73
1.0,alpha1p0,106,2,subject106_client2,7909,10,ironing,965.01
1.0,alpha1p0,106,2,subject106_client2,7910,10,ironing,966.29
1.0,alpha1p0,106,2,subject106_client2,7911,10,ironing,967.57
1.0,alpha1p0,106,2,subject106_client2,7912,10,ironing,968.85
1.0,alpha1p0,106,2,subject106_client2,7913,10,ironing,970.13
1.0,alpha1p0,106,2,subject106_client2,7914,10,ironing,971.41
1.0,alpha1p0,106,2,subject106_client2,7915,10,ironing,972.69
1.0,alpha1p0,106,2,subject106_client2,7916,10,ironing,973.97
1.0,alpha1p0,106,3,subject106_client3,7918,10,ironing,976.53
1.0,alpha1p0,106,3,subject106_client3,7919,10,ironing,977.81
1.0,alpha1p0,106,3,subject106_client3,7920,10,ironing,979.09
1.0,alpha1p0,106,3,subject106_client3,7921,10,ironing,980.37
1.0,alpha1p0,106,3,subject106_client3,7922,10,ironing,981.65
1.0,alpha1p0,106,3,subject106_client3,7923,10,ironing,982.93
1.0,alpha1p0,106,3,subject106_client3,7924,10,ironing,984.21
1.0,alpha1p0,106,3,subject106_client3,7925,10,ironing,985.49
1.0,alpha1p0,106,3,subject106_client3,7926,10,ironing,986.77
1.0,alpha1p0,106,3,subject106_client3,7927,10,ironing,988.05
1.0,alpha1p0,106,3,subject106_client3,7928,10,ironing,989.33
1.0,alpha1p0,106,3,subject106_client3,7929,10,ironing,990.61
1.0,alpha1p0,106,3,subject106_client3,7930,10,ironing,991.89
1.0,alpha1p0,106,3,subject106_client3,7931,10,ironing,993.17
1.0,alpha1p0,106,3,subject106_client3,7932,10,ironing,994.45
1.0,alpha1p0,106,3,subject106_client3,7933,10,ironing,995.73
1.0,alpha1p0,106,3,subject106_client3,7934,10,ironing,997.01
1.0,alpha1p0,106,3,subject106_client3,7935,10,ironing,998.29
1.0,alpha1p0,106,3,subject106_client3,7936,10,ironing,999.57
1.0,alpha1p0,106,3,subject106_client3,7937,10,ironing,1000.85
1.0,alpha1p0,106,3,subject106_client3,7938,10,ironing,1002.13
1.0,alpha1p0,106,3,subject106_client3,7939,10,ironing,1003.41
1.0,alpha1p0,106,3,subject106_client3,7940,10,ironing,1004.69
1.0,alpha1p0,106,3,subject106_client3,7941,10,ironing,1005.97
1.0,alpha1p0,106,3,subject106_client3,7942,10,ironing,1007.25
1.0,alpha1p0,106,3,subject106_client3,7943,10,ironing,1008.53
1.0,alpha1p0,106,3,subject106_client3,7944,10,ironing,1009.81
1.0,alpha1p0,106,3,subject106_client3,7945,10,ironing,1011.09
1.0,alpha1p0,106,3,subject106_client3,7946,10,ironing,1012.37
1.0,alpha1p0,106,3,subject106_client3,7947,10,ironing,1013.65
1.0,alpha1p0,106,3,subject106_client3,7948,10,ironing,1014.93
1.0,alpha1p0,106,3,subject106_client3,7949,10,ironing,1016.21
1.0,alpha1p0,106,3,subject106_client3,7950,10,ironing,1017.49
1.0,alpha1p0,106,3,subject106_client3,7951,10,ironing,1018.77
1.0,alpha1p0,106,3,subject106_client3,7952,10,ironing,1020.05
1.0,alpha1p0,106,3,subject106_client3,7953,10,ironing,1021.33
1.0,alpha1p0,106,3,subject106_client3,7954,10,ironing,1022.61
1.0,alpha1p0,106,3,subject106_client3,7955,10,ironing,1023.89
1.0,alpha1p0,106,3,subject106_client3,7956,10,ironing,1025.17
1.0,alpha1p0,106,3,subject106_client3,7957,10,ironing,1026.45
1.0,alpha1p0,106,3,subject106_client3,7958,10,ironing,1027.73
1.0,alpha1p0,106,3,subject106_client3,7959,10,ironing,1029.01
1.0,alpha1p0,106,3,subject106_client3,7960,10,ironing,1030.29
1.0,alpha1p0,106,3,subject106_client3,7961,10,ironing,1031.57
1.0,alpha1p0,106,1,subject106_client1,7963,10,ironing,1034.13
1.0,alpha1p0,106,1,subject106_client1,7964,10,ironing,1035.41
1.0,alpha1p0,106,1,subject106_client1,7965,10,ironing,1036.69
1.0,alpha1p0,106,1,subject106_client1,7966,10,ironing,1037.97
1.0,alpha1p0,106,1,subject106_client1,7967,10,ironing,1039.25
1.0,alpha1p0,106,1,subject106_client1,7968,10,ironing,1040.53
1.0,alpha1p0,106,1,subject106_client1,7969,10,ironing,1041.81
1.0,alpha1p0,106,1,subject106_client1,7970,10,ironing,1043.09
1.0,alpha1p0,106,1,subject106_client1,7971,10,ironing,1044.37
1.0,alpha1p0,106,1,subject106_client1,7972,10,ironing,1045.65
1.0,alpha1p0,106,1,subject106_client1,7973,10,ironing,1046.93
1.0,alpha1p0,106,1,subject106_client1,7974,10,ironing,1048.21
1.0,alpha1p0,106,1,subject106_client1,7975,10,ironing,1049.49
1.0,alpha1p0,106,1,subject106_client1,7976,10,ironing,1050.77
1.0,alpha1p0,106,1,subject106_client1,7977,10,ironing,1052.05
1.0,alpha1p0,106,1,subject106_client1,7978,10,ironing,1053.33
1.0,alpha1p0,106,0,subject106_client0,7980,10,ironing,1055.89
1.0,alpha1p0,106,0,subject106_client0,7981,10,ironing,1057.17
1.0,alpha1p0,106,0,subject106_client0,7982,10,ironing,1058.45
1.0,alpha1p0,106,0,subject106_client0,7983,10,ironing,1059.73
1.0,alpha1p0,106,0,subject106_client0,7984,10,ironing,1061.01
1.0,alpha1p0,106,0,subject106_client0,7985,10,ironing,1062.29
1.0,alpha1p0,106,0,subject106_client0,7986,10,ironing,1063.57
1.0,alpha1p0,106,0,subject106_client0,7987,10,ironing,1064.85
1.0,alpha1p0,106,0,subject106_client0,7988,10,ironing,1066.13
1.0,alpha1p0,106,0,subject106_client0,7989,10,ironing,1067.41
1.0,alpha1p0,106,0,subject106_client0,7990,10,ironing,1068.69
1.0,alpha1p0,106,0,subject106_client0,7991,10,ironing,1069.97
1.0,alpha1p0,106,0,subject106_client0,7992,10,ironing,1071.25
1.0,alpha1p0,106,0,subject106_client0,7993,10,ironing,1072.53
1.0,alpha1p0,106,0,subject106_client0,7994,10,ironing,1073.81
1.0,alpha1p0,106,0,subject106_client0,7995,10,ironing,1075.09
1.0,alpha1p0,106,0,subject106_client0,7996,10,ironing,1076.37
1.0,alpha1p0,106,0,subject106_client0,7997,10,ironing,1077.65
1.0,alpha1p0,106,0,subject106_client0,7998,10,ironing,1078.93
1.0,alpha1p0,106,0,subject106_client0,7999,10,ironing,1080.21
1.0,alpha1p0,106,0,subject106_client0,8000,10,ironing,1081.49
1.0,alpha1p0,106,0,subject106_client0,8001,10,ironing,1082.77
1.0,alpha1p0,106,0,subject106_client0,8002,10,ironing,1084.05
1.0,alpha1p0,106,0,subject106_client0,8003,10,ironing,1085.33
1.0,alpha1p0,106,0,subject106_client0,8004,10,ironing,1086.61
1.0,alpha1p0,106,0,subject106_client0,8005,10,ironing,1087.89
1.0,alpha1p0,106,0,subject106_client0,8006,10,ironing,1089.17
1.0,alpha1p0,106,0,subject106_client0,8007,10,ironing,1090.45
1.0,alpha1p0,106,0,subject106_client0,8008,10,ironing,1091.73
1.0,alpha1p0,106,0,subject106_client0,8009,10,ironing,1093.01
1.0,alpha1p0,106,0,subject106_client0,8010,10,ironing,1094.29
1.0,alpha1p0,106,0,subject106_client0,8011,10,ironing,1095.57
1.0,alpha1p0,106,0,subject106_client0,8012,10,ironing,1096.85
1.0,alpha1p0,106,0,subject106_client0,8013,10,ironing,1098.13
1.0,alpha1p0,106,0,subject106_client0,8014,10,ironing,1099.41
1.0,alpha1p0,106,0,subject106_client0,8015,10,ironing,1100.69
1.0,alpha1p0,106,0,subject106_client0,8016,10,ironing,1101.97
1.0,alpha1p0,106,0,subject106_client0,8017,10,ironing,1103.25
1.0,alpha1p0,106,0,subject106_client0,8018,10,ironing,1104.53
1.0,alpha1p0,106,0,subject106_client0,8019,10,ironing,1105.81
1.0,alpha1p0,106,0,subject106_client0,8020,10,ironing,1107.09
1.0,alpha1p0,106,0,subject106_client0,8021,10,ironing,1108.37
1.0,alpha1p0,106,0,subject106_client0,8022,10,ironing,1109.65
1.0,alpha1p0,106,0,subject106_client0,8023,10,ironing,1110.93
1.0,alpha1p0,106,0,subject106_client0,8024,10,ironing,1112.21
1.0,alpha1p0,106,0,subject106_client0,8025,10,ironing,1113.49
1.0,alpha1p0,106,0,subject106_client0,8026,10,ironing,1114.77
1.0,alpha1p0,106,0,subject106_client0,8027,10,ironing,1116.05
1.0,alpha1p0,106,0,subject106_client0,8028,10,ironing,1117.33
1.0,alpha1p0,106,0,subject106_client0,8029,10,ironing,1118.61
1.0,alpha1p0,106,0,subject106_client0,8030,10,ironing,1119.89
1.0,alpha1p0,106,0,subject106_client0,8031,10,ironing,1121.17
1.0,alpha1p0,106,0,subject106_client0,8032,10,ironing,1122.45
1.0,alpha1p0,106,0,subject106_client0,8033,10,ironing,1123.73
1.0,alpha1p0,106,0,subject106_client0,8034,10,ironing,1125.01
1.0,alpha1p0,106,0,subject106_client0,8035,10,ironing,1126.29
1.0,alpha1p0,106,0,subject106_client0,8036,10,ironing,1127.57
1.0,alpha1p0,106,0,subject106_client0,8037,10,ironing,1128.85
1.0,alpha1p0,106,0,subject106_client0,8038,10,ironing,1130.13
1.0,alpha1p0,106,0,subject106_client0,8039,10,ironing,1131.41
1.0,alpha1p0,106,0,subject106_client0,8040,10,ironing,1132.69
1.0,alpha1p0,106,0,subject106_client0,8041,10,ironing,1133.97
1.0,alpha1p0,106,0,subject106_client0,8042,10,ironing,1135.25
1.0,alpha1p0,106,0,subject106_client0,8043,10,ironing,1136.53
1.0,alpha1p0,106,0,subject106_client0,8044,10,ironing,1137.81
1.0,alpha1p0,106,0,subject106_client0,8045,10,ironing,1139.09
1.0,alpha1p0,106,0,subject106_client0,8046,10,ironing,1140.37
1.0,alpha1p0,106,0,subject106_client0,8047,10,ironing,1141.65
1.0,alpha1p0,106,0,subject106_client0,8048,10,ironing,1142.93
1.0,alpha1p0,106,0,subject106_client0,8049,10,ironing,1144.21
1.0,alpha1p0,106,0,subject106_client0,8050,10,ironing,1145.49
1.0,alpha1p0,106,0,subject106_client0,8051,10,ironing,1146.77
1.0,alpha1p0,106,0,subject106_client0,8052,10,ironing,1148.05
1.0,alpha1p0,106,0,subject106_client0,8053,10,ironing,1149.33
1.0,alpha1p0,106,0,subject106_client0,8054,10,ironing,1150.61
1.0,alpha1p0,106,0,subject106_client0,8055,10,ironing,1151.89
1.0,alpha1p0,106,0,subject106_client0,8056,10,ironing,1153.17
1.0,alpha1p0,106,0,subject106_client0,8057,10,ironing,1154.45
1.0,alpha1p0,106,0,subject106_client0,8058,10,ironing,1155.73
1.0,alpha1p0,106,0,subject106_client0,8059,10,ironing,1157.01
1.0,alpha1p0,106,0,subject106_client0,8060,10,ironing,1158.29
1.0,alpha1p0,106,0,subject106_client0,8061,10,ironing,1159.57
1.0,alpha1p0,106,0,subject106_client0,8062,10,ironing,1160.85
1.0,alpha1p0,106,0,subject106_client0,8063,10,ironing,1162.13
1.0,alpha1p0,106,0,subject106_client0,8064,10,ironing,1163.41
1.0,alpha1p0,106,0,subject106_client0,8065,10,ironing,1164.69
1.0,alpha1p0,106,0,subject106_client0,8066,10,ironing,1165.97
1.0,alpha1p0,106,0,subject106_client0,8067,10,ironing,1167.25
1.0,alpha1p0,106,0,subject106_client0,8068,10,ironing,1168.53
1.0,alpha1p0,106,0,subject106_client0,8069,10,ironing,1169.81
1.0,alpha1p0,106,0,subject106_client0,8070,10,ironing,1171.09
1.0,alpha1p0,106,0,subject106_client0,8071,10,ironing,1172.37
1.0,alpha1p0,106,0,subject106_client0,8072,10,ironing,1173.65
1.0,alpha1p0,106,0,subject106_client0,8073,10,ironing,1174.93
1.0,alpha1p0,106,0,subject106_client0,8074,10,ironing,1176.21
1.0,alpha1p0,106,0,subject106_client0,8075,10,ironing,1177.49
1.0,alpha1p0,106,0,subject106_client0,8076,10,ironing,1178.77
1.0,alpha1p0,106,0,subject106_client0,8077,10,ironing,1180.05
1.0,alpha1p0,106,0,subject106_client0,8078,10,ironing,1181.33
1.0,alpha1p0,106,0,subject106_client0,8079,10,ironing,1182.61
1.0,alpha1p0,106,0,subject106_client0,8080,10,ironing,1183.89
1.0,alpha1p0,106,0,subject106_client0,8081,10,ironing,1185.17
1.0,alpha1p0,106,0,subject106_client0,8082,10,ironing,1186.45
1.0,alpha1p0,106,0,subject106_client0,8083,10,ironing,1187.73
1.0,alpha1p0,106,0,subject106_client0,8084,10,ironing,1189.01
1.0,alpha1p0,106,0,subject106_client0,8085,10,ironing,1190.29
1.0,alpha1p0,106,0,subject106_client0,8086,10,ironing,1191.57
1.0,alpha1p0,106,0,subject106_client0,8087,10,ironing,1192.85
1.0,alpha1p0,106,0,subject106_client0,8088,10,ironing,1194.13
1.0,alpha1p0,106,0,subject106_client0,8089,10,ironing,1195.41
1.0,alpha1p0,106,0,subject106_client0,8090,10,ironing,1196.69
1.0,alpha1p0,106,0,subject106_client0,8091,10,ironing,1197.97
1.0,alpha1p0,106,0,subject106_client0,8092,10,ironing,1199.25
1.0,alpha1p0,106,0,subject106_client0,8093,10,ironing,1200.53
1.0,alpha1p0,106,0,subject106_client0,8094,10,ironing,1201.81
1.0,alpha1p0,106,0,subject106_client0,8095,10,ironing,1203.09
1.0,alpha1p0,106,0,subject106_client0,8096,10,ironing,1204.37
1.0,alpha1p0,106,0,subject106_client0,8097,10,ironing,1205.65
1.0,alpha1p0,106,0,subject106_client0,8098,10,ironing,1206.93
1.0,alpha1p0,106,0,subject106_client0,8099,10,ironing,1208.21
1.0,alpha1p0,106,0,subject106_client0,8100,10,ironing,1209.49
1.0,alpha1p0,106,0,subject106_client0,8101,10,ironing,1210.77
1.0,alpha1p0,106,0,subject106_client0,8102,10,ironing,1212.05
1.0,alpha1p0,106,0,subject106_client0,8103,10,ironing,1213.33
1.0,alpha1p0,106,0,subject106_client0,8104,10,ironing,1214.61
1.0,alpha1p0,106,0,subject106_client0,8105,10,ironing,1215.89
1.0,alpha1p0,106,0,subject106_client0,8106,10,ironing,1217.17
1.0,alpha1p0,106,0,subject106_client0,8107,10,ironing,1218.45
1.0,alpha1p0,106,0,subject106_client0,8108,10,ironing,1219.73
1.0,alpha1p0,106,0,subject106_client0,8109,10,ironing,1221.01
1.0,alpha1p0,106,0,subject106_client0,8110,10,ironing,1222.29
1.0,alpha1p0,106,0,subject106_client0,8111,10,ironing,1223.57
1.0,alpha1p0,106,0,subject106_client0,8112,10,ironing,1224.85
1.0,alpha1p0,106,0,subject106_client0,8113,10,ironing,1226.13
1.0,alpha1p0,106,0,subject106_client0,8114,10,ironing,1227.41
1.0,alpha1p0,106,0,subject106_client0,8115,10,ironing,1228.69
1.0,alpha1p0,106,0,subject106_client0,8116,10,ironing,1229.97
1.0,alpha1p0,106,0,subject106_client0,8117,10,ironing,1231.25
1.0,alpha1p0,106,0,subject106_client0,8118,10,ironing,1232.53
1.0,alpha1p0,106,0,subject106_client0,8119,10,ironing,1233.81
1.0,alpha1p0,106,0,subject106_client0,8120,10,ironing,1235.09
1.0,alpha1p0,106,0,subject106_client0,8121,10,ironing,1236.37
1.0,alpha1p0,106,2,subject106_client2,8122,9,vacuum cleaning,1314.72
1.0,alpha1p0,106,2,subject106_client2,8123,9,vacuum cleaning,1316.0
1.0,alpha1p0,106,2,subject106_client2,8124,9,vacuum cleaning,1317.28
1.0,alpha1p0,106,2,subject106_client2,8125,9,vacuum cleaning,1318.56
1.0,alpha1p0,106,2,subject106_client2,8126,9,vacuum cleaning,1319.84
1.0,alpha1p0,106,2,subject106_client2,8127,9,vacuum cleaning,1321.12
1.0,alpha1p0,106,2,subject106_client2,8128,9,vacuum cleaning,1322.4
1.0,alpha1p0,106,2,subject106_client2,8129,9,vacuum cleaning,1323.68
1.0,alpha1p0,106,2,subject106_client2,8130,9,vacuum cleaning,1324.96
1.0,alpha1p0,106,2,subject106_client2,8131,9,vacuum cleaning,1326.24
1.0,alpha1p0,106,2,subject106_client2,8132,9,vacuum cleaning,1327.52
1.0,alpha1p0,106,2,subject106_client2,8133,9,vacuum cleaning,1328.8
1.0,alpha1p0,106,2,subject106_client2,8134,9,vacuum cleaning,1330.08
1.0,alpha1p0,106,2,subject106_client2,8135,9,vacuum cleaning,1331.36
1.0,alpha1p0,106,2,subject106_client2,8136,9,vacuum cleaning,1332.64
1.0,alpha1p0,106,2,subject106_client2,8137,9,vacuum cleaning,1333.92
1.0,alpha1p0,106,2,subject106_client2,8138,9,vacuum cleaning,1335.2
1.0,alpha1p0,106,2,subject106_client2,8139,9,vacuum cleaning,1336.48
1.0,alpha1p0,106,2,subject106_client2,8140,9,vacuum cleaning,1337.76
1.0,alpha1p0,106,2,subject106_client2,8141,9,vacuum cleaning,1339.04
1.0,alpha1p0,106,2,subject106_client2,8142,9,vacuum cleaning,1340.32
1.0,alpha1p0,106,2,subject106_client2,8143,9,vacuum cleaning,1341.6
1.0,alpha1p0,106,2,subject106_client2,8144,9,vacuum cleaning,1342.88
1.0,alpha1p0,106,2,subject106_client2,8145,9,vacuum cleaning,1344.16
1.0,alpha1p0,106,2,subject106_client2,8146,9,vacuum cleaning,1345.44
1.0,alpha1p0,106,2,subject106_client2,8147,9,vacuum cleaning,1346.72
1.0,alpha1p0,106,2,subject106_client2,8148,9,vacuum cleaning,1348.0
1.0,alpha1p0,106,2,subject106_client2,8149,9,vacuum cleaning,1349.28
1.0,alpha1p0,106,2,subject106_client2,8150,9,vacuum cleaning,1350.56
1.0,alpha1p0,106,2,subject106_client2,8151,9,vacuum cleaning,1351.84
1.0,alpha1p0,106,2,subject106_client2,8152,9,vacuum cleaning,1353.12
1.0,alpha1p0,106,2,subject106_client2,8153,9,vacuum cleaning,1354.4
1.0,alpha1p0,106,2,subject106_client2,8154,9,vacuum cleaning,1355.68
1.0,alpha1p0,106,2,subject106_client2,8155,9,vacuum cleaning,1356.96
1.0,alpha1p0,106,2,subject106_client2,8156,9,vacuum cleaning,1358.24
1.0,alpha1p0,106,2,subject106_client2,8157,9,vacuum cleaning,1359.52
1.0,alpha1p0,106,2,subject106_client2,8158,9,vacuum cleaning,1360.8
1.0,alpha1p0,106,2,subject106_client2,8159,9,vacuum cleaning,1362.08
1.0,alpha1p0,106,2,subject106_client2,8160,9,vacuum cleaning,1363.36
1.0,alpha1p0,106,2,subject106_client2,8161,9,vacuum cleaning,1364.64
1.0,alpha1p0,106,2,subject106_client2,8162,9,vacuum cleaning,1365.92
1.0,alpha1p0,106,2,subject106_client2,8163,9,vacuum cleaning,1367.2
1.0,alpha1p0,106,2,subject106_client2,8164,9,vacuum cleaning,1368.48
1.0,alpha1p0,106,2,subject106_client2,8165,9,vacuum cleaning,1369.76
1.0,alpha1p0,106,2,subject106_client2,8166,9,vacuum cleaning,1371.04
1.0,alpha1p0,106,2,subject106_client2,8167,9,vacuum cleaning,1372.32
1.0,alpha1p0,106,2,subject106_client2,8168,9,vacuum cleaning,1373.6
1.0,alpha1p0,106,2,subject106_client2,8169,9,vacuum cleaning,1374.88
1.0,alpha1p0,106,2,subject106_client2,8170,9,vacuum cleaning,1376.16
1.0,alpha1p0,106,2,subject106_client2,8171,9,vacuum cleaning,1377.44
1.0,alpha1p0,106,2,subject106_client2,8172,9,vacuum cleaning,1378.72
1.0,alpha1p0,106,2,subject106_client2,8173,9,vacuum cleaning,1380.0
1.0,alpha1p0,106,2,subject106_client2,8174,9,vacuum cleaning,1381.28
1.0,alpha1p0,106,2,subject106_client2,8175,9,vacuum cleaning,1382.56
1.0,alpha1p0,106,2,subject106_client2,8176,9,vacuum cleaning,1383.84
1.0,alpha1p0,106,2,subject106_client2,8177,9,vacuum cleaning,1385.12
1.0,alpha1p0,106,2,subject106_client2,8178,9,vacuum cleaning,1386.4
1.0,alpha1p0,106,2,subject106_client2,8179,9,vacuum cleaning,1387.68
1.0,alpha1p0,106,2,subject106_client2,8180,9,vacuum cleaning,1388.96
1.0,alpha1p0,106,2,subject106_client2,8181,9,vacuum cleaning,1390.24
1.0,alpha1p0,106,2,subject106_client2,8182,9,vacuum cleaning,1391.52
1.0,alpha1p0,106,2,subject106_client2,8183,9,vacuum cleaning,1392.8
1.0,alpha1p0,106,2,subject106_client2,8184,9,vacuum cleaning,1394.08
1.0,alpha1p0,106,2,subject106_client2,8185,9,vacuum cleaning,1395.36
1.0,alpha1p0,106,2,subject106_client2,8186,9,vacuum cleaning,1396.64
1.0,alpha1p0,106,2,subject106_client2,8187,9,vacuum cleaning,1397.92
1.0,alpha1p0,106,2,subject106_client2,8188,9,vacuum cleaning,1399.2
1.0,alpha1p0,106,2,subject106_client2,8189,9,vacuum cleaning,1400.48
1.0,alpha1p0,106,2,subject106_client2,8190,9,vacuum cleaning,1401.76
1.0,alpha1p0,106,2,subject106_client2,8191,9,vacuum cleaning,1403.04
1.0,alpha1p0,106,2,subject106_client2,8192,9,vacuum cleaning,1404.32
1.0,alpha1p0,106,2,subject106_client2,8193,9,vacuum cleaning,1405.6
1.0,alpha1p0,106,2,subject106_client2,8194,9,vacuum cleaning,1406.88
1.0,alpha1p0,106,2,subject106_client2,8195,9,vacuum cleaning,1408.16
1.0,alpha1p0,106,2,subject106_client2,8196,9,vacuum cleaning,1409.44
1.0,alpha1p0,106,2,subject106_client2,8197,9,vacuum cleaning,1410.72
1.0,alpha1p0,106,2,subject106_client2,8198,9,vacuum cleaning,1412.0
1.0,alpha1p0,106,2,subject106_client2,8199,9,vacuum cleaning,1413.28
1.0,alpha1p0,106,2,subject106_client2,8200,9,vacuum cleaning,1414.56
1.0,alpha1p0,106,2,subject106_client2,8201,9,vacuum cleaning,1415.84
1.0,alpha1p0,106,2,subject106_client2,8202,9,vacuum cleaning,1417.12
1.0,alpha1p0,106,2,subject106_client2,8203,9,vacuum cleaning,1418.4
1.0,alpha1p0,106,2,subject106_client2,8204,9,vacuum cleaning,1419.68
1.0,alpha1p0,106,2,subject106_client2,8205,9,vacuum cleaning,1420.96
1.0,alpha1p0,106,2,subject106_client2,8206,9,vacuum cleaning,1422.24
1.0,alpha1p0,106,2,subject106_client2,8207,9,vacuum cleaning,1423.52
1.0,alpha1p0,106,2,subject106_client2,8208,9,vacuum cleaning,1424.8
1.0,alpha1p0,106,2,subject106_client2,8209,9,vacuum cleaning,1426.08
1.0,alpha1p0,106,2,subject106_client2,8210,9,vacuum cleaning,1427.36
1.0,alpha1p0,106,2,subject106_client2,8211,9,vacuum cleaning,1428.64
1.0,alpha1p0,106,2,subject106_client2,8212,9,vacuum cleaning,1429.92
1.0,alpha1p0,106,2,subject106_client2,8213,9,vacuum cleaning,1431.2
1.0,alpha1p0,106,1,subject106_client1,8215,9,vacuum cleaning,1433.76
1.0,alpha1p0,106,1,subject106_client1,8216,9,vacuum cleaning,1435.04
1.0,alpha1p0,106,1,subject106_client1,8217,9,vacuum cleaning,1436.32
1.0,alpha1p0,106,1,subject106_client1,8218,9,vacuum cleaning,1437.6
1.0,alpha1p0,106,1,subject106_client1,8219,9,vacuum cleaning,1438.88
1.0,alpha1p0,106,1,subject106_client1,8220,9,vacuum cleaning,1440.16
1.0,alpha1p0,106,1,subject106_client1,8221,9,vacuum cleaning,1441.44
1.0,alpha1p0,106,1,subject106_client1,8222,9,vacuum cleaning,1442.72
1.0,alpha1p0,106,1,subject106_client1,8223,9,vacuum cleaning,1444.0
1.0,alpha1p0,106,1,subject106_client1,8224,9,vacuum cleaning,1445.28
1.0,alpha1p0,106,1,subject106_client1,8225,9,vacuum cleaning,1446.56
1.0,alpha1p0,106,1,subject106_client1,8226,9,vacuum cleaning,1447.84
1.0,alpha1p0,106,1,subject106_client1,8227,9,vacuum cleaning,1449.12
1.0,alpha1p0,106,1,subject106_client1,8228,9,vacuum cleaning,1450.4
1.0,alpha1p0,106,1,subject106_client1,8229,9,vacuum cleaning,1451.68
1.0,alpha1p0,106,1,subject106_client1,8230,9,vacuum cleaning,1452.96
1.0,alpha1p0,106,1,subject106_client1,8231,9,vacuum cleaning,1454.24
1.0,alpha1p0,106,1,subject106_client1,8232,9,vacuum cleaning,1455.52
1.0,alpha1p0,106,1,subject106_client1,8233,9,vacuum cleaning,1456.8
1.0,alpha1p0,106,1,subject106_client1,8234,9,vacuum cleaning,1458.08
1.0,alpha1p0,106,1,subject106_client1,8235,9,vacuum cleaning,1459.36
1.0,alpha1p0,106,1,subject106_client1,8236,9,vacuum cleaning,1460.64
1.0,alpha1p0,106,0,subject106_client0,8238,9,vacuum cleaning,1463.2
1.0,alpha1p0,106,0,subject106_client0,8239,9,vacuum cleaning,1464.48
1.0,alpha1p0,106,0,subject106_client0,8240,9,vacuum cleaning,1465.76
1.0,alpha1p0,106,0,subject106_client0,8241,9,vacuum cleaning,1467.04
1.0,alpha1p0,106,0,subject106_client0,8242,9,vacuum cleaning,1468.32
1.0,alpha1p0,106,0,subject106_client0,8243,9,vacuum cleaning,1469.6
1.0,alpha1p0,106,0,subject106_client0,8244,9,vacuum cleaning,1470.88
1.0,alpha1p0,106,0,subject106_client0,8245,9,vacuum cleaning,1472.16
1.0,alpha1p0,106,0,subject106_client0,8246,9,vacuum cleaning,1473.44
1.0,alpha1p0,106,0,subject106_client0,8247,9,vacuum cleaning,1474.72
1.0,alpha1p0,106,0,subject106_client0,8248,9,vacuum cleaning,1476.0
1.0,alpha1p0,106,0,subject106_client0,8249,9,vacuum cleaning,1477.28
1.0,alpha1p0,106,0,subject106_client0,8250,9,vacuum cleaning,1478.56
1.0,alpha1p0,106,0,subject106_client0,8251,9,vacuum cleaning,1479.84
1.0,alpha1p0,106,0,subject106_client0,8252,9,vacuum cleaning,1481.12
1.0,alpha1p0,106,0,subject106_client0,8253,9,vacuum cleaning,1482.4
1.0,alpha1p0,106,0,subject106_client0,8254,9,vacuum cleaning,1483.68
1.0,alpha1p0,106,0,subject106_client0,8255,9,vacuum cleaning,1484.96
1.0,alpha1p0,106,0,subject106_client0,8256,9,vacuum cleaning,1486.24
1.0,alpha1p0,106,0,subject106_client0,8257,9,vacuum cleaning,1487.52
1.0,alpha1p0,106,0,subject106_client0,8258,9,vacuum cleaning,1488.8
1.0,alpha1p0,106,0,subject106_client0,8259,9,vacuum cleaning,1490.08
1.0,alpha1p0,106,0,subject106_client0,8260,9,vacuum cleaning,1491.36
1.0,alpha1p0,106,0,subject106_client0,8261,9,vacuum cleaning,1492.64
1.0,alpha1p0,106,0,subject106_client0,8262,9,vacuum cleaning,1493.92
1.0,alpha1p0,106,0,subject106_client0,8263,9,vacuum cleaning,1495.2
1.0,alpha1p0,106,0,subject106_client0,8264,9,vacuum cleaning,1496.48
1.0,alpha1p0,106,0,subject106_client0,8265,9,vacuum cleaning,1497.76
1.0,alpha1p0,106,0,subject106_client0,8266,9,vacuum cleaning,1499.04
1.0,alpha1p0,106,0,subject106_client0,8267,9,vacuum cleaning,1500.32
1.0,alpha1p0,106,0,subject106_client0,8268,9,vacuum cleaning,1501.6
1.0,alpha1p0,106,0,subject106_client0,8269,9,vacuum cleaning,1502.88
1.0,alpha1p0,106,0,subject106_client0,8270,9,vacuum cleaning,1504.16
1.0,alpha1p0,106,0,subject106_client0,8271,9,vacuum cleaning,1505.44
1.0,alpha1p0,106,0,subject106_client0,8272,9,vacuum cleaning,1506.72
1.0,alpha1p0,106,0,subject106_client0,8273,9,vacuum cleaning,1508.0
1.0,alpha1p0,106,0,subject106_client0,8274,9,vacuum cleaning,1509.28
1.0,alpha1p0,106,0,subject106_client0,8275,9,vacuum cleaning,1510.56
1.0,alpha1p0,106,3,subject106_client3,8277,9,vacuum cleaning,1513.12
1.0,alpha1p0,106,3,subject106_client3,8278,9,vacuum cleaning,1514.4
1.0,alpha1p0,106,3,subject106_client3,8279,9,vacuum cleaning,1515.68
1.0,alpha1p0,106,3,subject106_client3,8280,9,vacuum cleaning,1516.96
1.0,alpha1p0,106,3,subject106_client3,8281,9,vacuum cleaning,1518.24
1.0,alpha1p0,106,3,subject106_client3,8282,9,vacuum cleaning,1519.52
1.0,alpha1p0,106,3,subject106_client3,8283,9,vacuum cleaning,1520.8
1.0,alpha1p0,106,3,subject106_client3,8284,9,vacuum cleaning,1522.08
1.0,alpha1p0,106,1,subject106_client1,8285,7,ascending stairs,1658.59
1.0,alpha1p0,106,1,subject106_client1,8286,7,ascending stairs,1659.87
1.0,alpha1p0,106,1,subject106_client1,8287,7,ascending stairs,1661.15
1.0,alpha1p0,106,1,subject106_client1,8288,7,ascending stairs,1662.43
1.0,alpha1p0,106,1,subject106_client1,8289,7,ascending stairs,1663.71
1.0,alpha1p0,106,1,subject106_client1,8290,7,ascending stairs,1664.99
1.0,alpha1p0,106,1,subject106_client1,8291,7,ascending stairs,1666.27
1.0,alpha1p0,106,1,subject106_client1,8292,7,ascending stairs,1667.55
1.0,alpha1p0,106,1,subject106_client1,8293,7,ascending stairs,1668.83
1.0,alpha1p0,106,1,subject106_client1,8294,7,ascending stairs,1670.11
1.0,alpha1p0,106,1,subject106_client1,8295,7,ascending stairs,1671.39
1.0,alpha1p0,106,1,subject106_client1,8296,7,ascending stairs,1672.67
1.0,alpha1p0,106,1,subject106_client1,8297,7,ascending stairs,1673.95
1.0,alpha1p0,106,3,subject106_client3,8299,7,ascending stairs,1676.51
1.0,alpha1p0,106,3,subject106_client3,8300,7,ascending stairs,1677.79
1.0,alpha1p0,106,3,subject106_client3,8301,7,ascending stairs,1679.07
1.0,alpha1p0,106,3,subject106_client3,8302,7,ascending stairs,1680.35
1.0,alpha1p0,106,3,subject106_client3,8303,7,ascending stairs,1681.63
1.0,alpha1p0,106,3,subject106_client3,8304,7,ascending stairs,1682.91
1.0,alpha1p0,106,3,subject106_client3,8305,7,ascending stairs,1684.19
1.0,alpha1p0,106,3,subject106_client3,8306,7,ascending stairs,1685.47
1.0,alpha1p0,106,3,subject106_client3,8307,7,ascending stairs,1686.75
1.0,alpha1p0,106,3,subject106_client3,8308,7,ascending stairs,1688.03
1.0,alpha1p0,106,3,subject106_client3,8309,7,ascending stairs,1689.31
1.0,alpha1p0,106,3,subject106_client3,8310,7,ascending stairs,1690.59
1.0,alpha1p0,106,3,subject106_client3,8311,7,ascending stairs,1691.87
1.0,alpha1p0,106,3,subject106_client3,8312,7,ascending stairs,1693.15
1.0,alpha1p0,106,3,subject106_client3,8313,7,ascending stairs,1694.43
1.0,alpha1p0,106,3,subject106_client3,8314,7,ascending stairs,1695.71
1.0,alpha1p0,106,3,subject106_client3,8315,7,ascending stairs,1696.99
1.0,alpha1p0,106,3,subject106_client3,8316,7,ascending stairs,1698.27
1.0,alpha1p0,106,3,subject106_client3,8317,7,ascending stairs,1699.55
1.0,alpha1p0,106,3,subject106_client3,8318,7,ascending stairs,1700.83
1.0,alpha1p0,106,3,subject106_client3,8319,7,ascending stairs,1702.11
1.0,alpha1p0,106,3,subject106_client3,8320,7,ascending stairs,1703.39
1.0,alpha1p0,106,3,subject106_client3,8321,7,ascending stairs,1704.67
1.0,alpha1p0,106,3,subject106_client3,8322,7,ascending stairs,1705.95
1.0,alpha1p0,106,3,subject106_client3,8323,7,ascending stairs,1707.23
1.0,alpha1p0,106,3,subject106_client3,8324,7,ascending stairs,1708.51
1.0,alpha1p0,106,3,subject106_client3,8325,7,ascending stairs,1709.79
1.0,alpha1p0,106,3,subject106_client3,8326,7,ascending stairs,1711.07
1.0,alpha1p0,106,3,subject106_client3,8327,7,ascending stairs,1712.35
1.0,alpha1p0,106,3,subject106_client3,8328,7,ascending stairs,1713.63
1.0,alpha1p0,106,3,subject106_client3,8329,7,ascending stairs,1714.91
1.0,alpha1p0,106,3,subject106_client3,8330,7,ascending stairs,1716.19
1.0,alpha1p0,106,3,subject106_client3,8331,7,ascending stairs,1717.47
1.0,alpha1p0,106,2,subject106_client2,8332,8,descending stairs,1821.97
1.0,alpha1p0,106,2,subject106_client2,8333,8,descending stairs,1823.25
1.0,alpha1p0,106,2,subject106_client2,8334,8,descending stairs,1824.53
1.0,alpha1p0,106,1,subject106_client1,8336,8,descending stairs,1827.09
1.0,alpha1p0,106,1,subject106_client1,8337,8,descending stairs,1828.37
1.0,alpha1p0,106,1,subject106_client1,8338,8,descending stairs,1829.65
1.0,alpha1p0,106,1,subject106_client1,8339,8,descending stairs,1830.93
1.0,alpha1p0,106,1,subject106_client1,8340,8,descending stairs,1832.21
1.0,alpha1p0,106,1,subject106_client1,8341,8,descending stairs,1833.49
1.0,alpha1p0,106,1,subject106_client1,8342,8,descending stairs,1834.77
1.0,alpha1p0,106,1,subject106_client1,8343,8,descending stairs,1836.05
1.0,alpha1p0,106,1,subject106_client1,8344,8,descending stairs,1837.33
1.0,alpha1p0,106,1,subject106_client1,8345,8,descending stairs,1838.61
1.0,alpha1p0,106,1,subject106_client1,8346,8,descending stairs,1839.89
1.0,alpha1p0,106,1,subject106_client1,8347,8,descending stairs,1841.17
1.0,alpha1p0,106,1,subject106_client1,8348,8,descending stairs,1842.45
1.0,alpha1p0,106,1,subject106_client1,8349,8,descending stairs,1843.73
1.0,alpha1p0,106,1,subject106_client1,8350,8,descending stairs,1845.01
1.0,alpha1p0,106,1,subject106_client1,8351,8,descending stairs,1846.29
1.0,alpha1p0,106,1,subject106_client1,8352,8,descending stairs,1847.57
1.0,alpha1p0,106,1,subject106_client1,8353,8,descending stairs,1848.85
1.0,alpha1p0,106,1,subject106_client1,8354,8,descending stairs,1850.13
1.0,alpha1p0,106,1,subject106_client1,8355,8,descending stairs,1851.41
1.0,alpha1p0,106,1,subject106_client1,8356,8,descending stairs,1852.69
1.0,alpha1p0,106,1,subject106_client1,8357,8,descending stairs,1853.97
1.0,alpha1p0,106,1,subject106_client1,8358,8,descending stairs,1855.25
1.0,alpha1p0,106,1,subject106_client1,8359,8,descending stairs,1856.53
1.0,alpha1p0,106,1,subject106_client1,8360,8,descending stairs,1857.81
1.0,alpha1p0,106,1,subject106_client1,8361,8,descending stairs,1859.09
1.0,alpha1p0,106,1,subject106_client1,8362,8,descending stairs,1860.37
1.0,alpha1p0,106,1,subject106_client1,8363,8,descending stairs,1861.65
1.0,alpha1p0,106,1,subject106_client1,8364,8,descending stairs,1862.93
1.0,alpha1p0,106,1,subject106_client1,8365,8,descending stairs,1864.21
1.0,alpha1p0,106,1,subject106_client1,8366,8,descending stairs,1865.49
1.0,alpha1p0,106,3,subject106_client3,8368,8,descending stairs,1868.05
1.0,alpha1p0,106,3,subject106_client3,8369,8,descending stairs,1869.33
1.0,alpha1p0,106,3,subject106_client3,8370,8,descending stairs,1870.61
1.0,alpha1p0,106,3,subject106_client3,8371,8,descending stairs,1871.89
1.0,alpha1p0,106,3,subject106_client3,8372,8,descending stairs,1873.17
1.0,alpha1p0,106,3,subject106_client3,8373,8,descending stairs,1874.45
1.0,alpha1p0,106,3,subject106_client3,8374,8,descending stairs,1875.73
1.0,alpha1p0,106,3,subject106_client3,8375,8,descending stairs,1877.01
1.0,alpha1p0,106,3,subject106_client3,8376,8,descending stairs,1878.29
1.0,alpha1p0,106,3,subject106_client3,8377,8,descending stairs,1879.57
1.0,alpha1p0,106,3,subject106_client3,8378,8,descending stairs,1880.85
1.0,alpha1p0,106,3,subject106_client3,8379,7,ascending stairs,1967.08
1.0,alpha1p0,106,3,subject106_client3,8380,7,ascending stairs,1968.36
1.0,alpha1p0,106,3,subject106_client3,8381,7,ascending stairs,1969.64
1.0,alpha1p0,106,3,subject106_client3,8382,7,ascending stairs,1970.92
1.0,alpha1p0,106,3,subject106_client3,8383,7,ascending stairs,1972.2
1.0,alpha1p0,106,3,subject106_client3,8384,7,ascending stairs,1973.48
1.0,alpha1p0,106,3,subject106_client3,8385,7,ascending stairs,1974.76
1.0,alpha1p0,106,3,subject106_client3,8386,7,ascending stairs,1976.04
1.0,alpha1p0,106,3,subject106_client3,8387,7,ascending stairs,1977.32
1.0,alpha1p0,106,3,subject106_client3,8388,7,ascending stairs,1978.6
1.0,alpha1p0,106,3,subject106_client3,8389,7,ascending stairs,1979.88
1.0,alpha1p0,106,2,subject106_client2,8391,7,ascending stairs,1982.44
1.0,alpha1p0,106,2,subject106_client2,8392,7,ascending stairs,1983.72
1.0,alpha1p0,106,2,subject106_client2,8393,7,ascending stairs,1985.0
1.0,alpha1p0,106,2,subject106_client2,8394,7,ascending stairs,1986.28
1.0,alpha1p0,106,2,subject106_client2,8395,7,ascending stairs,1987.56
1.0,alpha1p0,106,2,subject106_client2,8396,7,ascending stairs,1988.84
1.0,alpha1p0,106,2,subject106_client2,8397,7,ascending stairs,1990.12
1.0,alpha1p0,106,2,subject106_client2,8398,7,ascending stairs,1991.4
1.0,alpha1p0,106,2,subject106_client2,8399,7,ascending stairs,1992.68
1.0,alpha1p0,106,2,subject106_client2,8400,7,ascending stairs,1993.96
1.0,alpha1p0,106,2,subject106_client2,8401,7,ascending stairs,1995.24
1.0,alpha1p0,106,2,subject106_client2,8402,7,ascending stairs,1996.52
1.0,alpha1p0,106,2,subject106_client2,8403,7,ascending stairs,1997.8
1.0,alpha1p0,106,2,subject106_client2,8404,7,ascending stairs,1999.08
1.0,alpha1p0,106,2,subject106_client2,8405,7,ascending stairs,2000.36
1.0,alpha1p0,106,2,subject106_client2,8406,7,ascending stairs,2001.64
1.0,alpha1p0,106,2,subject106_client2,8407,7,ascending stairs,2002.92
1.0,alpha1p0,106,2,subject106_client2,8408,7,ascending stairs,2004.2
1.0,alpha1p0,106,2,subject106_client2,8409,7,ascending stairs,2005.48
1.0,alpha1p0,106,2,subject106_client2,8410,7,ascending stairs,2006.76
1.0,alpha1p0,106,2,subject106_client2,8411,7,ascending stairs,2008.04
1.0,alpha1p0,106,2,subject106_client2,8412,7,ascending stairs,2009.32
1.0,alpha1p0,106,2,subject106_client2,8413,7,ascending stairs,2010.6
1.0,alpha1p0,106,2,subject106_client2,8414,7,ascending stairs,2011.88
1.0,alpha1p0,106,2,subject106_client2,8415,7,ascending stairs,2013.16
1.0,alpha1p0,106,2,subject106_client2,8416,7,ascending stairs,2014.44
1.0,alpha1p0,106,2,subject106_client2,8417,7,ascending stairs,2015.72
1.0,alpha1p0,106,2,subject106_client2,8418,7,ascending stairs,2017.0
1.0,alpha1p0,106,2,subject106_client2,8419,7,ascending stairs,2018.28
1.0,alpha1p0,106,2,subject106_client2,8420,7,ascending stairs,2019.56
1.0,alpha1p0,106,2,subject106_client2,8421,7,ascending stairs,2020.84
1.0,alpha1p0,106,0,subject106_client0,8423,7,ascending stairs,2023.4
1.0,alpha1p0,106,0,subject106_client0,8424,7,ascending stairs,2024.68
1.0,alpha1p0,106,0,subject106_client0,8425,7,ascending stairs,2025.96
1.0,alpha1p0,106,0,subject106_client0,8426,7,ascending stairs,2027.24
1.0,alpha1p0,106,0,subject106_client0,8427,7,ascending stairs,2028.52
1.0,alpha1p0,106,0,subject106_client0,8428,7,ascending stairs,2029.8
1.0,alpha1p0,106,0,subject106_client0,8429,7,ascending stairs,2031.08
1.0,alpha1p0,106,0,subject106_client0,8430,7,ascending stairs,2032.36
1.0,alpha1p0,106,0,subject106_client0,8431,7,ascending stairs,2033.64
1.0,alpha1p0,106,0,subject106_client0,8432,7,ascending stairs,2034.92
1.0,alpha1p0,106,3,subject106_client3,8433,8,descending stairs,2037.67
1.0,alpha1p0,106,3,subject106_client3,8434,8,descending stairs,2038.95
1.0,alpha1p0,106,3,subject106_client3,8435,8,descending stairs,2040.23
1.0,alpha1p0,106,3,subject106_client3,8436,8,descending stairs,2041.51
1.0,alpha1p0,106,3,subject106_client3,8437,8,descending stairs,2042.79
1.0,alpha1p0,106,3,subject106_client3,8438,8,descending stairs,2044.07
1.0,alpha1p0,106,3,subject106_client3,8439,8,descending stairs,2045.35
1.0,alpha1p0,106,3,subject106_client3,8440,8,descending stairs,2046.63
1.0,alpha1p0,106,3,subject106_client3,8441,8,descending stairs,2047.91
1.0,alpha1p0,106,3,subject106_client3,8442,8,descending stairs,2049.19
1.0,alpha1p0,106,3,subject106_client3,8443,8,descending stairs,2050.47
1.0,alpha1p0,106,3,subject106_client3,8444,8,descending stairs,2051.75
1.0,alpha1p0,106,3,subject106_client3,8445,8,descending stairs,2053.03
1.0,alpha1p0,106,3,subject106_client3,8446,8,descending stairs,2054.31
1.0,alpha1p0,106,3,subject106_client3,8447,8,descending stairs,2055.59
1.0,alpha1p0,106,3,subject106_client3,8448,8,descending stairs,2056.87
1.0,alpha1p0,106,3,subject106_client3,8449,8,descending stairs,2058.15
1.0,alpha1p0,106,3,subject106_client3,8450,8,descending stairs,2059.43
1.0,alpha1p0,106,3,subject106_client3,8451,8,descending stairs,2060.71
1.0,alpha1p0,106,3,subject106_client3,8452,8,descending stairs,2061.99
1.0,alpha1p0,106,3,subject106_client3,8453,8,descending stairs,2063.27
1.0,alpha1p0,106,3,subject106_client3,8454,8,descending stairs,2064.55
1.0,alpha1p0,106,3,subject106_client3,8455,8,descending stairs,2065.83
1.0,alpha1p0,106,3,subject106_client3,8456,8,descending stairs,2067.11
1.0,alpha1p0,106,3,subject106_client3,8457,8,descending stairs,2068.39
1.0,alpha1p0,106,3,subject106_client3,8458,8,descending stairs,2069.67
1.0,alpha1p0,106,3,subject106_client3,8459,8,descending stairs,2070.95
1.0,alpha1p0,106,3,subject106_client3,8460,8,descending stairs,2072.23
1.0,alpha1p0,106,3,subject106_client3,8461,8,descending stairs,2073.51
1.0,alpha1p0,106,3,subject106_client3,8462,8,descending stairs,2074.79
1.0,alpha1p0,106,3,subject106_client3,8463,8,descending stairs,2076.07
1.0,alpha1p0,106,3,subject106_client3,8464,8,descending stairs,2077.35
1.0,alpha1p0,106,3,subject106_client3,8465,8,descending stairs,2078.63
1.0,alpha1p0,106,3,subject106_client3,8466,8,descending stairs,2079.91
1.0,alpha1p0,106,3,subject106_client3,8467,8,descending stairs,2081.19
1.0,alpha1p0,106,3,subject106_client3,8468,8,descending stairs,2082.47
1.0,alpha1p0,106,0,subject106_client0,8470,8,descending stairs,2085.03
1.0,alpha1p0,106,2,subject106_client2,8471,3,walking,2309.92
1.0,alpha1p0,106,2,subject106_client2,8472,3,walking,2311.2
1.0,alpha1p0,106,2,subject106_client2,8473,3,walking,2312.48
1.0,alpha1p0,106,2,subject106_client2,8474,3,walking,2313.76
1.0,alpha1p0,106,2,subject106_client2,8475,3,walking,2315.04
1.0,alpha1p0,106,2,subject106_client2,8476,3,walking,2316.32
1.0,alpha1p0,106,2,subject106_client2,8477,3,walking,2317.6
1.0,alpha1p0,106,2,subject106_client2,8478,3,walking,2318.88
1.0,alpha1p0,106,2,subject106_client2,8479,3,walking,2320.16
1.0,alpha1p0,106,2,subject106_client2,8480,3,walking,2321.44
1.0,alpha1p0,106,2,subject106_client2,8481,3,walking,2322.72
1.0,alpha1p0,106,2,subject106_client2,8482,3,walking,2324.0
1.0,alpha1p0,106,2,subject106_client2,8483,3,walking,2325.28
1.0,alpha1p0,106,2,subject106_client2,8484,3,walking,2326.56
1.0,alpha1p0,106,2,subject106_client2,8485,3,walking,2327.84
1.0,alpha1p0,106,2,subject106_client2,8486,3,walking,2329.12
1.0,alpha1p0,106,2,subject106_client2,8487,3,walking,2330.4
1.0,alpha1p0,106,2,subject106_client2,8488,3,walking,2331.68
1.0,alpha1p0,106,2,subject106_client2,8489,3,walking,2332.96
1.0,alpha1p0,106,2,subject106_client2,8490,3,walking,2334.24
1.0,alpha1p0,106,2,subject106_client2,8491,3,walking,2335.52
1.0,alpha1p0,106,2,subject106_client2,8492,3,walking,2336.8
1.0,alpha1p0,106,2,subject106_client2,8493,3,walking,2338.08
1.0,alpha1p0,106,2,subject106_client2,8494,3,walking,2339.36
1.0,alpha1p0,106,2,subject106_client2,8495,3,walking,2340.64
1.0,alpha1p0,106,2,subject106_client2,8496,3,walking,2341.92
1.0,alpha1p0,106,2,subject106_client2,8497,3,walking,2343.2
1.0,alpha1p0,106,2,subject106_client2,8498,3,walking,2344.48
1.0,alpha1p0,106,2,subject106_client2,8499,3,walking,2345.76
1.0,alpha1p0,106,2,subject106_client2,8500,3,walking,2347.04
1.0,alpha1p0,106,2,subject106_client2,8501,3,walking,2348.32
1.0,alpha1p0,106,2,subject106_client2,8502,3,walking,2349.6
1.0,alpha1p0,106,2,subject106_client2,8503,3,walking,2350.88
1.0,alpha1p0,106,2,subject106_client2,8504,3,walking,2352.16
1.0,alpha1p0,106,2,subject106_client2,8505,3,walking,2353.44
1.0,alpha1p0,106,2,subject106_client2,8506,3,walking,2354.72
1.0,alpha1p0,106,2,subject106_client2,8507,3,walking,2356.0
1.0,alpha1p0,106,2,subject106_client2,8508,3,walking,2357.28
1.0,alpha1p0,106,2,subject106_client2,8509,3,walking,2358.56
1.0,alpha1p0,106,2,subject106_client2,8510,3,walking,2359.84
1.0,alpha1p0,106,2,subject106_client2,8511,3,walking,2361.12
1.0,alpha1p0,106,2,subject106_client2,8512,3,walking,2362.4
1.0,alpha1p0,106,2,subject106_client2,8513,3,walking,2363.68
1.0,alpha1p0,106,2,subject106_client2,8514,3,walking,2364.96
1.0,alpha1p0,106,2,subject106_client2,8515,3,walking,2366.24
1.0,alpha1p0,106,2,subject106_client2,8516,3,walking,2367.52
1.0,alpha1p0,106,2,subject106_client2,8517,3,walking,2368.8
1.0,alpha1p0,106,2,subject106_client2,8518,3,walking,2370.08
1.0,alpha1p0,106,2,subject106_client2,8519,3,walking,2371.36
1.0,alpha1p0,106,2,subject106_client2,8520,3,walking,2372.64
1.0,alpha1p0,106,2,subject106_client2,8521,3,walking,2373.92
1.0,alpha1p0,106,2,subject106_client2,8522,3,walking,2375.2
1.0,alpha1p0,106,2,subject106_client2,8523,3,walking,2376.48
1.0,alpha1p0,106,2,subject106_client2,8524,3,walking,2377.76
1.0,alpha1p0,106,2,subject106_client2,8525,3,walking,2379.04
1.0,alpha1p0,106,2,subject106_client2,8526,3,walking,2380.32
1.0,alpha1p0,106,2,subject106_client2,8527,3,walking,2381.6
1.0,alpha1p0,106,2,subject106_client2,8528,3,walking,2382.88
1.0,alpha1p0,106,2,subject106_client2,8529,3,walking,2384.16
1.0,alpha1p0,106,2,subject106_client2,8530,3,walking,2385.44
1.0,alpha1p0,106,2,subject106_client2,8531,3,walking,2386.72
1.0,alpha1p0,106,2,subject106_client2,8532,3,walking,2388.0
1.0,alpha1p0,106,2,subject106_client2,8533,3,walking,2389.28
1.0,alpha1p0,106,2,subject106_client2,8534,3,walking,2390.56
1.0,alpha1p0,106,2,subject106_client2,8535,3,walking,2391.84
1.0,alpha1p0,106,2,subject106_client2,8536,3,walking,2393.12
1.0,alpha1p0,106,2,subject106_client2,8537,3,walking,2394.4
1.0,alpha1p0,106,2,subject106_client2,8538,3,walking,2395.68
1.0,alpha1p0,106,2,subject106_client2,8539,3,walking,2396.96
1.0,alpha1p0,106,2,subject106_client2,8540,3,walking,2398.24
1.0,alpha1p0,106,2,subject106_client2,8541,3,walking,2399.52
1.0,alpha1p0,106,2,subject106_client2,8542,3,walking,2400.8
1.0,alpha1p0,106,2,subject106_client2,8543,3,walking,2402.08
1.0,alpha1p0,106,2,subject106_client2,8544,3,walking,2403.36
1.0,alpha1p0,106,2,subject106_client2,8545,3,walking,2404.64
1.0,alpha1p0,106,2,subject106_client2,8546,3,walking,2405.92
1.0,alpha1p0,106,2,subject106_client2,8547,3,walking,2407.2
1.0,alpha1p0,106,2,subject106_client2,8548,3,walking,2408.48
1.0,alpha1p0,106,2,subject106_client2,8549,3,walking,2409.76
1.0,alpha1p0,106,2,subject106_client2,8550,3,walking,2411.04
1.0,alpha1p0,106,2,subject106_client2,8551,3,walking,2412.32
1.0,alpha1p0,106,1,subject106_client1,8553,3,walking,2414.88
1.0,alpha1p0,106,1,subject106_client1,8554,3,walking,2416.16
1.0,alpha1p0,106,1,subject106_client1,8555,3,walking,2417.44
1.0,alpha1p0,106,3,subject106_client3,8557,3,walking,2420.0
1.0,alpha1p0,106,3,subject106_client3,8558,3,walking,2421.28
1.0,alpha1p0,106,3,subject106_client3,8559,3,walking,2422.56
1.0,alpha1p0,106,3,subject106_client3,8560,3,walking,2423.84
1.0,alpha1p0,106,3,subject106_client3,8561,3,walking,2425.12
1.0,alpha1p0,106,3,subject106_client3,8562,3,walking,2426.4
1.0,alpha1p0,106,3,subject106_client3,8563,3,walking,2427.68
1.0,alpha1p0,106,3,subject106_client3,8564,3,walking,2428.96
1.0,alpha1p0,106,3,subject106_client3,8565,3,walking,2430.24
1.0,alpha1p0,106,3,subject106_client3,8566,3,walking,2431.52
1.0,alpha1p0,106,3,subject106_client3,8567,3,walking,2432.8
1.0,alpha1p0,106,3,subject106_client3,8568,3,walking,2434.08
1.0,alpha1p0,106,3,subject106_client3,8569,3,walking,2435.36
1.0,alpha1p0,106,3,subject106_client3,8570,3,walking,2436.64
1.0,alpha1p0,106,3,subject106_client3,8571,3,walking,2437.92
1.0,alpha1p0,106,3,subject106_client3,8572,3,walking,2439.2
1.0,alpha1p0,106,3,subject106_client3,8573,3,walking,2440.48
1.0,alpha1p0,106,3,subject106_client3,8574,3,walking,2441.76
1.0,alpha1p0,106,3,subject106_client3,8575,3,walking,2443.04
1.0,alpha1p0,106,3,subject106_client3,8576,3,walking,2444.32
1.0,alpha1p0,106,3,subject106_client3,8577,3,walking,2445.6
1.0,alpha1p0,106,3,subject106_client3,8578,3,walking,2446.88
1.0,alpha1p0,106,3,subject106_client3,8579,3,walking,2448.16
1.0,alpha1p0,106,3,subject106_client3,8580,3,walking,2449.44
1.0,alpha1p0,106,3,subject106_client3,8581,3,walking,2450.72
1.0,alpha1p0,106,3,subject106_client3,8582,3,walking,2452.0
1.0,alpha1p0,106,3,subject106_client3,8583,3,walking,2453.28
1.0,alpha1p0,106,3,subject106_client3,8584,3,walking,2454.56
1.0,alpha1p0,106,3,subject106_client3,8585,3,walking,2455.84
1.0,alpha1p0,106,3,subject106_client3,8586,3,walking,2457.12
1.0,alpha1p0,106,3,subject106_client3,8587,3,walking,2458.4
1.0,alpha1p0,106,3,subject106_client3,8588,3,walking,2459.68
1.0,alpha1p0,106,3,subject106_client3,8589,3,walking,2460.96
1.0,alpha1p0,106,3,subject106_client3,8590,3,walking,2462.24
1.0,alpha1p0,106,3,subject106_client3,8591,3,walking,2463.52
1.0,alpha1p0,106,3,subject106_client3,8592,3,walking,2464.8
1.0,alpha1p0,106,3,subject106_client3,8593,3,walking,2466.08
1.0,alpha1p0,106,3,subject106_client3,8594,3,walking,2467.36
1.0,alpha1p0,106,3,subject106_client3,8595,3,walking,2468.64
1.0,alpha1p0,106,3,subject106_client3,8596,3,walking,2469.92
1.0,alpha1p0,106,3,subject106_client3,8597,3,walking,2471.2
1.0,alpha1p0,106,3,subject106_client3,8598,3,walking,2472.48
1.0,alpha1p0,106,3,subject106_client3,8599,3,walking,2473.76
1.0,alpha1p0,106,3,subject106_client3,8600,3,walking,2475.04
1.0,alpha1p0,106,3,subject106_client3,8601,3,walking,2476.32
1.0,alpha1p0,106,3,subject106_client3,8602,3,walking,2477.6
1.0,alpha1p0,106,3,subject106_client3,8603,3,walking,2478.88
1.0,alpha1p0,106,3,subject106_client3,8604,3,walking,2480.16
1.0,alpha1p0,106,3,subject106_client3,8605,3,walking,2481.44
1.0,alpha1p0,106,3,subject106_client3,8606,3,walking,2482.72
1.0,alpha1p0,106,3,subject106_client3,8607,3,walking,2484.0
1.0,alpha1p0,106,3,subject106_client3,8608,3,walking,2485.28
1.0,alpha1p0,106,3,subject106_client3,8609,3,walking,2486.56
1.0,alpha1p0,106,3,subject106_client3,8610,3,walking,2487.84
1.0,alpha1p0,106,3,subject106_client3,8611,3,walking,2489.12
1.0,alpha1p0,106,3,subject106_client3,8612,3,walking,2490.4
1.0,alpha1p0,106,3,subject106_client3,8613,3,walking,2491.68
1.0,alpha1p0,106,3,subject106_client3,8614,3,walking,2492.96
1.0,alpha1p0,106,3,subject106_client3,8615,3,walking,2494.24
1.0,alpha1p0,106,0,subject106_client0,8617,3,walking,2496.8
1.0,alpha1p0,106,0,subject106_client0,8618,3,walking,2498.08
1.0,alpha1p0,106,0,subject106_client0,8619,3,walking,2499.36
1.0,alpha1p0,106,0,subject106_client0,8620,3,walking,2500.64
1.0,alpha1p0,106,0,subject106_client0,8621,3,walking,2501.92
1.0,alpha1p0,106,0,subject106_client0,8622,3,walking,2503.2
1.0,alpha1p0,106,0,subject106_client0,8623,3,walking,2504.48
1.0,alpha1p0,106,0,subject106_client0,8624,3,walking,2505.76
1.0,alpha1p0,106,0,subject106_client0,8625,3,walking,2507.04
1.0,alpha1p0,106,0,subject106_client0,8626,3,walking,2508.32
1.0,alpha1p0,106,0,subject106_client0,8627,3,walking,2509.6
1.0,alpha1p0,106,0,subject106_client0,8628,3,walking,2510.88
1.0,alpha1p0,106,0,subject106_client0,8629,3,walking,2512.16
1.0,alpha1p0,106,0,subject106_client0,8630,3,walking,2513.44
1.0,alpha1p0,106,0,subject106_client0,8631,3,walking,2514.72
1.0,alpha1p0,106,0,subject106_client0,8632,3,walking,2516.0
1.0,alpha1p0,106,0,subject106_client0,8633,3,walking,2517.28
1.0,alpha1p0,106,0,subject106_client0,8634,3,walking,2518.56
1.0,alpha1p0,106,0,subject106_client0,8635,3,walking,2519.84
1.0,alpha1p0,106,0,subject106_client0,8636,3,walking,2521.12
1.0,alpha1p0,106,0,subject106_client0,8637,3,walking,2522.4
1.0,alpha1p0,106,0,subject106_client0,8638,3,walking,2523.68
1.0,alpha1p0,106,0,subject106_client0,8639,3,walking,2524.96
1.0,alpha1p0,106,0,subject106_client0,8640,3,walking,2526.24
1.0,alpha1p0,106,0,subject106_client0,8641,3,walking,2527.52
1.0,alpha1p0,106,0,subject106_client0,8642,3,walking,2528.8
1.0,alpha1p0,106,0,subject106_client0,8643,3,walking,2530.08
1.0,alpha1p0,106,0,subject106_client0,8644,3,walking,2531.36
1.0,alpha1p0,106,0,subject106_client0,8645,3,walking,2532.64
1.0,alpha1p0,106,0,subject106_client0,8646,3,walking,2533.92
1.0,alpha1p0,106,0,subject106_client0,8647,3,walking,2535.2
1.0,alpha1p0,106,0,subject106_client0,8648,3,walking,2536.48
1.0,alpha1p0,106,0,subject106_client0,8649,3,walking,2537.76
1.0,alpha1p0,106,0,subject106_client0,8650,3,walking,2539.04
1.0,alpha1p0,106,0,subject106_client0,8651,3,walking,2540.32
1.0,alpha1p0,106,0,subject106_client0,8652,3,walking,2541.6
1.0,alpha1p0,106,0,subject106_client0,8653,3,walking,2542.88
1.0,alpha1p0,106,0,subject106_client0,8654,3,walking,2544.16
1.0,alpha1p0,106,0,subject106_client0,8655,3,walking,2545.44
1.0,alpha1p0,106,0,subject106_client0,8656,3,walking,2546.72
1.0,alpha1p0,106,0,subject106_client0,8657,3,walking,2548.0
1.0,alpha1p0,106,0,subject106_client0,8658,3,walking,2549.28
1.0,alpha1p0,106,0,subject106_client0,8659,3,walking,2550.56
1.0,alpha1p0,106,0,subject106_client0,8660,3,walking,2551.84
1.0,alpha1p0,106,0,subject106_client0,8661,3,walking,2553.12
1.0,alpha1p0,106,0,subject106_client0,8662,3,walking,2554.4
1.0,alpha1p0,106,0,subject106_client0,8663,3,walking,2555.68
1.0,alpha1p0,106,0,subject106_client0,8664,3,walking,2556.96
1.0,alpha1p0,106,0,subject106_client0,8665,3,walking,2558.24
1.0,alpha1p0,106,0,subject106_client0,8666,3,walking,2559.52
1.0,alpha1p0,106,0,subject106_client0,8667,3,walking,2560.8
1.0,alpha1p0,106,0,subject106_client0,8668,3,walking,2562.08
1.0,alpha1p0,106,0,subject106_client0,8669,3,walking,2563.36
1.0,alpha1p0,106,1,subject106_client1,8670,6,Nordic walking,2646.3
1.0,alpha1p0,106,1,subject106_client1,8671,6,Nordic walking,2647.58
1.0,alpha1p0,106,1,subject106_client1,8672,6,Nordic walking,2648.86
1.0,alpha1p0,106,1,subject106_client1,8673,6,Nordic walking,2650.14
1.0,alpha1p0,106,1,subject106_client1,8674,6,Nordic walking,2651.42
1.0,alpha1p0,106,1,subject106_client1,8675,6,Nordic walking,2652.7
1.0,alpha1p0,106,1,subject106_client1,8676,6,Nordic walking,2653.98
1.0,alpha1p0,106,1,subject106_client1,8677,6,Nordic walking,2655.26
1.0,alpha1p0,106,1,subject106_client1,8678,6,Nordic walking,2656.54
1.0,alpha1p0,106,1,subject106_client1,8679,6,Nordic walking,2657.82
1.0,alpha1p0,106,1,subject106_client1,8680,6,Nordic walking,2659.1
1.0,alpha1p0,106,1,subject106_client1,8681,6,Nordic walking,2660.38
1.0,alpha1p0,106,1,subject106_client1,8682,6,Nordic walking,2661.66
1.0,alpha1p0,106,0,subject106_client0,8684,6,Nordic walking,2664.22
1.0,alpha1p0,106,0,subject106_client0,8685,6,Nordic walking,2665.5
1.0,alpha1p0,106,0,subject106_client0,8686,6,Nordic walking,2666.78
1.0,alpha1p0,106,0,subject106_client0,8687,6,Nordic walking,2668.06
1.0,alpha1p0,106,0,subject106_client0,8688,6,Nordic walking,2669.34
1.0,alpha1p0,106,0,subject106_client0,8689,6,Nordic walking,2670.62
1.0,alpha1p0,106,0,subject106_client0,8690,6,Nordic walking,2671.9
1.0,alpha1p0,106,0,subject106_client0,8691,6,Nordic walking,2673.18
1.0,alpha1p0,106,0,subject106_client0,8692,6,Nordic walking,2674.46
1.0,alpha1p0,106,0,subject106_client0,8693,6,Nordic walking,2675.74
1.0,alpha1p0,106,0,subject106_client0,8694,6,Nordic walking,2677.02
1.0,alpha1p0,106,0,subject106_client0,8695,6,Nordic walking,2678.3
1.0,alpha1p0,106,0,subject106_client0,8696,6,Nordic walking,2679.58
1.0,alpha1p0,106,0,subject106_client0,8697,6,Nordic walking,2680.86
1.0,alpha1p0,106,0,subject106_client0,8698,6,Nordic walking,2682.14
1.0,alpha1p0,106,0,subject106_client0,8699,6,Nordic walking,2683.42
1.0,alpha1p0,106,0,subject106_client0,8700,6,Nordic walking,2684.7
1.0,alpha1p0,106,0,subject106_client0,8701,6,Nordic walking,2685.98
1.0,alpha1p0,106,0,subject106_client0,8702,6,Nordic walking,2687.26
1.0,alpha1p0,106,0,subject106_client0,8703,6,Nordic walking,2688.54
1.0,alpha1p0,106,0,subject106_client0,8704,6,Nordic walking,2689.82
1.0,alpha1p0,106,0,subject106_client0,8705,6,Nordic walking,2691.1
1.0,alpha1p0,106,0,subject106_client0,8706,6,Nordic walking,2692.38
1.0,alpha1p0,106,0,subject106_client0,8707,6,Nordic walking,2693.66
1.0,alpha1p0,106,0,subject106_client0,8708,6,Nordic walking,2694.94
1.0,alpha1p0,106,0,subject106_client0,8709,6,Nordic walking,2696.22
1.0,alpha1p0,106,0,subject106_client0,8710,6,Nordic walking,2697.5
1.0,alpha1p0,106,0,subject106_client0,8711,6,Nordic walking,2698.78
1.0,alpha1p0,106,0,subject106_client0,8712,6,Nordic walking,2700.06
1.0,alpha1p0,106,0,subject106_client0,8713,6,Nordic walking,2701.34
1.0,alpha1p0,106,0,subject106_client0,8714,6,Nordic walking,2702.62
1.0,alpha1p0,106,0,subject106_client0,8715,6,Nordic walking,2703.9
1.0,alpha1p0,106,0,subject106_client0,8716,6,Nordic walking,2705.18
1.0,alpha1p0,106,0,subject106_client0,8717,6,Nordic walking,2706.46
1.0,alpha1p0,106,0,subject106_client0,8718,6,Nordic walking,2707.74
1.0,alpha1p0,106,0,subject106_client0,8719,6,Nordic walking,2709.02
1.0,alpha1p0,106,0,subject106_client0,8720,6,Nordic walking,2710.3
1.0,alpha1p0,106,0,subject106_client0,8721,6,Nordic walking,2711.58
1.0,alpha1p0,106,0,subject106_client0,8722,6,Nordic walking,2712.86
1.0,alpha1p0,106,0,subject106_client0,8723,6,Nordic walking,2714.14
1.0,alpha1p0,106,0,subject106_client0,8724,6,Nordic walking,2715.42
1.0,alpha1p0,106,0,subject106_client0,8725,6,Nordic walking,2716.7
1.0,alpha1p0,106,0,subject106_client0,8726,6,Nordic walking,2717.98
1.0,alpha1p0,106,0,subject106_client0,8727,6,Nordic walking,2719.26
1.0,alpha1p0,106,0,subject106_client0,8728,6,Nordic walking,2720.54
1.0,alpha1p0,106,0,subject106_client0,8729,6,Nordic walking,2721.82
1.0,alpha1p0,106,0,subject106_client0,8730,6,Nordic walking,2723.1
1.0,alpha1p0,106,0,subject106_client0,8731,6,Nordic walking,2724.38
1.0,alpha1p0,106,0,subject106_client0,8732,6,Nordic walking,2725.66
1.0,alpha1p0,106,0,subject106_client0,8733,6,Nordic walking,2726.94
1.0,alpha1p0,106,0,subject106_client0,8734,6,Nordic walking,2728.22
1.0,alpha1p0,106,0,subject106_client0,8735,6,Nordic walking,2729.5
1.0,alpha1p0,106,0,subject106_client0,8736,6,Nordic walking,2730.78
1.0,alpha1p0,106,0,subject106_client0,8737,6,Nordic walking,2732.06
1.0,alpha1p0,106,0,subject106_client0,8738,6,Nordic walking,2733.34
1.0,alpha1p0,106,0,subject106_client0,8739,6,Nordic walking,2734.62
1.0,alpha1p0,106,0,subject106_client0,8740,6,Nordic walking,2735.9
1.0,alpha1p0,106,0,subject106_client0,8741,6,Nordic walking,2737.18
1.0,alpha1p0,106,0,subject106_client0,8742,6,Nordic walking,2738.46
1.0,alpha1p0,106,0,subject106_client0,8743,6,Nordic walking,2739.74
1.0,alpha1p0,106,0,subject106_client0,8744,6,Nordic walking,2741.02
1.0,alpha1p0,106,0,subject106_client0,8745,6,Nordic walking,2742.3
1.0,alpha1p0,106,0,subject106_client0,8746,6,Nordic walking,2743.58
1.0,alpha1p0,106,0,subject106_client0,8747,6,Nordic walking,2744.86
1.0,alpha1p0,106,0,subject106_client0,8748,6,Nordic walking,2746.14
1.0,alpha1p0,106,0,subject106_client0,8749,6,Nordic walking,2747.42
1.0,alpha1p0,106,0,subject106_client0,8750,6,Nordic walking,2748.7
1.0,alpha1p0,106,0,subject106_client0,8751,6,Nordic walking,2749.98
1.0,alpha1p0,106,0,subject106_client0,8752,6,Nordic walking,2751.26
1.0,alpha1p0,106,0,subject106_client0,8753,6,Nordic walking,2752.54
1.0,alpha1p0,106,0,subject106_client0,8754,6,Nordic walking,2753.82
1.0,alpha1p0,106,0,subject106_client0,8755,6,Nordic walking,2755.1
1.0,alpha1p0,106,0,subject106_client0,8756,6,Nordic walking,2756.38
1.0,alpha1p0,106,0,subject106_client0,8757,6,Nordic walking,2757.66
1.0,alpha1p0,106,0,subject106_client0,8758,6,Nordic walking,2758.94
1.0,alpha1p0,106,0,subject106_client0,8759,6,Nordic walking,2760.22
1.0,alpha1p0,106,0,subject106_client0,8760,6,Nordic walking,2761.5
1.0,alpha1p0,106,0,subject106_client0,8761,6,Nordic walking,2762.78
1.0,alpha1p0,106,0,subject106_client0,8762,6,Nordic walking,2764.06
1.0,alpha1p0,106,0,subject106_client0,8763,6,Nordic walking,2765.34
1.0,alpha1p0,106,0,subject106_client0,8764,6,Nordic walking,2766.62
1.0,alpha1p0,106,0,subject106_client0,8765,6,Nordic walking,2767.9
1.0,alpha1p0,106,0,subject106_client0,8766,6,Nordic walking,2769.18
1.0,alpha1p0,106,0,subject106_client0,8767,6,Nordic walking,2770.46
1.0,alpha1p0,106,0,subject106_client0,8768,6,Nordic walking,2771.74
1.0,alpha1p0,106,0,subject106_client0,8769,6,Nordic walking,2773.02
1.0,alpha1p0,106,0,subject106_client0,8770,6,Nordic walking,2774.3
1.0,alpha1p0,106,0,subject106_client0,8771,6,Nordic walking,2775.58
1.0,alpha1p0,106,0,subject106_client0,8772,6,Nordic walking,2776.86
1.0,alpha1p0,106,0,subject106_client0,8773,6,Nordic walking,2778.14
1.0,alpha1p0,106,0,subject106_client0,8774,6,Nordic walking,2779.42
1.0,alpha1p0,106,0,subject106_client0,8775,6,Nordic walking,2780.7
1.0,alpha1p0,106,0,subject106_client0,8776,6,Nordic walking,2781.98
1.0,alpha1p0,106,0,subject106_client0,8777,6,Nordic walking,2783.26
1.0,alpha1p0,106,0,subject106_client0,8778,6,Nordic walking,2784.54
1.0,alpha1p0,106,0,subject106_client0,8779,6,Nordic walking,2785.82
1.0,alpha1p0,106,0,subject106_client0,8780,6,Nordic walking,2787.1
1.0,alpha1p0,106,0,subject106_client0,8781,6,Nordic walking,2788.38
1.0,alpha1p0,106,0,subject106_client0,8782,6,Nordic walking,2789.66
1.0,alpha1p0,106,0,subject106_client0,8783,6,Nordic walking,2790.94
1.0,alpha1p0,106,2,subject106_client2,8785,6,Nordic walking,2793.5
1.0,alpha1p0,106,2,subject106_client2,8786,6,Nordic walking,2794.78
1.0,alpha1p0,106,2,subject106_client2,8787,6,Nordic walking,2796.06
1.0,alpha1p0,106,2,subject106_client2,8788,6,Nordic walking,2797.34
1.0,alpha1p0,106,2,subject106_client2,8789,6,Nordic walking,2798.62
1.0,alpha1p0,106,2,subject106_client2,8790,6,Nordic walking,2799.9
1.0,alpha1p0,106,2,subject106_client2,8791,6,Nordic walking,2801.18
1.0,alpha1p0,106,2,subject106_client2,8792,6,Nordic walking,2802.46
1.0,alpha1p0,106,2,subject106_client2,8793,6,Nordic walking,2803.74
1.0,alpha1p0,106,2,subject106_client2,8794,6,Nordic walking,2805.02
1.0,alpha1p0,106,2,subject106_client2,8795,6,Nordic walking,2806.3
1.0,alpha1p0,106,2,subject106_client2,8796,6,Nordic walking,2807.58
1.0,alpha1p0,106,2,subject106_client2,8797,6,Nordic walking,2808.86
1.0,alpha1p0,106,2,subject106_client2,8798,6,Nordic walking,2810.14
1.0,alpha1p0,106,2,subject106_client2,8799,6,Nordic walking,2811.42
1.0,alpha1p0,106,2,subject106_client2,8800,6,Nordic walking,2812.7
1.0,alpha1p0,106,2,subject106_client2,8801,6,Nordic walking,2813.98
1.0,alpha1p0,106,2,subject106_client2,8802,6,Nordic walking,2815.26
1.0,alpha1p0,106,2,subject106_client2,8803,6,Nordic walking,2816.54
1.0,alpha1p0,106,2,subject106_client2,8804,6,Nordic walking,2817.82
1.0,alpha1p0,106,2,subject106_client2,8805,6,Nordic walking,2819.1
1.0,alpha1p0,106,2,subject106_client2,8806,6,Nordic walking,2820.38
1.0,alpha1p0,106,2,subject106_client2,8807,6,Nordic walking,2821.66
1.0,alpha1p0,106,2,subject106_client2,8808,6,Nordic walking,2822.94
1.0,alpha1p0,106,2,subject106_client2,8809,6,Nordic walking,2824.22
1.0,alpha1p0,106,2,subject106_client2,8810,6,Nordic walking,2825.5
1.0,alpha1p0,106,2,subject106_client2,8811,6,Nordic walking,2826.78
1.0,alpha1p0,106,2,subject106_client2,8812,6,Nordic walking,2828.06
1.0,alpha1p0,106,2,subject106_client2,8813,6,Nordic walking,2829.34
1.0,alpha1p0,106,2,subject106_client2,8814,6,Nordic walking,2830.62
1.0,alpha1p0,106,2,subject106_client2,8815,6,Nordic walking,2831.9
1.0,alpha1p0,106,2,subject106_client2,8816,6,Nordic walking,2833.18
1.0,alpha1p0,106,2,subject106_client2,8817,6,Nordic walking,2834.46
1.0,alpha1p0,106,2,subject106_client2,8818,6,Nordic walking,2835.74
1.0,alpha1p0,106,2,subject106_client2,8819,6,Nordic walking,2837.02
1.0,alpha1p0,106,2,subject106_client2,8820,6,Nordic walking,2838.3
1.0,alpha1p0,106,2,subject106_client2,8821,6,Nordic walking,2839.58
1.0,alpha1p0,106,2,subject106_client2,8822,6,Nordic walking,2840.86
1.0,alpha1p0,106,2,subject106_client2,8823,6,Nordic walking,2842.14
1.0,alpha1p0,106,2,subject106_client2,8824,6,Nordic walking,2843.42
1.0,alpha1p0,106,2,subject106_client2,8825,6,Nordic walking,2844.7
1.0,alpha1p0,106,2,subject106_client2,8826,6,Nordic walking,2845.98
1.0,alpha1p0,106,2,subject106_client2,8827,6,Nordic walking,2847.26
1.0,alpha1p0,106,2,subject106_client2,8828,6,Nordic walking,2848.54
1.0,alpha1p0,106,2,subject106_client2,8829,6,Nordic walking,2849.82
1.0,alpha1p0,106,2,subject106_client2,8830,6,Nordic walking,2851.1
1.0,alpha1p0,106,2,subject106_client2,8831,6,Nordic walking,2852.38
1.0,alpha1p0,106,2,subject106_client2,8832,6,Nordic walking,2853.66
1.0,alpha1p0,106,2,subject106_client2,8833,6,Nordic walking,2854.94
1.0,alpha1p0,106,2,subject106_client2,8834,6,Nordic walking,2856.22
1.0,alpha1p0,106,2,subject106_client2,8835,6,Nordic walking,2857.5
1.0,alpha1p0,106,2,subject106_client2,8836,6,Nordic walking,2858.78
1.0,alpha1p0,106,2,subject106_client2,8837,6,Nordic walking,2860.06
1.0,alpha1p0,106,2,subject106_client2,8838,6,Nordic walking,2861.34
1.0,alpha1p0,106,2,subject106_client2,8839,6,Nordic walking,2862.62
1.0,alpha1p0,106,2,subject106_client2,8840,6,Nordic walking,2863.9
1.0,alpha1p0,106,2,subject106_client2,8841,6,Nordic walking,2865.18
1.0,alpha1p0,106,2,subject106_client2,8842,6,Nordic walking,2866.46
1.0,alpha1p0,106,2,subject106_client2,8843,6,Nordic walking,2867.74
1.0,alpha1p0,106,2,subject106_client2,8844,6,Nordic walking,2869.02
1.0,alpha1p0,106,2,subject106_client2,8845,6,Nordic walking,2870.3
1.0,alpha1p0,106,2,subject106_client2,8846,6,Nordic walking,2871.58
1.0,alpha1p0,106,2,subject106_client2,8847,6,Nordic walking,2872.86
1.0,alpha1p0,106,2,subject106_client2,8848,6,Nordic walking,2874.14
1.0,alpha1p0,106,2,subject106_client2,8849,6,Nordic walking,2875.42
1.0,alpha1p0,106,2,subject106_client2,8850,6,Nordic walking,2876.7
1.0,alpha1p0,106,2,subject106_client2,8851,6,Nordic walking,2877.98
1.0,alpha1p0,106,2,subject106_client2,8852,6,Nordic walking,2879.26
1.0,alpha1p0,106,2,subject106_client2,8853,6,Nordic walking,2880.54
1.0,alpha1p0,106,2,subject106_client2,8854,6,Nordic walking,2881.82
1.0,alpha1p0,106,2,subject106_client2,8855,6,Nordic walking,2883.1
1.0,alpha1p0,106,2,subject106_client2,8856,6,Nordic walking,2884.38
1.0,alpha1p0,106,2,subject106_client2,8857,6,Nordic walking,2885.66
1.0,alpha1p0,106,2,subject106_client2,8858,6,Nordic walking,2886.94
1.0,alpha1p0,106,2,subject106_client2,8859,6,Nordic walking,2888.22
1.0,alpha1p0,106,2,subject106_client2,8860,6,Nordic walking,2889.5
1.0,alpha1p0,106,2,subject106_client2,8861,6,Nordic walking,2890.78
1.0,alpha1p0,106,2,subject106_client2,8862,6,Nordic walking,2892.06
1.0,alpha1p0,106,2,subject106_client2,8863,6,Nordic walking,2893.34
1.0,alpha1p0,106,2,subject106_client2,8864,6,Nordic walking,2894.62
1.0,alpha1p0,106,2,subject106_client2,8865,6,Nordic walking,2895.9
1.0,alpha1p0,106,3,subject106_client3,8867,6,Nordic walking,2898.46
1.0,alpha1p0,106,3,subject106_client3,8868,6,Nordic walking,2899.74
1.0,alpha1p0,106,3,subject106_client3,8869,6,Nordic walking,2901.02
1.0,alpha1p0,106,3,subject106_client3,8870,6,Nordic walking,2902.3
1.0,alpha1p0,106,3,subject106_client3,8871,6,Nordic walking,2903.58
1.0,alpha1p0,106,3,subject106_client3,8872,6,Nordic walking,2904.86
1.0,alpha1p0,106,3,subject106_client3,8873,6,Nordic walking,2906.14
1.0,alpha1p0,106,3,subject106_client3,8874,6,Nordic walking,2907.42
1.0,alpha1p0,106,3,subject106_client3,8875,6,Nordic walking,2908.7
1.0,alpha1p0,106,3,subject106_client3,8876,6,Nordic walking,2909.98
1.0,alpha1p0,106,1,subject106_client1,8877,5,cycling,2998.67
1.0,alpha1p0,106,1,subject106_client1,8878,5,cycling,2999.95
1.0,alpha1p0,106,1,subject106_client1,8879,5,cycling,3001.23
1.0,alpha1p0,106,1,subject106_client1,8880,5,cycling,3002.51
1.0,alpha1p0,106,1,subject106_client1,8881,5,cycling,3003.79
1.0,alpha1p0,106,1,subject106_client1,8882,5,cycling,3005.07
1.0,alpha1p0,106,1,subject106_client1,8883,5,cycling,3006.35
1.0,alpha1p0,106,1,subject106_client1,8884,5,cycling,3007.63
1.0,alpha1p0,106,1,subject106_client1,8885,5,cycling,3008.91
1.0,alpha1p0,106,1,subject106_client1,8886,5,cycling,3010.19
1.0,alpha1p0,106,1,subject106_client1,8887,5,cycling,3011.47
1.0,alpha1p0,106,1,subject106_client1,8888,5,cycling,3012.75
1.0,alpha1p0,106,1,subject106_client1,8889,5,cycling,3014.03
1.0,alpha1p0,106,1,subject106_client1,8890,5,cycling,3015.31
1.0,alpha1p0,106,1,subject106_client1,8891,5,cycling,3016.59
1.0,alpha1p0,106,1,subject106_client1,8892,5,cycling,3017.87
1.0,alpha1p0,106,1,subject106_client1,8893,5,cycling,3019.15
1.0,alpha1p0,106,1,subject106_client1,8894,5,cycling,3020.43
1.0,alpha1p0,106,1,subject106_client1,8895,5,cycling,3021.71
1.0,alpha1p0,106,0,subject106_client0,8897,5,cycling,3024.27
1.0,alpha1p0,106,0,subject106_client0,8898,5,cycling,3025.55
1.0,alpha1p0,106,0,subject106_client0,8899,5,cycling,3026.83
1.0,alpha1p0,106,0,subject106_client0,8900,5,cycling,3028.11
1.0,alpha1p0,106,0,subject106_client0,8901,5,cycling,3029.39
1.0,alpha1p0,106,0,subject106_client0,8902,5,cycling,3030.67
1.0,alpha1p0,106,0,subject106_client0,8903,5,cycling,3031.95
1.0,alpha1p0,106,0,subject106_client0,8904,5,cycling,3033.23
1.0,alpha1p0,106,0,subject106_client0,8905,5,cycling,3034.51
1.0,alpha1p0,106,0,subject106_client0,8906,5,cycling,3035.79
1.0,alpha1p0,106,0,subject106_client0,8907,5,cycling,3037.07
1.0,alpha1p0,106,0,subject106_client0,8908,5,cycling,3038.35
1.0,alpha1p0,106,0,subject106_client0,8909,5,cycling,3039.63
1.0,alpha1p0,106,0,subject106_client0,8910,5,cycling,3040.91
1.0,alpha1p0,106,0,subject106_client0,8911,5,cycling,3042.19
1.0,alpha1p0,106,0,subject106_client0,8912,5,cycling,3043.47
1.0,alpha1p0,106,0,subject106_client0,8913,5,cycling,3044.75
1.0,alpha1p0,106,0,subject106_client0,8914,5,cycling,3046.03
1.0,alpha1p0,106,0,subject106_client0,8915,5,cycling,3047.31
1.0,alpha1p0,106,0,subject106_client0,8916,5,cycling,3048.59
1.0,alpha1p0,106,0,subject106_client0,8917,5,cycling,3049.87
1.0,alpha1p0,106,0,subject106_client0,8918,5,cycling,3051.15
1.0,alpha1p0,106,0,subject106_client0,8919,5,cycling,3052.43
1.0,alpha1p0,106,0,subject106_client0,8920,5,cycling,3053.71
1.0,alpha1p0,106,0,subject106_client0,8921,5,cycling,3054.99
1.0,alpha1p0,106,0,subject106_client0,8922,5,cycling,3056.27
1.0,alpha1p0,106,0,subject106_client0,8923,5,cycling,3057.55
1.0,alpha1p0,106,0,subject106_client0,8924,5,cycling,3058.83
1.0,alpha1p0,106,0,subject106_client0,8925,5,cycling,3060.11
1.0,alpha1p0,106,0,subject106_client0,8926,5,cycling,3061.39
1.0,alpha1p0,106,0,subject106_client0,8927,5,cycling,3062.67
1.0,alpha1p0,106,0,subject106_client0,8928,5,cycling,3063.95
1.0,alpha1p0,106,0,subject106_client0,8929,5,cycling,3065.23
1.0,alpha1p0,106,0,subject106_client0,8930,5,cycling,3066.51
1.0,alpha1p0,106,0,subject106_client0,8931,5,cycling,3067.79
1.0,alpha1p0,106,0,subject106_client0,8932,5,cycling,3069.07
1.0,alpha1p0,106,0,subject106_client0,8933,5,cycling,3070.35
1.0,alpha1p0,106,0,subject106_client0,8934,5,cycling,3071.63
1.0,alpha1p0,106,0,subject106_client0,8935,5,cycling,3072.91
1.0,alpha1p0,106,0,subject106_client0,8936,5,cycling,3074.19
1.0,alpha1p0,106,0,subject106_client0,8937,5,cycling,3075.47
1.0,alpha1p0,106,0,subject106_client0,8938,5,cycling,3076.75
1.0,alpha1p0,106,0,subject106_client0,8939,5,cycling,3078.03
1.0,alpha1p0,106,0,subject106_client0,8940,5,cycling,3079.31
1.0,alpha1p0,106,3,subject106_client3,8942,5,cycling,3081.87
1.0,alpha1p0,106,3,subject106_client3,8943,5,cycling,3083.15
1.0,alpha1p0,106,3,subject106_client3,8944,5,cycling,3084.43
1.0,alpha1p0,106,3,subject106_client3,8945,5,cycling,3085.71
1.0,alpha1p0,106,3,subject106_client3,8946,5,cycling,3086.99
1.0,alpha1p0,106,3,subject106_client3,8947,5,cycling,3088.27
1.0,alpha1p0,106,3,subject106_client3,8948,5,cycling,3089.55
1.0,alpha1p0,106,3,subject106_client3,8949,5,cycling,3090.83
1.0,alpha1p0,106,3,subject106_client3,8950,5,cycling,3092.11
1.0,alpha1p0,106,3,subject106_client3,8951,5,cycling,3093.39
1.0,alpha1p0,106,3,subject106_client3,8952,5,cycling,3094.67
1.0,alpha1p0,106,3,subject106_client3,8953,5,cycling,3095.95
1.0,alpha1p0,106,3,subject106_client3,8954,5,cycling,3097.23
1.0,alpha1p0,106,3,subject106_client3,8955,5,cycling,3098.51
1.0,alpha1p0,106,3,subject106_client3,8956,5,cycling,3099.79
1.0,alpha1p0,106,3,subject106_client3,8957,5,cycling,3101.07
1.0,alpha1p0,106,3,subject106_client3,8958,5,cycling,3102.35
1.0,alpha1p0,106,3,subject106_client3,8959,5,cycling,3103.63
1.0,alpha1p0,106,3,subject106_client3,8960,5,cycling,3104.91
1.0,alpha1p0,106,3,subject106_client3,8961,5,cycling,3106.19
1.0,alpha1p0,106,3,subject106_client3,8962,5,cycling,3107.47
1.0,alpha1p0,106,3,subject106_client3,8963,5,cycling,3108.75
1.0,alpha1p0,106,3,subject106_client3,8964,5,cycling,3110.03
1.0,alpha1p0,106,3,subject106_client3,8965,5,cycling,3111.31
1.0,alpha1p0,106,3,subject106_client3,8966,5,cycling,3112.59
1.0,alpha1p0,106,2,subject106_client2,8968,5,cycling,3115.15
1.0,alpha1p0,106,2,subject106_client2,8969,5,cycling,3116.43
1.0,alpha1p0,106,2,subject106_client2,8970,5,cycling,3117.71
1.0,alpha1p0,106,2,subject106_client2,8971,5,cycling,3118.99
1.0,alpha1p0,106,2,subject106_client2,8972,5,cycling,3120.27
1.0,alpha1p0,106,2,subject106_client2,8973,5,cycling,3121.55
1.0,alpha1p0,106,2,subject106_client2,8974,5,cycling,3122.83
1.0,alpha1p0,106,2,subject106_client2,8975,5,cycling,3124.11
1.0,alpha1p0,106,2,subject106_client2,8976,5,cycling,3125.39
1.0,alpha1p0,106,2,subject106_client2,8977,5,cycling,3126.67
1.0,alpha1p0,106,2,subject106_client2,8978,5,cycling,3127.95
1.0,alpha1p0,106,2,subject106_client2,8979,5,cycling,3129.23
1.0,alpha1p0,106,2,subject106_client2,8980,5,cycling,3130.51
1.0,alpha1p0,106,2,subject106_client2,8981,5,cycling,3131.79
1.0,alpha1p0,106,2,subject106_client2,8982,5,cycling,3133.07
1.0,alpha1p0,106,2,subject106_client2,8983,5,cycling,3134.35
1.0,alpha1p0,106,2,subject106_client2,8984,5,cycling,3135.63
1.0,alpha1p0,106,2,subject106_client2,8985,5,cycling,3136.91
1.0,alpha1p0,106,2,subject106_client2,8986,5,cycling,3138.19
1.0,alpha1p0,106,2,subject106_client2,8987,5,cycling,3139.47
1.0,alpha1p0,106,2,subject106_client2,8988,5,cycling,3140.75
1.0,alpha1p0,106,2,subject106_client2,8989,5,cycling,3142.03
1.0,alpha1p0,106,2,subject106_client2,8990,5,cycling,3143.31
1.0,alpha1p0,106,2,subject106_client2,8991,5,cycling,3144.59
1.0,alpha1p0,106,2,subject106_client2,8992,5,cycling,3145.87
1.0,alpha1p0,106,2,subject106_client2,8993,5,cycling,3147.15
1.0,alpha1p0,106,2,subject106_client2,8994,5,cycling,3148.43
1.0,alpha1p0,106,2,subject106_client2,8995,5,cycling,3149.71
1.0,alpha1p0,106,2,subject106_client2,8996,5,cycling,3150.99
1.0,alpha1p0,106,2,subject106_client2,8997,5,cycling,3152.27
1.0,alpha1p0,106,2,subject106_client2,8998,5,cycling,3153.55
1.0,alpha1p0,106,2,subject106_client2,8999,5,cycling,3154.83
1.0,alpha1p0,106,2,subject106_client2,9000,5,cycling,3156.11
1.0,alpha1p0,106,2,subject106_client2,9001,5,cycling,3157.39
1.0,alpha1p0,106,2,subject106_client2,9002,5,cycling,3158.67
1.0,alpha1p0,106,2,subject106_client2,9003,5,cycling,3159.95
1.0,alpha1p0,106,2,subject106_client2,9004,5,cycling,3161.23
1.0,alpha1p0,106,2,subject106_client2,9005,5,cycling,3162.51
1.0,alpha1p0,106,2,subject106_client2,9006,5,cycling,3163.79
1.0,alpha1p0,106,2,subject106_client2,9007,5,cycling,3165.07
1.0,alpha1p0,106,2,subject106_client2,9008,5,cycling,3166.35
1.0,alpha1p0,106,2,subject106_client2,9009,5,cycling,3167.63
1.0,alpha1p0,106,2,subject106_client2,9010,5,cycling,3168.91
1.0,alpha1p0,106,2,subject106_client2,9011,5,cycling,3170.19
1.0,alpha1p0,106,2,subject106_client2,9012,5,cycling,3171.47
1.0,alpha1p0,106,2,subject106_client2,9013,5,cycling,3172.75
1.0,alpha1p0,106,2,subject106_client2,9014,5,cycling,3174.03
1.0,alpha1p0,106,2,subject106_client2,9015,5,cycling,3175.31
1.0,alpha1p0,106,2,subject106_client2,9016,5,cycling,3176.59
1.0,alpha1p0,106,2,subject106_client2,9017,5,cycling,3177.87
1.0,alpha1p0,106,2,subject106_client2,9018,5,cycling,3179.15
1.0,alpha1p0,106,2,subject106_client2,9019,5,cycling,3180.43
1.0,alpha1p0,106,2,subject106_client2,9020,5,cycling,3181.71
1.0,alpha1p0,106,2,subject106_client2,9021,5,cycling,3182.99
1.0,alpha1p0,106,2,subject106_client2,9022,5,cycling,3184.27
1.0,alpha1p0,106,2,subject106_client2,9023,5,cycling,3185.55
1.0,alpha1p0,106,2,subject106_client2,9024,5,cycling,3186.83
1.0,alpha1p0,106,2,subject106_client2,9025,5,cycling,3188.11
1.0,alpha1p0,106,2,subject106_client2,9026,5,cycling,3189.39
1.0,alpha1p0,106,2,subject106_client2,9027,5,cycling,3190.67
1.0,alpha1p0,106,2,subject106_client2,9028,5,cycling,3191.95
1.0,alpha1p0,106,2,subject106_client2,9029,5,cycling,3193.23
1.0,alpha1p0,106,2,subject106_client2,9030,5,cycling,3194.51
1.0,alpha1p0,106,2,subject106_client2,9031,5,cycling,3195.79
1.0,alpha1p0,106,2,subject106_client2,9032,5,cycling,3197.07
1.0,alpha1p0,106,2,subject106_client2,9033,5,cycling,3198.35
1.0,alpha1p0,106,2,subject106_client2,9034,5,cycling,3199.63
1.0,alpha1p0,106,2,subject106_client2,9035,5,cycling,3200.91
1.0,alpha1p0,106,0,subject106_client0,9036,4,running,3283.38
1.0,alpha1p0,106,0,subject106_client0,9037,4,running,3284.66
1.0,alpha1p0,106,0,subject106_client0,9038,4,running,3285.94
1.0,alpha1p0,106,0,subject106_client0,9039,4,running,3287.22
1.0,alpha1p0,106,0,subject106_client0,9040,4,running,3288.5
1.0,alpha1p0,106,0,subject106_client0,9041,4,running,3289.78
1.0,alpha1p0,106,0,subject106_client0,9042,4,running,3291.06
1.0,alpha1p0,106,0,subject106_client0,9043,4,running,3292.34
1.0,alpha1p0,106,0,subject106_client0,9044,4,running,3293.62
1.0,alpha1p0,106,0,subject106_client0,9045,4,running,3294.9
1.0,alpha1p0,106,0,subject106_client0,9046,4,running,3296.18
1.0,alpha1p0,106,0,subject106_client0,9047,4,running,3297.46
1.0,alpha1p0,106,0,subject106_client0,9048,4,running,3298.74
1.0,alpha1p0,106,0,subject106_client0,9049,4,running,3300.02
1.0,alpha1p0,106,0,subject106_client0,9050,4,running,3301.3
1.0,alpha1p0,106,0,subject106_client0,9051,4,running,3302.58
1.0,alpha1p0,106,0,subject106_client0,9052,4,running,3303.86
1.0,alpha1p0,106,0,subject106_client0,9053,4,running,3305.14
1.0,alpha1p0,106,0,subject106_client0,9054,4,running,3306.42
1.0,alpha1p0,106,0,subject106_client0,9055,4,running,3307.7
1.0,alpha1p0,106,0,subject106_client0,9056,4,running,3308.98
1.0,alpha1p0,106,0,subject106_client0,9057,4,running,3310.26
1.0,alpha1p0,106,0,subject106_client0,9058,4,running,3311.54
1.0,alpha1p0,106,0,subject106_client0,9059,4,running,3312.82
1.0,alpha1p0,106,0,subject106_client0,9060,4,running,3314.1
1.0,alpha1p0,106,0,subject106_client0,9061,4,running,3315.38
1.0,alpha1p0,106,0,subject106_client0,9062,4,running,3316.66
1.0,alpha1p0,106,0,subject106_client0,9063,4,running,3317.94
1.0,alpha1p0,106,0,subject106_client0,9064,4,running,3319.22
1.0,alpha1p0,106,0,subject106_client0,9065,4,running,3320.5
1.0,alpha1p0,106,0,subject106_client0,9066,4,running,3321.78
1.0,alpha1p0,106,0,subject106_client0,9067,4,running,3323.06
1.0,alpha1p0,106,0,subject106_client0,9068,4,running,3324.34
1.0,alpha1p0,106,0,subject106_client0,9069,4,running,3325.62
1.0,alpha1p0,106,0,subject106_client0,9070,4,running,3326.9
1.0,alpha1p0,106,0,subject106_client0,9071,4,running,3328.18
1.0,alpha1p0,106,0,subject106_client0,9072,4,running,3329.46
1.0,alpha1p0,106,0,subject106_client0,9073,4,running,3330.74
1.0,alpha1p0,106,0,subject106_client0,9074,4,running,3332.02
1.0,alpha1p0,106,0,subject106_client0,9075,4,running,3333.3
1.0,alpha1p0,106,0,subject106_client0,9076,4,running,3334.58
1.0,alpha1p0,106,0,subject106_client0,9077,4,running,3335.86
1.0,alpha1p0,106,0,subject106_client0,9078,4,running,3337.14
1.0,alpha1p0,106,0,subject106_client0,9079,4,running,3338.42
1.0,alpha1p0,106,0,subject106_client0,9080,4,running,3339.7
1.0,alpha1p0,106,0,subject106_client0,9081,4,running,3340.98
1.0,alpha1p0,106,0,subject106_client0,9082,4,running,3342.26
1.0,alpha1p0,106,0,subject106_client0,9083,4,running,3343.54
1.0,alpha1p0,106,0,subject106_client0,9084,4,running,3344.82
1.0,alpha1p0,106,0,subject106_client0,9085,4,running,3346.1
1.0,alpha1p0,106,0,subject106_client0,9086,4,running,3347.38
1.0,alpha1p0,106,0,subject106_client0,9087,4,running,3348.66
1.0,alpha1p0,106,0,subject106_client0,9088,4,running,3349.94
1.0,alpha1p0,106,0,subject106_client0,9089,4,running,3351.22
1.0,alpha1p0,106,0,subject106_client0,9090,4,running,3352.5
1.0,alpha1p0,106,0,subject106_client0,9091,4,running,3353.78
1.0,alpha1p0,106,0,subject106_client0,9092,4,running,3355.06
1.0,alpha1p0,106,1,subject106_client1,9094,4,running,3357.62
1.0,alpha1p0,106,1,subject106_client1,9095,4,running,3358.9
1.0,alpha1p0,106,1,subject106_client1,9096,4,running,3360.18
1.0,alpha1p0,106,1,subject106_client1,9097,4,running,3361.46
1.0,alpha1p0,106,1,subject106_client1,9098,4,running,3362.74
1.0,alpha1p0,106,1,subject106_client1,9099,4,running,3364.02
1.0,alpha1p0,106,1,subject106_client1,9100,4,running,3365.3
1.0,alpha1p0,106,1,subject106_client1,9101,4,running,3366.58
1.0,alpha1p0,106,1,subject106_client1,9102,4,running,3367.86
1.0,alpha1p0,106,1,subject106_client1,9103,4,running,3369.14
1.0,alpha1p0,106,1,subject106_client1,9104,4,running,3370.42
1.0,alpha1p0,106,1,subject106_client1,9105,4,running,3371.7
1.0,alpha1p0,106,1,subject106_client1,9106,4,running,3372.98
1.0,alpha1p0,106,1,subject106_client1,9107,4,running,3374.26
1.0,alpha1p0,106,1,subject106_client1,9108,4,running,3375.54
1.0,alpha1p0,106,1,subject106_client1,9109,4,running,3376.82
1.0,alpha1p0,106,1,subject106_client1,9110,4,running,3378.1
1.0,alpha1p0,106,1,subject106_client1,9111,4,running,3379.38
1.0,alpha1p0,106,1,subject106_client1,9112,4,running,3380.66
1.0,alpha1p0,106,1,subject106_client1,9113,4,running,3381.94
1.0,alpha1p0,106,1,subject106_client1,9114,4,running,3383.22
1.0,alpha1p0,106,1,subject106_client1,9115,4,running,3384.5
1.0,alpha1p0,106,1,subject106_client1,9116,4,running,3385.78
1.0,alpha1p0,106,1,subject106_client1,9117,4,running,3387.06
1.0,alpha1p0,106,1,subject106_client1,9118,4,running,3388.34
1.0,alpha1p0,106,1,subject106_client1,9119,4,running,3389.62
1.0,alpha1p0,106,1,subject106_client1,9120,4,running,3390.9
1.0,alpha1p0,106,1,subject106_client1,9121,4,running,3392.18
1.0,alpha1p0,106,1,subject106_client1,9122,4,running,3393.46
1.0,alpha1p0,106,1,subject106_client1,9123,4,running,3394.74
1.0,alpha1p0,106,1,subject106_client1,9124,4,running,3396.02
1.0,alpha1p0,106,1,subject106_client1,9125,4,running,3397.3
1.0,alpha1p0,106,1,subject106_client1,9126,4,running,3398.58
1.0,alpha1p0,106,1,subject106_client1,9127,4,running,3399.86
1.0,alpha1p0,106,1,subject106_client1,9128,4,running,3401.14
1.0,alpha1p0,106,1,subject106_client1,9129,4,running,3402.42
1.0,alpha1p0,106,1,subject106_client1,9130,4,running,3403.7
1.0,alpha1p0,106,1,subject106_client1,9131,4,running,3404.98
1.0,alpha1p0,106,1,subject106_client1,9132,4,running,3406.26
1.0,alpha1p0,106,1,subject106_client1,9133,4,running,3407.54
1.0,alpha1p0,106,1,subject106_client1,9134,4,running,3408.82
1.0,alpha1p0,106,1,subject106_client1,9135,4,running,3410.1
1.0,alpha1p0,106,1,subject106_client1,9136,4,running,3411.38
1.0,alpha1p0,106,1,subject106_client1,9137,4,running,3412.66
1.0,alpha1p0,106,1,subject106_client1,9138,4,running,3413.94
1.0,alpha1p0,106,1,subject106_client1,9139,4,running,3415.22
1.0,alpha1p0,106,1,subject106_client1,9140,4,running,3416.5
1.0,alpha1p0,106,1,subject106_client1,9141,4,running,3417.78
1.0,alpha1p0,106,1,subject106_client1,9142,4,running,3419.06
1.0,alpha1p0,106,1,subject106_client1,9143,4,running,3420.34
1.0,alpha1p0,106,1,subject106_client1,9144,4,running,3421.62
1.0,alpha1p0,106,1,subject106_client1,9145,4,running,3422.9
1.0,alpha1p0,106,1,subject106_client1,9146,4,running,3424.18
1.0,alpha1p0,106,1,subject106_client1,9147,4,running,3425.46
1.0,alpha1p0,106,1,subject106_client1,9148,4,running,3426.74
1.0,alpha1p0,106,1,subject106_client1,9149,4,running,3428.02
1.0,alpha1p0,106,1,subject106_client1,9150,4,running,3429.3
1.0,alpha1p0,106,2,subject106_client2,9152,4,running,3431.86
1.0,alpha1p0,106,2,subject106_client2,9153,4,running,3433.14
1.0,alpha1p0,106,2,subject106_client2,9154,4,running,3434.42
1.0,alpha1p0,106,2,subject106_client2,9155,4,running,3435.7
1.0,alpha1p0,106,2,subject106_client2,9156,4,running,3436.98
1.0,alpha1p0,106,2,subject106_client2,9157,4,running,3438.26
1.0,alpha1p0,106,2,subject106_client2,9158,4,running,3439.54
1.0,alpha1p0,106,2,subject106_client2,9159,4,running,3440.82
1.0,alpha1p0,106,2,subject106_client2,9160,4,running,3442.1
1.0,alpha1p0,106,2,subject106_client2,9161,4,running,3443.38
1.0,alpha1p0,106,2,subject106_client2,9162,4,running,3444.66
1.0,alpha1p0,106,3,subject106_client3,9164,4,running,3447.22
1.0,alpha1p0,106,3,subject106_client3,9165,4,running,3448.5
1.0,alpha1p0,106,3,subject106_client3,9166,4,running,3449.78
1.0,alpha1p0,106,3,subject106_client3,9167,4,running,3451.06
1.0,alpha1p0,106,3,subject106_client3,9168,4,running,3452.34
1.0,alpha1p0,106,3,subject106_client3,9169,4,running,3453.62
1.0,alpha1p0,106,3,subject106_client3,9170,4,running,3454.9
1.0,alpha1p0,106,3,subject106_client3,9171,4,running,3456.18
1.0,alpha1p0,106,3,subject106_client3,9172,4,running,3457.46
1.0,alpha1p0,106,3,subject106_client3,9173,4,running,3458.74
1.0,alpha1p0,106,3,subject106_client3,9174,4,running,3460.02
1.0,alpha1p0,106,3,subject106_client3,9175,4,running,3461.3
1.0,alpha1p0,106,3,subject106_client3,9176,4,running,3462.58
1.0,alpha1p0,106,3,subject106_client3,9177,4,running,3463.86
1.0,alpha1p0,106,3,subject106_client3,9178,4,running,3465.14
1.0,alpha1p0,106,3,subject106_client3,9179,4,running,3466.42
1.0,alpha1p0,106,3,subject106_client3,9180,4,running,3467.7
1.0,alpha1p0,106,3,subject106_client3,9181,4,running,3468.98
1.0,alpha1p0,106,3,subject106_client3,9182,4,running,3470.26
1.0,alpha1p0,106,3,subject106_client3,9183,4,running,3471.54
1.0,alpha1p0,106,3,subject106_client3,9184,4,running,3472.82
1.0,alpha1p0,106,3,subject106_client3,9185,4,running,3474.1
1.0,alpha1p0,106,3,subject106_client3,9186,4,running,3475.38
1.0,alpha1p0,106,3,subject106_client3,9187,4,running,3476.66
1.0,alpha1p0,106,3,subject106_client3,9188,4,running,3477.94
1.0,alpha1p0,106,3,subject106_client3,9189,4,running,3479.22
1.0,alpha1p0,106,3,subject106_client3,9190,4,running,3480.5
1.0,alpha1p0,106,3,subject106_client3,9191,4,running,3481.78
1.0,alpha1p0,106,3,subject106_client3,9192,4,running,3483.06
1.0,alpha1p0,106,3,subject106_client3,9193,4,running,3484.34
1.0,alpha1p0,106,3,subject106_client3,9194,4,running,3485.62
1.0,alpha1p0,106,3,subject106_client3,9195,4,running,3486.9
1.0,alpha1p0,106,3,subject106_client3,9196,4,running,3488.18
1.0,alpha1p0,106,3,subject106_client3,9197,4,running,3489.46
1.0,alpha1p0,106,3,subject106_client3,9198,4,running,3490.74
1.0,alpha1p0,106,3,subject106_client3,9199,4,running,3492.02
1.0,alpha1p0,106,3,subject106_client3,9200,4,running,3493.3
1.0,alpha1p0,106,3,subject106_client3,9201,4,running,3494.58
1.0,alpha1p0,106,3,subject106_client3,9202,4,running,3495.86
1.0,alpha1p0,106,3,subject106_client3,9203,4,running,3497.14
1.0,alpha1p0,106,3,subject106_client3,9204,4,running,3498.42
1.0,alpha1p0,106,3,subject106_client3,9205,4,running,3499.7
1.0,alpha1p0,106,3,subject106_client3,9206,4,running,3500.98
1.0,alpha1p0,106,3,subject106_client3,9207,4,running,3502.26
1.0,alpha1p0,106,3,subject106_client3,9208,4,running,3503.54
1.0,alpha1p0,106,3,subject106_client3,9209,4,running,3504.82
1.0,alpha1p0,106,3,subject106_client3,9210,4,running,3506.1
1.0,alpha1p0,106,3,subject106_client3,9211,4,running,3507.38
1.0,alpha1p0,106,3,subject106_client3,9212,4,running,3508.66
1.0,alpha1p0,106,2,subject106_client2,9213,11,rope jumping,3621.5
1.0,alpha1p0,107,3,subject107_client3,9214,0,lying,84.28
1.0,alpha1p0,107,3,subject107_client3,9215,0,lying,85.56
1.0,alpha1p0,107,3,subject107_client3,9216,0,lying,86.84
1.0,alpha1p0,107,3,subject107_client3,9217,0,lying,88.12
1.0,alpha1p0,107,3,subject107_client3,9218,0,lying,89.4
1.0,alpha1p0,107,3,subject107_client3,9219,0,lying,90.68
1.0,alpha1p0,107,3,subject107_client3,9220,0,lying,91.96
1.0,alpha1p0,107,3,subject107_client3,9221,0,lying,93.24
1.0,alpha1p0,107,3,subject107_client3,9222,0,lying,94.52
1.0,alpha1p0,107,3,subject107_client3,9223,0,lying,95.8
1.0,alpha1p0,107,3,subject107_client3,9224,0,lying,97.08
1.0,alpha1p0,107,3,subject107_client3,9225,0,lying,98.36
1.0,alpha1p0,107,3,subject107_client3,9226,0,lying,99.64
1.0,alpha1p0,107,3,subject107_client3,9227,0,lying,100.92
1.0,alpha1p0,107,3,subject107_client3,9228,0,lying,102.2
1.0,alpha1p0,107,3,subject107_client3,9229,0,lying,103.48
1.0,alpha1p0,107,3,subject107_client3,9230,0,lying,104.76
1.0,alpha1p0,107,3,subject107_client3,9231,0,lying,106.04
1.0,alpha1p0,107,3,subject107_client3,9232,0,lying,107.32
1.0,alpha1p0,107,3,subject107_client3,9233,0,lying,108.6
1.0,alpha1p0,107,3,subject107_client3,9234,0,lying,109.88
1.0,alpha1p0,107,3,subject107_client3,9235,0,lying,111.16
1.0,alpha1p0,107,3,subject107_client3,9236,0,lying,112.44
1.0,alpha1p0,107,3,subject107_client3,9237,0,lying,113.72
1.0,alpha1p0,107,3,subject107_client3,9238,0,lying,115.0
1.0,alpha1p0,107,3,subject107_client3,9239,0,lying,116.28
1.0,alpha1p0,107,3,subject107_client3,9240,0,lying,117.56
1.0,alpha1p0,107,3,subject107_client3,9241,0,lying,118.84
1.0,alpha1p0,107,3,subject107_client3,9242,0,lying,120.12
1.0,alpha1p0,107,3,subject107_client3,9243,0,lying,121.4
1.0,alpha1p0,107,3,subject107_client3,9244,0,lying,122.68
1.0,alpha1p0,107,3,subject107_client3,9245,0,lying,123.96
1.0,alpha1p0,107,3,subject107_client3,9246,0,lying,125.24
1.0,alpha1p0,107,3,subject107_client3,9247,0,lying,126.52
1.0,alpha1p0,107,3,subject107_client3,9248,0,lying,127.8
1.0,alpha1p0,107,3,subject107_client3,9249,0,lying,129.08
1.0,alpha1p0,107,3,subject107_client3,9250,0,lying,130.36
1.0,alpha1p0,107,3,subject107_client3,9251,0,lying,131.64
1.0,alpha1p0,107,3,subject107_client3,9252,0,lying,132.92
1.0,alpha1p0,107,3,subject107_client3,9253,0,lying,134.2
1.0,alpha1p0,107,3,subject107_client3,9254,0,lying,135.48
1.0,alpha1p0,107,3,subject107_client3,9255,0,lying,136.76
1.0,alpha1p0,107,3,subject107_client3,9256,0,lying,138.04
1.0,alpha1p0,107,3,subject107_client3,9257,0,lying,139.32
1.0,alpha1p0,107,3,subject107_client3,9258,0,lying,140.6
1.0,alpha1p0,107,3,subject107_client3,9259,0,lying,141.88
1.0,alpha1p0,107,3,subject107_client3,9260,0,lying,143.16
1.0,alpha1p0,107,3,subject107_client3,9261,0,lying,144.44
1.0,alpha1p0,107,3,subject107_client3,9262,0,lying,145.72
1.0,alpha1p0,107,3,subject107_client3,9263,0,lying,147.0
1.0,alpha1p0,107,3,subject107_client3,9264,0,lying,148.28
1.0,alpha1p0,107,3,subject107_client3,9265,0,lying,149.56
1.0,alpha1p0,107,3,subject107_client3,9266,0,lying,150.84
1.0,alpha1p0,107,3,subject107_client3,9267,0,lying,152.12
1.0,alpha1p0,107,3,subject107_client3,9268,0,lying,153.4
1.0,alpha1p0,107,3,subject107_client3,9269,0,lying,154.68
1.0,alpha1p0,107,3,subject107_client3,9270,0,lying,155.96
1.0,alpha1p0,107,3,subject107_client3,9271,0,lying,157.24
1.0,alpha1p0,107,3,subject107_client3,9272,0,lying,158.52
1.0,alpha1p0,107,3,subject107_client3,9273,0,lying,159.8
1.0,alpha1p0,107,3,subject107_client3,9274,0,lying,161.08
1.0,alpha1p0,107,3,subject107_client3,9275,0,lying,162.36
1.0,alpha1p0,107,3,subject107_client3,9276,0,lying,163.64
1.0,alpha1p0,107,3,subject107_client3,9277,0,lying,164.92
1.0,alpha1p0,107,3,subject107_client3,9278,0,lying,166.2
1.0,alpha1p0,107,3,subject107_client3,9279,0,lying,167.48
1.0,alpha1p0,107,3,subject107_client3,9280,0,lying,168.76
1.0,alpha1p0,107,3,subject107_client3,9281,0,lying,170.04
1.0,alpha1p0,107,3,subject107_client3,9282,0,lying,171.32
1.0,alpha1p0,107,3,subject107_client3,9283,0,lying,172.6
1.0,alpha1p0,107,3,subject107_client3,9284,0,lying,173.88
1.0,alpha1p0,107,3,subject107_client3,9285,0,lying,175.16
1.0,alpha1p0,107,3,subject107_client3,9286,0,lying,176.44
1.0,alpha1p0,107,3,subject107_client3,9287,0,lying,177.72
1.0,alpha1p0,107,3,subject107_client3,9288,0,lying,179.0
1.0,alpha1p0,107,3,subject107_client3,9289,0,lying,180.28
1.0,alpha1p0,107,3,subject107_client3,9290,0,lying,181.56
1.0,alpha1p0,107,3,subject107_client3,9291,0,lying,182.84
1.0,alpha1p0,107,3,subject107_client3,9292,0,lying,184.12
1.0,alpha1p0,107,3,subject107_client3,9293,0,lying,185.4
1.0,alpha1p0,107,3,subject107_client3,9294,0,lying,186.68
1.0,alpha1p0,107,3,subject107_client3,9295,0,lying,187.96
1.0,alpha1p0,107,3,subject107_client3,9296,0,lying,189.24
1.0,alpha1p0,107,3,subject107_client3,9297,0,lying,190.52
1.0,alpha1p0,107,3,subject107_client3,9298,0,lying,191.8
1.0,alpha1p0,107,3,subject107_client3,9299,0,lying,193.08
1.0,alpha1p0,107,3,subject107_client3,9300,0,lying,194.36
1.0,alpha1p0,107,3,subject107_client3,9301,0,lying,195.64
1.0,alpha1p0,107,3,subject107_client3,9302,0,lying,196.92
1.0,alpha1p0,107,3,subject107_client3,9303,0,lying,198.2
1.0,alpha1p0,107,3,subject107_client3,9304,0,lying,199.48
1.0,alpha1p0,107,3,subject107_client3,9305,0,lying,200.76
1.0,alpha1p0,107,3,subject107_client3,9306,0,lying,202.04
1.0,alpha1p0,107,3,subject107_client3,9307,0,lying,203.32
1.0,alpha1p0,107,3,subject107_client3,9308,0,lying,204.6
1.0,alpha1p0,107,3,subject107_client3,9309,0,lying,205.88
1.0,alpha1p0,107,3,subject107_client3,9310,0,lying,207.16
1.0,alpha1p0,107,3,subject107_client3,9311,0,lying,208.44
1.0,alpha1p0,107,3,subject107_client3,9312,0,lying,209.72
1.0,alpha1p0,107,3,subject107_client3,9313,0,lying,211.0
1.0,alpha1p0,107,3,subject107_client3,9314,0,lying,212.28
1.0,alpha1p0,107,3,subject107_client3,9315,0,lying,213.56
1.0,alpha1p0,107,3,subject107_client3,9316,0,lying,214.84
1.0,alpha1p0,107,3,subject107_client3,9317,0,lying,216.12
1.0,alpha1p0,107,3,subject107_client3,9318,0,lying,217.4
1.0,alpha1p0,107,3,subject107_client3,9319,0,lying,218.68
1.0,alpha1p0,107,3,subject107_client3,9320,0,lying,219.96
1.0,alpha1p0,107,3,subject107_client3,9321,0,lying,221.24
1.0,alpha1p0,107,3,subject107_client3,9322,0,lying,222.52
1.0,alpha1p0,107,3,subject107_client3,9323,0,lying,223.8
1.0,alpha1p0,107,3,subject107_client3,9324,0,lying,225.08
1.0,alpha1p0,107,3,subject107_client3,9325,0,lying,226.36
1.0,alpha1p0,107,3,subject107_client3,9326,0,lying,227.64
1.0,alpha1p0,107,3,subject107_client3,9327,0,lying,228.92
1.0,alpha1p0,107,3,subject107_client3,9328,0,lying,230.2
1.0,alpha1p0,107,3,subject107_client3,9329,0,lying,231.48
1.0,alpha1p0,107,3,subject107_client3,9330,0,lying,232.76
1.0,alpha1p0,107,3,subject107_client3,9331,0,lying,234.04
1.0,alpha1p0,107,3,subject107_client3,9332,0,lying,235.32
1.0,alpha1p0,107,3,subject107_client3,9333,0,lying,236.6
1.0,alpha1p0,107,3,subject107_client3,9334,0,lying,237.88
1.0,alpha1p0,107,3,subject107_client3,9335,0,lying,239.16
1.0,alpha1p0,107,3,subject107_client3,9336,0,lying,240.44
1.0,alpha1p0,107,3,subject107_client3,9337,0,lying,241.72
1.0,alpha1p0,107,3,subject107_client3,9338,0,lying,243.0
1.0,alpha1p0,107,3,subject107_client3,9339,0,lying,244.28
1.0,alpha1p0,107,3,subject107_client3,9340,0,lying,245.56
1.0,alpha1p0,107,3,subject107_client3,9341,0,lying,246.84
1.0,alpha1p0,107,3,subject107_client3,9342,0,lying,248.12
1.0,alpha1p0,107,3,subject107_client3,9343,0,lying,249.4
1.0,alpha1p0,107,3,subject107_client3,9344,0,lying,250.68
1.0,alpha1p0,107,1,subject107_client1,9346,0,lying,253.24
1.0,alpha1p0,107,1,subject107_client1,9347,0,lying,254.52
1.0,alpha1p0,107,1,subject107_client1,9348,0,lying,255.8
1.0,alpha1p0,107,1,subject107_client1,9349,0,lying,257.08
1.0,alpha1p0,107,1,subject107_client1,9350,0,lying,258.36
1.0,alpha1p0,107,1,subject107_client1,9351,0,lying,259.64
1.0,alpha1p0,107,1,subject107_client1,9352,0,lying,260.92
1.0,alpha1p0,107,1,subject107_client1,9353,0,lying,262.2
1.0,alpha1p0,107,1,subject107_client1,9354,0,lying,263.48
1.0,alpha1p0,107,1,subject107_client1,9355,0,lying,264.76
1.0,alpha1p0,107,1,subject107_client1,9356,0,lying,266.04
1.0,alpha1p0,107,1,subject107_client1,9357,0,lying,267.32
1.0,alpha1p0,107,1,subject107_client1,9358,0,lying,268.6
1.0,alpha1p0,107,1,subject107_client1,9359,0,lying,269.88
1.0,alpha1p0,107,1,subject107_client1,9360,0,lying,271.16
1.0,alpha1p0,107,1,subject107_client1,9361,0,lying,272.44
1.0,alpha1p0,107,1,subject107_client1,9362,0,lying,273.72
1.0,alpha1p0,107,1,subject107_client1,9363,0,lying,275.0
1.0,alpha1p0,107,1,subject107_client1,9364,0,lying,276.28
1.0,alpha1p0,107,1,subject107_client1,9365,0,lying,277.56
1.0,alpha1p0,107,1,subject107_client1,9366,0,lying,278.84
1.0,alpha1p0,107,1,subject107_client1,9367,0,lying,280.12
1.0,alpha1p0,107,1,subject107_client1,9368,0,lying,281.4
1.0,alpha1p0,107,1,subject107_client1,9369,0,lying,282.68
1.0,alpha1p0,107,1,subject107_client1,9370,0,lying,283.96
1.0,alpha1p0,107,1,subject107_client1,9371,0,lying,285.24
1.0,alpha1p0,107,1,subject107_client1,9372,0,lying,286.52
1.0,alpha1p0,107,1,subject107_client1,9373,0,lying,287.8
1.0,alpha1p0,107,1,subject107_client1,9374,0,lying,289.08
1.0,alpha1p0,107,1,subject107_client1,9375,0,lying,290.36
1.0,alpha1p0,107,1,subject107_client1,9376,0,lying,291.64
1.0,alpha1p0,107,1,subject107_client1,9377,0,lying,292.92
1.0,alpha1p0,107,1,subject107_client1,9378,0,lying,294.2
1.0,alpha1p0,107,1,subject107_client1,9379,0,lying,295.48
1.0,alpha1p0,107,1,subject107_client1,9380,0,lying,296.76
1.0,alpha1p0,107,1,subject107_client1,9381,0,lying,298.04
1.0,alpha1p0,107,1,subject107_client1,9382,0,lying,299.32
1.0,alpha1p0,107,1,subject107_client1,9383,0,lying,300.6
1.0,alpha1p0,107,1,subject107_client1,9384,0,lying,301.88
1.0,alpha1p0,107,1,subject107_client1,9385,0,lying,303.16
1.0,alpha1p0,107,1,subject107_client1,9386,0,lying,304.44
1.0,alpha1p0,107,1,subject107_client1,9387,0,lying,305.72
1.0,alpha1p0,107,1,subject107_client1,9388,0,lying,307.0
1.0,alpha1p0,107,1,subject107_client1,9389,0,lying,308.28
1.0,alpha1p0,107,1,subject107_client1,9390,0,lying,309.56
1.0,alpha1p0,107,1,subject107_client1,9391,0,lying,310.84
1.0,alpha1p0,107,1,subject107_client1,9392,0,lying,312.12
1.0,alpha1p0,107,1,subject107_client1,9393,0,lying,313.4
1.0,alpha1p0,107,1,subject107_client1,9394,0,lying,314.68
1.0,alpha1p0,107,1,subject107_client1,9395,0,lying,315.96
1.0,alpha1p0,107,1,subject107_client1,9396,0,lying,317.24
1.0,alpha1p0,107,1,subject107_client1,9397,0,lying,318.52
1.0,alpha1p0,107,1,subject107_client1,9398,0,lying,319.8
1.0,alpha1p0,107,1,subject107_client1,9399,0,lying,321.08
1.0,alpha1p0,107,1,subject107_client1,9400,0,lying,322.36
1.0,alpha1p0,107,1,subject107_client1,9401,0,lying,323.64
1.0,alpha1p0,107,0,subject107_client0,9403,0,lying,326.2
1.0,alpha1p0,107,0,subject107_client0,9404,0,lying,327.48
1.0,alpha1p0,107,0,subject107_client0,9405,0,lying,328.76
1.0,alpha1p0,107,0,subject107_client0,9406,0,lying,330.04
1.0,alpha1p0,107,0,subject107_client0,9407,0,lying,331.32
1.0,alpha1p0,107,2,subject107_client2,9409,0,lying,333.88
1.0,alpha1p0,107,2,subject107_client2,9410,0,lying,335.16
1.0,alpha1p0,107,2,subject107_client2,9411,0,lying,336.44
1.0,alpha1p0,107,2,subject107_client2,9412,0,lying,337.72
1.0,alpha1p0,107,2,subject107_client2,9413,1,sitting,394.64
1.0,alpha1p0,107,2,subject107_client2,9414,1,sitting,395.92
1.0,alpha1p0,107,2,subject107_client2,9415,1,sitting,397.2
1.0,alpha1p0,107,2,subject107_client2,9416,1,sitting,398.48
1.0,alpha1p0,107,2,subject107_client2,9417,1,sitting,399.76
1.0,alpha1p0,107,2,subject107_client2,9418,1,sitting,401.04
1.0,alpha1p0,107,2,subject107_client2,9419,1,sitting,402.32
1.0,alpha1p0,107,2,subject107_client2,9420,1,sitting,403.6
1.0,alpha1p0,107,2,subject107_client2,9421,1,sitting,404.88
1.0,alpha1p0,107,2,subject107_client2,9422,1,sitting,406.16
1.0,alpha1p0,107,2,subject107_client2,9423,1,sitting,407.44
1.0,alpha1p0,107,2,subject107_client2,9424,1,sitting,408.72
1.0,alpha1p0,107,2,subject107_client2,9425,1,sitting,410.0
1.0,alpha1p0,107,2,subject107_client2,9426,1,sitting,411.28
1.0,alpha1p0,107,1,subject107_client1,9428,1,sitting,413.84
1.0,alpha1p0,107,1,subject107_client1,9429,1,sitting,415.12
1.0,alpha1p0,107,1,subject107_client1,9430,1,sitting,416.4
1.0,alpha1p0,107,1,subject107_client1,9431,1,sitting,417.68
1.0,alpha1p0,107,1,subject107_client1,9432,1,sitting,418.96
1.0,alpha1p0,107,1,subject107_client1,9433,1,sitting,420.24
1.0,alpha1p0,107,1,subject107_client1,9434,1,sitting,421.52
1.0,alpha1p0,107,1,subject107_client1,9435,1,sitting,422.8
1.0,alpha1p0,107,1,subject107_client1,9436,1,sitting,424.08
1.0,alpha1p0,107,1,subject107_client1,9437,1,sitting,425.36
1.0,alpha1p0,107,3,subject107_client3,9439,1,sitting,427.92
1.0,alpha1p0,107,3,subject107_client3,9440,1,sitting,429.2
1.0,alpha1p0,107,3,subject107_client3,9441,1,sitting,430.48
1.0,alpha1p0,107,3,subject107_client3,9442,1,sitting,431.76
1.0,alpha1p0,107,3,subject107_client3,9443,1,sitting,433.04
1.0,alpha1p0,107,3,subject107_client3,9444,1,sitting,434.32
1.0,alpha1p0,107,3,subject107_client3,9445,1,sitting,435.6
1.0,alpha1p0,107,3,subject107_client3,9446,1,sitting,436.88
1.0,alpha1p0,107,3,subject107_client3,9447,1,sitting,438.16
1.0,alpha1p0,107,3,subject107_client3,9448,1,sitting,439.44
1.0,alpha1p0,107,3,subject107_client3,9449,1,sitting,440.72
1.0,alpha1p0,107,3,subject107_client3,9450,1,sitting,442.0
1.0,alpha1p0,107,3,subject107_client3,9451,1,sitting,443.28
1.0,alpha1p0,107,3,subject107_client3,9452,1,sitting,444.56
1.0,alpha1p0,107,3,subject107_client3,9453,1,sitting,445.84
1.0,alpha1p0,107,3,subject107_client3,9454,1,sitting,447.12
1.0,alpha1p0,107,0,subject107_client0,9456,1,sitting,449.68
1.0,alpha1p0,107,0,subject107_client0,9457,1,sitting,450.96
1.0,alpha1p0,107,0,subject107_client0,9458,1,sitting,452.24
1.0,alpha1p0,107,0,subject107_client0,9459,1,sitting,453.52
1.0,alpha1p0,107,0,subject107_client0,9460,1,sitting,454.8
1.0,alpha1p0,107,0,subject107_client0,9461,1,sitting,456.08
1.0,alpha1p0,107,0,subject107_client0,9462,1,sitting,457.36
1.0,alpha1p0,107,0,subject107_client0,9463,1,sitting,458.64
1.0,alpha1p0,107,0,subject107_client0,9464,1,sitting,459.92
1.0,alpha1p0,107,0,subject107_client0,9465,1,sitting,461.2
1.0,alpha1p0,107,0,subject107_client0,9466,1,sitting,462.48
1.0,alpha1p0,107,0,subject107_client0,9467,1,sitting,463.76
1.0,alpha1p0,107,0,subject107_client0,9468,1,sitting,465.04
1.0,alpha1p0,107,0,subject107_client0,9469,1,sitting,466.32
1.0,alpha1p0,107,0,subject107_client0,9470,1,sitting,467.6
1.0,alpha1p0,107,0,subject107_client0,9471,1,sitting,468.88
1.0,alpha1p0,107,0,subject107_client0,9472,1,sitting,470.16
1.0,alpha1p0,107,0,subject107_client0,9473,1,sitting,471.44
1.0,alpha1p0,107,0,subject107_client0,9474,1,sitting,472.72
1.0,alpha1p0,107,0,subject107_client0,9475,1,sitting,474.0
1.0,alpha1p0,107,0,subject107_client0,9476,1,sitting,475.28
1.0,alpha1p0,107,0,subject107_client0,9477,1,sitting,476.56
1.0,alpha1p0,107,0,subject107_client0,9478,1,sitting,477.84
1.0,alpha1p0,107,0,subject107_client0,9479,1,sitting,479.12
1.0,alpha1p0,107,0,subject107_client0,9480,1,sitting,480.4
1.0,alpha1p0,107,0,subject107_client0,9481,1,sitting,481.68
1.0,alpha1p0,107,0,subject107_client0,9482,1,sitting,482.96
1.0,alpha1p0,107,0,subject107_client0,9483,1,sitting,484.24
1.0,alpha1p0,107,0,subject107_client0,9484,1,sitting,485.52
1.0,alpha1p0,107,0,subject107_client0,9485,1,sitting,486.8
1.0,alpha1p0,107,0,subject107_client0,9486,1,sitting,488.08
1.0,alpha1p0,107,0,subject107_client0,9487,1,sitting,489.36
1.0,alpha1p0,107,0,subject107_client0,9488,1,sitting,490.64
1.0,alpha1p0,107,0,subject107_client0,9489,1,sitting,491.92
1.0,alpha1p0,107,0,subject107_client0,9490,1,sitting,493.2
1.0,alpha1p0,107,0,subject107_client0,9491,1,sitting,494.48
1.0,alpha1p0,107,0,subject107_client0,9492,1,sitting,495.76
1.0,alpha1p0,107,0,subject107_client0,9493,1,sitting,497.04
1.0,alpha1p0,107,0,subject107_client0,9494,1,sitting,498.32
1.0,alpha1p0,107,0,subject107_client0,9495,1,sitting,499.6
1.0,alpha1p0,107,0,subject107_client0,9496,1,sitting,500.88
1.0,alpha1p0,107,0,subject107_client0,9497,1,sitting,502.16
1.0,alpha1p0,107,0,subject107_client0,9498,1,sitting,503.44
1.0,alpha1p0,107,0,subject107_client0,9499,1,sitting,504.72
1.0,alpha1p0,107,0,subject107_client0,9500,1,sitting,506.0
1.0,alpha1p0,107,0,subject107_client0,9501,1,sitting,507.28
1.0,alpha1p0,107,0,subject107_client0,9502,1,sitting,508.56
1.0,alpha1p0,107,0,subject107_client0,9503,1,sitting,509.84
1.0,alpha1p0,107,0,subject107_client0,9504,1,sitting,511.12
1.0,alpha1p0,107,0,subject107_client0,9505,1,sitting,512.4
1.0,alpha1p0,107,0,subject107_client0,9506,1,sitting,513.68
1.0,alpha1p0,107,2,subject107_client2,9507,2,standing,517.53
1.0,alpha1p0,107,2,subject107_client2,9508,2,standing,518.81
1.0,alpha1p0,107,2,subject107_client2,9509,2,standing,520.09
1.0,alpha1p0,107,2,subject107_client2,9510,2,standing,521.37
1.0,alpha1p0,107,2,subject107_client2,9511,2,standing,522.65
1.0,alpha1p0,107,2,subject107_client2,9512,2,standing,523.93
1.0,alpha1p0,107,2,subject107_client2,9513,2,standing,525.21
1.0,alpha1p0,107,2,subject107_client2,9514,2,standing,526.49
1.0,alpha1p0,107,2,subject107_client2,9515,2,standing,527.77
1.0,alpha1p0,107,2,subject107_client2,9516,2,standing,529.05
1.0,alpha1p0,107,2,subject107_client2,9517,2,standing,530.33
1.0,alpha1p0,107,2,subject107_client2,9518,2,standing,531.61
1.0,alpha1p0,107,2,subject107_client2,9519,2,standing,532.89
1.0,alpha1p0,107,2,subject107_client2,9520,2,standing,534.17
1.0,alpha1p0,107,2,subject107_client2,9521,2,standing,535.45
1.0,alpha1p0,107,2,subject107_client2,9522,2,standing,536.73
1.0,alpha1p0,107,2,subject107_client2,9523,2,standing,538.01
1.0,alpha1p0,107,2,subject107_client2,9524,2,standing,539.29
1.0,alpha1p0,107,2,subject107_client2,9525,2,standing,540.57
1.0,alpha1p0,107,2,subject107_client2,9526,2,standing,541.85
1.0,alpha1p0,107,2,subject107_client2,9527,2,standing,543.13
1.0,alpha1p0,107,2,subject107_client2,9528,2,standing,544.41
1.0,alpha1p0,107,2,subject107_client2,9529,2,standing,545.69
1.0,alpha1p0,107,2,subject107_client2,9530,2,standing,546.97
1.0,alpha1p0,107,2,subject107_client2,9531,2,standing,548.25
1.0,alpha1p0,107,2,subject107_client2,9532,2,standing,549.53
1.0,alpha1p0,107,2,subject107_client2,9533,2,standing,550.81
1.0,alpha1p0,107,2,subject107_client2,9534,2,standing,552.09
1.0,alpha1p0,107,2,subject107_client2,9535,2,standing,553.37
1.0,alpha1p0,107,2,subject107_client2,9536,2,standing,554.65
1.0,alpha1p0,107,2,subject107_client2,9537,2,standing,555.93
1.0,alpha1p0,107,2,subject107_client2,9538,2,standing,557.21
1.0,alpha1p0,107,2,subject107_client2,9539,2,standing,558.49
1.0,alpha1p0,107,2,subject107_client2,9540,2,standing,559.77
1.0,alpha1p0,107,2,subject107_client2,9541,2,standing,561.05
1.0,alpha1p0,107,2,subject107_client2,9542,2,standing,562.33
1.0,alpha1p0,107,2,subject107_client2,9543,2,standing,563.61
1.0,alpha1p0,107,2,subject107_client2,9544,2,standing,564.89
1.0,alpha1p0,107,2,subject107_client2,9545,2,standing,566.17
1.0,alpha1p0,107,2,subject107_client2,9546,2,standing,567.45
1.0,alpha1p0,107,2,subject107_client2,9547,2,standing,568.73
1.0,alpha1p0,107,2,subject107_client2,9548,2,standing,570.01
1.0,alpha1p0,107,2,subject107_client2,9549,2,standing,571.29
1.0,alpha1p0,107,2,subject107_client2,9550,2,standing,572.57
1.0,alpha1p0,107,2,subject107_client2,9551,2,standing,573.85
1.0,alpha1p0,107,2,subject107_client2,9552,2,standing,575.13
1.0,alpha1p0,107,2,subject107_client2,9553,2,standing,576.41
1.0,alpha1p0,107,2,subject107_client2,9554,2,standing,577.69
1.0,alpha1p0,107,2,subject107_client2,9555,2,standing,578.97
1.0,alpha1p0,107,2,subject107_client2,9556,2,standing,580.25
1.0,alpha1p0,107,2,subject107_client2,9557,2,standing,581.53
1.0,alpha1p0,107,2,subject107_client2,9558,2,standing,582.81
1.0,alpha1p0,107,2,subject107_client2,9559,2,standing,584.09
1.0,alpha1p0,107,2,subject107_client2,9560,2,standing,585.37
1.0,alpha1p0,107,2,subject107_client2,9561,2,standing,586.65
1.0,alpha1p0,107,2,subject107_client2,9562,2,standing,587.93
1.0,alpha1p0,107,2,subject107_client2,9563,2,standing,589.21
1.0,alpha1p0,107,2,subject107_client2,9564,2,standing,590.49
1.0,alpha1p0,107,2,subject107_client2,9565,2,standing,591.77
1.0,alpha1p0,107,2,subject107_client2,9566,2,standing,593.05
1.0,alpha1p0,107,2,subject107_client2,9567,2,standing,594.33
1.0,alpha1p0,107,2,subject107_client2,9568,2,standing,595.61
1.0,alpha1p0,107,2,subject107_client2,9569,2,standing,596.89
1.0,alpha1p0,107,2,subject107_client2,9570,2,standing,598.17
1.0,alpha1p0,107,2,subject107_client2,9571,2,standing,599.45
1.0,alpha1p0,107,2,subject107_client2,9572,2,standing,600.73
1.0,alpha1p0,107,2,subject107_client2,9573,2,standing,602.01
1.0,alpha1p0,107,2,subject107_client2,9574,2,standing,603.29
1.0,alpha1p0,107,2,subject107_client2,9575,2,standing,604.57
1.0,alpha1p0,107,2,subject107_client2,9576,2,standing,605.85
1.0,alpha1p0,107,2,subject107_client2,9577,2,standing,607.13
1.0,alpha1p0,107,2,subject107_client2,9578,2,standing,608.41
1.0,alpha1p0,107,2,subject107_client2,9579,2,standing,609.69
1.0,alpha1p0,107,2,subject107_client2,9580,2,standing,610.97
1.0,alpha1p0,107,2,subject107_client2,9581,2,standing,612.25
1.0,alpha1p0,107,2,subject107_client2,9582,2,standing,613.53
1.0,alpha1p0,107,2,subject107_client2,9583,2,standing,614.81
1.0,alpha1p0,107,2,subject107_client2,9584,2,standing,616.09
1.0,alpha1p0,107,2,subject107_client2,9585,2,standing,617.37
1.0,alpha1p0,107,2,subject107_client2,9586,2,standing,618.65
1.0,alpha1p0,107,2,subject107_client2,9587,2,standing,619.93
1.0,alpha1p0,107,2,subject107_client2,9588,2,standing,621.21
1.0,alpha1p0,107,2,subject107_client2,9589,2,standing,622.49
1.0,alpha1p0,107,2,subject107_client2,9590,2,standing,623.77
1.0,alpha1p0,107,2,subject107_client2,9591,2,standing,625.05
1.0,alpha1p0,107,2,subject107_client2,9592,2,standing,626.33
1.0,alpha1p0,107,2,subject107_client2,9593,2,standing,627.61
1.0,alpha1p0,107,2,subject107_client2,9594,2,standing,628.89
1.0,alpha1p0,107,2,subject107_client2,9595,2,standing,630.17
1.0,alpha1p0,107,2,subject107_client2,9596,2,standing,631.45
1.0,alpha1p0,107,2,subject107_client2,9597,2,standing,632.73
1.0,alpha1p0,107,2,subject107_client2,9598,2,standing,634.01
1.0,alpha1p0,107,2,subject107_client2,9599,2,standing,635.29
1.0,alpha1p0,107,2,subject107_client2,9600,2,standing,636.57
1.0,alpha1p0,107,2,subject107_client2,9601,2,standing,637.85
1.0,alpha1p0,107,2,subject107_client2,9602,2,standing,639.13
1.0,alpha1p0,107,2,subject107_client2,9603,2,standing,640.41
1.0,alpha1p0,107,2,subject107_client2,9604,2,standing,641.69
1.0,alpha1p0,107,2,subject107_client2,9605,2,standing,642.97
1.0,alpha1p0,107,2,subject107_client2,9606,2,standing,644.25
1.0,alpha1p0,107,2,subject107_client2,9607,2,standing,645.53
1.0,alpha1p0,107,2,subject107_client2,9608,2,standing,646.81
1.0,alpha1p0,107,2,subject107_client2,9609,2,standing,648.09
1.0,alpha1p0,107,2,subject107_client2,9610,2,standing,649.37
1.0,alpha1p0,107,2,subject107_client2,9611,2,standing,650.65
1.0,alpha1p0,107,2,subject107_client2,9612,2,standing,651.93
1.0,alpha1p0,107,2,subject107_client2,9613,2,standing,653.21
1.0,alpha1p0,107,2,subject107_client2,9614,2,standing,654.49
1.0,alpha1p0,107,2,subject107_client2,9615,2,standing,655.77
1.0,alpha1p0,107,2,subject107_client2,9616,2,standing,657.05
1.0,alpha1p0,107,2,subject107_client2,9617,2,standing,658.33
1.0,alpha1p0,107,2,subject107_client2,9618,2,standing,659.61
1.0,alpha1p0,107,2,subject107_client2,9619,2,standing,660.89
1.0,alpha1p0,107,2,subject107_client2,9620,2,standing,662.17
1.0,alpha1p0,107,2,subject107_client2,9621,2,standing,663.45
1.0,alpha1p0,107,2,subject107_client2,9622,2,standing,664.73
1.0,alpha1p0,107,2,subject107_client2,9623,2,standing,666.01
1.0,alpha1p0,107,2,subject107_client2,9624,2,standing,667.29
1.0,alpha1p0,107,2,subject107_client2,9625,2,standing,668.57
1.0,alpha1p0,107,2,subject107_client2,9626,2,standing,669.85
1.0,alpha1p0,107,2,subject107_client2,9627,2,standing,671.13
1.0,alpha1p0,107,2,subject107_client2,9628,2,standing,672.41
1.0,alpha1p0,107,2,subject107_client2,9629,2,standing,673.69
1.0,alpha1p0,107,2,subject107_client2,9630,2,standing,674.97
1.0,alpha1p0,107,2,subject107_client2,9631,2,standing,676.25
1.0,alpha1p0,107,3,subject107_client3,9633,2,standing,678.81
1.0,alpha1p0,107,3,subject107_client3,9634,2,standing,680.09
1.0,alpha1p0,107,3,subject107_client3,9635,2,standing,681.37
1.0,alpha1p0,107,3,subject107_client3,9636,2,standing,682.65
1.0,alpha1p0,107,3,subject107_client3,9637,2,standing,683.93
1.0,alpha1p0,107,3,subject107_client3,9638,2,standing,685.21
1.0,alpha1p0,107,3,subject107_client3,9639,2,standing,686.49
1.0,alpha1p0,107,3,subject107_client3,9640,2,standing,687.77
1.0,alpha1p0,107,3,subject107_client3,9641,2,standing,689.05
1.0,alpha1p0,107,3,subject107_client3,9642,2,standing,690.33
1.0,alpha1p0,107,3,subject107_client3,9643,2,standing,691.61
1.0,alpha1p0,107,3,subject107_client3,9644,2,standing,692.89
1.0,alpha1p0,107,1,subject107_client1,9646,2,standing,695.45
1.0,alpha1p0,107,1,subject107_client1,9647,2,standing,696.73
1.0,alpha1p0,107,1,subject107_client1,9648,2,standing,698.01
1.0,alpha1p0,107,1,subject107_client1,9649,2,standing,699.29
1.0,alpha1p0,107,1,subject107_client1,9650,2,standing,700.57
1.0,alpha1p0,107,1,subject107_client1,9651,2,standing,701.85
1.0,alpha1p0,107,1,subject107_client1,9652,2,standing,703.13
1.0,alpha1p0,107,1,subject107_client1,9653,2,standing,704.41
1.0,alpha1p0,107,1,subject107_client1,9654,2,standing,705.69
1.0,alpha1p0,107,1,subject107_client1,9655,2,standing,706.97
1.0,alpha1p0,107,1,subject107_client1,9656,2,standing,708.25
1.0,alpha1p0,107,1,subject107_client1,9657,2,standing,709.53
1.0,alpha1p0,107,1,subject107_client1,9658,2,standing,710.81
1.0,alpha1p0,107,1,subject107_client1,9659,2,standing,712.09
1.0,alpha1p0,107,1,subject107_client1,9660,2,standing,713.37
1.0,alpha1p0,107,1,subject107_client1,9661,2,standing,714.65
1.0,alpha1p0,107,1,subject107_client1,9662,2,standing,715.93
1.0,alpha1p0,107,1,subject107_client1,9663,2,standing,717.21
1.0,alpha1p0,107,1,subject107_client1,9664,2,standing,718.49
1.0,alpha1p0,107,1,subject107_client1,9665,2,standing,719.77
1.0,alpha1p0,107,1,subject107_client1,9666,2,standing,721.05
1.0,alpha1p0,107,1,subject107_client1,9667,2,standing,722.33
1.0,alpha1p0,107,0,subject107_client0,9669,2,standing,724.89
1.0,alpha1p0,107,0,subject107_client0,9670,2,standing,726.17
1.0,alpha1p0,107,0,subject107_client0,9671,2,standing,727.45
1.0,alpha1p0,107,0,subject107_client0,9672,2,standing,728.73
1.0,alpha1p0,107,0,subject107_client0,9673,2,standing,730.01
1.0,alpha1p0,107,0,subject107_client0,9674,2,standing,731.29
1.0,alpha1p0,107,0,subject107_client0,9675,2,standing,732.57
1.0,alpha1p0,107,0,subject107_client0,9676,2,standing,733.85
1.0,alpha1p0,107,0,subject107_client0,9677,2,standing,735.13
1.0,alpha1p0,107,0,subject107_client0,9678,2,standing,736.41
1.0,alpha1p0,107,0,subject107_client0,9679,2,standing,737.69
1.0,alpha1p0,107,0,subject107_client0,9680,2,standing,738.97
1.0,alpha1p0,107,0,subject107_client0,9681,2,standing,740.25
1.0,alpha1p0,107,0,subject107_client0,9682,2,standing,741.53
1.0,alpha1p0,107,0,subject107_client0,9683,2,standing,742.81
1.0,alpha1p0,107,0,subject107_client0,9684,2,standing,744.09
1.0,alpha1p0,107,0,subject107_client0,9685,2,standing,745.37
1.0,alpha1p0,107,0,subject107_client0,9686,2,standing,746.65
1.0,alpha1p0,107,0,subject107_client0,9687,2,standing,747.93
1.0,alpha1p0,107,0,subject107_client0,9688,2,standing,749.21
1.0,alpha1p0,107,0,subject107_client0,9689,2,standing,750.49
1.0,alpha1p0,107,0,subject107_client0,9690,2,standing,751.77
1.0,alpha1p0,107,0,subject107_client0,9691,2,standing,753.05
1.0,alpha1p0,107,0,subject107_client0,9692,2,standing,754.33
1.0,alpha1p0,107,0,subject107_client0,9693,2,standing,755.61
1.0,alpha1p0,107,0,subject107_client0,9694,2,standing,756.89
1.0,alpha1p0,107,0,subject107_client0,9695,2,standing,758.17
1.0,alpha1p0,107,0,subject107_client0,9696,2,standing,759.45
1.0,alpha1p0,107,0,subject107_client0,9697,2,standing,760.73
1.0,alpha1p0,107,0,subject107_client0,9698,2,standing,762.01
1.0,alpha1p0,107,0,subject107_client0,9699,2,standing,763.29
1.0,alpha1p0,107,0,subject107_client0,9700,2,standing,764.57
1.0,alpha1p0,107,0,subject107_client0,9701,2,standing,765.85
1.0,alpha1p0,107,0,subject107_client0,9702,2,standing,767.13
1.0,alpha1p0,107,0,subject107_client0,9703,2,standing,768.41
1.0,alpha1p0,107,0,subject107_client0,9704,2,standing,769.69
1.0,alpha1p0,107,0,subject107_client0,9705,2,standing,770.97
1.0,alpha1p0,107,0,subject107_client0,9706,2,standing,772.25
1.0,alpha1p0,107,0,subject107_client0,9707,10,ironing,775.04
1.0,alpha1p0,107,0,subject107_client0,9708,10,ironing,776.32
1.0,alpha1p0,107,0,subject107_client0,9709,10,ironing,777.6
1.0,alpha1p0,107,0,subject107_client0,9710,10,ironing,778.88
1.0,alpha1p0,107,0,subject107_client0,9711,10,ironing,780.16
1.0,alpha1p0,107,0,subject107_client0,9712,10,ironing,781.44
1.0,alpha1p0,107,0,subject107_client0,9713,10,ironing,782.72
1.0,alpha1p0,107,0,subject107_client0,9714,10,ironing,784.0
1.0,alpha1p0,107,0,subject107_client0,9715,10,ironing,785.28
1.0,alpha1p0,107,0,subject107_client0,9716,10,ironing,786.56
1.0,alpha1p0,107,0,subject107_client0,9717,10,ironing,787.84
1.0,alpha1p0,107,0,subject107_client0,9718,10,ironing,789.12
1.0,alpha1p0,107,0,subject107_client0,9719,10,ironing,790.4
1.0,alpha1p0,107,0,subject107_client0,9720,10,ironing,791.68
1.0,alpha1p0,107,0,subject107_client0,9721,10,ironing,792.96
1.0,alpha1p0,107,0,subject107_client0,9722,10,ironing,794.24
1.0,alpha1p0,107,0,subject107_client0,9723,10,ironing,795.52
1.0,alpha1p0,107,0,subject107_client0,9724,10,ironing,796.8
1.0,alpha1p0,107,0,subject107_client0,9725,10,ironing,798.08
1.0,alpha1p0,107,0,subject107_client0,9726,10,ironing,799.36
1.0,alpha1p0,107,0,subject107_client0,9727,10,ironing,800.64
1.0,alpha1p0,107,0,subject107_client0,9728,10,ironing,801.92
1.0,alpha1p0,107,0,subject107_client0,9729,10,ironing,803.2
1.0,alpha1p0,107,0,subject107_client0,9730,10,ironing,804.48
1.0,alpha1p0,107,0,subject107_client0,9731,10,ironing,805.76
1.0,alpha1p0,107,0,subject107_client0,9732,10,ironing,807.04
1.0,alpha1p0,107,0,subject107_client0,9733,10,ironing,808.32
1.0,alpha1p0,107,0,subject107_client0,9734,10,ironing,809.6
1.0,alpha1p0,107,0,subject107_client0,9735,10,ironing,810.88
1.0,alpha1p0,107,0,subject107_client0,9736,10,ironing,812.16
1.0,alpha1p0,107,0,subject107_client0,9737,10,ironing,813.44
1.0,alpha1p0,107,0,subject107_client0,9738,10,ironing,814.72
1.0,alpha1p0,107,0,subject107_client0,9739,10,ironing,816.0
1.0,alpha1p0,107,0,subject107_client0,9740,10,ironing,817.28
1.0,alpha1p0,107,0,subject107_client0,9741,10,ironing,818.56
1.0,alpha1p0,107,0,subject107_client0,9742,10,ironing,819.84
1.0,alpha1p0,107,0,subject107_client0,9743,10,ironing,821.12
1.0,alpha1p0,107,0,subject107_client0,9744,10,ironing,822.4
1.0,alpha1p0,107,0,subject107_client0,9745,10,ironing,823.68
1.0,alpha1p0,107,0,subject107_client0,9746,10,ironing,824.96
1.0,alpha1p0,107,0,subject107_client0,9747,10,ironing,826.24
1.0,alpha1p0,107,0,subject107_client0,9748,10,ironing,827.52
1.0,alpha1p0,107,0,subject107_client0,9749,10,ironing,828.8
1.0,alpha1p0,107,0,subject107_client0,9750,10,ironing,830.08
1.0,alpha1p0,107,0,subject107_client0,9751,10,ironing,831.36
1.0,alpha1p0,107,0,subject107_client0,9752,10,ironing,832.64
1.0,alpha1p0,107,0,subject107_client0,9753,10,ironing,833.92
1.0,alpha1p0,107,1,subject107_client1,9755,10,ironing,836.48
1.0,alpha1p0,107,1,subject107_client1,9756,10,ironing,837.76
1.0,alpha1p0,107,1,subject107_client1,9757,10,ironing,839.04
1.0,alpha1p0,107,1,subject107_client1,9758,10,ironing,840.32
1.0,alpha1p0,107,1,subject107_client1,9759,10,ironing,841.6
1.0,alpha1p0,107,1,subject107_client1,9760,10,ironing,842.88
1.0,alpha1p0,107,1,subject107_client1,9761,10,ironing,844.16
1.0,alpha1p0,107,1,subject107_client1,9762,10,ironing,845.44
1.0,alpha1p0,107,1,subject107_client1,9763,10,ironing,846.72
1.0,alpha1p0,107,1,subject107_client1,9764,10,ironing,848.0
1.0,alpha1p0,107,1,subject107_client1,9765,10,ironing,849.28
1.0,alpha1p0,107,1,subject107_client1,9766,10,ironing,850.56
1.0,alpha1p0,107,1,subject107_client1,9767,10,ironing,851.84
1.0,alpha1p0,107,1,subject107_client1,9768,10,ironing,853.12
1.0,alpha1p0,107,1,subject107_client1,9769,10,ironing,854.4
1.0,alpha1p0,107,1,subject107_client1,9770,10,ironing,855.68
1.0,alpha1p0,107,1,subject107_client1,9771,10,ironing,856.96
1.0,alpha1p0,107,1,subject107_client1,9772,10,ironing,858.24
1.0,alpha1p0,107,1,subject107_client1,9773,10,ironing,859.52
1.0,alpha1p0,107,1,subject107_client1,9774,10,ironing,860.8
1.0,alpha1p0,107,1,subject107_client1,9775,10,ironing,862.08
1.0,alpha1p0,107,1,subject107_client1,9776,10,ironing,863.36
1.0,alpha1p0,107,1,subject107_client1,9777,10,ironing,864.64
1.0,alpha1p0,107,1,subject107_client1,9778,10,ironing,865.92
1.0,alpha1p0,107,1,subject107_client1,9779,10,ironing,867.2
1.0,alpha1p0,107,1,subject107_client1,9780,10,ironing,868.48
1.0,alpha1p0,107,1,subject107_client1,9781,10,ironing,869.76
1.0,alpha1p0,107,1,subject107_client1,9782,10,ironing,871.04
1.0,alpha1p0,107,1,subject107_client1,9783,10,ironing,872.32
1.0,alpha1p0,107,1,subject107_client1,9784,10,ironing,873.6
1.0,alpha1p0,107,1,subject107_client1,9785,10,ironing,874.88
1.0,alpha1p0,107,1,subject107_client1,9786,10,ironing,876.16
1.0,alpha1p0,107,1,subject107_client1,9787,10,ironing,877.44
1.0,alpha1p0,107,1,subject107_client1,9788,10,ironing,878.72
1.0,alpha1p0,107,1,subject107_client1,9789,10,ironing,880.0
1.0,alpha1p0,107,1,subject107_client1,9790,10,ironing,881.28
1.0,alpha1p0,107,1,subject107_client1,9791,10,ironing,882.56
1.0,alpha1p0,107,1,subject107_client1,9792,10,ironing,883.84
1.0,alpha1p0,107,1,subject107_client1,9793,10,ironing,885.12
1.0,alpha1p0,107,1,subject107_client1,9794,10,ironing,886.4
1.0,alpha1p0,107,1,subject107_client1,9795,10,ironing,887.68
1.0,alpha1p0,107,1,subject107_client1,9796,10,ironing,888.96
1.0,alpha1p0,107,1,subject107_client1,9797,10,ironing,890.24
1.0,alpha1p0,107,1,subject107_client1,9798,10,ironing,891.52
1.0,alpha1p0,107,1,subject107_client1,9799,10,ironing,892.8
1.0,alpha1p0,107,1,subject107_client1,9800,10,ironing,894.08
1.0,alpha1p0,107,1,subject107_client1,9801,10,ironing,895.36
1.0,alpha1p0,107,1,subject107_client1,9802,10,ironing,896.64
1.0,alpha1p0,107,1,subject107_client1,9803,10,ironing,897.92
1.0,alpha1p0,107,1,subject107_client1,9804,10,ironing,899.2
1.0,alpha1p0,107,1,subject107_client1,9805,10,ironing,900.48
1.0,alpha1p0,107,1,subject107_client1,9806,10,ironing,901.76
1.0,alpha1p0,107,1,subject107_client1,9807,10,ironing,903.04
1.0,alpha1p0,107,1,subject107_client1,9808,10,ironing,904.32
1.0,alpha1p0,107,1,subject107_client1,9809,10,ironing,905.6
1.0,alpha1p0,107,1,subject107_client1,9810,10,ironing,906.88
1.0,alpha1p0,107,1,subject107_client1,9811,10,ironing,908.16
1.0,alpha1p0,107,1,subject107_client1,9812,10,ironing,909.44
1.0,alpha1p0,107,1,subject107_client1,9813,10,ironing,910.72
1.0,alpha1p0,107,1,subject107_client1,9814,10,ironing,912.0
1.0,alpha1p0,107,1,subject107_client1,9815,10,ironing,913.28
1.0,alpha1p0,107,1,subject107_client1,9816,10,ironing,914.56
1.0,alpha1p0,107,1,subject107_client1,9817,10,ironing,915.84
1.0,alpha1p0,107,1,subject107_client1,9818,10,ironing,917.12
1.0,alpha1p0,107,1,subject107_client1,9819,10,ironing,918.4
1.0,alpha1p0,107,1,subject107_client1,9820,10,ironing,919.68
1.0,alpha1p0,107,1,subject107_client1,9821,10,ironing,920.96
1.0,alpha1p0,107,1,subject107_client1,9822,10,ironing,922.24
1.0,alpha1p0,107,1,subject107_client1,9823,10,ironing,923.52
1.0,alpha1p0,107,1,subject107_client1,9824,10,ironing,924.8
1.0,alpha1p0,107,1,subject107_client1,9825,10,ironing,926.08
1.0,alpha1p0,107,1,subject107_client1,9826,10,ironing,927.36
1.0,alpha1p0,107,1,subject107_client1,9827,10,ironing,928.64
1.0,alpha1p0,107,1,subject107_client1,9828,10,ironing,929.92
1.0,alpha1p0,107,1,subject107_client1,9829,10,ironing,931.2
1.0,alpha1p0,107,1,subject107_client1,9830,10,ironing,932.48
1.0,alpha1p0,107,1,subject107_client1,9831,10,ironing,933.76
1.0,alpha1p0,107,1,subject107_client1,9832,10,ironing,935.04
1.0,alpha1p0,107,1,subject107_client1,9833,10,ironing,936.32
1.0,alpha1p0,107,1,subject107_client1,9834,10,ironing,937.6
1.0,alpha1p0,107,1,subject107_client1,9835,10,ironing,938.88
1.0,alpha1p0,107,1,subject107_client1,9836,10,ironing,940.16
1.0,alpha1p0,107,1,subject107_client1,9837,10,ironing,941.44
1.0,alpha1p0,107,1,subject107_client1,9838,10,ironing,942.72
1.0,alpha1p0,107,1,subject107_client1,9839,10,ironing,944.0
1.0,alpha1p0,107,1,subject107_client1,9840,10,ironing,945.28
1.0,alpha1p0,107,1,subject107_client1,9841,10,ironing,946.56
1.0,alpha1p0,107,1,subject107_client1,9842,10,ironing,947.84
1.0,alpha1p0,107,1,subject107_client1,9843,10,ironing,949.12
1.0,alpha1p0,107,1,subject107_client1,9844,10,ironing,950.4
1.0,alpha1p0,107,1,subject107_client1,9845,10,ironing,951.68
1.0,alpha1p0,107,1,subject107_client1,9846,10,ironing,952.96
1.0,alpha1p0,107,1,subject107_client1,9847,10,ironing,954.24
1.0,alpha1p0,107,3,subject107_client3,9849,10,ironing,956.8
1.0,alpha1p0,107,3,subject107_client3,9850,10,ironing,958.08
1.0,alpha1p0,107,3,subject107_client3,9851,10,ironing,959.36
1.0,alpha1p0,107,3,subject107_client3,9852,10,ironing,960.64
1.0,alpha1p0,107,3,subject107_client3,9853,10,ironing,961.92
1.0,alpha1p0,107,3,subject107_client3,9854,10,ironing,963.2
1.0,alpha1p0,107,3,subject107_client3,9855,10,ironing,964.48
1.0,alpha1p0,107,3,subject107_client3,9856,10,ironing,965.76
1.0,alpha1p0,107,3,subject107_client3,9857,10,ironing,967.04
1.0,alpha1p0,107,3,subject107_client3,9858,10,ironing,968.32
1.0,alpha1p0,107,3,subject107_client3,9859,10,ironing,969.6
1.0,alpha1p0,107,3,subject107_client3,9860,10,ironing,970.88
1.0,alpha1p0,107,3,subject107_client3,9861,10,ironing,972.16
1.0,alpha1p0,107,3,subject107_client3,9862,10,ironing,973.44
1.0,alpha1p0,107,3,subject107_client3,9863,10,ironing,974.72
1.0,alpha1p0,107,3,subject107_client3,9864,10,ironing,976.0
1.0,alpha1p0,107,3,subject107_client3,9865,10,ironing,977.28
1.0,alpha1p0,107,3,subject107_client3,9866,10,ironing,978.56
1.0,alpha1p0,107,3,subject107_client3,9867,10,ironing,979.84
1.0,alpha1p0,107,3,subject107_client3,9868,10,ironing,981.12
1.0,alpha1p0,107,3,subject107_client3,9869,10,ironing,982.4
1.0,alpha1p0,107,3,subject107_client3,9870,10,ironing,983.68
1.0,alpha1p0,107,3,subject107_client3,9871,10,ironing,984.96
1.0,alpha1p0,107,3,subject107_client3,9872,10,ironing,986.24
1.0,alpha1p0,107,3,subject107_client3,9873,10,ironing,987.52
1.0,alpha1p0,107,3,subject107_client3,9874,10,ironing,988.8
1.0,alpha1p0,107,3,subject107_client3,9875,10,ironing,990.08
1.0,alpha1p0,107,3,subject107_client3,9876,10,ironing,991.36
1.0,alpha1p0,107,3,subject107_client3,9877,10,ironing,992.64
1.0,alpha1p0,107,3,subject107_client3,9878,10,ironing,993.92
1.0,alpha1p0,107,3,subject107_client3,9879,10,ironing,995.2
1.0,alpha1p0,107,3,subject107_client3,9880,10,ironing,996.48
1.0,alpha1p0,107,3,subject107_client3,9881,10,ironing,997.76
1.0,alpha1p0,107,3,subject107_client3,9882,10,ironing,999.04
1.0,alpha1p0,107,3,subject107_client3,9883,10,ironing,1000.32
1.0,alpha1p0,107,3,subject107_client3,9884,10,ironing,1001.6
1.0,alpha1p0,107,3,subject107_client3,9885,10,ironing,1002.88
1.0,alpha1p0,107,3,subject107_client3,9886,10,ironing,1004.16
1.0,alpha1p0,107,3,subject107_client3,9887,10,ironing,1005.44
1.0,alpha1p0,107,3,subject107_client3,9888,10,ironing,1006.72
1.0,alpha1p0,107,3,subject107_client3,9889,10,ironing,1008.0
1.0,alpha1p0,107,3,subject107_client3,9890,10,ironing,1009.28
1.0,alpha1p0,107,3,subject107_client3,9891,10,ironing,1010.56
1.0,alpha1p0,107,3,subject107_client3,9892,10,ironing,1011.84
1.0,alpha1p0,107,3,subject107_client3,9893,10,ironing,1013.12
1.0,alpha1p0,107,3,subject107_client3,9894,10,ironing,1014.4
1.0,alpha1p0,107,3,subject107_client3,9895,10,ironing,1015.68
1.0,alpha1p0,107,2,subject107_client2,9897,10,ironing,1018.24
1.0,alpha1p0,107,2,subject107_client2,9898,10,ironing,1019.52
1.0,alpha1p0,107,2,subject107_client2,9899,10,ironing,1020.8
1.0,alpha1p0,107,2,subject107_client2,9900,10,ironing,1022.08
1.0,alpha1p0,107,2,subject107_client2,9901,10,ironing,1023.36
1.0,alpha1p0,107,2,subject107_client2,9902,10,ironing,1024.64
1.0,alpha1p0,107,2,subject107_client2,9903,10,ironing,1025.92
1.0,alpha1p0,107,2,subject107_client2,9904,10,ironing,1027.2
1.0,alpha1p0,107,2,subject107_client2,9905,10,ironing,1028.48
1.0,alpha1p0,107,2,subject107_client2,9906,10,ironing,1029.76
1.0,alpha1p0,107,2,subject107_client2,9907,10,ironing,1031.04
1.0,alpha1p0,107,2,subject107_client2,9908,10,ironing,1032.32
1.0,alpha1p0,107,2,subject107_client2,9909,10,ironing,1033.6
1.0,alpha1p0,107,2,subject107_client2,9910,10,ironing,1034.88
1.0,alpha1p0,107,2,subject107_client2,9911,10,ironing,1036.16
1.0,alpha1p0,107,2,subject107_client2,9912,10,ironing,1037.44
1.0,alpha1p0,107,2,subject107_client2,9913,10,ironing,1038.72
1.0,alpha1p0,107,2,subject107_client2,9914,10,ironing,1040.0
1.0,alpha1p0,107,2,subject107_client2,9915,10,ironing,1041.28
1.0,alpha1p0,107,2,subject107_client2,9916,10,ironing,1042.56
1.0,alpha1p0,107,2,subject107_client2,9917,10,ironing,1043.84
1.0,alpha1p0,107,2,subject107_client2,9918,10,ironing,1045.12
1.0,alpha1p0,107,2,subject107_client2,9919,10,ironing,1046.4
1.0,alpha1p0,107,2,subject107_client2,9920,10,ironing,1047.68
1.0,alpha1p0,107,2,subject107_client2,9921,10,ironing,1048.96
1.0,alpha1p0,107,2,subject107_client2,9922,10,ironing,1050.24
1.0,alpha1p0,107,2,subject107_client2,9923,10,ironing,1051.52
1.0,alpha1p0,107,2,subject107_client2,9924,10,ironing,1052.8
1.0,alpha1p0,107,2,subject107_client2,9925,10,ironing,1054.08
1.0,alpha1p0,107,2,subject107_client2,9926,10,ironing,1055.36
1.0,alpha1p0,107,2,subject107_client2,9927,10,ironing,1056.64
1.0,alpha1p0,107,2,subject107_client2,9928,10,ironing,1057.92
1.0,alpha1p0,107,2,subject107_client2,9929,10,ironing,1059.2
1.0,alpha1p0,107,2,subject107_client2,9930,10,ironing,1060.48
1.0,alpha1p0,107,2,subject107_client2,9931,10,ironing,1061.76
1.0,alpha1p0,107,2,subject107_client2,9932,10,ironing,1063.04
1.0,alpha1p0,107,2,subject107_client2,9933,10,ironing,1064.32
1.0,alpha1p0,107,2,subject107_client2,9934,10,ironing,1065.6
1.0,alpha1p0,107,2,subject107_client2,9935,10,ironing,1066.88
1.0,alpha1p0,107,2,subject107_client2,9936,9,vacuum cleaning,1142.35
1.0,alpha1p0,107,2,subject107_client2,9937,9,vacuum cleaning,1143.63
1.0,alpha1p0,107,2,subject107_client2,9938,9,vacuum cleaning,1144.91
1.0,alpha1p0,107,2,subject107_client2,9939,9,vacuum cleaning,1146.19
1.0,alpha1p0,107,2,subject107_client2,9940,9,vacuum cleaning,1147.47
1.0,alpha1p0,107,2,subject107_client2,9941,9,vacuum cleaning,1148.75
1.0,alpha1p0,107,2,subject107_client2,9942,9,vacuum cleaning,1150.03
1.0,alpha1p0,107,2,subject107_client2,9943,9,vacuum cleaning,1151.31
1.0,alpha1p0,107,2,subject107_client2,9944,9,vacuum cleaning,1152.59
1.0,alpha1p0,107,2,subject107_client2,9945,9,vacuum cleaning,1153.87
1.0,alpha1p0,107,2,subject107_client2,9946,9,vacuum cleaning,1155.15
1.0,alpha1p0,107,2,subject107_client2,9947,9,vacuum cleaning,1156.43
1.0,alpha1p0,107,2,subject107_client2,9948,9,vacuum cleaning,1157.71
1.0,alpha1p0,107,2,subject107_client2,9949,9,vacuum cleaning,1158.99
1.0,alpha1p0,107,2,subject107_client2,9950,9,vacuum cleaning,1160.27
1.0,alpha1p0,107,2,subject107_client2,9951,9,vacuum cleaning,1161.55
1.0,alpha1p0,107,2,subject107_client2,9952,9,vacuum cleaning,1162.83
1.0,alpha1p0,107,2,subject107_client2,9953,9,vacuum cleaning,1164.11
1.0,alpha1p0,107,2,subject107_client2,9954,9,vacuum cleaning,1165.39
1.0,alpha1p0,107,2,subject107_client2,9955,9,vacuum cleaning,1166.67
1.0,alpha1p0,107,2,subject107_client2,9956,9,vacuum cleaning,1167.95
1.0,alpha1p0,107,2,subject107_client2,9957,9,vacuum cleaning,1169.23
1.0,alpha1p0,107,2,subject107_client2,9958,9,vacuum cleaning,1170.51
1.0,alpha1p0,107,2,subject107_client2,9959,9,vacuum cleaning,1171.79
1.0,alpha1p0,107,2,subject107_client2,9960,9,vacuum cleaning,1173.07
1.0,alpha1p0,107,2,subject107_client2,9961,9,vacuum cleaning,1174.35
1.0,alpha1p0,107,2,subject107_client2,9962,9,vacuum cleaning,1175.63
1.0,alpha1p0,107,2,subject107_client2,9963,9,vacuum cleaning,1176.91
1.0,alpha1p0,107,2,subject107_client2,9964,9,vacuum cleaning,1178.19
1.0,alpha1p0,107,2,subject107_client2,9965,9,vacuum cleaning,1179.47
1.0,alpha1p0,107,2,subject107_client2,9966,9,vacuum cleaning,1180.75
1.0,alpha1p0,107,2,subject107_client2,9967,9,vacuum cleaning,1182.03
1.0,alpha1p0,107,2,subject107_client2,9968,9,vacuum cleaning,1183.31
1.0,alpha1p0,107,2,subject107_client2,9969,9,vacuum cleaning,1184.59
1.0,alpha1p0,107,2,subject107_client2,9970,9,vacuum cleaning,1185.87
1.0,alpha1p0,107,2,subject107_client2,9971,9,vacuum cleaning,1187.15
1.0,alpha1p0,107,2,subject107_client2,9972,9,vacuum cleaning,1188.43
1.0,alpha1p0,107,2,subject107_client2,9973,9,vacuum cleaning,1189.71
1.0,alpha1p0,107,2,subject107_client2,9974,9,vacuum cleaning,1190.99
1.0,alpha1p0,107,2,subject107_client2,9975,9,vacuum cleaning,1192.27
1.0,alpha1p0,107,2,subject107_client2,9976,9,vacuum cleaning,1193.55
1.0,alpha1p0,107,2,subject107_client2,9977,9,vacuum cleaning,1194.83
1.0,alpha1p0,107,2,subject107_client2,9978,9,vacuum cleaning,1196.11
1.0,alpha1p0,107,3,subject107_client3,9980,9,vacuum cleaning,1198.67
1.0,alpha1p0,107,3,subject107_client3,9981,9,vacuum cleaning,1199.95
1.0,alpha1p0,107,3,subject107_client3,9982,9,vacuum cleaning,1201.23
1.0,alpha1p0,107,3,subject107_client3,9983,9,vacuum cleaning,1202.51
1.0,alpha1p0,107,3,subject107_client3,9984,9,vacuum cleaning,1203.79
1.0,alpha1p0,107,3,subject107_client3,9985,9,vacuum cleaning,1205.07
1.0,alpha1p0,107,3,subject107_client3,9986,9,vacuum cleaning,1206.35
1.0,alpha1p0,107,3,subject107_client3,9987,9,vacuum cleaning,1207.63
1.0,alpha1p0,107,3,subject107_client3,9988,9,vacuum cleaning,1208.91
1.0,alpha1p0,107,3,subject107_client3,9989,9,vacuum cleaning,1210.19
1.0,alpha1p0,107,3,subject107_client3,9990,9,vacuum cleaning,1211.47
1.0,alpha1p0,107,3,subject107_client3,9991,9,vacuum cleaning,1212.75
1.0,alpha1p0,107,3,subject107_client3,9992,9,vacuum cleaning,1214.03
1.0,alpha1p0,107,3,subject107_client3,9993,9,vacuum cleaning,1215.31
1.0,alpha1p0,107,3,subject107_client3,9994,9,vacuum cleaning,1216.59
1.0,alpha1p0,107,3,subject107_client3,9995,9,vacuum cleaning,1217.87
1.0,alpha1p0,107,3,subject107_client3,9996,9,vacuum cleaning,1219.15
1.0,alpha1p0,107,3,subject107_client3,9997,9,vacuum cleaning,1220.43
1.0,alpha1p0,107,3,subject107_client3,9998,9,vacuum cleaning,1221.71
1.0,alpha1p0,107,3,subject107_client3,9999,9,vacuum cleaning,1222.99
1.0,alpha1p0,107,3,subject107_client3,10000,9,vacuum cleaning,1224.27
1.0,alpha1p0,107,3,subject107_client3,10001,9,vacuum cleaning,1225.55
1.0,alpha1p0,107,3,subject107_client3,10002,9,vacuum cleaning,1226.83
1.0,alpha1p0,107,3,subject107_client3,10003,9,vacuum cleaning,1228.11
1.0,alpha1p0,107,3,subject107_client3,10004,9,vacuum cleaning,1229.39
1.0,alpha1p0,107,3,subject107_client3,10005,9,vacuum cleaning,1230.67
1.0,alpha1p0,107,3,subject107_client3,10006,9,vacuum cleaning,1231.95
1.0,alpha1p0,107,3,subject107_client3,10007,9,vacuum cleaning,1233.23
1.0,alpha1p0,107,3,subject107_client3,10008,9,vacuum cleaning,1234.51
1.0,alpha1p0,107,3,subject107_client3,10009,9,vacuum cleaning,1235.79
1.0,alpha1p0,107,3,subject107_client3,10010,9,vacuum cleaning,1237.07
1.0,alpha1p0,107,3,subject107_client3,10011,9,vacuum cleaning,1238.35
1.0,alpha1p0,107,3,subject107_client3,10012,9,vacuum cleaning,1239.63
1.0,alpha1p0,107,3,subject107_client3,10013,9,vacuum cleaning,1240.91
1.0,alpha1p0,107,3,subject107_client3,10014,9,vacuum cleaning,1242.19
1.0,alpha1p0,107,3,subject107_client3,10015,9,vacuum cleaning,1243.47
1.0,alpha1p0,107,3,subject107_client3,10016,9,vacuum cleaning,1244.75
1.0,alpha1p0,107,3,subject107_client3,10017,9,vacuum cleaning,1246.03
1.0,alpha1p0,107,3,subject107_client3,10018,9,vacuum cleaning,1247.31
1.0,alpha1p0,107,3,subject107_client3,10019,9,vacuum cleaning,1248.59
1.0,alpha1p0,107,3,subject107_client3,10020,9,vacuum cleaning,1249.87
1.0,alpha1p0,107,3,subject107_client3,10021,9,vacuum cleaning,1251.15
1.0,alpha1p0,107,3,subject107_client3,10022,9,vacuum cleaning,1252.43
1.0,alpha1p0,107,3,subject107_client3,10023,9,vacuum cleaning,1253.71
1.0,alpha1p0,107,3,subject107_client3,10024,9,vacuum cleaning,1254.99
1.0,alpha1p0,107,3,subject107_client3,10025,9,vacuum cleaning,1256.27
1.0,alpha1p0,107,3,subject107_client3,10026,9,vacuum cleaning,1257.55
1.0,alpha1p0,107,3,subject107_client3,10027,9,vacuum cleaning,1258.83
1.0,alpha1p0,107,3,subject107_client3,10028,9,vacuum cleaning,1260.11
1.0,alpha1p0,107,3,subject107_client3,10029,9,vacuum cleaning,1261.39
1.0,alpha1p0,107,3,subject107_client3,10030,9,vacuum cleaning,1262.67
1.0,alpha1p0,107,3,subject107_client3,10031,9,vacuum cleaning,1263.95
1.0,alpha1p0,107,3,subject107_client3,10032,9,vacuum cleaning,1265.23
1.0,alpha1p0,107,3,subject107_client3,10033,9,vacuum cleaning,1266.51
1.0,alpha1p0,107,3,subject107_client3,10034,9,vacuum cleaning,1267.79
1.0,alpha1p0,107,3,subject107_client3,10035,9,vacuum cleaning,1269.07
1.0,alpha1p0,107,3,subject107_client3,10036,9,vacuum cleaning,1270.35
1.0,alpha1p0,107,3,subject107_client3,10037,9,vacuum cleaning,1271.63
1.0,alpha1p0,107,3,subject107_client3,10038,9,vacuum cleaning,1272.91
1.0,alpha1p0,107,3,subject107_client3,10039,9,vacuum cleaning,1274.19
1.0,alpha1p0,107,3,subject107_client3,10040,9,vacuum cleaning,1275.47
1.0,alpha1p0,107,3,subject107_client3,10041,9,vacuum cleaning,1276.75
1.0,alpha1p0,107,3,subject107_client3,10042,9,vacuum cleaning,1278.03
1.0,alpha1p0,107,3,subject107_client3,10043,9,vacuum cleaning,1279.31
1.0,alpha1p0,107,3,subject107_client3,10044,9,vacuum cleaning,1280.59
1.0,alpha1p0,107,3,subject107_client3,10045,9,vacuum cleaning,1281.87
1.0,alpha1p0,107,3,subject107_client3,10046,9,vacuum cleaning,1283.15
1.0,alpha1p0,107,3,subject107_client3,10047,9,vacuum cleaning,1284.43
1.0,alpha1p0,107,3,subject107_client3,10048,9,vacuum cleaning,1285.71
1.0,alpha1p0,107,3,subject107_client3,10049,9,vacuum cleaning,1286.99
1.0,alpha1p0,107,3,subject107_client3,10050,9,vacuum cleaning,1288.27
1.0,alpha1p0,107,3,subject107_client3,10051,9,vacuum cleaning,1289.55
1.0,alpha1p0,107,3,subject107_client3,10052,9,vacuum cleaning,1290.83
1.0,alpha1p0,107,3,subject107_client3,10053,9,vacuum cleaning,1292.11
1.0,alpha1p0,107,3,subject107_client3,10054,9,vacuum cleaning,1293.39
1.0,alpha1p0,107,3,subject107_client3,10055,9,vacuum cleaning,1294.67
1.0,alpha1p0,107,3,subject107_client3,10056,9,vacuum cleaning,1295.95
1.0,alpha1p0,107,3,subject107_client3,10057,9,vacuum cleaning,1297.23
1.0,alpha1p0,107,3,subject107_client3,10058,9,vacuum cleaning,1298.51
1.0,alpha1p0,107,3,subject107_client3,10059,9,vacuum cleaning,1299.79
1.0,alpha1p0,107,3,subject107_client3,10060,9,vacuum cleaning,1301.07
1.0,alpha1p0,107,3,subject107_client3,10061,9,vacuum cleaning,1302.35
1.0,alpha1p0,107,3,subject107_client3,10062,9,vacuum cleaning,1303.63
1.0,alpha1p0,107,3,subject107_client3,10063,9,vacuum cleaning,1304.91
1.0,alpha1p0,107,3,subject107_client3,10064,9,vacuum cleaning,1306.19
1.0,alpha1p0,107,3,subject107_client3,10065,9,vacuum cleaning,1307.47
1.0,alpha1p0,107,3,subject107_client3,10066,9,vacuum cleaning,1308.75
1.0,alpha1p0,107,1,subject107_client1,10068,9,vacuum cleaning,1311.31
1.0,alpha1p0,107,1,subject107_client1,10069,9,vacuum cleaning,1312.59
1.0,alpha1p0,107,1,subject107_client1,10070,9,vacuum cleaning,1313.87
1.0,alpha1p0,107,1,subject107_client1,10071,9,vacuum cleaning,1315.15
1.0,alpha1p0,107,1,subject107_client1,10072,9,vacuum cleaning,1316.43
1.0,alpha1p0,107,1,subject107_client1,10073,9,vacuum cleaning,1317.71
1.0,alpha1p0,107,1,subject107_client1,10074,9,vacuum cleaning,1318.99
1.0,alpha1p0,107,1,subject107_client1,10075,9,vacuum cleaning,1320.27
1.0,alpha1p0,107,1,subject107_client1,10076,9,vacuum cleaning,1321.55
1.0,alpha1p0,107,1,subject107_client1,10077,9,vacuum cleaning,1322.83
1.0,alpha1p0,107,1,subject107_client1,10078,9,vacuum cleaning,1324.11
1.0,alpha1p0,107,1,subject107_client1,10079,9,vacuum cleaning,1325.39
1.0,alpha1p0,107,1,subject107_client1,10080,9,vacuum cleaning,1326.67
1.0,alpha1p0,107,1,subject107_client1,10081,9,vacuum cleaning,1327.95
1.0,alpha1p0,107,1,subject107_client1,10082,9,vacuum cleaning,1329.23
1.0,alpha1p0,107,1,subject107_client1,10083,9,vacuum cleaning,1330.51
1.0,alpha1p0,107,1,subject107_client1,10084,9,vacuum cleaning,1331.79
1.0,alpha1p0,107,1,subject107_client1,10085,9,vacuum cleaning,1333.07
1.0,alpha1p0,107,1,subject107_client1,10086,9,vacuum cleaning,1334.35
1.0,alpha1p0,107,1,subject107_client1,10087,9,vacuum cleaning,1335.63
1.0,alpha1p0,107,1,subject107_client1,10088,9,vacuum cleaning,1336.91
1.0,alpha1p0,107,1,subject107_client1,10089,9,vacuum cleaning,1338.19
1.0,alpha1p0,107,1,subject107_client1,10090,9,vacuum cleaning,1339.47
1.0,alpha1p0,107,1,subject107_client1,10091,9,vacuum cleaning,1340.75
1.0,alpha1p0,107,1,subject107_client1,10092,9,vacuum cleaning,1342.03
1.0,alpha1p0,107,1,subject107_client1,10093,9,vacuum cleaning,1343.31
1.0,alpha1p0,107,1,subject107_client1,10094,9,vacuum cleaning,1344.59
1.0,alpha1p0,107,1,subject107_client1,10095,9,vacuum cleaning,1345.87
1.0,alpha1p0,107,1,subject107_client1,10096,9,vacuum cleaning,1347.15
1.0,alpha1p0,107,1,subject107_client1,10097,9,vacuum cleaning,1348.43
1.0,alpha1p0,107,1,subject107_client1,10098,9,vacuum cleaning,1349.71
1.0,alpha1p0,107,1,subject107_client1,10099,9,vacuum cleaning,1350.99
1.0,alpha1p0,107,1,subject107_client1,10100,9,vacuum cleaning,1352.27
1.0,alpha1p0,107,1,subject107_client1,10101,9,vacuum cleaning,1353.55
1.0,alpha1p0,107,1,subject107_client1,10102,9,vacuum cleaning,1354.83
1.0,alpha1p0,107,2,subject107_client2,10103,7,ascending stairs,1461.21
1.0,alpha1p0,107,2,subject107_client2,10104,7,ascending stairs,1462.49
1.0,alpha1p0,107,2,subject107_client2,10105,7,ascending stairs,1463.77
1.0,alpha1p0,107,2,subject107_client2,10106,7,ascending stairs,1465.05
1.0,alpha1p0,107,2,subject107_client2,10107,7,ascending stairs,1466.33
1.0,alpha1p0,107,2,subject107_client2,10108,7,ascending stairs,1467.61
1.0,alpha1p0,107,2,subject107_client2,10109,7,ascending stairs,1468.89
1.0,alpha1p0,107,2,subject107_client2,10110,7,ascending stairs,1470.17
1.0,alpha1p0,107,2,subject107_client2,10111,7,ascending stairs,1471.45
1.0,alpha1p0,107,2,subject107_client2,10112,7,ascending stairs,1472.73
1.0,alpha1p0,107,2,subject107_client2,10113,7,ascending stairs,1474.01
1.0,alpha1p0,107,2,subject107_client2,10114,7,ascending stairs,1475.29
1.0,alpha1p0,107,2,subject107_client2,10115,7,ascending stairs,1476.57
1.0,alpha1p0,107,2,subject107_client2,10116,7,ascending stairs,1477.85
1.0,alpha1p0,107,2,subject107_client2,10117,7,ascending stairs,1479.13
1.0,alpha1p0,107,2,subject107_client2,10118,7,ascending stairs,1480.41
1.0,alpha1p0,107,2,subject107_client2,10119,7,ascending stairs,1481.69
1.0,alpha1p0,107,2,subject107_client2,10120,7,ascending stairs,1482.97
1.0,alpha1p0,107,2,subject107_client2,10121,7,ascending stairs,1484.25
1.0,alpha1p0,107,2,subject107_client2,10122,7,ascending stairs,1485.53
1.0,alpha1p0,107,2,subject107_client2,10123,7,ascending stairs,1486.81
1.0,alpha1p0,107,3,subject107_client3,10125,7,ascending stairs,1489.37
1.0,alpha1p0,107,3,subject107_client3,10126,7,ascending stairs,1490.65
1.0,alpha1p0,107,3,subject107_client3,10127,7,ascending stairs,1491.93
1.0,alpha1p0,107,3,subject107_client3,10128,7,ascending stairs,1493.21
1.0,alpha1p0,107,3,subject107_client3,10129,7,ascending stairs,1494.49
1.0,alpha1p0,107,3,subject107_client3,10130,7,ascending stairs,1495.77
1.0,alpha1p0,107,3,subject107_client3,10131,7,ascending stairs,1497.05
1.0,alpha1p0,107,3,subject107_client3,10132,7,ascending stairs,1498.33
1.0,alpha1p0,107,3,subject107_client3,10133,7,ascending stairs,1499.61
1.0,alpha1p0,107,3,subject107_client3,10134,7,ascending stairs,1500.89
1.0,alpha1p0,107,3,subject107_client3,10135,7,ascending stairs,1502.17
1.0,alpha1p0,107,3,subject107_client3,10136,7,ascending stairs,1503.45
1.0,alpha1p0,107,3,subject107_client3,10137,7,ascending stairs,1504.73
1.0,alpha1p0,107,3,subject107_client3,10138,7,ascending stairs,1506.01
1.0,alpha1p0,107,3,subject107_client3,10139,7,ascending stairs,1507.29
1.0,alpha1p0,107,3,subject107_client3,10140,7,ascending stairs,1508.57
1.0,alpha1p0,107,3,subject107_client3,10141,7,ascending stairs,1509.85
1.0,alpha1p0,107,3,subject107_client3,10142,7,ascending stairs,1511.13
1.0,alpha1p0,107,3,subject107_client3,10143,7,ascending stairs,1512.41
1.0,alpha1p0,107,3,subject107_client3,10144,7,ascending stairs,1513.69
1.0,alpha1p0,107,3,subject107_client3,10145,7,ascending stairs,1514.97
1.0,alpha1p0,107,3,subject107_client3,10146,7,ascending stairs,1516.25
1.0,alpha1p0,107,3,subject107_client3,10147,7,ascending stairs,1517.53
1.0,alpha1p0,107,3,subject107_client3,10148,7,ascending stairs,1518.81
1.0,alpha1p0,107,3,subject107_client3,10149,7,ascending stairs,1520.09
1.0,alpha1p0,107,3,subject107_client3,10150,7,ascending stairs,1521.37
1.0,alpha1p0,107,3,subject107_client3,10151,7,ascending stairs,1522.65
1.0,alpha1p0,107,3,subject107_client3,10152,7,ascending stairs,1523.93
1.0,alpha1p0,107,3,subject107_client3,10153,7,ascending stairs,1525.21
1.0,alpha1p0,107,3,subject107_client3,10154,7,ascending stairs,1526.49
1.0,alpha1p0,107,3,subject107_client3,10155,7,ascending stairs,1527.77
1.0,alpha1p0,107,3,subject107_client3,10156,7,ascending stairs,1529.05
1.0,alpha1p0,107,3,subject107_client3,10157,7,ascending stairs,1530.33
1.0,alpha1p0,107,3,subject107_client3,10158,7,ascending stairs,1531.61
1.0,alpha1p0,107,3,subject107_client3,10159,7,ascending stairs,1532.89
1.0,alpha1p0,107,3,subject107_client3,10160,7,ascending stairs,1534.17
1.0,alpha1p0,107,3,subject107_client3,10161,7,ascending stairs,1535.45
1.0,alpha1p0,107,3,subject107_client3,10162,7,ascending stairs,1536.73
1.0,alpha1p0,107,3,subject107_client3,10163,7,ascending stairs,1538.01
1.0,alpha1p0,107,3,subject107_client3,10164,7,ascending stairs,1539.29
1.0,alpha1p0,107,3,subject107_client3,10165,7,ascending stairs,1540.57
1.0,alpha1p0,107,3,subject107_client3,10166,7,ascending stairs,1541.85
1.0,alpha1p0,107,3,subject107_client3,10167,7,ascending stairs,1543.13
1.0,alpha1p0,107,3,subject107_client3,10168,7,ascending stairs,1544.41
1.0,alpha1p0,107,3,subject107_client3,10169,7,ascending stairs,1545.69
1.0,alpha1p0,107,3,subject107_client3,10170,7,ascending stairs,1546.97
1.0,alpha1p0,107,3,subject107_client3,10171,7,ascending stairs,1548.25
1.0,alpha1p0,107,3,subject107_client3,10172,7,ascending stairs,1549.53
1.0,alpha1p0,107,2,subject107_client2,10173,8,descending stairs,1611.28
1.0,alpha1p0,107,2,subject107_client2,10174,8,descending stairs,1612.56
1.0,alpha1p0,107,2,subject107_client2,10175,8,descending stairs,1613.84
1.0,alpha1p0,107,2,subject107_client2,10176,8,descending stairs,1615.12
1.0,alpha1p0,107,2,subject107_client2,10177,8,descending stairs,1616.4
1.0,alpha1p0,107,2,subject107_client2,10178,8,descending stairs,1617.68
1.0,alpha1p0,107,2,subject107_client2,10179,8,descending stairs,1618.96
1.0,alpha1p0,107,2,subject107_client2,10180,8,descending stairs,1620.24
1.0,alpha1p0,107,2,subject107_client2,10181,8,descending stairs,1621.52
1.0,alpha1p0,107,3,subject107_client3,10183,8,descending stairs,1624.08
1.0,alpha1p0,107,3,subject107_client3,10184,8,descending stairs,1625.36
1.0,alpha1p0,107,3,subject107_client3,10185,8,descending stairs,1626.64
1.0,alpha1p0,107,3,subject107_client3,10186,8,descending stairs,1627.92
1.0,alpha1p0,107,3,subject107_client3,10187,8,descending stairs,1629.2
1.0,alpha1p0,107,3,subject107_client3,10188,8,descending stairs,1630.48
1.0,alpha1p0,107,3,subject107_client3,10189,8,descending stairs,1631.76
1.0,alpha1p0,107,3,subject107_client3,10190,8,descending stairs,1633.04
1.0,alpha1p0,107,3,subject107_client3,10191,8,descending stairs,1634.32
1.0,alpha1p0,107,3,subject107_client3,10192,8,descending stairs,1635.6
1.0,alpha1p0,107,3,subject107_client3,10193,8,descending stairs,1636.88
1.0,alpha1p0,107,3,subject107_client3,10194,8,descending stairs,1638.16
1.0,alpha1p0,107,3,subject107_client3,10195,8,descending stairs,1639.44
1.0,alpha1p0,107,1,subject107_client1,10197,8,descending stairs,1642.0
1.0,alpha1p0,107,0,subject107_client0,10199,8,descending stairs,1644.56
1.0,alpha1p0,107,0,subject107_client0,10200,8,descending stairs,1645.84
1.0,alpha1p0,107,0,subject107_client0,10201,8,descending stairs,1647.12
1.0,alpha1p0,107,0,subject107_client0,10202,8,descending stairs,1648.4
1.0,alpha1p0,107,0,subject107_client0,10203,8,descending stairs,1649.68
1.0,alpha1p0,107,0,subject107_client0,10204,8,descending stairs,1650.96
1.0,alpha1p0,107,0,subject107_client0,10205,8,descending stairs,1652.24
1.0,alpha1p0,107,0,subject107_client0,10206,8,descending stairs,1653.52
1.0,alpha1p0,107,0,subject107_client0,10207,8,descending stairs,1654.8
1.0,alpha1p0,107,0,subject107_client0,10208,8,descending stairs,1656.08
1.0,alpha1p0,107,0,subject107_client0,10209,8,descending stairs,1657.36
1.0,alpha1p0,107,0,subject107_client0,10210,8,descending stairs,1658.64
1.0,alpha1p0,107,0,subject107_client0,10211,8,descending stairs,1659.92
1.0,alpha1p0,107,0,subject107_client0,10212,8,descending stairs,1661.2
1.0,alpha1p0,107,0,subject107_client0,10213,8,descending stairs,1662.48
1.0,alpha1p0,107,0,subject107_client0,10214,8,descending stairs,1663.76
1.0,alpha1p0,107,0,subject107_client0,10215,8,descending stairs,1665.04
1.0,alpha1p0,107,0,subject107_client0,10216,8,descending stairs,1666.32
1.0,alpha1p0,107,0,subject107_client0,10217,8,descending stairs,1667.6
1.0,alpha1p0,107,0,subject107_client0,10218,8,descending stairs,1668.88
1.0,alpha1p0,107,0,subject107_client0,10219,8,descending stairs,1670.16
1.0,alpha1p0,107,0,subject107_client0,10220,8,descending stairs,1671.44
1.0,alpha1p0,107,3,subject107_client3,10221,7,ascending stairs,1708.98
1.0,alpha1p0,107,3,subject107_client3,10222,7,ascending stairs,1710.26
1.0,alpha1p0,107,3,subject107_client3,10223,7,ascending stairs,1711.54
1.0,alpha1p0,107,3,subject107_client3,10224,7,ascending stairs,1712.82
1.0,alpha1p0,107,3,subject107_client3,10225,7,ascending stairs,1714.1
1.0,alpha1p0,107,3,subject107_client3,10226,7,ascending stairs,1715.38
1.0,alpha1p0,107,3,subject107_client3,10227,7,ascending stairs,1716.66
1.0,alpha1p0,107,3,subject107_client3,10228,7,ascending stairs,1717.94
1.0,alpha1p0,107,3,subject107_client3,10229,7,ascending stairs,1719.22
1.0,alpha1p0,107,3,subject107_client3,10230,7,ascending stairs,1720.5
1.0,alpha1p0,107,3,subject107_client3,10231,7,ascending stairs,1721.78
1.0,alpha1p0,107,3,subject107_client3,10232,7,ascending stairs,1723.06
1.0,alpha1p0,107,3,subject107_client3,10233,7,ascending stairs,1724.34
1.0,alpha1p0,107,3,subject107_client3,10234,7,ascending stairs,1725.62
1.0,alpha1p0,107,3,subject107_client3,10235,7,ascending stairs,1726.9
1.0,alpha1p0,107,3,subject107_client3,10236,7,ascending stairs,1728.18
1.0,alpha1p0,107,3,subject107_client3,10237,7,ascending stairs,1729.46
1.0,alpha1p0,107,3,subject107_client3,10238,7,ascending stairs,1730.74
1.0,alpha1p0,107,3,subject107_client3,10239,7,ascending stairs,1732.02
1.0,alpha1p0,107,3,subject107_client3,10240,7,ascending stairs,1733.3
1.0,alpha1p0,107,3,subject107_client3,10241,7,ascending stairs,1734.58
1.0,alpha1p0,107,3,subject107_client3,10242,7,ascending stairs,1735.86
1.0,alpha1p0,107,3,subject107_client3,10243,7,ascending stairs,1737.14
1.0,alpha1p0,107,3,subject107_client3,10244,7,ascending stairs,1738.42
1.0,alpha1p0,107,3,subject107_client3,10245,7,ascending stairs,1739.7
1.0,alpha1p0,107,3,subject107_client3,10246,7,ascending stairs,1740.98
1.0,alpha1p0,107,3,subject107_client3,10247,7,ascending stairs,1742.26
1.0,alpha1p0,107,3,subject107_client3,10248,7,ascending stairs,1743.54
1.0,alpha1p0,107,3,subject107_client3,10249,7,ascending stairs,1744.82
1.0,alpha1p0,107,3,subject107_client3,10250,7,ascending stairs,1746.1
1.0,alpha1p0,107,3,subject107_client3,10251,7,ascending stairs,1747.38
1.0,alpha1p0,107,3,subject107_client3,10252,7,ascending stairs,1748.66
1.0,alpha1p0,107,3,subject107_client3,10253,7,ascending stairs,1749.94
1.0,alpha1p0,107,3,subject107_client3,10254,7,ascending stairs,1751.22
1.0,alpha1p0,107,3,subject107_client3,10255,7,ascending stairs,1752.5
1.0,alpha1p0,107,3,subject107_client3,10256,7,ascending stairs,1753.78
1.0,alpha1p0,107,3,subject107_client3,10257,7,ascending stairs,1755.06
1.0,alpha1p0,107,3,subject107_client3,10258,7,ascending stairs,1756.34
1.0,alpha1p0,107,3,subject107_client3,10259,7,ascending stairs,1757.62
1.0,alpha1p0,107,3,subject107_client3,10260,7,ascending stairs,1758.9
1.0,alpha1p0,107,3,subject107_client3,10261,7,ascending stairs,1760.18
1.0,alpha1p0,107,3,subject107_client3,10262,7,ascending stairs,1761.46
1.0,alpha1p0,107,0,subject107_client0,10264,7,ascending stairs,1764.02
1.0,alpha1p0,107,0,subject107_client0,10265,7,ascending stairs,1765.3
1.0,alpha1p0,107,0,subject107_client0,10266,7,ascending stairs,1766.58
1.0,alpha1p0,107,0,subject107_client0,10267,7,ascending stairs,1767.86
1.0,alpha1p0,107,0,subject107_client0,10268,7,ascending stairs,1769.14
1.0,alpha1p0,107,0,subject107_client0,10269,7,ascending stairs,1770.42
1.0,alpha1p0,107,0,subject107_client0,10270,7,ascending stairs,1771.7
1.0,alpha1p0,107,0,subject107_client0,10271,7,ascending stairs,1772.98
1.0,alpha1p0,107,0,subject107_client0,10272,7,ascending stairs,1774.26
1.0,alpha1p0,107,0,subject107_client0,10273,7,ascending stairs,1775.54
1.0,alpha1p0,107,0,subject107_client0,10274,7,ascending stairs,1776.82
1.0,alpha1p0,107,0,subject107_client0,10275,7,ascending stairs,1778.1
1.0,alpha1p0,107,0,subject107_client0,10276,7,ascending stairs,1779.38
1.0,alpha1p0,107,0,subject107_client0,10277,7,ascending stairs,1780.66
1.0,alpha1p0,107,0,subject107_client0,10278,7,ascending stairs,1781.94
1.0,alpha1p0,107,0,subject107_client0,10279,7,ascending stairs,1783.22
1.0,alpha1p0,107,0,subject107_client0,10280,7,ascending stairs,1784.5
1.0,alpha1p0,107,0,subject107_client0,10281,7,ascending stairs,1785.78
1.0,alpha1p0,107,0,subject107_client0,10282,7,ascending stairs,1787.06
1.0,alpha1p0,107,1,subject107_client1,10284,7,ascending stairs,1789.62
1.0,alpha1p0,107,1,subject107_client1,10285,7,ascending stairs,1790.9
1.0,alpha1p0,107,0,subject107_client0,10286,8,descending stairs,1794.42
1.0,alpha1p0,107,0,subject107_client0,10287,8,descending stairs,1795.7
1.0,alpha1p0,107,0,subject107_client0,10288,8,descending stairs,1796.98
1.0,alpha1p0,107,0,subject107_client0,10289,8,descending stairs,1798.26
1.0,alpha1p0,107,0,subject107_client0,10290,8,descending stairs,1799.54
1.0,alpha1p0,107,0,subject107_client0,10291,8,descending stairs,1800.82
1.0,alpha1p0,107,0,subject107_client0,10292,8,descending stairs,1802.1
1.0,alpha1p0,107,0,subject107_client0,10293,8,descending stairs,1803.38
1.0,alpha1p0,107,0,subject107_client0,10294,8,descending stairs,1804.66
1.0,alpha1p0,107,0,subject107_client0,10295,8,descending stairs,1805.94
1.0,alpha1p0,107,0,subject107_client0,10296,8,descending stairs,1807.22
1.0,alpha1p0,107,0,subject107_client0,10297,8,descending stairs,1808.5
1.0,alpha1p0,107,0,subject107_client0,10298,8,descending stairs,1809.78
1.0,alpha1p0,107,0,subject107_client0,10299,8,descending stairs,1811.06
1.0,alpha1p0,107,0,subject107_client0,10300,8,descending stairs,1812.34
1.0,alpha1p0,107,0,subject107_client0,10301,8,descending stairs,1813.62
1.0,alpha1p0,107,0,subject107_client0,10302,8,descending stairs,1814.9
1.0,alpha1p0,107,0,subject107_client0,10303,8,descending stairs,1816.18
1.0,alpha1p0,107,0,subject107_client0,10304,8,descending stairs,1817.46
1.0,alpha1p0,107,0,subject107_client0,10305,8,descending stairs,1818.74
1.0,alpha1p0,107,0,subject107_client0,10306,8,descending stairs,1820.02
1.0,alpha1p0,107,0,subject107_client0,10307,8,descending stairs,1821.3
1.0,alpha1p0,107,0,subject107_client0,10308,8,descending stairs,1822.58
1.0,alpha1p0,107,0,subject107_client0,10309,8,descending stairs,1823.86
1.0,alpha1p0,107,0,subject107_client0,10310,8,descending stairs,1825.14
1.0,alpha1p0,107,0,subject107_client0,10311,8,descending stairs,1826.42
1.0,alpha1p0,107,0,subject107_client0,10312,8,descending stairs,1827.7
1.0,alpha1p0,107,0,subject107_client0,10313,8,descending stairs,1828.98
1.0,alpha1p0,107,0,subject107_client0,10314,8,descending stairs,1830.26
1.0,alpha1p0,107,0,subject107_client0,10315,8,descending stairs,1831.54
1.0,alpha1p0,107,0,subject107_client0,10316,8,descending stairs,1832.82
1.0,alpha1p0,107,0,subject107_client0,10317,8,descending stairs,1834.1
1.0,alpha1p0,107,0,subject107_client0,10318,8,descending stairs,1835.38
1.0,alpha1p0,107,0,subject107_client0,10319,8,descending stairs,1836.66
1.0,alpha1p0,107,0,subject107_client0,10320,8,descending stairs,1837.94
1.0,alpha1p0,107,0,subject107_client0,10321,8,descending stairs,1839.22
1.0,alpha1p0,107,0,subject107_client0,10322,8,descending stairs,1840.5
1.0,alpha1p0,107,0,subject107_client0,10323,8,descending stairs,1841.78
1.0,alpha1p0,107,0,subject107_client0,10324,8,descending stairs,1843.06
1.0,alpha1p0,107,0,subject107_client0,10325,8,descending stairs,1844.34
1.0,alpha1p0,107,2,subject107_client2,10326,3,walking,2050.92
1.0,alpha1p0,107,2,subject107_client2,10327,3,walking,2052.2
1.0,alpha1p0,107,2,subject107_client2,10328,3,walking,2053.48
1.0,alpha1p0,107,2,subject107_client2,10329,3,walking,2054.76
1.0,alpha1p0,107,2,subject107_client2,10330,3,walking,2056.04
1.0,alpha1p0,107,2,subject107_client2,10331,3,walking,2057.32
1.0,alpha1p0,107,2,subject107_client2,10332,3,walking,2058.6
1.0,alpha1p0,107,2,subject107_client2,10333,3,walking,2059.88
1.0,alpha1p0,107,2,subject107_client2,10334,3,walking,2061.16
1.0,alpha1p0,107,2,subject107_client2,10335,3,walking,2062.44
1.0,alpha1p0,107,2,subject107_client2,10336,3,walking,2063.72
1.0,alpha1p0,107,2,subject107_client2,10337,3,walking,2065.0
1.0,alpha1p0,107,2,subject107_client2,10338,3,walking,2066.28
1.0,alpha1p0,107,2,subject107_client2,10339,3,walking,2067.56
1.0,alpha1p0,107,2,subject107_client2,10340,3,walking,2068.84
1.0,alpha1p0,107,2,subject107_client2,10341,3,walking,2070.12
1.0,alpha1p0,107,2,subject107_client2,10342,3,walking,2071.4
1.0,alpha1p0,107,2,subject107_client2,10343,3,walking,2072.68
1.0,alpha1p0,107,2,subject107_client2,10344,3,walking,2073.96
1.0,alpha1p0,107,2,subject107_client2,10345,3,walking,2075.24
1.0,alpha1p0,107,2,subject107_client2,10346,3,walking,2076.52
1.0,alpha1p0,107,2,subject107_client2,10347,3,walking,2077.8
1.0,alpha1p0,107,2,subject107_client2,10348,3,walking,2079.08
1.0,alpha1p0,107,2,subject107_client2,10349,3,walking,2080.36
1.0,alpha1p0,107,2,subject107_client2,10350,3,walking,2081.64
1.0,alpha1p0,107,2,subject107_client2,10351,3,walking,2082.92
1.0,alpha1p0,107,2,subject107_client2,10352,3,walking,2084.2
1.0,alpha1p0,107,2,subject107_client2,10353,3,walking,2085.48
1.0,alpha1p0,107,2,subject107_client2,10354,3,walking,2086.76
1.0,alpha1p0,107,2,subject107_client2,10355,3,walking,2088.04
1.0,alpha1p0,107,2,subject107_client2,10356,3,walking,2089.32
1.0,alpha1p0,107,2,subject107_client2,10357,3,walking,2090.6
1.0,alpha1p0,107,2,subject107_client2,10358,3,walking,2091.88
1.0,alpha1p0,107,2,subject107_client2,10359,3,walking,2093.16
1.0,alpha1p0,107,2,subject107_client2,10360,3,walking,2094.44
1.0,alpha1p0,107,2,subject107_client2,10361,3,walking,2095.72
1.0,alpha1p0,107,2,subject107_client2,10362,3,walking,2097.0
1.0,alpha1p0,107,2,subject107_client2,10363,3,walking,2098.28
1.0,alpha1p0,107,2,subject107_client2,10364,3,walking,2099.56
1.0,alpha1p0,107,2,subject107_client2,10365,3,walking,2100.84
1.0,alpha1p0,107,2,subject107_client2,10366,3,walking,2102.12
1.0,alpha1p0,107,2,subject107_client2,10367,3,walking,2103.4
1.0,alpha1p0,107,2,subject107_client2,10368,3,walking,2104.68
1.0,alpha1p0,107,2,subject107_client2,10369,3,walking,2105.96
1.0,alpha1p0,107,2,subject107_client2,10370,3,walking,2107.24
1.0,alpha1p0,107,2,subject107_client2,10371,3,walking,2108.52
1.0,alpha1p0,107,2,subject107_client2,10372,3,walking,2109.8
1.0,alpha1p0,107,2,subject107_client2,10373,3,walking,2111.08
1.0,alpha1p0,107,2,subject107_client2,10374,3,walking,2112.36
1.0,alpha1p0,107,2,subject107_client2,10375,3,walking,2113.64
1.0,alpha1p0,107,2,subject107_client2,10376,3,walking,2114.92
1.0,alpha1p0,107,2,subject107_client2,10377,3,walking,2116.2
1.0,alpha1p0,107,2,subject107_client2,10378,3,walking,2117.48
1.0,alpha1p0,107,2,subject107_client2,10379,3,walking,2118.76
1.0,alpha1p0,107,2,subject107_client2,10380,3,walking,2120.04
1.0,alpha1p0,107,2,subject107_client2,10381,3,walking,2121.32
1.0,alpha1p0,107,2,subject107_client2,10382,3,walking,2122.6
1.0,alpha1p0,107,2,subject107_client2,10383,3,walking,2123.88
1.0,alpha1p0,107,2,subject107_client2,10384,3,walking,2125.16
1.0,alpha1p0,107,2,subject107_client2,10385,3,walking,2126.44
1.0,alpha1p0,107,2,subject107_client2,10386,3,walking,2127.72
1.0,alpha1p0,107,2,subject107_client2,10387,3,walking,2129.0
1.0,alpha1p0,107,2,subject107_client2,10388,3,walking,2130.28
1.0,alpha1p0,107,2,subject107_client2,10389,3,walking,2131.56
1.0,alpha1p0,107,2,subject107_client2,10390,3,walking,2132.84
1.0,alpha1p0,107,2,subject107_client2,10391,3,walking,2134.12
1.0,alpha1p0,107,2,subject107_client2,10392,3,walking,2135.4
1.0,alpha1p0,107,2,subject107_client2,10393,3,walking,2136.68
1.0,alpha1p0,107,2,subject107_client2,10394,3,walking,2137.96
1.0,alpha1p0,107,2,subject107_client2,10395,3,walking,2139.24
1.0,alpha1p0,107,2,subject107_client2,10396,3,walking,2140.52
1.0,alpha1p0,107,2,subject107_client2,10397,3,walking,2141.8
1.0,alpha1p0,107,2,subject107_client2,10398,3,walking,2143.08
1.0,alpha1p0,107,2,subject107_client2,10399,3,walking,2144.36
1.0,alpha1p0,107,2,subject107_client2,10400,3,walking,2145.64
1.0,alpha1p0,107,2,subject107_client2,10401,3,walking,2146.92
1.0,alpha1p0,107,2,subject107_client2,10402,3,walking,2148.2
1.0,alpha1p0,107,2,subject107_client2,10403,3,walking,2149.48
1.0,alpha1p0,107,2,subject107_client2,10404,3,walking,2150.76
1.0,alpha1p0,107,2,subject107_client2,10405,3,walking,2152.04
1.0,alpha1p0,107,2,subject107_client2,10406,3,walking,2153.32
1.0,alpha1p0,107,2,subject107_client2,10407,3,walking,2154.6
1.0,alpha1p0,107,2,subject107_client2,10408,3,walking,2155.88
1.0,alpha1p0,107,2,subject107_client2,10409,3,walking,2157.16
1.0,alpha1p0,107,2,subject107_client2,10410,3,walking,2158.44
1.0,alpha1p0,107,2,subject107_client2,10411,3,walking,2159.72
1.0,alpha1p0,107,2,subject107_client2,10412,3,walking,2161.0
1.0,alpha1p0,107,2,subject107_client2,10413,3,walking,2162.28
1.0,alpha1p0,107,2,subject107_client2,10414,3,walking,2163.56
1.0,alpha1p0,107,2,subject107_client2,10415,3,walking,2164.84
1.0,alpha1p0,107,2,subject107_client2,10416,3,walking,2166.12
1.0,alpha1p0,107,3,subject107_client3,10418,3,walking,2168.68
1.0,alpha1p0,107,3,subject107_client3,10419,3,walking,2169.96
1.0,alpha1p0,107,3,subject107_client3,10420,3,walking,2171.24
1.0,alpha1p0,107,3,subject107_client3,10421,3,walking,2172.52
1.0,alpha1p0,107,3,subject107_client3,10422,3,walking,2173.8
1.0,alpha1p0,107,3,subject107_client3,10423,3,walking,2175.08
1.0,alpha1p0,107,3,subject107_client3,10424,3,walking,2176.36
1.0,alpha1p0,107,3,subject107_client3,10425,3,walking,2177.64
1.0,alpha1p0,107,3,subject107_client3,10426,3,walking,2178.92
1.0,alpha1p0,107,3,subject107_client3,10427,3,walking,2180.2
1.0,alpha1p0,107,3,subject107_client3,10428,3,walking,2181.48
1.0,alpha1p0,107,3,subject107_client3,10429,3,walking,2182.76
1.0,alpha1p0,107,3,subject107_client3,10430,3,walking,2184.04
1.0,alpha1p0,107,3,subject107_client3,10431,3,walking,2185.32
1.0,alpha1p0,107,3,subject107_client3,10432,3,walking,2186.6
1.0,alpha1p0,107,3,subject107_client3,10433,3,walking,2187.88
1.0,alpha1p0,107,3,subject107_client3,10434,3,walking,2189.16
1.0,alpha1p0,107,3,subject107_client3,10435,3,walking,2190.44
1.0,alpha1p0,107,3,subject107_client3,10436,3,walking,2191.72
1.0,alpha1p0,107,1,subject107_client1,10438,3,walking,2194.28
1.0,alpha1p0,107,1,subject107_client1,10439,3,walking,2195.56
1.0,alpha1p0,107,1,subject107_client1,10440,3,walking,2196.84
1.0,alpha1p0,107,1,subject107_client1,10441,3,walking,2198.12
1.0,alpha1p0,107,1,subject107_client1,10442,3,walking,2199.4
1.0,alpha1p0,107,1,subject107_client1,10443,3,walking,2200.68
1.0,alpha1p0,107,1,subject107_client1,10444,3,walking,2201.96
1.0,alpha1p0,107,1,subject107_client1,10445,3,walking,2203.24
1.0,alpha1p0,107,1,subject107_client1,10446,3,walking,2204.52
1.0,alpha1p0,107,1,subject107_client1,10447,3,walking,2205.8
1.0,alpha1p0,107,1,subject107_client1,10448,3,walking,2207.08
1.0,alpha1p0,107,1,subject107_client1,10449,3,walking,2208.36
1.0,alpha1p0,107,1,subject107_client1,10450,3,walking,2209.64
1.0,alpha1p0,107,1,subject107_client1,10451,3,walking,2210.92
1.0,alpha1p0,107,1,subject107_client1,10452,3,walking,2212.2
1.0,alpha1p0,107,1,subject107_client1,10453,3,walking,2213.48
1.0,alpha1p0,107,1,subject107_client1,10454,3,walking,2214.76
1.0,alpha1p0,107,1,subject107_client1,10455,3,walking,2216.04
1.0,alpha1p0,107,1,subject107_client1,10456,3,walking,2217.32
1.0,alpha1p0,107,1,subject107_client1,10457,3,walking,2218.6
1.0,alpha1p0,107,1,subject107_client1,10458,3,walking,2219.88
1.0,alpha1p0,107,1,subject107_client1,10459,3,walking,2221.16
1.0,alpha1p0,107,1,subject107_client1,10460,3,walking,2222.44
1.0,alpha1p0,107,1,subject107_client1,10461,3,walking,2223.72
1.0,alpha1p0,107,1,subject107_client1,10462,3,walking,2225.0
1.0,alpha1p0,107,1,subject107_client1,10463,3,walking,2226.28
1.0,alpha1p0,107,1,subject107_client1,10464,3,walking,2227.56
1.0,alpha1p0,107,1,subject107_client1,10465,3,walking,2228.84
1.0,alpha1p0,107,1,subject107_client1,10466,3,walking,2230.12
1.0,alpha1p0,107,1,subject107_client1,10467,3,walking,2231.4
1.0,alpha1p0,107,1,subject107_client1,10468,3,walking,2232.68
1.0,alpha1p0,107,1,subject107_client1,10469,3,walking,2233.96
1.0,alpha1p0,107,1,subject107_client1,10470,3,walking,2235.24
1.0,alpha1p0,107,1,subject107_client1,10471,3,walking,2236.52
1.0,alpha1p0,107,1,subject107_client1,10472,3,walking,2237.8
1.0,alpha1p0,107,1,subject107_client1,10473,3,walking,2239.08
1.0,alpha1p0,107,1,subject107_client1,10474,3,walking,2240.36
1.0,alpha1p0,107,1,subject107_client1,10475,3,walking,2241.64
1.0,alpha1p0,107,1,subject107_client1,10476,3,walking,2242.92
1.0,alpha1p0,107,1,subject107_client1,10477,3,walking,2244.2
1.0,alpha1p0,107,1,subject107_client1,10478,3,walking,2245.48
1.0,alpha1p0,107,1,subject107_client1,10479,3,walking,2246.76
1.0,alpha1p0,107,1,subject107_client1,10480,3,walking,2248.04
1.0,alpha1p0,107,1,subject107_client1,10481,3,walking,2249.32
1.0,alpha1p0,107,1,subject107_client1,10482,3,walking,2250.6
1.0,alpha1p0,107,1,subject107_client1,10483,3,walking,2251.88
1.0,alpha1p0,107,1,subject107_client1,10484,3,walking,2253.16
1.0,alpha1p0,107,1,subject107_client1,10485,3,walking,2254.44
1.0,alpha1p0,107,1,subject107_client1,10486,3,walking,2255.72
1.0,alpha1p0,107,1,subject107_client1,10487,3,walking,2257.0
1.0,alpha1p0,107,1,subject107_client1,10488,3,walking,2258.28
1.0,alpha1p0,107,1,subject107_client1,10489,3,walking,2259.56
1.0,alpha1p0,107,1,subject107_client1,10490,3,walking,2260.84
1.0,alpha1p0,107,1,subject107_client1,10491,3,walking,2262.12
1.0,alpha1p0,107,1,subject107_client1,10492,3,walking,2263.4
1.0,alpha1p0,107,1,subject107_client1,10493,3,walking,2264.68
1.0,alpha1p0,107,1,subject107_client1,10494,3,walking,2265.96
1.0,alpha1p0,107,1,subject107_client1,10495,3,walking,2267.24
1.0,alpha1p0,107,1,subject107_client1,10496,3,walking,2268.52
1.0,alpha1p0,107,1,subject107_client1,10497,3,walking,2269.8
1.0,alpha1p0,107,1,subject107_client1,10498,3,walking,2271.08
1.0,alpha1p0,107,1,subject107_client1,10499,3,walking,2272.36
1.0,alpha1p0,107,1,subject107_client1,10500,3,walking,2273.64
1.0,alpha1p0,107,1,subject107_client1,10501,3,walking,2274.92
1.0,alpha1p0,107,1,subject107_client1,10502,3,walking,2276.2
1.0,alpha1p0,107,1,subject107_client1,10503,3,walking,2277.48
1.0,alpha1p0,107,1,subject107_client1,10504,3,walking,2278.76
1.0,alpha1p0,107,1,subject107_client1,10505,3,walking,2280.04
1.0,alpha1p0,107,1,subject107_client1,10506,3,walking,2281.32
1.0,alpha1p0,107,1,subject107_client1,10507,3,walking,2282.6
1.0,alpha1p0,107,1,subject107_client1,10508,3,walking,2283.88
1.0,alpha1p0,107,1,subject107_client1,10509,3,walking,2285.16
1.0,alpha1p0,107,1,subject107_client1,10510,3,walking,2286.44
1.0,alpha1p0,107,1,subject107_client1,10511,3,walking,2287.72
1.0,alpha1p0,107,1,subject107_client1,10512,3,walking,2289.0
1.0,alpha1p0,107,1,subject107_client1,10513,3,walking,2290.28
1.0,alpha1p0,107,1,subject107_client1,10514,3,walking,2291.56
1.0,alpha1p0,107,1,subject107_client1,10515,3,walking,2292.84
1.0,alpha1p0,107,1,subject107_client1,10516,3,walking,2294.12
1.0,alpha1p0,107,1,subject107_client1,10517,3,walking,2295.4
1.0,alpha1p0,107,1,subject107_client1,10518,3,walking,2296.68
1.0,alpha1p0,107,1,subject107_client1,10519,3,walking,2297.96
1.0,alpha1p0,107,1,subject107_client1,10520,3,walking,2299.24
1.0,alpha1p0,107,1,subject107_client1,10521,3,walking,2300.52
1.0,alpha1p0,107,1,subject107_client1,10522,3,walking,2301.8
1.0,alpha1p0,107,1,subject107_client1,10523,3,walking,2303.08
1.0,alpha1p0,107,1,subject107_client1,10524,3,walking,2304.36
1.0,alpha1p0,107,1,subject107_client1,10525,3,walking,2305.64
1.0,alpha1p0,107,1,subject107_client1,10526,3,walking,2306.92
1.0,alpha1p0,107,1,subject107_client1,10527,3,walking,2308.2
1.0,alpha1p0,107,1,subject107_client1,10528,3,walking,2309.48
1.0,alpha1p0,107,1,subject107_client1,10529,3,walking,2310.76
1.0,alpha1p0,107,1,subject107_client1,10530,3,walking,2312.04
1.0,alpha1p0,107,1,subject107_client1,10531,3,walking,2313.32
1.0,alpha1p0,107,1,subject107_client1,10532,3,walking,2314.6
1.0,alpha1p0,107,1,subject107_client1,10533,3,walking,2315.88
1.0,alpha1p0,107,1,subject107_client1,10534,3,walking,2317.16
1.0,alpha1p0,107,1,subject107_client1,10535,3,walking,2318.44
1.0,alpha1p0,107,1,subject107_client1,10536,3,walking,2319.72
1.0,alpha1p0,107,1,subject107_client1,10537,3,walking,2321.0
1.0,alpha1p0,107,1,subject107_client1,10538,3,walking,2322.28
1.0,alpha1p0,107,1,subject107_client1,10539,3,walking,2323.56
1.0,alpha1p0,107,1,subject107_client1,10540,3,walking,2324.84
1.0,alpha1p0,107,1,subject107_client1,10541,3,walking,2326.12
1.0,alpha1p0,107,1,subject107_client1,10542,3,walking,2327.4
1.0,alpha1p0,107,1,subject107_client1,10543,3,walking,2328.68
1.0,alpha1p0,107,1,subject107_client1,10544,3,walking,2329.96
1.0,alpha1p0,107,1,subject107_client1,10545,3,walking,2331.24
1.0,alpha1p0,107,1,subject107_client1,10546,3,walking,2332.52
1.0,alpha1p0,107,1,subject107_client1,10547,3,walking,2333.8
1.0,alpha1p0,107,1,subject107_client1,10548,3,walking,2335.08
1.0,alpha1p0,107,1,subject107_client1,10549,3,walking,2336.36
1.0,alpha1p0,107,1,subject107_client1,10550,3,walking,2337.64
1.0,alpha1p0,107,1,subject107_client1,10551,3,walking,2338.92
1.0,alpha1p0,107,1,subject107_client1,10552,3,walking,2340.2
1.0,alpha1p0,107,1,subject107_client1,10553,3,walking,2341.48
1.0,alpha1p0,107,1,subject107_client1,10554,3,walking,2342.76
1.0,alpha1p0,107,1,subject107_client1,10555,3,walking,2344.04
1.0,alpha1p0,107,1,subject107_client1,10556,3,walking,2345.32
1.0,alpha1p0,107,1,subject107_client1,10557,3,walking,2346.6
1.0,alpha1p0,107,1,subject107_client1,10558,3,walking,2347.88
1.0,alpha1p0,107,1,subject107_client1,10559,3,walking,2349.16
1.0,alpha1p0,107,1,subject107_client1,10560,3,walking,2350.44
1.0,alpha1p0,107,1,subject107_client1,10561,3,walking,2351.72
1.0,alpha1p0,107,1,subject107_client1,10562,3,walking,2353.0
1.0,alpha1p0,107,1,subject107_client1,10563,3,walking,2354.28
1.0,alpha1p0,107,1,subject107_client1,10564,3,walking,2355.56
1.0,alpha1p0,107,1,subject107_client1,10565,3,walking,2356.84
1.0,alpha1p0,107,1,subject107_client1,10566,3,walking,2358.12
1.0,alpha1p0,107,1,subject107_client1,10567,3,walking,2359.4
1.0,alpha1p0,107,1,subject107_client1,10568,3,walking,2360.68
1.0,alpha1p0,107,1,subject107_client1,10569,3,walking,2361.96
1.0,alpha1p0,107,1,subject107_client1,10570,3,walking,2363.24
1.0,alpha1p0,107,1,subject107_client1,10571,3,walking,2364.52
1.0,alpha1p0,107,1,subject107_client1,10572,3,walking,2365.8
1.0,alpha1p0,107,1,subject107_client1,10573,3,walking,2367.08
1.0,alpha1p0,107,1,subject107_client1,10574,3,walking,2368.36
1.0,alpha1p0,107,1,subject107_client1,10575,3,walking,2369.64
1.0,alpha1p0,107,1,subject107_client1,10576,3,walking,2370.92
1.0,alpha1p0,107,1,subject107_client1,10577,3,walking,2372.2
1.0,alpha1p0,107,1,subject107_client1,10578,3,walking,2373.48
1.0,alpha1p0,107,1,subject107_client1,10579,3,walking,2374.76
1.0,alpha1p0,107,0,subject107_client0,10581,3,walking,2377.32
1.0,alpha1p0,107,0,subject107_client0,10582,3,walking,2378.6
1.0,alpha1p0,107,0,subject107_client0,10583,3,walking,2379.88
1.0,alpha1p0,107,0,subject107_client0,10584,3,walking,2381.16
1.0,alpha1p0,107,0,subject107_client0,10585,3,walking,2382.44
1.0,alpha1p0,107,0,subject107_client0,10586,3,walking,2383.72
1.0,alpha1p0,107,0,subject107_client0,10587,3,walking,2385.0
1.0,alpha1p0,107,1,subject107_client1,10588,6,Nordic walking,2469.24
1.0,alpha1p0,107,1,subject107_client1,10589,6,Nordic walking,2470.52
1.0,alpha1p0,107,1,subject107_client1,10590,6,Nordic walking,2471.8
1.0,alpha1p0,107,1,subject107_client1,10591,6,Nordic walking,2473.08
1.0,alpha1p0,107,1,subject107_client1,10592,6,Nordic walking,2474.36
1.0,alpha1p0,107,1,subject107_client1,10593,6,Nordic walking,2475.64
1.0,alpha1p0,107,1,subject107_client1,10594,6,Nordic walking,2476.92
1.0,alpha1p0,107,1,subject107_client1,10595,6,Nordic walking,2478.2
1.0,alpha1p0,107,1,subject107_client1,10596,6,Nordic walking,2479.48
1.0,alpha1p0,107,1,subject107_client1,10597,6,Nordic walking,2480.76
1.0,alpha1p0,107,1,subject107_client1,10598,6,Nordic walking,2482.04
1.0,alpha1p0,107,1,subject107_client1,10599,6,Nordic walking,2483.32
1.0,alpha1p0,107,1,subject107_client1,10600,6,Nordic walking,2484.6
1.0,alpha1p0,107,1,subject107_client1,10601,6,Nordic walking,2485.88
1.0,alpha1p0,107,1,subject107_client1,10602,6,Nordic walking,2487.16
1.0,alpha1p0,107,1,subject107_client1,10603,6,Nordic walking,2488.44
1.0,alpha1p0,107,1,subject107_client1,10604,6,Nordic walking,2489.72
1.0,alpha1p0,107,1,subject107_client1,10605,6,Nordic walking,2491.0
1.0,alpha1p0,107,1,subject107_client1,10606,6,Nordic walking,2492.28
1.0,alpha1p0,107,1,subject107_client1,10607,6,Nordic walking,2493.56
1.0,alpha1p0,107,1,subject107_client1,10608,6,Nordic walking,2494.84
1.0,alpha1p0,107,1,subject107_client1,10609,6,Nordic walking,2496.12
1.0,alpha1p0,107,1,subject107_client1,10610,6,Nordic walking,2497.4
1.0,alpha1p0,107,1,subject107_client1,10611,6,Nordic walking,2498.68
1.0,alpha1p0,107,1,subject107_client1,10612,6,Nordic walking,2499.96
1.0,alpha1p0,107,1,subject107_client1,10613,6,Nordic walking,2501.24
1.0,alpha1p0,107,1,subject107_client1,10614,6,Nordic walking,2502.52
1.0,alpha1p0,107,1,subject107_client1,10615,6,Nordic walking,2503.8
1.0,alpha1p0,107,1,subject107_client1,10616,6,Nordic walking,2505.08
1.0,alpha1p0,107,1,subject107_client1,10617,6,Nordic walking,2506.36
1.0,alpha1p0,107,1,subject107_client1,10618,6,Nordic walking,2507.64
1.0,alpha1p0,107,1,subject107_client1,10619,6,Nordic walking,2508.92
1.0,alpha1p0,107,1,subject107_client1,10620,6,Nordic walking,2510.2
1.0,alpha1p0,107,1,subject107_client1,10621,6,Nordic walking,2511.48
1.0,alpha1p0,107,1,subject107_client1,10622,6,Nordic walking,2512.76
1.0,alpha1p0,107,1,subject107_client1,10623,6,Nordic walking,2514.04
1.0,alpha1p0,107,1,subject107_client1,10624,6,Nordic walking,2515.32
1.0,alpha1p0,107,1,subject107_client1,10625,6,Nordic walking,2516.6
1.0,alpha1p0,107,1,subject107_client1,10626,6,Nordic walking,2517.88
1.0,alpha1p0,107,2,subject107_client2,10628,6,Nordic walking,2520.44
1.0,alpha1p0,107,2,subject107_client2,10629,6,Nordic walking,2521.72
1.0,alpha1p0,107,2,subject107_client2,10630,6,Nordic walking,2523.0
1.0,alpha1p0,107,2,subject107_client2,10631,6,Nordic walking,2524.28
1.0,alpha1p0,107,2,subject107_client2,10632,6,Nordic walking,2525.56
1.0,alpha1p0,107,2,subject107_client2,10633,6,Nordic walking,2526.84
1.0,alpha1p0,107,2,subject107_client2,10634,6,Nordic walking,2528.12
1.0,alpha1p0,107,2,subject107_client2,10635,6,Nordic walking,2529.4
1.0,alpha1p0,107,2,subject107_client2,10636,6,Nordic walking,2530.68
1.0,alpha1p0,107,2,subject107_client2,10637,6,Nordic walking,2531.96
1.0,alpha1p0,107,2,subject107_client2,10638,6,Nordic walking,2533.24
1.0,alpha1p0,107,2,subject107_client2,10639,6,Nordic walking,2534.52
1.0,alpha1p0,107,2,subject107_client2,10640,6,Nordic walking,2535.8
1.0,alpha1p0,107,2,subject107_client2,10641,6,Nordic walking,2537.08
1.0,alpha1p0,107,2,subject107_client2,10642,6,Nordic walking,2538.36
1.0,alpha1p0,107,2,subject107_client2,10643,6,Nordic walking,2539.64
1.0,alpha1p0,107,2,subject107_client2,10644,6,Nordic walking,2540.92
1.0,alpha1p0,107,2,subject107_client2,10645,6,Nordic walking,2542.2
1.0,alpha1p0,107,2,subject107_client2,10646,6,Nordic walking,2543.48
1.0,alpha1p0,107,2,subject107_client2,10647,6,Nordic walking,2544.76
1.0,alpha1p0,107,2,subject107_client2,10648,6,Nordic walking,2546.04
1.0,alpha1p0,107,2,subject107_client2,10649,6,Nordic walking,2547.32
1.0,alpha1p0,107,2,subject107_client2,10650,6,Nordic walking,2548.6
1.0,alpha1p0,107,2,subject107_client2,10651,6,Nordic walking,2549.88
1.0,alpha1p0,107,2,subject107_client2,10652,6,Nordic walking,2551.16
1.0,alpha1p0,107,2,subject107_client2,10653,6,Nordic walking,2552.44
1.0,alpha1p0,107,2,subject107_client2,10654,6,Nordic walking,2553.72
1.0,alpha1p0,107,2,subject107_client2,10655,6,Nordic walking,2555.0
1.0,alpha1p0,107,2,subject107_client2,10656,6,Nordic walking,2556.28
1.0,alpha1p0,107,2,subject107_client2,10657,6,Nordic walking,2557.56
1.0,alpha1p0,107,2,subject107_client2,10658,6,Nordic walking,2558.84
1.0,alpha1p0,107,2,subject107_client2,10659,6,Nordic walking,2560.12
1.0,alpha1p0,107,2,subject107_client2,10660,6,Nordic walking,2561.4
1.0,alpha1p0,107,2,subject107_client2,10661,6,Nordic walking,2562.68
1.0,alpha1p0,107,2,subject107_client2,10662,6,Nordic walking,2563.96
1.0,alpha1p0,107,2,subject107_client2,10663,6,Nordic walking,2565.24
1.0,alpha1p0,107,2,subject107_client2,10664,6,Nordic walking,2566.52
1.0,alpha1p0,107,2,subject107_client2,10665,6,Nordic walking,2567.8
1.0,alpha1p0,107,2,subject107_client2,10666,6,Nordic walking,2569.08
1.0,alpha1p0,107,2,subject107_client2,10667,6,Nordic walking,2570.36
1.0,alpha1p0,107,2,subject107_client2,10668,6,Nordic walking,2571.64
1.0,alpha1p0,107,2,subject107_client2,10669,6,Nordic walking,2572.92
1.0,alpha1p0,107,2,subject107_client2,10670,6,Nordic walking,2574.2
1.0,alpha1p0,107,2,subject107_client2,10671,6,Nordic walking,2575.48
1.0,alpha1p0,107,2,subject107_client2,10672,6,Nordic walking,2576.76
1.0,alpha1p0,107,2,subject107_client2,10673,6,Nordic walking,2578.04
1.0,alpha1p0,107,2,subject107_client2,10674,6,Nordic walking,2579.32
1.0,alpha1p0,107,2,subject107_client2,10675,6,Nordic walking,2580.6
1.0,alpha1p0,107,2,subject107_client2,10676,6,Nordic walking,2581.88
1.0,alpha1p0,107,2,subject107_client2,10677,6,Nordic walking,2583.16
1.0,alpha1p0,107,2,subject107_client2,10678,6,Nordic walking,2584.44
1.0,alpha1p0,107,2,subject107_client2,10679,6,Nordic walking,2585.72
1.0,alpha1p0,107,2,subject107_client2,10680,6,Nordic walking,2587.0
1.0,alpha1p0,107,2,subject107_client2,10681,6,Nordic walking,2588.28
1.0,alpha1p0,107,2,subject107_client2,10682,6,Nordic walking,2589.56
1.0,alpha1p0,107,2,subject107_client2,10683,6,Nordic walking,2590.84
1.0,alpha1p0,107,2,subject107_client2,10684,6,Nordic walking,2592.12
1.0,alpha1p0,107,2,subject107_client2,10685,6,Nordic walking,2593.4
1.0,alpha1p0,107,2,subject107_client2,10686,6,Nordic walking,2594.68
1.0,alpha1p0,107,2,subject107_client2,10687,6,Nordic walking,2595.96
1.0,alpha1p0,107,2,subject107_client2,10688,6,Nordic walking,2597.24
1.0,alpha1p0,107,2,subject107_client2,10689,6,Nordic walking,2598.52
1.0,alpha1p0,107,2,subject107_client2,10690,6,Nordic walking,2599.8
1.0,alpha1p0,107,2,subject107_client2,10691,6,Nordic walking,2601.08
1.0,alpha1p0,107,2,subject107_client2,10692,6,Nordic walking,2602.36
1.0,alpha1p0,107,2,subject107_client2,10693,6,Nordic walking,2603.64
1.0,alpha1p0,107,2,subject107_client2,10694,6,Nordic walking,2604.92
1.0,alpha1p0,107,2,subject107_client2,10695,6,Nordic walking,2606.2
1.0,alpha1p0,107,2,subject107_client2,10696,6,Nordic walking,2607.48
1.0,alpha1p0,107,2,subject107_client2,10697,6,Nordic walking,2608.76
1.0,alpha1p0,107,2,subject107_client2,10698,6,Nordic walking,2610.04
1.0,alpha1p0,107,2,subject107_client2,10699,6,Nordic walking,2611.32
1.0,alpha1p0,107,2,subject107_client2,10700,6,Nordic walking,2612.6
1.0,alpha1p0,107,2,subject107_client2,10701,6,Nordic walking,2613.88
1.0,alpha1p0,107,2,subject107_client2,10702,6,Nordic walking,2615.16
1.0,alpha1p0,107,2,subject107_client2,10703,6,Nordic walking,2616.44
1.0,alpha1p0,107,2,subject107_client2,10704,6,Nordic walking,2617.72
1.0,alpha1p0,107,2,subject107_client2,10705,6,Nordic walking,2619.0
1.0,alpha1p0,107,2,subject107_client2,10706,6,Nordic walking,2620.28
1.0,alpha1p0,107,2,subject107_client2,10707,6,Nordic walking,2621.56
1.0,alpha1p0,107,2,subject107_client2,10708,6,Nordic walking,2622.84
1.0,alpha1p0,107,2,subject107_client2,10709,6,Nordic walking,2624.12
1.0,alpha1p0,107,2,subject107_client2,10710,6,Nordic walking,2625.4
1.0,alpha1p0,107,2,subject107_client2,10711,6,Nordic walking,2626.68
1.0,alpha1p0,107,2,subject107_client2,10712,6,Nordic walking,2627.96
1.0,alpha1p0,107,2,subject107_client2,10713,6,Nordic walking,2629.24
1.0,alpha1p0,107,2,subject107_client2,10714,6,Nordic walking,2630.52
1.0,alpha1p0,107,2,subject107_client2,10715,6,Nordic walking,2631.8
1.0,alpha1p0,107,2,subject107_client2,10716,6,Nordic walking,2633.08
1.0,alpha1p0,107,2,subject107_client2,10717,6,Nordic walking,2634.36
1.0,alpha1p0,107,2,subject107_client2,10718,6,Nordic walking,2635.64
1.0,alpha1p0,107,2,subject107_client2,10719,6,Nordic walking,2636.92
1.0,alpha1p0,107,2,subject107_client2,10720,6,Nordic walking,2638.2
1.0,alpha1p0,107,2,subject107_client2,10721,6,Nordic walking,2639.48
1.0,alpha1p0,107,2,subject107_client2,10722,6,Nordic walking,2640.76
1.0,alpha1p0,107,2,subject107_client2,10723,6,Nordic walking,2642.04
1.0,alpha1p0,107,2,subject107_client2,10724,6,Nordic walking,2643.32
1.0,alpha1p0,107,2,subject107_client2,10725,6,Nordic walking,2644.6
1.0,alpha1p0,107,2,subject107_client2,10726,6,Nordic walking,2645.88
1.0,alpha1p0,107,2,subject107_client2,10727,6,Nordic walking,2647.16
1.0,alpha1p0,107,2,subject107_client2,10728,6,Nordic walking,2648.44
1.0,alpha1p0,107,2,subject107_client2,10729,6,Nordic walking,2649.72
1.0,alpha1p0,107,2,subject107_client2,10730,6,Nordic walking,2651.0
1.0,alpha1p0,107,2,subject107_client2,10731,6,Nordic walking,2652.28
1.0,alpha1p0,107,2,subject107_client2,10732,6,Nordic walking,2653.56
1.0,alpha1p0,107,2,subject107_client2,10733,6,Nordic walking,2654.84
1.0,alpha1p0,107,2,subject107_client2,10734,6,Nordic walking,2656.12
1.0,alpha1p0,107,0,subject107_client0,10736,6,Nordic walking,2658.68
1.0,alpha1p0,107,0,subject107_client0,10737,6,Nordic walking,2659.96
1.0,alpha1p0,107,0,subject107_client0,10738,6,Nordic walking,2661.24
1.0,alpha1p0,107,0,subject107_client0,10739,6,Nordic walking,2662.52
1.0,alpha1p0,107,0,subject107_client0,10740,6,Nordic walking,2663.8
1.0,alpha1p0,107,0,subject107_client0,10741,6,Nordic walking,2665.08
1.0,alpha1p0,107,0,subject107_client0,10742,6,Nordic walking,2666.36
1.0,alpha1p0,107,0,subject107_client0,10743,6,Nordic walking,2667.64
1.0,alpha1p0,107,0,subject107_client0,10744,6,Nordic walking,2668.92
1.0,alpha1p0,107,0,subject107_client0,10745,6,Nordic walking,2670.2
1.0,alpha1p0,107,0,subject107_client0,10746,6,Nordic walking,2671.48
1.0,alpha1p0,107,0,subject107_client0,10747,6,Nordic walking,2672.76
1.0,alpha1p0,107,0,subject107_client0,10748,6,Nordic walking,2674.04
1.0,alpha1p0,107,0,subject107_client0,10749,6,Nordic walking,2675.32
1.0,alpha1p0,107,0,subject107_client0,10750,6,Nordic walking,2676.6
1.0,alpha1p0,107,0,subject107_client0,10751,6,Nordic walking,2677.88
1.0,alpha1p0,107,0,subject107_client0,10752,6,Nordic walking,2679.16
1.0,alpha1p0,107,0,subject107_client0,10753,6,Nordic walking,2680.44
1.0,alpha1p0,107,0,subject107_client0,10754,6,Nordic walking,2681.72
1.0,alpha1p0,107,0,subject107_client0,10755,6,Nordic walking,2683.0
1.0,alpha1p0,107,3,subject107_client3,10757,6,Nordic walking,2685.56
1.0,alpha1p0,107,3,subject107_client3,10758,6,Nordic walking,2686.84
1.0,alpha1p0,107,3,subject107_client3,10759,6,Nordic walking,2688.12
1.0,alpha1p0,107,3,subject107_client3,10760,6,Nordic walking,2689.4
1.0,alpha1p0,107,3,subject107_client3,10761,6,Nordic walking,2690.68
1.0,alpha1p0,107,3,subject107_client3,10762,6,Nordic walking,2691.96
1.0,alpha1p0,107,3,subject107_client3,10763,6,Nordic walking,2693.24
1.0,alpha1p0,107,3,subject107_client3,10764,6,Nordic walking,2694.52
1.0,alpha1p0,107,3,subject107_client3,10765,6,Nordic walking,2695.8
1.0,alpha1p0,107,3,subject107_client3,10766,6,Nordic walking,2697.08
1.0,alpha1p0,107,3,subject107_client3,10767,6,Nordic walking,2698.36
1.0,alpha1p0,107,3,subject107_client3,10768,6,Nordic walking,2699.64
1.0,alpha1p0,107,3,subject107_client3,10769,6,Nordic walking,2700.92
1.0,alpha1p0,107,3,subject107_client3,10770,6,Nordic walking,2702.2
1.0,alpha1p0,107,3,subject107_client3,10771,6,Nordic walking,2703.48
1.0,alpha1p0,107,3,subject107_client3,10772,6,Nordic walking,2704.76
1.0,alpha1p0,107,3,subject107_client3,10773,6,Nordic walking,2706.04
1.0,alpha1p0,107,3,subject107_client3,10774,6,Nordic walking,2707.32
1.0,alpha1p0,107,3,subject107_client3,10775,6,Nordic walking,2708.6
1.0,alpha1p0,107,3,subject107_client3,10776,6,Nordic walking,2709.88
1.0,alpha1p0,107,3,subject107_client3,10777,6,Nordic walking,2711.16
1.0,alpha1p0,107,3,subject107_client3,10778,6,Nordic walking,2712.44
1.0,alpha1p0,107,3,subject107_client3,10779,6,Nordic walking,2713.72
1.0,alpha1p0,107,3,subject107_client3,10780,6,Nordic walking,2715.0
1.0,alpha1p0,107,3,subject107_client3,10781,6,Nordic walking,2716.28
1.0,alpha1p0,107,3,subject107_client3,10782,6,Nordic walking,2717.56
1.0,alpha1p0,107,3,subject107_client3,10783,6,Nordic walking,2718.84
1.0,alpha1p0,107,3,subject107_client3,10784,6,Nordic walking,2720.12
1.0,alpha1p0,107,3,subject107_client3,10785,6,Nordic walking,2721.4
1.0,alpha1p0,107,3,subject107_client3,10786,6,Nordic walking,2722.68
1.0,alpha1p0,107,3,subject107_client3,10787,6,Nordic walking,2723.96
1.0,alpha1p0,107,3,subject107_client3,10788,6,Nordic walking,2725.24
1.0,alpha1p0,107,3,subject107_client3,10789,6,Nordic walking,2726.52
1.0,alpha1p0,107,3,subject107_client3,10790,6,Nordic walking,2727.8
1.0,alpha1p0,107,3,subject107_client3,10791,6,Nordic walking,2729.08
1.0,alpha1p0,107,3,subject107_client3,10792,6,Nordic walking,2730.36
1.0,alpha1p0,107,3,subject107_client3,10793,6,Nordic walking,2731.64
1.0,alpha1p0,107,3,subject107_client3,10794,6,Nordic walking,2732.92
1.0,alpha1p0,107,3,subject107_client3,10795,6,Nordic walking,2734.2
1.0,alpha1p0,107,3,subject107_client3,10796,6,Nordic walking,2735.48
1.0,alpha1p0,107,3,subject107_client3,10797,6,Nordic walking,2736.76
1.0,alpha1p0,107,3,subject107_client3,10798,6,Nordic walking,2738.04
1.0,alpha1p0,107,3,subject107_client3,10799,6,Nordic walking,2739.32
1.0,alpha1p0,107,3,subject107_client3,10800,6,Nordic walking,2740.6
1.0,alpha1p0,107,3,subject107_client3,10801,6,Nordic walking,2741.88
1.0,alpha1p0,107,3,subject107_client3,10802,6,Nordic walking,2743.16
1.0,alpha1p0,107,3,subject107_client3,10803,6,Nordic walking,2744.44
1.0,alpha1p0,107,3,subject107_client3,10804,6,Nordic walking,2745.72
1.0,alpha1p0,107,3,subject107_client3,10805,6,Nordic walking,2747.0
1.0,alpha1p0,107,3,subject107_client3,10806,6,Nordic walking,2748.28
1.0,alpha1p0,107,3,subject107_client3,10807,6,Nordic walking,2749.56
1.0,alpha1p0,107,3,subject107_client3,10808,6,Nordic walking,2750.84
1.0,alpha1p0,107,3,subject107_client3,10809,6,Nordic walking,2752.12
1.0,alpha1p0,107,3,subject107_client3,10810,6,Nordic walking,2753.4
1.0,alpha1p0,107,2,subject107_client2,10811,5,cycling,2812.9
1.0,alpha1p0,107,2,subject107_client2,10812,5,cycling,2814.18
1.0,alpha1p0,107,2,subject107_client2,10813,5,cycling,2815.46
1.0,alpha1p0,107,2,subject107_client2,10814,5,cycling,2816.74
1.0,alpha1p0,107,2,subject107_client2,10815,5,cycling,2818.02
1.0,alpha1p0,107,2,subject107_client2,10816,5,cycling,2819.3
1.0,alpha1p0,107,2,subject107_client2,10817,5,cycling,2820.58
1.0,alpha1p0,107,3,subject107_client3,10819,5,cycling,2823.14
1.0,alpha1p0,107,3,subject107_client3,10820,5,cycling,2824.42
1.0,alpha1p0,107,3,subject107_client3,10821,5,cycling,2825.7
1.0,alpha1p0,107,3,subject107_client3,10822,5,cycling,2826.98
1.0,alpha1p0,107,3,subject107_client3,10823,5,cycling,2828.26
1.0,alpha1p0,107,3,subject107_client3,10824,5,cycling,2829.54
1.0,alpha1p0,107,3,subject107_client3,10825,5,cycling,2830.82
1.0,alpha1p0,107,3,subject107_client3,10826,5,cycling,2832.1
1.0,alpha1p0,107,3,subject107_client3,10827,5,cycling,2833.38
1.0,alpha1p0,107,3,subject107_client3,10828,5,cycling,2834.66
1.0,alpha1p0,107,3,subject107_client3,10829,5,cycling,2835.94
1.0,alpha1p0,107,3,subject107_client3,10830,5,cycling,2837.22
1.0,alpha1p0,107,3,subject107_client3,10831,5,cycling,2838.5
1.0,alpha1p0,107,3,subject107_client3,10832,5,cycling,2839.78
1.0,alpha1p0,107,3,subject107_client3,10833,5,cycling,2841.06
1.0,alpha1p0,107,3,subject107_client3,10834,5,cycling,2842.34
1.0,alpha1p0,107,3,subject107_client3,10835,5,cycling,2843.62
1.0,alpha1p0,107,3,subject107_client3,10836,5,cycling,2844.9
1.0,alpha1p0,107,3,subject107_client3,10837,5,cycling,2846.18
1.0,alpha1p0,107,3,subject107_client3,10838,5,cycling,2847.46
1.0,alpha1p0,107,3,subject107_client3,10839,5,cycling,2848.74
1.0,alpha1p0,107,3,subject107_client3,10840,5,cycling,2850.02
1.0,alpha1p0,107,3,subject107_client3,10841,5,cycling,2851.3
1.0,alpha1p0,107,3,subject107_client3,10842,5,cycling,2852.58
1.0,alpha1p0,107,3,subject107_client3,10843,5,cycling,2853.86
1.0,alpha1p0,107,3,subject107_client3,10844,5,cycling,2855.14
1.0,alpha1p0,107,3,subject107_client3,10845,5,cycling,2856.42
1.0,alpha1p0,107,3,subject107_client3,10846,5,cycling,2857.7
1.0,alpha1p0,107,3,subject107_client3,10847,5,cycling,2858.98
1.0,alpha1p0,107,3,subject107_client3,10848,5,cycling,2860.26
1.0,alpha1p0,107,3,subject107_client3,10849,5,cycling,2861.54
1.0,alpha1p0,107,3,subject107_client3,10850,5,cycling,2862.82
1.0,alpha1p0,107,3,subject107_client3,10851,5,cycling,2864.1
1.0,alpha1p0,107,3,subject107_client3,10852,5,cycling,2865.38
1.0,alpha1p0,107,3,subject107_client3,10853,5,cycling,2866.66
1.0,alpha1p0,107,3,subject107_client3,10854,5,cycling,2867.94
1.0,alpha1p0,107,3,subject107_client3,10855,5,cycling,2869.22
1.0,alpha1p0,107,3,subject107_client3,10856,5,cycling,2870.5
1.0,alpha1p0,107,3,subject107_client3,10857,5,cycling,2871.78
1.0,alpha1p0,107,3,subject107_client3,10858,5,cycling,2873.06
1.0,alpha1p0,107,3,subject107_client3,10859,5,cycling,2874.34
1.0,alpha1p0,107,3,subject107_client3,10860,5,cycling,2875.62
1.0,alpha1p0,107,3,subject107_client3,10861,5,cycling,2876.9
1.0,alpha1p0,107,3,subject107_client3,10862,5,cycling,2878.18
1.0,alpha1p0,107,3,subject107_client3,10863,5,cycling,2879.46
1.0,alpha1p0,107,3,subject107_client3,10864,5,cycling,2880.74
1.0,alpha1p0,107,3,subject107_client3,10865,5,cycling,2882.02
1.0,alpha1p0,107,3,subject107_client3,10866,5,cycling,2883.3
1.0,alpha1p0,107,3,subject107_client3,10867,5,cycling,2884.58
1.0,alpha1p0,107,3,subject107_client3,10868,5,cycling,2885.86
1.0,alpha1p0,107,3,subject107_client3,10869,5,cycling,2887.14
1.0,alpha1p0,107,3,subject107_client3,10870,5,cycling,2888.42
1.0,alpha1p0,107,3,subject107_client3,10871,5,cycling,2889.7
1.0,alpha1p0,107,3,subject107_client3,10872,5,cycling,2890.98
1.0,alpha1p0,107,3,subject107_client3,10873,5,cycling,2892.26
1.0,alpha1p0,107,3,subject107_client3,10874,5,cycling,2893.54
1.0,alpha1p0,107,3,subject107_client3,10875,5,cycling,2894.82
1.0,alpha1p0,107,3,subject107_client3,10876,5,cycling,2896.1
1.0,alpha1p0,107,3,subject107_client3,10877,5,cycling,2897.38
1.0,alpha1p0,107,3,subject107_client3,10878,5,cycling,2898.66
1.0,alpha1p0,107,3,subject107_client3,10879,5,cycling,2899.94
1.0,alpha1p0,107,3,subject107_client3,10880,5,cycling,2901.22
1.0,alpha1p0,107,3,subject107_client3,10881,5,cycling,2902.5
1.0,alpha1p0,107,3,subject107_client3,10882,5,cycling,2903.78
1.0,alpha1p0,107,3,subject107_client3,10883,5,cycling,2905.06
1.0,alpha1p0,107,3,subject107_client3,10884,5,cycling,2906.34
1.0,alpha1p0,107,3,subject107_client3,10885,5,cycling,2907.62
1.0,alpha1p0,107,3,subject107_client3,10886,5,cycling,2908.9
1.0,alpha1p0,107,3,subject107_client3,10887,5,cycling,2910.18
1.0,alpha1p0,107,3,subject107_client3,10888,5,cycling,2911.46
1.0,alpha1p0,107,3,subject107_client3,10889,5,cycling,2912.74
1.0,alpha1p0,107,3,subject107_client3,10890,5,cycling,2914.02
1.0,alpha1p0,107,3,subject107_client3,10891,5,cycling,2915.3
1.0,alpha1p0,107,3,subject107_client3,10892,5,cycling,2916.58
1.0,alpha1p0,107,3,subject107_client3,10893,5,cycling,2917.86
1.0,alpha1p0,107,3,subject107_client3,10894,5,cycling,2919.14
1.0,alpha1p0,107,3,subject107_client3,10895,5,cycling,2920.42
1.0,alpha1p0,107,3,subject107_client3,10896,5,cycling,2921.7
1.0,alpha1p0,107,3,subject107_client3,10897,5,cycling,2922.98
1.0,alpha1p0,107,3,subject107_client3,10898,5,cycling,2924.26
1.0,alpha1p0,107,3,subject107_client3,10899,5,cycling,2925.54
1.0,alpha1p0,107,3,subject107_client3,10900,5,cycling,2926.82
1.0,alpha1p0,107,3,subject107_client3,10901,5,cycling,2928.1
1.0,alpha1p0,107,3,subject107_client3,10902,5,cycling,2929.38
1.0,alpha1p0,107,3,subject107_client3,10903,5,cycling,2930.66
1.0,alpha1p0,107,3,subject107_client3,10904,5,cycling,2931.94
1.0,alpha1p0,107,3,subject107_client3,10905,5,cycling,2933.22
1.0,alpha1p0,107,3,subject107_client3,10906,5,cycling,2934.5
1.0,alpha1p0,107,3,subject107_client3,10907,5,cycling,2935.78
1.0,alpha1p0,107,3,subject107_client3,10908,5,cycling,2937.06
1.0,alpha1p0,107,3,subject107_client3,10909,5,cycling,2938.34
1.0,alpha1p0,107,3,subject107_client3,10910,5,cycling,2939.62
1.0,alpha1p0,107,3,subject107_client3,10911,5,cycling,2940.9
1.0,alpha1p0,107,3,subject107_client3,10912,5,cycling,2942.18
1.0,alpha1p0,107,3,subject107_client3,10913,5,cycling,2943.46
1.0,alpha1p0,107,3,subject107_client3,10914,5,cycling,2944.74
1.0,alpha1p0,107,3,subject107_client3,10915,5,cycling,2946.02
1.0,alpha1p0,107,3,subject107_client3,10916,5,cycling,2947.3
1.0,alpha1p0,107,3,subject107_client3,10917,5,cycling,2948.58
1.0,alpha1p0,107,3,subject107_client3,10918,5,cycling,2949.86
1.0,alpha1p0,107,3,subject107_client3,10919,5,cycling,2951.14
1.0,alpha1p0,107,3,subject107_client3,10920,5,cycling,2952.42
1.0,alpha1p0,107,3,subject107_client3,10921,5,cycling,2953.7
1.0,alpha1p0,107,3,subject107_client3,10922,5,cycling,2954.98
1.0,alpha1p0,107,3,subject107_client3,10923,5,cycling,2956.26
1.0,alpha1p0,107,3,subject107_client3,10924,5,cycling,2957.54
1.0,alpha1p0,107,3,subject107_client3,10925,5,cycling,2958.82
1.0,alpha1p0,107,3,subject107_client3,10926,5,cycling,2960.1
1.0,alpha1p0,107,3,subject107_client3,10927,5,cycling,2961.38
1.0,alpha1p0,107,3,subject107_client3,10928,5,cycling,2962.66
1.0,alpha1p0,107,3,subject107_client3,10929,5,cycling,2963.94
1.0,alpha1p0,107,3,subject107_client3,10930,5,cycling,2965.22
1.0,alpha1p0,107,3,subject107_client3,10931,5,cycling,2966.5
1.0,alpha1p0,107,3,subject107_client3,10932,5,cycling,2967.78
1.0,alpha1p0,107,3,subject107_client3,10933,5,cycling,2969.06
1.0,alpha1p0,107,3,subject107_client3,10934,5,cycling,2970.34
1.0,alpha1p0,107,3,subject107_client3,10935,5,cycling,2971.62
1.0,alpha1p0,107,3,subject107_client3,10936,5,cycling,2972.9
1.0,alpha1p0,107,3,subject107_client3,10937,5,cycling,2974.18
1.0,alpha1p0,107,3,subject107_client3,10938,5,cycling,2975.46
1.0,alpha1p0,107,3,subject107_client3,10939,5,cycling,2976.74
1.0,alpha1p0,107,3,subject107_client3,10940,5,cycling,2978.02
1.0,alpha1p0,107,3,subject107_client3,10941,5,cycling,2979.3
1.0,alpha1p0,107,3,subject107_client3,10942,5,cycling,2980.58
1.0,alpha1p0,107,3,subject107_client3,10943,5,cycling,2981.86
1.0,alpha1p0,107,3,subject107_client3,10944,5,cycling,2983.14
1.0,alpha1p0,107,3,subject107_client3,10945,5,cycling,2984.42
1.0,alpha1p0,107,3,subject107_client3,10946,5,cycling,2985.7
1.0,alpha1p0,107,3,subject107_client3,10947,5,cycling,2986.98
1.0,alpha1p0,107,3,subject107_client3,10948,5,cycling,2988.26
1.0,alpha1p0,107,3,subject107_client3,10949,5,cycling,2989.54
1.0,alpha1p0,107,3,subject107_client3,10950,5,cycling,2990.82
1.0,alpha1p0,107,3,subject107_client3,10951,5,cycling,2992.1
1.0,alpha1p0,107,3,subject107_client3,10952,5,cycling,2993.38
1.0,alpha1p0,107,3,subject107_client3,10953,5,cycling,2994.66
1.0,alpha1p0,107,3,subject107_client3,10954,5,cycling,2995.94
1.0,alpha1p0,107,3,subject107_client3,10955,5,cycling,2997.22
1.0,alpha1p0,107,3,subject107_client3,10956,5,cycling,2998.5
1.0,alpha1p0,107,3,subject107_client3,10957,5,cycling,2999.78
1.0,alpha1p0,107,3,subject107_client3,10958,5,cycling,3001.06
1.0,alpha1p0,107,3,subject107_client3,10959,5,cycling,3002.34
1.0,alpha1p0,107,3,subject107_client3,10960,5,cycling,3003.62
1.0,alpha1p0,107,3,subject107_client3,10961,5,cycling,3004.9
1.0,alpha1p0,107,3,subject107_client3,10962,5,cycling,3006.18
1.0,alpha1p0,107,3,subject107_client3,10963,5,cycling,3007.46
1.0,alpha1p0,107,3,subject107_client3,10964,5,cycling,3008.74
1.0,alpha1p0,107,3,subject107_client3,10965,5,cycling,3010.02
1.0,alpha1p0,107,3,subject107_client3,10966,5,cycling,3011.3
1.0,alpha1p0,107,3,subject107_client3,10967,5,cycling,3012.58
1.0,alpha1p0,107,3,subject107_client3,10968,5,cycling,3013.86
1.0,alpha1p0,107,3,subject107_client3,10969,5,cycling,3015.14
1.0,alpha1p0,107,3,subject107_client3,10970,5,cycling,3016.42
1.0,alpha1p0,107,3,subject107_client3,10971,5,cycling,3017.7
1.0,alpha1p0,107,3,subject107_client3,10972,5,cycling,3018.98
1.0,alpha1p0,107,3,subject107_client3,10973,5,cycling,3020.26
1.0,alpha1p0,107,3,subject107_client3,10974,5,cycling,3021.54
1.0,alpha1p0,107,1,subject107_client1,10976,5,cycling,3024.1
1.0,alpha1p0,107,1,subject107_client1,10977,5,cycling,3025.38
1.0,alpha1p0,107,1,subject107_client1,10978,5,cycling,3026.66
1.0,alpha1p0,107,1,subject107_client1,10979,5,cycling,3027.94
1.0,alpha1p0,107,1,subject107_client1,10980,5,cycling,3029.22
1.0,alpha1p0,107,1,subject107_client1,10981,5,cycling,3030.5
1.0,alpha1p0,107,1,subject107_client1,10982,5,cycling,3031.78
1.0,alpha1p0,107,1,subject107_client1,10983,5,cycling,3033.06
1.0,alpha1p0,107,1,subject107_client1,10984,5,cycling,3034.34
1.0,alpha1p0,107,0,subject107_client0,10986,5,cycling,3036.9
1.0,alpha1p0,107,2,subject107_client2,10987,4,running,3104.99
1.0,alpha1p0,107,2,subject107_client2,10988,4,running,3106.27
1.0,alpha1p0,107,2,subject107_client2,10989,4,running,3107.55
1.0,alpha1p0,107,2,subject107_client2,10990,4,running,3108.83
1.0,alpha1p0,107,2,subject107_client2,10991,4,running,3110.11
1.0,alpha1p0,107,2,subject107_client2,10992,4,running,3111.39
1.0,alpha1p0,107,2,subject107_client2,10993,4,running,3112.67
1.0,alpha1p0,107,0,subject107_client0,10995,4,running,3115.23
1.0,alpha1p0,107,0,subject107_client0,10996,4,running,3116.51
1.0,alpha1p0,107,0,subject107_client0,10997,4,running,3117.79
1.0,alpha1p0,107,0,subject107_client0,10998,4,running,3119.07
1.0,alpha1p0,107,3,subject107_client3,11000,4,running,3121.63
1.0,alpha1p0,107,3,subject107_client3,11001,4,running,3122.91
1.0,alpha1p0,107,3,subject107_client3,11002,4,running,3124.19
1.0,alpha1p0,107,3,subject107_client3,11003,4,running,3125.47
1.0,alpha1p0,107,3,subject107_client3,11004,4,running,3126.75
1.0,alpha1p0,107,1,subject107_client1,11006,4,running,3129.31
1.0,alpha1p0,107,1,subject107_client1,11007,4,running,3130.59
1.0,alpha1p0,107,1,subject107_client1,11008,4,running,3131.87
1.0,alpha1p0,107,1,subject107_client1,11009,4,running,3133.15
1.0,alpha1p0,107,1,subject107_client1,11010,4,running,3134.43
1.0,alpha1p0,107,1,subject107_client1,11011,4,running,3135.71
1.0,alpha1p0,107,1,subject107_client1,11012,4,running,3136.99
1.0,alpha1p0,107,1,subject107_client1,11013,4,running,3138.27
1.0,alpha1p0,108,1,subject108_client1,12946,0,lying,67.36
1.0,alpha1p0,108,1,subject108_client1,12947,0,lying,68.64
1.0,alpha1p0,108,1,subject108_client1,12948,0,lying,69.92
1.0,alpha1p0,108,1,subject108_client1,12949,0,lying,71.2
1.0,alpha1p0,108,1,subject108_client1,12950,0,lying,72.48
1.0,alpha1p0,108,1,subject108_client1,12951,0,lying,73.76
1.0,alpha1p0,108,1,subject108_client1,12952,0,lying,75.04
1.0,alpha1p0,108,1,subject108_client1,12953,0,lying,76.32
1.0,alpha1p0,108,1,subject108_client1,12954,0,lying,77.6
1.0,alpha1p0,108,1,subject108_client1,12955,0,lying,78.88
1.0,alpha1p0,108,1,subject108_client1,12956,0,lying,80.16
1.0,alpha1p0,108,1,subject108_client1,12957,0,lying,81.44
1.0,alpha1p0,108,1,subject108_client1,12958,0,lying,82.72
1.0,alpha1p0,108,1,subject108_client1,12959,0,lying,84.0
1.0,alpha1p0,108,1,subject108_client1,12960,0,lying,85.28
1.0,alpha1p0,108,1,subject108_client1,12961,0,lying,86.56
1.0,alpha1p0,108,1,subject108_client1,12962,0,lying,87.84
1.0,alpha1p0,108,1,subject108_client1,12963,0,lying,89.12
1.0,alpha1p0,108,1,subject108_client1,12964,0,lying,90.4
1.0,alpha1p0,108,1,subject108_client1,12965,0,lying,91.68
1.0,alpha1p0,108,1,subject108_client1,12966,0,lying,92.96
1.0,alpha1p0,108,1,subject108_client1,12967,0,lying,94.24
1.0,alpha1p0,108,1,subject108_client1,12968,0,lying,95.52
1.0,alpha1p0,108,1,subject108_client1,12969,0,lying,96.8
1.0,alpha1p0,108,1,subject108_client1,12970,0,lying,98.08
1.0,alpha1p0,108,1,subject108_client1,12971,0,lying,99.36
1.0,alpha1p0,108,1,subject108_client1,12972,0,lying,100.64
1.0,alpha1p0,108,1,subject108_client1,12973,0,lying,101.92
1.0,alpha1p0,108,1,subject108_client1,12974,0,lying,103.2
1.0,alpha1p0,108,1,subject108_client1,12975,0,lying,104.48
1.0,alpha1p0,108,1,subject108_client1,12976,0,lying,105.76
1.0,alpha1p0,108,1,subject108_client1,12977,0,lying,107.04
1.0,alpha1p0,108,1,subject108_client1,12978,0,lying,108.32
1.0,alpha1p0,108,1,subject108_client1,12979,0,lying,109.6
1.0,alpha1p0,108,1,subject108_client1,12980,0,lying,110.88
1.0,alpha1p0,108,1,subject108_client1,12981,0,lying,112.16
1.0,alpha1p0,108,1,subject108_client1,12982,0,lying,113.44
1.0,alpha1p0,108,1,subject108_client1,12983,0,lying,114.72
1.0,alpha1p0,108,1,subject108_client1,12984,0,lying,116.0
1.0,alpha1p0,108,1,subject108_client1,12985,0,lying,117.28
1.0,alpha1p0,108,1,subject108_client1,12986,0,lying,118.56
1.0,alpha1p0,108,1,subject108_client1,12987,0,lying,119.84
1.0,alpha1p0,108,1,subject108_client1,12988,0,lying,121.12
1.0,alpha1p0,108,1,subject108_client1,12989,0,lying,122.4
1.0,alpha1p0,108,1,subject108_client1,12990,0,lying,123.68
1.0,alpha1p0,108,1,subject108_client1,12991,0,lying,124.96
1.0,alpha1p0,108,2,subject108_client2,12993,0,lying,127.52
1.0,alpha1p0,108,2,subject108_client2,12994,0,lying,128.8
1.0,alpha1p0,108,2,subject108_client2,12995,0,lying,130.08
1.0,alpha1p0,108,2,subject108_client2,12996,0,lying,131.36
1.0,alpha1p0,108,2,subject108_client2,12997,0,lying,132.64
1.0,alpha1p0,108,2,subject108_client2,12998,0,lying,133.92
1.0,alpha1p0,108,2,subject108_client2,12999,0,lying,135.2
1.0,alpha1p0,108,2,subject108_client2,13000,0,lying,136.48
1.0,alpha1p0,108,2,subject108_client2,13001,0,lying,137.76
1.0,alpha1p0,108,2,subject108_client2,13002,0,lying,139.04
1.0,alpha1p0,108,2,subject108_client2,13003,0,lying,140.32
1.0,alpha1p0,108,2,subject108_client2,13004,0,lying,141.6
1.0,alpha1p0,108,2,subject108_client2,13005,0,lying,142.88
1.0,alpha1p0,108,2,subject108_client2,13006,0,lying,144.16
1.0,alpha1p0,108,2,subject108_client2,13007,0,lying,145.44
1.0,alpha1p0,108,2,subject108_client2,13008,0,lying,146.72
1.0,alpha1p0,108,2,subject108_client2,13009,0,lying,148.0
1.0,alpha1p0,108,2,subject108_client2,13010,0,lying,149.28
1.0,alpha1p0,108,2,subject108_client2,13011,0,lying,150.56
1.0,alpha1p0,108,2,subject108_client2,13012,0,lying,151.84
1.0,alpha1p0,108,2,subject108_client2,13013,0,lying,153.12
1.0,alpha1p0,108,2,subject108_client2,13014,0,lying,154.4
1.0,alpha1p0,108,2,subject108_client2,13015,0,lying,155.68
1.0,alpha1p0,108,2,subject108_client2,13016,0,lying,156.96
1.0,alpha1p0,108,2,subject108_client2,13017,0,lying,158.24
1.0,alpha1p0,108,2,subject108_client2,13018,0,lying,159.52
1.0,alpha1p0,108,2,subject108_client2,13019,0,lying,160.8
1.0,alpha1p0,108,2,subject108_client2,13020,0,lying,162.08
1.0,alpha1p0,108,2,subject108_client2,13021,0,lying,163.36
1.0,alpha1p0,108,2,subject108_client2,13022,0,lying,164.64
1.0,alpha1p0,108,2,subject108_client2,13023,0,lying,165.92
1.0,alpha1p0,108,2,subject108_client2,13024,0,lying,167.2
1.0,alpha1p0,108,2,subject108_client2,13025,0,lying,168.48
1.0,alpha1p0,108,2,subject108_client2,13026,0,lying,169.76
1.0,alpha1p0,108,2,subject108_client2,13027,0,lying,171.04
1.0,alpha1p0,108,2,subject108_client2,13028,0,lying,172.32
1.0,alpha1p0,108,2,subject108_client2,13029,0,lying,173.6
1.0,alpha1p0,108,2,subject108_client2,13030,0,lying,174.88
1.0,alpha1p0,108,2,subject108_client2,13031,0,lying,176.16
1.0,alpha1p0,108,2,subject108_client2,13032,0,lying,177.44
1.0,alpha1p0,108,2,subject108_client2,13033,0,lying,178.72
1.0,alpha1p0,108,2,subject108_client2,13034,0,lying,180.0
1.0,alpha1p0,108,2,subject108_client2,13035,0,lying,181.28
1.0,alpha1p0,108,2,subject108_client2,13036,0,lying,182.56
1.0,alpha1p0,108,2,subject108_client2,13037,0,lying,183.84
1.0,alpha1p0,108,2,subject108_client2,13038,0,lying,185.12
1.0,alpha1p0,108,2,subject108_client2,13039,0,lying,186.4
1.0,alpha1p0,108,2,subject108_client2,13040,0,lying,187.68
1.0,alpha1p0,108,2,subject108_client2,13041,0,lying,188.96
1.0,alpha1p0,108,2,subject108_client2,13042,0,lying,190.24
1.0,alpha1p0,108,2,subject108_client2,13043,0,lying,191.52
1.0,alpha1p0,108,2,subject108_client2,13044,0,lying,192.8
1.0,alpha1p0,108,2,subject108_client2,13045,0,lying,194.08
1.0,alpha1p0,108,2,subject108_client2,13046,0,lying,195.36
1.0,alpha1p0,108,2,subject108_client2,13047,0,lying,196.64
1.0,alpha1p0,108,2,subject108_client2,13048,0,lying,197.92
1.0,alpha1p0,108,2,subject108_client2,13049,0,lying,199.2
1.0,alpha1p0,108,2,subject108_client2,13050,0,lying,200.48
1.0,alpha1p0,108,2,subject108_client2,13051,0,lying,201.76
1.0,alpha1p0,108,2,subject108_client2,13052,0,lying,203.04
1.0,alpha1p0,108,2,subject108_client2,13053,0,lying,204.32
1.0,alpha1p0,108,2,subject108_client2,13054,0,lying,205.6
1.0,alpha1p0,108,2,subject108_client2,13055,0,lying,206.88
1.0,alpha1p0,108,2,subject108_client2,13056,0,lying,208.16
1.0,alpha1p0,108,2,subject108_client2,13057,0,lying,209.44
1.0,alpha1p0,108,2,subject108_client2,13058,0,lying,210.72
1.0,alpha1p0,108,2,subject108_client2,13059,0,lying,212.0
1.0,alpha1p0,108,2,subject108_client2,13060,0,lying,213.28
1.0,alpha1p0,108,2,subject108_client2,13061,0,lying,214.56
1.0,alpha1p0,108,2,subject108_client2,13062,0,lying,215.84
1.0,alpha1p0,108,2,subject108_client2,13063,0,lying,217.12
1.0,alpha1p0,108,2,subject108_client2,13064,0,lying,218.4
1.0,alpha1p0,108,2,subject108_client2,13065,0,lying,219.68
1.0,alpha1p0,108,2,subject108_client2,13066,0,lying,220.96
1.0,alpha1p0,108,2,subject108_client2,13067,0,lying,222.24
1.0,alpha1p0,108,2,subject108_client2,13068,0,lying,223.52
1.0,alpha1p0,108,2,subject108_client2,13069,0,lying,224.8
1.0,alpha1p0,108,2,subject108_client2,13070,0,lying,226.08
1.0,alpha1p0,108,2,subject108_client2,13071,0,lying,227.36
1.0,alpha1p0,108,2,subject108_client2,13072,0,lying,228.64
1.0,alpha1p0,108,2,subject108_client2,13073,0,lying,229.92
1.0,alpha1p0,108,2,subject108_client2,13074,0,lying,231.2
1.0,alpha1p0,108,2,subject108_client2,13075,0,lying,232.48
1.0,alpha1p0,108,3,subject108_client3,13077,0,lying,235.04
1.0,alpha1p0,108,3,subject108_client3,13078,0,lying,236.32
1.0,alpha1p0,108,3,subject108_client3,13079,0,lying,237.6
1.0,alpha1p0,108,3,subject108_client3,13080,0,lying,238.88
1.0,alpha1p0,108,3,subject108_client3,13081,0,lying,240.16
1.0,alpha1p0,108,3,subject108_client3,13082,0,lying,241.44
1.0,alpha1p0,108,3,subject108_client3,13083,0,lying,242.72
1.0,alpha1p0,108,3,subject108_client3,13084,0,lying,244.0
1.0,alpha1p0,108,3,subject108_client3,13085,0,lying,245.28
1.0,alpha1p0,108,3,subject108_client3,13086,0,lying,246.56
1.0,alpha1p0,108,3,subject108_client3,13087,0,lying,247.84
1.0,alpha1p0,108,3,subject108_client3,13088,0,lying,249.12
1.0,alpha1p0,108,3,subject108_client3,13089,0,lying,250.4
1.0,alpha1p0,108,3,subject108_client3,13090,0,lying,251.68
1.0,alpha1p0,108,3,subject108_client3,13091,0,lying,252.96
1.0,alpha1p0,108,3,subject108_client3,13092,0,lying,254.24
1.0,alpha1p0,108,3,subject108_client3,13093,0,lying,255.52
1.0,alpha1p0,108,3,subject108_client3,13094,0,lying,256.8
1.0,alpha1p0,108,3,subject108_client3,13095,0,lying,258.08
1.0,alpha1p0,108,3,subject108_client3,13096,0,lying,259.36
1.0,alpha1p0,108,3,subject108_client3,13097,0,lying,260.64
1.0,alpha1p0,108,3,subject108_client3,13098,0,lying,261.92
1.0,alpha1p0,108,3,subject108_client3,13099,0,lying,263.2
1.0,alpha1p0,108,3,subject108_client3,13100,0,lying,264.48
1.0,alpha1p0,108,3,subject108_client3,13101,0,lying,265.76
1.0,alpha1p0,108,3,subject108_client3,13102,0,lying,267.04
1.0,alpha1p0,108,3,subject108_client3,13103,0,lying,268.32
1.0,alpha1p0,108,3,subject108_client3,13104,0,lying,269.6
1.0,alpha1p0,108,3,subject108_client3,13105,0,lying,270.88
1.0,alpha1p0,108,3,subject108_client3,13106,0,lying,272.16
1.0,alpha1p0,108,3,subject108_client3,13107,0,lying,273.44
1.0,alpha1p0,108,3,subject108_client3,13108,0,lying,274.72
1.0,alpha1p0,108,3,subject108_client3,13109,0,lying,276.0
1.0,alpha1p0,108,3,subject108_client3,13110,0,lying,277.28
1.0,alpha1p0,108,3,subject108_client3,13111,0,lying,278.56
1.0,alpha1p0,108,3,subject108_client3,13112,0,lying,279.84
1.0,alpha1p0,108,3,subject108_client3,13113,0,lying,281.12
1.0,alpha1p0,108,3,subject108_client3,13114,0,lying,282.4
1.0,alpha1p0,108,3,subject108_client3,13115,0,lying,283.68
1.0,alpha1p0,108,3,subject108_client3,13116,0,lying,284.96
1.0,alpha1p0,108,3,subject108_client3,13117,0,lying,286.24
1.0,alpha1p0,108,0,subject108_client0,13119,0,lying,288.8
1.0,alpha1p0,108,0,subject108_client0,13120,0,lying,290.08
1.0,alpha1p0,108,0,subject108_client0,13121,0,lying,291.36
1.0,alpha1p0,108,0,subject108_client0,13122,0,lying,292.64
1.0,alpha1p0,108,0,subject108_client0,13123,0,lying,293.92
1.0,alpha1p0,108,0,subject108_client0,13124,0,lying,295.2
1.0,alpha1p0,108,0,subject108_client0,13125,0,lying,296.48
1.0,alpha1p0,108,0,subject108_client0,13126,0,lying,297.76
1.0,alpha1p0,108,0,subject108_client0,13127,0,lying,299.04
1.0,alpha1p0,108,0,subject108_client0,13128,0,lying,300.32
1.0,alpha1p0,108,0,subject108_client0,13129,0,lying,301.6
1.0,alpha1p0,108,0,subject108_client0,13130,0,lying,302.88
1.0,alpha1p0,108,0,subject108_client0,13131,0,lying,304.16
1.0,alpha1p0,108,0,subject108_client0,13132,0,lying,305.44
1.0,alpha1p0,108,2,subject108_client2,13133,1,sitting,373.25
1.0,alpha1p0,108,2,subject108_client2,13134,1,sitting,374.53
1.0,alpha1p0,108,2,subject108_client2,13135,1,sitting,375.81
1.0,alpha1p0,108,2,subject108_client2,13136,1,sitting,377.09
1.0,alpha1p0,108,2,subject108_client2,13137,1,sitting,378.37
1.0,alpha1p0,108,2,subject108_client2,13138,1,sitting,379.65
1.0,alpha1p0,108,2,subject108_client2,13139,1,sitting,380.93
1.0,alpha1p0,108,2,subject108_client2,13140,1,sitting,382.21
1.0,alpha1p0,108,1,subject108_client1,13142,1,sitting,384.77
1.0,alpha1p0,108,1,subject108_client1,13143,1,sitting,386.05
1.0,alpha1p0,108,1,subject108_client1,13144,1,sitting,387.33
1.0,alpha1p0,108,1,subject108_client1,13145,1,sitting,388.61
1.0,alpha1p0,108,1,subject108_client1,13146,1,sitting,389.89
1.0,alpha1p0,108,1,subject108_client1,13147,1,sitting,391.17
1.0,alpha1p0,108,1,subject108_client1,13148,1,sitting,392.45
1.0,alpha1p0,108,1,subject108_client1,13149,1,sitting,393.73
1.0,alpha1p0,108,1,subject108_client1,13150,1,sitting,395.01
1.0,alpha1p0,108,1,subject108_client1,13151,1,sitting,396.29
1.0,alpha1p0,108,1,subject108_client1,13152,1,sitting,397.57
1.0,alpha1p0,108,1,subject108_client1,13153,1,sitting,398.85
1.0,alpha1p0,108,1,subject108_client1,13154,1,sitting,400.13
1.0,alpha1p0,108,1,subject108_client1,13155,1,sitting,401.41
1.0,alpha1p0,108,1,subject108_client1,13156,1,sitting,402.69
1.0,alpha1p0,108,1,subject108_client1,13157,1,sitting,403.97
1.0,alpha1p0,108,1,subject108_client1,13158,1,sitting,405.25
1.0,alpha1p0,108,1,subject108_client1,13159,1,sitting,406.53
1.0,alpha1p0,108,1,subject108_client1,13160,1,sitting,407.81
1.0,alpha1p0,108,1,subject108_client1,13161,1,sitting,409.09
1.0,alpha1p0,108,1,subject108_client1,13162,1,sitting,410.37
1.0,alpha1p0,108,3,subject108_client3,13164,1,sitting,412.93
1.0,alpha1p0,108,3,subject108_client3,13165,1,sitting,414.21
1.0,alpha1p0,108,3,subject108_client3,13166,1,sitting,415.49
1.0,alpha1p0,108,3,subject108_client3,13167,1,sitting,416.77
1.0,alpha1p0,108,3,subject108_client3,13168,1,sitting,418.05
1.0,alpha1p0,108,3,subject108_client3,13169,1,sitting,419.33
1.0,alpha1p0,108,3,subject108_client3,13170,1,sitting,420.61
1.0,alpha1p0,108,3,subject108_client3,13171,1,sitting,421.89
1.0,alpha1p0,108,3,subject108_client3,13172,1,sitting,423.17
1.0,alpha1p0,108,3,subject108_client3,13173,1,sitting,424.45
1.0,alpha1p0,108,3,subject108_client3,13174,1,sitting,425.73
1.0,alpha1p0,108,3,subject108_client3,13175,1,sitting,427.01
1.0,alpha1p0,108,3,subject108_client3,13176,1,sitting,428.29
1.0,alpha1p0,108,3,subject108_client3,13177,1,sitting,429.57
1.0,alpha1p0,108,3,subject108_client3,13178,1,sitting,430.85
1.0,alpha1p0,108,3,subject108_client3,13179,1,sitting,432.13
1.0,alpha1p0,108,3,subject108_client3,13180,1,sitting,433.41
1.0,alpha1p0,108,3,subject108_client3,13181,1,sitting,434.69
1.0,alpha1p0,108,3,subject108_client3,13182,1,sitting,435.97
1.0,alpha1p0,108,3,subject108_client3,13183,1,sitting,437.25
1.0,alpha1p0,108,3,subject108_client3,13184,1,sitting,438.53
1.0,alpha1p0,108,3,subject108_client3,13185,1,sitting,439.81
1.0,alpha1p0,108,3,subject108_client3,13186,1,sitting,441.09
1.0,alpha1p0,108,3,subject108_client3,13187,1,sitting,442.37
1.0,alpha1p0,108,0,subject108_client0,13189,1,sitting,444.93
1.0,alpha1p0,108,0,subject108_client0,13190,1,sitting,446.21
1.0,alpha1p0,108,0,subject108_client0,13191,1,sitting,447.49
1.0,alpha1p0,108,0,subject108_client0,13192,1,sitting,448.77
1.0,alpha1p0,108,0,subject108_client0,13193,1,sitting,450.05
1.0,alpha1p0,108,0,subject108_client0,13194,1,sitting,451.33
1.0,alpha1p0,108,0,subject108_client0,13195,1,sitting,452.61
1.0,alpha1p0,108,0,subject108_client0,13196,1,sitting,453.89
1.0,alpha1p0,108,0,subject108_client0,13197,1,sitting,455.17
1.0,alpha1p0,108,0,subject108_client0,13198,1,sitting,456.45
1.0,alpha1p0,108,0,subject108_client0,13199,1,sitting,457.73
1.0,alpha1p0,108,0,subject108_client0,13200,1,sitting,459.01
1.0,alpha1p0,108,0,subject108_client0,13201,1,sitting,460.29
1.0,alpha1p0,108,0,subject108_client0,13202,1,sitting,461.57
1.0,alpha1p0,108,0,subject108_client0,13203,1,sitting,462.85
1.0,alpha1p0,108,0,subject108_client0,13204,1,sitting,464.13
1.0,alpha1p0,108,0,subject108_client0,13205,1,sitting,465.41
1.0,alpha1p0,108,0,subject108_client0,13206,1,sitting,466.69
1.0,alpha1p0,108,0,subject108_client0,13207,1,sitting,467.97
1.0,alpha1p0,108,0,subject108_client0,13208,1,sitting,469.25
1.0,alpha1p0,108,0,subject108_client0,13209,1,sitting,470.53
1.0,alpha1p0,108,0,subject108_client0,13210,1,sitting,471.81
1.0,alpha1p0,108,0,subject108_client0,13211,1,sitting,473.09
1.0,alpha1p0,108,0,subject108_client0,13212,1,sitting,474.37
1.0,alpha1p0,108,0,subject108_client0,13213,1,sitting,475.65
1.0,alpha1p0,108,0,subject108_client0,13214,1,sitting,476.93
1.0,alpha1p0,108,0,subject108_client0,13215,1,sitting,478.21
1.0,alpha1p0,108,0,subject108_client0,13216,1,sitting,479.49
1.0,alpha1p0,108,0,subject108_client0,13217,1,sitting,480.77
1.0,alpha1p0,108,0,subject108_client0,13218,1,sitting,482.05
1.0,alpha1p0,108,0,subject108_client0,13219,1,sitting,483.33
1.0,alpha1p0,108,0,subject108_client0,13220,1,sitting,484.61
1.0,alpha1p0,108,0,subject108_client0,13221,1,sitting,485.89
1.0,alpha1p0,108,0,subject108_client0,13222,1,sitting,487.17
1.0,alpha1p0,108,0,subject108_client0,13223,1,sitting,488.45
1.0,alpha1p0,108,0,subject108_client0,13224,1,sitting,489.73
1.0,alpha1p0,108,0,subject108_client0,13225,1,sitting,491.01
1.0,alpha1p0,108,0,subject108_client0,13226,1,sitting,492.29
1.0,alpha1p0,108,0,subject108_client0,13227,1,sitting,493.57
1.0,alpha1p0,108,0,subject108_client0,13228,1,sitting,494.85
1.0,alpha1p0,108,0,subject108_client0,13229,1,sitting,496.13
1.0,alpha1p0,108,0,subject108_client0,13230,1,sitting,497.41
1.0,alpha1p0,108,0,subject108_client0,13231,1,sitting,498.69
1.0,alpha1p0,108,0,subject108_client0,13232,1,sitting,499.97
1.0,alpha1p0,108,0,subject108_client0,13233,1,sitting,501.25
1.0,alpha1p0,108,0,subject108_client0,13234,1,sitting,502.53
1.0,alpha1p0,108,0,subject108_client0,13235,1,sitting,503.81
1.0,alpha1p0,108,0,subject108_client0,13236,1,sitting,505.09
1.0,alpha1p0,108,0,subject108_client0,13237,1,sitting,506.37
1.0,alpha1p0,108,0,subject108_client0,13238,1,sitting,507.65
1.0,alpha1p0,108,0,subject108_client0,13239,1,sitting,508.93
1.0,alpha1p0,108,0,subject108_client0,13240,1,sitting,510.21
1.0,alpha1p0,108,0,subject108_client0,13241,1,sitting,511.49
1.0,alpha1p0,108,0,subject108_client0,13242,1,sitting,512.77
1.0,alpha1p0,108,0,subject108_client0,13243,1,sitting,514.05
1.0,alpha1p0,108,0,subject108_client0,13244,1,sitting,515.33
1.0,alpha1p0,108,0,subject108_client0,13245,1,sitting,516.61
1.0,alpha1p0,108,0,subject108_client0,13246,1,sitting,517.89
1.0,alpha1p0,108,0,subject108_client0,13247,1,sitting,519.17
1.0,alpha1p0,108,0,subject108_client0,13248,1,sitting,520.45
1.0,alpha1p0,108,0,subject108_client0,13249,1,sitting,521.73
1.0,alpha1p0,108,0,subject108_client0,13250,1,sitting,523.01
1.0,alpha1p0,108,0,subject108_client0,13251,1,sitting,524.29
1.0,alpha1p0,108,0,subject108_client0,13252,1,sitting,525.57
1.0,alpha1p0,108,0,subject108_client0,13253,1,sitting,526.85
1.0,alpha1p0,108,0,subject108_client0,13254,1,sitting,528.13
1.0,alpha1p0,108,0,subject108_client0,13255,1,sitting,529.41
1.0,alpha1p0,108,0,subject108_client0,13256,1,sitting,530.69
1.0,alpha1p0,108,0,subject108_client0,13257,1,sitting,531.97
1.0,alpha1p0,108,0,subject108_client0,13258,1,sitting,533.25
1.0,alpha1p0,108,0,subject108_client0,13259,1,sitting,534.53
1.0,alpha1p0,108,0,subject108_client0,13260,1,sitting,535.81
1.0,alpha1p0,108,0,subject108_client0,13261,1,sitting,537.09
1.0,alpha1p0,108,0,subject108_client0,13262,1,sitting,538.37
1.0,alpha1p0,108,0,subject108_client0,13263,1,sitting,539.65
1.0,alpha1p0,108,0,subject108_client0,13264,1,sitting,540.93
1.0,alpha1p0,108,0,subject108_client0,13265,1,sitting,542.21
1.0,alpha1p0,108,0,subject108_client0,13266,1,sitting,543.49
1.0,alpha1p0,108,0,subject108_client0,13267,1,sitting,544.77
1.0,alpha1p0,108,0,subject108_client0,13268,1,sitting,546.05
1.0,alpha1p0,108,0,subject108_client0,13269,1,sitting,547.33
1.0,alpha1p0,108,0,subject108_client0,13270,1,sitting,548.61
1.0,alpha1p0,108,0,subject108_client0,13271,1,sitting,549.89
1.0,alpha1p0,108,0,subject108_client0,13272,1,sitting,551.17
1.0,alpha1p0,108,0,subject108_client0,13273,1,sitting,552.45
1.0,alpha1p0,108,0,subject108_client0,13274,1,sitting,553.73
1.0,alpha1p0,108,0,subject108_client0,13275,1,sitting,555.01
1.0,alpha1p0,108,0,subject108_client0,13276,1,sitting,556.29
1.0,alpha1p0,108,0,subject108_client0,13277,1,sitting,557.57
1.0,alpha1p0,108,0,subject108_client0,13278,1,sitting,558.85
1.0,alpha1p0,108,0,subject108_client0,13279,1,sitting,560.13
1.0,alpha1p0,108,0,subject108_client0,13280,1,sitting,561.41
1.0,alpha1p0,108,0,subject108_client0,13281,1,sitting,562.69
1.0,alpha1p0,108,0,subject108_client0,13282,1,sitting,563.97
1.0,alpha1p0,108,0,subject108_client0,13283,1,sitting,565.25
1.0,alpha1p0,108,0,subject108_client0,13284,1,sitting,566.53
1.0,alpha1p0,108,0,subject108_client0,13285,1,sitting,567.81
1.0,alpha1p0,108,0,subject108_client0,13286,1,sitting,569.09
1.0,alpha1p0,108,0,subject108_client0,13287,1,sitting,570.37
1.0,alpha1p0,108,0,subject108_client0,13288,1,sitting,571.65
1.0,alpha1p0,108,0,subject108_client0,13289,1,sitting,572.93
1.0,alpha1p0,108,0,subject108_client0,13290,1,sitting,574.21
1.0,alpha1p0,108,0,subject108_client0,13291,1,sitting,575.49
1.0,alpha1p0,108,0,subject108_client0,13292,1,sitting,576.77
1.0,alpha1p0,108,0,subject108_client0,13293,1,sitting,578.05
1.0,alpha1p0,108,0,subject108_client0,13294,1,sitting,579.33
1.0,alpha1p0,108,0,subject108_client0,13295,1,sitting,580.61
1.0,alpha1p0,108,0,subject108_client0,13296,1,sitting,581.89
1.0,alpha1p0,108,0,subject108_client0,13297,1,sitting,583.17
1.0,alpha1p0,108,0,subject108_client0,13298,1,sitting,584.45
1.0,alpha1p0,108,0,subject108_client0,13299,1,sitting,585.73
1.0,alpha1p0,108,0,subject108_client0,13300,1,sitting,587.01
1.0,alpha1p0,108,0,subject108_client0,13301,1,sitting,588.29
1.0,alpha1p0,108,0,subject108_client0,13302,1,sitting,589.57
1.0,alpha1p0,108,0,subject108_client0,13303,1,sitting,590.85
1.0,alpha1p0,108,0,subject108_client0,13304,1,sitting,592.13
1.0,alpha1p0,108,0,subject108_client0,13305,1,sitting,593.41
1.0,alpha1p0,108,0,subject108_client0,13306,1,sitting,594.69
1.0,alpha1p0,108,0,subject108_client0,13307,1,sitting,595.97
1.0,alpha1p0,108,0,subject108_client0,13308,1,sitting,597.25
1.0,alpha1p0,108,0,subject108_client0,13309,1,sitting,598.53
1.0,alpha1p0,108,1,subject108_client1,13310,2,standing,601.2
1.0,alpha1p0,108,1,subject108_client1,13311,2,standing,602.48
1.0,alpha1p0,108,1,subject108_client1,13312,2,standing,603.76
1.0,alpha1p0,108,1,subject108_client1,13313,2,standing,605.04
1.0,alpha1p0,108,1,subject108_client1,13314,2,standing,606.32
1.0,alpha1p0,108,1,subject108_client1,13315,2,standing,607.6
1.0,alpha1p0,108,1,subject108_client1,13316,2,standing,608.88
1.0,alpha1p0,108,1,subject108_client1,13317,2,standing,610.16
1.0,alpha1p0,108,1,subject108_client1,13318,2,standing,611.44
1.0,alpha1p0,108,1,subject108_client1,13319,2,standing,612.72
1.0,alpha1p0,108,1,subject108_client1,13320,2,standing,614.0
1.0,alpha1p0,108,1,subject108_client1,13321,2,standing,615.28
1.0,alpha1p0,108,1,subject108_client1,13322,2,standing,616.56
1.0,alpha1p0,108,1,subject108_client1,13323,2,standing,617.84
1.0,alpha1p0,108,1,subject108_client1,13324,2,standing,619.12
1.0,alpha1p0,108,1,subject108_client1,13325,2,standing,620.4
1.0,alpha1p0,108,1,subject108_client1,13326,2,standing,621.68
1.0,alpha1p0,108,1,subject108_client1,13327,2,standing,622.96
1.0,alpha1p0,108,1,subject108_client1,13328,2,standing,624.24
1.0,alpha1p0,108,1,subject108_client1,13329,2,standing,625.52
1.0,alpha1p0,108,1,subject108_client1,13330,2,standing,626.8
1.0,alpha1p0,108,1,subject108_client1,13331,2,standing,628.08
1.0,alpha1p0,108,1,subject108_client1,13332,2,standing,629.36
1.0,alpha1p0,108,1,subject108_client1,13333,2,standing,630.64
1.0,alpha1p0,108,1,subject108_client1,13334,2,standing,631.92
1.0,alpha1p0,108,1,subject108_client1,13335,2,standing,633.2
1.0,alpha1p0,108,1,subject108_client1,13336,2,standing,634.48
1.0,alpha1p0,108,1,subject108_client1,13337,2,standing,635.76
1.0,alpha1p0,108,1,subject108_client1,13338,2,standing,637.04
1.0,alpha1p0,108,1,subject108_client1,13339,2,standing,638.32
1.0,alpha1p0,108,1,subject108_client1,13340,2,standing,639.6
1.0,alpha1p0,108,1,subject108_client1,13341,2,standing,640.88
1.0,alpha1p0,108,1,subject108_client1,13342,2,standing,642.16
1.0,alpha1p0,108,1,subject108_client1,13343,2,standing,643.44
1.0,alpha1p0,108,1,subject108_client1,13344,2,standing,644.72
1.0,alpha1p0,108,1,subject108_client1,13345,2,standing,646.0
1.0,alpha1p0,108,1,subject108_client1,13346,2,standing,647.28
1.0,alpha1p0,108,1,subject108_client1,13347,2,standing,648.56
1.0,alpha1p0,108,0,subject108_client0,13349,2,standing,651.12
1.0,alpha1p0,108,0,subject108_client0,13350,2,standing,652.4
1.0,alpha1p0,108,0,subject108_client0,13351,2,standing,653.68
1.0,alpha1p0,108,0,subject108_client0,13352,2,standing,654.96
1.0,alpha1p0,108,0,subject108_client0,13353,2,standing,656.24
1.0,alpha1p0,108,0,subject108_client0,13354,2,standing,657.52
1.0,alpha1p0,108,0,subject108_client0,13355,2,standing,658.8
1.0,alpha1p0,108,0,subject108_client0,13356,2,standing,660.08
1.0,alpha1p0,108,0,subject108_client0,13357,2,standing,661.36
1.0,alpha1p0,108,0,subject108_client0,13358,2,standing,662.64
1.0,alpha1p0,108,0,subject108_client0,13359,2,standing,663.92
1.0,alpha1p0,108,0,subject108_client0,13360,2,standing,665.2
1.0,alpha1p0,108,0,subject108_client0,13361,2,standing,666.48
1.0,alpha1p0,108,0,subject108_client0,13362,2,standing,667.76
1.0,alpha1p0,108,0,subject108_client0,13363,2,standing,669.04
1.0,alpha1p0,108,0,subject108_client0,13364,2,standing,670.32
1.0,alpha1p0,108,0,subject108_client0,13365,2,standing,671.6
1.0,alpha1p0,108,0,subject108_client0,13366,2,standing,672.88
1.0,alpha1p0,108,0,subject108_client0,13367,2,standing,674.16
1.0,alpha1p0,108,0,subject108_client0,13368,2,standing,675.44
1.0,alpha1p0,108,0,subject108_client0,13369,2,standing,676.72
1.0,alpha1p0,108,0,subject108_client0,13370,2,standing,678.0
1.0,alpha1p0,108,0,subject108_client0,13371,2,standing,679.28
1.0,alpha1p0,108,0,subject108_client0,13372,2,standing,680.56
1.0,alpha1p0,108,0,subject108_client0,13373,2,standing,681.84
1.0,alpha1p0,108,0,subject108_client0,13374,2,standing,683.12
1.0,alpha1p0,108,0,subject108_client0,13375,2,standing,684.4
1.0,alpha1p0,108,0,subject108_client0,13376,2,standing,685.68
1.0,alpha1p0,108,0,subject108_client0,13377,2,standing,686.96
1.0,alpha1p0,108,0,subject108_client0,13378,2,standing,688.24
1.0,alpha1p0,108,0,subject108_client0,13379,2,standing,689.52
1.0,alpha1p0,108,0,subject108_client0,13380,2,standing,690.8
1.0,alpha1p0,108,0,subject108_client0,13381,2,standing,692.08
1.0,alpha1p0,108,0,subject108_client0,13382,2,standing,693.36
1.0,alpha1p0,108,0,subject108_client0,13383,2,standing,694.64
1.0,alpha1p0,108,0,subject108_client0,13384,2,standing,695.92
1.0,alpha1p0,108,0,subject108_client0,13385,2,standing,697.2
1.0,alpha1p0,108,0,subject108_client0,13386,2,standing,698.48
1.0,alpha1p0,108,3,subject108_client3,13388,2,standing,701.04
1.0,alpha1p0,108,3,subject108_client3,13389,2,standing,702.32
1.0,alpha1p0,108,3,subject108_client3,13390,2,standing,703.6
1.0,alpha1p0,108,3,subject108_client3,13391,2,standing,704.88
1.0,alpha1p0,108,3,subject108_client3,13392,2,standing,706.16
1.0,alpha1p0,108,3,subject108_client3,13393,2,standing,707.44
1.0,alpha1p0,108,3,subject108_client3,13394,2,standing,708.72
1.0,alpha1p0,108,3,subject108_client3,13395,2,standing,710.0
1.0,alpha1p0,108,3,subject108_client3,13396,2,standing,711.28
1.0,alpha1p0,108,3,subject108_client3,13397,2,standing,712.56
1.0,alpha1p0,108,3,subject108_client3,13398,2,standing,713.84
1.0,alpha1p0,108,3,subject108_client3,13399,2,standing,715.12
1.0,alpha1p0,108,3,subject108_client3,13400,2,standing,716.4
1.0,alpha1p0,108,3,subject108_client3,13401,2,standing,717.68
1.0,alpha1p0,108,3,subject108_client3,13402,2,standing,718.96
1.0,alpha1p0,108,3,subject108_client3,13403,2,standing,720.24
1.0,alpha1p0,108,3,subject108_client3,13404,2,standing,721.52
1.0,alpha1p0,108,3,subject108_client3,13405,2,standing,722.8
1.0,alpha1p0,108,3,subject108_client3,13406,2,standing,724.08
1.0,alpha1p0,108,3,subject108_client3,13407,2,standing,725.36
1.0,alpha1p0,108,3,subject108_client3,13408,2,standing,726.64
1.0,alpha1p0,108,3,subject108_client3,13409,2,standing,727.92
1.0,alpha1p0,108,3,subject108_client3,13410,2,standing,729.2
1.0,alpha1p0,108,3,subject108_client3,13411,2,standing,730.48
1.0,alpha1p0,108,3,subject108_client3,13412,2,standing,731.76
1.0,alpha1p0,108,3,subject108_client3,13413,2,standing,733.04
1.0,alpha1p0,108,3,subject108_client3,13414,2,standing,734.32
1.0,alpha1p0,108,3,subject108_client3,13415,2,standing,735.6
1.0,alpha1p0,108,3,subject108_client3,13416,2,standing,736.88
1.0,alpha1p0,108,3,subject108_client3,13417,2,standing,738.16
1.0,alpha1p0,108,3,subject108_client3,13418,2,standing,739.44
1.0,alpha1p0,108,3,subject108_client3,13419,2,standing,740.72
1.0,alpha1p0,108,3,subject108_client3,13420,2,standing,742.0
1.0,alpha1p0,108,3,subject108_client3,13421,2,standing,743.28
1.0,alpha1p0,108,3,subject108_client3,13422,2,standing,744.56
1.0,alpha1p0,108,3,subject108_client3,13423,2,standing,745.84
1.0,alpha1p0,108,3,subject108_client3,13424,2,standing,747.12
1.0,alpha1p0,108,3,subject108_client3,13425,2,standing,748.4
1.0,alpha1p0,108,3,subject108_client3,13426,2,standing,749.68
1.0,alpha1p0,108,3,subject108_client3,13427,2,standing,750.96
1.0,alpha1p0,108,3,subject108_client3,13428,2,standing,752.24
1.0,alpha1p0,108,3,subject108_client3,13429,2,standing,753.52
1.0,alpha1p0,108,3,subject108_client3,13430,2,standing,754.8
1.0,alpha1p0,108,3,subject108_client3,13431,2,standing,756.08
1.0,alpha1p0,108,3,subject108_client3,13432,2,standing,757.36
1.0,alpha1p0,108,3,subject108_client3,13433,2,standing,758.64
1.0,alpha1p0,108,3,subject108_client3,13434,2,standing,759.92
1.0,alpha1p0,108,3,subject108_client3,13435,2,standing,761.2
1.0,alpha1p0,108,3,subject108_client3,13436,2,standing,762.48
1.0,alpha1p0,108,3,subject108_client3,13437,2,standing,763.76
1.0,alpha1p0,108,3,subject108_client3,13438,2,standing,765.04
1.0,alpha1p0,108,3,subject108_client3,13439,2,standing,766.32
1.0,alpha1p0,108,3,subject108_client3,13440,2,standing,767.6
1.0,alpha1p0,108,3,subject108_client3,13441,2,standing,768.88
1.0,alpha1p0,108,3,subject108_client3,13442,2,standing,770.16
1.0,alpha1p0,108,3,subject108_client3,13443,2,standing,771.44
1.0,alpha1p0,108,3,subject108_client3,13444,2,standing,772.72
1.0,alpha1p0,108,3,subject108_client3,13445,2,standing,774.0
1.0,alpha1p0,108,3,subject108_client3,13446,2,standing,775.28
1.0,alpha1p0,108,3,subject108_client3,13447,2,standing,776.56
1.0,alpha1p0,108,2,subject108_client2,13449,2,standing,779.12
1.0,alpha1p0,108,2,subject108_client2,13450,2,standing,780.4
1.0,alpha1p0,108,2,subject108_client2,13451,2,standing,781.68
1.0,alpha1p0,108,2,subject108_client2,13452,2,standing,782.96
1.0,alpha1p0,108,2,subject108_client2,13453,2,standing,784.24
1.0,alpha1p0,108,2,subject108_client2,13454,2,standing,785.52
1.0,alpha1p0,108,2,subject108_client2,13455,2,standing,786.8
1.0,alpha1p0,108,2,subject108_client2,13456,2,standing,788.08
1.0,alpha1p0,108,2,subject108_client2,13457,2,standing,789.36
1.0,alpha1p0,108,2,subject108_client2,13458,2,standing,790.64
1.0,alpha1p0,108,2,subject108_client2,13459,2,standing,791.92
1.0,alpha1p0,108,2,subject108_client2,13460,2,standing,793.2
1.0,alpha1p0,108,2,subject108_client2,13461,2,standing,794.48
1.0,alpha1p0,108,2,subject108_client2,13462,2,standing,795.76
1.0,alpha1p0,108,2,subject108_client2,13463,2,standing,797.04
1.0,alpha1p0,108,2,subject108_client2,13464,2,standing,798.32
1.0,alpha1p0,108,2,subject108_client2,13465,2,standing,799.6
1.0,alpha1p0,108,2,subject108_client2,13466,2,standing,800.88
1.0,alpha1p0,108,2,subject108_client2,13467,2,standing,802.16
1.0,alpha1p0,108,2,subject108_client2,13468,2,standing,803.44
1.0,alpha1p0,108,2,subject108_client2,13469,2,standing,804.72
1.0,alpha1p0,108,2,subject108_client2,13470,2,standing,806.0
1.0,alpha1p0,108,2,subject108_client2,13471,2,standing,807.28
1.0,alpha1p0,108,2,subject108_client2,13472,2,standing,808.56
1.0,alpha1p0,108,2,subject108_client2,13473,2,standing,809.84
1.0,alpha1p0,108,2,subject108_client2,13474,2,standing,811.12
1.0,alpha1p0,108,2,subject108_client2,13475,2,standing,812.4
1.0,alpha1p0,108,2,subject108_client2,13476,2,standing,813.68
1.0,alpha1p0,108,2,subject108_client2,13477,2,standing,814.96
1.0,alpha1p0,108,2,subject108_client2,13478,2,standing,816.24
1.0,alpha1p0,108,2,subject108_client2,13479,2,standing,817.52
1.0,alpha1p0,108,2,subject108_client2,13480,2,standing,818.8
1.0,alpha1p0,108,2,subject108_client2,13481,2,standing,820.08
1.0,alpha1p0,108,2,subject108_client2,13482,2,standing,821.36
1.0,alpha1p0,108,2,subject108_client2,13483,2,standing,822.64
1.0,alpha1p0,108,2,subject108_client2,13484,2,standing,823.92
1.0,alpha1p0,108,2,subject108_client2,13485,2,standing,825.2
1.0,alpha1p0,108,2,subject108_client2,13486,2,standing,826.48
1.0,alpha1p0,108,2,subject108_client2,13487,2,standing,827.76
1.0,alpha1p0,108,2,subject108_client2,13488,2,standing,829.04
1.0,alpha1p0,108,2,subject108_client2,13489,2,standing,830.32
1.0,alpha1p0,108,2,subject108_client2,13490,2,standing,831.6
1.0,alpha1p0,108,2,subject108_client2,13491,2,standing,832.88
1.0,alpha1p0,108,2,subject108_client2,13492,2,standing,834.16
1.0,alpha1p0,108,2,subject108_client2,13493,2,standing,835.44
1.0,alpha1p0,108,2,subject108_client2,13494,2,standing,836.72
1.0,alpha1p0,108,2,subject108_client2,13495,2,standing,838.0
1.0,alpha1p0,108,2,subject108_client2,13496,2,standing,839.28
1.0,alpha1p0,108,2,subject108_client2,13497,2,standing,840.56
1.0,alpha1p0,108,2,subject108_client2,13498,2,standing,841.84
1.0,alpha1p0,108,2,subject108_client2,13499,2,standing,843.12
1.0,alpha1p0,108,2,subject108_client2,13500,2,standing,844.4
1.0,alpha1p0,108,2,subject108_client2,13501,2,standing,845.68
1.0,alpha1p0,108,2,subject108_client2,13502,2,standing,846.96
1.0,alpha1p0,108,2,subject108_client2,13503,2,standing,848.24
1.0,alpha1p0,108,2,subject108_client2,13504,2,standing,849.52
1.0,alpha1p0,108,3,subject108_client3,13505,10,ironing,852.8
1.0,alpha1p0,108,3,subject108_client3,13506,10,ironing,854.08
1.0,alpha1p0,108,3,subject108_client3,13507,10,ironing,855.36
1.0,alpha1p0,108,3,subject108_client3,13508,10,ironing,856.64
1.0,alpha1p0,108,3,subject108_client3,13509,10,ironing,857.92
1.0,alpha1p0,108,3,subject108_client3,13510,10,ironing,859.2
1.0,alpha1p0,108,3,subject108_client3,13511,10,ironing,860.48
1.0,alpha1p0,108,3,subject108_client3,13512,10,ironing,861.76
1.0,alpha1p0,108,3,subject108_client3,13513,10,ironing,863.04
1.0,alpha1p0,108,3,subject108_client3,13514,10,ironing,864.32
1.0,alpha1p0,108,3,subject108_client3,13515,10,ironing,865.6
1.0,alpha1p0,108,3,subject108_client3,13516,10,ironing,866.88
1.0,alpha1p0,108,3,subject108_client3,13517,10,ironing,868.16
1.0,alpha1p0,108,3,subject108_client3,13518,10,ironing,869.44
1.0,alpha1p0,108,3,subject108_client3,13519,10,ironing,870.72
1.0,alpha1p0,108,3,subject108_client3,13520,10,ironing,872.0
1.0,alpha1p0,108,3,subject108_client3,13521,10,ironing,873.28
1.0,alpha1p0,108,3,subject108_client3,13522,10,ironing,874.56
1.0,alpha1p0,108,3,subject108_client3,13523,10,ironing,875.84
1.0,alpha1p0,108,3,subject108_client3,13524,10,ironing,877.12
1.0,alpha1p0,108,3,subject108_client3,13525,10,ironing,878.4
1.0,alpha1p0,108,3,subject108_client3,13526,10,ironing,879.68
1.0,alpha1p0,108,3,subject108_client3,13527,10,ironing,880.96
1.0,alpha1p0,108,3,subject108_client3,13528,10,ironing,882.24
1.0,alpha1p0,108,3,subject108_client3,13529,10,ironing,883.52
1.0,alpha1p0,108,3,subject108_client3,13530,10,ironing,884.8
1.0,alpha1p0,108,3,subject108_client3,13531,10,ironing,886.08
1.0,alpha1p0,108,3,subject108_client3,13532,10,ironing,887.36
1.0,alpha1p0,108,3,subject108_client3,13533,10,ironing,888.64
1.0,alpha1p0,108,3,subject108_client3,13534,10,ironing,889.92
1.0,alpha1p0,108,3,subject108_client3,13535,10,ironing,891.2
1.0,alpha1p0,108,3,subject108_client3,13536,10,ironing,892.48
1.0,alpha1p0,108,3,subject108_client3,13537,10,ironing,893.76
1.0,alpha1p0,108,3,subject108_client3,13538,10,ironing,895.04
1.0,alpha1p0,108,3,subject108_client3,13539,10,ironing,896.32
1.0,alpha1p0,108,3,subject108_client3,13540,10,ironing,897.6
1.0,alpha1p0,108,3,subject108_client3,13541,10,ironing,898.88
1.0,alpha1p0,108,3,subject108_client3,13542,10,ironing,900.16
1.0,alpha1p0,108,3,subject108_client3,13543,10,ironing,901.44
1.0,alpha1p0,108,3,subject108_client3,13544,10,ironing,902.72
1.0,alpha1p0,108,3,subject108_client3,13545,10,ironing,904.0
1.0,alpha1p0,108,3,subject108_client3,13546,10,ironing,905.28
1.0,alpha1p0,108,3,subject108_client3,13547,10,ironing,906.56
1.0,alpha1p0,108,3,subject108_client3,13548,10,ironing,907.84
1.0,alpha1p0,108,3,subject108_client3,13549,10,ironing,909.12
1.0,alpha1p0,108,3,subject108_client3,13550,10,ironing,910.4
1.0,alpha1p0,108,3,subject108_client3,13551,10,ironing,911.68
1.0,alpha1p0,108,3,subject108_client3,13552,10,ironing,912.96
1.0,alpha1p0,108,3,subject108_client3,13553,10,ironing,914.24
1.0,alpha1p0,108,3,subject108_client3,13554,10,ironing,915.52
1.0,alpha1p0,108,3,subject108_client3,13555,10,ironing,916.8
1.0,alpha1p0,108,3,subject108_client3,13556,10,ironing,918.08
1.0,alpha1p0,108,3,subject108_client3,13557,10,ironing,919.36
1.0,alpha1p0,108,3,subject108_client3,13558,10,ironing,920.64
1.0,alpha1p0,108,3,subject108_client3,13559,10,ironing,921.92
1.0,alpha1p0,108,3,subject108_client3,13560,10,ironing,923.2
1.0,alpha1p0,108,1,subject108_client1,13562,10,ironing,925.76
1.0,alpha1p0,108,1,subject108_client1,13563,10,ironing,927.04
1.0,alpha1p0,108,1,subject108_client1,13564,10,ironing,928.32
1.0,alpha1p0,108,1,subject108_client1,13565,10,ironing,929.6
1.0,alpha1p0,108,1,subject108_client1,13566,10,ironing,930.88
1.0,alpha1p0,108,1,subject108_client1,13567,10,ironing,932.16
1.0,alpha1p0,108,1,subject108_client1,13568,10,ironing,933.44
1.0,alpha1p0,108,1,subject108_client1,13569,10,ironing,934.72
1.0,alpha1p0,108,1,subject108_client1,13570,10,ironing,936.0
1.0,alpha1p0,108,1,subject108_client1,13571,10,ironing,937.28
1.0,alpha1p0,108,1,subject108_client1,13572,10,ironing,938.56
1.0,alpha1p0,108,1,subject108_client1,13573,10,ironing,939.84
1.0,alpha1p0,108,1,subject108_client1,13574,10,ironing,941.12
1.0,alpha1p0,108,1,subject108_client1,13575,10,ironing,942.4
1.0,alpha1p0,108,1,subject108_client1,13576,10,ironing,943.68
1.0,alpha1p0,108,1,subject108_client1,13577,10,ironing,944.96
1.0,alpha1p0,108,1,subject108_client1,13578,10,ironing,946.24
1.0,alpha1p0,108,1,subject108_client1,13579,10,ironing,947.52
1.0,alpha1p0,108,1,subject108_client1,13580,10,ironing,948.8
1.0,alpha1p0,108,1,subject108_client1,13581,10,ironing,950.08
1.0,alpha1p0,108,1,subject108_client1,13582,10,ironing,951.36
1.0,alpha1p0,108,1,subject108_client1,13583,10,ironing,952.64
1.0,alpha1p0,108,1,subject108_client1,13584,10,ironing,953.92
1.0,alpha1p0,108,1,subject108_client1,13585,10,ironing,955.2
1.0,alpha1p0,108,1,subject108_client1,13586,10,ironing,956.48
1.0,alpha1p0,108,1,subject108_client1,13587,10,ironing,957.76
1.0,alpha1p0,108,0,subject108_client0,13589,10,ironing,960.32
1.0,alpha1p0,108,0,subject108_client0,13590,10,ironing,961.6
1.0,alpha1p0,108,0,subject108_client0,13591,10,ironing,962.88
1.0,alpha1p0,108,0,subject108_client0,13592,10,ironing,964.16
1.0,alpha1p0,108,0,subject108_client0,13593,10,ironing,965.44
1.0,alpha1p0,108,0,subject108_client0,13594,10,ironing,966.72
1.0,alpha1p0,108,0,subject108_client0,13595,10,ironing,968.0
1.0,alpha1p0,108,0,subject108_client0,13596,10,ironing,969.28
1.0,alpha1p0,108,0,subject108_client0,13597,10,ironing,970.56
1.0,alpha1p0,108,0,subject108_client0,13598,10,ironing,971.84
1.0,alpha1p0,108,0,subject108_client0,13599,10,ironing,973.12
1.0,alpha1p0,108,0,subject108_client0,13600,10,ironing,974.4
1.0,alpha1p0,108,0,subject108_client0,13601,10,ironing,975.68
1.0,alpha1p0,108,0,subject108_client0,13602,10,ironing,976.96
1.0,alpha1p0,108,0,subject108_client0,13603,10,ironing,978.24
1.0,alpha1p0,108,0,subject108_client0,13604,10,ironing,979.52
1.0,alpha1p0,108,0,subject108_client0,13605,10,ironing,980.8
1.0,alpha1p0,108,0,subject108_client0,13606,10,ironing,982.08
1.0,alpha1p0,108,0,subject108_client0,13607,10,ironing,983.36
1.0,alpha1p0,108,0,subject108_client0,13608,10,ironing,984.64
1.0,alpha1p0,108,0,subject108_client0,13609,10,ironing,985.92
1.0,alpha1p0,108,0,subject108_client0,13610,10,ironing,987.2
1.0,alpha1p0,108,0,subject108_client0,13611,10,ironing,988.48
1.0,alpha1p0,108,0,subject108_client0,13612,10,ironing,989.76
1.0,alpha1p0,108,0,subject108_client0,13613,10,ironing,991.04
1.0,alpha1p0,108,0,subject108_client0,13614,10,ironing,992.32
1.0,alpha1p0,108,0,subject108_client0,13615,10,ironing,993.6
1.0,alpha1p0,108,0,subject108_client0,13616,10,ironing,994.88
1.0,alpha1p0,108,0,subject108_client0,13617,10,ironing,996.16
1.0,alpha1p0,108,0,subject108_client0,13618,10,ironing,997.44
1.0,alpha1p0,108,0,subject108_client0,13619,10,ironing,998.72
1.0,alpha1p0,108,0,subject108_client0,13620,10,ironing,1000.0
1.0,alpha1p0,108,0,subject108_client0,13621,10,ironing,1001.28
1.0,alpha1p0,108,0,subject108_client0,13622,10,ironing,1002.56
1.0,alpha1p0,108,0,subject108_client0,13623,10,ironing,1003.84
1.0,alpha1p0,108,0,subject108_client0,13624,10,ironing,1005.12
1.0,alpha1p0,108,0,subject108_client0,13625,10,ironing,1006.4
1.0,alpha1p0,108,0,subject108_client0,13626,10,ironing,1007.68
1.0,alpha1p0,108,0,subject108_client0,13627,10,ironing,1008.96
1.0,alpha1p0,108,0,subject108_client0,13628,10,ironing,1010.24
1.0,alpha1p0,108,0,subject108_client0,13629,10,ironing,1011.52
1.0,alpha1p0,108,0,subject108_client0,13630,10,ironing,1012.8
1.0,alpha1p0,108,0,subject108_client0,13631,10,ironing,1014.08
1.0,alpha1p0,108,0,subject108_client0,13632,10,ironing,1015.36
1.0,alpha1p0,108,0,subject108_client0,13633,10,ironing,1016.64
1.0,alpha1p0,108,0,subject108_client0,13634,10,ironing,1017.92
1.0,alpha1p0,108,0,subject108_client0,13635,10,ironing,1019.2
1.0,alpha1p0,108,0,subject108_client0,13636,10,ironing,1020.48
1.0,alpha1p0,108,0,subject108_client0,13637,10,ironing,1021.76
1.0,alpha1p0,108,0,subject108_client0,13638,10,ironing,1023.04
1.0,alpha1p0,108,0,subject108_client0,13639,10,ironing,1024.32
1.0,alpha1p0,108,0,subject108_client0,13640,10,ironing,1025.6
1.0,alpha1p0,108,0,subject108_client0,13641,10,ironing,1026.88
1.0,alpha1p0,108,0,subject108_client0,13642,10,ironing,1028.16
1.0,alpha1p0,108,0,subject108_client0,13643,10,ironing,1029.44
1.0,alpha1p0,108,0,subject108_client0,13644,10,ironing,1030.72
1.0,alpha1p0,108,0,subject108_client0,13645,10,ironing,1032.0
1.0,alpha1p0,108,0,subject108_client0,13646,10,ironing,1033.28
1.0,alpha1p0,108,0,subject108_client0,13647,10,ironing,1034.56
1.0,alpha1p0,108,0,subject108_client0,13648,10,ironing,1035.84
1.0,alpha1p0,108,0,subject108_client0,13649,10,ironing,1037.12
1.0,alpha1p0,108,0,subject108_client0,13650,10,ironing,1038.4
1.0,alpha1p0,108,0,subject108_client0,13651,10,ironing,1039.68
1.0,alpha1p0,108,0,subject108_client0,13652,10,ironing,1040.96
1.0,alpha1p0,108,0,subject108_client0,13653,10,ironing,1042.24
1.0,alpha1p0,108,0,subject108_client0,13654,10,ironing,1043.52
1.0,alpha1p0,108,0,subject108_client0,13655,10,ironing,1044.8
1.0,alpha1p0,108,0,subject108_client0,13656,10,ironing,1046.08
1.0,alpha1p0,108,0,subject108_client0,13657,10,ironing,1047.36
1.0,alpha1p0,108,0,subject108_client0,13658,10,ironing,1048.64
1.0,alpha1p0,108,0,subject108_client0,13659,10,ironing,1049.92
1.0,alpha1p0,108,0,subject108_client0,13660,10,ironing,1051.2
1.0,alpha1p0,108,0,subject108_client0,13661,10,ironing,1052.48
1.0,alpha1p0,108,0,subject108_client0,13662,10,ironing,1053.76
1.0,alpha1p0,108,0,subject108_client0,13663,10,ironing,1055.04
1.0,alpha1p0,108,0,subject108_client0,13664,10,ironing,1056.32
1.0,alpha1p0,108,0,subject108_client0,13665,10,ironing,1057.6
1.0,alpha1p0,108,0,subject108_client0,13666,10,ironing,1058.88
1.0,alpha1p0,108,0,subject108_client0,13667,10,ironing,1060.16
1.0,alpha1p0,108,0,subject108_client0,13668,10,ironing,1061.44
1.0,alpha1p0,108,0,subject108_client0,13669,10,ironing,1062.72
1.0,alpha1p0,108,0,subject108_client0,13670,10,ironing,1064.0
1.0,alpha1p0,108,0,subject108_client0,13671,10,ironing,1065.28
1.0,alpha1p0,108,0,subject108_client0,13672,10,ironing,1066.56
1.0,alpha1p0,108,0,subject108_client0,13673,10,ironing,1067.84
1.0,alpha1p0,108,0,subject108_client0,13674,10,ironing,1069.12
1.0,alpha1p0,108,0,subject108_client0,13675,10,ironing,1070.4
1.0,alpha1p0,108,0,subject108_client0,13676,10,ironing,1071.68
1.0,alpha1p0,108,0,subject108_client0,13677,10,ironing,1072.96
1.0,alpha1p0,108,0,subject108_client0,13678,10,ironing,1074.24
1.0,alpha1p0,108,0,subject108_client0,13679,10,ironing,1075.52
1.0,alpha1p0,108,0,subject108_client0,13680,10,ironing,1076.8
1.0,alpha1p0,108,0,subject108_client0,13681,10,ironing,1078.08
1.0,alpha1p0,108,0,subject108_client0,13682,10,ironing,1079.36
1.0,alpha1p0,108,0,subject108_client0,13683,10,ironing,1080.64
1.0,alpha1p0,108,0,subject108_client0,13684,10,ironing,1081.92
1.0,alpha1p0,108,0,subject108_client0,13685,10,ironing,1083.2
1.0,alpha1p0,108,0,subject108_client0,13686,10,ironing,1084.48
1.0,alpha1p0,108,0,subject108_client0,13687,10,ironing,1085.76
1.0,alpha1p0,108,0,subject108_client0,13688,10,ironing,1087.04
1.0,alpha1p0,108,0,subject108_client0,13689,10,ironing,1088.32
1.0,alpha1p0,108,0,subject108_client0,13690,10,ironing,1089.6
1.0,alpha1p0,108,0,subject108_client0,13691,10,ironing,1090.88
1.0,alpha1p0,108,0,subject108_client0,13692,10,ironing,1092.16
1.0,alpha1p0,108,0,subject108_client0,13693,10,ironing,1093.44
1.0,alpha1p0,108,0,subject108_client0,13694,10,ironing,1094.72
1.0,alpha1p0,108,0,subject108_client0,13695,10,ironing,1096.0
1.0,alpha1p0,108,0,subject108_client0,13696,10,ironing,1097.28
1.0,alpha1p0,108,0,subject108_client0,13697,10,ironing,1098.56
1.0,alpha1p0,108,0,subject108_client0,13698,10,ironing,1099.84
1.0,alpha1p0,108,0,subject108_client0,13699,10,ironing,1101.12
1.0,alpha1p0,108,0,subject108_client0,13700,10,ironing,1102.4
1.0,alpha1p0,108,0,subject108_client0,13701,10,ironing,1103.68
1.0,alpha1p0,108,0,subject108_client0,13702,10,ironing,1104.96
1.0,alpha1p0,108,0,subject108_client0,13703,10,ironing,1106.24
1.0,alpha1p0,108,0,subject108_client0,13704,10,ironing,1107.52
1.0,alpha1p0,108,0,subject108_client0,13705,10,ironing,1108.8
1.0,alpha1p0,108,0,subject108_client0,13706,10,ironing,1110.08
1.0,alpha1p0,108,0,subject108_client0,13707,10,ironing,1111.36
1.0,alpha1p0,108,0,subject108_client0,13708,10,ironing,1112.64
1.0,alpha1p0,108,0,subject108_client0,13709,10,ironing,1113.92
1.0,alpha1p0,108,0,subject108_client0,13710,10,ironing,1115.2
1.0,alpha1p0,108,0,subject108_client0,13711,10,ironing,1116.48
1.0,alpha1p0,108,0,subject108_client0,13712,10,ironing,1117.76
1.0,alpha1p0,108,0,subject108_client0,13713,10,ironing,1119.04
1.0,alpha1p0,108,0,subject108_client0,13714,10,ironing,1120.32
1.0,alpha1p0,108,0,subject108_client0,13715,10,ironing,1121.6
1.0,alpha1p0,108,0,subject108_client0,13716,10,ironing,1122.88
1.0,alpha1p0,108,0,subject108_client0,13717,10,ironing,1124.16
1.0,alpha1p0,108,0,subject108_client0,13718,10,ironing,1125.44
1.0,alpha1p0,108,0,subject108_client0,13719,10,ironing,1126.72
1.0,alpha1p0,108,0,subject108_client0,13720,10,ironing,1128.0
1.0,alpha1p0,108,0,subject108_client0,13721,10,ironing,1129.28
1.0,alpha1p0,108,0,subject108_client0,13722,10,ironing,1130.56
1.0,alpha1p0,108,0,subject108_client0,13723,10,ironing,1131.84
1.0,alpha1p0,108,0,subject108_client0,13724,10,ironing,1133.12
1.0,alpha1p0,108,0,subject108_client0,13725,10,ironing,1134.4
1.0,alpha1p0,108,0,subject108_client0,13726,10,ironing,1135.68
1.0,alpha1p0,108,0,subject108_client0,13727,10,ironing,1136.96
1.0,alpha1p0,108,0,subject108_client0,13728,10,ironing,1138.24
1.0,alpha1p0,108,0,subject108_client0,13729,10,ironing,1139.52
1.0,alpha1p0,108,0,subject108_client0,13730,10,ironing,1140.8
1.0,alpha1p0,108,0,subject108_client0,13731,10,ironing,1142.08
1.0,alpha1p0,108,2,subject108_client2,13733,10,ironing,1144.64
1.0,alpha1p0,108,2,subject108_client2,13734,10,ironing,1145.92
1.0,alpha1p0,108,2,subject108_client2,13735,10,ironing,1147.2
1.0,alpha1p0,108,2,subject108_client2,13736,10,ironing,1148.48
1.0,alpha1p0,108,2,subject108_client2,13737,10,ironing,1149.76
1.0,alpha1p0,108,2,subject108_client2,13738,10,ironing,1151.04
1.0,alpha1p0,108,2,subject108_client2,13739,10,ironing,1152.32
1.0,alpha1p0,108,2,subject108_client2,13740,10,ironing,1153.6
1.0,alpha1p0,108,2,subject108_client2,13741,10,ironing,1154.88
1.0,alpha1p0,108,2,subject108_client2,13742,10,ironing,1156.16
1.0,alpha1p0,108,2,subject108_client2,13743,10,ironing,1157.44
1.0,alpha1p0,108,2,subject108_client2,13744,10,ironing,1158.72
1.0,alpha1p0,108,2,subject108_client2,13745,10,ironing,1160.0
1.0,alpha1p0,108,2,subject108_client2,13746,10,ironing,1161.28
1.0,alpha1p0,108,2,subject108_client2,13747,10,ironing,1162.56
1.0,alpha1p0,108,2,subject108_client2,13748,10,ironing,1163.84
1.0,alpha1p0,108,2,subject108_client2,13749,10,ironing,1165.12
1.0,alpha1p0,108,2,subject108_client2,13750,10,ironing,1166.4
1.0,alpha1p0,108,2,subject108_client2,13751,10,ironing,1167.68
1.0,alpha1p0,108,2,subject108_client2,13752,10,ironing,1168.96
1.0,alpha1p0,108,2,subject108_client2,13753,10,ironing,1170.24
1.0,alpha1p0,108,2,subject108_client2,13754,10,ironing,1171.52
1.0,alpha1p0,108,2,subject108_client2,13755,10,ironing,1172.8
1.0,alpha1p0,108,2,subject108_client2,13756,10,ironing,1174.08
1.0,alpha1p0,108,2,subject108_client2,13757,10,ironing,1175.36
1.0,alpha1p0,108,2,subject108_client2,13758,10,ironing,1176.64
1.0,alpha1p0,108,2,subject108_client2,13759,10,ironing,1177.92
1.0,alpha1p0,108,2,subject108_client2,13760,10,ironing,1179.2
1.0,alpha1p0,108,2,subject108_client2,13761,9,vacuum cleaning,1287.14
1.0,alpha1p0,108,2,subject108_client2,13762,9,vacuum cleaning,1288.42
1.0,alpha1p0,108,2,subject108_client2,13763,9,vacuum cleaning,1289.7
1.0,alpha1p0,108,2,subject108_client2,13764,9,vacuum cleaning,1290.98
1.0,alpha1p0,108,2,subject108_client2,13765,9,vacuum cleaning,1292.26
1.0,alpha1p0,108,2,subject108_client2,13766,9,vacuum cleaning,1293.54
1.0,alpha1p0,108,2,subject108_client2,13767,9,vacuum cleaning,1294.82
1.0,alpha1p0,108,2,subject108_client2,13768,9,vacuum cleaning,1296.1
1.0,alpha1p0,108,2,subject108_client2,13769,9,vacuum cleaning,1297.38
1.0,alpha1p0,108,2,subject108_client2,13770,9,vacuum cleaning,1298.66
1.0,alpha1p0,108,2,subject108_client2,13771,9,vacuum cleaning,1299.94
1.0,alpha1p0,108,2,subject108_client2,13772,9,vacuum cleaning,1301.22
1.0,alpha1p0,108,2,subject108_client2,13773,9,vacuum cleaning,1302.5
1.0,alpha1p0,108,2,subject108_client2,13774,9,vacuum cleaning,1303.78
1.0,alpha1p0,108,2,subject108_client2,13775,9,vacuum cleaning,1305.06
1.0,alpha1p0,108,2,subject108_client2,13776,9,vacuum cleaning,1306.34
1.0,alpha1p0,108,2,subject108_client2,13777,9,vacuum cleaning,1307.62
1.0,alpha1p0,108,2,subject108_client2,13778,9,vacuum cleaning,1308.9
1.0,alpha1p0,108,1,subject108_client1,13780,9,vacuum cleaning,1311.46
1.0,alpha1p0,108,1,subject108_client1,13781,9,vacuum cleaning,1312.74
1.0,alpha1p0,108,1,subject108_client1,13782,9,vacuum cleaning,1314.02
1.0,alpha1p0,108,1,subject108_client1,13783,9,vacuum cleaning,1315.3
1.0,alpha1p0,108,1,subject108_client1,13784,9,vacuum cleaning,1316.58
1.0,alpha1p0,108,1,subject108_client1,13785,9,vacuum cleaning,1317.86
1.0,alpha1p0,108,1,subject108_client1,13786,9,vacuum cleaning,1319.14
1.0,alpha1p0,108,1,subject108_client1,13787,9,vacuum cleaning,1320.42
1.0,alpha1p0,108,1,subject108_client1,13788,9,vacuum cleaning,1321.7
1.0,alpha1p0,108,1,subject108_client1,13789,9,vacuum cleaning,1322.98
1.0,alpha1p0,108,1,subject108_client1,13790,9,vacuum cleaning,1324.26
1.0,alpha1p0,108,1,subject108_client1,13791,9,vacuum cleaning,1325.54
1.0,alpha1p0,108,1,subject108_client1,13792,9,vacuum cleaning,1326.82
1.0,alpha1p0,108,1,subject108_client1,13793,9,vacuum cleaning,1328.1
1.0,alpha1p0,108,1,subject108_client1,13794,9,vacuum cleaning,1329.38
1.0,alpha1p0,108,1,subject108_client1,13795,9,vacuum cleaning,1330.66
1.0,alpha1p0,108,1,subject108_client1,13796,9,vacuum cleaning,1331.94
1.0,alpha1p0,108,1,subject108_client1,13797,9,vacuum cleaning,1333.22
1.0,alpha1p0,108,1,subject108_client1,13798,9,vacuum cleaning,1334.5
1.0,alpha1p0,108,1,subject108_client1,13799,9,vacuum cleaning,1335.78
1.0,alpha1p0,108,1,subject108_client1,13800,9,vacuum cleaning,1337.06
1.0,alpha1p0,108,1,subject108_client1,13801,9,vacuum cleaning,1338.34
1.0,alpha1p0,108,1,subject108_client1,13802,9,vacuum cleaning,1339.62
1.0,alpha1p0,108,3,subject108_client3,13804,9,vacuum cleaning,1342.18
1.0,alpha1p0,108,3,subject108_client3,13805,9,vacuum cleaning,1343.46
1.0,alpha1p0,108,3,subject108_client3,13806,9,vacuum cleaning,1344.74
1.0,alpha1p0,108,3,subject108_client3,13807,9,vacuum cleaning,1346.02
1.0,alpha1p0,108,3,subject108_client3,13808,9,vacuum cleaning,1347.3
1.0,alpha1p0,108,3,subject108_client3,13809,9,vacuum cleaning,1348.58
1.0,alpha1p0,108,3,subject108_client3,13810,9,vacuum cleaning,1349.86
1.0,alpha1p0,108,3,subject108_client3,13811,9,vacuum cleaning,1351.14
1.0,alpha1p0,108,3,subject108_client3,13812,9,vacuum cleaning,1352.42
1.0,alpha1p0,108,3,subject108_client3,13813,9,vacuum cleaning,1353.7
1.0,alpha1p0,108,3,subject108_client3,13814,9,vacuum cleaning,1354.98
1.0,alpha1p0,108,3,subject108_client3,13815,9,vacuum cleaning,1356.26
1.0,alpha1p0,108,3,subject108_client3,13816,9,vacuum cleaning,1357.54
1.0,alpha1p0,108,3,subject108_client3,13817,9,vacuum cleaning,1358.82
1.0,alpha1p0,108,3,subject108_client3,13818,9,vacuum cleaning,1360.1
1.0,alpha1p0,108,3,subject108_client3,13819,9,vacuum cleaning,1361.38
1.0,alpha1p0,108,3,subject108_client3,13820,9,vacuum cleaning,1362.66
1.0,alpha1p0,108,3,subject108_client3,13821,9,vacuum cleaning,1363.94
1.0,alpha1p0,108,3,subject108_client3,13822,9,vacuum cleaning,1365.22
1.0,alpha1p0,108,3,subject108_client3,13823,9,vacuum cleaning,1366.5
1.0,alpha1p0,108,3,subject108_client3,13824,9,vacuum cleaning,1367.78
1.0,alpha1p0,108,3,subject108_client3,13825,9,vacuum cleaning,1369.06
1.0,alpha1p0,108,3,subject108_client3,13826,9,vacuum cleaning,1370.34
1.0,alpha1p0,108,3,subject108_client3,13827,9,vacuum cleaning,1371.62
1.0,alpha1p0,108,3,subject108_client3,13828,9,vacuum cleaning,1372.9
1.0,alpha1p0,108,3,subject108_client3,13829,9,vacuum cleaning,1374.18
1.0,alpha1p0,108,3,subject108_client3,13830,9,vacuum cleaning,1375.46
1.0,alpha1p0,108,3,subject108_client3,13831,9,vacuum cleaning,1376.74
1.0,alpha1p0,108,3,subject108_client3,13832,9,vacuum cleaning,1378.02
1.0,alpha1p0,108,3,subject108_client3,13833,9,vacuum cleaning,1379.3
1.0,alpha1p0,108,3,subject108_client3,13834,9,vacuum cleaning,1380.58
1.0,alpha1p0,108,3,subject108_client3,13835,9,vacuum cleaning,1381.86
1.0,alpha1p0,108,3,subject108_client3,13836,9,vacuum cleaning,1383.14
1.0,alpha1p0,108,3,subject108_client3,13837,9,vacuum cleaning,1384.42
1.0,alpha1p0,108,3,subject108_client3,13838,9,vacuum cleaning,1385.7
1.0,alpha1p0,108,3,subject108_client3,13839,9,vacuum cleaning,1386.98
1.0,alpha1p0,108,3,subject108_client3,13840,9,vacuum cleaning,1388.26
1.0,alpha1p0,108,3,subject108_client3,13841,9,vacuum cleaning,1389.54
1.0,alpha1p0,108,3,subject108_client3,13842,9,vacuum cleaning,1390.82
1.0,alpha1p0,108,3,subject108_client3,13843,9,vacuum cleaning,1392.1
1.0,alpha1p0,108,3,subject108_client3,13844,9,vacuum cleaning,1393.38
1.0,alpha1p0,108,3,subject108_client3,13845,9,vacuum cleaning,1394.66
1.0,alpha1p0,108,3,subject108_client3,13846,9,vacuum cleaning,1395.94
1.0,alpha1p0,108,3,subject108_client3,13847,9,vacuum cleaning,1397.22
1.0,alpha1p0,108,3,subject108_client3,13848,9,vacuum cleaning,1398.5
1.0,alpha1p0,108,3,subject108_client3,13849,9,vacuum cleaning,1399.78
1.0,alpha1p0,108,3,subject108_client3,13850,9,vacuum cleaning,1401.06
1.0,alpha1p0,108,3,subject108_client3,13851,9,vacuum cleaning,1402.34
1.0,alpha1p0,108,3,subject108_client3,13852,9,vacuum cleaning,1403.62
1.0,alpha1p0,108,3,subject108_client3,13853,9,vacuum cleaning,1404.9
1.0,alpha1p0,108,3,subject108_client3,13854,9,vacuum cleaning,1406.18
1.0,alpha1p0,108,3,subject108_client3,13855,9,vacuum cleaning,1407.46
1.0,alpha1p0,108,3,subject108_client3,13856,9,vacuum cleaning,1408.74
1.0,alpha1p0,108,3,subject108_client3,13857,9,vacuum cleaning,1410.02
1.0,alpha1p0,108,3,subject108_client3,13858,9,vacuum cleaning,1411.3
1.0,alpha1p0,108,3,subject108_client3,13859,9,vacuum cleaning,1412.58
1.0,alpha1p0,108,3,subject108_client3,13860,9,vacuum cleaning,1413.86
1.0,alpha1p0,108,3,subject108_client3,13861,9,vacuum cleaning,1415.14
1.0,alpha1p0,108,3,subject108_client3,13862,9,vacuum cleaning,1416.42
1.0,alpha1p0,108,3,subject108_client3,13863,9,vacuum cleaning,1417.7
1.0,alpha1p0,108,3,subject108_client3,13864,9,vacuum cleaning,1418.98
1.0,alpha1p0,108,3,subject108_client3,13865,9,vacuum cleaning,1420.26
1.0,alpha1p0,108,3,subject108_client3,13866,9,vacuum cleaning,1421.54
1.0,alpha1p0,108,3,subject108_client3,13867,9,vacuum cleaning,1422.82
1.0,alpha1p0,108,3,subject108_client3,13868,9,vacuum cleaning,1424.1
1.0,alpha1p0,108,3,subject108_client3,13869,9,vacuum cleaning,1425.38
1.0,alpha1p0,108,3,subject108_client3,13870,9,vacuum cleaning,1426.66
1.0,alpha1p0,108,3,subject108_client3,13871,9,vacuum cleaning,1427.94
1.0,alpha1p0,108,3,subject108_client3,13872,9,vacuum cleaning,1429.22
1.0,alpha1p0,108,3,subject108_client3,13873,9,vacuum cleaning,1430.5
1.0,alpha1p0,108,3,subject108_client3,13874,9,vacuum cleaning,1431.78
1.0,alpha1p0,108,3,subject108_client3,13875,9,vacuum cleaning,1433.06
1.0,alpha1p0,108,3,subject108_client3,13876,9,vacuum cleaning,1434.34
1.0,alpha1p0,108,3,subject108_client3,13877,9,vacuum cleaning,1435.62
1.0,alpha1p0,108,3,subject108_client3,13878,9,vacuum cleaning,1436.9
1.0,alpha1p0,108,3,subject108_client3,13879,9,vacuum cleaning,1438.18
1.0,alpha1p0,108,3,subject108_client3,13880,9,vacuum cleaning,1439.46
1.0,alpha1p0,108,3,subject108_client3,13881,9,vacuum cleaning,1440.74
1.0,alpha1p0,108,3,subject108_client3,13882,9,vacuum cleaning,1442.02
1.0,alpha1p0,108,3,subject108_client3,13883,9,vacuum cleaning,1443.3
1.0,alpha1p0,108,3,subject108_client3,13884,9,vacuum cleaning,1444.58
1.0,alpha1p0,108,3,subject108_client3,13885,9,vacuum cleaning,1445.86
1.0,alpha1p0,108,3,subject108_client3,13886,9,vacuum cleaning,1447.14
1.0,alpha1p0,108,3,subject108_client3,13887,9,vacuum cleaning,1448.42
1.0,alpha1p0,108,3,subject108_client3,13888,9,vacuum cleaning,1449.7
1.0,alpha1p0,108,3,subject108_client3,13889,9,vacuum cleaning,1450.98
1.0,alpha1p0,108,3,subject108_client3,13890,9,vacuum cleaning,1452.26
1.0,alpha1p0,108,3,subject108_client3,13891,9,vacuum cleaning,1453.54
1.0,alpha1p0,108,3,subject108_client3,13892,9,vacuum cleaning,1454.82
1.0,alpha1p0,108,3,subject108_client3,13893,9,vacuum cleaning,1456.1
1.0,alpha1p0,108,0,subject108_client0,13895,9,vacuum cleaning,1458.66
1.0,alpha1p0,108,0,subject108_client0,13896,9,vacuum cleaning,1459.94
1.0,alpha1p0,108,0,subject108_client0,13897,9,vacuum cleaning,1461.22
1.0,alpha1p0,108,0,subject108_client0,13898,9,vacuum cleaning,1462.5
1.0,alpha1p0,108,0,subject108_client0,13899,9,vacuum cleaning,1463.78
1.0,alpha1p0,108,0,subject108_client0,13900,9,vacuum cleaning,1465.06
1.0,alpha1p0,108,0,subject108_client0,13901,9,vacuum cleaning,1466.34
1.0,alpha1p0,108,0,subject108_client0,13902,9,vacuum cleaning,1467.62
1.0,alpha1p0,108,0,subject108_client0,13903,9,vacuum cleaning,1468.9
1.0,alpha1p0,108,0,subject108_client0,13904,9,vacuum cleaning,1470.18
1.0,alpha1p0,108,0,subject108_client0,13905,9,vacuum cleaning,1471.46
1.0,alpha1p0,108,0,subject108_client0,13906,9,vacuum cleaning,1472.74
1.0,alpha1p0,108,0,subject108_client0,13907,9,vacuum cleaning,1474.02
1.0,alpha1p0,108,0,subject108_client0,13908,9,vacuum cleaning,1475.3
1.0,alpha1p0,108,0,subject108_client0,13909,9,vacuum cleaning,1476.58
1.0,alpha1p0,108,0,subject108_client0,13910,9,vacuum cleaning,1477.86
1.0,alpha1p0,108,0,subject108_client0,13911,9,vacuum cleaning,1479.14
1.0,alpha1p0,108,0,subject108_client0,13912,9,vacuum cleaning,1480.42
1.0,alpha1p0,108,0,subject108_client0,13913,9,vacuum cleaning,1481.7
1.0,alpha1p0,108,0,subject108_client0,13914,9,vacuum cleaning,1482.98
1.0,alpha1p0,108,0,subject108_client0,13915,9,vacuum cleaning,1484.26
1.0,alpha1p0,108,0,subject108_client0,13916,9,vacuum cleaning,1485.54
1.0,alpha1p0,108,0,subject108_client0,13917,9,vacuum cleaning,1486.82
1.0,alpha1p0,108,0,subject108_client0,13918,9,vacuum cleaning,1488.1
1.0,alpha1p0,108,0,subject108_client0,13919,9,vacuum cleaning,1489.38
1.0,alpha1p0,108,0,subject108_client0,13920,9,vacuum cleaning,1490.66
1.0,alpha1p0,108,0,subject108_client0,13921,9,vacuum cleaning,1491.94
1.0,alpha1p0,108,0,subject108_client0,13922,9,vacuum cleaning,1493.22
1.0,alpha1p0,108,0,subject108_client0,13923,9,vacuum cleaning,1494.5
1.0,alpha1p0,108,0,subject108_client0,13924,9,vacuum cleaning,1495.78
1.0,alpha1p0,108,0,subject108_client0,13925,9,vacuum cleaning,1497.06
1.0,alpha1p0,108,0,subject108_client0,13926,9,vacuum cleaning,1498.34
1.0,alpha1p0,108,0,subject108_client0,13927,9,vacuum cleaning,1499.62
1.0,alpha1p0,108,0,subject108_client0,13928,9,vacuum cleaning,1500.9
1.0,alpha1p0,108,0,subject108_client0,13929,9,vacuum cleaning,1502.18
1.0,alpha1p0,108,0,subject108_client0,13930,9,vacuum cleaning,1503.46
1.0,alpha1p0,108,0,subject108_client0,13931,9,vacuum cleaning,1504.74
1.0,alpha1p0,108,0,subject108_client0,13932,9,vacuum cleaning,1506.02
1.0,alpha1p0,108,0,subject108_client0,13933,9,vacuum cleaning,1507.3
1.0,alpha1p0,108,0,subject108_client0,13934,9,vacuum cleaning,1508.58
1.0,alpha1p0,108,0,subject108_client0,13935,9,vacuum cleaning,1509.86
1.0,alpha1p0,108,0,subject108_client0,13936,9,vacuum cleaning,1511.14
1.0,alpha1p0,108,0,subject108_client0,13937,9,vacuum cleaning,1512.42
1.0,alpha1p0,108,0,subject108_client0,13938,9,vacuum cleaning,1513.7
1.0,alpha1p0,108,0,subject108_client0,13939,9,vacuum cleaning,1514.98
1.0,alpha1p0,108,0,subject108_client0,13940,9,vacuum cleaning,1516.26
1.0,alpha1p0,108,0,subject108_client0,13941,9,vacuum cleaning,1517.54
1.0,alpha1p0,108,0,subject108_client0,13942,9,vacuum cleaning,1518.82
1.0,alpha1p0,108,0,subject108_client0,13943,9,vacuum cleaning,1520.1
1.0,alpha1p0,108,0,subject108_client0,13944,9,vacuum cleaning,1521.38
1.0,alpha1p0,108,0,subject108_client0,13945,9,vacuum cleaning,1522.66
1.0,alpha1p0,108,0,subject108_client0,13946,9,vacuum cleaning,1523.94
1.0,alpha1p0,108,0,subject108_client0,13947,9,vacuum cleaning,1525.22
1.0,alpha1p0,108,0,subject108_client0,13948,9,vacuum cleaning,1526.5
1.0,alpha1p0,108,3,subject108_client3,13949,7,ascending stairs,1663.44
1.0,alpha1p0,108,3,subject108_client3,13950,7,ascending stairs,1664.72
1.0,alpha1p0,108,3,subject108_client3,13951,7,ascending stairs,1666.0
1.0,alpha1p0,108,3,subject108_client3,13952,7,ascending stairs,1667.28
1.0,alpha1p0,108,3,subject108_client3,13953,7,ascending stairs,1668.56
1.0,alpha1p0,108,3,subject108_client3,13954,7,ascending stairs,1669.84
1.0,alpha1p0,108,3,subject108_client3,13955,7,ascending stairs,1671.12
1.0,alpha1p0,108,3,subject108_client3,13956,7,ascending stairs,1672.4
1.0,alpha1p0,108,3,subject108_client3,13957,7,ascending stairs,1673.68
1.0,alpha1p0,108,3,subject108_client3,13958,7,ascending stairs,1674.96
1.0,alpha1p0,108,3,subject108_client3,13959,7,ascending stairs,1676.24
1.0,alpha1p0,108,3,subject108_client3,13960,7,ascending stairs,1677.52
1.0,alpha1p0,108,3,subject108_client3,13961,7,ascending stairs,1678.8
1.0,alpha1p0,108,2,subject108_client2,13963,7,ascending stairs,1681.36
1.0,alpha1p0,108,2,subject108_client2,13964,7,ascending stairs,1682.64
1.0,alpha1p0,108,2,subject108_client2,13965,7,ascending stairs,1683.92
1.0,alpha1p0,108,2,subject108_client2,13966,7,ascending stairs,1685.2
1.0,alpha1p0,108,2,subject108_client2,13967,7,ascending stairs,1686.48
1.0,alpha1p0,108,2,subject108_client2,13968,7,ascending stairs,1687.76
1.0,alpha1p0,108,2,subject108_client2,13969,7,ascending stairs,1689.04
1.0,alpha1p0,108,2,subject108_client2,13970,7,ascending stairs,1690.32
1.0,alpha1p0,108,2,subject108_client2,13971,7,ascending stairs,1691.6
1.0,alpha1p0,108,2,subject108_client2,13972,7,ascending stairs,1692.88
1.0,alpha1p0,108,2,subject108_client2,13973,7,ascending stairs,1694.16
1.0,alpha1p0,108,0,subject108_client0,13975,7,ascending stairs,1696.72
1.0,alpha1p0,108,0,subject108_client0,13976,7,ascending stairs,1698.0
1.0,alpha1p0,108,0,subject108_client0,13977,7,ascending stairs,1699.28
1.0,alpha1p0,108,0,subject108_client0,13978,7,ascending stairs,1700.56
1.0,alpha1p0,108,0,subject108_client0,13979,7,ascending stairs,1701.84
1.0,alpha1p0,108,0,subject108_client0,13980,7,ascending stairs,1703.12
1.0,alpha1p0,108,0,subject108_client0,13981,7,ascending stairs,1704.4
1.0,alpha1p0,108,0,subject108_client0,13982,7,ascending stairs,1705.68
1.0,alpha1p0,108,0,subject108_client0,13983,7,ascending stairs,1706.96
1.0,alpha1p0,108,0,subject108_client0,13984,7,ascending stairs,1708.24
1.0,alpha1p0,108,0,subject108_client0,13985,7,ascending stairs,1709.52
1.0,alpha1p0,108,0,subject108_client0,13986,7,ascending stairs,1710.8
1.0,alpha1p0,108,0,subject108_client0,13987,7,ascending stairs,1712.08
1.0,alpha1p0,108,0,subject108_client0,13988,7,ascending stairs,1713.36
1.0,alpha1p0,108,0,subject108_client0,13989,7,ascending stairs,1714.64
1.0,alpha1p0,108,0,subject108_client0,13990,7,ascending stairs,1715.92
1.0,alpha1p0,108,0,subject108_client0,13991,7,ascending stairs,1717.2
1.0,alpha1p0,108,0,subject108_client0,13992,7,ascending stairs,1718.48
1.0,alpha1p0,108,0,subject108_client0,13993,7,ascending stairs,1719.76
1.0,alpha1p0,108,2,subject108_client2,13994,8,descending stairs,1815.34
1.0,alpha1p0,108,2,subject108_client2,13995,8,descending stairs,1816.62
1.0,alpha1p0,108,2,subject108_client2,13996,8,descending stairs,1817.9
1.0,alpha1p0,108,2,subject108_client2,13997,8,descending stairs,1819.18
1.0,alpha1p0,108,2,subject108_client2,13998,8,descending stairs,1820.46
1.0,alpha1p0,108,2,subject108_client2,13999,8,descending stairs,1821.74
1.0,alpha1p0,108,2,subject108_client2,14000,8,descending stairs,1823.02
1.0,alpha1p0,108,2,subject108_client2,14001,8,descending stairs,1824.3
1.0,alpha1p0,108,2,subject108_client2,14002,8,descending stairs,1825.58
1.0,alpha1p0,108,2,subject108_client2,14003,8,descending stairs,1826.86
1.0,alpha1p0,108,2,subject108_client2,14004,8,descending stairs,1828.14
1.0,alpha1p0,108,2,subject108_client2,14005,8,descending stairs,1829.42
1.0,alpha1p0,108,2,subject108_client2,14006,8,descending stairs,1830.7
1.0,alpha1p0,108,2,subject108_client2,14007,8,descending stairs,1831.98
1.0,alpha1p0,108,2,subject108_client2,14008,8,descending stairs,1833.26
1.0,alpha1p0,108,2,subject108_client2,14009,8,descending stairs,1834.54
1.0,alpha1p0,108,2,subject108_client2,14010,8,descending stairs,1835.82
1.0,alpha1p0,108,2,subject108_client2,14011,8,descending stairs,1837.1
1.0,alpha1p0,108,2,subject108_client2,14012,8,descending stairs,1838.38
1.0,alpha1p0,108,2,subject108_client2,14013,8,descending stairs,1839.66
1.0,alpha1p0,108,3,subject108_client3,14015,8,descending stairs,1842.22
1.0,alpha1p0,108,3,subject108_client3,14016,8,descending stairs,1843.5
1.0,alpha1p0,108,3,subject108_client3,14017,8,descending stairs,1844.78
1.0,alpha1p0,108,3,subject108_client3,14018,8,descending stairs,1846.06
1.0,alpha1p0,108,3,subject108_client3,14019,8,descending stairs,1847.34
1.0,alpha1p0,108,3,subject108_client3,14020,8,descending stairs,1848.62
1.0,alpha1p0,108,3,subject108_client3,14021,8,descending stairs,1849.9
1.0,alpha1p0,108,3,subject108_client3,14022,8,descending stairs,1851.18
1.0,alpha1p0,108,3,subject108_client3,14023,8,descending stairs,1852.46
1.0,alpha1p0,108,3,subject108_client3,14024,8,descending stairs,1853.74
1.0,alpha1p0,108,3,subject108_client3,14025,8,descending stairs,1855.02
1.0,alpha1p0,108,3,subject108_client3,14026,8,descending stairs,1856.3
1.0,alpha1p0,108,3,subject108_client3,14027,8,descending stairs,1857.58
1.0,alpha1p0,108,3,subject108_client3,14028,8,descending stairs,1858.86
1.0,alpha1p0,108,3,subject108_client3,14029,8,descending stairs,1860.14
1.0,alpha1p0,108,0,subject108_client0,14030,7,ascending stairs,1920.73
1.0,alpha1p0,108,0,subject108_client0,14031,7,ascending stairs,1922.01
1.0,alpha1p0,108,0,subject108_client0,14032,7,ascending stairs,1923.29
1.0,alpha1p0,108,0,subject108_client0,14033,7,ascending stairs,1924.57
1.0,alpha1p0,108,0,subject108_client0,14034,7,ascending stairs,1925.85
1.0,alpha1p0,108,0,subject108_client0,14035,7,ascending stairs,1927.13
1.0,alpha1p0,108,0,subject108_client0,14036,7,ascending stairs,1928.41
1.0,alpha1p0,108,0,subject108_client0,14037,7,ascending stairs,1929.69
1.0,alpha1p0,108,0,subject108_client0,14038,7,ascending stairs,1930.97
1.0,alpha1p0,108,0,subject108_client0,14039,7,ascending stairs,1932.25
1.0,alpha1p0,108,0,subject108_client0,14040,7,ascending stairs,1933.53
1.0,alpha1p0,108,0,subject108_client0,14041,7,ascending stairs,1934.81
1.0,alpha1p0,108,0,subject108_client0,14042,7,ascending stairs,1936.09
1.0,alpha1p0,108,0,subject108_client0,14043,7,ascending stairs,1937.37
1.0,alpha1p0,108,0,subject108_client0,14044,7,ascending stairs,1938.65
1.0,alpha1p0,108,0,subject108_client0,14045,7,ascending stairs,1939.93
1.0,alpha1p0,108,0,subject108_client0,14046,7,ascending stairs,1941.21
1.0,alpha1p0,108,0,subject108_client0,14047,7,ascending stairs,1942.49
1.0,alpha1p0,108,0,subject108_client0,14048,7,ascending stairs,1943.77
1.0,alpha1p0,108,0,subject108_client0,14049,7,ascending stairs,1945.05
1.0,alpha1p0,108,0,subject108_client0,14050,7,ascending stairs,1946.33
1.0,alpha1p0,108,0,subject108_client0,14051,7,ascending stairs,1947.61
1.0,alpha1p0,108,0,subject108_client0,14052,7,ascending stairs,1948.89
1.0,alpha1p0,108,0,subject108_client0,14053,7,ascending stairs,1950.17
1.0,alpha1p0,108,0,subject108_client0,14054,7,ascending stairs,1951.45
1.0,alpha1p0,108,0,subject108_client0,14055,7,ascending stairs,1952.73
1.0,alpha1p0,108,0,subject108_client0,14056,7,ascending stairs,1954.01
1.0,alpha1p0,108,0,subject108_client0,14057,7,ascending stairs,1955.29
1.0,alpha1p0,108,0,subject108_client0,14058,7,ascending stairs,1956.57
1.0,alpha1p0,108,0,subject108_client0,14059,7,ascending stairs,1957.85
1.0,alpha1p0,108,0,subject108_client0,14060,7,ascending stairs,1959.13
1.0,alpha1p0,108,0,subject108_client0,14061,7,ascending stairs,1960.41
1.0,alpha1p0,108,0,subject108_client0,14062,7,ascending stairs,1961.69
1.0,alpha1p0,108,0,subject108_client0,14063,7,ascending stairs,1962.97
1.0,alpha1p0,108,0,subject108_client0,14064,7,ascending stairs,1964.25
1.0,alpha1p0,108,0,subject108_client0,14065,7,ascending stairs,1965.53
1.0,alpha1p0,108,1,subject108_client1,14067,7,ascending stairs,1968.09
1.0,alpha1p0,108,1,subject108_client1,14068,7,ascending stairs,1969.37
1.0,alpha1p0,108,1,subject108_client1,14069,7,ascending stairs,1970.65
1.0,alpha1p0,108,1,subject108_client1,14070,7,ascending stairs,1971.93
1.0,alpha1p0,108,1,subject108_client1,14071,7,ascending stairs,1973.21
1.0,alpha1p0,108,1,subject108_client1,14072,7,ascending stairs,1974.49
1.0,alpha1p0,108,1,subject108_client1,14073,7,ascending stairs,1975.77
1.0,alpha1p0,108,3,subject108_client3,14074,8,descending stairs,1978.55
1.0,alpha1p0,108,3,subject108_client3,14075,8,descending stairs,1979.83
1.0,alpha1p0,108,3,subject108_client3,14076,8,descending stairs,1981.11
1.0,alpha1p0,108,3,subject108_client3,14077,8,descending stairs,1982.39
1.0,alpha1p0,108,3,subject108_client3,14078,8,descending stairs,1983.67
1.0,alpha1p0,108,3,subject108_client3,14079,8,descending stairs,1984.95
1.0,alpha1p0,108,3,subject108_client3,14080,8,descending stairs,1986.23
1.0,alpha1p0,108,3,subject108_client3,14081,8,descending stairs,1987.51
1.0,alpha1p0,108,3,subject108_client3,14082,8,descending stairs,1988.79
1.0,alpha1p0,108,3,subject108_client3,14083,8,descending stairs,1990.07
1.0,alpha1p0,108,3,subject108_client3,14084,8,descending stairs,1991.35
1.0,alpha1p0,108,3,subject108_client3,14085,8,descending stairs,1992.63
1.0,alpha1p0,108,3,subject108_client3,14086,8,descending stairs,1993.91
1.0,alpha1p0,108,3,subject108_client3,14087,8,descending stairs,1995.19
1.0,alpha1p0,108,0,subject108_client0,14089,8,descending stairs,1997.75
1.0,alpha1p0,108,0,subject108_client0,14090,8,descending stairs,1999.03
1.0,alpha1p0,108,0,subject108_client0,14091,8,descending stairs,2000.31
1.0,alpha1p0,108,0,subject108_client0,14092,8,descending stairs,2001.59
1.0,alpha1p0,108,0,subject108_client0,14093,8,descending stairs,2002.87
1.0,alpha1p0,108,0,subject108_client0,14094,8,descending stairs,2004.15
1.0,alpha1p0,108,0,subject108_client0,14095,8,descending stairs,2005.43
1.0,alpha1p0,108,0,subject108_client0,14096,8,descending stairs,2006.71
1.0,alpha1p0,108,0,subject108_client0,14097,8,descending stairs,2007.99
1.0,alpha1p0,108,0,subject108_client0,14098,8,descending stairs,2009.27
1.0,alpha1p0,108,0,subject108_client0,14099,8,descending stairs,2010.55
1.0,alpha1p0,108,0,subject108_client0,14100,8,descending stairs,2011.83
1.0,alpha1p0,108,0,subject108_client0,14101,8,descending stairs,2013.11
1.0,alpha1p0,108,1,subject108_client1,14103,8,descending stairs,2015.67
1.0,alpha1p0,108,1,subject108_client1,14104,8,descending stairs,2016.95
1.0,alpha1p0,108,1,subject108_client1,14105,8,descending stairs,2018.23
1.0,alpha1p0,108,1,subject108_client1,14106,8,descending stairs,2019.51
1.0,alpha1p0,108,1,subject108_client1,14107,8,descending stairs,2020.79
1.0,alpha1p0,108,1,subject108_client1,14108,8,descending stairs,2022.07
1.0,alpha1p0,108,1,subject108_client1,14109,8,descending stairs,2023.35
1.0,alpha1p0,108,3,subject108_client3,14110,3,walking,2254.78
1.0,alpha1p0,108,3,subject108_client3,14111,3,walking,2256.06
1.0,alpha1p0,108,3,subject108_client3,14112,3,walking,2257.34
1.0,alpha1p0,108,3,subject108_client3,14113,3,walking,2258.62
1.0,alpha1p0,108,3,subject108_client3,14114,3,walking,2259.9
1.0,alpha1p0,108,3,subject108_client3,14115,3,walking,2261.18
1.0,alpha1p0,108,3,subject108_client3,14116,3,walking,2262.46
1.0,alpha1p0,108,3,subject108_client3,14117,3,walking,2263.74
1.0,alpha1p0,108,3,subject108_client3,14118,3,walking,2265.02
1.0,alpha1p0,108,3,subject108_client3,14119,3,walking,2266.3
1.0,alpha1p0,108,3,subject108_client3,14120,3,walking,2267.58
1.0,alpha1p0,108,3,subject108_client3,14121,3,walking,2268.86
1.0,alpha1p0,108,3,subject108_client3,14122,3,walking,2270.14
1.0,alpha1p0,108,3,subject108_client3,14123,3,walking,2271.42
1.0,alpha1p0,108,3,subject108_client3,14124,3,walking,2272.7
1.0,alpha1p0,108,3,subject108_client3,14125,3,walking,2273.98
1.0,alpha1p0,108,3,subject108_client3,14126,3,walking,2275.26
1.0,alpha1p0,108,3,subject108_client3,14127,3,walking,2276.54
1.0,alpha1p0,108,3,subject108_client3,14128,3,walking,2277.82
1.0,alpha1p0,108,3,subject108_client3,14129,3,walking,2279.1
1.0,alpha1p0,108,3,subject108_client3,14130,3,walking,2280.38
1.0,alpha1p0,108,3,subject108_client3,14131,3,walking,2281.66
1.0,alpha1p0,108,3,subject108_client3,14132,3,walking,2282.94
1.0,alpha1p0,108,3,subject108_client3,14133,3,walking,2284.22
1.0,alpha1p0,108,3,subject108_client3,14134,3,walking,2285.5
1.0,alpha1p0,108,3,subject108_client3,14135,3,walking,2286.78
1.0,alpha1p0,108,3,subject108_client3,14136,3,walking,2288.06
1.0,alpha1p0,108,3,subject108_client3,14137,3,walking,2289.34
1.0,alpha1p0,108,3,subject108_client3,14138,3,walking,2290.62
1.0,alpha1p0,108,3,subject108_client3,14139,3,walking,2291.9
1.0,alpha1p0,108,3,subject108_client3,14140,3,walking,2293.18
1.0,alpha1p0,108,3,subject108_client3,14141,3,walking,2294.46
1.0,alpha1p0,108,3,subject108_client3,14142,3,walking,2295.74
1.0,alpha1p0,108,3,subject108_client3,14143,3,walking,2297.02
1.0,alpha1p0,108,3,subject108_client3,14144,3,walking,2298.3
1.0,alpha1p0,108,3,subject108_client3,14145,3,walking,2299.58
1.0,alpha1p0,108,3,subject108_client3,14146,3,walking,2300.86
1.0,alpha1p0,108,3,subject108_client3,14147,3,walking,2302.14
1.0,alpha1p0,108,3,subject108_client3,14148,3,walking,2303.42
1.0,alpha1p0,108,3,subject108_client3,14149,3,walking,2304.7
1.0,alpha1p0,108,3,subject108_client3,14150,3,walking,2305.98
1.0,alpha1p0,108,3,subject108_client3,14151,3,walking,2307.26
1.0,alpha1p0,108,3,subject108_client3,14152,3,walking,2308.54
1.0,alpha1p0,108,3,subject108_client3,14153,3,walking,2309.82
1.0,alpha1p0,108,3,subject108_client3,14154,3,walking,2311.1
1.0,alpha1p0,108,3,subject108_client3,14155,3,walking,2312.38
1.0,alpha1p0,108,3,subject108_client3,14156,3,walking,2313.66
1.0,alpha1p0,108,3,subject108_client3,14157,3,walking,2314.94
1.0,alpha1p0,108,3,subject108_client3,14158,3,walking,2316.22
1.0,alpha1p0,108,3,subject108_client3,14159,3,walking,2317.5
1.0,alpha1p0,108,3,subject108_client3,14160,3,walking,2318.78
1.0,alpha1p0,108,3,subject108_client3,14161,3,walking,2320.06
1.0,alpha1p0,108,3,subject108_client3,14162,3,walking,2321.34
1.0,alpha1p0,108,3,subject108_client3,14163,3,walking,2322.62
1.0,alpha1p0,108,3,subject108_client3,14164,3,walking,2323.9
1.0,alpha1p0,108,3,subject108_client3,14165,3,walking,2325.18
1.0,alpha1p0,108,3,subject108_client3,14166,3,walking,2326.46
1.0,alpha1p0,108,3,subject108_client3,14167,3,walking,2327.74
1.0,alpha1p0,108,3,subject108_client3,14168,3,walking,2329.02
1.0,alpha1p0,108,3,subject108_client3,14169,3,walking,2330.3
1.0,alpha1p0,108,3,subject108_client3,14170,3,walking,2331.58
1.0,alpha1p0,108,3,subject108_client3,14171,3,walking,2332.86
1.0,alpha1p0,108,3,subject108_client3,14172,3,walking,2334.14
1.0,alpha1p0,108,3,subject108_client3,14173,3,walking,2335.42
1.0,alpha1p0,108,3,subject108_client3,14174,3,walking,2336.7
1.0,alpha1p0,108,3,subject108_client3,14175,3,walking,2337.98
1.0,alpha1p0,108,3,subject108_client3,14176,3,walking,2339.26
1.0,alpha1p0,108,3,subject108_client3,14177,3,walking,2340.54
1.0,alpha1p0,108,3,subject108_client3,14178,3,walking,2341.82
1.0,alpha1p0,108,3,subject108_client3,14179,3,walking,2343.1
1.0,alpha1p0,108,3,subject108_client3,14180,3,walking,2344.38
1.0,alpha1p0,108,3,subject108_client3,14181,3,walking,2345.66
1.0,alpha1p0,108,3,subject108_client3,14182,3,walking,2346.94
1.0,alpha1p0,108,3,subject108_client3,14183,3,walking,2348.22
1.0,alpha1p0,108,3,subject108_client3,14184,3,walking,2349.5
1.0,alpha1p0,108,3,subject108_client3,14185,3,walking,2350.78
1.0,alpha1p0,108,3,subject108_client3,14186,3,walking,2352.06
1.0,alpha1p0,108,3,subject108_client3,14187,3,walking,2353.34
1.0,alpha1p0,108,3,subject108_client3,14188,3,walking,2354.62
1.0,alpha1p0,108,3,subject108_client3,14189,3,walking,2355.9
1.0,alpha1p0,108,3,subject108_client3,14190,3,walking,2357.18
1.0,alpha1p0,108,3,subject108_client3,14191,3,walking,2358.46
1.0,alpha1p0,108,3,subject108_client3,14192,3,walking,2359.74
1.0,alpha1p0,108,3,subject108_client3,14193,3,walking,2361.02
1.0,alpha1p0,108,3,subject108_client3,14194,3,walking,2362.3
1.0,alpha1p0,108,3,subject108_client3,14195,3,walking,2363.58
1.0,alpha1p0,108,3,subject108_client3,14196,3,walking,2364.86
1.0,alpha1p0,108,3,subject108_client3,14197,3,walking,2366.14
1.0,alpha1p0,108,3,subject108_client3,14198,3,walking,2367.42
1.0,alpha1p0,108,3,subject108_client3,14199,3,walking,2368.7
1.0,alpha1p0,108,3,subject108_client3,14200,3,walking,2369.98
1.0,alpha1p0,108,3,subject108_client3,14201,3,walking,2371.26
1.0,alpha1p0,108,3,subject108_client3,14202,3,walking,2372.54
1.0,alpha1p0,108,3,subject108_client3,14203,3,walking,2373.82
1.0,alpha1p0,108,3,subject108_client3,14204,3,walking,2375.1
1.0,alpha1p0,108,3,subject108_client3,14205,3,walking,2376.38
1.0,alpha1p0,108,3,subject108_client3,14206,3,walking,2377.66
1.0,alpha1p0,108,3,subject108_client3,14207,3,walking,2378.94
1.0,alpha1p0,108,3,subject108_client3,14208,3,walking,2380.22
1.0,alpha1p0,108,3,subject108_client3,14209,3,walking,2381.5
1.0,alpha1p0,108,1,subject108_client1,14211,3,walking,2384.06
1.0,alpha1p0,108,1,subject108_client1,14212,3,walking,2385.34
1.0,alpha1p0,108,1,subject108_client1,14213,3,walking,2386.62
1.0,alpha1p0,108,1,subject108_client1,14214,3,walking,2387.9
1.0,alpha1p0,108,1,subject108_client1,14215,3,walking,2389.18
1.0,alpha1p0,108,1,subject108_client1,14216,3,walking,2390.46
1.0,alpha1p0,108,1,subject108_client1,14217,3,walking,2391.74
1.0,alpha1p0,108,1,subject108_client1,14218,3,walking,2393.02
1.0,alpha1p0,108,1,subject108_client1,14219,3,walking,2394.3
1.0,alpha1p0,108,1,subject108_client1,14220,3,walking,2395.58
1.0,alpha1p0,108,1,subject108_client1,14221,3,walking,2396.86
1.0,alpha1p0,108,1,subject108_client1,14222,3,walking,2398.14
1.0,alpha1p0,108,1,subject108_client1,14223,3,walking,2399.42
1.0,alpha1p0,108,1,subject108_client1,14224,3,walking,2400.7
1.0,alpha1p0,108,1,subject108_client1,14225,3,walking,2401.98
1.0,alpha1p0,108,1,subject108_client1,14226,3,walking,2403.26
1.0,alpha1p0,108,1,subject108_client1,14227,3,walking,2404.54
1.0,alpha1p0,108,1,subject108_client1,14228,3,walking,2405.82
1.0,alpha1p0,108,1,subject108_client1,14229,3,walking,2407.1
1.0,alpha1p0,108,1,subject108_client1,14230,3,walking,2408.38
1.0,alpha1p0,108,1,subject108_client1,14231,3,walking,2409.66
1.0,alpha1p0,108,1,subject108_client1,14232,3,walking,2410.94
1.0,alpha1p0,108,1,subject108_client1,14233,3,walking,2412.22
1.0,alpha1p0,108,1,subject108_client1,14234,3,walking,2413.5
1.0,alpha1p0,108,1,subject108_client1,14235,3,walking,2414.78
1.0,alpha1p0,108,1,subject108_client1,14236,3,walking,2416.06
1.0,alpha1p0,108,1,subject108_client1,14237,3,walking,2417.34
1.0,alpha1p0,108,1,subject108_client1,14238,3,walking,2418.62
1.0,alpha1p0,108,1,subject108_client1,14239,3,walking,2419.9
1.0,alpha1p0,108,1,subject108_client1,14240,3,walking,2421.18
1.0,alpha1p0,108,1,subject108_client1,14241,3,walking,2422.46
1.0,alpha1p0,108,1,subject108_client1,14242,3,walking,2423.74
1.0,alpha1p0,108,1,subject108_client1,14243,3,walking,2425.02
1.0,alpha1p0,108,1,subject108_client1,14244,3,walking,2426.3
1.0,alpha1p0,108,1,subject108_client1,14245,3,walking,2427.58
1.0,alpha1p0,108,1,subject108_client1,14246,3,walking,2428.86
1.0,alpha1p0,108,1,subject108_client1,14247,3,walking,2430.14
1.0,alpha1p0,108,1,subject108_client1,14248,3,walking,2431.42
1.0,alpha1p0,108,1,subject108_client1,14249,3,walking,2432.7
1.0,alpha1p0,108,0,subject108_client0,14251,3,walking,2435.26
1.0,alpha1p0,108,0,subject108_client0,14252,3,walking,2436.54
1.0,alpha1p0,108,0,subject108_client0,14253,3,walking,2437.82
1.0,alpha1p0,108,0,subject108_client0,14254,3,walking,2439.1
1.0,alpha1p0,108,0,subject108_client0,14255,3,walking,2440.38
1.0,alpha1p0,108,0,subject108_client0,14256,3,walking,2441.66
1.0,alpha1p0,108,0,subject108_client0,14257,3,walking,2442.94
1.0,alpha1p0,108,0,subject108_client0,14258,3,walking,2444.22
1.0,alpha1p0,108,0,subject108_client0,14259,3,walking,2445.5
1.0,alpha1p0,108,0,subject108_client0,14260,3,walking,2446.78
1.0,alpha1p0,108,0,subject108_client0,14261,3,walking,2448.06
1.0,alpha1p0,108,0,subject108_client0,14262,3,walking,2449.34
1.0,alpha1p0,108,0,subject108_client0,14263,3,walking,2450.62
1.0,alpha1p0,108,0,subject108_client0,14264,3,walking,2451.9
1.0,alpha1p0,108,0,subject108_client0,14265,3,walking,2453.18
1.0,alpha1p0,108,0,subject108_client0,14266,3,walking,2454.46
1.0,alpha1p0,108,0,subject108_client0,14267,3,walking,2455.74
1.0,alpha1p0,108,0,subject108_client0,14268,3,walking,2457.02
1.0,alpha1p0,108,0,subject108_client0,14269,3,walking,2458.3
1.0,alpha1p0,108,0,subject108_client0,14270,3,walking,2459.58
1.0,alpha1p0,108,0,subject108_client0,14271,3,walking,2460.86
1.0,alpha1p0,108,0,subject108_client0,14272,3,walking,2462.14
1.0,alpha1p0,108,0,subject108_client0,14273,3,walking,2463.42
1.0,alpha1p0,108,0,subject108_client0,14274,3,walking,2464.7
1.0,alpha1p0,108,0,subject108_client0,14275,3,walking,2465.98
1.0,alpha1p0,108,0,subject108_client0,14276,3,walking,2467.26
1.0,alpha1p0,108,0,subject108_client0,14277,3,walking,2468.54
1.0,alpha1p0,108,0,subject108_client0,14278,3,walking,2469.82
1.0,alpha1p0,108,0,subject108_client0,14279,3,walking,2471.1
1.0,alpha1p0,108,0,subject108_client0,14280,3,walking,2472.38
1.0,alpha1p0,108,0,subject108_client0,14281,3,walking,2473.66
1.0,alpha1p0,108,0,subject108_client0,14282,3,walking,2474.94
1.0,alpha1p0,108,0,subject108_client0,14283,3,walking,2476.22
1.0,alpha1p0,108,0,subject108_client0,14284,3,walking,2477.5
1.0,alpha1p0,108,0,subject108_client0,14285,3,walking,2478.78
1.0,alpha1p0,108,0,subject108_client0,14286,3,walking,2480.06
1.0,alpha1p0,108,0,subject108_client0,14287,3,walking,2481.34
1.0,alpha1p0,108,0,subject108_client0,14288,3,walking,2482.62
1.0,alpha1p0,108,0,subject108_client0,14289,3,walking,2483.9
1.0,alpha1p0,108,0,subject108_client0,14290,3,walking,2485.18
1.0,alpha1p0,108,0,subject108_client0,14291,3,walking,2486.46
1.0,alpha1p0,108,0,subject108_client0,14292,3,walking,2487.74
1.0,alpha1p0,108,0,subject108_client0,14293,3,walking,2489.02
1.0,alpha1p0,108,0,subject108_client0,14294,3,walking,2490.3
1.0,alpha1p0,108,0,subject108_client0,14295,3,walking,2491.58
1.0,alpha1p0,108,0,subject108_client0,14296,3,walking,2492.86
1.0,alpha1p0,108,0,subject108_client0,14297,3,walking,2494.14
1.0,alpha1p0,108,0,subject108_client0,14298,3,walking,2495.42
1.0,alpha1p0,108,0,subject108_client0,14299,3,walking,2496.7
1.0,alpha1p0,108,0,subject108_client0,14300,3,walking,2497.98
1.0,alpha1p0,108,0,subject108_client0,14301,3,walking,2499.26
1.0,alpha1p0,108,0,subject108_client0,14302,3,walking,2500.54
1.0,alpha1p0,108,0,subject108_client0,14303,3,walking,2501.82
1.0,alpha1p0,108,0,subject108_client0,14304,3,walking,2503.1
1.0,alpha1p0,108,0,subject108_client0,14305,3,walking,2504.38
1.0,alpha1p0,108,0,subject108_client0,14306,3,walking,2505.66
1.0,alpha1p0,108,0,subject108_client0,14307,3,walking,2506.94
1.0,alpha1p0,108,0,subject108_client0,14308,3,walking,2508.22
1.0,alpha1p0,108,0,subject108_client0,14309,3,walking,2509.5
1.0,alpha1p0,108,0,subject108_client0,14310,3,walking,2510.78
1.0,alpha1p0,108,0,subject108_client0,14311,3,walking,2512.06
1.0,alpha1p0,108,0,subject108_client0,14312,3,walking,2513.34
1.0,alpha1p0,108,0,subject108_client0,14313,3,walking,2514.62
1.0,alpha1p0,108,0,subject108_client0,14314,3,walking,2515.9
1.0,alpha1p0,108,0,subject108_client0,14315,3,walking,2517.18
1.0,alpha1p0,108,0,subject108_client0,14316,3,walking,2518.46
1.0,alpha1p0,108,0,subject108_client0,14317,3,walking,2519.74
1.0,alpha1p0,108,0,subject108_client0,14318,3,walking,2521.02
1.0,alpha1p0,108,0,subject108_client0,14319,3,walking,2522.3
1.0,alpha1p0,108,0,subject108_client0,14320,3,walking,2523.58
1.0,alpha1p0,108,0,subject108_client0,14321,3,walking,2524.86
1.0,alpha1p0,108,0,subject108_client0,14322,3,walking,2526.14
1.0,alpha1p0,108,0,subject108_client0,14323,3,walking,2527.42
1.0,alpha1p0,108,0,subject108_client0,14324,3,walking,2528.7
1.0,alpha1p0,108,0,subject108_client0,14325,3,walking,2529.98
1.0,alpha1p0,108,0,subject108_client0,14326,3,walking,2531.26
1.0,alpha1p0,108,0,subject108_client0,14327,3,walking,2532.54
1.0,alpha1p0,108,2,subject108_client2,14329,3,walking,2535.1
1.0,alpha1p0,108,2,subject108_client2,14330,3,walking,2536.38
1.0,alpha1p0,108,2,subject108_client2,14331,3,walking,2537.66
1.0,alpha1p0,108,2,subject108_client2,14332,3,walking,2538.94
1.0,alpha1p0,108,2,subject108_client2,14333,3,walking,2540.22
1.0,alpha1p0,108,2,subject108_client2,14334,3,walking,2541.5
1.0,alpha1p0,108,2,subject108_client2,14335,3,walking,2542.78
1.0,alpha1p0,108,2,subject108_client2,14336,3,walking,2544.06
1.0,alpha1p0,108,2,subject108_client2,14337,3,walking,2545.34
1.0,alpha1p0,108,2,subject108_client2,14338,3,walking,2546.62
1.0,alpha1p0,108,2,subject108_client2,14339,3,walking,2547.9
1.0,alpha1p0,108,2,subject108_client2,14340,3,walking,2549.18
1.0,alpha1p0,108,2,subject108_client2,14341,3,walking,2550.46
1.0,alpha1p0,108,2,subject108_client2,14342,3,walking,2551.74
1.0,alpha1p0,108,2,subject108_client2,14343,3,walking,2553.02
1.0,alpha1p0,108,2,subject108_client2,14344,3,walking,2554.3
1.0,alpha1p0,108,2,subject108_client2,14345,3,walking,2555.58
1.0,alpha1p0,108,2,subject108_client2,14346,3,walking,2556.86
1.0,alpha1p0,108,2,subject108_client2,14347,3,walking,2558.14
1.0,alpha1p0,108,2,subject108_client2,14348,3,walking,2559.42
1.0,alpha1p0,108,2,subject108_client2,14349,3,walking,2560.7
1.0,alpha1p0,108,2,subject108_client2,14350,3,walking,2561.98
1.0,alpha1p0,108,2,subject108_client2,14351,3,walking,2563.26
1.0,alpha1p0,108,2,subject108_client2,14352,3,walking,2564.54
1.0,alpha1p0,108,2,subject108_client2,14353,3,walking,2565.82
1.0,alpha1p0,108,2,subject108_client2,14354,3,walking,2567.1
1.0,alpha1p0,108,2,subject108_client2,14355,5,cycling,2800.09
1.0,alpha1p0,108,2,subject108_client2,14356,5,cycling,2801.37
1.0,alpha1p0,108,2,subject108_client2,14357,5,cycling,2802.65
1.0,alpha1p0,108,2,subject108_client2,14358,5,cycling,2803.93
1.0,alpha1p0,108,2,subject108_client2,14359,5,cycling,2805.21
1.0,alpha1p0,108,2,subject108_client2,14360,5,cycling,2806.49
1.0,alpha1p0,108,2,subject108_client2,14361,5,cycling,2807.77
1.0,alpha1p0,108,2,subject108_client2,14362,5,cycling,2809.05
1.0,alpha1p0,108,2,subject108_client2,14363,5,cycling,2810.33
1.0,alpha1p0,108,2,subject108_client2,14364,5,cycling,2811.61
1.0,alpha1p0,108,2,subject108_client2,14365,5,cycling,2812.89
1.0,alpha1p0,108,2,subject108_client2,14366,5,cycling,2814.17
1.0,alpha1p0,108,2,subject108_client2,14367,5,cycling,2815.45
1.0,alpha1p0,108,2,subject108_client2,14368,5,cycling,2816.73
1.0,alpha1p0,108,2,subject108_client2,14369,5,cycling,2818.01
1.0,alpha1p0,108,2,subject108_client2,14370,5,cycling,2819.29
1.0,alpha1p0,108,2,subject108_client2,14371,5,cycling,2820.57
1.0,alpha1p0,108,2,subject108_client2,14372,5,cycling,2821.85
1.0,alpha1p0,108,2,subject108_client2,14373,5,cycling,2823.13
1.0,alpha1p0,108,2,subject108_client2,14374,5,cycling,2824.41
1.0,alpha1p0,108,2,subject108_client2,14375,5,cycling,2825.69
1.0,alpha1p0,108,2,subject108_client2,14376,5,cycling,2826.97
1.0,alpha1p0,108,2,subject108_client2,14377,5,cycling,2828.25
1.0,alpha1p0,108,2,subject108_client2,14378,5,cycling,2829.53
1.0,alpha1p0,108,2,subject108_client2,14379,5,cycling,2830.81
1.0,alpha1p0,108,2,subject108_client2,14380,5,cycling,2832.09
1.0,alpha1p0,108,2,subject108_client2,14381,5,cycling,2833.37
1.0,alpha1p0,108,2,subject108_client2,14382,5,cycling,2834.65
1.0,alpha1p0,108,2,subject108_client2,14383,5,cycling,2835.93
1.0,alpha1p0,108,2,subject108_client2,14384,5,cycling,2837.21
1.0,alpha1p0,108,2,subject108_client2,14385,5,cycling,2838.49
1.0,alpha1p0,108,2,subject108_client2,14386,5,cycling,2839.77
1.0,alpha1p0,108,2,subject108_client2,14387,5,cycling,2841.05
1.0,alpha1p0,108,2,subject108_client2,14388,5,cycling,2842.33
1.0,alpha1p0,108,2,subject108_client2,14389,5,cycling,2843.61
1.0,alpha1p0,108,2,subject108_client2,14390,5,cycling,2844.89
1.0,alpha1p0,108,2,subject108_client2,14391,5,cycling,2846.17
1.0,alpha1p0,108,2,subject108_client2,14392,5,cycling,2847.45
1.0,alpha1p0,108,2,subject108_client2,14393,5,cycling,2848.73
1.0,alpha1p0,108,2,subject108_client2,14394,5,cycling,2850.01
1.0,alpha1p0,108,2,subject108_client2,14395,5,cycling,2851.29
1.0,alpha1p0,108,2,subject108_client2,14396,5,cycling,2852.57
1.0,alpha1p0,108,2,subject108_client2,14397,5,cycling,2853.85
1.0,alpha1p0,108,2,subject108_client2,14398,5,cycling,2855.13
1.0,alpha1p0,108,2,subject108_client2,14399,5,cycling,2856.41
1.0,alpha1p0,108,2,subject108_client2,14400,5,cycling,2857.69
1.0,alpha1p0,108,2,subject108_client2,14401,5,cycling,2858.97
1.0,alpha1p0,108,2,subject108_client2,14402,5,cycling,2860.25
1.0,alpha1p0,108,2,subject108_client2,14403,5,cycling,2861.53
1.0,alpha1p0,108,2,subject108_client2,14404,5,cycling,2862.81
1.0,alpha1p0,108,2,subject108_client2,14405,5,cycling,2864.09
1.0,alpha1p0,108,2,subject108_client2,14406,5,cycling,2865.37
1.0,alpha1p0,108,2,subject108_client2,14407,5,cycling,2866.65
1.0,alpha1p0,108,2,subject108_client2,14408,5,cycling,2867.93
1.0,alpha1p0,108,2,subject108_client2,14409,5,cycling,2869.21
1.0,alpha1p0,108,2,subject108_client2,14410,5,cycling,2870.49
1.0,alpha1p0,108,2,subject108_client2,14411,5,cycling,2871.77
1.0,alpha1p0,108,2,subject108_client2,14412,5,cycling,2873.05
1.0,alpha1p0,108,2,subject108_client2,14413,5,cycling,2874.33
1.0,alpha1p0,108,2,subject108_client2,14414,5,cycling,2875.61
1.0,alpha1p0,108,2,subject108_client2,14415,5,cycling,2876.89
1.0,alpha1p0,108,2,subject108_client2,14416,5,cycling,2878.17
1.0,alpha1p0,108,2,subject108_client2,14417,5,cycling,2879.45
1.0,alpha1p0,108,2,subject108_client2,14418,5,cycling,2880.73
1.0,alpha1p0,108,2,subject108_client2,14419,5,cycling,2882.01
1.0,alpha1p0,108,2,subject108_client2,14420,5,cycling,2883.29
1.0,alpha1p0,108,2,subject108_client2,14421,5,cycling,2884.57
1.0,alpha1p0,108,2,subject108_client2,14422,5,cycling,2885.85
1.0,alpha1p0,108,2,subject108_client2,14423,5,cycling,2887.13
1.0,alpha1p0,108,2,subject108_client2,14424,5,cycling,2888.41
1.0,alpha1p0,108,2,subject108_client2,14425,5,cycling,2889.69
1.0,alpha1p0,108,2,subject108_client2,14426,5,cycling,2890.97
1.0,alpha1p0,108,2,subject108_client2,14427,5,cycling,2892.25
1.0,alpha1p0,108,2,subject108_client2,14428,5,cycling,2893.53
1.0,alpha1p0,108,2,subject108_client2,14429,5,cycling,2894.81
1.0,alpha1p0,108,2,subject108_client2,14430,5,cycling,2896.09
1.0,alpha1p0,108,2,subject108_client2,14431,5,cycling,2897.37
1.0,alpha1p0,108,2,subject108_client2,14432,5,cycling,2898.65
1.0,alpha1p0,108,2,subject108_client2,14433,5,cycling,2899.93
1.0,alpha1p0,108,2,subject108_client2,14434,5,cycling,2901.21
1.0,alpha1p0,108,2,subject108_client2,14435,5,cycling,2902.49
1.0,alpha1p0,108,2,subject108_client2,14436,5,cycling,2903.77
1.0,alpha1p0,108,2,subject108_client2,14437,5,cycling,2905.05
1.0,alpha1p0,108,2,subject108_client2,14438,5,cycling,2906.33
1.0,alpha1p0,108,2,subject108_client2,14439,5,cycling,2907.61
1.0,alpha1p0,108,2,subject108_client2,14440,5,cycling,2908.89
1.0,alpha1p0,108,2,subject108_client2,14441,5,cycling,2910.17
1.0,alpha1p0,108,3,subject108_client3,14443,5,cycling,2912.73
1.0,alpha1p0,108,3,subject108_client3,14444,5,cycling,2914.01
1.0,alpha1p0,108,3,subject108_client3,14445,5,cycling,2915.29
1.0,alpha1p0,108,3,subject108_client3,14446,5,cycling,2916.57
1.0,alpha1p0,108,3,subject108_client3,14447,5,cycling,2917.85
1.0,alpha1p0,108,3,subject108_client3,14448,5,cycling,2919.13
1.0,alpha1p0,108,3,subject108_client3,14449,5,cycling,2920.41
1.0,alpha1p0,108,3,subject108_client3,14450,5,cycling,2921.69
1.0,alpha1p0,108,3,subject108_client3,14451,5,cycling,2922.97
1.0,alpha1p0,108,3,subject108_client3,14452,5,cycling,2924.25
1.0,alpha1p0,108,3,subject108_client3,14453,5,cycling,2925.53
1.0,alpha1p0,108,3,subject108_client3,14454,5,cycling,2926.81
1.0,alpha1p0,108,3,subject108_client3,14455,5,cycling,2928.09
1.0,alpha1p0,108,3,subject108_client3,14456,5,cycling,2929.37
1.0,alpha1p0,108,3,subject108_client3,14457,5,cycling,2930.65
1.0,alpha1p0,108,3,subject108_client3,14458,5,cycling,2931.93
1.0,alpha1p0,108,3,subject108_client3,14459,5,cycling,2933.21
1.0,alpha1p0,108,3,subject108_client3,14460,5,cycling,2934.49
1.0,alpha1p0,108,3,subject108_client3,14461,5,cycling,2935.77
1.0,alpha1p0,108,3,subject108_client3,14462,5,cycling,2937.05
1.0,alpha1p0,108,3,subject108_client3,14463,5,cycling,2938.33
1.0,alpha1p0,108,3,subject108_client3,14464,5,cycling,2939.61
1.0,alpha1p0,108,3,subject108_client3,14465,5,cycling,2940.89
1.0,alpha1p0,108,3,subject108_client3,14466,5,cycling,2942.17
1.0,alpha1p0,108,3,subject108_client3,14467,5,cycling,2943.45
1.0,alpha1p0,108,3,subject108_client3,14468,5,cycling,2944.73
1.0,alpha1p0,108,3,subject108_client3,14469,5,cycling,2946.01
1.0,alpha1p0,108,3,subject108_client3,14470,5,cycling,2947.29
1.0,alpha1p0,108,3,subject108_client3,14471,5,cycling,2948.57
1.0,alpha1p0,108,3,subject108_client3,14472,5,cycling,2949.85
1.0,alpha1p0,108,3,subject108_client3,14473,5,cycling,2951.13
1.0,alpha1p0,108,3,subject108_client3,14474,5,cycling,2952.41
1.0,alpha1p0,108,3,subject108_client3,14475,5,cycling,2953.69
1.0,alpha1p0,108,3,subject108_client3,14476,5,cycling,2954.97
1.0,alpha1p0,108,3,subject108_client3,14477,5,cycling,2956.25
1.0,alpha1p0,108,3,subject108_client3,14478,5,cycling,2957.53
1.0,alpha1p0,108,3,subject108_client3,14479,5,cycling,2958.81
1.0,alpha1p0,108,3,subject108_client3,14480,5,cycling,2960.09
1.0,alpha1p0,108,3,subject108_client3,14481,5,cycling,2961.37
1.0,alpha1p0,108,3,subject108_client3,14482,5,cycling,2962.65
1.0,alpha1p0,108,0,subject108_client0,14484,5,cycling,2965.21
1.0,alpha1p0,108,0,subject108_client0,14485,5,cycling,2966.49
1.0,alpha1p0,108,0,subject108_client0,14486,5,cycling,2967.77
1.0,alpha1p0,108,0,subject108_client0,14487,5,cycling,2969.05
1.0,alpha1p0,108,0,subject108_client0,14488,5,cycling,2970.33
1.0,alpha1p0,108,0,subject108_client0,14489,5,cycling,2971.61
1.0,alpha1p0,108,0,subject108_client0,14490,5,cycling,2972.89
1.0,alpha1p0,108,0,subject108_client0,14491,5,cycling,2974.17
1.0,alpha1p0,108,0,subject108_client0,14492,5,cycling,2975.45
1.0,alpha1p0,108,0,subject108_client0,14493,5,cycling,2976.73
1.0,alpha1p0,108,0,subject108_client0,14494,5,cycling,2978.01
1.0,alpha1p0,108,0,subject108_client0,14495,5,cycling,2979.29
1.0,alpha1p0,108,0,subject108_client0,14496,5,cycling,2980.57
1.0,alpha1p0,108,0,subject108_client0,14497,5,cycling,2981.85
1.0,alpha1p0,108,0,subject108_client0,14498,5,cycling,2983.13
1.0,alpha1p0,108,0,subject108_client0,14499,5,cycling,2984.41
1.0,alpha1p0,108,0,subject108_client0,14500,5,cycling,2985.69
1.0,alpha1p0,108,0,subject108_client0,14501,5,cycling,2986.97
1.0,alpha1p0,108,0,subject108_client0,14502,5,cycling,2988.25
1.0,alpha1p0,108,0,subject108_client0,14503,5,cycling,2989.53
1.0,alpha1p0,108,0,subject108_client0,14504,5,cycling,2990.81
1.0,alpha1p0,108,0,subject108_client0,14505,5,cycling,2992.09
1.0,alpha1p0,108,0,subject108_client0,14506,5,cycling,2993.37
1.0,alpha1p0,108,0,subject108_client0,14507,5,cycling,2994.65
1.0,alpha1p0,108,0,subject108_client0,14508,5,cycling,2995.93
1.0,alpha1p0,108,0,subject108_client0,14509,5,cycling,2997.21
1.0,alpha1p0,108,0,subject108_client0,14510,5,cycling,2998.49
1.0,alpha1p0,108,0,subject108_client0,14511,5,cycling,2999.77
1.0,alpha1p0,108,0,subject108_client0,14512,5,cycling,3001.05
1.0,alpha1p0,108,0,subject108_client0,14513,5,cycling,3002.33
1.0,alpha1p0,108,0,subject108_client0,14514,5,cycling,3003.61
1.0,alpha1p0,108,0,subject108_client0,14515,5,cycling,3004.89
1.0,alpha1p0,108,0,subject108_client0,14516,5,cycling,3006.17
1.0,alpha1p0,108,0,subject108_client0,14517,5,cycling,3007.45
1.0,alpha1p0,108,0,subject108_client0,14518,5,cycling,3008.73
1.0,alpha1p0,108,0,subject108_client0,14519,5,cycling,3010.01
1.0,alpha1p0,108,0,subject108_client0,14520,5,cycling,3011.29
1.0,alpha1p0,108,0,subject108_client0,14521,5,cycling,3012.57
1.0,alpha1p0,108,0,subject108_client0,14522,5,cycling,3013.85
1.0,alpha1p0,108,0,subject108_client0,14523,5,cycling,3015.13
1.0,alpha1p0,108,0,subject108_client0,14524,5,cycling,3016.41
1.0,alpha1p0,108,0,subject108_client0,14525,5,cycling,3017.69
1.0,alpha1p0,108,0,subject108_client0,14526,5,cycling,3018.97
1.0,alpha1p0,108,0,subject108_client0,14527,5,cycling,3020.25
1.0,alpha1p0,108,0,subject108_client0,14528,5,cycling,3021.53
1.0,alpha1p0,108,0,subject108_client0,14529,5,cycling,3022.81
1.0,alpha1p0,108,0,subject108_client0,14530,5,cycling,3024.09
1.0,alpha1p0,108,0,subject108_client0,14531,5,cycling,3025.37
1.0,alpha1p0,108,0,subject108_client0,14532,5,cycling,3026.65
1.0,alpha1p0,108,0,subject108_client0,14533,5,cycling,3027.93
1.0,alpha1p0,108,0,subject108_client0,14534,5,cycling,3029.21
1.0,alpha1p0,108,0,subject108_client0,14535,5,cycling,3030.49
1.0,alpha1p0,108,0,subject108_client0,14536,5,cycling,3031.77
1.0,alpha1p0,108,0,subject108_client0,14537,5,cycling,3033.05
1.0,alpha1p0,108,0,subject108_client0,14538,5,cycling,3034.33
1.0,alpha1p0,108,0,subject108_client0,14539,5,cycling,3035.61
1.0,alpha1p0,108,0,subject108_client0,14540,5,cycling,3036.89
1.0,alpha1p0,108,0,subject108_client0,14541,5,cycling,3038.17
1.0,alpha1p0,108,1,subject108_client1,14543,5,cycling,3040.73
1.0,alpha1p0,108,1,subject108_client1,14544,5,cycling,3042.01
1.0,alpha1p0,108,1,subject108_client1,14545,5,cycling,3043.29
1.0,alpha1p0,108,1,subject108_client1,14546,5,cycling,3044.57
1.0,alpha1p0,108,1,subject108_client1,14547,5,cycling,3045.85
1.0,alpha1p0,108,1,subject108_client1,14548,5,cycling,3047.13
1.0,alpha1p0,108,1,subject108_client1,14549,5,cycling,3048.41
1.0,alpha1p0,108,1,subject108_client1,14550,5,cycling,3049.69
1.0,alpha1p0,108,1,subject108_client1,14551,5,cycling,3050.97
1.0,alpha1p0,108,1,subject108_client1,14552,5,cycling,3052.25
1.0,alpha1p0,108,1,subject108_client1,14553,6,Nordic walking,3120.24
1.0,alpha1p0,108,1,subject108_client1,14554,6,Nordic walking,3121.52
1.0,alpha1p0,108,1,subject108_client1,14555,6,Nordic walking,3122.8
1.0,alpha1p0,108,1,subject108_client1,14556,6,Nordic walking,3124.08
1.0,alpha1p0,108,1,subject108_client1,14557,6,Nordic walking,3125.36
1.0,alpha1p0,108,1,subject108_client1,14558,6,Nordic walking,3126.64
1.0,alpha1p0,108,1,subject108_client1,14559,6,Nordic walking,3127.92
1.0,alpha1p0,108,1,subject108_client1,14560,6,Nordic walking,3129.2
1.0,alpha1p0,108,1,subject108_client1,14561,6,Nordic walking,3130.48
1.0,alpha1p0,108,1,subject108_client1,14562,6,Nordic walking,3131.76
1.0,alpha1p0,108,1,subject108_client1,14563,6,Nordic walking,3133.04
1.0,alpha1p0,108,1,subject108_client1,14564,6,Nordic walking,3134.32
1.0,alpha1p0,108,1,subject108_client1,14565,6,Nordic walking,3135.6
1.0,alpha1p0,108,1,subject108_client1,14566,6,Nordic walking,3136.88
1.0,alpha1p0,108,1,subject108_client1,14567,6,Nordic walking,3138.16
1.0,alpha1p0,108,1,subject108_client1,14568,6,Nordic walking,3139.44
1.0,alpha1p0,108,1,subject108_client1,14569,6,Nordic walking,3140.72
1.0,alpha1p0,108,1,subject108_client1,14570,6,Nordic walking,3142.0
1.0,alpha1p0,108,1,subject108_client1,14571,6,Nordic walking,3143.28
1.0,alpha1p0,108,1,subject108_client1,14572,6,Nordic walking,3144.56
1.0,alpha1p0,108,1,subject108_client1,14573,6,Nordic walking,3145.84
1.0,alpha1p0,108,1,subject108_client1,14574,6,Nordic walking,3147.12
1.0,alpha1p0,108,1,subject108_client1,14575,6,Nordic walking,3148.4
1.0,alpha1p0,108,1,subject108_client1,14576,6,Nordic walking,3149.68
1.0,alpha1p0,108,1,subject108_client1,14577,6,Nordic walking,3150.96
1.0,alpha1p0,108,1,subject108_client1,14578,6,Nordic walking,3152.24
1.0,alpha1p0,108,1,subject108_client1,14579,6,Nordic walking,3153.52
1.0,alpha1p0,108,1,subject108_client1,14580,6,Nordic walking,3154.8
1.0,alpha1p0,108,1,subject108_client1,14581,6,Nordic walking,3156.08
1.0,alpha1p0,108,1,subject108_client1,14582,6,Nordic walking,3157.36
1.0,alpha1p0,108,1,subject108_client1,14583,6,Nordic walking,3158.64
1.0,alpha1p0,108,1,subject108_client1,14584,6,Nordic walking,3159.92
1.0,alpha1p0,108,1,subject108_client1,14585,6,Nordic walking,3161.2
1.0,alpha1p0,108,1,subject108_client1,14586,6,Nordic walking,3162.48
1.0,alpha1p0,108,1,subject108_client1,14587,6,Nordic walking,3163.76
1.0,alpha1p0,108,1,subject108_client1,14588,6,Nordic walking,3165.04
1.0,alpha1p0,108,1,subject108_client1,14589,6,Nordic walking,3166.32
1.0,alpha1p0,108,1,subject108_client1,14590,6,Nordic walking,3167.6
1.0,alpha1p0,108,1,subject108_client1,14591,6,Nordic walking,3168.88
1.0,alpha1p0,108,1,subject108_client1,14592,6,Nordic walking,3170.16
1.0,alpha1p0,108,1,subject108_client1,14593,6,Nordic walking,3171.44
1.0,alpha1p0,108,1,subject108_client1,14594,6,Nordic walking,3172.72
1.0,alpha1p0,108,1,subject108_client1,14595,6,Nordic walking,3174.0
1.0,alpha1p0,108,1,subject108_client1,14596,6,Nordic walking,3175.28
1.0,alpha1p0,108,1,subject108_client1,14597,6,Nordic walking,3176.56
1.0,alpha1p0,108,1,subject108_client1,14598,6,Nordic walking,3177.84
1.0,alpha1p0,108,1,subject108_client1,14599,6,Nordic walking,3179.12
1.0,alpha1p0,108,1,subject108_client1,14600,6,Nordic walking,3180.4
1.0,alpha1p0,108,1,subject108_client1,14601,6,Nordic walking,3181.68
1.0,alpha1p0,108,1,subject108_client1,14602,6,Nordic walking,3182.96
1.0,alpha1p0,108,1,subject108_client1,14603,6,Nordic walking,3184.24
1.0,alpha1p0,108,1,subject108_client1,14604,6,Nordic walking,3185.52
1.0,alpha1p0,108,1,subject108_client1,14605,6,Nordic walking,3186.8
1.0,alpha1p0,108,1,subject108_client1,14606,6,Nordic walking,3188.08
1.0,alpha1p0,108,1,subject108_client1,14607,6,Nordic walking,3189.36
1.0,alpha1p0,108,1,subject108_client1,14608,6,Nordic walking,3190.64
1.0,alpha1p0,108,1,subject108_client1,14609,6,Nordic walking,3191.92
1.0,alpha1p0,108,1,subject108_client1,14610,6,Nordic walking,3193.2
1.0,alpha1p0,108,1,subject108_client1,14611,6,Nordic walking,3194.48
1.0,alpha1p0,108,1,subject108_client1,14612,6,Nordic walking,3195.76
1.0,alpha1p0,108,1,subject108_client1,14613,6,Nordic walking,3197.04
1.0,alpha1p0,108,1,subject108_client1,14614,6,Nordic walking,3198.32
1.0,alpha1p0,108,1,subject108_client1,14615,6,Nordic walking,3199.6
1.0,alpha1p0,108,1,subject108_client1,14616,6,Nordic walking,3200.88
1.0,alpha1p0,108,1,subject108_client1,14617,6,Nordic walking,3202.16
1.0,alpha1p0,108,1,subject108_client1,14618,6,Nordic walking,3203.44
1.0,alpha1p0,108,1,subject108_client1,14619,6,Nordic walking,3204.72
1.0,alpha1p0,108,1,subject108_client1,14620,6,Nordic walking,3206.0
1.0,alpha1p0,108,1,subject108_client1,14621,6,Nordic walking,3207.28
1.0,alpha1p0,108,1,subject108_client1,14622,6,Nordic walking,3208.56
1.0,alpha1p0,108,1,subject108_client1,14623,6,Nordic walking,3209.84
1.0,alpha1p0,108,0,subject108_client0,14625,6,Nordic walking,3212.4
1.0,alpha1p0,108,0,subject108_client0,14626,6,Nordic walking,3213.68
1.0,alpha1p0,108,0,subject108_client0,14627,6,Nordic walking,3214.96
1.0,alpha1p0,108,0,subject108_client0,14628,6,Nordic walking,3216.24
1.0,alpha1p0,108,0,subject108_client0,14629,6,Nordic walking,3217.52
1.0,alpha1p0,108,0,subject108_client0,14630,6,Nordic walking,3218.8
1.0,alpha1p0,108,0,subject108_client0,14631,6,Nordic walking,3220.08
1.0,alpha1p0,108,0,subject108_client0,14632,6,Nordic walking,3221.36
1.0,alpha1p0,108,0,subject108_client0,14633,6,Nordic walking,3222.64
1.0,alpha1p0,108,0,subject108_client0,14634,6,Nordic walking,3223.92
1.0,alpha1p0,108,0,subject108_client0,14635,6,Nordic walking,3225.2
1.0,alpha1p0,108,0,subject108_client0,14636,6,Nordic walking,3226.48
1.0,alpha1p0,108,0,subject108_client0,14637,6,Nordic walking,3227.76
1.0,alpha1p0,108,0,subject108_client0,14638,6,Nordic walking,3229.04
1.0,alpha1p0,108,0,subject108_client0,14639,6,Nordic walking,3230.32
1.0,alpha1p0,108,0,subject108_client0,14640,6,Nordic walking,3231.6
1.0,alpha1p0,108,0,subject108_client0,14641,6,Nordic walking,3232.88
1.0,alpha1p0,108,0,subject108_client0,14642,6,Nordic walking,3234.16
1.0,alpha1p0,108,0,subject108_client0,14643,6,Nordic walking,3235.44
1.0,alpha1p0,108,0,subject108_client0,14644,6,Nordic walking,3236.72
1.0,alpha1p0,108,0,subject108_client0,14645,6,Nordic walking,3238.0
1.0,alpha1p0,108,2,subject108_client2,14647,6,Nordic walking,3240.56
1.0,alpha1p0,108,2,subject108_client2,14648,6,Nordic walking,3241.84
1.0,alpha1p0,108,2,subject108_client2,14649,6,Nordic walking,3243.12
1.0,alpha1p0,108,2,subject108_client2,14650,6,Nordic walking,3244.4
1.0,alpha1p0,108,2,subject108_client2,14651,6,Nordic walking,3245.68
1.0,alpha1p0,108,2,subject108_client2,14652,6,Nordic walking,3246.96
1.0,alpha1p0,108,2,subject108_client2,14653,6,Nordic walking,3248.24
1.0,alpha1p0,108,2,subject108_client2,14654,6,Nordic walking,3249.52
1.0,alpha1p0,108,2,subject108_client2,14655,6,Nordic walking,3250.8
1.0,alpha1p0,108,2,subject108_client2,14656,6,Nordic walking,3252.08
1.0,alpha1p0,108,2,subject108_client2,14657,6,Nordic walking,3253.36
1.0,alpha1p0,108,2,subject108_client2,14658,6,Nordic walking,3254.64
1.0,alpha1p0,108,2,subject108_client2,14659,6,Nordic walking,3255.92
1.0,alpha1p0,108,2,subject108_client2,14660,6,Nordic walking,3257.2
1.0,alpha1p0,108,2,subject108_client2,14661,6,Nordic walking,3258.48
1.0,alpha1p0,108,2,subject108_client2,14662,6,Nordic walking,3259.76
1.0,alpha1p0,108,2,subject108_client2,14663,6,Nordic walking,3261.04
1.0,alpha1p0,108,2,subject108_client2,14664,6,Nordic walking,3262.32
1.0,alpha1p0,108,2,subject108_client2,14665,6,Nordic walking,3263.6
1.0,alpha1p0,108,2,subject108_client2,14666,6,Nordic walking,3264.88
1.0,alpha1p0,108,2,subject108_client2,14667,6,Nordic walking,3266.16
1.0,alpha1p0,108,2,subject108_client2,14668,6,Nordic walking,3267.44
1.0,alpha1p0,108,2,subject108_client2,14669,6,Nordic walking,3268.72
1.0,alpha1p0,108,2,subject108_client2,14670,6,Nordic walking,3270.0
1.0,alpha1p0,108,2,subject108_client2,14671,6,Nordic walking,3271.28
1.0,alpha1p0,108,2,subject108_client2,14672,6,Nordic walking,3272.56
1.0,alpha1p0,108,2,subject108_client2,14673,6,Nordic walking,3273.84
1.0,alpha1p0,108,2,subject108_client2,14674,6,Nordic walking,3275.12
1.0,alpha1p0,108,2,subject108_client2,14675,6,Nordic walking,3276.4
1.0,alpha1p0,108,2,subject108_client2,14676,6,Nordic walking,3277.68
1.0,alpha1p0,108,2,subject108_client2,14677,6,Nordic walking,3278.96
1.0,alpha1p0,108,2,subject108_client2,14678,6,Nordic walking,3280.24
1.0,alpha1p0,108,2,subject108_client2,14679,6,Nordic walking,3281.52
1.0,alpha1p0,108,2,subject108_client2,14680,6,Nordic walking,3282.8
1.0,alpha1p0,108,2,subject108_client2,14681,6,Nordic walking,3284.08
1.0,alpha1p0,108,2,subject108_client2,14682,6,Nordic walking,3285.36
1.0,alpha1p0,108,2,subject108_client2,14683,6,Nordic walking,3286.64
1.0,alpha1p0,108,2,subject108_client2,14684,6,Nordic walking,3287.92
1.0,alpha1p0,108,2,subject108_client2,14685,6,Nordic walking,3289.2
1.0,alpha1p0,108,2,subject108_client2,14686,6,Nordic walking,3290.48
1.0,alpha1p0,108,2,subject108_client2,14687,6,Nordic walking,3291.76
1.0,alpha1p0,108,2,subject108_client2,14688,6,Nordic walking,3293.04
1.0,alpha1p0,108,2,subject108_client2,14689,6,Nordic walking,3294.32
1.0,alpha1p0,108,2,subject108_client2,14690,6,Nordic walking,3295.6
1.0,alpha1p0,108,2,subject108_client2,14691,6,Nordic walking,3296.88
1.0,alpha1p0,108,2,subject108_client2,14692,6,Nordic walking,3298.16
1.0,alpha1p0,108,2,subject108_client2,14693,6,Nordic walking,3299.44
1.0,alpha1p0,108,2,subject108_client2,14694,6,Nordic walking,3300.72
1.0,alpha1p0,108,2,subject108_client2,14695,6,Nordic walking,3302.0
1.0,alpha1p0,108,2,subject108_client2,14696,6,Nordic walking,3303.28
1.0,alpha1p0,108,2,subject108_client2,14697,6,Nordic walking,3304.56
1.0,alpha1p0,108,2,subject108_client2,14698,6,Nordic walking,3305.84
1.0,alpha1p0,108,2,subject108_client2,14699,6,Nordic walking,3307.12
1.0,alpha1p0,108,2,subject108_client2,14700,6,Nordic walking,3308.4
1.0,alpha1p0,108,2,subject108_client2,14701,6,Nordic walking,3309.68
1.0,alpha1p0,108,2,subject108_client2,14702,6,Nordic walking,3310.96
1.0,alpha1p0,108,2,subject108_client2,14703,6,Nordic walking,3312.24
1.0,alpha1p0,108,2,subject108_client2,14704,6,Nordic walking,3313.52
1.0,alpha1p0,108,2,subject108_client2,14705,6,Nordic walking,3314.8
1.0,alpha1p0,108,2,subject108_client2,14706,6,Nordic walking,3316.08
1.0,alpha1p0,108,2,subject108_client2,14707,6,Nordic walking,3317.36
1.0,alpha1p0,108,2,subject108_client2,14708,6,Nordic walking,3318.64
1.0,alpha1p0,108,2,subject108_client2,14709,6,Nordic walking,3319.92
1.0,alpha1p0,108,2,subject108_client2,14710,6,Nordic walking,3321.2
1.0,alpha1p0,108,2,subject108_client2,14711,6,Nordic walking,3322.48
1.0,alpha1p0,108,2,subject108_client2,14712,6,Nordic walking,3323.76
1.0,alpha1p0,108,2,subject108_client2,14713,6,Nordic walking,3325.04
1.0,alpha1p0,108,2,subject108_client2,14714,6,Nordic walking,3326.32
1.0,alpha1p0,108,2,subject108_client2,14715,6,Nordic walking,3327.6
1.0,alpha1p0,108,2,subject108_client2,14716,6,Nordic walking,3328.88
1.0,alpha1p0,108,2,subject108_client2,14717,6,Nordic walking,3330.16
1.0,alpha1p0,108,2,subject108_client2,14718,6,Nordic walking,3331.44
1.0,alpha1p0,108,2,subject108_client2,14719,6,Nordic walking,3332.72
1.0,alpha1p0,108,2,subject108_client2,14720,6,Nordic walking,3334.0
1.0,alpha1p0,108,3,subject108_client3,14722,6,Nordic walking,3336.56
1.0,alpha1p0,108,3,subject108_client3,14723,6,Nordic walking,3337.84
1.0,alpha1p0,108,3,subject108_client3,14724,6,Nordic walking,3339.12
1.0,alpha1p0,108,3,subject108_client3,14725,6,Nordic walking,3340.4
1.0,alpha1p0,108,3,subject108_client3,14726,6,Nordic walking,3341.68
1.0,alpha1p0,108,3,subject108_client3,14727,6,Nordic walking,3342.96
1.0,alpha1p0,108,3,subject108_client3,14728,6,Nordic walking,3344.24
1.0,alpha1p0,108,3,subject108_client3,14729,6,Nordic walking,3345.52
1.0,alpha1p0,108,3,subject108_client3,14730,6,Nordic walking,3346.8
1.0,alpha1p0,108,3,subject108_client3,14731,6,Nordic walking,3348.08
1.0,alpha1p0,108,3,subject108_client3,14732,6,Nordic walking,3349.36
1.0,alpha1p0,108,3,subject108_client3,14733,6,Nordic walking,3350.64
1.0,alpha1p0,108,3,subject108_client3,14734,6,Nordic walking,3351.92
1.0,alpha1p0,108,3,subject108_client3,14735,6,Nordic walking,3353.2
1.0,alpha1p0,108,3,subject108_client3,14736,6,Nordic walking,3354.48
1.0,alpha1p0,108,3,subject108_client3,14737,6,Nordic walking,3355.76
1.0,alpha1p0,108,3,subject108_client3,14738,6,Nordic walking,3357.04
1.0,alpha1p0,108,3,subject108_client3,14739,6,Nordic walking,3358.32
1.0,alpha1p0,108,3,subject108_client3,14740,6,Nordic walking,3359.6
1.0,alpha1p0,108,3,subject108_client3,14741,6,Nordic walking,3360.88
1.0,alpha1p0,108,3,subject108_client3,14742,6,Nordic walking,3362.16
1.0,alpha1p0,108,3,subject108_client3,14743,6,Nordic walking,3363.44
1.0,alpha1p0,108,3,subject108_client3,14744,6,Nordic walking,3364.72
1.0,alpha1p0,108,3,subject108_client3,14745,6,Nordic walking,3366.0
1.0,alpha1p0,108,3,subject108_client3,14746,6,Nordic walking,3367.28
1.0,alpha1p0,108,3,subject108_client3,14747,6,Nordic walking,3368.56
1.0,alpha1p0,108,3,subject108_client3,14748,6,Nordic walking,3369.84
1.0,alpha1p0,108,3,subject108_client3,14749,6,Nordic walking,3371.12
1.0,alpha1p0,108,3,subject108_client3,14750,6,Nordic walking,3372.4
1.0,alpha1p0,108,3,subject108_client3,14751,6,Nordic walking,3373.68
1.0,alpha1p0,108,3,subject108_client3,14752,6,Nordic walking,3374.96
1.0,alpha1p0,108,3,subject108_client3,14753,6,Nordic walking,3376.24
1.0,alpha1p0,108,3,subject108_client3,14754,6,Nordic walking,3377.52
1.0,alpha1p0,108,3,subject108_client3,14755,6,Nordic walking,3378.8
1.0,alpha1p0,108,3,subject108_client3,14756,6,Nordic walking,3380.08
1.0,alpha1p0,108,3,subject108_client3,14757,6,Nordic walking,3381.36
1.0,alpha1p0,108,3,subject108_client3,14758,6,Nordic walking,3382.64
1.0,alpha1p0,108,3,subject108_client3,14759,6,Nordic walking,3383.92
1.0,alpha1p0,108,3,subject108_client3,14760,6,Nordic walking,3385.2
1.0,alpha1p0,108,3,subject108_client3,14761,6,Nordic walking,3386.48
1.0,alpha1p0,108,3,subject108_client3,14762,6,Nordic walking,3387.76
1.0,alpha1p0,108,3,subject108_client3,14763,6,Nordic walking,3389.04
1.0,alpha1p0,108,3,subject108_client3,14764,6,Nordic walking,3390.32
1.0,alpha1p0,108,3,subject108_client3,14765,6,Nordic walking,3391.6
1.0,alpha1p0,108,3,subject108_client3,14766,6,Nordic walking,3392.88
1.0,alpha1p0,108,3,subject108_client3,14767,6,Nordic walking,3394.16
1.0,alpha1p0,108,3,subject108_client3,14768,6,Nordic walking,3395.44
1.0,alpha1p0,108,3,subject108_client3,14769,6,Nordic walking,3396.72
1.0,alpha1p0,108,3,subject108_client3,14770,6,Nordic walking,3398.0
1.0,alpha1p0,108,3,subject108_client3,14771,6,Nordic walking,3399.28
1.0,alpha1p0,108,3,subject108_client3,14772,6,Nordic walking,3400.56
1.0,alpha1p0,108,3,subject108_client3,14773,6,Nordic walking,3401.84
1.0,alpha1p0,108,3,subject108_client3,14774,6,Nordic walking,3403.12
1.0,alpha1p0,108,3,subject108_client3,14775,6,Nordic walking,3404.4
1.0,alpha1p0,108,3,subject108_client3,14776,6,Nordic walking,3405.68
1.0,alpha1p0,108,3,subject108_client3,14777,4,running,3464.8
1.0,alpha1p0,108,3,subject108_client3,14778,4,running,3466.08
1.0,alpha1p0,108,3,subject108_client3,14779,4,running,3467.36
1.0,alpha1p0,108,3,subject108_client3,14780,4,running,3468.64
1.0,alpha1p0,108,3,subject108_client3,14781,4,running,3469.92
1.0,alpha1p0,108,3,subject108_client3,14782,4,running,3471.2
1.0,alpha1p0,108,3,subject108_client3,14783,4,running,3472.48
1.0,alpha1p0,108,3,subject108_client3,14784,4,running,3473.76
1.0,alpha1p0,108,3,subject108_client3,14785,4,running,3475.04
1.0,alpha1p0,108,3,subject108_client3,14786,4,running,3476.32
1.0,alpha1p0,108,3,subject108_client3,14787,4,running,3477.6
1.0,alpha1p0,108,3,subject108_client3,14788,4,running,3478.88
1.0,alpha1p0,108,3,subject108_client3,14789,4,running,3480.16
1.0,alpha1p0,108,3,subject108_client3,14790,4,running,3481.44
1.0,alpha1p0,108,3,subject108_client3,14791,4,running,3482.72
1.0,alpha1p0,108,3,subject108_client3,14792,4,running,3484.0
1.0,alpha1p0,108,3,subject108_client3,14793,4,running,3485.28
1.0,alpha1p0,108,3,subject108_client3,14794,4,running,3486.56
1.0,alpha1p0,108,3,subject108_client3,14795,4,running,3487.84
1.0,alpha1p0,108,1,subject108_client1,14797,4,running,3490.4
1.0,alpha1p0,108,1,subject108_client1,14798,4,running,3491.68
1.0,alpha1p0,108,1,subject108_client1,14799,4,running,3492.96
1.0,alpha1p0,108,1,subject108_client1,14800,4,running,3494.24
1.0,alpha1p0,108,1,subject108_client1,14801,4,running,3495.52
1.0,alpha1p0,108,1,subject108_client1,14802,4,running,3496.8
1.0,alpha1p0,108,1,subject108_client1,14803,4,running,3498.08
1.0,alpha1p0,108,1,subject108_client1,14804,4,running,3499.36
1.0,alpha1p0,108,1,subject108_client1,14805,4,running,3500.64
1.0,alpha1p0,108,1,subject108_client1,14806,4,running,3501.92
1.0,alpha1p0,108,1,subject108_client1,14807,4,running,3503.2
1.0,alpha1p0,108,1,subject108_client1,14808,4,running,3504.48
1.0,alpha1p0,108,1,subject108_client1,14809,4,running,3505.76
1.0,alpha1p0,108,1,subject108_client1,14810,4,running,3507.04
1.0,alpha1p0,108,1,subject108_client1,14811,4,running,3508.32
1.0,alpha1p0,108,1,subject108_client1,14812,4,running,3509.6
1.0,alpha1p0,108,1,subject108_client1,14813,4,running,3510.88
1.0,alpha1p0,108,1,subject108_client1,14814,4,running,3512.16
1.0,alpha1p0,108,1,subject108_client1,14815,4,running,3513.44
1.0,alpha1p0,108,1,subject108_client1,14816,4,running,3514.72
1.0,alpha1p0,108,1,subject108_client1,14817,4,running,3516.0
1.0,alpha1p0,108,1,subject108_client1,14818,4,running,3517.28
1.0,alpha1p0,108,1,subject108_client1,14819,4,running,3518.56
1.0,alpha1p0,108,1,subject108_client1,14820,4,running,3519.84
1.0,alpha1p0,108,1,subject108_client1,14821,4,running,3521.12
1.0,alpha1p0,108,1,subject108_client1,14822,4,running,3522.4
1.0,alpha1p0,108,1,subject108_client1,14823,4,running,3523.68
1.0,alpha1p0,108,1,subject108_client1,14824,4,running,3524.96
1.0,alpha1p0,108,1,subject108_client1,14825,4,running,3526.24
1.0,alpha1p0,108,1,subject108_client1,14826,4,running,3527.52
1.0,alpha1p0,108,1,subject108_client1,14827,4,running,3528.8
1.0,alpha1p0,108,1,subject108_client1,14828,4,running,3530.08
1.0,alpha1p0,108,1,subject108_client1,14829,4,running,3531.36
1.0,alpha1p0,108,1,subject108_client1,14830,4,running,3532.64
1.0,alpha1p0,108,1,subject108_client1,14831,4,running,3533.92
1.0,alpha1p0,108,1,subject108_client1,14832,4,running,3535.2
1.0,alpha1p0,108,1,subject108_client1,14833,4,running,3536.48
1.0,alpha1p0,108,1,subject108_client1,14834,4,running,3537.76
1.0,alpha1p0,108,1,subject108_client1,14835,4,running,3539.04
1.0,alpha1p0,108,1,subject108_client1,14836,4,running,3540.32
1.0,alpha1p0,108,1,subject108_client1,14837,4,running,3541.6
1.0,alpha1p0,108,1,subject108_client1,14838,4,running,3542.88
1.0,alpha1p0,108,1,subject108_client1,14839,4,running,3544.16
1.0,alpha1p0,108,1,subject108_client1,14840,4,running,3545.44
1.0,alpha1p0,108,1,subject108_client1,14841,4,running,3546.72
1.0,alpha1p0,108,1,subject108_client1,14842,4,running,3548.0
1.0,alpha1p0,108,1,subject108_client1,14843,4,running,3549.28
1.0,alpha1p0,108,1,subject108_client1,14844,4,running,3550.56
1.0,alpha1p0,108,1,subject108_client1,14845,4,running,3551.84
1.0,alpha1p0,108,1,subject108_client1,14846,4,running,3553.12
1.0,alpha1p0,108,1,subject108_client1,14847,4,running,3554.4
1.0,alpha1p0,108,1,subject108_client1,14848,4,running,3555.68
1.0,alpha1p0,108,1,subject108_client1,14849,4,running,3556.96
1.0,alpha1p0,108,1,subject108_client1,14850,4,running,3558.24
1.0,alpha1p0,108,1,subject108_client1,14851,4,running,3559.52
1.0,alpha1p0,108,1,subject108_client1,14852,4,running,3560.8
1.0,alpha1p0,108,1,subject108_client1,14853,4,running,3562.08
1.0,alpha1p0,108,1,subject108_client1,14854,4,running,3563.36
1.0,alpha1p0,108,1,subject108_client1,14855,4,running,3564.64
1.0,alpha1p0,108,1,subject108_client1,14856,4,running,3565.92
1.0,alpha1p0,108,1,subject108_client1,14857,4,running,3567.2
1.0,alpha1p0,108,1,subject108_client1,14858,4,running,3568.48
1.0,alpha1p0,108,1,subject108_client1,14859,4,running,3569.76
1.0,alpha1p0,108,1,subject108_client1,14860,4,running,3571.04
1.0,alpha1p0,108,1,subject108_client1,14861,4,running,3572.32
1.0,alpha1p0,108,1,subject108_client1,14862,4,running,3573.6
1.0,alpha1p0,108,1,subject108_client1,14863,4,running,3574.88
1.0,alpha1p0,108,1,subject108_client1,14864,4,running,3576.16
1.0,alpha1p0,108,1,subject108_client1,14865,4,running,3577.44
1.0,alpha1p0,108,1,subject108_client1,14866,4,running,3578.72
1.0,alpha1p0,108,1,subject108_client1,14867,4,running,3580.0
1.0,alpha1p0,108,1,subject108_client1,14868,4,running,3581.28
1.0,alpha1p0,108,1,subject108_client1,14869,4,running,3582.56
1.0,alpha1p0,108,1,subject108_client1,14870,4,running,3583.84
1.0,alpha1p0,108,1,subject108_client1,14871,4,running,3585.12
1.0,alpha1p0,108,1,subject108_client1,14872,4,running,3586.4
1.0,alpha1p0,108,1,subject108_client1,14873,4,running,3587.68
1.0,alpha1p0,108,1,subject108_client1,14874,4,running,3588.96
1.0,alpha1p0,108,1,subject108_client1,14875,4,running,3590.24
1.0,alpha1p0,108,1,subject108_client1,14876,4,running,3591.52
1.0,alpha1p0,108,1,subject108_client1,14877,4,running,3592.8
1.0,alpha1p0,108,1,subject108_client1,14878,4,running,3594.08
1.0,alpha1p0,108,1,subject108_client1,14879,4,running,3595.36
1.0,alpha1p0,108,1,subject108_client1,14880,4,running,3596.64
1.0,alpha1p0,108,1,subject108_client1,14881,4,running,3597.92
1.0,alpha1p0,108,0,subject108_client0,14883,4,running,3600.48
1.0,alpha1p0,108,0,subject108_client0,14884,4,running,3601.76
1.0,alpha1p0,108,0,subject108_client0,14885,4,running,3603.04
1.0,alpha1p0,108,0,subject108_client0,14886,4,running,3604.32
1.0,alpha1p0,108,0,subject108_client0,14887,4,running,3605.6
1.0,alpha1p0,108,0,subject108_client0,14888,4,running,3606.88
1.0,alpha1p0,108,0,subject108_client0,14889,4,running,3608.16
1.0,alpha1p0,108,0,subject108_client0,14890,4,running,3609.44
1.0,alpha1p0,108,0,subject108_client0,14891,4,running,3610.72
1.0,alpha1p0,108,0,subject108_client0,14892,4,running,3612.0
1.0,alpha1p0,108,0,subject108_client0,14893,4,running,3613.28
1.0,alpha1p0,108,0,subject108_client0,14894,4,running,3614.56
1.0,alpha1p0,108,0,subject108_client0,14895,4,running,3615.84
1.0,alpha1p0,108,0,subject108_client0,14896,4,running,3617.12
1.0,alpha1p0,108,0,subject108_client0,14897,4,running,3618.4
1.0,alpha1p0,108,2,subject108_client2,14899,4,running,3620.96
1.0,alpha1p0,108,2,subject108_client2,14900,4,running,3622.24
1.0,alpha1p0,108,2,subject108_client2,14901,4,running,3623.52
1.0,alpha1p0,108,2,subject108_client2,14902,4,running,3624.8
1.0,alpha1p0,108,2,subject108_client2,14903,4,running,3626.08
1.0,alpha1p0,108,2,subject108_client2,14904,4,running,3627.36
1.0,alpha1p0,108,0,subject108_client0,14905,11,rope jumping,3800.36
1.0,alpha1p0,108,0,subject108_client0,14906,11,rope jumping,3801.64
1.0,alpha1p0,108,0,subject108_client0,14907,11,rope jumping,3802.92
1.0,alpha1p0,108,0,subject108_client0,14908,11,rope jumping,3804.2
1.0,alpha1p0,108,0,subject108_client0,14909,11,rope jumping,3805.48
1.0,alpha1p0,108,0,subject108_client0,14910,11,rope jumping,3806.76
1.0,alpha1p0,108,0,subject108_client0,14911,11,rope jumping,3808.04
1.0,alpha1p0,108,0,subject108_client0,14912,11,rope jumping,3809.32
1.0,alpha1p0,108,0,subject108_client0,14913,11,rope jumping,3810.6
1.0,alpha1p0,108,0,subject108_client0,14914,11,rope jumping,3811.88
1.0,alpha1p0,108,0,subject108_client0,14915,11,rope jumping,3813.16
1.0,alpha1p0,108,0,subject108_client0,14916,11,rope jumping,3814.44
1.0,alpha1p0,108,0,subject108_client0,14917,11,rope jumping,3815.72
1.0,alpha1p0,108,0,subject108_client0,14918,11,rope jumping,3817.0
1.0,alpha1p0,108,0,subject108_client0,14919,11,rope jumping,3818.28
1.0,alpha1p0,108,0,subject108_client0,14920,11,rope jumping,3819.56
1.0,alpha1p0,108,0,subject108_client0,14921,11,rope jumping,3820.84
1.0,alpha1p0,108,0,subject108_client0,14922,11,rope jumping,3822.12
1.0,alpha1p0,108,0,subject108_client0,14923,11,rope jumping,3823.4
1.0,alpha1p0,108,0,subject108_client0,14924,11,rope jumping,3824.68
1.0,alpha1p0,108,0,subject108_client0,14925,11,rope jumping,3825.96
1.0,alpha1p0,108,0,subject108_client0,14926,11,rope jumping,3827.24
1.0,alpha1p0,108,0,subject108_client0,14927,11,rope jumping,3828.52
1.0,alpha1p0,108,0,subject108_client0,14928,11,rope jumping,3829.8
1.0,alpha1p0,108,0,subject108_client0,14929,11,rope jumping,3831.08
1.0,alpha1p0,108,0,subject108_client0,14930,11,rope jumping,3832.36
1.0,alpha1p0,108,0,subject108_client0,14931,11,rope jumping,3833.64
1.0,alpha1p0,108,0,subject108_client0,14932,11,rope jumping,3834.92
1.0,alpha1p0,108,0,subject108_client0,14933,11,rope jumping,3836.2
1.0,alpha1p0,108,0,subject108_client0,14934,11,rope jumping,3837.48
1.0,alpha1p0,108,0,subject108_client0,14935,11,rope jumping,3838.76
1.0,alpha1p0,108,0,subject108_client0,14936,11,rope jumping,3840.04
1.0,alpha1p0,108,0,subject108_client0,14937,11,rope jumping,3841.32
1.0,alpha1p0,108,0,subject108_client0,14938,11,rope jumping,3842.6
1.0,alpha1p0,108,0,subject108_client0,14939,11,rope jumping,3843.88
1.0,alpha1p0,108,0,subject108_client0,14940,11,rope jumping,3845.16
1.0,alpha1p0,108,0,subject108_client0,14941,11,rope jumping,3846.44
1.0,alpha1p0,108,0,subject108_client0,14942,11,rope jumping,3847.72
1.0,alpha1p0,108,0,subject108_client0,14943,11,rope jumping,3849.0
1.0,alpha1p0,108,0,subject108_client0,14944,11,rope jumping,3850.28
1.0,alpha1p0,108,0,subject108_client0,14945,11,rope jumping,3851.56
1.0,alpha1p0,108,0,subject108_client0,14946,11,rope jumping,3852.84
1.0,alpha1p0,108,0,subject108_client0,14947,11,rope jumping,3854.12
1.0,alpha1p0,108,0,subject108_client0,14948,11,rope jumping,3855.4
1.0,alpha1p0,108,0,subject108_client0,14949,11,rope jumping,3856.68
1.0,alpha1p0,108,0,subject108_client0,14950,11,rope jumping,3857.96
1.0,alpha1p0,108,0,subject108_client0,14951,11,rope jumping,3859.24
1.0,alpha1p0,108,2,subject108_client2,14953,11,rope jumping,3861.8
1.0,alpha1p0,108,3,subject108_client3,14955,11,rope jumping,3864.36
1.0,alpha1p0,108,3,subject108_client3,14956,11,rope jumping,3865.64
1.0,alpha1p0,108,3,subject108_client3,14957,11,rope jumping,3866.92
1.0,alpha1p0,108,3,subject108_client3,14958,11,rope jumping,3868.2
1.0,alpha1p0,108,3,subject108_client3,14959,11,rope jumping,3869.48
1.0,alpha1p0,108,3,subject108_client3,14960,11,rope jumping,3870.76
1.0,alpha1p0,108,3,subject108_client3,14961,11,rope jumping,3872.04
1.0,alpha1p0,108,3,subject108_client3,14962,11,rope jumping,3873.32
1.0,alpha1p0,108,3,subject108_client3,14963,11,rope jumping,3874.6
1.0,alpha1p0,108,3,subject108_client3,14964,11,rope jumping,3875.88
1.0,alpha1p0,108,3,subject108_client3,14965,11,rope jumping,3877.16
1.0,alpha1p0,108,3,subject108_client3,14966,11,rope jumping,3878.44
1.0,alpha1p0,108,3,subject108_client3,14967,11,rope jumping,3879.72
1.0,alpha1p0,108,3,subject108_client3,14968,11,rope jumping,3881.0
1.0,alpha1p0,108,1,subject108_client1,14970,11,rope jumping,3883.56
1.0,alpha1p0,108,1,subject108_client1,14971,11,rope jumping,3884.84
