alpha,alpha_label,subject_id,local_client_id,global_client_id,row_index,activity_index,activity_name,start_timestamp_s
0.1,alpha0p1,101,3,subject101_client3,11014,0,lying,37.66
0.1,alpha0p1,101,3,subject101_client3,11015,0,lying,38.94
0.1,alpha0p1,101,3,subject101_client3,11016,0,lying,40.22
0.1,alpha0p1,101,3,subject101_client3,11017,0,lying,41.5
0.1,alpha0p1,101,3,subject101_client3,11018,0,lying,42.78
0.1,alpha0p1,101,3,subject101_client3,11019,0,lying,44.06
0.1,alpha0p1,101,3,subject101_client3,11020,0,lying,45.34
0.1,alpha0p1,101,3,subject101_client3,11021,0,lying,46.62
0.1,alpha0p1,101,3,subject101_client3,11022,0,lying,47.9
0.1,alpha0p1,101,3,subject101_client3,11023,0,lying,49.18
0.1,alpha0p1,101,3,subject101_client3,11024,0,lying,50.46
0.1,alpha0p1,101,3,subject101_client3,11025,0,lying,51.74
0.1,alpha0p1,101,3,subject101_client3,11026,0,lying,53.02
0.1,alpha0p1,101,3,subject101_client3,11027,0,lying,54.3
0.1,alpha0p1,101,3,subject101_client3,11028,0,lying,55.58
0.1,alpha0p1,101,3,subject101_client3,11029,0,lying,56.86
0.1,alpha0p1,101,3,subject101_client3,11030,0,lying,58.14
0.1,alpha0p1,101,3,subject101_client3,11031,0,lying,59.42
0.1,alpha0p1,101,3,subject101_client3,11032,0,lying,60.7
0.1,alpha0p1,101,3,subject101_client3,11033,0,lying,61.98
0.1,alpha0p1,101,3,subject101_client3,11034,0,lying,63.26
0.1,alpha0p1,101,3,subject101_client3,11035,0,lying,64.54
0.1,alpha0p1,101,3,subject101_client3,11036,0,lying,65.82
0.1,alpha0p1,101,3,subject101_client3,11037,0,lying,67.1
0.1,alpha0p1,101,3,subject101_client3,11038,0,lying,68.38
0.1,alpha0p1,101,3,subject101_client3,11039,0,lying,69.66
0.1,alpha0p1,101,3,subject101_client3,11040,0,lying,70.94
0.1,alpha0p1,101,3,subject101_client3,11041,0,lying,72.22
0.1,alpha0p1,101,3,subject101_client3,11042,0,lying,73.5
0.1,alpha0p1,101,3,subject101_client3,11043,0,lying,74.78
0.1,alpha0p1,101,3,subject101_client3,11044,0,lying,76.06
0.1,alpha0p1,101,3,subject101_client3,11045,0,lying,77.34
0.1,alpha0p1,101,3,subject101_client3,11046,0,lying,78.62
0.1,alpha0p1,101,3,subject101_client3,11047,0,lying,79.9
0.1,alpha0p1,101,3,subject101_client3,11048,0,lying,81.18
0.1,alpha0p1,101,3,subject101_client3,11049,0,lying,82.46
0.1,alpha0p1,101,3,subject101_client3,11050,0,lying,83.74
0.1,alpha0p1,101,3,subject101_client3,11051,0,lying,85.02
0.1,alpha0p1,101,3,subject101_client3,11052,0,lying,86.3
0.1,alpha0p1,101,3,subject101_client3,11053,0,lying,87.58
0.1,alpha0p1,101,3,subject101_client3,11054,0,lying,88.86
0.1,alpha0p1,101,3,subject101_client3,11055,0,lying,90.14
0.1,alpha0p1,101,3,subject101_client3,11056,0,lying,91.42
0.1,alpha0p1,101,3,subject101_client3,11057,0,lying,92.7
0.1,alpha0p1,101,3,subject101_client3,11058,0,lying,93.98
0.1,alpha0p1,101,3,subject101_client3,11059,0,lying,95.26
0.1,alpha0p1,101,3,subject101_client3,11060,0,lying,96.54
0.1,alpha0p1,101,3,subject101_client3,11061,0,lying,97.82
0.1,alpha0p1,101,3,subject101_client3,11062,0,lying,99.1
0.1,alpha0p1,101,3,subject101_client3,11063,0,lying,100.38
0.1,alpha0p1,101,3,subject101_client3,11064,0,lying,101.66
0.1,alpha0p1,101,3,subject101_client3,11065,0,lying,102.94
0.1,alpha0p1,101,3,subject101_client3,11066,0,lying,104.22
0.1,alpha0p1,101,3,subject101_client3,11067,0,lying,105.5
0.1,alpha0p1,101,3,subject101_client3,11068,0,lying,106.78
0.1,alpha0p1,101,3,subject101_client3,11069,0,lying,108.06
0.1,alpha0p1,101,3,subject101_client3,11070,0,lying,109.34
0.1,alpha0p1,101,3,subject101_client3,11071,0,lying,110.62
0.1,alpha0p1,101,3,subject101_client3,11072,0,lying,111.9
0.1,alpha0p1,101,3,subject101_client3,11073,0,lying,113.18
0.1,alpha0p1,101,3,subject101_client3,11074,0,lying,114.46
0.1,alpha0p1,101,3,subject101_client3,11075,0,lying,115.74
0.1,alpha0p1,101,3,subject101_client3,11076,0,lying,117.02
0.1,alpha0p1,101,3,subject101_client3,11077,0,lying,118.3
0.1,alpha0p1,101,3,subject101_client3,11078,0,lying,119.58
0.1,alpha0p1,101,3,subject101_client3,11079,0,lying,120.86
0.1,alpha0p1,101,3,subject101_client3,11080,0,lying,122.14
0.1,alpha0p1,101,3,subject101_client3,11081,0,lying,123.42
0.1,alpha0p1,101,3,subject101_client3,11082,0,lying,124.7
0.1,alpha0p1,101,3,subject101_client3,11083,0,lying,125.98
0.1,alpha0p1,101,3,subject101_client3,11084,0,lying,127.26
0.1,alpha0p1,101,3,subject101_client3,11085,0,lying,128.54
0.1,alpha0p1,101,3,subject101_client3,11086,0,lying,129.82
0.1,alpha0p1,101,3,subject101_client3,11087,0,lying,131.1
0.1,alpha0p1,101,3,subject101_client3,11088,0,lying,132.38
0.1,alpha0p1,101,3,subject101_client3,11089,0,lying,133.66
0.1,alpha0p1,101,3,subject101_client3,11090,0,lying,134.94
0.1,alpha0p1,101,3,subject101_client3,11091,0,lying,136.22
0.1,alpha0p1,101,3,subject101_client3,11092,0,lying,137.5
0.1,alpha0p1,101,3,subject101_client3,11093,0,lying,138.78
0.1,alpha0p1,101,3,subject101_client3,11094,0,lying,140.06
0.1,alpha0p1,101,3,subject101_client3,11095,0,lying,141.34
0.1,alpha0p1,101,3,subject101_client3,11096,0,lying,142.62
0.1,alpha0p1,101,3,subject101_client3,11097,0,lying,143.9
0.1,alpha0p1,101,3,subject101_client3,11098,0,lying,145.18
0.1,alpha0p1,101,3,subject101_client3,11099,0,lying,146.46
0.1,alpha0p1,101,3,subject101_client3,11100,0,lying,147.74
0.1,alpha0p1,101,3,subject101_client3,11101,0,lying,149.02
0.1,alpha0p1,101,3,subject101_client3,11102,0,lying,150.3
0.1,alpha0p1,101,3,subject101_client3,11103,0,lying,151.58
0.1,alpha0p1,101,3,subject101_client3,11104,0,lying,152.86
0.1,alpha0p1,101,3,subject101_client3,11105,0,lying,154.14
0.1,alpha0p1,101,3,subject101_client3,11106,0,lying,155.42
0.1,alpha0p1,101,3,subject101_client3,11107,0,lying,156.7
0.1,alpha0p1,101,3,subject101_client3,11108,0,lying,157.98
0.1,alpha0p1,101,3,subject101_client3,11109,0,lying,159.26
0.1,alpha0p1,101,3,subject101_client3,11110,0,lying,160.54
0.1,alpha0p1,101,3,subject101_client3,11111,0,lying,161.82
0.1,alpha0p1,101,3,subject101_client3,11112,0,lying,163.1
0.1,alpha0p1,101,3,subject101_client3,11113,0,lying,164.38
0.1,alpha0p1,101,3,subject101_client3,11114,0,lying,165.66
0.1,alpha0p1,101,3,subject101_client3,11115,0,lying,166.94
0.1,alpha0p1,101,3,subject101_client3,11116,0,lying,168.22
0.1,alpha0p1,101,3,subject101_client3,11117,0,lying,169.5
0.1,alpha0p1,101,3,subject101_client3,11118,0,lying,170.78
0.1,alpha0p1,101,3,subject101_client3,11119,0,lying,172.06
0.1,alpha0p1,101,3,subject101_client3,11120,0,lying,173.34
0.1,alpha0p1,101,3,subject101_client3,11121,0,lying,174.62
0.1,alpha0p1,101,3,subject101_client3,11122,0,lying,175.9
0.1,alpha0p1,101,3,subject101_client3,11123,0,lying,177.18
0.1,alpha0p1,101,3,subject101_client3,11124,0,lying,178.46
0.1,alpha0p1,101,3,subject101_client3,11125,0,lying,179.74
0.1,alpha0p1,101,3,subject101_client3,11126,0,lying,181.02
0.1,alpha0p1,101,3,subject101_client3,11127,0,lying,182.3
0.1,alpha0p1,101,3,subject101_client3,11128,0,lying,183.58
0.1,alpha0p1,101,3,subject101_client3,11129,0,lying,184.86
0.1,alpha0p1,101,3,subject101_client3,11130,0,lying,186.14
0.1,alpha0p1,101,3,subject101_client3,11131,0,lying,187.42
0.1,alpha0p1,101,3,subject101_client3,11132,0,lying,188.7
0.1,alpha0p1,101,3,subject101_client3,11133,0,lying,189.98
0.1,alpha0p1,101,3,subject101_client3,11134,0,lying,191.26
0.1,alpha0p1,101,3,subject101_client3,11135,0,lying,192.54
0.1,alpha0p1,101,3,subject101_client3,11136,0,lying,193.82
0.1,alpha0p1,101,3,subject101_client3,11137,0,lying,195.1
0.1,alpha0p1,101,3,subject101_client3,11138,0,lying,196.38
0.1,alpha0p1,101,3,subject101_client3,11139,0,lying,197.66
0.1,alpha0p1,101,3,subject101_client3,11140,0,lying,198.94
0.1,alpha0p1,101,3,subject101_client3,11141,0,lying,200.22
0.1,alpha0p1,101,3,subject101_client3,11142,0,lying,201.5
0.1,alpha0p1,101,3,subject101_client3,11143,0,lying,202.78
0.1,alpha0p1,101,3,subject101_client3,11144,0,lying,204.06
0.1,alpha0p1,101,3,subject101_client3,11145,0,lying,205.34
0.1,alpha0p1,101,3,subject101_client3,11146,0,lying,206.62
0.1,alpha0p1,101,3,subject101_client3,11147,0,lying,207.9
0.1,alpha0p1,101,3,subject101_client3,11148,0,lying,209.18
0.1,alpha0p1,101,3,subject101_client3,11149,0,lying,210.46
0.1,alpha0p1,101,3,subject101_client3,11150,0,lying,211.74
0.1,alpha0p1,101,3,subject101_client3,11151,0,lying,213.02
0.1,alpha0p1,101,3,subject101_client3,11152,0,lying,214.3
0.1,alpha0p1,101,3,subject101_client3,11153,0,lying,215.58
0.1,alpha0p1,101,3,subject101_client3,11154,0,lying,216.86
0.1,alpha0p1,101,3,subject101_client3,11155,0,lying,218.14
0.1,alpha0p1,101,3,subject101_client3,11156,0,lying,219.42
0.1,alpha0p1,101,3,subject101_client3,11157,0,lying,220.7
0.1,alpha0p1,101,3,subject101_client3,11158,0,lying,221.98
0.1,alpha0p1,101,3,subject101_client3,11159,0,lying,223.26
0.1,alpha0p1,101,3,subject101_client3,11160,0,lying,224.54
0.1,alpha0p1,101,3,subject101_client3,11161,0,lying,225.82
0.1,alpha0p1,101,3,subject101_client3,11162,0,lying,227.1
0.1,alpha0p1,101,3,subject101_client3,11163,0,lying,228.38
0.1,alpha0p1,101,3,subject101_client3,11164,0,lying,229.66
0.1,alpha0p1,101,3,subject101_client3,11165,0,lying,230.94
0.1,alpha0p1,101,3,subject101_client3,11166,0,lying,232.22
0.1,alpha0p1,101,3,subject101_client3,11167,0,lying,233.5
0.1,alpha0p1,101,3,subject101_client3,11168,0,lying,234.78
0.1,alpha0p1,101,3,subject101_client3,11169,0,lying,236.06
0.1,alpha0p1,101,3,subject101_client3,11170,0,lying,237.34
0.1,alpha0p1,101,3,subject101_client3,11171,0,lying,238.62
0.1,alpha0p1,101,3,subject101_client3,11172,0,lying,239.9
0.1,alpha0p1,101,3,subject101_client3,11173,0,lying,241.18
0.1,alpha0p1,101,3,subject101_client3,11174,0,lying,242.46
0.1,alpha0p1,101,3,subject101_client3,11175,0,lying,243.74
0.1,alpha0p1,101,3,subject101_client3,11176,0,lying,245.02
0.1,alpha0p1,101,3,subject101_client3,11177,0,lying,246.3
0.1,alpha0p1,101,3,subject101_client3,11178,0,lying,247.58
0.1,alpha0p1,101,3,subject101_client3,11179,0,lying,248.86
0.1,alpha0p1,101,3,subject101_client3,11180,0,lying,250.14
0.1,alpha0p1,101,3,subject101_client3,11181,0,lying,251.42
0.1,alpha0p1,101,3,subject101_client3,11182,0,lying,252.7
0.1,alpha0p1,101,3,subject101_client3,11183,0,lying,253.98
0.1,alpha0p1,101,3,subject101_client3,11184,0,lying,255.26
0.1,alpha0p1,101,3,subject101_client3,11185,0,lying,256.54
0.1,alpha0p1,101,3,subject101_client3,11186,0,lying,257.82
0.1,alpha0p1,101,3,subject101_client3,11187,0,lying,259.1
0.1,alpha0p1,101,3,subject101_client3,11188,0,lying,260.38
0.1,alpha0p1,101,3,subject101_client3,11189,0,lying,261.66
0.1,alpha0p1,101,3,subject101_client3,11190,0,lying,262.94
0.1,alpha0p1,101,3,subject101_client3,11191,0,lying,264.22
0.1,alpha0p1,101,3,subject101_client3,11192,0,lying,265.5
0.1,alpha0p1,101,3,subject101_client3,11193,0,lying,266.78
0.1,alpha0p1,101,3,subject101_client3,11194,0,lying,268.06
0.1,alpha0p1,101,3,subject101_client3,11195,0,lying,269.34
0.1,alpha0p1,101,3,subject101_client3,11196,0,lying,270.62
0.1,alpha0p1,101,3,subject101_client3,11197,0,lying,271.9
0.1,alpha0p1,101,3,subject101_client3,11198,0,lying,273.18
0.1,alpha0p1,101,3,subject101_client3,11199,0,lying,274.46
0.1,alpha0p1,101,3,subject101_client3,11200,0,lying,275.74
0.1,alpha0p1,101,3,subject101_client3,11201,0,lying,277.02
0.1,alpha0p1,101,3,subject101_client3,11202,0,lying,278.3
0.1,alpha0p1,101,3,subject101_client3,11203,0,lying,279.58
0.1,alpha0p1,101,3,subject101_client3,11204,0,lying,280.86
0.1,alpha0p1,101,3,subject101_client3,11205,0,lying,282.14
0.1,alpha0p1,101,3,subject101_client3,11206,0,lying,283.42
0.1,alpha0p1,101,3,subject101_client3,11207,0,lying,284.7
0.1,alpha0p1,101,3,subject101_client3,11208,0,lying,285.98
0.1,alpha0p1,101,3,subject101_client3,11209,0,lying,287.26
0.1,alpha0p1,101,3,subject101_client3,11210,0,lying,288.54
0.1,alpha0p1,101,3,subject101_client3,11211,0,lying,289.82
0.1,alpha0p1,101,3,subject101_client3,11212,0,lying,291.1
0.1,alpha0p1,101,3,subject101_client3,11213,0,lying,292.38
0.1,alpha0p1,101,3,subject101_client3,11214,0,lying,293.66
0.1,alpha0p1,101,3,subject101_client3,11215,0,lying,294.94
0.1,alpha0p1,101,3,subject101_client3,11216,0,lying,296.22
0.1,alpha0p1,101,3,subject101_client3,11217,0,lying,297.5
0.1,alpha0p1,101,3,subject101_client3,11218,0,lying,298.78
0.1,alpha0p1,101,3,subject101_client3,11219,0,lying,300.06
0.1,alpha0p1,101,3,subject101_client3,11220,0,lying,301.34
0.1,alpha0p1,101,2,subject101_client2,11222,0,lying,303.9
0.1,alpha0p1,101,2,subject101_client2,11223,0,lying,305.18
0.1,alpha0p1,101,2,subject101_client2,11224,0,lying,306.46
0.1,alpha0p1,101,3,subject101_client3,11225,1,sitting,309.53
0.1,alpha0p1,101,3,subject101_client3,11226,1,sitting,310.81
0.1,alpha0p1,101,1,subject101_client1,11228,1,sitting,313.37
0.1,alpha0p1,101,1,subject101_client1,11229,1,sitting,314.65
0.1,alpha0p1,101,1,subject101_client1,11230,1,sitting,315.93
0.1,alpha0p1,101,1,subject101_client1,11231,1,sitting,317.21
0.1,alpha0p1,101,1,subject101_client1,11232,1,sitting,318.49
0.1,alpha0p1,101,1,subject101_client1,11233,1,sitting,319.77
0.1,alpha0p1,101,1,subject101_client1,11234,1,sitting,321.05
0.1,alpha0p1,101,1,subject101_client1,11235,1,sitting,322.33
0.1,alpha0p1,101,1,subject101_client1,11236,1,sitting,323.61
0.1,alpha0p1,101,1,subject101_client1,11237,1,sitting,324.89
0.1,alpha0p1,101,1,subject101_client1,11238,1,sitting,326.17
0.1,alpha0p1,101,1,subject101_client1,11239,1,sitting,327.45
0.1,alpha0p1,101,1,subject101_client1,11240,1,sitting,328.73
0.1,alpha0p1,101,1,subject101_client1,11241,1,sitting,330.01
0.1,alpha0p1,101,1,subject101_client1,11242,1,sitting,331.29
0.1,alpha0p1,101,1,subject101_client1,11243,1,sitting,332.57
0.1,alpha0p1,101,1,subject101_client1,11244,1,sitting,333.85
0.1,alpha0p1,101,1,subject101_client1,11245,1,sitting,335.13
0.1,alpha0p1,101,1,subject101_client1,11246,1,sitting,336.41
0.1,alpha0p1,101,1,subject101_client1,11247,1,sitting,337.69
0.1,alpha0p1,101,1,subject101_client1,11248,1,sitting,338.97
0.1,alpha0p1,101,1,subject101_client1,11249,1,sitting,340.25
0.1,alpha0p1,101,1,subject101_client1,11250,1,sitting,341.53
0.1,alpha0p1,101,1,subject101_client1,11251,1,sitting,342.81
0.1,alpha0p1,101,1,subject101_client1,11252,1,sitting,344.09
0.1,alpha0p1,101,1,subject101_client1,11253,1,sitting,345.37
0.1,alpha0p1,101,1,subject101_client1,11254,1,sitting,346.65
0.1,alpha0p1,101,1,subject101_client1,11255,1,sitting,347.93
0.1,alpha0p1,101,1,subject101_client1,11256,1,sitting,349.21
0.1,alpha0p1,101,1,subject101_client1,11257,1,sitting,350.49
0.1,alpha0p1,101,1,subject101_client1,11258,1,sitting,351.77
0.1,alpha0p1,101,1,subject101_client1,11259,1,sitting,353.05
0.1,alpha0p1,101,1,subject101_client1,11260,1,sitting,354.33
0.1,alpha0p1,101,1,subject101_client1,11261,1,sitting,355.61
0.1,alpha0p1,101,1,subject101_client1,11262,1,sitting,356.89
0.1,alpha0p1,101,1,subject101_client1,11263,1,sitting,358.17
0.1,alpha0p1,101,1,subject101_client1,11264,1,sitting,359.45
0.1,alpha0p1,101,1,subject101_client1,11265,1,sitting,360.73
0.1,alpha0p1,101,1,subject101_client1,11266,1,sitting,362.01
0.1,alpha0p1,101,1,subject101_client1,11267,1,sitting,363.29
0.1,alpha0p1,101,1,subject101_client1,11268,1,sitting,364.57
0.1,alpha0p1,101,1,subject101_client1,11269,1,sitting,365.85
0.1,alpha0p1,101,1,subject101_client1,11270,1,sitting,367.13
0.1,alpha0p1,101,1,subject101_client1,11271,1,sitting,368.41
0.1,alpha0p1,101,1,subject101_client1,11272,1,sitting,369.69
0.1,alpha0p1,101,1,subject101_client1,11273,1,sitting,370.97
0.1,alpha0p1,101,1,subject101_client1,11274,1,sitting,372.25
0.1,alpha0p1,101,1,subject101_client1,11275,1,sitting,373.53
0.1,alpha0p1,101,1,subject101_client1,11276,1,sitting,374.81
0.1,alpha0p1,101,1,subject101_client1,11277,1,sitting,376.09
0.1,alpha0p1,101,1,subject101_client1,11278,1,sitting,377.37
0.1,alpha0p1,101,1,subject101_client1,11279,1,sitting,378.65
0.1,alpha0p1,101,1,subject101_client1,11280,1,sitting,379.93
0.1,alpha0p1,101,1,subject101_client1,11281,1,sitting,381.21
0.1,alpha0p1,101,1,subject101_client1,11282,1,sitting,382.49
0.1,alpha0p1,101,1,subject101_client1,11283,1,sitting,383.77
0.1,alpha0p1,101,1,subject101_client1,11284,1,sitting,385.05
0.1,alpha0p1,101,1,subject101_client1,11285,1,sitting,386.33
0.1,alpha0p1,101,1,subject101_client1,11286,1,sitting,387.61
0.1,alpha0p1,101,1,subject101_client1,11287,1,sitting,388.89
0.1,alpha0p1,101,1,subject101_client1,11288,1,sitting,390.17
0.1,alpha0p1,101,1,subject101_client1,11289,1,sitting,391.45
0.1,alpha0p1,101,1,subject101_client1,11290,1,sitting,392.73
0.1,alpha0p1,101,1,subject101_client1,11291,1,sitting,394.01
0.1,alpha0p1,101,1,subject101_client1,11292,1,sitting,395.29
0.1,alpha0p1,101,1,subject101_client1,11293,1,sitting,396.57
0.1,alpha0p1,101,1,subject101_client1,11294,1,sitting,397.85
0.1,alpha0p1,101,1,subject101_client1,11295,1,sitting,399.13
0.1,alpha0p1,101,1,subject101_client1,11296,1,sitting,400.41
0.1,alpha0p1,101,1,subject101_client1,11297,1,sitting,401.69
0.1,alpha0p1,101,1,subject101_client1,11298,1,sitting,402.97
0.1,alpha0p1,101,1,subject101_client1,11299,1,sitting,404.25
0.1,alpha0p1,101,1,subject101_client1,11300,1,sitting,405.53
0.1,alpha0p1,101,1,subject101_client1,11301,1,sitting,406.81
0.1,alpha0p1,101,1,subject101_client1,11302,1,sitting,408.09
0.1,alpha0p1,101,1,subject101_client1,11303,1,sitting,409.37
0.1,alpha0p1,101,1,subject101_client1,11304,1,sitting,410.65
0.1,alpha0p1,101,1,subject101_client1,11305,1,sitting,411.93
0.1,alpha0p1,101,1,subject101_client1,11306,1,sitting,413.21
0.1,alpha0p1,101,1,subject101_client1,11307,1,sitting,414.49
0.1,alpha0p1,101,1,subject101_client1,11308,1,sitting,415.77
0.1,alpha0p1,101,1,subject101_client1,11309,1,sitting,417.05
0.1,alpha0p1,101,1,subject101_client1,11310,1,sitting,418.33
0.1,alpha0p1,101,1,subject101_client1,11311,1,sitting,419.61
0.1,alpha0p1,101,1,subject101_client1,11312,1,sitting,420.89
0.1,alpha0p1,101,1,subject101_client1,11313,1,sitting,422.17
0.1,alpha0p1,101,1,subject101_client1,11314,1,sitting,423.45
0.1,alpha0p1,101,1,subject101_client1,11315,1,sitting,424.73
0.1,alpha0p1,101,1,subject101_client1,11316,1,sitting,426.01
0.1,alpha0p1,101,1,subject101_client1,11317,1,sitting,427.29
0.1,alpha0p1,101,1,subject101_client1,11318,1,sitting,428.57
0.1,alpha0p1,101,1,subject101_client1,11319,1,sitting,429.85
0.1,alpha0p1,101,1,subject101_client1,11320,1,sitting,431.13
0.1,alpha0p1,101,1,subject101_client1,11321,1,sitting,432.41
0.1,alpha0p1,101,1,subject101_client1,11322,1,sitting,433.69
0.1,alpha0p1,101,1,subject101_client1,11323,1,sitting,434.97
0.1,alpha0p1,101,1,subject101_client1,11324,1,sitting,436.25
0.1,alpha0p1,101,1,subject101_client1,11325,1,sitting,437.53
0.1,alpha0p1,101,1,subject101_client1,11326,1,sitting,438.81
0.1,alpha0p1,101,1,subject101_client1,11327,1,sitting,440.09
0.1,alpha0p1,101,1,subject101_client1,11328,1,sitting,441.37
0.1,alpha0p1,101,1,subject101_client1,11329,1,sitting,442.65
0.1,alpha0p1,101,1,subject101_client1,11330,1,sitting,443.93
0.1,alpha0p1,101,1,subject101_client1,11331,1,sitting,445.21
0.1,alpha0p1,101,1,subject101_client1,11332,1,sitting,446.49
0.1,alpha0p1,101,1,subject101_client1,11333,1,sitting,447.77
0.1,alpha0p1,101,1,subject101_client1,11334,1,sitting,449.05
0.1,alpha0p1,101,1,subject101_client1,11335,1,sitting,450.33
0.1,alpha0p1,101,1,subject101_client1,11336,1,sitting,451.61
0.1,alpha0p1,101,1,subject101_client1,11337,1,sitting,452.89
0.1,alpha0p1,101,1,subject101_client1,11338,1,sitting,454.17
0.1,alpha0p1,101,1,subject101_client1,11339,1,sitting,455.45
0.1,alpha0p1,101,1,subject101_client1,11340,1,sitting,456.73
0.1,alpha0p1,101,1,subject101_client1,11341,1,sitting,458.01
0.1,alpha0p1,101,1,subject101_client1,11342,1,sitting,459.29
0.1,alpha0p1,101,1,subject101_client1,11343,1,sitting,460.57
0.1,alpha0p1,101,1,subject101_client1,11344,1,sitting,461.85
0.1,alpha0p1,101,1,subject101_client1,11345,1,sitting,463.13
0.1,alpha0p1,101,1,subject101_client1,11346,1,sitting,464.41
0.1,alpha0p1,101,1,subject101_client1,11347,1,sitting,465.69
0.1,alpha0p1,101,1,subject101_client1,11348,1,sitting,466.97
0.1,alpha0p1,101,1,subject101_client1,11349,1,sitting,468.25
0.1,alpha0p1,101,1,subject101_client1,11350,1,sitting,469.53
0.1,alpha0p1,101,1,subject101_client1,11351,1,sitting,470.81
0.1,alpha0p1,101,1,subject101_client1,11352,1,sitting,472.09
0.1,alpha0p1,101,1,subject101_client1,11353,1,sitting,473.37
0.1,alpha0p1,101,1,subject101_client1,11354,1,sitting,474.65
0.1,alpha0p1,101,1,subject101_client1,11355,1,sitting,475.93
0.1,alpha0p1,101,1,subject101_client1,11356,1,sitting,477.21
0.1,alpha0p1,101,1,subject101_client1,11357,1,sitting,478.49
0.1,alpha0p1,101,1,subject101_client1,11358,1,sitting,479.77
0.1,alpha0p1,101,1,subject101_client1,11359,1,sitting,481.05
0.1,alpha0p1,101,1,subject101_client1,11360,1,sitting,482.33
0.1,alpha0p1,101,1,subject101_client1,11361,1,sitting,483.61
0.1,alpha0p1,101,1,subject101_client1,11362,1,sitting,484.89
0.1,alpha0p1,101,1,subject101_client1,11363,1,sitting,486.17
0.1,alpha0p1,101,1,subject101_client1,11364,1,sitting,487.45
0.1,alpha0p1,101,1,subject101_client1,11365,1,sitting,488.73
0.1,alpha0p1,101,1,subject101_client1,11366,1,sitting,490.01
0.1,alpha0p1,101,1,subject101_client1,11367,1,sitting,491.29
0.1,alpha0p1,101,1,subject101_client1,11368,1,sitting,492.57
0.1,alpha0p1,101,1,subject101_client1,11369,1,sitting,493.85
0.1,alpha0p1,101,1,subject101_client1,11370,1,sitting,495.13
0.1,alpha0p1,101,1,subject101_client1,11371,1,sitting,496.41
0.1,alpha0p1,101,1,subject101_client1,11372,1,sitting,497.69
0.1,alpha0p1,101,1,subject101_client1,11373,1,sitting,498.97
0.1,alpha0p1,101,1,subject101_client1,11374,1,sitting,500.25
0.1,alpha0p1,101,1,subject101_client1,11375,1,sitting,501.53
0.1,alpha0p1,101,1,subject101_client1,11376,1,sitting,502.81
0.1,alpha0p1,101,0,subject101_client0,11378,1,sitting,505.37
0.1,alpha0p1,101,0,subject101_client0,11379,1,sitting,506.65
0.1,alpha0p1,101,0,subject101_client0,11380,1,sitting,507.93
0.1,alpha0p1,101,0,subject101_client0,11381,1,sitting,509.21
0.1,alpha0p1,101,0,subject101_client0,11382,1,sitting,510.49
0.1,alpha0p1,101,0,subject101_client0,11383,1,sitting,511.77
0.1,alpha0p1,101,0,subject101_client0,11384,1,sitting,513.05
0.1,alpha0p1,101,0,subject101_client0,11385,1,sitting,514.33
0.1,alpha0p1,101,0,subject101_client0,11386,1,sitting,515.61
0.1,alpha0p1,101,0,subject101_client0,11387,1,sitting,516.89
0.1,alpha0p1,101,0,subject101_client0,11388,1,sitting,518.17
0.1,alpha0p1,101,0,subject101_client0,11389,1,sitting,519.45
0.1,alpha0p1,101,0,subject101_client0,11390,1,sitting,520.73
0.1,alpha0p1,101,0,subject101_client0,11391,1,sitting,522.01
0.1,alpha0p1,101,0,subject101_client0,11392,1,sitting,523.29
0.1,alpha0p1,101,0,subject101_client0,11393,1,sitting,524.57
0.1,alpha0p1,101,0,subject101_client0,11394,1,sitting,525.85
0.1,alpha0p1,101,0,subject101_client0,11395,1,sitting,527.13
0.1,alpha0p1,101,0,subject101_client0,11396,1,sitting,528.41
0.1,alpha0p1,101,0,subject101_client0,11397,1,sitting,529.69
0.1,alpha0p1,101,0,subject101_client0,11398,1,sitting,530.97
0.1,alpha0p1,101,0,subject101_client0,11399,1,sitting,532.25
0.1,alpha0p1,101,0,subject101_client0,11400,1,sitting,533.53
0.1,alpha0p1,101,0,subject101_client0,11401,1,sitting,534.81
0.1,alpha0p1,101,0,subject101_client0,11402,1,sitting,536.09
0.1,alpha0p1,101,0,subject101_client0,11403,1,sitting,537.37
0.1,alpha0p1,101,0,subject101_client0,11404,1,sitting,538.65
0.1,alpha0p1,101,0,subject101_client0,11405,1,sitting,539.93
0.1,alpha0p1,101,0,subject101_client0,11406,1,sitting,541.21
0.1,alpha0p1,101,2,subject101_client2,11407,2,standing,544.33
0.1,alpha0p1,101,2,subject101_client2,11408,2,standing,545.61
0.1,alpha0p1,101,2,subject101_client2,11409,2,standing,546.89
0.1,alpha0p1,101,2,subject101_client2,11410,2,standing,548.17
0.1,alpha0p1,101,2,subject101_client2,11411,2,standing,549.45
0.1,alpha0p1,101,2,subject101_client2,11412,2,standing,550.73
0.1,alpha0p1,101,2,subject101_client2,11413,2,standing,552.01
0.1,alpha0p1,101,2,subject101_client2,11414,2,standing,553.29
0.1,alpha0p1,101,2,subject101_client2,11415,2,standing,554.57
0.1,alpha0p1,101,2,subject101_client2,11416,2,standing,555.85
0.1,alpha0p1,101,2,subject101_client2,11417,2,standing,557.13
0.1,alpha0p1,101,2,subject101_client2,11418,2,standing,558.41
0.1,alpha0p1,101,2,subject101_client2,11419,2,standing,559.69
0.1,alpha0p1,101,2,subject101_client2,11420,2,standing,560.97
0.1,alpha0p1,101,2,subject101_client2,11421,2,standing,562.25
0.1,alpha0p1,101,2,subject101_client2,11422,2,standing,563.53
0.1,alpha0p1,101,2,subject101_client2,11423,2,standing,564.81
0.1,alpha0p1,101,2,subject101_client2,11424,2,standing,566.09
0.1,alpha0p1,101,2,subject101_client2,11425,2,standing,567.37
0.1,alpha0p1,101,2,subject101_client2,11426,2,standing,568.65
0.1,alpha0p1,101,2,subject101_client2,11427,2,standing,569.93
0.1,alpha0p1,101,2,subject101_client2,11428,2,standing,571.21
0.1,alpha0p1,101,2,subject101_client2,11429,2,standing,572.49
0.1,alpha0p1,101,2,subject101_client2,11430,2,standing,573.77
0.1,alpha0p1,101,2,subject101_client2,11431,2,standing,575.05
0.1,alpha0p1,101,2,subject101_client2,11432,2,standing,576.33
0.1,alpha0p1,101,2,subject101_client2,11433,2,standing,577.61
0.1,alpha0p1,101,2,subject101_client2,11434,2,standing,578.89
0.1,alpha0p1,101,2,subject101_client2,11435,2,standing,580.17
0.1,alpha0p1,101,2,subject101_client2,11436,2,standing,581.45
0.1,alpha0p1,101,2,subject101_client2,11437,2,standing,582.73
0.1,alpha0p1,101,2,subject101_client2,11438,2,standing,584.01
0.1,alpha0p1,101,2,subject101_client2,11439,2,standing,585.29
0.1,alpha0p1,101,2,subject101_client2,11440,2,standing,586.57
0.1,alpha0p1,101,2,subject101_client2,11441,2,standing,587.85
0.1,alpha0p1,101,2,subject101_client2,11442,2,standing,589.13
0.1,alpha0p1,101,2,subject101_client2,11443,2,standing,590.41
0.1,alpha0p1,101,2,subject101_client2,11444,2,standing,591.69
0.1,alpha0p1,101,2,subject101_client2,11445,2,standing,592.97
0.1,alpha0p1,101,2,subject101_client2,11446,2,standing,594.25
0.1,alpha0p1,101,2,subject101_client2,11447,2,standing,595.53
0.1,alpha0p1,101,2,subject101_client2,11448,2,standing,596.81
0.1,alpha0p1,101,2,subject101_client2,11449,2,standing,598.09
0.1,alpha0p1,101,2,subject101_client2,11450,2,standing,599.37
0.1,alpha0p1,101,2,subject101_client2,11451,2,standing,600.65
0.1,alpha0p1,101,2,subject101_client2,11452,2,standing,601.93
0.1,alpha0p1,101,2,subject101_client2,11453,2,standing,603.21
0.1,alpha0p1,101,2,subject101_client2,11454,2,standing,604.49
0.1,alpha0p1,101,2,subject101_client2,11455,2,standing,605.77
0.1,alpha0p1,101,2,subject101_client2,11456,2,standing,607.05
0.1,alpha0p1,101,2,subject101_client2,11457,2,standing,608.33
0.1,alpha0p1,101,2,subject101_client2,11458,2,standing,609.61
0.1,alpha0p1,101,2,subject101_client2,11459,2,standing,610.89
0.1,alpha0p1,101,2,subject101_client2,11460,2,standing,612.17
0.1,alpha0p1,101,2,subject101_client2,11461,2,standing,613.45
0.1,alpha0p1,101,2,subject101_client2,11462,2,standing,614.73
0.1,alpha0p1,101,2,subject101_client2,11463,2,standing,616.01
0.1,alpha0p1,101,2,subject101_client2,11464,2,standing,617.29
0.1,alpha0p1,101,2,subject101_client2,11465,2,standing,618.57
0.1,alpha0p1,101,2,subject101_client2,11466,2,standing,619.85
0.1,alpha0p1,101,2,subject101_client2,11467,2,standing,621.13
0.1,alpha0p1,101,2,subject101_client2,11468,2,standing,622.41
0.1,alpha0p1,101,2,subject101_client2,11469,2,standing,623.69
0.1,alpha0p1,101,2,subject101_client2,11470,2,standing,624.97
0.1,alpha0p1,101,2,subject101_client2,11471,2,standing,626.25
0.1,alpha0p1,101,2,subject101_client2,11472,2,standing,627.53
0.1,alpha0p1,101,2,subject101_client2,11473,2,standing,628.81
0.1,alpha0p1,101,2,subject101_client2,11474,2,standing,630.09
0.1,alpha0p1,101,2,subject101_client2,11475,2,standing,631.37
0.1,alpha0p1,101,2,subject101_client2,11476,2,standing,632.65
0.1,alpha0p1,101,2,subject101_client2,11477,2,standing,633.93
0.1,alpha0p1,101,2,subject101_client2,11478,2,standing,635.21
0.1,alpha0p1,101,2,subject101_client2,11479,2,standing,636.49
0.1,alpha0p1,101,2,subject101_client2,11480,2,standing,637.77
0.1,alpha0p1,101,2,subject101_client2,11481,2,standing,639.05
0.1,alpha0p1,101,2,subject101_client2,11482,2,standing,640.33
0.1,alpha0p1,101,2,subject101_client2,11483,2,standing,641.61
0.1,alpha0p1,101,2,subject101_client2,11484,2,standing,642.89
0.1,alpha0p1,101,2,subject101_client2,11485,2,standing,644.17
0.1,alpha0p1,101,2,subject101_client2,11486,2,standing,645.45
0.1,alpha0p1,101,2,subject101_client2,11487,2,standing,646.73
0.1,alpha0p1,101,2,subject101_client2,11488,2,standing,648.01
0.1,alpha0p1,101,2,subject101_client2,11489,2,standing,649.29
0.1,alpha0p1,101,2,subject101_client2,11490,2,standing,650.57
0.1,alpha0p1,101,2,subject101_client2,11491,2,standing,651.85
0.1,alpha0p1,101,2,subject101_client2,11492,2,standing,653.13
0.1,alpha0p1,101,2,subject101_client2,11493,2,standing,654.41
0.1,alpha0p1,101,2,subject101_client2,11494,2,standing,655.69
0.1,alpha0p1,101,2,subject101_client2,11495,2,standing,656.97
0.1,alpha0p1,101,2,subject101_client2,11496,2,standing,658.25
0.1,alpha0p1,101,2,subject101_client2,11497,2,standing,659.53
0.1,alpha0p1,101,2,subject101_client2,11498,2,standing,660.81
0.1,alpha0p1,101,2,subject101_client2,11499,2,standing,662.09
0.1,alpha0p1,101,2,subject101_client2,11500,2,standing,663.37
0.1,alpha0p1,101,2,subject101_client2,11501,2,standing,664.65
0.1,alpha0p1,101,2,subject101_client2,11502,2,standing,665.93
0.1,alpha0p1,101,2,subject101_client2,11503,2,standing,667.21
0.1,alpha0p1,101,2,subject101_client2,11504,2,standing,668.49
0.1,alpha0p1,101,2,subject101_client2,11505,2,standing,669.77
0.1,alpha0p1,101,2,subject101_client2,11506,2,standing,671.05
0.1,alpha0p1,101,2,subject101_client2,11507,2,standing,672.33
0.1,alpha0p1,101,2,subject101_client2,11508,2,standing,673.61
0.1,alpha0p1,101,2,subject101_client2,11509,2,standing,674.89
0.1,alpha0p1,101,2,subject101_client2,11510,2,standing,676.17
0.1,alpha0p1,101,2,subject101_client2,11511,2,standing,677.45
0.1,alpha0p1,101,2,subject101_client2,11512,2,standing,678.73
0.1,alpha0p1,101,2,subject101_client2,11513,2,standing,680.01
0.1,alpha0p1,101,2,subject101_client2,11514,2,standing,681.29
0.1,alpha0p1,101,2,subject101_client2,11515,2,standing,682.57
0.1,alpha0p1,101,2,subject101_client2,11516,2,standing,683.85
0.1,alpha0p1,101,2,subject101_client2,11517,2,standing,685.13
0.1,alpha0p1,101,2,subject101_client2,11518,2,standing,686.41
0.1,alpha0p1,101,2,subject101_client2,11519,2,standing,687.69
0.1,alpha0p1,101,2,subject101_client2,11520,2,standing,688.97
0.1,alpha0p1,101,2,subject101_client2,11521,2,standing,690.25
0.1,alpha0p1,101,2,subject101_client2,11522,2,standing,691.53
0.1,alpha0p1,101,2,subject101_client2,11523,2,standing,692.81
0.1,alpha0p1,101,2,subject101_client2,11524,2,standing,694.09
0.1,alpha0p1,101,2,subject101_client2,11525,2,standing,695.37
0.1,alpha0p1,101,2,subject101_client2,11526,2,standing,696.65
0.1,alpha0p1,101,2,subject101_client2,11527,2,standing,697.93
0.1,alpha0p1,101,2,subject101_client2,11528,2,standing,699.21
0.1,alpha0p1,101,2,subject101_client2,11529,2,standing,700.49
0.1,alpha0p1,101,2,subject101_client2,11530,2,standing,701.77
0.1,alpha0p1,101,2,subject101_client2,11531,2,standing,703.05
0.1,alpha0p1,101,2,subject101_client2,11532,2,standing,704.33
0.1,alpha0p1,101,2,subject101_client2,11533,2,standing,705.61
0.1,alpha0p1,101,2,subject101_client2,11534,2,standing,706.89
0.1,alpha0p1,101,2,subject101_client2,11535,2,standing,708.17
0.1,alpha0p1,101,2,subject101_client2,11536,2,standing,709.45
0.1,alpha0p1,101,2,subject101_client2,11537,2,standing,710.73
0.1,alpha0p1,101,2,subject101_client2,11538,2,standing,712.01
0.1,alpha0p1,101,2,subject101_client2,11539,2,standing,713.29
0.1,alpha0p1,101,2,subject101_client2,11540,2,standing,714.57
0.1,alpha0p1,101,2,subject101_client2,11541,2,standing,715.85
0.1,alpha0p1,101,2,subject101_client2,11542,2,standing,717.13
0.1,alpha0p1,101,2,subject101_client2,11543,2,standing,718.41
0.1,alpha0p1,101,2,subject101_client2,11544,2,standing,719.69
0.1,alpha0p1,101,2,subject101_client2,11545,2,standing,720.97
0.1,alpha0p1,101,2,subject101_client2,11546,2,standing,722.25
0.1,alpha0p1,101,2,subject101_client2,11547,2,standing,723.53
0.1,alpha0p1,101,2,subject101_client2,11548,2,standing,724.81
0.1,alpha0p1,101,2,subject101_client2,11549,2,standing,726.09
0.1,alpha0p1,101,2,subject101_client2,11550,2,standing,727.37
0.1,alpha0p1,101,2,subject101_client2,11551,2,standing,728.65
0.1,alpha0p1,101,2,subject101_client2,11552,2,standing,729.93
0.1,alpha0p1,101,2,subject101_client2,11553,2,standing,731.21
0.1,alpha0p1,101,2,subject101_client2,11554,2,standing,732.49
0.1,alpha0p1,101,2,subject101_client2,11555,2,standing,733.77
0.1,alpha0p1,101,2,subject101_client2,11556,2,standing,735.05
0.1,alpha0p1,101,2,subject101_client2,11557,2,standing,736.33
0.1,alpha0p1,101,2,subject101_client2,11558,2,standing,737.61
0.1,alpha0p1,101,2,subject101_client2,11559,2,standing,738.89
0.1,alpha0p1,101,2,subject101_client2,11560,2,standing,740.17
0.1,alpha0p1,101,2,subject101_client2,11561,2,standing,741.45
0.1,alpha0p1,101,2,subject101_client2,11562,2,standing,742.73
0.1,alpha0p1,101,2,subject101_client2,11563,2,standing,744.01
0.1,alpha0p1,101,2,subject101_client2,11564,2,standing,745.29
0.1,alpha0p1,101,2,subject101_client2,11565,2,standing,746.57
0.1,alpha0p1,101,2,subject101_client2,11566,2,standing,747.85
0.1,alpha0p1,101,2,subject101_client2,11567,2,standing,749.13
0.1,alpha0p1,101,2,subject101_client2,11568,2,standing,750.41
0.1,alpha0p1,101,2,subject101_client2,11569,2,standing,751.69
0.1,alpha0p1,101,2,subject101_client2,11570,2,standing,752.97
0.1,alpha0p1,101,2,subject101_client2,11571,2,standing,754.25
0.1,alpha0p1,101,2,subject101_client2,11572,2,standing,755.53
0.1,alpha0p1,101,2,subject101_client2,11573,2,standing,756.81
0.1,alpha0p1,101,2,subject101_client2,11574,2,standing,758.09
0.1,alpha0p1,101,1,subject101_client1,11575,10,ironing,858.05
0.1,alpha0p1,101,1,subject101_client1,11576,10,ironing,859.33
0.1,alpha0p1,101,1,subject101_client1,11577,10,ironing,860.61
0.1,alpha0p1,101,0,subject101_client0,11579,10,ironing,863.17
0.1,alpha0p1,101,0,subject101_client0,11580,10,ironing,864.45
0.1,alpha0p1,101,0,subject101_client0,11581,10,ironing,865.73
0.1,alpha0p1,101,0,subject101_client0,11582,10,ironing,867.01
0.1,alpha0p1,101,2,subject101_client2,11584,10,ironing,869.57
0.1,alpha0p1,101,2,subject101_client2,11585,10,ironing,870.85
0.1,alpha0p1,101,2,subject101_client2,11586,10,ironing,872.13
0.1,alpha0p1,101,2,subject101_client2,11587,10,ironing,873.41
0.1,alpha0p1,101,2,subject101_client2,11588,10,ironing,874.69
0.1,alpha0p1,101,2,subject101_client2,11589,10,ironing,875.97
0.1,alpha0p1,101,2,subject101_client2,11590,10,ironing,877.25
0.1,alpha0p1,101,2,subject101_client2,11591,10,ironing,878.53
0.1,alpha0p1,101,2,subject101_client2,11592,10,ironing,879.81
0.1,alpha0p1,101,2,subject101_client2,11593,10,ironing,881.09
0.1,alpha0p1,101,2,subject101_client2,11594,10,ironing,882.37
0.1,alpha0p1,101,2,subject101_client2,11595,10,ironing,883.65
0.1,alpha0p1,101,2,subject101_client2,11596,10,ironing,884.93
0.1,alpha0p1,101,2,subject101_client2,11597,10,ironing,886.21
0.1,alpha0p1,101,2,subject101_client2,11598,10,ironing,887.49
0.1,alpha0p1,101,2,subject101_client2,11599,10,ironing,888.77
0.1,alpha0p1,101,2,subject101_client2,11600,10,ironing,890.05
0.1,alpha0p1,101,2,subject101_client2,11601,10,ironing,891.33
0.1,alpha0p1,101,2,subject101_client2,11602,10,ironing,892.61
0.1,alpha0p1,101,2,subject101_client2,11603,10,ironing,893.89
0.1,alpha0p1,101,2,subject101_client2,11604,10,ironing,895.17
0.1,alpha0p1,101,2,subject101_client2,11605,10,ironing,896.45
0.1,alpha0p1,101,2,subject101_client2,11606,10,ironing,897.73
0.1,alpha0p1,101,2,subject101_client2,11607,10,ironing,899.01
0.1,alpha0p1,101,2,subject101_client2,11608,10,ironing,900.29
0.1,alpha0p1,101,2,subject101_client2,11609,10,ironing,901.57
0.1,alpha0p1,101,2,subject101_client2,11610,10,ironing,902.85
0.1,alpha0p1,101,2,subject101_client2,11611,10,ironing,904.13
0.1,alpha0p1,101,2,subject101_client2,11612,10,ironing,905.41
0.1,alpha0p1,101,2,subject101_client2,11613,10,ironing,906.69
0.1,alpha0p1,101,2,subject101_client2,11614,10,ironing,907.97
0.1,alpha0p1,101,2,subject101_client2,11615,10,ironing,909.25
0.1,alpha0p1,101,2,subject101_client2,11616,10,ironing,910.53
0.1,alpha0p1,101,2,subject101_client2,11617,10,ironing,911.81
0.1,alpha0p1,101,2,subject101_client2,11618,10,ironing,913.09
0.1,alpha0p1,101,2,subject101_client2,11619,10,ironing,914.37
0.1,alpha0p1,101,2,subject101_client2,11620,10,ironing,915.65
0.1,alpha0p1,101,2,subject101_client2,11621,10,ironing,916.93
0.1,alpha0p1,101,2,subject101_client2,11622,10,ironing,918.21
0.1,alpha0p1,101,2,subject101_client2,11623,10,ironing,919.49
0.1,alpha0p1,101,2,subject101_client2,11624,10,ironing,920.77
0.1,alpha0p1,101,2,subject101_client2,11625,10,ironing,922.05
0.1,alpha0p1,101,2,subject101_client2,11626,10,ironing,923.33
0.1,alpha0p1,101,2,subject101_client2,11627,10,ironing,924.61
0.1,alpha0p1,101,2,subject101_client2,11628,10,ironing,925.89
0.1,alpha0p1,101,2,subject101_client2,11629,10,ironing,927.17
0.1,alpha0p1,101,2,subject101_client2,11630,10,ironing,928.45
0.1,alpha0p1,101,2,subject101_client2,11631,10,ironing,929.73
0.1,alpha0p1,101,2,subject101_client2,11632,10,ironing,931.01
0.1,alpha0p1,101,2,subject101_client2,11633,10,ironing,932.29
0.1,alpha0p1,101,2,subject101_client2,11634,10,ironing,933.57
0.1,alpha0p1,101,2,subject101_client2,11635,10,ironing,934.85
0.1,alpha0p1,101,2,subject101_client2,11636,10,ironing,936.13
0.1,alpha0p1,101,2,subject101_client2,11637,10,ironing,937.41
0.1,alpha0p1,101,2,subject101_client2,11638,10,ironing,938.69
0.1,alpha0p1,101,2,subject101_client2,11639,10,ironing,939.97
0.1,alpha0p1,101,2,subject101_client2,11640,10,ironing,941.25
0.1,alpha0p1,101,2,subject101_client2,11641,10,ironing,942.53
0.1,alpha0p1,101,2,subject101_client2,11642,10,ironing,943.81
0.1,alpha0p1,101,2,subject101_client2,11643,10,ironing,945.09
0.1,alpha0p1,101,2,subject101_client2,11644,10,ironing,946.37
0.1,alpha0p1,101,2,subject101_client2,11645,10,ironing,947.65
0.1,alpha0p1,101,2,subject101_client2,11646,10,ironing,948.93
0.1,alpha0p1,101,2,subject101_client2,11647,10,ironing,950.21
0.1,alpha0p1,101,2,subject101_client2,11648,10,ironing,951.49
0.1,alpha0p1,101,2,subject101_client2,11649,10,ironing,952.77
0.1,alpha0p1,101,2,subject101_client2,11650,10,ironing,954.05
0.1,alpha0p1,101,2,subject101_client2,11651,10,ironing,955.33
0.1,alpha0p1,101,2,subject101_client2,11652,10,ironing,956.61
0.1,alpha0p1,101,2,subject101_client2,11653,10,ironing,957.89
0.1,alpha0p1,101,2,subject101_client2,11654,10,ironing,959.17
0.1,alpha0p1,101,2,subject101_client2,11655,10,ironing,960.45
0.1,alpha0p1,101,2,subject101_client2,11656,10,ironing,961.73
0.1,alpha0p1,101,2,subject101_client2,11657,10,ironing,963.01
0.1,alpha0p1,101,2,subject101_client2,11658,10,ironing,964.29
0.1,alpha0p1,101,2,subject101_client2,11659,10,ironing,965.57
0.1,alpha0p1,101,2,subject101_client2,11660,10,ironing,966.85
0.1,alpha0p1,101,2,subject101_client2,11661,10,ironing,968.13
0.1,alpha0p1,101,2,subject101_client2,11662,10,ironing,969.41
0.1,alpha0p1,101,2,subject101_client2,11663,10,ironing,970.69
0.1,alpha0p1,101,2,subject101_client2,11664,10,ironing,971.97
0.1,alpha0p1,101,2,subject101_client2,11665,10,ironing,973.25
0.1,alpha0p1,101,2,subject101_client2,11666,10,ironing,974.53
0.1,alpha0p1,101,2,subject101_client2,11667,10,ironing,975.81
0.1,alpha0p1,101,2,subject101_client2,11668,10,ironing,977.09
0.1,alpha0p1,101,2,subject101_client2,11669,10,ironing,978.37
0.1,alpha0p1,101,2,subject101_client2,11670,10,ironing,979.65
0.1,alpha0p1,101,2,subject101_client2,11671,10,ironing,980.93
0.1,alpha0p1,101,2,subject101_client2,11672,10,ironing,982.21
0.1,alpha0p1,101,2,subject101_client2,11673,10,ironing,983.49
0.1,alpha0p1,101,2,subject101_client2,11674,10,ironing,984.77
0.1,alpha0p1,101,2,subject101_client2,11675,10,ironing,986.05
0.1,alpha0p1,101,2,subject101_client2,11676,10,ironing,987.33
0.1,alpha0p1,101,2,subject101_client2,11677,10,ironing,988.61
0.1,alpha0p1,101,2,subject101_client2,11678,10,ironing,989.89
0.1,alpha0p1,101,2,subject101_client2,11679,10,ironing,991.17
0.1,alpha0p1,101,2,subject101_client2,11680,10,ironing,992.45
0.1,alpha0p1,101,2,subject101_client2,11681,10,ironing,993.73
0.1,alpha0p1,101,2,subject101_client2,11682,10,ironing,995.01
0.1,alpha0p1,101,2,subject101_client2,11683,10,ironing,996.29
0.1,alpha0p1,101,2,subject101_client2,11684,10,ironing,997.57
0.1,alpha0p1,101,2,subject101_client2,11685,10,ironing,998.85
0.1,alpha0p1,101,2,subject101_client2,11686,10,ironing,1000.13
0.1,alpha0p1,101,2,subject101_client2,11687,10,ironing,1001.41
0.1,alpha0p1,101,2,subject101_client2,11688,10,ironing,1002.69
0.1,alpha0p1,101,2,subject101_client2,11689,10,ironing,1003.97
0.1,alpha0p1,101,2,subject101_client2,11690,10,ironing,1005.25
0.1,alpha0p1,101,2,subject101_client2,11691,10,ironing,1006.53
0.1,alpha0p1,101,2,subject101_client2,11692,10,ironing,1007.81
0.1,alpha0p1,101,2,subject101_client2,11693,10,ironing,1009.09
0.1,alpha0p1,101,2,subject101_client2,11694,10,ironing,1010.37
0.1,alpha0p1,101,2,subject101_client2,11695,10,ironing,1011.65
0.1,alpha0p1,101,2,subject101_client2,11696,10,ironing,1012.93
0.1,alpha0p1,101,2,subject101_client2,11697,10,ironing,1014.21
0.1,alpha0p1,101,2,subject101_client2,11698,10,ironing,1015.49
0.1,alpha0p1,101,2,subject101_client2,11699,10,ironing,1016.77
0.1,alpha0p1,101,2,subject101_client2,11700,10,ironing,1018.05
0.1,alpha0p1,101,2,subject101_client2,11701,10,ironing,1019.33
0.1,alpha0p1,101,2,subject101_client2,11702,10,ironing,1020.61
0.1,alpha0p1,101,2,subject101_client2,11703,10,ironing,1021.89
0.1,alpha0p1,101,2,subject101_client2,11704,10,ironing,1023.17
0.1,alpha0p1,101,2,subject101_client2,11705,10,ironing,1024.45
0.1,alpha0p1,101,2,subject101_client2,11706,10,ironing,1025.73
0.1,alpha0p1,101,2,subject101_client2,11707,10,ironing,1027.01
0.1,alpha0p1,101,2,subject101_client2,11708,10,ironing,1028.29
0.1,alpha0p1,101,2,subject101_client2,11709,10,ironing,1029.57
0.1,alpha0p1,101,2,subject101_client2,11710,10,ironing,1030.85
0.1,alpha0p1,101,2,subject101_client2,11711,10,ironing,1032.13
0.1,alpha0p1,101,2,subject101_client2,11712,10,ironing,1033.41
0.1,alpha0p1,101,2,subject101_client2,11713,10,ironing,1034.69
0.1,alpha0p1,101,2,subject101_client2,11714,10,ironing,1035.97
0.1,alpha0p1,101,2,subject101_client2,11715,10,ironing,1037.25
0.1,alpha0p1,101,2,subject101_client2,11716,10,ironing,1038.53
0.1,alpha0p1,101,2,subject101_client2,11717,10,ironing,1039.81
0.1,alpha0p1,101,2,subject101_client2,11718,10,ironing,1041.09
0.1,alpha0p1,101,2,subject101_client2,11719,10,ironing,1042.37
0.1,alpha0p1,101,2,subject101_client2,11720,10,ironing,1043.65
0.1,alpha0p1,101,2,subject101_client2,11721,10,ironing,1044.93
0.1,alpha0p1,101,2,subject101_client2,11722,10,ironing,1046.21
0.1,alpha0p1,101,2,subject101_client2,11723,10,ironing,1047.49
0.1,alpha0p1,101,2,subject101_client2,11724,10,ironing,1048.77
0.1,alpha0p1,101,2,subject101_client2,11725,10,ironing,1050.05
0.1,alpha0p1,101,2,subject101_client2,11726,10,ironing,1051.33
0.1,alpha0p1,101,2,subject101_client2,11727,10,ironing,1052.61
0.1,alpha0p1,101,2,subject101_client2,11728,10,ironing,1053.89
0.1,alpha0p1,101,2,subject101_client2,11729,10,ironing,1055.17
0.1,alpha0p1,101,2,subject101_client2,11730,10,ironing,1056.45
0.1,alpha0p1,101,2,subject101_client2,11731,10,ironing,1057.73
0.1,alpha0p1,101,2,subject101_client2,11732,10,ironing,1059.01
0.1,alpha0p1,101,2,subject101_client2,11733,10,ironing,1060.29
0.1,alpha0p1,101,2,subject101_client2,11734,10,ironing,1061.57
0.1,alpha0p1,101,2,subject101_client2,11735,10,ironing,1062.85
0.1,alpha0p1,101,2,subject101_client2,11736,10,ironing,1064.13
0.1,alpha0p1,101,2,subject101_client2,11737,10,ironing,1065.41
0.1,alpha0p1,101,2,subject101_client2,11738,10,ironing,1066.69
0.1,alpha0p1,101,3,subject101_client3,11740,10,ironing,1069.25
0.1,alpha0p1,101,3,subject101_client3,11741,10,ironing,1070.53
0.1,alpha0p1,101,3,subject101_client3,11742,10,ironing,1071.81
0.1,alpha0p1,101,3,subject101_client3,11743,10,ironing,1073.09
0.1,alpha0p1,101,3,subject101_client3,11744,10,ironing,1074.37
0.1,alpha0p1,101,3,subject101_client3,11745,10,ironing,1075.65
0.1,alpha0p1,101,3,subject101_client3,11746,10,ironing,1076.93
0.1,alpha0p1,101,3,subject101_client3,11747,10,ironing,1078.21
0.1,alpha0p1,101,3,subject101_client3,11748,10,ironing,1079.49
0.1,alpha0p1,101,3,subject101_client3,11749,10,ironing,1080.77
0.1,alpha0p1,101,3,subject101_client3,11750,10,ironing,1082.05
0.1,alpha0p1,101,3,subject101_client3,11751,10,ironing,1083.33
0.1,alpha0p1,101,3,subject101_client3,11752,10,ironing,1084.61
0.1,alpha0p1,101,3,subject101_client3,11753,10,ironing,1085.89
0.1,alpha0p1,101,3,subject101_client3,11754,10,ironing,1087.17
0.1,alpha0p1,101,3,subject101_client3,11755,10,ironing,1088.45
0.1,alpha0p1,101,3,subject101_client3,11756,10,ironing,1089.73
0.1,alpha0p1,101,3,subject101_client3,11757,10,ironing,1091.01
0.1,alpha0p1,101,0,subject101_client0,11758,9,vacuum cleaning,1195.98
0.1,alpha0p1,101,0,subject101_client0,11759,9,vacuum cleaning,1197.26
0.1,alpha0p1,101,0,subject101_client0,11760,9,vacuum cleaning,1198.54
0.1,alpha0p1,101,0,subject101_client0,11761,9,vacuum cleaning,1199.82
0.1,alpha0p1,101,0,subject101_client0,11762,9,vacuum cleaning,1201.1
0.1,alpha0p1,101,0,subject101_client0,11763,9,vacuum cleaning,1202.38
0.1,alpha0p1,101,0,subject101_client0,11764,9,vacuum cleaning,1203.66
0.1,alpha0p1,101,0,subject101_client0,11765,9,vacuum cleaning,1204.94
0.1,alpha0p1,101,0,subject101_client0,11766,9,vacuum cleaning,1206.22
0.1,alpha0p1,101,2,subject101_client2,11768,9,vacuum cleaning,1208.78
0.1,alpha0p1,101,2,subject101_client2,11769,9,vacuum cleaning,1210.06
0.1,alpha0p1,101,2,subject101_client2,11770,9,vacuum cleaning,1211.34
0.1,alpha0p1,101,2,subject101_client2,11771,9,vacuum cleaning,1212.62
0.1,alpha0p1,101,2,subject101_client2,11772,9,vacuum cleaning,1213.9
0.1,alpha0p1,101,2,subject101_client2,11773,9,vacuum cleaning,1215.18
0.1,alpha0p1,101,2,subject101_client2,11774,9,vacuum cleaning,1216.46
0.1,alpha0p1,101,2,subject101_client2,11775,9,vacuum cleaning,1217.74
0.1,alpha0p1,101,2,subject101_client2,11776,9,vacuum cleaning,1219.02
0.1,alpha0p1,101,2,subject101_client2,11777,9,vacuum cleaning,1220.3
0.1,alpha0p1,101,2,subject101_client2,11778,9,vacuum cleaning,1221.58
0.1,alpha0p1,101,2,subject101_client2,11779,9,vacuum cleaning,1222.86
0.1,alpha0p1,101,2,subject101_client2,11780,9,vacuum cleaning,1224.14
0.1,alpha0p1,101,2,subject101_client2,11781,9,vacuum cleaning,1225.42
0.1,alpha0p1,101,2,subject101_client2,11782,9,vacuum cleaning,1226.7
0.1,alpha0p1,101,2,subject101_client2,11783,9,vacuum cleaning,1227.98
0.1,alpha0p1,101,2,subject101_client2,11784,9,vacuum cleaning,1229.26
0.1,alpha0p1,101,2,subject101_client2,11785,9,vacuum cleaning,1230.54
0.1,alpha0p1,101,2,subject101_client2,11786,9,vacuum cleaning,1231.82
0.1,alpha0p1,101,2,subject101_client2,11787,9,vacuum cleaning,1233.1
0.1,alpha0p1,101,2,subject101_client2,11788,9,vacuum cleaning,1234.38
0.1,alpha0p1,101,2,subject101_client2,11789,9,vacuum cleaning,1235.66
0.1,alpha0p1,101,2,subject101_client2,11790,9,vacuum cleaning,1236.94
0.1,alpha0p1,101,2,subject101_client2,11791,9,vacuum cleaning,1238.22
0.1,alpha0p1,101,2,subject101_client2,11792,9,vacuum cleaning,1239.5
0.1,alpha0p1,101,2,subject101_client2,11793,9,vacuum cleaning,1240.78
0.1,alpha0p1,101,2,subject101_client2,11794,9,vacuum cleaning,1242.06
0.1,alpha0p1,101,2,subject101_client2,11795,9,vacuum cleaning,1243.34
0.1,alpha0p1,101,2,subject101_client2,11796,9,vacuum cleaning,1244.62
0.1,alpha0p1,101,2,subject101_client2,11797,9,vacuum cleaning,1245.9
0.1,alpha0p1,101,2,subject101_client2,11798,9,vacuum cleaning,1247.18
0.1,alpha0p1,101,2,subject101_client2,11799,9,vacuum cleaning,1248.46
0.1,alpha0p1,101,2,subject101_client2,11800,9,vacuum cleaning,1249.74
0.1,alpha0p1,101,2,subject101_client2,11801,9,vacuum cleaning,1251.02
0.1,alpha0p1,101,2,subject101_client2,11802,9,vacuum cleaning,1252.3
0.1,alpha0p1,101,2,subject101_client2,11803,9,vacuum cleaning,1253.58
0.1,alpha0p1,101,2,subject101_client2,11804,9,vacuum cleaning,1254.86
0.1,alpha0p1,101,2,subject101_client2,11805,9,vacuum cleaning,1256.14
0.1,alpha0p1,101,2,subject101_client2,11806,9,vacuum cleaning,1257.42
0.1,alpha0p1,101,2,subject101_client2,11807,9,vacuum cleaning,1258.7
0.1,alpha0p1,101,2,subject101_client2,11808,9,vacuum cleaning,1259.98
0.1,alpha0p1,101,2,subject101_client2,11809,9,vacuum cleaning,1261.26
0.1,alpha0p1,101,2,subject101_client2,11810,9,vacuum cleaning,1262.54
0.1,alpha0p1,101,2,subject101_client2,11811,9,vacuum cleaning,1263.82
0.1,alpha0p1,101,2,subject101_client2,11812,9,vacuum cleaning,1265.1
0.1,alpha0p1,101,2,subject101_client2,11813,9,vacuum cleaning,1266.38
0.1,alpha0p1,101,2,subject101_client2,11814,9,vacuum cleaning,1267.66
0.1,alpha0p1,101,2,subject101_client2,11815,9,vacuum cleaning,1268.94
0.1,alpha0p1,101,1,subject101_client1,11817,9,vacuum cleaning,1271.5
0.1,alpha0p1,101,1,subject101_client1,11818,9,vacuum cleaning,1272.78
0.1,alpha0p1,101,1,subject101_client1,11819,9,vacuum cleaning,1274.06
0.1,alpha0p1,101,1,subject101_client1,11820,9,vacuum cleaning,1275.34
0.1,alpha0p1,101,1,subject101_client1,11821,9,vacuum cleaning,1276.62
0.1,alpha0p1,101,1,subject101_client1,11822,9,vacuum cleaning,1277.9
0.1,alpha0p1,101,1,subject101_client1,11823,9,vacuum cleaning,1279.18
0.1,alpha0p1,101,1,subject101_client1,11824,9,vacuum cleaning,1280.46
0.1,alpha0p1,101,1,subject101_client1,11825,9,vacuum cleaning,1281.74
0.1,alpha0p1,101,1,subject101_client1,11826,9,vacuum cleaning,1283.02
0.1,alpha0p1,101,1,subject101_client1,11827,9,vacuum cleaning,1284.3
0.1,alpha0p1,101,1,subject101_client1,11828,9,vacuum cleaning,1285.58
0.1,alpha0p1,101,1,subject101_client1,11829,9,vacuum cleaning,1286.86
0.1,alpha0p1,101,1,subject101_client1,11830,9,vacuum cleaning,1288.14
0.1,alpha0p1,101,1,subject101_client1,11831,9,vacuum cleaning,1289.42
0.1,alpha0p1,101,1,subject101_client1,11832,9,vacuum cleaning,1290.7
0.1,alpha0p1,101,1,subject101_client1,11833,9,vacuum cleaning,1291.98
0.1,alpha0p1,101,1,subject101_client1,11834,9,vacuum cleaning,1293.26
0.1,alpha0p1,101,1,subject101_client1,11835,9,vacuum cleaning,1294.54
0.1,alpha0p1,101,1,subject101_client1,11836,9,vacuum cleaning,1295.82
0.1,alpha0p1,101,1,subject101_client1,11837,9,vacuum cleaning,1297.1
0.1,alpha0p1,101,1,subject101_client1,11838,9,vacuum cleaning,1298.38
0.1,alpha0p1,101,1,subject101_client1,11839,9,vacuum cleaning,1299.66
0.1,alpha0p1,101,1,subject101_client1,11840,9,vacuum cleaning,1300.94
0.1,alpha0p1,101,1,subject101_client1,11841,9,vacuum cleaning,1302.22
0.1,alpha0p1,101,1,subject101_client1,11842,9,vacuum cleaning,1303.5
0.1,alpha0p1,101,1,subject101_client1,11843,9,vacuum cleaning,1304.78
0.1,alpha0p1,101,1,subject101_client1,11844,9,vacuum cleaning,1306.06
0.1,alpha0p1,101,1,subject101_client1,11845,9,vacuum cleaning,1307.34
0.1,alpha0p1,101,1,subject101_client1,11846,9,vacuum cleaning,1308.62
0.1,alpha0p1,101,1,subject101_client1,11847,9,vacuum cleaning,1309.9
0.1,alpha0p1,101,1,subject101_client1,11848,9,vacuum cleaning,1311.18
0.1,alpha0p1,101,1,subject101_client1,11849,9,vacuum cleaning,1312.46
0.1,alpha0p1,101,1,subject101_client1,11850,9,vacuum cleaning,1313.74
0.1,alpha0p1,101,1,subject101_client1,11851,9,vacuum cleaning,1315.02
0.1,alpha0p1,101,1,subject101_client1,11852,9,vacuum cleaning,1316.3
0.1,alpha0p1,101,1,subject101_client1,11853,9,vacuum cleaning,1317.58
0.1,alpha0p1,101,1,subject101_client1,11854,9,vacuum cleaning,1318.86
0.1,alpha0p1,101,1,subject101_client1,11855,9,vacuum cleaning,1320.14
0.1,alpha0p1,101,1,subject101_client1,11856,9,vacuum cleaning,1321.42
0.1,alpha0p1,101,1,subject101_client1,11857,9,vacuum cleaning,1322.7
0.1,alpha0p1,101,1,subject101_client1,11858,9,vacuum cleaning,1323.98
0.1,alpha0p1,101,1,subject101_client1,11859,9,vacuum cleaning,1325.26
0.1,alpha0p1,101,1,subject101_client1,11860,9,vacuum cleaning,1326.54
0.1,alpha0p1,101,1,subject101_client1,11861,9,vacuum cleaning,1327.82
0.1,alpha0p1,101,1,subject101_client1,11862,9,vacuum cleaning,1329.1
0.1,alpha0p1,101,1,subject101_client1,11863,9,vacuum cleaning,1330.38
0.1,alpha0p1,101,1,subject101_client1,11864,9,vacuum cleaning,1331.66
0.1,alpha0p1,101,1,subject101_client1,11865,9,vacuum cleaning,1332.94
0.1,alpha0p1,101,1,subject101_client1,11866,9,vacuum cleaning,1334.22
0.1,alpha0p1,101,1,subject101_client1,11867,9,vacuum cleaning,1335.5
0.1,alpha0p1,101,1,subject101_client1,11868,9,vacuum cleaning,1336.78
0.1,alpha0p1,101,1,subject101_client1,11869,9,vacuum cleaning,1338.06
0.1,alpha0p1,101,1,subject101_client1,11870,9,vacuum cleaning,1339.34
0.1,alpha0p1,101,1,subject101_client1,11871,9,vacuum cleaning,1340.62
0.1,alpha0p1,101,1,subject101_client1,11872,9,vacuum cleaning,1341.9
0.1,alpha0p1,101,1,subject101_client1,11873,9,vacuum cleaning,1343.18
0.1,alpha0p1,101,1,subject101_client1,11874,9,vacuum cleaning,1344.46
0.1,alpha0p1,101,1,subject101_client1,11875,9,vacuum cleaning,1345.74
0.1,alpha0p1,101,1,subject101_client1,11876,9,vacuum cleaning,1347.02
0.1,alpha0p1,101,1,subject101_client1,11877,9,vacuum cleaning,1348.3
0.1,alpha0p1,101,1,subject101_client1,11878,9,vacuum cleaning,1349.58
0.1,alpha0p1,101,1,subject101_client1,11879,9,vacuum cleaning,1350.86
0.1,alpha0p1,101,1,subject101_client1,11880,9,vacuum cleaning,1352.14
0.1,alpha0p1,101,1,subject101_client1,11881,9,vacuum cleaning,1353.42
0.1,alpha0p1,101,1,subject101_client1,11882,9,vacuum cleaning,1354.7
0.1,alpha0p1,101,1,subject101_client1,11883,9,vacuum cleaning,1355.98
0.1,alpha0p1,101,1,subject101_client1,11884,9,vacuum cleaning,1357.26
0.1,alpha0p1,101,1,subject101_client1,11885,9,vacuum cleaning,1358.54
0.1,alpha0p1,101,1,subject101_client1,11886,9,vacuum cleaning,1359.82
0.1,alpha0p1,101,1,subject101_client1,11887,9,vacuum cleaning,1361.1
0.1,alpha0p1,101,1,subject101_client1,11888,9,vacuum cleaning,1362.38
0.1,alpha0p1,101,1,subject101_client1,11889,9,vacuum cleaning,1363.66
0.1,alpha0p1,101,1,subject101_client1,11890,9,vacuum cleaning,1364.94
0.1,alpha0p1,101,1,subject101_client1,11891,9,vacuum cleaning,1366.22
0.1,alpha0p1,101,1,subject101_client1,11892,9,vacuum cleaning,1367.5
0.1,alpha0p1,101,1,subject101_client1,11893,9,vacuum cleaning,1368.78
0.1,alpha0p1,101,1,subject101_client1,11894,9,vacuum cleaning,1370.06
0.1,alpha0p1,101,1,subject101_client1,11895,9,vacuum cleaning,1371.34
0.1,alpha0p1,101,1,subject101_client1,11896,9,vacuum cleaning,1372.62
0.1,alpha0p1,101,1,subject101_client1,11897,9,vacuum cleaning,1373.9
0.1,alpha0p1,101,1,subject101_client1,11898,9,vacuum cleaning,1375.18
0.1,alpha0p1,101,1,subject101_client1,11899,9,vacuum cleaning,1376.46
0.1,alpha0p1,101,1,subject101_client1,11900,9,vacuum cleaning,1377.74
0.1,alpha0p1,101,1,subject101_client1,11901,9,vacuum cleaning,1379.02
0.1,alpha0p1,101,1,subject101_client1,11902,9,vacuum cleaning,1380.3
0.1,alpha0p1,101,1,subject101_client1,11903,9,vacuum cleaning,1381.58
0.1,alpha0p1,101,1,subject101_client1,11904,9,vacuum cleaning,1382.86
0.1,alpha0p1,101,1,subject101_client1,11905,9,vacuum cleaning,1384.14
0.1,alpha0p1,101,1,subject101_client1,11906,9,vacuum cleaning,1385.42
0.1,alpha0p1,101,1,subject101_client1,11907,9,vacuum cleaning,1386.7
0.1,alpha0p1,101,1,subject101_client1,11908,9,vacuum cleaning,1387.98
0.1,alpha0p1,101,1,subject101_client1,11909,9,vacuum cleaning,1389.26
0.1,alpha0p1,101,1,subject101_client1,11910,9,vacuum cleaning,1390.54
0.1,alpha0p1,101,1,subject101_client1,11911,9,vacuum cleaning,1391.82
0.1,alpha0p1,101,1,subject101_client1,11912,9,vacuum cleaning,1393.1
0.1,alpha0p1,101,1,subject101_client1,11913,9,vacuum cleaning,1394.38
0.1,alpha0p1,101,1,subject101_client1,11914,9,vacuum cleaning,1395.66
0.1,alpha0p1,101,1,subject101_client1,11915,9,vacuum cleaning,1396.94
0.1,alpha0p1,101,1,subject101_client1,11916,9,vacuum cleaning,1398.22
0.1,alpha0p1,101,1,subject101_client1,11917,9,vacuum cleaning,1399.5
0.1,alpha0p1,101,1,subject101_client1,11918,9,vacuum cleaning,1400.78
0.1,alpha0p1,101,1,subject101_client1,11919,9,vacuum cleaning,1402.06
0.1,alpha0p1,101,1,subject101_client1,11920,9,vacuum cleaning,1403.34
0.1,alpha0p1,101,1,subject101_client1,11921,9,vacuum cleaning,1404.62
0.1,alpha0p1,101,1,subject101_client1,11922,9,vacuum cleaning,1405.9
0.1,alpha0p1,101,1,subject101_client1,11923,9,vacuum cleaning,1407.18
0.1,alpha0p1,101,1,subject101_client1,11924,9,vacuum cleaning,1408.46
0.1,alpha0p1,101,1,subject101_client1,11925,9,vacuum cleaning,1409.74
0.1,alpha0p1,101,1,subject101_client1,11926,9,vacuum cleaning,1411.02
0.1,alpha0p1,101,1,subject101_client1,11927,9,vacuum cleaning,1412.3
0.1,alpha0p1,101,1,subject101_client1,11928,9,vacuum cleaning,1413.58
0.1,alpha0p1,101,1,subject101_client1,11929,9,vacuum cleaning,1414.86
0.1,alpha0p1,101,1,subject101_client1,11930,9,vacuum cleaning,1416.14
0.1,alpha0p1,101,1,subject101_client1,11931,9,vacuum cleaning,1417.42
0.1,alpha0p1,101,1,subject101_client1,11932,9,vacuum cleaning,1418.7
0.1,alpha0p1,101,1,subject101_client1,11933,9,vacuum cleaning,1419.98
0.1,alpha0p1,101,1,subject101_client1,11934,9,vacuum cleaning,1421.26
0.1,alpha0p1,101,1,subject101_client1,11935,9,vacuum cleaning,1422.54
0.1,alpha0p1,101,1,subject101_client1,11936,7,ascending stairs,1551.19
0.1,alpha0p1,101,1,subject101_client1,11937,7,ascending stairs,1552.47
0.1,alpha0p1,101,1,subject101_client1,11938,7,ascending stairs,1553.75
0.1,alpha0p1,101,1,subject101_client1,11939,7,ascending stairs,1555.03
0.1,alpha0p1,101,1,subject101_client1,11940,7,ascending stairs,1556.31
0.1,alpha0p1,101,1,subject101_client1,11941,7,ascending stairs,1557.59
0.1,alpha0p1,101,1,subject101_client1,11942,7,ascending stairs,1558.87
0.1,alpha0p1,101,1,subject101_client1,11943,7,ascending stairs,1560.15
0.1,alpha0p1,101,1,subject101_client1,11944,7,ascending stairs,1561.43
0.1,alpha0p1,101,1,subject101_client1,11945,7,ascending stairs,1562.71
0.1,alpha0p1,101,1,subject101_client1,11946,7,ascending stairs,1563.99
0.1,alpha0p1,101,1,subject101_client1,11947,7,ascending stairs,1565.27
0.1,alpha0p1,101,1,subject101_client1,11948,7,ascending stairs,1566.55
0.1,alpha0p1,101,1,subject101_client1,11949,7,ascending stairs,1567.83
0.1,alpha0p1,101,1,subject101_client1,11950,7,ascending stairs,1569.11
0.1,alpha0p1,101,1,subject101_client1,11951,7,ascending stairs,1570.39
0.1,alpha0p1,101,1,subject101_client1,11952,7,ascending stairs,1571.67
0.1,alpha0p1,101,1,subject101_client1,11953,7,ascending stairs,1572.95
0.1,alpha0p1,101,1,subject101_client1,11954,7,ascending stairs,1574.23
0.1,alpha0p1,101,1,subject101_client1,11955,7,ascending stairs,1575.51
0.1,alpha0p1,101,1,subject101_client1,11956,7,ascending stairs,1576.79
0.1,alpha0p1,101,1,subject101_client1,11957,7,ascending stairs,1578.07
0.1,alpha0p1,101,1,subject101_client1,11958,7,ascending stairs,1579.35
0.1,alpha0p1,101,1,subject101_client1,11959,7,ascending stairs,1580.63
0.1,alpha0p1,101,1,subject101_client1,11960,7,ascending stairs,1581.91
0.1,alpha0p1,101,1,subject101_client1,11961,7,ascending stairs,1583.19
0.1,alpha0p1,101,1,subject101_client1,11962,7,ascending stairs,1584.47
0.1,alpha0p1,101,1,subject101_client1,11963,7,ascending stairs,1585.75
0.1,alpha0p1,101,1,subject101_client1,11964,7,ascending stairs,1587.03
0.1,alpha0p1,101,1,subject101_client1,11965,7,ascending stairs,1588.31
0.1,alpha0p1,101,1,subject101_client1,11966,7,ascending stairs,1589.59
0.1,alpha0p1,101,1,subject101_client1,11967,7,ascending stairs,1590.87
0.1,alpha0p1,101,1,subject101_client1,11968,7,ascending stairs,1592.15
0.1,alpha0p1,101,1,subject101_client1,11969,7,ascending stairs,1593.43
0.1,alpha0p1,101,1,subject101_client1,11970,7,ascending stairs,1594.71
0.1,alpha0p1,101,1,subject101_client1,11971,7,ascending stairs,1595.99
0.1,alpha0p1,101,1,subject101_client1,11972,7,ascending stairs,1597.27
0.1,alpha0p1,101,1,subject101_client1,11973,7,ascending stairs,1598.55
0.1,alpha0p1,101,1,subject101_client1,11974,7,ascending stairs,1599.83
0.1,alpha0p1,101,1,subject101_client1,11975,7,ascending stairs,1601.11
0.1,alpha0p1,101,1,subject101_client1,11976,7,ascending stairs,1602.39
0.1,alpha0p1,101,1,subject101_client1,11977,7,ascending stairs,1603.67
0.1,alpha0p1,101,1,subject101_client1,11978,7,ascending stairs,1604.95
0.1,alpha0p1,101,1,subject101_client1,11979,7,ascending stairs,1606.23
0.1,alpha0p1,101,1,subject101_client1,11980,7,ascending stairs,1607.51
0.1,alpha0p1,101,1,subject101_client1,11981,7,ascending stairs,1608.79
0.1,alpha0p1,101,1,subject101_client1,11982,7,ascending stairs,1610.07
0.1,alpha0p1,101,1,subject101_client1,11983,7,ascending stairs,1611.35
0.1,alpha0p1,101,1,subject101_client1,11984,7,ascending stairs,1612.63
0.1,alpha0p1,101,1,subject101_client1,11985,7,ascending stairs,1613.91
0.1,alpha0p1,101,1,subject101_client1,11986,7,ascending stairs,1615.19
0.1,alpha0p1,101,1,subject101_client1,11987,7,ascending stairs,1616.47
0.1,alpha0p1,101,1,subject101_client1,11988,7,ascending stairs,1617.75
0.1,alpha0p1,101,1,subject101_client1,11989,7,ascending stairs,1619.03
0.1,alpha0p1,101,1,subject101_client1,11990,7,ascending stairs,1620.31
0.1,alpha0p1,101,1,subject101_client1,11991,7,ascending stairs,1621.59
0.1,alpha0p1,101,1,subject101_client1,11992,7,ascending stairs,1622.87
0.1,alpha0p1,101,1,subject101_client1,11993,7,ascending stairs,1624.15
0.1,alpha0p1,101,1,subject101_client1,11994,7,ascending stairs,1625.43
0.1,alpha0p1,101,1,subject101_client1,11995,7,ascending stairs,1626.71
0.1,alpha0p1,101,1,subject101_client1,11996,7,ascending stairs,1627.99
0.1,alpha0p1,101,1,subject101_client1,11997,7,ascending stairs,1629.27
0.1,alpha0p1,101,3,subject101_client3,11998,8,descending stairs,1742.34
0.1,alpha0p1,101,3,subject101_client3,11999,8,descending stairs,1743.62
0.1,alpha0p1,101,3,subject101_client3,12000,8,descending stairs,1744.9
0.1,alpha0p1,101,3,subject101_client3,12001,8,descending stairs,1746.18
0.1,alpha0p1,101,3,subject101_client3,12002,8,descending stairs,1747.46
0.1,alpha0p1,101,3,subject101_client3,12003,8,descending stairs,1748.74
0.1,alpha0p1,101,3,subject101_client3,12004,8,descending stairs,1750.02
0.1,alpha0p1,101,3,subject101_client3,12005,8,descending stairs,1751.3
0.1,alpha0p1,101,3,subject101_client3,12006,8,descending stairs,1752.58
0.1,alpha0p1,101,3,subject101_client3,12007,8,descending stairs,1753.86
0.1,alpha0p1,101,3,subject101_client3,12008,8,descending stairs,1755.14
0.1,alpha0p1,101,3,subject101_client3,12009,8,descending stairs,1756.42
0.1,alpha0p1,101,3,subject101_client3,12010,8,descending stairs,1757.7
0.1,alpha0p1,101,3,subject101_client3,12011,8,descending stairs,1758.98
0.1,alpha0p1,101,3,subject101_client3,12012,8,descending stairs,1760.26
0.1,alpha0p1,101,3,subject101_client3,12013,8,descending stairs,1761.54
0.1,alpha0p1,101,3,subject101_client3,12014,8,descending stairs,1762.82
0.1,alpha0p1,101,3,subject101_client3,12015,8,descending stairs,1764.1
0.1,alpha0p1,101,3,subject101_client3,12016,8,descending stairs,1765.38
0.1,alpha0p1,101,3,subject101_client3,12017,8,descending stairs,1766.66
0.1,alpha0p1,101,3,subject101_client3,12018,8,descending stairs,1767.94
0.1,alpha0p1,101,3,subject101_client3,12019,8,descending stairs,1769.22
0.1,alpha0p1,101,3,subject101_client3,12020,8,descending stairs,1770.5
0.1,alpha0p1,101,3,subject101_client3,12021,8,descending stairs,1771.78
0.1,alpha0p1,101,3,subject101_client3,12022,8,descending stairs,1773.06
0.1,alpha0p1,101,3,subject101_client3,12023,8,descending stairs,1774.34
0.1,alpha0p1,101,3,subject101_client3,12024,8,descending stairs,1775.62
0.1,alpha0p1,101,3,subject101_client3,12025,8,descending stairs,1776.9
0.1,alpha0p1,101,3,subject101_client3,12026,8,descending stairs,1778.18
0.1,alpha0p1,101,3,subject101_client3,12027,8,descending stairs,1779.46
0.1,alpha0p1,101,3,subject101_client3,12028,8,descending stairs,1780.74
0.1,alpha0p1,101,3,subject101_client3,12029,8,descending stairs,1782.02
0.1,alpha0p1,101,3,subject101_client3,12030,8,descending stairs,1783.3
0.1,alpha0p1,101,3,subject101_client3,12031,8,descending stairs,1784.58
0.1,alpha0p1,101,3,subject101_client3,12032,8,descending stairs,1785.86
0.1,alpha0p1,101,1,subject101_client1,12034,8,descending stairs,1788.42
0.1,alpha0p1,101,1,subject101_client1,12035,8,descending stairs,1789.7
0.1,alpha0p1,101,1,subject101_client1,12036,8,descending stairs,1790.98
0.1,alpha0p1,101,1,subject101_client1,12037,8,descending stairs,1792.26
0.1,alpha0p1,101,1,subject101_client1,12038,8,descending stairs,1793.54
0.1,alpha0p1,101,1,subject101_client1,12039,8,descending stairs,1794.82
0.1,alpha0p1,101,1,subject101_client1,12040,8,descending stairs,1796.1
0.1,alpha0p1,101,1,subject101_client1,12041,8,descending stairs,1797.38
0.1,alpha0p1,101,1,subject101_client1,12042,8,descending stairs,1798.66
0.1,alpha0p1,101,1,subject101_client1,12043,8,descending stairs,1799.94
0.1,alpha0p1,101,1,subject101_client1,12044,8,descending stairs,1801.22
0.1,alpha0p1,101,1,subject101_client1,12045,8,descending stairs,1802.5
0.1,alpha0p1,101,1,subject101_client1,12046,8,descending stairs,1803.78
0.1,alpha0p1,101,1,subject101_client1,12047,8,descending stairs,1805.06
0.1,alpha0p1,101,1,subject101_client1,12048,8,descending stairs,1806.34
0.1,alpha0p1,101,1,subject101_client1,12049,8,descending stairs,1807.62
0.1,alpha0p1,101,1,subject101_client1,12050,8,descending stairs,1808.9
0.1,alpha0p1,101,1,subject101_client1,12051,8,descending stairs,1810.18
0.1,alpha0p1,101,1,subject101_client1,12052,8,descending stairs,1811.46
0.1,alpha0p1,101,1,subject101_client1,12053,8,descending stairs,1812.74
0.1,alpha0p1,101,1,subject101_client1,12054,8,descending stairs,1814.02
0.1,alpha0p1,101,1,subject101_client1,12055,7,ascending stairs,1854.0
0.1,alpha0p1,101,1,subject101_client1,12056,7,ascending stairs,1855.28
0.1,alpha0p1,101,1,subject101_client1,12057,7,ascending stairs,1856.56
0.1,alpha0p1,101,1,subject101_client1,12058,7,ascending stairs,1857.84
0.1,alpha0p1,101,1,subject101_client1,12059,7,ascending stairs,1859.12
0.1,alpha0p1,101,1,subject101_client1,12060,7,ascending stairs,1860.4
0.1,alpha0p1,101,1,subject101_client1,12061,7,ascending stairs,1861.68
0.1,alpha0p1,101,1,subject101_client1,12062,7,ascending stairs,1862.96
0.1,alpha0p1,101,1,subject101_client1,12063,7,ascending stairs,1864.24
0.1,alpha0p1,101,1,subject101_client1,12064,7,ascending stairs,1865.52
0.1,alpha0p1,101,1,subject101_client1,12065,7,ascending stairs,1866.8
0.1,alpha0p1,101,1,subject101_client1,12066,7,ascending stairs,1868.08
0.1,alpha0p1,101,1,subject101_client1,12067,7,ascending stairs,1869.36
0.1,alpha0p1,101,1,subject101_client1,12068,7,ascending stairs,1870.64
0.1,alpha0p1,101,1,subject101_client1,12069,7,ascending stairs,1871.92
0.1,alpha0p1,101,1,subject101_client1,12070,7,ascending stairs,1873.2
0.1,alpha0p1,101,1,subject101_client1,12071,7,ascending stairs,1874.48
0.1,alpha0p1,101,1,subject101_client1,12072,7,ascending stairs,1875.76
0.1,alpha0p1,101,1,subject101_client1,12073,7,ascending stairs,1877.04
0.1,alpha0p1,101,1,subject101_client1,12074,7,ascending stairs,1878.32
0.1,alpha0p1,101,1,subject101_client1,12075,7,ascending stairs,1879.6
0.1,alpha0p1,101,1,subject101_client1,12076,7,ascending stairs,1880.88
0.1,alpha0p1,101,1,subject101_client1,12077,7,ascending stairs,1882.16
0.1,alpha0p1,101,1,subject101_client1,12078,7,ascending stairs,1883.44
0.1,alpha0p1,101,1,subject101_client1,12079,7,ascending stairs,1884.72
0.1,alpha0p1,101,1,subject101_client1,12080,7,ascending stairs,1886.0
0.1,alpha0p1,101,1,subject101_client1,12081,7,ascending stairs,1887.28
0.1,alpha0p1,101,1,subject101_client1,12082,7,ascending stairs,1888.56
0.1,alpha0p1,101,1,subject101_client1,12083,7,ascending stairs,1889.84
0.1,alpha0p1,101,1,subject101_client1,12084,7,ascending stairs,1891.12
0.1,alpha0p1,101,1,subject101_client1,12085,7,ascending stairs,1892.4
0.1,alpha0p1,101,1,subject101_client1,12086,7,ascending stairs,1893.68
0.1,alpha0p1,101,1,subject101_client1,12087,7,ascending stairs,1894.96
0.1,alpha0p1,101,1,subject101_client1,12088,7,ascending stairs,1896.24
0.1,alpha0p1,101,1,subject101_client1,12089,7,ascending stairs,1897.52
0.1,alpha0p1,101,1,subject101_client1,12090,7,ascending stairs,1898.8
0.1,alpha0p1,101,1,subject101_client1,12091,7,ascending stairs,1900.08
0.1,alpha0p1,101,1,subject101_client1,12092,7,ascending stairs,1901.36
0.1,alpha0p1,101,1,subject101_client1,12093,7,ascending stairs,1902.64
0.1,alpha0p1,101,1,subject101_client1,12094,7,ascending stairs,1903.92
0.1,alpha0p1,101,1,subject101_client1,12095,7,ascending stairs,1905.2
0.1,alpha0p1,101,1,subject101_client1,12096,7,ascending stairs,1906.48
0.1,alpha0p1,101,1,subject101_client1,12097,7,ascending stairs,1907.76
0.1,alpha0p1,101,1,subject101_client1,12098,7,ascending stairs,1909.04
0.1,alpha0p1,101,1,subject101_client1,12099,7,ascending stairs,1910.32
0.1,alpha0p1,101,1,subject101_client1,12100,7,ascending stairs,1911.6
0.1,alpha0p1,101,1,subject101_client1,12101,7,ascending stairs,1912.88
0.1,alpha0p1,101,1,subject101_client1,12102,7,ascending stairs,1914.16
0.1,alpha0p1,101,1,subject101_client1,12103,7,ascending stairs,1915.44
0.1,alpha0p1,101,1,subject101_client1,12104,7,ascending stairs,1916.72
0.1,alpha0p1,101,1,subject101_client1,12105,7,ascending stairs,1918.0
0.1,alpha0p1,101,1,subject101_client1,12106,7,ascending stairs,1919.28
0.1,alpha0p1,101,1,subject101_client1,12107,7,ascending stairs,1920.56
0.1,alpha0p1,101,1,subject101_client1,12108,7,ascending stairs,1921.84
0.1,alpha0p1,101,1,subject101_client1,12109,7,ascending stairs,1923.12
0.1,alpha0p1,101,1,subject101_client1,12110,7,ascending stairs,1924.4
0.1,alpha0p1,101,1,subject101_client1,12111,7,ascending stairs,1925.68
0.1,alpha0p1,101,1,subject101_client1,12112,7,ascending stairs,1926.96
0.1,alpha0p1,101,1,subject101_client1,12113,7,ascending stairs,1928.24
0.1,alpha0p1,101,1,subject101_client1,12114,8,descending stairs,1931.7
0.1,alpha0p1,101,1,subject101_client1,12115,8,descending stairs,1932.98
0.1,alpha0p1,101,1,subject101_client1,12116,8,descending stairs,1934.26
0.1,alpha0p1,101,1,subject101_client1,12117,8,descending stairs,1935.54
0.1,alpha0p1,101,1,subject101_client1,12118,8,descending stairs,1936.82
0.1,alpha0p1,101,1,subject101_client1,12119,8,descending stairs,1938.1
0.1,alpha0p1,101,1,subject101_client1,12120,8,descending stairs,1939.38
0.1,alpha0p1,101,1,subject101_client1,12121,8,descending stairs,1940.66
0.1,alpha0p1,101,1,subject101_client1,12122,8,descending stairs,1941.94
0.1,alpha0p1,101,1,subject101_client1,12123,8,descending stairs,1943.22
0.1,alpha0p1,101,1,subject101_client1,12124,8,descending stairs,1944.5
0.1,alpha0p1,101,1,subject101_client1,12125,8,descending stairs,1945.78
0.1,alpha0p1,101,1,subject101_client1,12126,8,descending stairs,1947.06
0.1,alpha0p1,101,1,subject101_client1,12127,8,descending stairs,1948.34
0.1,alpha0p1,101,1,subject101_client1,12128,8,descending stairs,1949.62
0.1,alpha0p1,101,1,subject101_client1,12129,8,descending stairs,1950.9
0.1,alpha0p1,101,1,subject101_client1,12130,8,descending stairs,1952.18
0.1,alpha0p1,101,1,subject101_client1,12131,8,descending stairs,1953.46
0.1,alpha0p1,101,1,subject101_client1,12132,8,descending stairs,1954.74
0.1,alpha0p1,101,1,subject101_client1,12133,8,descending stairs,1956.02
0.1,alpha0p1,101,1,subject101_client1,12134,8,descending stairs,1957.3
0.1,alpha0p1,101,1,subject101_client1,12135,8,descending stairs,1958.58
0.1,alpha0p1,101,1,subject101_client1,12136,8,descending stairs,1959.86
0.1,alpha0p1,101,1,subject101_client1,12137,8,descending stairs,1961.14
0.1,alpha0p1,101,1,subject101_client1,12138,8,descending stairs,1962.42
0.1,alpha0p1,101,1,subject101_client1,12139,8,descending stairs,1963.7
0.1,alpha0p1,101,1,subject101_client1,12140,8,descending stairs,1964.98
0.1,alpha0p1,101,1,subject101_client1,12141,8,descending stairs,1966.26
0.1,alpha0p1,101,1,subject101_client1,12142,8,descending stairs,1967.54
0.1,alpha0p1,101,1,subject101_client1,12143,8,descending stairs,1968.82
0.1,alpha0p1,101,1,subject101_client1,12144,8,descending stairs,1970.1
0.1,alpha0p1,101,1,subject101_client1,12145,8,descending stairs,1971.38
0.1,alpha0p1,101,1,subject101_client1,12146,8,descending stairs,1972.66
0.1,alpha0p1,101,1,subject101_client1,12147,8,descending stairs,1973.94
0.1,alpha0p1,101,1,subject101_client1,12148,8,descending stairs,1975.22
0.1,alpha0p1,101,1,subject101_client1,12149,8,descending stairs,1976.5
0.1,alpha0p1,101,1,subject101_client1,12150,8,descending stairs,1977.78
0.1,alpha0p1,101,1,subject101_client1,12151,8,descending stairs,1979.06
0.1,alpha0p1,101,1,subject101_client1,12152,8,descending stairs,1980.34
0.1,alpha0p1,101,1,subject101_client1,12153,8,descending stairs,1981.62
0.1,alpha0p1,101,1,subject101_client1,12154,8,descending stairs,1982.9
0.1,alpha0p1,101,1,subject101_client1,12155,8,descending stairs,1984.18
0.1,alpha0p1,101,1,subject101_client1,12156,8,descending stairs,1985.46
0.1,alpha0p1,101,1,subject101_client1,12157,8,descending stairs,1986.74
0.1,alpha0p1,101,1,subject101_client1,12158,8,descending stairs,1988.02
0.1,alpha0p1,101,1,subject101_client1,12159,8,descending stairs,1989.3
0.1,alpha0p1,101,1,subject101_client1,12160,8,descending stairs,1990.58
0.1,alpha0p1,101,1,subject101_client1,12161,8,descending stairs,1991.86
0.1,alpha0p1,101,1,subject101_client1,12162,8,descending stairs,1993.14
0.1,alpha0p1,101,1,subject101_client1,12163,8,descending stairs,1994.42
0.1,alpha0p1,101,1,subject101_client1,12164,8,descending stairs,1995.7
0.1,alpha0p1,101,1,subject101_client1,12165,8,descending stairs,1996.98
0.1,alpha0p1,101,1,subject101_client1,12166,8,descending stairs,1998.26
0.1,alpha0p1,101,1,subject101_client1,12167,8,descending stairs,1999.54
0.1,alpha0p1,101,1,subject101_client1,12168,8,descending stairs,2000.82
0.1,alpha0p1,101,1,subject101_client1,12169,8,descending stairs,2002.1
0.1,alpha0p1,101,0,subject101_client0,12170,3,walking,2245.97
0.1,alpha0p1,101,0,subject101_client0,12171,3,walking,2247.25
0.1,alpha0p1,101,0,subject101_client0,12172,3,walking,2248.53
0.1,alpha0p1,101,0,subject101_client0,12173,3,walking,2249.81
0.1,alpha0p1,101,0,subject101_client0,12174,3,walking,2251.09
0.1,alpha0p1,101,0,subject101_client0,12175,3,walking,2252.37
0.1,alpha0p1,101,0,subject101_client0,12176,3,walking,2253.65
0.1,alpha0p1,101,0,subject101_client0,12177,3,walking,2254.93
0.1,alpha0p1,101,0,subject101_client0,12178,3,walking,2256.21
0.1,alpha0p1,101,0,subject101_client0,12179,3,walking,2257.49
0.1,alpha0p1,101,0,subject101_client0,12180,3,walking,2258.77
0.1,alpha0p1,101,0,subject101_client0,12181,3,walking,2260.05
0.1,alpha0p1,101,0,subject101_client0,12182,3,walking,2261.33
0.1,alpha0p1,101,0,subject101_client0,12183,3,walking,2262.61
0.1,alpha0p1,101,0,subject101_client0,12184,3,walking,2263.89
0.1,alpha0p1,101,0,subject101_client0,12185,3,walking,2265.17
0.1,alpha0p1,101,0,subject101_client0,12186,3,walking,2266.45
0.1,alpha0p1,101,0,subject101_client0,12187,3,walking,2267.73
0.1,alpha0p1,101,0,subject101_client0,12188,3,walking,2269.01
0.1,alpha0p1,101,0,subject101_client0,12189,3,walking,2270.29
0.1,alpha0p1,101,0,subject101_client0,12190,3,walking,2271.57
0.1,alpha0p1,101,0,subject101_client0,12191,3,walking,2272.85
0.1,alpha0p1,101,0,subject101_client0,12192,3,walking,2274.13
0.1,alpha0p1,101,0,subject101_client0,12193,3,walking,2275.41
0.1,alpha0p1,101,0,subject101_client0,12194,3,walking,2276.69
0.1,alpha0p1,101,0,subject101_client0,12195,3,walking,2277.97
0.1,alpha0p1,101,0,subject101_client0,12196,3,walking,2279.25
0.1,alpha0p1,101,0,subject101_client0,12197,3,walking,2280.53
0.1,alpha0p1,101,0,subject101_client0,12198,3,walking,2281.81
0.1,alpha0p1,101,0,subject101_client0,12199,3,walking,2283.09
0.1,alpha0p1,101,0,subject101_client0,12200,3,walking,2284.37
0.1,alpha0p1,101,0,subject101_client0,12201,3,walking,2285.65
0.1,alpha0p1,101,0,subject101_client0,12202,3,walking,2286.93
0.1,alpha0p1,101,0,subject101_client0,12203,3,walking,2288.21
0.1,alpha0p1,101,0,subject101_client0,12204,3,walking,2289.49
0.1,alpha0p1,101,0,subject101_client0,12205,3,walking,2290.77
0.1,alpha0p1,101,0,subject101_client0,12206,3,walking,2292.05
0.1,alpha0p1,101,0,subject101_client0,12207,3,walking,2293.33
0.1,alpha0p1,101,0,subject101_client0,12208,3,walking,2294.61
0.1,alpha0p1,101,0,subject101_client0,12209,3,walking,2295.89
0.1,alpha0p1,101,0,subject101_client0,12210,3,walking,2297.17
0.1,alpha0p1,101,0,subject101_client0,12211,3,walking,2298.45
0.1,alpha0p1,101,0,subject101_client0,12212,3,walking,2299.73
0.1,alpha0p1,101,0,subject101_client0,12213,3,walking,2301.01
0.1,alpha0p1,101,0,subject101_client0,12214,3,walking,2302.29
0.1,alpha0p1,101,0,subject101_client0,12215,3,walking,2303.57
0.1,alpha0p1,101,0,subject101_client0,12216,3,walking,2304.85
0.1,alpha0p1,101,0,subject101_client0,12217,3,walking,2306.13
0.1,alpha0p1,101,0,subject101_client0,12218,3,walking,2307.41
0.1,alpha0p1,101,0,subject101_client0,12219,3,walking,2308.69
0.1,alpha0p1,101,0,subject101_client0,12220,3,walking,2309.97
0.1,alpha0p1,101,0,subject101_client0,12221,3,walking,2311.25
0.1,alpha0p1,101,0,subject101_client0,12222,3,walking,2312.53
0.1,alpha0p1,101,0,subject101_client0,12223,3,walking,2313.81
0.1,alpha0p1,101,0,subject101_client0,12224,3,walking,2315.09
0.1,alpha0p1,101,0,subject101_client0,12225,3,walking,2316.37
0.1,alpha0p1,101,0,subject101_client0,12226,3,walking,2317.65
0.1,alpha0p1,101,0,subject101_client0,12227,3,walking,2318.93
0.1,alpha0p1,101,0,subject101_client0,12228,3,walking,2320.21
0.1,alpha0p1,101,0,subject101_client0,12229,3,walking,2321.49
0.1,alpha0p1,101,0,subject101_client0,12230,3,walking,2322.77
0.1,alpha0p1,101,0,subject101_client0,12231,3,walking,2324.05
0.1,alpha0p1,101,0,subject101_client0,12232,3,walking,2325.33
0.1,alpha0p1,101,0,subject101_client0,12233,3,walking,2326.61
0.1,alpha0p1,101,0,subject101_client0,12234,3,walking,2327.89
0.1,alpha0p1,101,0,subject101_client0,12235,3,walking,2329.17
0.1,alpha0p1,101,0,subject101_client0,12236,3,walking,2330.45
0.1,alpha0p1,101,0,subject101_client0,12237,3,walking,2331.73
0.1,alpha0p1,101,0,subject101_client0,12238,3,walking,2333.01
0.1,alpha0p1,101,0,subject101_client0,12239,3,walking,2334.29
0.1,alpha0p1,101,0,subject101_client0,12240,3,walking,2335.57
0.1,alpha0p1,101,0,subject101_client0,12241,3,walking,2336.85
0.1,alpha0p1,101,0,subject101_client0,12242,3,walking,2338.13
0.1,alpha0p1,101,0,subject101_client0,12243,3,walking,2339.41
0.1,alpha0p1,101,0,subject101_client0,12244,3,walking,2340.69
0.1,alpha0p1,101,0,subject101_client0,12245,3,walking,2341.97
0.1,alpha0p1,101,0,subject101_client0,12246,3,walking,2343.25
0.1,alpha0p1,101,0,subject101_client0,12247,3,walking,2344.53
0.1,alpha0p1,101,0,subject101_client0,12248,3,walking,2345.81
0.1,alpha0p1,101,0,subject101_client0,12249,3,walking,2347.09
0.1,alpha0p1,101,0,subject101_client0,12250,3,walking,2348.37
0.1,alpha0p1,101,0,subject101_client0,12251,3,walking,2349.65
0.1,alpha0p1,101,0,subject101_client0,12252,3,walking,2350.93
0.1,alpha0p1,101,0,subject101_client0,12253,3,walking,2352.21
0.1,alpha0p1,101,0,subject101_client0,12254,3,walking,2353.49
0.1,alpha0p1,101,0,subject101_client0,12255,3,walking,2354.77
0.1,alpha0p1,101,0,subject101_client0,12256,3,walking,2356.05
0.1,alpha0p1,101,0,subject101_client0,12257,3,walking,2357.33
0.1,alpha0p1,101,0,subject101_client0,12258,3,walking,2358.61
0.1,alpha0p1,101,0,subject101_client0,12259,3,walking,2359.89
0.1,alpha0p1,101,0,subject101_client0,12260,3,walking,2361.17
0.1,alpha0p1,101,0,subject101_client0,12261,3,walking,2362.45
0.1,alpha0p1,101,0,subject101_client0,12262,3,walking,2363.73
0.1,alpha0p1,101,0,subject101_client0,12263,3,walking,2365.01
0.1,alpha0p1,101,0,subject101_client0,12264,3,walking,2366.29
0.1,alpha0p1,101,0,subject101_client0,12265,3,walking,2367.57
0.1,alpha0p1,101,0,subject101_client0,12266,3,walking,2368.85
0.1,alpha0p1,101,0,subject101_client0,12267,3,walking,2370.13
0.1,alpha0p1,101,0,subject101_client0,12268,3,walking,2371.41
0.1,alpha0p1,101,0,subject101_client0,12269,3,walking,2372.69
0.1,alpha0p1,101,0,subject101_client0,12270,3,walking,2373.97
0.1,alpha0p1,101,0,subject101_client0,12271,3,walking,2375.25
0.1,alpha0p1,101,0,subject101_client0,12272,3,walking,2376.53
0.1,alpha0p1,101,0,subject101_client0,12273,3,walking,2377.81
0.1,alpha0p1,101,0,subject101_client0,12274,3,walking,2379.09
0.1,alpha0p1,101,0,subject101_client0,12275,3,walking,2380.37
0.1,alpha0p1,101,0,subject101_client0,12276,3,walking,2381.65
0.1,alpha0p1,101,0,subject101_client0,12277,3,walking,2382.93
0.1,alpha0p1,101,0,subject101_client0,12278,3,walking,2384.21
0.1,alpha0p1,101,3,subject101_client3,12280,3,walking,2386.77
0.1,alpha0p1,101,3,subject101_client3,12281,3,walking,2388.05
0.1,alpha0p1,101,3,subject101_client3,12282,3,walking,2389.33
0.1,alpha0p1,101,3,subject101_client3,12283,3,walking,2390.61
0.1,alpha0p1,101,3,subject101_client3,12284,3,walking,2391.89
0.1,alpha0p1,101,3,subject101_client3,12285,3,walking,2393.17
0.1,alpha0p1,101,3,subject101_client3,12286,3,walking,2394.45
0.1,alpha0p1,101,3,subject101_client3,12287,3,walking,2395.73
0.1,alpha0p1,101,3,subject101_client3,12288,3,walking,2397.01
0.1,alpha0p1,101,3,subject101_client3,12289,3,walking,2398.29
0.1,alpha0p1,101,3,subject101_client3,12290,3,walking,2399.57
0.1,alpha0p1,101,3,subject101_client3,12291,3,walking,2400.85
0.1,alpha0p1,101,3,subject101_client3,12292,3,walking,2402.13
0.1,alpha0p1,101,3,subject101_client3,12293,3,walking,2403.41
0.1,alpha0p1,101,3,subject101_client3,12294,3,walking,2404.69
0.1,alpha0p1,101,3,subject101_client3,12295,3,walking,2405.97
0.1,alpha0p1,101,3,subject101_client3,12296,3,walking,2407.25
0.1,alpha0p1,101,3,subject101_client3,12297,3,walking,2408.53
0.1,alpha0p1,101,3,subject101_client3,12298,3,walking,2409.81
0.1,alpha0p1,101,3,subject101_client3,12299,3,walking,2411.09
0.1,alpha0p1,101,3,subject101_client3,12300,3,walking,2412.37
0.1,alpha0p1,101,3,subject101_client3,12301,3,walking,2413.65
0.1,alpha0p1,101,3,subject101_client3,12302,3,walking,2414.93
0.1,alpha0p1,101,3,subject101_client3,12303,3,walking,2416.21
0.1,alpha0p1,101,3,subject101_client3,12304,3,walking,2417.49
0.1,alpha0p1,101,3,subject101_client3,12305,3,walking,2418.77
0.1,alpha0p1,101,3,subject101_client3,12306,3,walking,2420.05
0.1,alpha0p1,101,3,subject101_client3,12307,3,walking,2421.33
0.1,alpha0p1,101,3,subject101_client3,12308,3,walking,2422.61
0.1,alpha0p1,101,3,subject101_client3,12309,3,walking,2423.89
0.1,alpha0p1,101,3,subject101_client3,12310,3,walking,2425.17
0.1,alpha0p1,101,3,subject101_client3,12311,3,walking,2426.45
0.1,alpha0p1,101,3,subject101_client3,12312,3,walking,2427.73
0.1,alpha0p1,101,3,subject101_client3,12313,3,walking,2429.01
0.1,alpha0p1,101,3,subject101_client3,12314,3,walking,2430.29
0.1,alpha0p1,101,3,subject101_client3,12315,3,walking,2431.57
0.1,alpha0p1,101,3,subject101_client3,12316,3,walking,2432.85
0.1,alpha0p1,101,3,subject101_client3,12317,3,walking,2434.13
0.1,alpha0p1,101,3,subject101_client3,12318,3,walking,2435.41
0.1,alpha0p1,101,3,subject101_client3,12319,3,walking,2436.69
0.1,alpha0p1,101,3,subject101_client3,12320,3,walking,2437.97
0.1,alpha0p1,101,3,subject101_client3,12321,3,walking,2439.25
0.1,alpha0p1,101,3,subject101_client3,12322,3,walking,2440.53
0.1,alpha0p1,101,3,subject101_client3,12323,3,walking,2441.81
0.1,alpha0p1,101,3,subject101_client3,12324,3,walking,2443.09
0.1,alpha0p1,101,3,subject101_client3,12325,3,walking,2444.37
0.1,alpha0p1,101,3,subject101_client3,12326,3,walking,2445.65
0.1,alpha0p1,101,3,subject101_client3,12327,3,walking,2446.93
0.1,alpha0p1,101,3,subject101_client3,12328,3,walking,2448.21
0.1,alpha0p1,101,3,subject101_client3,12329,3,walking,2449.49
0.1,alpha0p1,101,3,subject101_client3,12330,3,walking,2450.77
0.1,alpha0p1,101,3,subject101_client3,12331,3,walking,2452.05
0.1,alpha0p1,101,3,subject101_client3,12332,3,walking,2453.33
0.1,alpha0p1,101,3,subject101_client3,12333,3,walking,2454.61
0.1,alpha0p1,101,3,subject101_client3,12334,3,walking,2455.89
0.1,alpha0p1,101,3,subject101_client3,12335,3,walking,2457.17
0.1,alpha0p1,101,3,subject101_client3,12336,3,walking,2458.45
0.1,alpha0p1,101,3,subject101_client3,12337,3,walking,2459.73
0.1,alpha0p1,101,3,subject101_client3,12338,3,walking,2461.01
0.1,alpha0p1,101,3,subject101_client3,12339,3,walking,2462.29
0.1,alpha0p1,101,3,subject101_client3,12340,3,walking,2463.57
0.1,alpha0p1,101,3,subject101_client3,12341,3,walking,2464.85
0.1,alpha0p1,101,2,subject101_client2,12342,6,Nordic walking,2540.13
0.1,alpha0p1,101,2,subject101_client2,12343,6,Nordic walking,2541.41
0.1,alpha0p1,101,2,subject101_client2,12344,6,Nordic walking,2542.69
0.1,alpha0p1,101,2,subject101_client2,12345,6,Nordic walking,2543.97
0.1,alpha0p1,101,2,subject101_client2,12346,6,Nordic walking,2545.25
0.1,alpha0p1,101,2,subject101_client2,12347,6,Nordic walking,2546.53
0.1,alpha0p1,101,2,subject101_client2,12348,6,Nordic walking,2547.81
0.1,alpha0p1,101,2,subject101_client2,12349,6,Nordic walking,2549.09
0.1,alpha0p1,101,2,subject101_client2,12350,6,Nordic walking,2550.37
0.1,alpha0p1,101,2,subject101_client2,12351,6,Nordic walking,2551.65
0.1,alpha0p1,101,2,subject101_client2,12352,6,Nordic walking,2552.93
0.1,alpha0p1,101,2,subject101_client2,12353,6,Nordic walking,2554.21
0.1,alpha0p1,101,2,subject101_client2,12354,6,Nordic walking,2555.49
0.1,alpha0p1,101,2,subject101_client2,12355,6,Nordic walking,2556.77
0.1,alpha0p1,101,2,subject101_client2,12356,6,Nordic walking,2558.05
0.1,alpha0p1,101,2,subject101_client2,12357,6,Nordic walking,2559.33
0.1,alpha0p1,101,2,subject101_client2,12358,6,Nordic walking,2560.61
0.1,alpha0p1,101,2,subject101_client2,12359,6,Nordic walking,2561.89
0.1,alpha0p1,101,2,subject101_client2,12360,6,Nordic walking,2563.17
0.1,alpha0p1,101,2,subject101_client2,12361,6,Nordic walking,2564.45
0.1,alpha0p1,101,2,subject101_client2,12362,6,Nordic walking,2565.73
0.1,alpha0p1,101,2,subject101_client2,12363,6,Nordic walking,2567.01
0.1,alpha0p1,101,2,subject101_client2,12364,6,Nordic walking,2568.29
0.1,alpha0p1,101,2,subject101_client2,12365,6,Nordic walking,2569.57
0.1,alpha0p1,101,2,subject101_client2,12366,6,Nordic walking,2570.85
0.1,alpha0p1,101,2,subject101_client2,12367,6,Nordic walking,2572.13
0.1,alpha0p1,101,2,subject101_client2,12368,6,Nordic walking,2573.41
0.1,alpha0p1,101,2,subject101_client2,12369,6,Nordic walking,2574.69
0.1,alpha0p1,101,2,subject101_client2,12370,6,Nordic walking,2575.97
0.1,alpha0p1,101,2,subject101_client2,12371,6,Nordic walking,2577.25
0.1,alpha0p1,101,2,subject101_client2,12372,6,Nordic walking,2578.53
0.1,alpha0p1,101,2,subject101_client2,12373,6,Nordic walking,2579.81
0.1,alpha0p1,101,2,subject101_client2,12374,6,Nordic walking,2581.09
0.1,alpha0p1,101,2,subject101_client2,12375,6,Nordic walking,2582.37
0.1,alpha0p1,101,2,subject101_client2,12376,6,Nordic walking,2583.65
0.1,alpha0p1,101,2,subject101_client2,12377,6,Nordic walking,2584.93
0.1,alpha0p1,101,2,subject101_client2,12378,6,Nordic walking,2586.21
0.1,alpha0p1,101,2,subject101_client2,12379,6,Nordic walking,2587.49
0.1,alpha0p1,101,2,subject101_client2,12380,6,Nordic walking,2588.77
0.1,alpha0p1,101,2,subject101_client2,12381,6,Nordic walking,2590.05
0.1,alpha0p1,101,2,subject101_client2,12382,6,Nordic walking,2591.33
0.1,alpha0p1,101,0,subject101_client0,12384,6,Nordic walking,2593.89
0.1,alpha0p1,101,0,subject101_client0,12385,6,Nordic walking,2595.17
0.1,alpha0p1,101,0,subject101_client0,12386,6,Nordic walking,2596.45
0.1,alpha0p1,101,0,subject101_client0,12387,6,Nordic walking,2597.73
0.1,alpha0p1,101,0,subject101_client0,12388,6,Nordic walking,2599.01
0.1,alpha0p1,101,0,subject101_client0,12389,6,Nordic walking,2600.29
0.1,alpha0p1,101,0,subject101_client0,12390,6,Nordic walking,2601.57
0.1,alpha0p1,101,0,subject101_client0,12391,6,Nordic walking,2602.85
0.1,alpha0p1,101,0,subject101_client0,12392,6,Nordic walking,2604.13
0.1,alpha0p1,101,0,subject101_client0,12393,6,Nordic walking,2605.41
0.1,alpha0p1,101,0,subject101_client0,12394,6,Nordic walking,2606.69
0.1,alpha0p1,101,0,subject101_client0,12395,6,Nordic walking,2607.97
0.1,alpha0p1,101,0,subject101_client0,12396,6,Nordic walking,2609.25
0.1,alpha0p1,101,0,subject101_client0,12397,6,Nordic walking,2610.53
0.1,alpha0p1,101,0,subject101_client0,12398,6,Nordic walking,2611.81
0.1,alpha0p1,101,0,subject101_client0,12399,6,Nordic walking,2613.09
0.1,alpha0p1,101,0,subject101_client0,12400,6,Nordic walking,2614.37
0.1,alpha0p1,101,0,subject101_client0,12401,6,Nordic walking,2615.65
0.1,alpha0p1,101,0,subject101_client0,12402,6,Nordic walking,2616.93
0.1,alpha0p1,101,0,subject101_client0,12403,6,Nordic walking,2618.21
0.1,alpha0p1,101,0,subject101_client0,12404,6,Nordic walking,2619.49
0.1,alpha0p1,101,0,subject101_client0,12405,6,Nordic walking,2620.77
0.1,alpha0p1,101,0,subject101_client0,12406,6,Nordic walking,2622.05
0.1,alpha0p1,101,0,subject101_client0,12407,6,Nordic walking,2623.33
0.1,alpha0p1,101,0,subject101_client0,12408,6,Nordic walking,2624.61
0.1,alpha0p1,101,0,subject101_client0,12409,6,Nordic walking,2625.89
0.1,alpha0p1,101,0,subject101_client0,12410,6,Nordic walking,2627.17
0.1,alpha0p1,101,0,subject101_client0,12411,6,Nordic walking,2628.45
0.1,alpha0p1,101,0,subject101_client0,12412,6,Nordic walking,2629.73
0.1,alpha0p1,101,0,subject101_client0,12413,6,Nordic walking,2631.01
0.1,alpha0p1,101,0,subject101_client0,12414,6,Nordic walking,2632.29
0.1,alpha0p1,101,0,subject101_client0,12415,6,Nordic walking,2633.57
0.1,alpha0p1,101,0,subject101_client0,12416,6,Nordic walking,2634.85
0.1,alpha0p1,101,0,subject101_client0,12417,6,Nordic walking,2636.13
0.1,alpha0p1,101,0,subject101_client0,12418,6,Nordic walking,2637.41
0.1,alpha0p1,101,0,subject101_client0,12419,6,Nordic walking,2638.69
0.1,alpha0p1,101,0,subject101_client0,12420,6,Nordic walking,2639.97
0.1,alpha0p1,101,0,subject101_client0,12421,6,Nordic walking,2641.25
0.1,alpha0p1,101,0,subject101_client0,12422,6,Nordic walking,2642.53
0.1,alpha0p1,101,0,subject101_client0,12423,6,Nordic walking,2643.81
0.1,alpha0p1,101,0,subject101_client0,12424,6,Nordic walking,2645.09
0.1,alpha0p1,101,0,subject101_client0,12425,6,Nordic walking,2646.37
0.1,alpha0p1,101,0,subject101_client0,12426,6,Nordic walking,2647.65
0.1,alpha0p1,101,0,subject101_client0,12427,6,Nordic walking,2648.93
0.1,alpha0p1,101,0,subject101_client0,12428,6,Nordic walking,2650.21
0.1,alpha0p1,101,0,subject101_client0,12429,6,Nordic walking,2651.49
0.1,alpha0p1,101,0,subject101_client0,12430,6,Nordic walking,2652.77
0.1,alpha0p1,101,0,subject101_client0,12431,6,Nordic walking,2654.05
0.1,alpha0p1,101,0,subject101_client0,12432,6,Nordic walking,2655.33
0.1,alpha0p1,101,0,subject101_client0,12433,6,Nordic walking,2656.61
0.1,alpha0p1,101,0,subject101_client0,12434,6,Nordic walking,2657.89
0.1,alpha0p1,101,0,subject101_client0,12435,6,Nordic walking,2659.17
0.1,alpha0p1,101,0,subject101_client0,12436,6,Nordic walking,2660.45
0.1,alpha0p1,101,0,subject101_client0,12437,6,Nordic walking,2661.73
0.1,alpha0p1,101,0,subject101_client0,12438,6,Nordic walking,2663.01
0.1,alpha0p1,101,0,subject101_client0,12439,6,Nordic walking,2664.29
0.1,alpha0p1,101,0,subject101_client0,12440,6,Nordic walking,2665.57
0.1,alpha0p1,101,0,subject101_client0,12441,6,Nordic walking,2666.85
0.1,alpha0p1,101,0,subject101_client0,12442,6,Nordic walking,2668.13
0.1,alpha0p1,101,0,subject101_client0,12443,6,Nordic walking,2669.41
0.1,alpha0p1,101,0,subject101_client0,12444,6,Nordic walking,2670.69
0.1,alpha0p1,101,0,subject101_client0,12445,6,Nordic walking,2671.97
0.1,alpha0p1,101,0,subject101_client0,12446,6,Nordic walking,2673.25
0.1,alpha0p1,101,0,subject101_client0,12447,6,Nordic walking,2674.53
0.1,alpha0p1,101,0,subject101_client0,12448,6,Nordic walking,2675.81
0.1,alpha0p1,101,0,subject101_client0,12449,6,Nordic walking,2677.09
0.1,alpha0p1,101,0,subject101_client0,12450,6,Nordic walking,2678.37
0.1,alpha0p1,101,0,subject101_client0,12451,6,Nordic walking,2679.65
0.1,alpha0p1,101,0,subject101_client0,12452,6,Nordic walking,2680.93
0.1,alpha0p1,101,0,subject101_client0,12453,6,Nordic walking,2682.21
0.1,alpha0p1,101,0,subject101_client0,12454,6,Nordic walking,2683.49
0.1,alpha0p1,101,0,subject101_client0,12455,6,Nordic walking,2684.77
0.1,alpha0p1,101,0,subject101_client0,12456,6,Nordic walking,2686.05
0.1,alpha0p1,101,0,subject101_client0,12457,6,Nordic walking,2687.33
0.1,alpha0p1,101,0,subject101_client0,12458,6,Nordic walking,2688.61
0.1,alpha0p1,101,0,subject101_client0,12459,6,Nordic walking,2689.89
0.1,alpha0p1,101,0,subject101_client0,12460,6,Nordic walking,2691.17
0.1,alpha0p1,101,0,subject101_client0,12461,6,Nordic walking,2692.45
0.1,alpha0p1,101,0,subject101_client0,12462,6,Nordic walking,2693.73
0.1,alpha0p1,101,0,subject101_client0,12463,6,Nordic walking,2695.01
0.1,alpha0p1,101,0,subject101_client0,12464,6,Nordic walking,2696.29
0.1,alpha0p1,101,0,subject101_client0,12465,6,Nordic walking,2697.57
0.1,alpha0p1,101,0,subject101_client0,12466,6,Nordic walking,2698.85
0.1,alpha0p1,101,0,subject101_client0,12467,6,Nordic walking,2700.13
0.1,alpha0p1,101,0,subject101_client0,12468,6,Nordic walking,2701.41
0.1,alpha0p1,101,0,subject101_client0,12469,6,Nordic walking,2702.69
0.1,alpha0p1,101,0,subject101_client0,12470,6,Nordic walking,2703.97
0.1,alpha0p1,101,0,subject101_client0,12471,6,Nordic walking,2705.25
0.1,alpha0p1,101,0,subject101_client0,12472,6,Nordic walking,2706.53
0.1,alpha0p1,101,0,subject101_client0,12473,6,Nordic walking,2707.81
0.1,alpha0p1,101,0,subject101_client0,12474,6,Nordic walking,2709.09
0.1,alpha0p1,101,0,subject101_client0,12475,6,Nordic walking,2710.37
0.1,alpha0p1,101,0,subject101_client0,12476,6,Nordic walking,2711.65
0.1,alpha0p1,101,0,subject101_client0,12477,6,Nordic walking,2712.93
0.1,alpha0p1,101,0,subject101_client0,12478,6,Nordic walking,2714.21
0.1,alpha0p1,101,0,subject101_client0,12479,6,Nordic walking,2715.49
0.1,alpha0p1,101,0,subject101_client0,12480,6,Nordic walking,2716.77
0.1,alpha0p1,101,0,subject101_client0,12481,6,Nordic walking,2718.05
0.1,alpha0p1,101,0,subject101_client0,12482,6,Nordic walking,2719.33
0.1,alpha0p1,101,0,subject101_client0,12483,6,Nordic walking,2720.61
0.1,alpha0p1,101,0,subject101_client0,12484,6,Nordic walking,2721.89
0.1,alpha0p1,101,0,subject101_client0,12485,6,Nordic walking,2723.17
0.1,alpha0p1,101,0,subject101_client0,12486,6,Nordic walking,2724.45
0.1,alpha0p1,101,0,subject101_client0,12487,6,Nordic walking,2725.73
0.1,alpha0p1,101,0,subject101_client0,12488,6,Nordic walking,2727.01
0.1,alpha0p1,101,0,subject101_client0,12489,6,Nordic walking,2728.29
0.1,alpha0p1,101,0,subject101_client0,12490,6,Nordic walking,2729.57
0.1,alpha0p1,101,0,subject101_client0,12491,6,Nordic walking,2730.85
0.1,alpha0p1,101,0,subject101_client0,12492,6,Nordic walking,2732.13
0.1,alpha0p1,101,0,subject101_client0,12493,6,Nordic walking,2733.41
0.1,alpha0p1,101,0,subject101_client0,12494,6,Nordic walking,2734.69
0.1,alpha0p1,101,0,subject101_client0,12495,6,Nordic walking,2735.97
0.1,alpha0p1,101,0,subject101_client0,12496,6,Nordic walking,2737.25
0.1,alpha0p1,101,0,subject101_client0,12497,6,Nordic walking,2738.53
0.1,alpha0p1,101,0,subject101_client0,12498,6,Nordic walking,2739.81
0.1,alpha0p1,101,1,subject101_client1,12499,5,cycling,2839.34
0.1,alpha0p1,101,1,subject101_client1,12500,5,cycling,2840.62
0.1,alpha0p1,101,1,subject101_client1,12501,5,cycling,2841.9
0.1,alpha0p1,101,1,subject101_client1,12502,5,cycling,2843.18
0.1,alpha0p1,101,1,subject101_client1,12503,5,cycling,2844.46
0.1,alpha0p1,101,1,subject101_client1,12504,5,cycling,2845.74
0.1,alpha0p1,101,1,subject101_client1,12505,5,cycling,2847.02
0.1,alpha0p1,101,1,subject101_client1,12506,5,cycling,2848.3
0.1,alpha0p1,101,1,subject101_client1,12507,5,cycling,2849.58
0.1,alpha0p1,101,1,subject101_client1,12508,5,cycling,2850.86
0.1,alpha0p1,101,1,subject101_client1,12509,5,cycling,2852.14
0.1,alpha0p1,101,1,subject101_client1,12510,5,cycling,2853.42
0.1,alpha0p1,101,1,subject101_client1,12511,5,cycling,2854.7
0.1,alpha0p1,101,1,subject101_client1,12512,5,cycling,2855.98
0.1,alpha0p1,101,1,subject101_client1,12513,5,cycling,2857.26
0.1,alpha0p1,101,1,subject101_client1,12514,5,cycling,2858.54
0.1,alpha0p1,101,1,subject101_client1,12515,5,cycling,2859.82
0.1,alpha0p1,101,1,subject101_client1,12516,5,cycling,2861.1
0.1,alpha0p1,101,1,subject101_client1,12517,5,cycling,2862.38
0.1,alpha0p1,101,1,subject101_client1,12518,5,cycling,2863.66
0.1,alpha0p1,101,1,subject101_client1,12519,5,cycling,2864.94
0.1,alpha0p1,101,1,subject101_client1,12520,5,cycling,2866.22
0.1,alpha0p1,101,1,subject101_client1,12521,5,cycling,2867.5
0.1,alpha0p1,101,1,subject101_client1,12522,5,cycling,2868.78
0.1,alpha0p1,101,1,subject101_client1,12523,5,cycling,2870.06
0.1,alpha0p1,101,1,subject101_client1,12524,5,cycling,2871.34
0.1,alpha0p1,101,1,subject101_client1,12525,5,cycling,2872.62
0.1,alpha0p1,101,1,subject101_client1,12526,5,cycling,2873.9
0.1,alpha0p1,101,1,subject101_client1,12527,5,cycling,2875.18
0.1,alpha0p1,101,1,subject101_client1,12528,5,cycling,2876.46
0.1,alpha0p1,101,1,subject101_client1,12529,5,cycling,2877.74
0.1,alpha0p1,101,1,subject101_client1,12530,5,cycling,2879.02
0.1,alpha0p1,101,1,subject101_client1,12531,5,cycling,2880.3
0.1,alpha0p1,101,1,subject101_client1,12532,5,cycling,2881.58
0.1,alpha0p1,101,1,subject101_client1,12533,5,cycling,2882.86
0.1,alpha0p1,101,1,subject101_client1,12534,5,cycling,2884.14
0.1,alpha0p1,101,1,subject101_client1,12535,5,cycling,2885.42
0.1,alpha0p1,101,1,subject101_client1,12536,5,cycling,2886.7
0.1,alpha0p1,101,1,subject101_client1,12537,5,cycling,2887.98
0.1,alpha0p1,101,1,subject101_client1,12538,5,cycling,2889.26
0.1,alpha0p1,101,1,subject101_client1,12539,5,cycling,2890.54
0.1,alpha0p1,101,1,subject101_client1,12540,5,cycling,2891.82
0.1,alpha0p1,101,1,subject101_client1,12541,5,cycling,2893.1
0.1,alpha0p1,101,1,subject101_client1,12542,5,cycling,2894.38
0.1,alpha0p1,101,1,subject101_client1,12543,5,cycling,2895.66
0.1,alpha0p1,101,1,subject101_client1,12544,5,cycling,2896.94
0.1,alpha0p1,101,1,subject101_client1,12545,5,cycling,2898.22
0.1,alpha0p1,101,1,subject101_client1,12546,5,cycling,2899.5
0.1,alpha0p1,101,1,subject101_client1,12547,5,cycling,2900.78
0.1,alpha0p1,101,1,subject101_client1,12548,5,cycling,2902.06
0.1,alpha0p1,101,1,subject101_client1,12549,5,cycling,2903.34
0.1,alpha0p1,101,1,subject101_client1,12550,5,cycling,2904.62
0.1,alpha0p1,101,1,subject101_client1,12551,5,cycling,2905.9
0.1,alpha0p1,101,1,subject101_client1,12552,5,cycling,2907.18
0.1,alpha0p1,101,1,subject101_client1,12553,5,cycling,2908.46
0.1,alpha0p1,101,1,subject101_client1,12554,5,cycling,2909.74
0.1,alpha0p1,101,1,subject101_client1,12555,5,cycling,2911.02
0.1,alpha0p1,101,1,subject101_client1,12556,5,cycling,2912.3
0.1,alpha0p1,101,1,subject101_client1,12557,5,cycling,2913.58
0.1,alpha0p1,101,1,subject101_client1,12558,5,cycling,2914.86
0.1,alpha0p1,101,1,subject101_client1,12559,5,cycling,2916.14
0.1,alpha0p1,101,1,subject101_client1,12560,5,cycling,2917.42
0.1,alpha0p1,101,1,subject101_client1,12561,5,cycling,2918.7
0.1,alpha0p1,101,1,subject101_client1,12562,5,cycling,2919.98
0.1,alpha0p1,101,1,subject101_client1,12563,5,cycling,2921.26
0.1,alpha0p1,101,1,subject101_client1,12564,5,cycling,2922.54
0.1,alpha0p1,101,1,subject101_client1,12565,5,cycling,2923.82
0.1,alpha0p1,101,1,subject101_client1,12566,5,cycling,2925.1
0.1,alpha0p1,101,1,subject101_client1,12567,5,cycling,2926.38
0.1,alpha0p1,101,1,subject101_client1,12568,5,cycling,2927.66
0.1,alpha0p1,101,1,subject101_client1,12569,5,cycling,2928.94
0.1,alpha0p1,101,1,subject101_client1,12570,5,cycling,2930.22
0.1,alpha0p1,101,1,subject101_client1,12571,5,cycling,2931.5
0.1,alpha0p1,101,1,subject101_client1,12572,5,cycling,2932.78
0.1,alpha0p1,101,1,subject101_client1,12573,5,cycling,2934.06
0.1,alpha0p1,101,1,subject101_client1,12574,5,cycling,2935.34
0.1,alpha0p1,101,1,subject101_client1,12575,5,cycling,2936.62
0.1,alpha0p1,101,1,subject101_client1,12576,5,cycling,2937.9
0.1,alpha0p1,101,1,subject101_client1,12577,5,cycling,2939.18
0.1,alpha0p1,101,1,subject101_client1,12578,5,cycling,2940.46
0.1,alpha0p1,101,1,subject101_client1,12579,5,cycling,2941.74
0.1,alpha0p1,101,1,subject101_client1,12580,5,cycling,2943.02
0.1,alpha0p1,101,1,subject101_client1,12581,5,cycling,2944.3
0.1,alpha0p1,101,1,subject101_client1,12582,5,cycling,2945.58
0.1,alpha0p1,101,1,subject101_client1,12583,5,cycling,2946.86
0.1,alpha0p1,101,1,subject101_client1,12584,5,cycling,2948.14
0.1,alpha0p1,101,1,subject101_client1,12585,5,cycling,2949.42
0.1,alpha0p1,101,1,subject101_client1,12586,5,cycling,2950.7
0.1,alpha0p1,101,1,subject101_client1,12587,5,cycling,2951.98
0.1,alpha0p1,101,1,subject101_client1,12588,5,cycling,2953.26
0.1,alpha0p1,101,1,subject101_client1,12589,5,cycling,2954.54
0.1,alpha0p1,101,1,subject101_client1,12590,5,cycling,2955.82
0.1,alpha0p1,101,1,subject101_client1,12591,5,cycling,2957.1
0.1,alpha0p1,101,1,subject101_client1,12592,5,cycling,2958.38
0.1,alpha0p1,101,1,subject101_client1,12593,5,cycling,2959.66
0.1,alpha0p1,101,1,subject101_client1,12594,5,cycling,2960.94
0.1,alpha0p1,101,1,subject101_client1,12595,5,cycling,2962.22
0.1,alpha0p1,101,1,subject101_client1,12596,5,cycling,2963.5
0.1,alpha0p1,101,1,subject101_client1,12597,5,cycling,2964.78
0.1,alpha0p1,101,1,subject101_client1,12598,5,cycling,2966.06
0.1,alpha0p1,101,1,subject101_client1,12599,5,cycling,2967.34
0.1,alpha0p1,101,1,subject101_client1,12600,5,cycling,2968.62
0.1,alpha0p1,101,1,subject101_client1,12601,5,cycling,2969.9
0.1,alpha0p1,101,1,subject101_client1,12602,5,cycling,2971.18
0.1,alpha0p1,101,1,subject101_client1,12603,5,cycling,2972.46
0.1,alpha0p1,101,1,subject101_client1,12604,5,cycling,2973.74
0.1,alpha0p1,101,1,subject101_client1,12605,5,cycling,2975.02
0.1,alpha0p1,101,1,subject101_client1,12606,5,cycling,2976.3
0.1,alpha0p1,101,1,subject101_client1,12607,5,cycling,2977.58
0.1,alpha0p1,101,1,subject101_client1,12608,5,cycling,2978.86
0.1,alpha0p1,101,1,subject101_client1,12609,5,cycling,2980.14
0.1,alpha0p1,101,1,subject101_client1,12610,5,cycling,2981.42
0.1,alpha0p1,101,1,subject101_client1,12611,5,cycling,2982.7
0.1,alpha0p1,101,1,subject101_client1,12612,5,cycling,2983.98
0.1,alpha0p1,101,1,subject101_client1,12613,5,cycling,2985.26
0.1,alpha0p1,101,1,subject101_client1,12614,5,cycling,2986.54
0.1,alpha0p1,101,1,subject101_client1,12615,5,cycling,2987.82
0.1,alpha0p1,101,1,subject101_client1,12616,5,cycling,2989.1
0.1,alpha0p1,101,1,subject101_client1,12617,5,cycling,2990.38
0.1,alpha0p1,101,1,subject101_client1,12618,5,cycling,2991.66
0.1,alpha0p1,101,1,subject101_client1,12619,5,cycling,2992.94
0.1,alpha0p1,101,1,subject101_client1,12620,5,cycling,2994.22
0.1,alpha0p1,101,1,subject101_client1,12621,5,cycling,2995.5
0.1,alpha0p1,101,1,subject101_client1,12622,5,cycling,2996.78
0.1,alpha0p1,101,1,subject101_client1,12623,5,cycling,2998.06
0.1,alpha0p1,101,1,subject101_client1,12624,5,cycling,2999.34
0.1,alpha0p1,101,1,subject101_client1,12625,5,cycling,3000.62
0.1,alpha0p1,101,1,subject101_client1,12626,5,cycling,3001.9
0.1,alpha0p1,101,1,subject101_client1,12627,5,cycling,3003.18
0.1,alpha0p1,101,1,subject101_client1,12628,5,cycling,3004.46
0.1,alpha0p1,101,1,subject101_client1,12629,5,cycling,3005.74
0.1,alpha0p1,101,1,subject101_client1,12630,5,cycling,3007.02
0.1,alpha0p1,101,1,subject101_client1,12631,5,cycling,3008.3
0.1,alpha0p1,101,1,subject101_client1,12632,5,cycling,3009.58
0.1,alpha0p1,101,1,subject101_client1,12633,5,cycling,3010.86
0.1,alpha0p1,101,1,subject101_client1,12634,5,cycling,3012.14
0.1,alpha0p1,101,1,subject101_client1,12635,5,cycling,3013.42
0.1,alpha0p1,101,1,subject101_client1,12636,5,cycling,3014.7
0.1,alpha0p1,101,1,subject101_client1,12637,5,cycling,3015.98
0.1,alpha0p1,101,1,subject101_client1,12638,5,cycling,3017.26
0.1,alpha0p1,101,1,subject101_client1,12639,5,cycling,3018.54
0.1,alpha0p1,101,3,subject101_client3,12641,5,cycling,3021.1
0.1,alpha0p1,101,3,subject101_client3,12642,5,cycling,3022.38
0.1,alpha0p1,101,3,subject101_client3,12643,5,cycling,3023.66
0.1,alpha0p1,101,3,subject101_client3,12644,5,cycling,3024.94
0.1,alpha0p1,101,3,subject101_client3,12645,5,cycling,3026.22
0.1,alpha0p1,101,3,subject101_client3,12646,5,cycling,3027.5
0.1,alpha0p1,101,3,subject101_client3,12647,5,cycling,3028.78
0.1,alpha0p1,101,3,subject101_client3,12648,5,cycling,3030.06
0.1,alpha0p1,101,3,subject101_client3,12649,5,cycling,3031.34
0.1,alpha0p1,101,3,subject101_client3,12650,5,cycling,3032.62
0.1,alpha0p1,101,3,subject101_client3,12651,5,cycling,3033.9
0.1,alpha0p1,101,3,subject101_client3,12652,5,cycling,3035.18
0.1,alpha0p1,101,3,subject101_client3,12653,5,cycling,3036.46
0.1,alpha0p1,101,3,subject101_client3,12654,5,cycling,3037.74
0.1,alpha0p1,101,3,subject101_client3,12655,5,cycling,3039.02
0.1,alpha0p1,101,3,subject101_client3,12656,5,cycling,3040.3
0.1,alpha0p1,101,3,subject101_client3,12657,5,cycling,3041.58
0.1,alpha0p1,101,3,subject101_client3,12658,5,cycling,3042.86
0.1,alpha0p1,101,3,subject101_client3,12659,5,cycling,3044.14
0.1,alpha0p1,101,3,subject101_client3,12660,5,cycling,3045.42
0.1,alpha0p1,101,3,subject101_client3,12661,5,cycling,3046.7
0.1,alpha0p1,101,3,subject101_client3,12662,5,cycling,3047.98
0.1,alpha0p1,101,3,subject101_client3,12663,5,cycling,3049.26
0.1,alpha0p1,101,3,subject101_client3,12664,5,cycling,3050.54
0.1,alpha0p1,101,3,subject101_client3,12665,5,cycling,3051.82
0.1,alpha0p1,101,3,subject101_client3,12666,5,cycling,3053.1
0.1,alpha0p1,101,3,subject101_client3,12667,5,cycling,3054.38
0.1,alpha0p1,101,3,subject101_client3,12668,5,cycling,3055.66
0.1,alpha0p1,101,3,subject101_client3,12669,5,cycling,3056.94
0.1,alpha0p1,101,3,subject101_client3,12670,5,cycling,3058.22
0.1,alpha0p1,101,3,subject101_client3,12671,5,cycling,3059.5
0.1,alpha0p1,101,3,subject101_client3,12672,5,cycling,3060.78
0.1,alpha0p1,101,3,subject101_client3,12673,5,cycling,3062.06
0.1,alpha0p1,101,3,subject101_client3,12674,5,cycling,3063.34
0.1,alpha0p1,101,3,subject101_client3,12675,5,cycling,3064.62
0.1,alpha0p1,101,3,subject101_client3,12676,5,cycling,3065.9
0.1,alpha0p1,101,3,subject101_client3,12677,5,cycling,3067.18
0.1,alpha0p1,101,3,subject101_client3,12678,5,cycling,3068.46
0.1,alpha0p1,101,3,subject101_client3,12679,5,cycling,3069.74
0.1,alpha0p1,101,3,subject101_client3,12680,5,cycling,3071.02
0.1,alpha0p1,101,0,subject101_client0,12682,4,running,3135.8
0.1,alpha0p1,101,0,subject101_client0,12683,4,running,3137.08
0.1,alpha0p1,101,0,subject101_client0,12684,4,running,3138.36
0.1,alpha0p1,101,0,subject101_client0,12685,4,running,3139.64
0.1,alpha0p1,101,0,subject101_client0,12686,4,running,3140.92
0.1,alpha0p1,101,0,subject101_client0,12687,4,running,3142.2
0.1,alpha0p1,101,0,subject101_client0,12688,4,running,3143.48
0.1,alpha0p1,101,0,subject101_client0,12689,4,running,3144.76
0.1,alpha0p1,101,0,subject101_client0,12690,4,running,3146.04
0.1,alpha0p1,101,0,subject101_client0,12691,4,running,3147.32
0.1,alpha0p1,101,0,subject101_client0,12692,4,running,3148.6
0.1,alpha0p1,101,0,subject101_client0,12693,4,running,3149.88
0.1,alpha0p1,101,0,subject101_client0,12694,4,running,3151.16
0.1,alpha0p1,101,0,subject101_client0,12695,4,running,3152.44
0.1,alpha0p1,101,0,subject101_client0,12696,4,running,3153.72
0.1,alpha0p1,101,0,subject101_client0,12697,4,running,3155.0
0.1,alpha0p1,101,0,subject101_client0,12698,4,running,3156.28
0.1,alpha0p1,101,0,subject101_client0,12699,4,running,3157.56
0.1,alpha0p1,101,0,subject101_client0,12700,4,running,3158.84
0.1,alpha0p1,101,0,subject101_client0,12701,4,running,3160.12
0.1,alpha0p1,101,0,subject101_client0,12702,4,running,3161.4
0.1,alpha0p1,101,0,subject101_client0,12703,4,running,3162.68
0.1,alpha0p1,101,0,subject101_client0,12704,4,running,3163.96
0.1,alpha0p1,101,0,subject101_client0,12705,4,running,3165.24
0.1,alpha0p1,101,0,subject101_client0,12706,4,running,3166.52
0.1,alpha0p1,101,0,subject101_client0,12707,4,running,3167.8
0.1,alpha0p1,101,0,subject101_client0,12708,4,running,3169.08
0.1,alpha0p1,101,0,subject101_client0,12709,4,running,3170.36
0.1,alpha0p1,101,0,subject101_client0,12710,4,running,3171.64
0.1,alpha0p1,101,0,subject101_client0,12711,4,running,3172.92
0.1,alpha0p1,101,0,subject101_client0,12712,4,running,3174.2
0.1,alpha0p1,101,0,subject101_client0,12713,4,running,3175.48
0.1,alpha0p1,101,0,subject101_client0,12714,4,running,3176.76
0.1,alpha0p1,101,0,subject101_client0,12715,4,running,3178.04
0.1,alpha0p1,101,0,subject101_client0,12716,4,running,3179.32
0.1,alpha0p1,101,0,subject101_client0,12717,4,running,3180.6
0.1,alpha0p1,101,0,subject101_client0,12718,4,running,3181.88
0.1,alpha0p1,101,0,subject101_client0,12719,4,running,3183.16
0.1,alpha0p1,101,0,subject101_client0,12720,4,running,3184.44
0.1,alpha0p1,101,0,subject101_client0,12721,4,running,3185.72
0.1,alpha0p1,101,0,subject101_client0,12722,4,running,3187.0
0.1,alpha0p1,101,0,subject101_client0,12723,4,running,3188.28
0.1,alpha0p1,101,0,subject101_client0,12724,4,running,3189.56
0.1,alpha0p1,101,0,subject101_client0,12725,4,running,3190.84
0.1,alpha0p1,101,0,subject101_client0,12726,4,running,3192.12
0.1,alpha0p1,101,0,subject101_client0,12727,4,running,3193.4
0.1,alpha0p1,101,0,subject101_client0,12728,4,running,3194.68
0.1,alpha0p1,101,0,subject101_client0,12729,4,running,3195.96
0.1,alpha0p1,101,0,subject101_client0,12730,4,running,3197.24
0.1,alpha0p1,101,0,subject101_client0,12731,4,running,3198.52
0.1,alpha0p1,101,0,subject101_client0,12732,4,running,3199.8
0.1,alpha0p1,101,0,subject101_client0,12733,4,running,3201.08
0.1,alpha0p1,101,0,subject101_client0,12734,4,running,3202.36
0.1,alpha0p1,101,0,subject101_client0,12735,4,running,3203.64
0.1,alpha0p1,101,0,subject101_client0,12736,4,running,3204.92
0.1,alpha0p1,101,0,subject101_client0,12737,4,running,3206.2
0.1,alpha0p1,101,0,subject101_client0,12738,4,running,3207.48
0.1,alpha0p1,101,0,subject101_client0,12739,4,running,3208.76
0.1,alpha0p1,101,0,subject101_client0,12740,4,running,3210.04
0.1,alpha0p1,101,0,subject101_client0,12741,4,running,3211.32
0.1,alpha0p1,101,0,subject101_client0,12742,4,running,3212.6
0.1,alpha0p1,101,0,subject101_client0,12743,4,running,3213.88
0.1,alpha0p1,101,0,subject101_client0,12744,4,running,3215.16
0.1,alpha0p1,101,0,subject101_client0,12745,4,running,3216.44
0.1,alpha0p1,101,0,subject101_client0,12746,4,running,3217.72
0.1,alpha0p1,101,0,subject101_client0,12747,4,running,3219.0
0.1,alpha0p1,101,0,subject101_client0,12748,4,running,3220.28
0.1,alpha0p1,101,0,subject101_client0,12749,4,running,3221.56
0.1,alpha0p1,101,0,subject101_client0,12750,4,running,3222.84
0.1,alpha0p1,101,0,subject101_client0,12751,4,running,3224.12
0.1,alpha0p1,101,0,subject101_client0,12752,4,running,3225.4
0.1,alpha0p1,101,0,subject101_client0,12753,4,running,3226.68
0.1,alpha0p1,101,0,subject101_client0,12754,4,running,3227.96
0.1,alpha0p1,101,0,subject101_client0,12755,4,running,3229.24
0.1,alpha0p1,101,0,subject101_client0,12756,4,running,3230.52
0.1,alpha0p1,101,0,subject101_client0,12757,4,running,3231.8
0.1,alpha0p1,101,0,subject101_client0,12758,4,running,3233.08
0.1,alpha0p1,101,0,subject101_client0,12759,4,running,3234.36
0.1,alpha0p1,101,0,subject101_client0,12760,4,running,3235.64
0.1,alpha0p1,101,0,subject101_client0,12761,4,running,3236.92
0.1,alpha0p1,101,0,subject101_client0,12762,4,running,3238.2
0.1,alpha0p1,101,0,subject101_client0,12763,4,running,3239.48
0.1,alpha0p1,101,0,subject101_client0,12764,4,running,3240.76
0.1,alpha0p1,101,0,subject101_client0,12765,4,running,3242.04
0.1,alpha0p1,101,0,subject101_client0,12766,4,running,3243.32
0.1,alpha0p1,101,0,subject101_client0,12767,4,running,3244.6
0.1,alpha0p1,101,0,subject101_client0,12768,4,running,3245.88
0.1,alpha0p1,101,0,subject101_client0,12769,4,running,3247.16
0.1,alpha0p1,101,0,subject101_client0,12770,4,running,3248.44
0.1,alpha0p1,101,0,subject101_client0,12771,4,running,3249.72
0.1,alpha0p1,101,0,subject101_client0,12772,4,running,3251.0
0.1,alpha0p1,101,0,subject101_client0,12773,4,running,3252.28
0.1,alpha0p1,101,0,subject101_client0,12774,4,running,3253.56
0.1,alpha0p1,101,0,subject101_client0,12775,4,running,3254.84
0.1,alpha0p1,101,0,subject101_client0,12776,4,running,3256.12
0.1,alpha0p1,101,0,subject101_client0,12777,4,running,3257.4
0.1,alpha0p1,101,0,subject101_client0,12778,4,running,3258.68
0.1,alpha0p1,101,0,subject101_client0,12779,4,running,3259.96
0.1,alpha0p1,101,0,subject101_client0,12780,4,running,3261.24
0.1,alpha0p1,101,0,subject101_client0,12781,4,running,3262.52
0.1,alpha0p1,101,0,subject101_client0,12782,4,running,3263.8
0.1,alpha0p1,101,0,subject101_client0,12783,4,running,3265.08
0.1,alpha0p1,101,0,subject101_client0,12784,4,running,3266.36
0.1,alpha0p1,101,0,subject101_client0,12785,4,running,3267.64
0.1,alpha0p1,101,0,subject101_client0,12786,4,running,3268.92
0.1,alpha0p1,101,0,subject101_client0,12787,4,running,3270.2
0.1,alpha0p1,101,0,subject101_client0,12788,4,running,3271.48
0.1,alpha0p1,101,0,subject101_client0,12789,4,running,3272.76
0.1,alpha0p1,101,0,subject101_client0,12790,4,running,3274.04
0.1,alpha0p1,101,0,subject101_client0,12791,4,running,3275.32
0.1,alpha0p1,101,0,subject101_client0,12792,4,running,3276.6
0.1,alpha0p1,101,0,subject101_client0,12793,4,running,3277.88
0.1,alpha0p1,101,0,subject101_client0,12794,4,running,3279.16
0.1,alpha0p1,101,0,subject101_client0,12795,4,running,3280.44
0.1,alpha0p1,101,0,subject101_client0,12796,4,running,3281.72
0.1,alpha0p1,101,0,subject101_client0,12797,4,running,3283.0
0.1,alpha0p1,101,0,subject101_client0,12798,4,running,3284.28
0.1,alpha0p1,101,0,subject101_client0,12799,4,running,3285.56
0.1,alpha0p1,101,0,subject101_client0,12800,4,running,3286.84
0.1,alpha0p1,101,0,subject101_client0,12801,4,running,3288.12
0.1,alpha0p1,101,0,subject101_client0,12802,4,running,3289.4
0.1,alpha0p1,101,0,subject101_client0,12803,4,running,3290.68
0.1,alpha0p1,101,0,subject101_client0,12804,4,running,3291.96
0.1,alpha0p1,101,0,subject101_client0,12805,4,running,3293.24
0.1,alpha0p1,101,0,subject101_client0,12806,4,running,3294.52
0.1,alpha0p1,101,0,subject101_client0,12807,4,running,3295.8
0.1,alpha0p1,101,0,subject101_client0,12808,4,running,3297.08
0.1,alpha0p1,101,0,subject101_client0,12809,4,running,3298.36
0.1,alpha0p1,101,0,subject101_client0,12810,4,running,3299.64
0.1,alpha0p1,101,0,subject101_client0,12811,4,running,3300.92
0.1,alpha0p1,101,0,subject101_client0,12812,4,running,3302.2
0.1,alpha0p1,101,0,subject101_client0,12813,4,running,3303.48
0.1,alpha0p1,101,0,subject101_client0,12814,4,running,3304.76
0.1,alpha0p1,101,0,subject101_client0,12815,4,running,3306.04
0.1,alpha0p1,101,0,subject101_client0,12816,4,running,3307.32
0.1,alpha0p1,101,0,subject101_client0,12817,4,running,3308.6
0.1,alpha0p1,101,0,subject101_client0,12818,4,running,3309.88
0.1,alpha0p1,101,0,subject101_client0,12819,4,running,3311.16
0.1,alpha0p1,101,0,subject101_client0,12820,4,running,3312.44
0.1,alpha0p1,101,0,subject101_client0,12821,4,running,3313.72
0.1,alpha0p1,101,0,subject101_client0,12822,4,running,3315.0
0.1,alpha0p1,101,0,subject101_client0,12823,4,running,3316.28
0.1,alpha0p1,101,0,subject101_client0,12824,4,running,3317.56
0.1,alpha0p1,101,0,subject101_client0,12825,4,running,3318.84
0.1,alpha0p1,101,0,subject101_client0,12826,4,running,3320.12
0.1,alpha0p1,101,0,subject101_client0,12827,4,running,3321.4
0.1,alpha0p1,101,0,subject101_client0,12828,4,running,3322.68
0.1,alpha0p1,101,0,subject101_client0,12829,4,running,3323.96
0.1,alpha0p1,101,0,subject101_client0,12830,4,running,3325.24
0.1,alpha0p1,101,0,subject101_client0,12831,4,running,3326.52
0.1,alpha0p1,101,0,subject101_client0,12832,4,running,3327.8
0.1,alpha0p1,101,0,subject101_client0,12833,4,running,3329.08
0.1,alpha0p1,101,0,subject101_client0,12834,4,running,3330.36
0.1,alpha0p1,101,0,subject101_client0,12835,4,running,3331.64
0.1,alpha0p1,101,0,subject101_client0,12836,4,running,3332.92
0.1,alpha0p1,101,0,subject101_client0,12837,4,running,3334.2
0.1,alpha0p1,101,0,subject101_client0,12838,4,running,3335.48
0.1,alpha0p1,101,1,subject101_client1,12840,4,running,3338.04
0.1,alpha0p1,101,1,subject101_client1,12841,4,running,3339.32
0.1,alpha0p1,101,1,subject101_client1,12842,4,running,3340.6
0.1,alpha0p1,101,1,subject101_client1,12843,4,running,3341.88
0.1,alpha0p1,101,1,subject101_client1,12844,4,running,3343.16
0.1,alpha0p1,101,3,subject101_client3,12846,4,running,3345.72
0.1,alpha0p1,101,1,subject101_client1,12847,11,rope jumping,3497.26
0.1,alpha0p1,101,1,subject101_client1,12848,11,rope jumping,3498.54
0.1,alpha0p1,101,1,subject101_client1,12849,11,rope jumping,3499.82
0.1,alpha0p1,101,1,subject101_client1,12850,11,rope jumping,3501.1
0.1,alpha0p1,101,1,subject101_client1,12851,11,rope jumping,3502.38
0.1,alpha0p1,101,1,subject101_client1,12852,11,rope jumping,3503.66
0.1,alpha0p1,101,1,subject101_client1,12853,11,rope jumping,3504.94
0.1,alpha0p1,101,1,subject101_client1,12854,11,rope jumping,3506.22
0.1,alpha0p1,101,1,subject101_client1,12855,11,rope jumping,3507.5
0.1,alpha0p1,101,1,subject101_client1,12856,11,rope jumping,3508.78
0.1,alpha0p1,101,1,subject101_client1,12857,11,rope jumping,3510.06
0.1,alpha0p1,101,1,subject101_client1,12858,11,rope jumping,3511.34
0.1,alpha0p1,101,1,subject101_client1,12859,11,rope jumping,3512.62
0.1,alpha0p1,101,1,subject101_client1,12860,11,rope jumping,3513.9
0.1,alpha0p1,101,1,subject101_client1,12861,11,rope jumping,3515.18
0.1,alpha0p1,101,1,subject101_client1,12862,11,rope jumping,3516.46
0.1,alpha0p1,101,1,subject101_client1,12863,11,rope jumping,3517.74
0.1,alpha0p1,101,1,subject101_client1,12864,11,rope jumping,3519.02
0.1,alpha0p1,101,1,subject101_client1,12865,11,rope jumping,3520.3
0.1,alpha0p1,101,1,subject101_client1,12866,11,rope jumping,3521.58
0.1,alpha0p1,101,1,subject101_client1,12867,11,rope jumping,3522.86
0.1,alpha0p1,101,1,subject101_client1,12868,11,rope jumping,3524.14
0.1,alpha0p1,101,1,subject101_client1,12869,11,rope jumping,3525.42
0.1,alpha0p1,101,1,subject101_client1,12870,11,rope jumping,3526.7
0.1,alpha0p1,101,1,subject101_client1,12871,11,rope jumping,3527.98
0.1,alpha0p1,101,1,subject101_client1,12872,11,rope jumping,3529.26
0.1,alpha0p1,101,1,subject101_client1,12873,11,rope jumping,3530.54
0.1,alpha0p1,101,1,subject101_client1,12874,11,rope jumping,3531.82
0.1,alpha0p1,101,1,subject101_client1,12875,11,rope jumping,3533.1
0.1,alpha0p1,101,1,subject101_client1,12876,11,rope jumping,3534.38
0.1,alpha0p1,101,1,subject101_client1,12877,11,rope jumping,3535.66
0.1,alpha0p1,101,1,subject101_client1,12878,11,rope jumping,3536.94
0.1,alpha0p1,101,1,subject101_client1,12879,11,rope jumping,3538.22
0.1,alpha0p1,101,1,subject101_client1,12880,11,rope jumping,3539.5
0.1,alpha0p1,101,1,subject101_client1,12881,11,rope jumping,3540.78
0.1,alpha0p1,101,1,subject101_client1,12882,11,rope jumping,3542.06
0.1,alpha0p1,101,1,subject101_client1,12883,11,rope jumping,3543.34
0.1,alpha0p1,101,1,subject101_client1,12884,11,rope jumping,3544.62
0.1,alpha0p1,101,1,subject101_client1,12885,11,rope jumping,3545.9
0.1,alpha0p1,101,1,subject101_client1,12886,11,rope jumping,3547.18
0.1,alpha0p1,101,1,subject101_client1,12887,11,rope jumping,3548.46
0.1,alpha0p1,101,1,subject101_client1,12888,11,rope jumping,3549.74
0.1,alpha0p1,101,1,subject101_client1,12889,11,rope jumping,3551.02
0.1,alpha0p1,101,1,subject101_client1,12890,11,rope jumping,3552.3
0.1,alpha0p1,101,1,subject101_client1,12891,11,rope jumping,3553.58
0.1,alpha0p1,101,3,subject101_client3,12893,11,rope jumping,3556.14
0.1,alpha0p1,101,3,subject101_client3,12894,11,rope jumping,3557.42
0.1,alpha0p1,101,3,subject101_client3,12895,11,rope jumping,3558.7
0.1,alpha0p1,101,3,subject101_client3,12896,11,rope jumping,3559.98
0.1,alpha0p1,101,3,subject101_client3,12897,11,rope jumping,3561.26
0.1,alpha0p1,101,3,subject101_client3,12898,11,rope jumping,3562.54
0.1,alpha0p1,101,3,subject101_client3,12899,11,rope jumping,3563.82
0.1,alpha0p1,101,3,subject101_client3,12900,11,rope jumping,3565.1
0.1,alpha0p1,101,3,subject101_client3,12901,11,rope jumping,3566.38
0.1,alpha0p1,101,3,subject101_client3,12902,11,rope jumping,3567.66
0.1,alpha0p1,101,3,subject101_client3,12903,11,rope jumping,3568.94
0.1,alpha0p1,101,3,subject101_client3,12904,11,rope jumping,3570.22
0.1,alpha0p1,101,3,subject101_client3,12905,11,rope jumping,3571.5
0.1,alpha0p1,101,3,subject101_client3,12906,11,rope jumping,3572.78
0.1,alpha0p1,101,3,subject101_client3,12907,11,rope jumping,3574.06
0.1,alpha0p1,101,3,subject101_client3,12908,11,rope jumping,3575.34
0.1,alpha0p1,101,3,subject101_client3,12909,11,rope jumping,3576.62
0.1,alpha0p1,101,3,subject101_client3,12910,11,rope jumping,3577.9
0.1,alpha0p1,101,3,subject101_client3,12911,11,rope jumping,3579.18
0.1,alpha0p1,101,3,subject101_client3,12912,11,rope jumping,3580.46
0.1,alpha0p1,101,3,subject101_client3,12913,11,rope jumping,3581.74
0.1,alpha0p1,101,3,subject101_client3,12914,11,rope jumping,3583.02
0.1,alpha0p1,101,3,subject101_client3,12915,11,rope jumping,3584.3
0.1,alpha0p1,101,3,subject101_client3,12916,11,rope jumping,3585.58
0.1,alpha0p1,101,3,subject101_client3,12917,11,rope jumping,3586.86
0.1,alpha0p1,101,3,subject101_client3,12918,11,rope jumping,3588.14
0.1,alpha0p1,101,3,subject101_client3,12919,11,rope jumping,3589.42
0.1,alpha0p1,101,3,subject101_client3,12920,11,rope jumping,3590.7
0.1,alpha0p1,101,3,subject101_client3,12921,11,rope jumping,3591.98
0.1,alpha0p1,101,3,subject101_client3,12922,11,rope jumping,3593.26
0.1,alpha0p1,101,3,subject101_client3,12923,11,rope jumping,3594.54
0.1,alpha0p1,101,3,subject101_client3,12924,11,rope jumping,3595.82
0.1,alpha0p1,101,0,subject101_client0,12926,11,rope jumping,3598.38
0.1,alpha0p1,101,0,subject101_client0,12927,11,rope jumping,3599.66
0.1,alpha0p1,101,0,subject101_client0,12928,11,rope jumping,3600.94
0.1,alpha0p1,101,0,subject101_client0,12929,11,rope jumping,3602.22
0.1,alpha0p1,101,2,subject101_client2,12931,11,rope jumping,3604.78
0.1,alpha0p1,101,2,subject101_client2,12932,11,rope jumping,3606.06
0.1,alpha0p1,101,2,subject101_client2,12933,11,rope jumping,3607.34
0.1,alpha0p1,101,2,subject101_client2,12934,11,rope jumping,3608.62
0.1,alpha0p1,101,2,subject101_client2,12935,11,rope jumping,3609.9
0.1,alpha0p1,101,2,subject101_client2,12936,11,rope jumping,3611.18
0.1,alpha0p1,101,2,subject101_client2,12937,11,rope jumping,3612.46
0.1,alpha0p1,101,2,subject101_client2,12938,11,rope jumping,3613.74
0.1,alpha0p1,101,2,subject101_client2,12939,11,rope jumping,3615.02
0.1,alpha0p1,101,2,subject101_client2,12940,11,rope jumping,3616.3
0.1,alpha0p1,101,2,subject101_client2,12941,11,rope jumping,3617.58
0.1,alpha0p1,101,2,subject101_client2,12942,11,rope jumping,3618.86
0.1,alpha0p1,101,2,subject101_client2,12943,11,rope jumping,3620.14
0.1,alpha0p1,101,2,subject101_client2,12944,11,rope jumping,3621.42
0.1,alpha0p1,101,2,subject101_client2,12945,11,rope jumping,3622.7
0.1,alpha0p1,102,3,subject102_client3,0,0,lying,55.2
0.1,alpha0p1,102,3,subject102_client3,1,0,lying,56.48
0.1,alpha0p1,102,3,subject102_client3,2,0,lying,57.76
0.1,alpha0p1,102,3,subject102_client3,3,0,lying,59.04
0.1,alpha0p1,102,3,subject102_client3,4,0,lying,60.32
0.1,alpha0p1,102,3,subject102_client3,5,0,lying,61.6
0.1,alpha0p1,102,3,subject102_client3,6,0,lying,62.88
0.1,alpha0p1,102,3,subject102_client3,7,0,lying,64.16
0.1,alpha0p1,102,3,subject102_client3,8,0,lying,65.44
0.1,alpha0p1,102,3,subject102_client3,9,0,lying,66.72
0.1,alpha0p1,102,3,subject102_client3,10,0,lying,68.0
0.1,alpha0p1,102,3,subject102_client3,11,0,lying,69.28
0.1,alpha0p1,102,3,subject102_client3,12,0,lying,70.56
0.1,alpha0p1,102,3,subject102_client3,13,0,lying,71.84
0.1,alpha0p1,102,3,subject102_client3,14,0,lying,73.12
0.1,alpha0p1,102,3,subject102_client3,15,0,lying,74.4
0.1,alpha0p1,102,3,subject102_client3,16,0,lying,75.68
0.1,alpha0p1,102,3,subject102_client3,17,0,lying,76.96
0.1,alpha0p1,102,3,subject102_client3,18,0,lying,78.24
0.1,alpha0p1,102,3,subject102_client3,19,0,lying,79.52
0.1,alpha0p1,102,3,subject102_client3,20,0,lying,80.8
0.1,alpha0p1,102,3,subject102_client3,21,0,lying,82.08
0.1,alpha0p1,102,3,subject102_client3,22,0,lying,83.36
0.1,alpha0p1,102,3,subject102_client3,23,0,lying,84.64
0.1,alpha0p1,102,3,subject102_client3,24,0,lying,85.92
0.1,alpha0p1,102,3,subject102_client3,25,0,lying,87.2
0.1,alpha0p1,102,3,subject102_client3,26,0,lying,88.48
0.1,alpha0p1,102,2,subject102_client2,28,0,lying,91.04
0.1,alpha0p1,102,2,subject102_client2,29,0,lying,92.32
0.1,alpha0p1,102,2,subject102_client2,30,0,lying,93.6
0.1,alpha0p1,102,2,subject102_client2,31,0,lying,94.88
0.1,alpha0p1,102,2,subject102_client2,32,0,lying,96.16
0.1,alpha0p1,102,2,subject102_client2,33,0,lying,97.44
0.1,alpha0p1,102,2,subject102_client2,34,0,lying,98.72
0.1,alpha0p1,102,2,subject102_client2,35,0,lying,100.0
0.1,alpha0p1,102,2,subject102_client2,36,0,lying,101.28
0.1,alpha0p1,102,2,subject102_client2,37,0,lying,102.56
0.1,alpha0p1,102,2,subject102_client2,38,0,lying,103.84
0.1,alpha0p1,102,2,subject102_client2,39,0,lying,105.12
0.1,alpha0p1,102,2,subject102_client2,40,0,lying,106.4
0.1,alpha0p1,102,2,subject102_client2,41,0,lying,107.68
0.1,alpha0p1,102,2,subject102_client2,42,0,lying,108.96
0.1,alpha0p1,102,2,subject102_client2,43,0,lying,110.24
0.1,alpha0p1,102,2,subject102_client2,44,0,lying,111.52
0.1,alpha0p1,102,2,subject102_client2,45,0,lying,112.8
0.1,alpha0p1,102,2,subject102_client2,46,0,lying,114.08
0.1,alpha0p1,102,2,subject102_client2,47,0,lying,115.36
0.1,alpha0p1,102,2,subject102_client2,48,0,lying,116.64
0.1,alpha0p1,102,2,subject102_client2,49,0,lying,117.92
0.1,alpha0p1,102,2,subject102_client2,50,0,lying,119.2
0.1,alpha0p1,102,2,subject102_client2,51,0,lying,120.48
0.1,alpha0p1,102,2,subject102_client2,52,0,lying,121.76
0.1,alpha0p1,102,2,subject102_client2,53,0,lying,123.04
0.1,alpha0p1,102,2,subject102_client2,54,0,lying,124.32
0.1,alpha0p1,102,2,subject102_client2,55,0,lying,125.6
0.1,alpha0p1,102,2,subject102_client2,56,0,lying,126.88
0.1,alpha0p1,102,2,subject102_client2,57,0,lying,128.16
0.1,alpha0p1,102,2,subject102_client2,58,0,lying,129.44
0.1,alpha0p1,102,2,subject102_client2,59,0,lying,130.72
0.1,alpha0p1,102,2,subject102_client2,60,0,lying,132.0
0.1,alpha0p1,102,2,subject102_client2,61,0,lying,133.28
0.1,alpha0p1,102,2,subject102_client2,62,0,lying,134.56
0.1,alpha0p1,102,2,subject102_client2,63,0,lying,135.84
0.1,alpha0p1,102,2,subject102_client2,64,0,lying,137.12
0.1,alpha0p1,102,2,subject102_client2,65,0,lying,138.4
0.1,alpha0p1,102,2,subject102_client2,66,0,lying,139.68
0.1,alpha0p1,102,2,subject102_client2,67,0,lying,140.96
0.1,alpha0p1,102,2,subject102_client2,68,0,lying,142.24
0.1,alpha0p1,102,2,subject102_client2,69,0,lying,143.52
0.1,alpha0p1,102,2,subject102_client2,70,0,lying,144.8
0.1,alpha0p1,102,2,subject102_client2,71,0,lying,146.08
0.1,alpha0p1,102,2,subject102_client2,72,0,lying,147.36
0.1,alpha0p1,102,2,subject102_client2,73,0,lying,148.64
0.1,alpha0p1,102,2,subject102_client2,74,0,lying,149.92
0.1,alpha0p1,102,2,subject102_client2,75,0,lying,151.2
0.1,alpha0p1,102,2,subject102_client2,76,0,lying,152.48
0.1,alpha0p1,102,2,subject102_client2,77,0,lying,153.76
0.1,alpha0p1,102,2,subject102_client2,78,0,lying,155.04
0.1,alpha0p1,102,2,subject102_client2,79,0,lying,156.32
0.1,alpha0p1,102,2,subject102_client2,80,0,lying,157.6
0.1,alpha0p1,102,2,subject102_client2,81,0,lying,158.88
0.1,alpha0p1,102,2,subject102_client2,82,0,lying,160.16
0.1,alpha0p1,102,2,subject102_client2,83,0,lying,161.44
0.1,alpha0p1,102,2,subject102_client2,84,0,lying,162.72
0.1,alpha0p1,102,2,subject102_client2,85,0,lying,164.0
0.1,alpha0p1,102,2,subject102_client2,86,0,lying,165.28
0.1,alpha0p1,102,2,subject102_client2,87,0,lying,166.56
0.1,alpha0p1,102,2,subject102_client2,88,0,lying,167.84
0.1,alpha0p1,102,2,subject102_client2,89,0,lying,169.12
0.1,alpha0p1,102,2,subject102_client2,90,0,lying,170.4
0.1,alpha0p1,102,2,subject102_client2,91,0,lying,171.68
0.1,alpha0p1,102,2,subject102_client2,92,0,lying,172.96
0.1,alpha0p1,102,2,subject102_client2,93,0,lying,174.24
0.1,alpha0p1,102,2,subject102_client2,94,0,lying,175.52
0.1,alpha0p1,102,2,subject102_client2,95,0,lying,176.8
0.1,alpha0p1,102,2,subject102_client2,96,0,lying,178.08
0.1,alpha0p1,102,2,subject102_client2,97,0,lying,179.36
0.1,alpha0p1,102,2,subject102_client2,98,0,lying,180.64
0.1,alpha0p1,102,2,subject102_client2,99,0,lying,181.92
0.1,alpha0p1,102,2,subject102_client2,100,0,lying,183.2
0.1,alpha0p1,102,2,subject102_client2,101,0,lying,184.48
0.1,alpha0p1,102,2,subject102_client2,102,0,lying,185.76
0.1,alpha0p1,102,2,subject102_client2,103,0,lying,187.04
0.1,alpha0p1,102,2,subject102_client2,104,0,lying,188.32
0.1,alpha0p1,102,2,subject102_client2,105,0,lying,189.6
0.1,alpha0p1,102,2,subject102_client2,106,0,lying,190.88
0.1,alpha0p1,102,2,subject102_client2,107,0,lying,192.16
0.1,alpha0p1,102,2,subject102_client2,108,0,lying,193.44
0.1,alpha0p1,102,2,subject102_client2,109,0,lying,194.72
0.1,alpha0p1,102,2,subject102_client2,110,0,lying,196.0
0.1,alpha0p1,102,2,subject102_client2,111,0,lying,197.28
0.1,alpha0p1,102,2,subject102_client2,112,0,lying,198.56
0.1,alpha0p1,102,2,subject102_client2,113,0,lying,199.84
0.1,alpha0p1,102,2,subject102_client2,114,0,lying,201.12
0.1,alpha0p1,102,2,subject102_client2,115,0,lying,202.4
0.1,alpha0p1,102,2,subject102_client2,116,0,lying,203.68
0.1,alpha0p1,102,2,subject102_client2,117,0,lying,204.96
0.1,alpha0p1,102,2,subject102_client2,118,0,lying,206.24
0.1,alpha0p1,102,2,subject102_client2,119,0,lying,207.52
0.1,alpha0p1,102,2,subject102_client2,120,0,lying,208.8
0.1,alpha0p1,102,2,subject102_client2,121,0,lying,210.08
0.1,alpha0p1,102,2,subject102_client2,122,0,lying,211.36
0.1,alpha0p1,102,2,subject102_client2,123,0,lying,212.64
0.1,alpha0p1,102,2,subject102_client2,124,0,lying,213.92
0.1,alpha0p1,102,2,subject102_client2,125,0,lying,215.2
0.1,alpha0p1,102,2,subject102_client2,126,0,lying,216.48
0.1,alpha0p1,102,2,subject102_client2,127,0,lying,217.76
0.1,alpha0p1,102,2,subject102_client2,128,0,lying,219.04
0.1,alpha0p1,102,2,subject102_client2,129,0,lying,220.32
0.1,alpha0p1,102,2,subject102_client2,130,0,lying,221.6
0.1,alpha0p1,102,2,subject102_client2,131,0,lying,222.88
0.1,alpha0p1,102,2,subject102_client2,132,0,lying,224.16
0.1,alpha0p1,102,2,subject102_client2,133,0,lying,225.44
0.1,alpha0p1,102,2,subject102_client2,134,0,lying,226.72
0.1,alpha0p1,102,2,subject102_client2,135,0,lying,228.0
0.1,alpha0p1,102,2,subject102_client2,136,0,lying,229.28
0.1,alpha0p1,102,2,subject102_client2,137,0,lying,230.56
0.1,alpha0p1,102,2,subject102_client2,138,0,lying,231.84
0.1,alpha0p1,102,2,subject102_client2,139,0,lying,233.12
0.1,alpha0p1,102,2,subject102_client2,140,0,lying,234.4
0.1,alpha0p1,102,2,subject102_client2,141,0,lying,235.68
0.1,alpha0p1,102,2,subject102_client2,142,0,lying,236.96
0.1,alpha0p1,102,2,subject102_client2,143,0,lying,238.24
0.1,alpha0p1,102,2,subject102_client2,144,0,lying,239.52
0.1,alpha0p1,102,2,subject102_client2,145,0,lying,240.8
0.1,alpha0p1,102,2,subject102_client2,146,0,lying,242.08
0.1,alpha0p1,102,2,subject102_client2,147,0,lying,243.36
0.1,alpha0p1,102,2,subject102_client2,148,0,lying,244.64
0.1,alpha0p1,102,2,subject102_client2,149,0,lying,245.92
0.1,alpha0p1,102,2,subject102_client2,150,0,lying,247.2
0.1,alpha0p1,102,2,subject102_client2,151,0,lying,248.48
0.1,alpha0p1,102,2,subject102_client2,152,0,lying,249.76
0.1,alpha0p1,102,2,subject102_client2,153,0,lying,251.04
0.1,alpha0p1,102,2,subject102_client2,154,0,lying,252.32
0.1,alpha0p1,102,2,subject102_client2,155,0,lying,253.6
0.1,alpha0p1,102,2,subject102_client2,156,0,lying,254.88
0.1,alpha0p1,102,2,subject102_client2,157,0,lying,256.16
0.1,alpha0p1,102,2,subject102_client2,158,0,lying,257.44
0.1,alpha0p1,102,2,subject102_client2,159,0,lying,258.72
0.1,alpha0p1,102,2,subject102_client2,160,0,lying,260.0
0.1,alpha0p1,102,2,subject102_client2,161,0,lying,261.28
0.1,alpha0p1,102,2,subject102_client2,162,0,lying,262.56
0.1,alpha0p1,102,2,subject102_client2,163,0,lying,263.84
0.1,alpha0p1,102,2,subject102_client2,164,0,lying,265.12
0.1,alpha0p1,102,2,subject102_client2,165,0,lying,266.4
0.1,alpha0p1,102,2,subject102_client2,166,0,lying,267.68
0.1,alpha0p1,102,2,subject102_client2,167,0,lying,268.96
0.1,alpha0p1,102,2,subject102_client2,168,0,lying,270.24
0.1,alpha0p1,102,2,subject102_client2,169,0,lying,271.52
0.1,alpha0p1,102,2,subject102_client2,170,0,lying,272.8
0.1,alpha0p1,102,2,subject102_client2,171,0,lying,274.08
0.1,alpha0p1,102,2,subject102_client2,172,0,lying,275.36
0.1,alpha0p1,102,2,subject102_client2,173,0,lying,276.64
0.1,alpha0p1,102,2,subject102_client2,174,0,lying,277.92
0.1,alpha0p1,102,2,subject102_client2,175,0,lying,279.2
0.1,alpha0p1,102,2,subject102_client2,176,0,lying,280.48
0.1,alpha0p1,102,2,subject102_client2,177,0,lying,281.76
0.1,alpha0p1,102,2,subject102_client2,178,0,lying,283.04
0.1,alpha0p1,102,2,subject102_client2,179,0,lying,284.32
0.1,alpha0p1,102,2,subject102_client2,180,0,lying,285.6
0.1,alpha0p1,102,2,subject102_client2,181,0,lying,286.88
0.1,alpha0p1,102,3,subject102_client3,182,1,sitting,352.16
0.1,alpha0p1,102,3,subject102_client3,183,1,sitting,353.44
0.1,alpha0p1,102,3,subject102_client3,184,1,sitting,354.72
0.1,alpha0p1,102,3,subject102_client3,185,1,sitting,356.0
0.1,alpha0p1,102,3,subject102_client3,186,1,sitting,357.28
0.1,alpha0p1,102,3,subject102_client3,187,1,sitting,358.56
0.1,alpha0p1,102,3,subject102_client3,188,1,sitting,359.84
0.1,alpha0p1,102,3,subject102_client3,189,1,sitting,361.12
0.1,alpha0p1,102,3,subject102_client3,190,1,sitting,362.4
0.1,alpha0p1,102,3,subject102_client3,191,1,sitting,363.68
0.1,alpha0p1,102,3,subject102_client3,192,1,sitting,364.96
0.1,alpha0p1,102,3,subject102_client3,193,1,sitting,366.24
0.1,alpha0p1,102,3,subject102_client3,194,1,sitting,367.52
0.1,alpha0p1,102,3,subject102_client3,195,1,sitting,368.8
0.1,alpha0p1,102,3,subject102_client3,196,1,sitting,370.08
0.1,alpha0p1,102,3,subject102_client3,197,1,sitting,371.36
0.1,alpha0p1,102,3,subject102_client3,198,1,sitting,372.64
0.1,alpha0p1,102,3,subject102_client3,199,1,sitting,373.92
0.1,alpha0p1,102,3,subject102_client3,200,1,sitting,375.2
0.1,alpha0p1,102,3,subject102_client3,201,1,sitting,376.48
0.1,alpha0p1,102,3,subject102_client3,202,1,sitting,377.76
0.1,alpha0p1,102,3,subject102_client3,203,1,sitting,379.04
0.1,alpha0p1,102,3,subject102_client3,204,1,sitting,380.32
0.1,alpha0p1,102,3,subject102_client3,205,1,sitting,381.6
0.1,alpha0p1,102,3,subject102_client3,206,1,sitting,382.88
0.1,alpha0p1,102,3,subject102_client3,207,1,sitting,384.16
0.1,alpha0p1,102,3,subject102_client3,208,1,sitting,385.44
0.1,alpha0p1,102,3,subject102_client3,209,1,sitting,386.72
0.1,alpha0p1,102,3,subject102_client3,210,1,sitting,388.0
0.1,alpha0p1,102,3,subject102_client3,211,1,sitting,389.28
0.1,alpha0p1,102,3,subject102_client3,212,1,sitting,390.56
0.1,alpha0p1,102,3,subject102_client3,213,1,sitting,391.84
0.1,alpha0p1,102,3,subject102_client3,214,1,sitting,393.12
0.1,alpha0p1,102,3,subject102_client3,215,1,sitting,394.4
0.1,alpha0p1,102,3,subject102_client3,216,1,sitting,395.68
0.1,alpha0p1,102,3,subject102_client3,217,1,sitting,396.96
0.1,alpha0p1,102,3,subject102_client3,218,1,sitting,398.24
0.1,alpha0p1,102,3,subject102_client3,219,1,sitting,399.52
0.1,alpha0p1,102,3,subject102_client3,220,1,sitting,400.8
0.1,alpha0p1,102,3,subject102_client3,221,1,sitting,402.08
0.1,alpha0p1,102,3,subject102_client3,222,1,sitting,403.36
0.1,alpha0p1,102,3,subject102_client3,223,1,sitting,404.64
0.1,alpha0p1,102,3,subject102_client3,224,1,sitting,405.92
0.1,alpha0p1,102,3,subject102_client3,225,1,sitting,407.2
0.1,alpha0p1,102,3,subject102_client3,226,1,sitting,408.48
0.1,alpha0p1,102,3,subject102_client3,227,1,sitting,409.76
0.1,alpha0p1,102,3,subject102_client3,228,1,sitting,411.04
0.1,alpha0p1,102,3,subject102_client3,229,1,sitting,412.32
0.1,alpha0p1,102,3,subject102_client3,230,1,sitting,413.6
0.1,alpha0p1,102,3,subject102_client3,231,1,sitting,414.88
0.1,alpha0p1,102,3,subject102_client3,232,1,sitting,416.16
0.1,alpha0p1,102,3,subject102_client3,233,1,sitting,417.44
0.1,alpha0p1,102,3,subject102_client3,234,1,sitting,418.72
0.1,alpha0p1,102,3,subject102_client3,235,1,sitting,420.0
0.1,alpha0p1,102,3,subject102_client3,236,1,sitting,421.28
0.1,alpha0p1,102,3,subject102_client3,237,1,sitting,422.56
0.1,alpha0p1,102,3,subject102_client3,238,1,sitting,423.84
0.1,alpha0p1,102,3,subject102_client3,239,1,sitting,425.12
0.1,alpha0p1,102,3,subject102_client3,240,1,sitting,426.4
0.1,alpha0p1,102,3,subject102_client3,241,1,sitting,427.68
0.1,alpha0p1,102,3,subject102_client3,242,1,sitting,428.96
0.1,alpha0p1,102,3,subject102_client3,243,1,sitting,430.24
0.1,alpha0p1,102,3,subject102_client3,244,1,sitting,431.52
0.1,alpha0p1,102,3,subject102_client3,245,1,sitting,432.8
0.1,alpha0p1,102,3,subject102_client3,246,1,sitting,434.08
0.1,alpha0p1,102,3,subject102_client3,247,1,sitting,435.36
0.1,alpha0p1,102,3,subject102_client3,248,1,sitting,436.64
0.1,alpha0p1,102,3,subject102_client3,249,1,sitting,437.92
0.1,alpha0p1,102,3,subject102_client3,250,1,sitting,439.2
0.1,alpha0p1,102,3,subject102_client3,251,1,sitting,440.48
0.1,alpha0p1,102,3,subject102_client3,252,1,sitting,441.76
0.1,alpha0p1,102,3,subject102_client3,253,1,sitting,443.04
0.1,alpha0p1,102,3,subject102_client3,254,1,sitting,444.32
0.1,alpha0p1,102,3,subject102_client3,255,1,sitting,445.6
0.1,alpha0p1,102,3,subject102_client3,256,1,sitting,446.88
0.1,alpha0p1,102,3,subject102_client3,257,1,sitting,448.16
0.1,alpha0p1,102,3,subject102_client3,258,1,sitting,449.44
0.1,alpha0p1,102,3,subject102_client3,259,1,sitting,450.72
0.1,alpha0p1,102,3,subject102_client3,260,1,sitting,452.0
0.1,alpha0p1,102,3,subject102_client3,261,1,sitting,453.28
0.1,alpha0p1,102,3,subject102_client3,262,1,sitting,454.56
0.1,alpha0p1,102,3,subject102_client3,263,1,sitting,455.84
0.1,alpha0p1,102,3,subject102_client3,264,1,sitting,457.12
0.1,alpha0p1,102,3,subject102_client3,265,1,sitting,458.4
0.1,alpha0p1,102,3,subject102_client3,266,1,sitting,459.68
0.1,alpha0p1,102,3,subject102_client3,267,1,sitting,460.96
0.1,alpha0p1,102,3,subject102_client3,268,1,sitting,462.24
0.1,alpha0p1,102,3,subject102_client3,269,1,sitting,463.52
0.1,alpha0p1,102,3,subject102_client3,270,1,sitting,464.8
0.1,alpha0p1,102,3,subject102_client3,271,1,sitting,466.08
0.1,alpha0p1,102,3,subject102_client3,272,1,sitting,467.36
0.1,alpha0p1,102,3,subject102_client3,273,1,sitting,468.64
0.1,alpha0p1,102,3,subject102_client3,274,1,sitting,469.92
0.1,alpha0p1,102,3,subject102_client3,275,1,sitting,471.2
0.1,alpha0p1,102,3,subject102_client3,276,1,sitting,472.48
0.1,alpha0p1,102,3,subject102_client3,277,1,sitting,473.76
0.1,alpha0p1,102,3,subject102_client3,278,1,sitting,475.04
0.1,alpha0p1,102,3,subject102_client3,279,1,sitting,476.32
0.1,alpha0p1,102,3,subject102_client3,280,1,sitting,477.6
0.1,alpha0p1,102,3,subject102_client3,281,1,sitting,478.88
0.1,alpha0p1,102,3,subject102_client3,282,1,sitting,480.16
0.1,alpha0p1,102,3,subject102_client3,283,1,sitting,481.44
0.1,alpha0p1,102,3,subject102_client3,284,1,sitting,482.72
0.1,alpha0p1,102,3,subject102_client3,285,1,sitting,484.0
0.1,alpha0p1,102,3,subject102_client3,286,1,sitting,485.28
0.1,alpha0p1,102,3,subject102_client3,287,1,sitting,486.56
0.1,alpha0p1,102,3,subject102_client3,288,1,sitting,487.84
0.1,alpha0p1,102,3,subject102_client3,289,1,sitting,489.12
0.1,alpha0p1,102,3,subject102_client3,290,1,sitting,490.4
0.1,alpha0p1,102,3,subject102_client3,291,1,sitting,491.68
0.1,alpha0p1,102,3,subject102_client3,292,1,sitting,492.96
0.1,alpha0p1,102,3,subject102_client3,293,1,sitting,494.24
0.1,alpha0p1,102,3,subject102_client3,294,1,sitting,495.52
0.1,alpha0p1,102,3,subject102_client3,295,1,sitting,496.8
0.1,alpha0p1,102,3,subject102_client3,296,1,sitting,498.08
0.1,alpha0p1,102,3,subject102_client3,297,1,sitting,499.36
0.1,alpha0p1,102,3,subject102_client3,298,1,sitting,500.64
0.1,alpha0p1,102,3,subject102_client3,299,1,sitting,501.92
0.1,alpha0p1,102,3,subject102_client3,300,1,sitting,503.2
0.1,alpha0p1,102,3,subject102_client3,301,1,sitting,504.48
0.1,alpha0p1,102,3,subject102_client3,302,1,sitting,505.76
0.1,alpha0p1,102,3,subject102_client3,303,1,sitting,507.04
0.1,alpha0p1,102,3,subject102_client3,304,1,sitting,508.32
0.1,alpha0p1,102,3,subject102_client3,305,1,sitting,509.6
0.1,alpha0p1,102,3,subject102_client3,306,1,sitting,510.88
0.1,alpha0p1,102,3,subject102_client3,307,1,sitting,512.16
0.1,alpha0p1,102,3,subject102_client3,308,1,sitting,513.44
0.1,alpha0p1,102,3,subject102_client3,309,1,sitting,514.72
0.1,alpha0p1,102,3,subject102_client3,310,1,sitting,516.0
0.1,alpha0p1,102,3,subject102_client3,311,1,sitting,517.28
0.1,alpha0p1,102,3,subject102_client3,312,1,sitting,518.56
0.1,alpha0p1,102,3,subject102_client3,313,1,sitting,519.84
0.1,alpha0p1,102,3,subject102_client3,314,1,sitting,521.12
0.1,alpha0p1,102,3,subject102_client3,315,1,sitting,522.4
0.1,alpha0p1,102,3,subject102_client3,316,1,sitting,523.68
0.1,alpha0p1,102,3,subject102_client3,317,1,sitting,524.96
0.1,alpha0p1,102,3,subject102_client3,318,1,sitting,526.24
0.1,alpha0p1,102,3,subject102_client3,319,1,sitting,527.52
0.1,alpha0p1,102,3,subject102_client3,320,1,sitting,528.8
0.1,alpha0p1,102,3,subject102_client3,321,1,sitting,530.08
0.1,alpha0p1,102,3,subject102_client3,322,1,sitting,531.36
0.1,alpha0p1,102,3,subject102_client3,323,1,sitting,532.64
0.1,alpha0p1,102,3,subject102_client3,324,1,sitting,533.92
0.1,alpha0p1,102,3,subject102_client3,325,1,sitting,535.2
0.1,alpha0p1,102,3,subject102_client3,326,1,sitting,536.48
0.1,alpha0p1,102,3,subject102_client3,327,1,sitting,537.76
0.1,alpha0p1,102,3,subject102_client3,328,1,sitting,539.04
0.1,alpha0p1,102,3,subject102_client3,329,1,sitting,540.32
0.1,alpha0p1,102,3,subject102_client3,330,1,sitting,541.6
0.1,alpha0p1,102,3,subject102_client3,331,1,sitting,542.88
0.1,alpha0p1,102,3,subject102_client3,332,1,sitting,544.16
0.1,alpha0p1,102,3,subject102_client3,333,1,sitting,545.44
0.1,alpha0p1,102,3,subject102_client3,334,1,sitting,546.72
0.1,alpha0p1,102,3,subject102_client3,335,1,sitting,548.0
0.1,alpha0p1,102,3,subject102_client3,336,1,sitting,549.28
0.1,alpha0p1,102,3,subject102_client3,337,1,sitting,550.56
0.1,alpha0p1,102,3,subject102_client3,338,1,sitting,551.84
0.1,alpha0p1,102,3,subject102_client3,339,1,sitting,553.12
0.1,alpha0p1,102,3,subject102_client3,340,1,sitting,554.4
0.1,alpha0p1,102,3,subject102_client3,341,1,sitting,555.68
0.1,alpha0p1,102,3,subject102_client3,342,1,sitting,556.96
0.1,alpha0p1,102,3,subject102_client3,343,1,sitting,558.24
0.1,alpha0p1,102,3,subject102_client3,344,1,sitting,559.52
0.1,alpha0p1,102,3,subject102_client3,345,1,sitting,560.8
0.1,alpha0p1,102,3,subject102_client3,346,1,sitting,562.08
0.1,alpha0p1,102,3,subject102_client3,347,1,sitting,563.36
0.1,alpha0p1,102,3,subject102_client3,348,1,sitting,564.64
0.1,alpha0p1,102,3,subject102_client3,349,1,sitting,565.92
0.1,alpha0p1,102,3,subject102_client3,350,1,sitting,567.2
0.1,alpha0p1,102,3,subject102_client3,351,1,sitting,568.48
0.1,alpha0p1,102,3,subject102_client3,352,1,sitting,569.76
0.1,alpha0p1,102,3,subject102_client3,353,1,sitting,571.04
0.1,alpha0p1,102,3,subject102_client3,354,1,sitting,572.32
0.1,alpha0p1,102,2,subject102_client2,355,2,standing,595.88
0.1,alpha0p1,102,2,subject102_client2,356,2,standing,597.16
0.1,alpha0p1,102,2,subject102_client2,357,2,standing,598.44
0.1,alpha0p1,102,3,subject102_client3,359,2,standing,601.0
0.1,alpha0p1,102,3,subject102_client3,360,2,standing,602.28
0.1,alpha0p1,102,3,subject102_client3,361,2,standing,603.56
0.1,alpha0p1,102,3,subject102_client3,362,2,standing,604.84
0.1,alpha0p1,102,3,subject102_client3,363,2,standing,606.12
0.1,alpha0p1,102,3,subject102_client3,364,2,standing,607.4
0.1,alpha0p1,102,3,subject102_client3,365,2,standing,608.68
0.1,alpha0p1,102,3,subject102_client3,366,2,standing,609.96
0.1,alpha0p1,102,3,subject102_client3,367,2,standing,611.24
0.1,alpha0p1,102,3,subject102_client3,368,2,standing,612.52
0.1,alpha0p1,102,3,subject102_client3,369,2,standing,613.8
0.1,alpha0p1,102,3,subject102_client3,370,2,standing,615.08
0.1,alpha0p1,102,3,subject102_client3,371,2,standing,616.36
0.1,alpha0p1,102,3,subject102_client3,372,2,standing,617.64
0.1,alpha0p1,102,3,subject102_client3,373,2,standing,618.92
0.1,alpha0p1,102,1,subject102_client1,375,2,standing,621.48
0.1,alpha0p1,102,1,subject102_client1,376,2,standing,622.76
0.1,alpha0p1,102,1,subject102_client1,377,2,standing,624.04
0.1,alpha0p1,102,1,subject102_client1,378,2,standing,625.32
0.1,alpha0p1,102,1,subject102_client1,379,2,standing,626.6
0.1,alpha0p1,102,1,subject102_client1,380,2,standing,627.88
0.1,alpha0p1,102,1,subject102_client1,381,2,standing,629.16
0.1,alpha0p1,102,1,subject102_client1,382,2,standing,630.44
0.1,alpha0p1,102,1,subject102_client1,383,2,standing,631.72
0.1,alpha0p1,102,1,subject102_client1,384,2,standing,633.0
0.1,alpha0p1,102,1,subject102_client1,385,2,standing,634.28
0.1,alpha0p1,102,1,subject102_client1,386,2,standing,635.56
0.1,alpha0p1,102,1,subject102_client1,387,2,standing,636.84
0.1,alpha0p1,102,1,subject102_client1,388,2,standing,638.12
0.1,alpha0p1,102,1,subject102_client1,389,2,standing,639.4
0.1,alpha0p1,102,1,subject102_client1,390,2,standing,640.68
0.1,alpha0p1,102,1,subject102_client1,391,2,standing,641.96
0.1,alpha0p1,102,1,subject102_client1,392,2,standing,643.24
0.1,alpha0p1,102,1,subject102_client1,393,2,standing,644.52
0.1,alpha0p1,102,1,subject102_client1,394,2,standing,645.8
0.1,alpha0p1,102,1,subject102_client1,395,2,standing,647.08
0.1,alpha0p1,102,1,subject102_client1,396,2,standing,648.36
0.1,alpha0p1,102,1,subject102_client1,397,2,standing,649.64
0.1,alpha0p1,102,1,subject102_client1,398,2,standing,650.92
0.1,alpha0p1,102,1,subject102_client1,399,2,standing,652.2
0.1,alpha0p1,102,1,subject102_client1,400,2,standing,653.48
0.1,alpha0p1,102,1,subject102_client1,401,2,standing,654.76
0.1,alpha0p1,102,1,subject102_client1,402,2,standing,656.04
0.1,alpha0p1,102,1,subject102_client1,403,2,standing,657.32
0.1,alpha0p1,102,1,subject102_client1,404,2,standing,658.6
0.1,alpha0p1,102,1,subject102_client1,405,2,standing,659.88
0.1,alpha0p1,102,1,subject102_client1,406,2,standing,661.16
0.1,alpha0p1,102,1,subject102_client1,407,2,standing,662.44
0.1,alpha0p1,102,1,subject102_client1,408,2,standing,663.72
0.1,alpha0p1,102,1,subject102_client1,409,2,standing,665.0
0.1,alpha0p1,102,1,subject102_client1,410,2,standing,666.28
0.1,alpha0p1,102,1,subject102_client1,411,2,standing,667.56
0.1,alpha0p1,102,1,subject102_client1,412,2,standing,668.84
0.1,alpha0p1,102,1,subject102_client1,413,2,standing,670.12
0.1,alpha0p1,102,1,subject102_client1,414,2,standing,671.4
0.1,alpha0p1,102,1,subject102_client1,415,2,standing,672.68
0.1,alpha0p1,102,1,subject102_client1,416,2,standing,673.96
0.1,alpha0p1,102,1,subject102_client1,417,2,standing,675.24
0.1,alpha0p1,102,1,subject102_client1,418,2,standing,676.52
0.1,alpha0p1,102,1,subject102_client1,419,2,standing,677.8
0.1,alpha0p1,102,1,subject102_client1,420,2,standing,679.08
0.1,alpha0p1,102,1,subject102_client1,421,2,standing,680.36
0.1,alpha0p1,102,1,subject102_client1,422,2,standing,681.64
0.1,alpha0p1,102,1,subject102_client1,423,2,standing,682.92
0.1,alpha0p1,102,1,subject102_client1,424,2,standing,684.2
0.1,alpha0p1,102,1,subject102_client1,425,2,standing,685.48
0.1,alpha0p1,102,1,subject102_client1,426,2,standing,686.76
0.1,alpha0p1,102,1,subject102_client1,427,2,standing,688.04
0.1,alpha0p1,102,1,subject102_client1,428,2,standing,689.32
0.1,alpha0p1,102,1,subject102_client1,429,2,standing,690.6
0.1,alpha0p1,102,1,subject102_client1,430,2,standing,691.88
0.1,alpha0p1,102,1,subject102_client1,431,2,standing,693.16
0.1,alpha0p1,102,1,subject102_client1,432,2,standing,694.44
0.1,alpha0p1,102,1,subject102_client1,433,2,standing,695.72
0.1,alpha0p1,102,1,subject102_client1,434,2,standing,697.0
0.1,alpha0p1,102,1,subject102_client1,435,2,standing,698.28
0.1,alpha0p1,102,1,subject102_client1,436,2,standing,699.56
0.1,alpha0p1,102,1,subject102_client1,437,2,standing,700.84
0.1,alpha0p1,102,1,subject102_client1,438,2,standing,702.12
0.1,alpha0p1,102,1,subject102_client1,439,2,standing,703.4
0.1,alpha0p1,102,1,subject102_client1,440,2,standing,704.68
0.1,alpha0p1,102,1,subject102_client1,441,2,standing,705.96
0.1,alpha0p1,102,1,subject102_client1,442,2,standing,707.24
0.1,alpha0p1,102,1,subject102_client1,443,2,standing,708.52
0.1,alpha0p1,102,1,subject102_client1,444,2,standing,709.8
0.1,alpha0p1,102,1,subject102_client1,445,2,standing,711.08
0.1,alpha0p1,102,1,subject102_client1,446,2,standing,712.36
0.1,alpha0p1,102,1,subject102_client1,447,2,standing,713.64
0.1,alpha0p1,102,1,subject102_client1,448,2,standing,714.92
0.1,alpha0p1,102,1,subject102_client1,449,2,standing,716.2
0.1,alpha0p1,102,1,subject102_client1,450,2,standing,717.48
0.1,alpha0p1,102,1,subject102_client1,451,2,standing,718.76
0.1,alpha0p1,102,1,subject102_client1,452,2,standing,720.04
0.1,alpha0p1,102,1,subject102_client1,453,2,standing,721.32
0.1,alpha0p1,102,1,subject102_client1,454,2,standing,722.6
0.1,alpha0p1,102,1,subject102_client1,455,2,standing,723.88
0.1,alpha0p1,102,1,subject102_client1,456,2,standing,725.16
0.1,alpha0p1,102,1,subject102_client1,457,2,standing,726.44
0.1,alpha0p1,102,1,subject102_client1,458,2,standing,727.72
0.1,alpha0p1,102,1,subject102_client1,459,2,standing,729.0
0.1,alpha0p1,102,1,subject102_client1,460,2,standing,730.28
0.1,alpha0p1,102,1,subject102_client1,461,2,standing,731.56
0.1,alpha0p1,102,1,subject102_client1,462,2,standing,732.84
0.1,alpha0p1,102,1,subject102_client1,463,2,standing,734.12
0.1,alpha0p1,102,1,subject102_client1,464,2,standing,735.4
0.1,alpha0p1,102,1,subject102_client1,465,2,standing,736.68
0.1,alpha0p1,102,1,subject102_client1,466,2,standing,737.96
0.1,alpha0p1,102,1,subject102_client1,467,2,standing,739.24
0.1,alpha0p1,102,1,subject102_client1,468,2,standing,740.52
0.1,alpha0p1,102,1,subject102_client1,469,2,standing,741.8
0.1,alpha0p1,102,1,subject102_client1,470,2,standing,743.08
0.1,alpha0p1,102,1,subject102_client1,471,2,standing,744.36
0.1,alpha0p1,102,1,subject102_client1,472,2,standing,745.64
0.1,alpha0p1,102,1,subject102_client1,473,2,standing,746.92
0.1,alpha0p1,102,1,subject102_client1,474,2,standing,748.2
0.1,alpha0p1,102,1,subject102_client1,475,2,standing,749.48
0.1,alpha0p1,102,1,subject102_client1,476,2,standing,750.76
0.1,alpha0p1,102,1,subject102_client1,477,2,standing,752.04
0.1,alpha0p1,102,1,subject102_client1,478,2,standing,753.32
0.1,alpha0p1,102,1,subject102_client1,479,2,standing,754.6
0.1,alpha0p1,102,1,subject102_client1,480,2,standing,755.88
0.1,alpha0p1,102,1,subject102_client1,481,2,standing,757.16
0.1,alpha0p1,102,1,subject102_client1,482,2,standing,758.44
0.1,alpha0p1,102,1,subject102_client1,483,2,standing,759.72
0.1,alpha0p1,102,1,subject102_client1,484,2,standing,761.0
0.1,alpha0p1,102,1,subject102_client1,485,2,standing,762.28
0.1,alpha0p1,102,1,subject102_client1,486,2,standing,763.56
0.1,alpha0p1,102,1,subject102_client1,487,2,standing,764.84
0.1,alpha0p1,102,1,subject102_client1,488,2,standing,766.12
0.1,alpha0p1,102,1,subject102_client1,489,2,standing,767.4
0.1,alpha0p1,102,1,subject102_client1,490,2,standing,768.68
0.1,alpha0p1,102,1,subject102_client1,491,2,standing,769.96
0.1,alpha0p1,102,1,subject102_client1,492,2,standing,771.24
0.1,alpha0p1,102,1,subject102_client1,493,2,standing,772.52
0.1,alpha0p1,102,1,subject102_client1,494,2,standing,773.8
0.1,alpha0p1,102,1,subject102_client1,495,2,standing,775.08
0.1,alpha0p1,102,1,subject102_client1,496,2,standing,776.36
0.1,alpha0p1,102,1,subject102_client1,497,2,standing,777.64
0.1,alpha0p1,102,1,subject102_client1,498,2,standing,778.92
0.1,alpha0p1,102,1,subject102_client1,499,2,standing,780.2
0.1,alpha0p1,102,1,subject102_client1,500,2,standing,781.48
0.1,alpha0p1,102,1,subject102_client1,501,2,standing,782.76
0.1,alpha0p1,102,1,subject102_client1,502,2,standing,784.04
0.1,alpha0p1,102,1,subject102_client1,503,2,standing,785.32
0.1,alpha0p1,102,1,subject102_client1,504,2,standing,786.6
0.1,alpha0p1,102,1,subject102_client1,505,2,standing,787.88
0.1,alpha0p1,102,1,subject102_client1,506,2,standing,789.16
0.1,alpha0p1,102,1,subject102_client1,507,2,standing,790.44
0.1,alpha0p1,102,1,subject102_client1,508,2,standing,791.72
0.1,alpha0p1,102,1,subject102_client1,509,2,standing,793.0
0.1,alpha0p1,102,1,subject102_client1,510,2,standing,794.28
0.1,alpha0p1,102,1,subject102_client1,511,2,standing,795.56
0.1,alpha0p1,102,1,subject102_client1,512,2,standing,796.84
0.1,alpha0p1,102,1,subject102_client1,513,2,standing,798.12
0.1,alpha0p1,102,1,subject102_client1,514,2,standing,799.4
0.1,alpha0p1,102,1,subject102_client1,515,2,standing,800.68
0.1,alpha0p1,102,1,subject102_client1,516,2,standing,801.96
0.1,alpha0p1,102,1,subject102_client1,517,2,standing,803.24
0.1,alpha0p1,102,1,subject102_client1,518,2,standing,804.52
0.1,alpha0p1,102,1,subject102_client1,519,2,standing,805.8
0.1,alpha0p1,102,1,subject102_client1,520,2,standing,807.08
0.1,alpha0p1,102,1,subject102_client1,521,2,standing,808.36
0.1,alpha0p1,102,1,subject102_client1,522,2,standing,809.64
0.1,alpha0p1,102,1,subject102_client1,523,2,standing,810.92
0.1,alpha0p1,102,1,subject102_client1,524,2,standing,812.2
0.1,alpha0p1,102,1,subject102_client1,525,2,standing,813.48
0.1,alpha0p1,102,1,subject102_client1,526,2,standing,814.76
0.1,alpha0p1,102,1,subject102_client1,527,2,standing,816.04
0.1,alpha0p1,102,1,subject102_client1,528,2,standing,817.32
0.1,alpha0p1,102,1,subject102_client1,529,2,standing,818.6
0.1,alpha0p1,102,1,subject102_client1,530,2,standing,819.88
0.1,alpha0p1,102,1,subject102_client1,531,2,standing,821.16
0.1,alpha0p1,102,1,subject102_client1,532,2,standing,822.44
0.1,alpha0p1,102,1,subject102_client1,533,2,standing,823.72
0.1,alpha0p1,102,1,subject102_client1,534,2,standing,825.0
0.1,alpha0p1,102,1,subject102_client1,535,2,standing,826.28
0.1,alpha0p1,102,1,subject102_client1,536,2,standing,827.56
0.1,alpha0p1,102,1,subject102_client1,537,2,standing,828.84
0.1,alpha0p1,102,1,subject102_client1,538,2,standing,830.12
0.1,alpha0p1,102,1,subject102_client1,539,2,standing,831.4
0.1,alpha0p1,102,1,subject102_client1,540,2,standing,832.68
0.1,alpha0p1,102,1,subject102_client1,541,2,standing,833.96
0.1,alpha0p1,102,1,subject102_client1,542,2,standing,835.24
0.1,alpha0p1,102,1,subject102_client1,543,2,standing,836.52
0.1,alpha0p1,102,1,subject102_client1,544,2,standing,837.8
0.1,alpha0p1,102,1,subject102_client1,545,2,standing,839.08
0.1,alpha0p1,102,1,subject102_client1,546,2,standing,840.36
0.1,alpha0p1,102,1,subject102_client1,547,2,standing,841.64
0.1,alpha0p1,102,1,subject102_client1,548,2,standing,842.92
0.1,alpha0p1,102,1,subject102_client1,549,2,standing,844.2
0.1,alpha0p1,102,1,subject102_client1,550,2,standing,845.48
0.1,alpha0p1,102,1,subject102_client1,551,2,standing,846.76
0.1,alpha0p1,102,1,subject102_client1,553,10,ironing,908.08
0.1,alpha0p1,102,1,subject102_client1,554,10,ironing,909.36
0.1,alpha0p1,102,1,subject102_client1,555,10,ironing,910.64
0.1,alpha0p1,102,1,subject102_client1,556,10,ironing,911.92
0.1,alpha0p1,102,1,subject102_client1,557,10,ironing,913.2
0.1,alpha0p1,102,1,subject102_client1,558,10,ironing,914.48
0.1,alpha0p1,102,1,subject102_client1,559,10,ironing,915.76
0.1,alpha0p1,102,1,subject102_client1,560,10,ironing,917.04
0.1,alpha0p1,102,1,subject102_client1,561,10,ironing,918.32
0.1,alpha0p1,102,1,subject102_client1,562,10,ironing,919.6
0.1,alpha0p1,102,1,subject102_client1,563,10,ironing,920.88
0.1,alpha0p1,102,1,subject102_client1,564,10,ironing,922.16
0.1,alpha0p1,102,1,subject102_client1,565,10,ironing,923.44
0.1,alpha0p1,102,1,subject102_client1,566,10,ironing,924.72
0.1,alpha0p1,102,1,subject102_client1,567,10,ironing,926.0
0.1,alpha0p1,102,1,subject102_client1,568,10,ironing,927.28
0.1,alpha0p1,102,1,subject102_client1,569,10,ironing,928.56
0.1,alpha0p1,102,1,subject102_client1,570,10,ironing,929.84
0.1,alpha0p1,102,1,subject102_client1,571,10,ironing,931.12
0.1,alpha0p1,102,1,subject102_client1,572,10,ironing,932.4
0.1,alpha0p1,102,1,subject102_client1,573,10,ironing,933.68
0.1,alpha0p1,102,1,subject102_client1,574,10,ironing,934.96
0.1,alpha0p1,102,1,subject102_client1,575,10,ironing,936.24
0.1,alpha0p1,102,1,subject102_client1,576,10,ironing,937.52
0.1,alpha0p1,102,1,subject102_client1,577,10,ironing,938.8
0.1,alpha0p1,102,1,subject102_client1,578,10,ironing,940.08
0.1,alpha0p1,102,1,subject102_client1,579,10,ironing,941.36
0.1,alpha0p1,102,1,subject102_client1,580,10,ironing,942.64
0.1,alpha0p1,102,1,subject102_client1,581,10,ironing,943.92
0.1,alpha0p1,102,1,subject102_client1,582,10,ironing,945.2
0.1,alpha0p1,102,1,subject102_client1,583,10,ironing,946.48
0.1,alpha0p1,102,1,subject102_client1,584,10,ironing,947.76
0.1,alpha0p1,102,1,subject102_client1,585,10,ironing,949.04
0.1,alpha0p1,102,1,subject102_client1,586,10,ironing,950.32
0.1,alpha0p1,102,1,subject102_client1,587,10,ironing,951.6
0.1,alpha0p1,102,1,subject102_client1,588,10,ironing,952.88
0.1,alpha0p1,102,1,subject102_client1,589,10,ironing,954.16
0.1,alpha0p1,102,1,subject102_client1,590,10,ironing,955.44
0.1,alpha0p1,102,1,subject102_client1,591,10,ironing,956.72
0.1,alpha0p1,102,1,subject102_client1,592,10,ironing,958.0
0.1,alpha0p1,102,1,subject102_client1,593,10,ironing,959.28
0.1,alpha0p1,102,1,subject102_client1,594,10,ironing,960.56
0.1,alpha0p1,102,1,subject102_client1,595,10,ironing,961.84
0.1,alpha0p1,102,1,subject102_client1,596,10,ironing,963.12
0.1,alpha0p1,102,1,subject102_client1,597,10,ironing,964.4
0.1,alpha0p1,102,1,subject102_client1,598,10,ironing,965.68
0.1,alpha0p1,102,1,subject102_client1,599,10,ironing,966.96
0.1,alpha0p1,102,1,subject102_client1,600,10,ironing,968.24
0.1,alpha0p1,102,1,subject102_client1,601,10,ironing,969.52
0.1,alpha0p1,102,1,subject102_client1,602,10,ironing,970.8
0.1,alpha0p1,102,1,subject102_client1,603,10,ironing,972.08
0.1,alpha0p1,102,1,subject102_client1,604,10,ironing,973.36
0.1,alpha0p1,102,1,subject102_client1,605,10,ironing,974.64
0.1,alpha0p1,102,1,subject102_client1,606,10,ironing,975.92
0.1,alpha0p1,102,1,subject102_client1,607,10,ironing,977.2
0.1,alpha0p1,102,1,subject102_client1,608,10,ironing,978.48
0.1,alpha0p1,102,1,subject102_client1,609,10,ironing,979.76
0.1,alpha0p1,102,1,subject102_client1,610,10,ironing,981.04
0.1,alpha0p1,102,1,subject102_client1,611,10,ironing,982.32
0.1,alpha0p1,102,1,subject102_client1,612,10,ironing,983.6
0.1,alpha0p1,102,1,subject102_client1,613,10,ironing,984.88
0.1,alpha0p1,102,1,subject102_client1,614,10,ironing,986.16
0.1,alpha0p1,102,1,subject102_client1,615,10,ironing,987.44
0.1,alpha0p1,102,1,subject102_client1,616,10,ironing,988.72
0.1,alpha0p1,102,1,subject102_client1,617,10,ironing,990.0
0.1,alpha0p1,102,1,subject102_client1,618,10,ironing,991.28
0.1,alpha0p1,102,1,subject102_client1,619,10,ironing,992.56
0.1,alpha0p1,102,1,subject102_client1,620,10,ironing,993.84
0.1,alpha0p1,102,1,subject102_client1,621,10,ironing,995.12
0.1,alpha0p1,102,1,subject102_client1,622,10,ironing,996.4
0.1,alpha0p1,102,1,subject102_client1,623,10,ironing,997.68
0.1,alpha0p1,102,1,subject102_client1,624,10,ironing,998.96
0.1,alpha0p1,102,1,subject102_client1,625,10,ironing,1000.24
0.1,alpha0p1,102,1,subject102_client1,626,10,ironing,1001.52
0.1,alpha0p1,102,1,subject102_client1,627,10,ironing,1002.8
0.1,alpha0p1,102,1,subject102_client1,628,10,ironing,1004.08
0.1,alpha0p1,102,1,subject102_client1,629,10,ironing,1005.36
0.1,alpha0p1,102,1,subject102_client1,630,10,ironing,1006.64
0.1,alpha0p1,102,1,subject102_client1,631,10,ironing,1007.92
0.1,alpha0p1,102,1,subject102_client1,632,10,ironing,1009.2
0.1,alpha0p1,102,1,subject102_client1,633,10,ironing,1010.48
0.1,alpha0p1,102,1,subject102_client1,634,10,ironing,1011.76
0.1,alpha0p1,102,1,subject102_client1,635,10,ironing,1013.04
0.1,alpha0p1,102,1,subject102_client1,636,10,ironing,1014.32
0.1,alpha0p1,102,1,subject102_client1,637,10,ironing,1015.6
0.1,alpha0p1,102,1,subject102_client1,638,10,ironing,1016.88
0.1,alpha0p1,102,1,subject102_client1,639,10,ironing,1018.16
0.1,alpha0p1,102,1,subject102_client1,640,10,ironing,1019.44
0.1,alpha0p1,102,1,subject102_client1,641,10,ironing,1020.72
0.1,alpha0p1,102,1,subject102_client1,642,10,ironing,1022.0
0.1,alpha0p1,102,1,subject102_client1,643,10,ironing,1023.28
0.1,alpha0p1,102,1,subject102_client1,644,10,ironing,1024.56
0.1,alpha0p1,102,1,subject102_client1,645,10,ironing,1025.84
0.1,alpha0p1,102,1,subject102_client1,646,10,ironing,1027.12
0.1,alpha0p1,102,1,subject102_client1,647,10,ironing,1028.4
0.1,alpha0p1,102,1,subject102_client1,648,10,ironing,1029.68
0.1,alpha0p1,102,1,subject102_client1,649,10,ironing,1030.96
0.1,alpha0p1,102,1,subject102_client1,650,10,ironing,1032.24
0.1,alpha0p1,102,1,subject102_client1,651,10,ironing,1033.52
0.1,alpha0p1,102,1,subject102_client1,652,10,ironing,1034.8
0.1,alpha0p1,102,1,subject102_client1,653,10,ironing,1036.08
0.1,alpha0p1,102,1,subject102_client1,654,10,ironing,1037.36
0.1,alpha0p1,102,1,subject102_client1,655,10,ironing,1038.64
0.1,alpha0p1,102,1,subject102_client1,656,10,ironing,1039.92
0.1,alpha0p1,102,1,subject102_client1,657,10,ironing,1041.2
0.1,alpha0p1,102,1,subject102_client1,658,10,ironing,1042.48
0.1,alpha0p1,102,1,subject102_client1,659,10,ironing,1043.76
0.1,alpha0p1,102,1,subject102_client1,660,10,ironing,1045.04
0.1,alpha0p1,102,1,subject102_client1,661,10,ironing,1046.32
0.1,alpha0p1,102,1,subject102_client1,662,10,ironing,1047.6
0.1,alpha0p1,102,1,subject102_client1,663,10,ironing,1048.88
0.1,alpha0p1,102,1,subject102_client1,664,10,ironing,1050.16
0.1,alpha0p1,102,1,subject102_client1,665,10,ironing,1051.44
0.1,alpha0p1,102,1,subject102_client1,666,10,ironing,1052.72
0.1,alpha0p1,102,1,subject102_client1,667,10,ironing,1054.0
0.1,alpha0p1,102,1,subject102_client1,668,10,ironing,1055.28
0.1,alpha0p1,102,1,subject102_client1,669,10,ironing,1056.56
0.1,alpha0p1,102,1,subject102_client1,670,10,ironing,1057.84
0.1,alpha0p1,102,1,subject102_client1,671,10,ironing,1059.12
0.1,alpha0p1,102,1,subject102_client1,672,10,ironing,1060.4
0.1,alpha0p1,102,1,subject102_client1,673,10,ironing,1061.68
0.1,alpha0p1,102,1,subject102_client1,674,10,ironing,1062.96
0.1,alpha0p1,102,1,subject102_client1,675,10,ironing,1064.24
0.1,alpha0p1,102,1,subject102_client1,676,10,ironing,1065.52
0.1,alpha0p1,102,1,subject102_client1,677,10,ironing,1066.8
0.1,alpha0p1,102,1,subject102_client1,678,10,ironing,1068.08
0.1,alpha0p1,102,1,subject102_client1,679,10,ironing,1069.36
0.1,alpha0p1,102,1,subject102_client1,680,10,ironing,1070.64
0.1,alpha0p1,102,1,subject102_client1,681,10,ironing,1071.92
0.1,alpha0p1,102,1,subject102_client1,682,10,ironing,1073.2
0.1,alpha0p1,102,1,subject102_client1,683,10,ironing,1074.48
0.1,alpha0p1,102,1,subject102_client1,684,10,ironing,1075.76
0.1,alpha0p1,102,1,subject102_client1,685,10,ironing,1077.04
0.1,alpha0p1,102,1,subject102_client1,686,10,ironing,1078.32
0.1,alpha0p1,102,1,subject102_client1,687,10,ironing,1079.6
0.1,alpha0p1,102,1,subject102_client1,688,10,ironing,1080.88
0.1,alpha0p1,102,1,subject102_client1,689,10,ironing,1082.16
0.1,alpha0p1,102,1,subject102_client1,690,10,ironing,1083.44
0.1,alpha0p1,102,1,subject102_client1,691,10,ironing,1084.72
0.1,alpha0p1,102,1,subject102_client1,692,10,ironing,1086.0
0.1,alpha0p1,102,1,subject102_client1,693,10,ironing,1087.28
0.1,alpha0p1,102,1,subject102_client1,694,10,ironing,1088.56
0.1,alpha0p1,102,1,subject102_client1,695,10,ironing,1089.84
0.1,alpha0p1,102,1,subject102_client1,696,10,ironing,1091.12
0.1,alpha0p1,102,1,subject102_client1,697,10,ironing,1092.4
0.1,alpha0p1,102,1,subject102_client1,698,10,ironing,1093.68
0.1,alpha0p1,102,1,subject102_client1,699,10,ironing,1094.96
0.1,alpha0p1,102,1,subject102_client1,700,10,ironing,1096.24
0.1,alpha0p1,102,1,subject102_client1,701,10,ironing,1097.52
0.1,alpha0p1,102,1,subject102_client1,702,10,ironing,1098.8
0.1,alpha0p1,102,1,subject102_client1,703,10,ironing,1100.08
0.1,alpha0p1,102,1,subject102_client1,704,10,ironing,1101.36
0.1,alpha0p1,102,1,subject102_client1,705,10,ironing,1102.64
0.1,alpha0p1,102,1,subject102_client1,706,10,ironing,1103.92
0.1,alpha0p1,102,1,subject102_client1,707,10,ironing,1105.2
0.1,alpha0p1,102,1,subject102_client1,708,10,ironing,1106.48
0.1,alpha0p1,102,1,subject102_client1,709,10,ironing,1107.76
0.1,alpha0p1,102,1,subject102_client1,710,10,ironing,1109.04
0.1,alpha0p1,102,1,subject102_client1,711,10,ironing,1110.32
0.1,alpha0p1,102,1,subject102_client1,712,10,ironing,1111.6
0.1,alpha0p1,102,1,subject102_client1,713,10,ironing,1112.88
0.1,alpha0p1,102,1,subject102_client1,714,10,ironing,1114.16
0.1,alpha0p1,102,1,subject102_client1,715,10,ironing,1115.44
0.1,alpha0p1,102,1,subject102_client1,716,10,ironing,1116.72
0.1,alpha0p1,102,1,subject102_client1,717,10,ironing,1118.0
0.1,alpha0p1,102,1,subject102_client1,718,10,ironing,1119.28
0.1,alpha0p1,102,1,subject102_client1,719,10,ironing,1120.56
0.1,alpha0p1,102,1,subject102_client1,720,10,ironing,1121.84
0.1,alpha0p1,102,1,subject102_client1,721,10,ironing,1123.12
0.1,alpha0p1,102,1,subject102_client1,722,10,ironing,1124.4
0.1,alpha0p1,102,1,subject102_client1,723,10,ironing,1125.68
0.1,alpha0p1,102,1,subject102_client1,724,10,ironing,1126.96
0.1,alpha0p1,102,1,subject102_client1,725,10,ironing,1128.24
0.1,alpha0p1,102,1,subject102_client1,726,10,ironing,1129.52
0.1,alpha0p1,102,1,subject102_client1,727,10,ironing,1130.8
0.1,alpha0p1,102,1,subject102_client1,728,10,ironing,1132.08
0.1,alpha0p1,102,1,subject102_client1,729,10,ironing,1133.36
0.1,alpha0p1,102,1,subject102_client1,730,10,ironing,1134.64
0.1,alpha0p1,102,1,subject102_client1,731,10,ironing,1135.92
0.1,alpha0p1,102,1,subject102_client1,732,10,ironing,1137.2
0.1,alpha0p1,102,1,subject102_client1,733,10,ironing,1138.48
0.1,alpha0p1,102,1,subject102_client1,734,10,ironing,1139.76
0.1,alpha0p1,102,1,subject102_client1,735,10,ironing,1141.04
0.1,alpha0p1,102,1,subject102_client1,736,10,ironing,1142.32
0.1,alpha0p1,102,1,subject102_client1,737,10,ironing,1143.6
0.1,alpha0p1,102,1,subject102_client1,738,10,ironing,1144.88
0.1,alpha0p1,102,1,subject102_client1,739,10,ironing,1146.16
0.1,alpha0p1,102,1,subject102_client1,740,10,ironing,1147.44
0.1,alpha0p1,102,1,subject102_client1,741,10,ironing,1148.72
0.1,alpha0p1,102,1,subject102_client1,742,10,ironing,1150.0
0.1,alpha0p1,102,1,subject102_client1,743,10,ironing,1151.28
0.1,alpha0p1,102,2,subject102_client2,745,10,ironing,1153.84
0.1,alpha0p1,102,2,subject102_client2,746,10,ironing,1155.12
0.1,alpha0p1,102,2,subject102_client2,747,10,ironing,1156.4
0.1,alpha0p1,102,2,subject102_client2,748,10,ironing,1157.68
0.1,alpha0p1,102,2,subject102_client2,749,10,ironing,1158.96
0.1,alpha0p1,102,2,subject102_client2,750,10,ironing,1160.24
0.1,alpha0p1,102,2,subject102_client2,751,10,ironing,1161.52
0.1,alpha0p1,102,2,subject102_client2,752,10,ironing,1162.8
0.1,alpha0p1,102,2,subject102_client2,753,10,ironing,1164.08
0.1,alpha0p1,102,2,subject102_client2,754,10,ironing,1165.36
0.1,alpha0p1,102,2,subject102_client2,755,10,ironing,1166.64
0.1,alpha0p1,102,2,subject102_client2,756,10,ironing,1167.92
0.1,alpha0p1,102,2,subject102_client2,757,10,ironing,1169.2
0.1,alpha0p1,102,2,subject102_client2,758,10,ironing,1170.48
0.1,alpha0p1,102,2,subject102_client2,759,10,ironing,1171.76
0.1,alpha0p1,102,2,subject102_client2,760,10,ironing,1173.04
0.1,alpha0p1,102,2,subject102_client2,761,10,ironing,1174.32
0.1,alpha0p1,102,2,subject102_client2,762,10,ironing,1175.6
0.1,alpha0p1,102,2,subject102_client2,763,10,ironing,1176.88
0.1,alpha0p1,102,2,subject102_client2,764,10,ironing,1178.16
0.1,alpha0p1,102,2,subject102_client2,765,10,ironing,1179.44
0.1,alpha0p1,102,2,subject102_client2,766,10,ironing,1180.72
0.1,alpha0p1,102,0,subject102_client0,768,10,ironing,1183.28
0.1,alpha0p1,102,0,subject102_client0,769,10,ironing,1184.56
0.1,alpha0p1,102,0,subject102_client0,770,10,ironing,1185.84
0.1,alpha0p1,102,0,subject102_client0,771,10,ironing,1187.12
0.1,alpha0p1,102,0,subject102_client0,772,10,ironing,1188.4
0.1,alpha0p1,102,0,subject102_client0,773,10,ironing,1189.68
0.1,alpha0p1,102,0,subject102_client0,774,10,ironing,1190.96
0.1,alpha0p1,102,0,subject102_client0,775,10,ironing,1192.24
0.1,alpha0p1,102,0,subject102_client0,776,10,ironing,1193.52
0.1,alpha0p1,102,2,subject102_client2,777,9,vacuum cleaning,1277.78
0.1,alpha0p1,102,2,subject102_client2,778,9,vacuum cleaning,1279.06
0.1,alpha0p1,102,1,subject102_client1,780,9,vacuum cleaning,1281.62
0.1,alpha0p1,102,1,subject102_client1,781,9,vacuum cleaning,1282.9
0.1,alpha0p1,102,1,subject102_client1,782,9,vacuum cleaning,1284.18
0.1,alpha0p1,102,1,subject102_client1,783,9,vacuum cleaning,1285.46
0.1,alpha0p1,102,1,subject102_client1,784,9,vacuum cleaning,1286.74
0.1,alpha0p1,102,1,subject102_client1,785,9,vacuum cleaning,1288.02
0.1,alpha0p1,102,1,subject102_client1,786,9,vacuum cleaning,1289.3
0.1,alpha0p1,102,1,subject102_client1,787,9,vacuum cleaning,1290.58
0.1,alpha0p1,102,1,subject102_client1,788,9,vacuum cleaning,1291.86
0.1,alpha0p1,102,1,subject102_client1,789,9,vacuum cleaning,1293.14
0.1,alpha0p1,102,1,subject102_client1,790,9,vacuum cleaning,1294.42
0.1,alpha0p1,102,1,subject102_client1,791,9,vacuum cleaning,1295.7
0.1,alpha0p1,102,1,subject102_client1,792,9,vacuum cleaning,1296.98
0.1,alpha0p1,102,1,subject102_client1,793,9,vacuum cleaning,1298.26
0.1,alpha0p1,102,1,subject102_client1,794,9,vacuum cleaning,1299.54
0.1,alpha0p1,102,1,subject102_client1,795,9,vacuum cleaning,1300.82
0.1,alpha0p1,102,1,subject102_client1,796,9,vacuum cleaning,1302.1
0.1,alpha0p1,102,1,subject102_client1,797,9,vacuum cleaning,1303.38
0.1,alpha0p1,102,1,subject102_client1,798,9,vacuum cleaning,1304.66
0.1,alpha0p1,102,1,subject102_client1,799,9,vacuum cleaning,1305.94
0.1,alpha0p1,102,1,subject102_client1,800,9,vacuum cleaning,1307.22
0.1,alpha0p1,102,1,subject102_client1,801,9,vacuum cleaning,1308.5
0.1,alpha0p1,102,1,subject102_client1,802,9,vacuum cleaning,1309.78
0.1,alpha0p1,102,1,subject102_client1,803,9,vacuum cleaning,1311.06
0.1,alpha0p1,102,1,subject102_client1,804,9,vacuum cleaning,1312.34
0.1,alpha0p1,102,1,subject102_client1,805,9,vacuum cleaning,1313.62
0.1,alpha0p1,102,1,subject102_client1,806,9,vacuum cleaning,1314.9
0.1,alpha0p1,102,1,subject102_client1,807,9,vacuum cleaning,1316.18
0.1,alpha0p1,102,1,subject102_client1,808,9,vacuum cleaning,1317.46
0.1,alpha0p1,102,1,subject102_client1,809,9,vacuum cleaning,1318.74
0.1,alpha0p1,102,1,subject102_client1,810,9,vacuum cleaning,1320.02
0.1,alpha0p1,102,1,subject102_client1,811,9,vacuum cleaning,1321.3
0.1,alpha0p1,102,1,subject102_client1,812,9,vacuum cleaning,1322.58
0.1,alpha0p1,102,1,subject102_client1,813,9,vacuum cleaning,1323.86
0.1,alpha0p1,102,1,subject102_client1,814,9,vacuum cleaning,1325.14
0.1,alpha0p1,102,1,subject102_client1,815,9,vacuum cleaning,1326.42
0.1,alpha0p1,102,1,subject102_client1,816,9,vacuum cleaning,1327.7
0.1,alpha0p1,102,1,subject102_client1,817,9,vacuum cleaning,1328.98
0.1,alpha0p1,102,1,subject102_client1,818,9,vacuum cleaning,1330.26
0.1,alpha0p1,102,1,subject102_client1,819,9,vacuum cleaning,1331.54
0.1,alpha0p1,102,1,subject102_client1,820,9,vacuum cleaning,1332.82
0.1,alpha0p1,102,1,subject102_client1,821,9,vacuum cleaning,1334.1
0.1,alpha0p1,102,1,subject102_client1,822,9,vacuum cleaning,1335.38
0.1,alpha0p1,102,1,subject102_client1,823,9,vacuum cleaning,1336.66
0.1,alpha0p1,102,1,subject102_client1,824,9,vacuum cleaning,1337.94
0.1,alpha0p1,102,1,subject102_client1,825,9,vacuum cleaning,1339.22
0.1,alpha0p1,102,1,subject102_client1,826,9,vacuum cleaning,1340.5
0.1,alpha0p1,102,1,subject102_client1,827,9,vacuum cleaning,1341.78
0.1,alpha0p1,102,1,subject102_client1,828,9,vacuum cleaning,1343.06
0.1,alpha0p1,102,1,subject102_client1,829,9,vacuum cleaning,1344.34
0.1,alpha0p1,102,1,subject102_client1,830,9,vacuum cleaning,1345.62
0.1,alpha0p1,102,1,subject102_client1,831,9,vacuum cleaning,1346.9
0.1,alpha0p1,102,1,subject102_client1,832,9,vacuum cleaning,1348.18
0.1,alpha0p1,102,1,subject102_client1,833,9,vacuum cleaning,1349.46
0.1,alpha0p1,102,1,subject102_client1,834,9,vacuum cleaning,1350.74
0.1,alpha0p1,102,1,subject102_client1,835,9,vacuum cleaning,1352.02
0.1,alpha0p1,102,1,subject102_client1,836,9,vacuum cleaning,1353.3
0.1,alpha0p1,102,1,subject102_client1,837,9,vacuum cleaning,1354.58
0.1,alpha0p1,102,1,subject102_client1,838,9,vacuum cleaning,1355.86
0.1,alpha0p1,102,1,subject102_client1,839,9,vacuum cleaning,1357.14
0.1,alpha0p1,102,1,subject102_client1,840,9,vacuum cleaning,1358.42
0.1,alpha0p1,102,1,subject102_client1,841,9,vacuum cleaning,1359.7
0.1,alpha0p1,102,1,subject102_client1,842,9,vacuum cleaning,1360.98
0.1,alpha0p1,102,1,subject102_client1,843,9,vacuum cleaning,1362.26
0.1,alpha0p1,102,1,subject102_client1,844,9,vacuum cleaning,1363.54
0.1,alpha0p1,102,1,subject102_client1,845,9,vacuum cleaning,1364.82
0.1,alpha0p1,102,1,subject102_client1,846,9,vacuum cleaning,1366.1
0.1,alpha0p1,102,1,subject102_client1,847,9,vacuum cleaning,1367.38
0.1,alpha0p1,102,1,subject102_client1,848,9,vacuum cleaning,1368.66
0.1,alpha0p1,102,1,subject102_client1,849,9,vacuum cleaning,1369.94
0.1,alpha0p1,102,1,subject102_client1,850,9,vacuum cleaning,1371.22
0.1,alpha0p1,102,1,subject102_client1,851,9,vacuum cleaning,1372.5
0.1,alpha0p1,102,1,subject102_client1,852,9,vacuum cleaning,1373.78
0.1,alpha0p1,102,1,subject102_client1,853,9,vacuum cleaning,1375.06
0.1,alpha0p1,102,1,subject102_client1,854,9,vacuum cleaning,1376.34
0.1,alpha0p1,102,1,subject102_client1,855,9,vacuum cleaning,1377.62
0.1,alpha0p1,102,1,subject102_client1,856,9,vacuum cleaning,1378.9
0.1,alpha0p1,102,1,subject102_client1,857,9,vacuum cleaning,1380.18
0.1,alpha0p1,102,1,subject102_client1,858,9,vacuum cleaning,1381.46
0.1,alpha0p1,102,1,subject102_client1,859,9,vacuum cleaning,1382.74
0.1,alpha0p1,102,1,subject102_client1,860,9,vacuum cleaning,1384.02
0.1,alpha0p1,102,1,subject102_client1,861,9,vacuum cleaning,1385.3
0.1,alpha0p1,102,1,subject102_client1,862,9,vacuum cleaning,1386.58
0.1,alpha0p1,102,1,subject102_client1,863,9,vacuum cleaning,1387.86
0.1,alpha0p1,102,1,subject102_client1,864,9,vacuum cleaning,1389.14
0.1,alpha0p1,102,1,subject102_client1,865,9,vacuum cleaning,1390.42
0.1,alpha0p1,102,1,subject102_client1,866,9,vacuum cleaning,1391.7
0.1,alpha0p1,102,1,subject102_client1,867,9,vacuum cleaning,1392.98
0.1,alpha0p1,102,1,subject102_client1,868,9,vacuum cleaning,1394.26
0.1,alpha0p1,102,1,subject102_client1,869,9,vacuum cleaning,1395.54
0.1,alpha0p1,102,1,subject102_client1,870,9,vacuum cleaning,1396.82
0.1,alpha0p1,102,1,subject102_client1,871,9,vacuum cleaning,1398.1
0.1,alpha0p1,102,1,subject102_client1,872,9,vacuum cleaning,1399.38
0.1,alpha0p1,102,1,subject102_client1,873,9,vacuum cleaning,1400.66
0.1,alpha0p1,102,1,subject102_client1,874,9,vacuum cleaning,1401.94
0.1,alpha0p1,102,1,subject102_client1,875,9,vacuum cleaning,1403.22
0.1,alpha0p1,102,1,subject102_client1,876,9,vacuum cleaning,1404.5
0.1,alpha0p1,102,1,subject102_client1,877,9,vacuum cleaning,1405.78
0.1,alpha0p1,102,1,subject102_client1,878,9,vacuum cleaning,1407.06
0.1,alpha0p1,102,1,subject102_client1,879,9,vacuum cleaning,1408.34
0.1,alpha0p1,102,1,subject102_client1,880,9,vacuum cleaning,1409.62
0.1,alpha0p1,102,1,subject102_client1,881,9,vacuum cleaning,1410.9
0.1,alpha0p1,102,1,subject102_client1,882,9,vacuum cleaning,1412.18
0.1,alpha0p1,102,1,subject102_client1,883,9,vacuum cleaning,1413.46
0.1,alpha0p1,102,1,subject102_client1,884,9,vacuum cleaning,1414.74
0.1,alpha0p1,102,1,subject102_client1,885,9,vacuum cleaning,1416.02
0.1,alpha0p1,102,1,subject102_client1,886,9,vacuum cleaning,1417.3
0.1,alpha0p1,102,1,subject102_client1,887,9,vacuum cleaning,1418.58
0.1,alpha0p1,102,1,subject102_client1,888,9,vacuum cleaning,1419.86
0.1,alpha0p1,102,1,subject102_client1,889,9,vacuum cleaning,1421.14
0.1,alpha0p1,102,1,subject102_client1,890,9,vacuum cleaning,1422.42
0.1,alpha0p1,102,1,subject102_client1,891,9,vacuum cleaning,1423.7
0.1,alpha0p1,102,1,subject102_client1,892,9,vacuum cleaning,1424.98
0.1,alpha0p1,102,1,subject102_client1,893,9,vacuum cleaning,1426.26
0.1,alpha0p1,102,1,subject102_client1,894,9,vacuum cleaning,1427.54
0.1,alpha0p1,102,1,subject102_client1,895,9,vacuum cleaning,1428.82
0.1,alpha0p1,102,1,subject102_client1,896,9,vacuum cleaning,1430.1
0.1,alpha0p1,102,1,subject102_client1,897,9,vacuum cleaning,1431.38
0.1,alpha0p1,102,1,subject102_client1,898,9,vacuum cleaning,1432.66
0.1,alpha0p1,102,1,subject102_client1,899,9,vacuum cleaning,1433.94
0.1,alpha0p1,102,1,subject102_client1,900,9,vacuum cleaning,1435.22
0.1,alpha0p1,102,1,subject102_client1,901,9,vacuum cleaning,1436.5
0.1,alpha0p1,102,1,subject102_client1,902,9,vacuum cleaning,1437.78
0.1,alpha0p1,102,1,subject102_client1,903,9,vacuum cleaning,1439.06
0.1,alpha0p1,102,1,subject102_client1,904,9,vacuum cleaning,1440.34
0.1,alpha0p1,102,1,subject102_client1,905,9,vacuum cleaning,1441.62
0.1,alpha0p1,102,1,subject102_client1,906,9,vacuum cleaning,1442.9
0.1,alpha0p1,102,1,subject102_client1,907,9,vacuum cleaning,1444.18
0.1,alpha0p1,102,1,subject102_client1,908,9,vacuum cleaning,1445.46
0.1,alpha0p1,102,1,subject102_client1,909,9,vacuum cleaning,1446.74
0.1,alpha0p1,102,1,subject102_client1,910,9,vacuum cleaning,1448.02
0.1,alpha0p1,102,1,subject102_client1,911,9,vacuum cleaning,1449.3
0.1,alpha0p1,102,1,subject102_client1,912,9,vacuum cleaning,1450.58
0.1,alpha0p1,102,1,subject102_client1,913,9,vacuum cleaning,1451.86
0.1,alpha0p1,102,1,subject102_client1,914,9,vacuum cleaning,1453.14
0.1,alpha0p1,102,1,subject102_client1,915,9,vacuum cleaning,1454.42
0.1,alpha0p1,102,1,subject102_client1,916,9,vacuum cleaning,1455.7
0.1,alpha0p1,102,1,subject102_client1,917,9,vacuum cleaning,1456.98
0.1,alpha0p1,102,1,subject102_client1,918,9,vacuum cleaning,1458.26
0.1,alpha0p1,102,1,subject102_client1,919,9,vacuum cleaning,1459.54
0.1,alpha0p1,102,1,subject102_client1,920,9,vacuum cleaning,1460.82
0.1,alpha0p1,102,1,subject102_client1,921,9,vacuum cleaning,1462.1
0.1,alpha0p1,102,1,subject102_client1,922,9,vacuum cleaning,1463.38
0.1,alpha0p1,102,1,subject102_client1,923,9,vacuum cleaning,1464.66
0.1,alpha0p1,102,1,subject102_client1,924,9,vacuum cleaning,1465.94
0.1,alpha0p1,102,1,subject102_client1,925,9,vacuum cleaning,1467.22
0.1,alpha0p1,102,1,subject102_client1,926,9,vacuum cleaning,1468.5
0.1,alpha0p1,102,1,subject102_client1,927,9,vacuum cleaning,1469.78
0.1,alpha0p1,102,1,subject102_client1,928,9,vacuum cleaning,1471.06
0.1,alpha0p1,102,1,subject102_client1,929,9,vacuum cleaning,1472.34
0.1,alpha0p1,102,1,subject102_client1,930,9,vacuum cleaning,1473.62
0.1,alpha0p1,102,1,subject102_client1,931,9,vacuum cleaning,1474.9
0.1,alpha0p1,102,1,subject102_client1,932,9,vacuum cleaning,1476.18
0.1,alpha0p1,102,1,subject102_client1,933,9,vacuum cleaning,1477.46
0.1,alpha0p1,102,1,subject102_client1,934,9,vacuum cleaning,1478.74
0.1,alpha0p1,102,1,subject102_client1,935,9,vacuum cleaning,1480.02
0.1,alpha0p1,102,1,subject102_client1,936,9,vacuum cleaning,1481.3
0.1,alpha0p1,102,1,subject102_client1,937,7,ascending stairs,1734.17
0.1,alpha0p1,102,1,subject102_client1,938,7,ascending stairs,1735.45
0.1,alpha0p1,102,1,subject102_client1,939,7,ascending stairs,1736.73
0.1,alpha0p1,102,1,subject102_client1,940,7,ascending stairs,1738.01
0.1,alpha0p1,102,1,subject102_client1,941,7,ascending stairs,1739.29
0.1,alpha0p1,102,1,subject102_client1,942,7,ascending stairs,1740.57
0.1,alpha0p1,102,1,subject102_client1,943,7,ascending stairs,1741.85
0.1,alpha0p1,102,1,subject102_client1,944,7,ascending stairs,1743.13
0.1,alpha0p1,102,1,subject102_client1,945,7,ascending stairs,1744.41
0.1,alpha0p1,102,1,subject102_client1,946,7,ascending stairs,1745.69
0.1,alpha0p1,102,1,subject102_client1,947,7,ascending stairs,1746.97
0.1,alpha0p1,102,1,subject102_client1,948,7,ascending stairs,1748.25
0.1,alpha0p1,102,1,subject102_client1,949,7,ascending stairs,1749.53
0.1,alpha0p1,102,2,subject102_client2,951,7,ascending stairs,1752.09
0.1,alpha0p1,102,2,subject102_client2,952,7,ascending stairs,1753.37
0.1,alpha0p1,102,2,subject102_client2,953,7,ascending stairs,1754.65
0.1,alpha0p1,102,2,subject102_client2,954,7,ascending stairs,1755.93
0.1,alpha0p1,102,2,subject102_client2,955,7,ascending stairs,1757.21
0.1,alpha0p1,102,2,subject102_client2,956,7,ascending stairs,1758.49
0.1,alpha0p1,102,2,subject102_client2,957,7,ascending stairs,1759.77
0.1,alpha0p1,102,2,subject102_client2,958,7,ascending stairs,1761.05
0.1,alpha0p1,102,2,subject102_client2,959,7,ascending stairs,1762.33
0.1,alpha0p1,102,2,subject102_client2,960,7,ascending stairs,1763.61
0.1,alpha0p1,102,2,subject102_client2,961,7,ascending stairs,1764.89
0.1,alpha0p1,102,2,subject102_client2,962,7,ascending stairs,1766.17
0.1,alpha0p1,102,2,subject102_client2,963,7,ascending stairs,1767.45
0.1,alpha0p1,102,2,subject102_client2,964,7,ascending stairs,1768.73
0.1,alpha0p1,102,2,subject102_client2,965,7,ascending stairs,1770.01
0.1,alpha0p1,102,2,subject102_client2,966,7,ascending stairs,1771.29
0.1,alpha0p1,102,2,subject102_client2,967,7,ascending stairs,1772.57
0.1,alpha0p1,102,2,subject102_client2,968,7,ascending stairs,1773.85
0.1,alpha0p1,102,2,subject102_client2,969,7,ascending stairs,1775.13
0.1,alpha0p1,102,2,subject102_client2,970,7,ascending stairs,1776.41
0.1,alpha0p1,102,2,subject102_client2,971,7,ascending stairs,1777.69
0.1,alpha0p1,102,2,subject102_client2,972,7,ascending stairs,1778.97
0.1,alpha0p1,102,2,subject102_client2,973,7,ascending stairs,1780.25
0.1,alpha0p1,102,2,subject102_client2,974,7,ascending stairs,1781.53
0.1,alpha0p1,102,2,subject102_client2,975,7,ascending stairs,1782.81
0.1,alpha0p1,102,2,subject102_client2,976,7,ascending stairs,1784.09
0.1,alpha0p1,102,2,subject102_client2,977,7,ascending stairs,1785.37
0.1,alpha0p1,102,2,subject102_client2,978,7,ascending stairs,1786.65
0.1,alpha0p1,102,2,subject102_client2,979,7,ascending stairs,1787.93
0.1,alpha0p1,102,2,subject102_client2,980,7,ascending stairs,1789.21
0.1,alpha0p1,102,2,subject102_client2,981,7,ascending stairs,1790.49
0.1,alpha0p1,102,2,subject102_client2,982,7,ascending stairs,1791.77
0.1,alpha0p1,102,2,subject102_client2,983,7,ascending stairs,1793.05
0.1,alpha0p1,102,2,subject102_client2,984,7,ascending stairs,1794.33
0.1,alpha0p1,102,2,subject102_client2,985,7,ascending stairs,1795.61
0.1,alpha0p1,102,2,subject102_client2,986,7,ascending stairs,1796.89
0.1,alpha0p1,102,2,subject102_client2,987,7,ascending stairs,1798.17
0.1,alpha0p1,102,2,subject102_client2,988,7,ascending stairs,1799.45
0.1,alpha0p1,102,2,subject102_client2,989,7,ascending stairs,1800.73
0.1,alpha0p1,102,2,subject102_client2,990,7,ascending stairs,1802.01
0.1,alpha0p1,102,2,subject102_client2,991,7,ascending stairs,1803.29
0.1,alpha0p1,102,2,subject102_client2,992,7,ascending stairs,1804.57
0.1,alpha0p1,102,2,subject102_client2,993,7,ascending stairs,1805.85
0.1,alpha0p1,102,2,subject102_client2,994,7,ascending stairs,1807.13
0.1,alpha0p1,102,2,subject102_client2,995,7,ascending stairs,1808.41
0.1,alpha0p1,102,2,subject102_client2,996,7,ascending stairs,1809.69
0.1,alpha0p1,102,2,subject102_client2,997,7,ascending stairs,1810.97
0.1,alpha0p1,102,2,subject102_client2,998,7,ascending stairs,1812.25
0.1,alpha0p1,102,2,subject102_client2,999,7,ascending stairs,1813.53
0.1,alpha0p1,102,2,subject102_client2,1000,7,ascending stairs,1814.81
0.1,alpha0p1,102,2,subject102_client2,1001,7,ascending stairs,1816.09
0.1,alpha0p1,102,2,subject102_client2,1002,7,ascending stairs,1817.37
0.1,alpha0p1,102,2,subject102_client2,1003,7,ascending stairs,1818.65
0.1,alpha0p1,102,1,subject102_client1,1004,8,descending stairs,1921.25
0.1,alpha0p1,102,1,subject102_client1,1005,8,descending stairs,1922.53
0.1,alpha0p1,102,1,subject102_client1,1006,8,descending stairs,1923.81
0.1,alpha0p1,102,1,subject102_client1,1007,8,descending stairs,1925.09
0.1,alpha0p1,102,1,subject102_client1,1008,8,descending stairs,1926.37
0.1,alpha0p1,102,1,subject102_client1,1009,8,descending stairs,1927.65
0.1,alpha0p1,102,1,subject102_client1,1010,8,descending stairs,1928.93
0.1,alpha0p1,102,1,subject102_client1,1011,8,descending stairs,1930.21
0.1,alpha0p1,102,1,subject102_client1,1012,8,descending stairs,1931.49
0.1,alpha0p1,102,1,subject102_client1,1013,8,descending stairs,1932.77
0.1,alpha0p1,102,1,subject102_client1,1014,8,descending stairs,1934.05
0.1,alpha0p1,102,1,subject102_client1,1015,8,descending stairs,1935.33
0.1,alpha0p1,102,1,subject102_client1,1016,8,descending stairs,1936.61
0.1,alpha0p1,102,1,subject102_client1,1017,8,descending stairs,1937.89
0.1,alpha0p1,102,1,subject102_client1,1018,8,descending stairs,1939.17
0.1,alpha0p1,102,1,subject102_client1,1019,8,descending stairs,1940.45
0.1,alpha0p1,102,1,subject102_client1,1020,8,descending stairs,1941.73
0.1,alpha0p1,102,1,subject102_client1,1021,8,descending stairs,1943.01
0.1,alpha0p1,102,1,subject102_client1,1022,8,descending stairs,1944.29
0.1,alpha0p1,102,1,subject102_client1,1023,8,descending stairs,1945.57
0.1,alpha0p1,102,1,subject102_client1,1024,8,descending stairs,1946.85
0.1,alpha0p1,102,1,subject102_client1,1025,8,descending stairs,1948.13
0.1,alpha0p1,102,1,subject102_client1,1026,8,descending stairs,1949.41
0.1,alpha0p1,102,1,subject102_client1,1027,8,descending stairs,1950.69
0.1,alpha0p1,102,1,subject102_client1,1028,8,descending stairs,1951.97
0.1,alpha0p1,102,1,subject102_client1,1029,8,descending stairs,1953.25
0.1,alpha0p1,102,1,subject102_client1,1030,8,descending stairs,1954.53
0.1,alpha0p1,102,1,subject102_client1,1031,8,descending stairs,1955.81
0.1,alpha0p1,102,1,subject102_client1,1032,8,descending stairs,1957.09
0.1,alpha0p1,102,1,subject102_client1,1033,8,descending stairs,1958.37
0.1,alpha0p1,102,1,subject102_client1,1034,8,descending stairs,1959.65
0.1,alpha0p1,102,1,subject102_client1,1035,8,descending stairs,1960.93
0.1,alpha0p1,102,1,subject102_client1,1036,8,descending stairs,1962.21
0.1,alpha0p1,102,1,subject102_client1,1037,8,descending stairs,1963.49
0.1,alpha0p1,102,1,subject102_client1,1038,8,descending stairs,1964.77
0.1,alpha0p1,102,1,subject102_client1,1039,8,descending stairs,1966.05
0.1,alpha0p1,102,1,subject102_client1,1040,8,descending stairs,1967.33
0.1,alpha0p1,102,1,subject102_client1,1041,8,descending stairs,1968.61
0.1,alpha0p1,102,1,subject102_client1,1042,8,descending stairs,1969.89
0.1,alpha0p1,102,1,subject102_client1,1043,8,descending stairs,1971.17
0.1,alpha0p1,102,1,subject102_client1,1044,8,descending stairs,1972.45
0.1,alpha0p1,102,1,subject102_client1,1045,8,descending stairs,1973.73
0.1,alpha0p1,102,1,subject102_client1,1046,8,descending stairs,1975.01
0.1,alpha0p1,102,1,subject102_client1,1047,8,descending stairs,1976.29
0.1,alpha0p1,102,1,subject102_client1,1048,8,descending stairs,1977.57
0.1,alpha0p1,102,1,subject102_client1,1049,8,descending stairs,1978.85
0.1,alpha0p1,102,1,subject102_client1,1050,8,descending stairs,1980.13
0.1,alpha0p1,102,1,subject102_client1,1051,8,descending stairs,1981.41
0.1,alpha0p1,102,1,subject102_client1,1052,8,descending stairs,1982.69
0.1,alpha0p1,102,1,subject102_client1,1053,8,descending stairs,1983.97
0.1,alpha0p1,102,1,subject102_client1,1054,8,descending stairs,1985.25
0.1,alpha0p1,102,1,subject102_client1,1055,8,descending stairs,1986.53
0.1,alpha0p1,102,1,subject102_client1,1056,8,descending stairs,1987.81
0.1,alpha0p1,102,1,subject102_client1,1057,8,descending stairs,1989.09
0.1,alpha0p1,102,1,subject102_client1,1058,8,descending stairs,1990.37
0.1,alpha0p1,102,1,subject102_client1,1059,8,descending stairs,1991.65
0.1,alpha0p1,102,1,subject102_client1,1060,8,descending stairs,1992.93
0.1,alpha0p1,102,1,subject102_client1,1061,8,descending stairs,1994.21
0.1,alpha0p1,102,1,subject102_client1,1062,8,descending stairs,1995.49
0.1,alpha0p1,102,2,subject102_client2,1063,7,ascending stairs,2429.11
0.1,alpha0p1,102,2,subject102_client2,1064,7,ascending stairs,2430.39
0.1,alpha0p1,102,2,subject102_client2,1065,7,ascending stairs,2431.67
0.1,alpha0p1,102,2,subject102_client2,1066,7,ascending stairs,2432.95
0.1,alpha0p1,102,2,subject102_client2,1067,7,ascending stairs,2434.23
0.1,alpha0p1,102,2,subject102_client2,1068,7,ascending stairs,2435.51
0.1,alpha0p1,102,2,subject102_client2,1069,7,ascending stairs,2436.79
0.1,alpha0p1,102,2,subject102_client2,1070,7,ascending stairs,2438.07
0.1,alpha0p1,102,2,subject102_client2,1071,7,ascending stairs,2439.35
0.1,alpha0p1,102,2,subject102_client2,1072,7,ascending stairs,2440.63
0.1,alpha0p1,102,2,subject102_client2,1073,7,ascending stairs,2441.91
0.1,alpha0p1,102,2,subject102_client2,1074,7,ascending stairs,2443.19
0.1,alpha0p1,102,2,subject102_client2,1075,7,ascending stairs,2444.47
0.1,alpha0p1,102,2,subject102_client2,1076,7,ascending stairs,2445.75
0.1,alpha0p1,102,2,subject102_client2,1077,7,ascending stairs,2447.03
0.1,alpha0p1,102,2,subject102_client2,1078,7,ascending stairs,2448.31
0.1,alpha0p1,102,2,subject102_client2,1079,7,ascending stairs,2449.59
0.1,alpha0p1,102,2,subject102_client2,1080,7,ascending stairs,2450.87
0.1,alpha0p1,102,2,subject102_client2,1081,7,ascending stairs,2452.15
0.1,alpha0p1,102,2,subject102_client2,1082,7,ascending stairs,2453.43
0.1,alpha0p1,102,2,subject102_client2,1083,7,ascending stairs,2454.71
0.1,alpha0p1,102,2,subject102_client2,1084,7,ascending stairs,2455.99
0.1,alpha0p1,102,2,subject102_client2,1085,7,ascending stairs,2457.27
0.1,alpha0p1,102,2,subject102_client2,1086,7,ascending stairs,2458.55
0.1,alpha0p1,102,2,subject102_client2,1087,7,ascending stairs,2459.83
0.1,alpha0p1,102,2,subject102_client2,1088,7,ascending stairs,2461.11
0.1,alpha0p1,102,2,subject102_client2,1089,7,ascending stairs,2462.39
0.1,alpha0p1,102,2,subject102_client2,1090,7,ascending stairs,2463.67
0.1,alpha0p1,102,2,subject102_client2,1091,7,ascending stairs,2464.95
0.1,alpha0p1,102,2,subject102_client2,1092,7,ascending stairs,2466.23
0.1,alpha0p1,102,2,subject102_client2,1093,7,ascending stairs,2467.51
0.1,alpha0p1,102,2,subject102_client2,1094,7,ascending stairs,2468.79
0.1,alpha0p1,102,2,subject102_client2,1095,7,ascending stairs,2470.07
0.1,alpha0p1,102,2,subject102_client2,1096,7,ascending stairs,2471.35
0.1,alpha0p1,102,2,subject102_client2,1097,7,ascending stairs,2472.63
0.1,alpha0p1,102,2,subject102_client2,1098,7,ascending stairs,2473.91
0.1,alpha0p1,102,2,subject102_client2,1099,7,ascending stairs,2475.19
0.1,alpha0p1,102,2,subject102_client2,1100,7,ascending stairs,2476.47
0.1,alpha0p1,102,2,subject102_client2,1101,7,ascending stairs,2477.75
0.1,alpha0p1,102,2,subject102_client2,1102,7,ascending stairs,2479.03
0.1,alpha0p1,102,2,subject102_client2,1103,7,ascending stairs,2480.31
0.1,alpha0p1,102,2,subject102_client2,1104,7,ascending stairs,2481.59
0.1,alpha0p1,102,2,subject102_client2,1105,7,ascending stairs,2482.87
0.1,alpha0p1,102,2,subject102_client2,1106,7,ascending stairs,2484.15
0.1,alpha0p1,102,2,subject102_client2,1107,7,ascending stairs,2485.43
0.1,alpha0p1,102,2,subject102_client2,1108,7,ascending stairs,2486.71
0.1,alpha0p1,102,2,subject102_client2,1109,7,ascending stairs,2487.99
0.1,alpha0p1,102,2,subject102_client2,1110,7,ascending stairs,2489.27
0.1,alpha0p1,102,2,subject102_client2,1111,7,ascending stairs,2490.55
0.1,alpha0p1,102,2,subject102_client2,1112,7,ascending stairs,2491.83
0.1,alpha0p1,102,2,subject102_client2,1113,7,ascending stairs,2493.11
0.1,alpha0p1,102,2,subject102_client2,1114,7,ascending stairs,2494.39
0.1,alpha0p1,102,2,subject102_client2,1115,7,ascending stairs,2495.67
0.1,alpha0p1,102,2,subject102_client2,1116,7,ascending stairs,2496.95
0.1,alpha0p1,102,2,subject102_client2,1117,7,ascending stairs,2498.23
0.1,alpha0p1,102,2,subject102_client2,1118,7,ascending stairs,2499.51
0.1,alpha0p1,102,2,subject102_client2,1119,7,ascending stairs,2500.79
0.1,alpha0p1,102,2,subject102_client2,1120,7,ascending stairs,2502.07
0.1,alpha0p1,102,2,subject102_client2,1121,7,ascending stairs,2503.35
0.1,alpha0p1,102,2,subject102_client2,1122,7,ascending stairs,2504.63
0.1,alpha0p1,102,2,subject102_client2,1123,7,ascending stairs,2505.91
0.1,alpha0p1,102,2,subject102_client2,1124,7,ascending stairs,2507.19
0.1,alpha0p1,102,2,subject102_client2,1125,7,ascending stairs,2508.47
0.1,alpha0p1,102,2,subject102_client2,1126,7,ascending stairs,2509.75
0.1,alpha0p1,102,2,subject102_client2,1127,7,ascending stairs,2511.03
0.1,alpha0p1,102,2,subject102_client2,1128,7,ascending stairs,2512.31
0.1,alpha0p1,102,1,subject102_client1,1129,8,descending stairs,2515.28
0.1,alpha0p1,102,1,subject102_client1,1130,8,descending stairs,2516.56
0.1,alpha0p1,102,1,subject102_client1,1131,8,descending stairs,2517.84
0.1,alpha0p1,102,1,subject102_client1,1132,8,descending stairs,2519.12
0.1,alpha0p1,102,1,subject102_client1,1133,8,descending stairs,2520.4
0.1,alpha0p1,102,1,subject102_client1,1134,8,descending stairs,2521.68
0.1,alpha0p1,102,1,subject102_client1,1135,8,descending stairs,2522.96
0.1,alpha0p1,102,1,subject102_client1,1136,8,descending stairs,2524.24
0.1,alpha0p1,102,1,subject102_client1,1137,8,descending stairs,2525.52
0.1,alpha0p1,102,1,subject102_client1,1138,8,descending stairs,2526.8
0.1,alpha0p1,102,1,subject102_client1,1139,8,descending stairs,2528.08
0.1,alpha0p1,102,1,subject102_client1,1140,8,descending stairs,2529.36
0.1,alpha0p1,102,1,subject102_client1,1141,8,descending stairs,2530.64
0.1,alpha0p1,102,1,subject102_client1,1142,8,descending stairs,2531.92
0.1,alpha0p1,102,1,subject102_client1,1143,8,descending stairs,2533.2
0.1,alpha0p1,102,1,subject102_client1,1144,8,descending stairs,2534.48
0.1,alpha0p1,102,1,subject102_client1,1145,8,descending stairs,2535.76
0.1,alpha0p1,102,1,subject102_client1,1146,8,descending stairs,2537.04
0.1,alpha0p1,102,1,subject102_client1,1147,8,descending stairs,2538.32
0.1,alpha0p1,102,1,subject102_client1,1148,8,descending stairs,2539.6
0.1,alpha0p1,102,1,subject102_client1,1149,8,descending stairs,2540.88
0.1,alpha0p1,102,1,subject102_client1,1150,8,descending stairs,2542.16
0.1,alpha0p1,102,1,subject102_client1,1151,8,descending stairs,2543.44
0.1,alpha0p1,102,1,subject102_client1,1152,8,descending stairs,2544.72
0.1,alpha0p1,102,1,subject102_client1,1153,8,descending stairs,2546.0
0.1,alpha0p1,102,1,subject102_client1,1154,8,descending stairs,2547.28
0.1,alpha0p1,102,1,subject102_client1,1155,8,descending stairs,2548.56
0.1,alpha0p1,102,1,subject102_client1,1156,8,descending stairs,2549.84
0.1,alpha0p1,102,1,subject102_client1,1157,8,descending stairs,2551.12
0.1,alpha0p1,102,1,subject102_client1,1158,8,descending stairs,2552.4
0.1,alpha0p1,102,1,subject102_client1,1159,8,descending stairs,2553.68
0.1,alpha0p1,102,1,subject102_client1,1160,8,descending stairs,2554.96
0.1,alpha0p1,102,1,subject102_client1,1161,8,descending stairs,2556.24
0.1,alpha0p1,102,1,subject102_client1,1162,8,descending stairs,2557.52
0.1,alpha0p1,102,1,subject102_client1,1163,8,descending stairs,2558.8
0.1,alpha0p1,102,1,subject102_client1,1164,8,descending stairs,2560.08
0.1,alpha0p1,102,1,subject102_client1,1165,8,descending stairs,2561.36
0.1,alpha0p1,102,1,subject102_client1,1166,8,descending stairs,2562.64
0.1,alpha0p1,102,1,subject102_client1,1167,8,descending stairs,2563.92
0.1,alpha0p1,102,1,subject102_client1,1168,8,descending stairs,2565.2
0.1,alpha0p1,102,1,subject102_client1,1169,8,descending stairs,2566.48
0.1,alpha0p1,102,1,subject102_client1,1170,8,descending stairs,2567.76
0.1,alpha0p1,102,1,subject102_client1,1171,8,descending stairs,2569.04
0.1,alpha0p1,102,1,subject102_client1,1172,8,descending stairs,2570.32
0.1,alpha0p1,102,1,subject102_client1,1173,8,descending stairs,2571.6
0.1,alpha0p1,102,1,subject102_client1,1174,8,descending stairs,2572.88
0.1,alpha0p1,102,1,subject102_client1,1175,8,descending stairs,2574.16
0.1,alpha0p1,102,1,subject102_client1,1176,8,descending stairs,2575.44
0.1,alpha0p1,102,1,subject102_client1,1177,8,descending stairs,2576.72
0.1,alpha0p1,102,1,subject102_client1,1178,8,descending stairs,2578.0
0.1,alpha0p1,102,1,subject102_client1,1179,8,descending stairs,2579.28
0.1,alpha0p1,102,1,subject102_client1,1180,8,descending stairs,2580.56
0.1,alpha0p1,102,1,subject102_client1,1181,8,descending stairs,2581.84
0.1,alpha0p1,102,1,subject102_client1,1182,8,descending stairs,2583.12
0.1,alpha0p1,102,1,subject102_client1,1183,8,descending stairs,2584.4
0.1,alpha0p1,102,1,subject102_client1,1184,8,descending stairs,2585.68
0.1,alpha0p1,102,3,subject102_client3,1185,3,walking,2780.72
0.1,alpha0p1,102,2,subject102_client2,1187,3,walking,2783.28
0.1,alpha0p1,102,2,subject102_client2,1188,3,walking,2784.56
0.1,alpha0p1,102,2,subject102_client2,1189,3,walking,2785.84
0.1,alpha0p1,102,2,subject102_client2,1190,3,walking,2787.12
0.1,alpha0p1,102,2,subject102_client2,1191,3,walking,2788.4
0.1,alpha0p1,102,2,subject102_client2,1192,3,walking,2789.68
0.1,alpha0p1,102,2,subject102_client2,1193,3,walking,2790.96
0.1,alpha0p1,102,2,subject102_client2,1194,3,walking,2792.24
0.1,alpha0p1,102,2,subject102_client2,1195,3,walking,2793.52
0.1,alpha0p1,102,2,subject102_client2,1196,3,walking,2794.8
0.1,alpha0p1,102,2,subject102_client2,1197,3,walking,2796.08
0.1,alpha0p1,102,2,subject102_client2,1198,3,walking,2797.36
0.1,alpha0p1,102,2,subject102_client2,1199,3,walking,2798.64
0.1,alpha0p1,102,2,subject102_client2,1200,3,walking,2799.92
0.1,alpha0p1,102,2,subject102_client2,1201,3,walking,2801.2
0.1,alpha0p1,102,2,subject102_client2,1202,3,walking,2802.48
0.1,alpha0p1,102,2,subject102_client2,1203,3,walking,2803.76
0.1,alpha0p1,102,2,subject102_client2,1204,3,walking,2805.04
0.1,alpha0p1,102,2,subject102_client2,1205,3,walking,2806.32
0.1,alpha0p1,102,2,subject102_client2,1206,3,walking,2807.6
0.1,alpha0p1,102,2,subject102_client2,1207,3,walking,2808.88
0.1,alpha0p1,102,2,subject102_client2,1208,3,walking,2810.16
0.1,alpha0p1,102,2,subject102_client2,1209,3,walking,2811.44
0.1,alpha0p1,102,2,subject102_client2,1210,3,walking,2812.72
0.1,alpha0p1,102,2,subject102_client2,1211,3,walking,2814.0
0.1,alpha0p1,102,2,subject102_client2,1212,3,walking,2815.28
0.1,alpha0p1,102,2,subject102_client2,1213,3,walking,2816.56
0.1,alpha0p1,102,2,subject102_client2,1214,3,walking,2817.84
0.1,alpha0p1,102,2,subject102_client2,1215,3,walking,2819.12
0.1,alpha0p1,102,2,subject102_client2,1216,3,walking,2820.4
0.1,alpha0p1,102,2,subject102_client2,1217,3,walking,2821.68
0.1,alpha0p1,102,2,subject102_client2,1218,3,walking,2822.96
0.1,alpha0p1,102,2,subject102_client2,1219,3,walking,2824.24
0.1,alpha0p1,102,2,subject102_client2,1220,3,walking,2825.52
0.1,alpha0p1,102,2,subject102_client2,1221,3,walking,2826.8
0.1,alpha0p1,102,2,subject102_client2,1222,3,walking,2828.08
0.1,alpha0p1,102,2,subject102_client2,1223,3,walking,2829.36
0.1,alpha0p1,102,2,subject102_client2,1224,3,walking,2830.64
0.1,alpha0p1,102,2,subject102_client2,1225,3,walking,2831.92
0.1,alpha0p1,102,2,subject102_client2,1226,3,walking,2833.2
0.1,alpha0p1,102,2,subject102_client2,1227,3,walking,2834.48
0.1,alpha0p1,102,2,subject102_client2,1228,3,walking,2835.76
0.1,alpha0p1,102,2,subject102_client2,1229,3,walking,2837.04
0.1,alpha0p1,102,2,subject102_client2,1230,3,walking,2838.32
0.1,alpha0p1,102,2,subject102_client2,1231,3,walking,2839.6
0.1,alpha0p1,102,2,subject102_client2,1232,3,walking,2840.88
0.1,alpha0p1,102,2,subject102_client2,1233,3,walking,2842.16
0.1,alpha0p1,102,2,subject102_client2,1234,3,walking,2843.44
0.1,alpha0p1,102,2,subject102_client2,1235,3,walking,2844.72
0.1,alpha0p1,102,2,subject102_client2,1236,3,walking,2846.0
0.1,alpha0p1,102,2,subject102_client2,1237,3,walking,2847.28
0.1,alpha0p1,102,2,subject102_client2,1238,3,walking,2848.56
0.1,alpha0p1,102,2,subject102_client2,1239,3,walking,2849.84
0.1,alpha0p1,102,2,subject102_client2,1240,3,walking,2851.12
0.1,alpha0p1,102,2,subject102_client2,1241,3,walking,2852.4
0.1,alpha0p1,102,2,subject102_client2,1242,3,walking,2853.68
0.1,alpha0p1,102,2,subject102_client2,1243,3,walking,2854.96
0.1,alpha0p1,102,2,subject102_client2,1244,3,walking,2856.24
0.1,alpha0p1,102,2,subject102_client2,1245,3,walking,2857.52
0.1,alpha0p1,102,2,subject102_client2,1246,3,walking,2858.8
0.1,alpha0p1,102,2,subject102_client2,1247,3,walking,2860.08
0.1,alpha0p1,102,2,subject102_client2,1248,3,walking,2861.36
0.1,alpha0p1,102,2,subject102_client2,1249,3,walking,2862.64
0.1,alpha0p1,102,2,subject102_client2,1250,3,walking,2863.92
0.1,alpha0p1,102,2,subject102_client2,1251,3,walking,2865.2
0.1,alpha0p1,102,2,subject102_client2,1252,3,walking,2866.48
0.1,alpha0p1,102,2,subject102_client2,1253,3,walking,2867.76
0.1,alpha0p1,102,2,subject102_client2,1254,3,walking,2869.04
0.1,alpha0p1,102,2,subject102_client2,1255,3,walking,2870.32
0.1,alpha0p1,102,2,subject102_client2,1256,3,walking,2871.6
0.1,alpha0p1,102,2,subject102_client2,1257,3,walking,2872.88
0.1,alpha0p1,102,2,subject102_client2,1258,3,walking,2874.16
0.1,alpha0p1,102,2,subject102_client2,1259,3,walking,2875.44
0.1,alpha0p1,102,2,subject102_client2,1260,3,walking,2876.72
0.1,alpha0p1,102,2,subject102_client2,1261,3,walking,2878.0
0.1,alpha0p1,102,2,subject102_client2,1262,3,walking,2879.28
0.1,alpha0p1,102,2,subject102_client2,1263,3,walking,2880.56
0.1,alpha0p1,102,2,subject102_client2,1264,3,walking,2881.84
0.1,alpha0p1,102,2,subject102_client2,1265,3,walking,2883.12
0.1,alpha0p1,102,2,subject102_client2,1266,3,walking,2884.4
0.1,alpha0p1,102,2,subject102_client2,1267,3,walking,2885.68
0.1,alpha0p1,102,2,subject102_client2,1268,3,walking,2886.96
0.1,alpha0p1,102,2,subject102_client2,1269,3,walking,2888.24
0.1,alpha0p1,102,2,subject102_client2,1270,3,walking,2889.52
0.1,alpha0p1,102,2,subject102_client2,1271,3,walking,2890.8
0.1,alpha0p1,102,2,subject102_client2,1272,3,walking,2892.08
0.1,alpha0p1,102,2,subject102_client2,1273,3,walking,2893.36
0.1,alpha0p1,102,2,subject102_client2,1274,3,walking,2894.64
0.1,alpha0p1,102,2,subject102_client2,1275,3,walking,2895.92
0.1,alpha0p1,102,2,subject102_client2,1276,3,walking,2897.2
0.1,alpha0p1,102,2,subject102_client2,1277,3,walking,2898.48
0.1,alpha0p1,102,2,subject102_client2,1278,3,walking,2899.76
0.1,alpha0p1,102,2,subject102_client2,1279,3,walking,2901.04
0.1,alpha0p1,102,2,subject102_client2,1280,3,walking,2902.32
0.1,alpha0p1,102,2,subject102_client2,1281,3,walking,2903.6
0.1,alpha0p1,102,2,subject102_client2,1282,3,walking,2904.88
0.1,alpha0p1,102,2,subject102_client2,1283,3,walking,2906.16
0.1,alpha0p1,102,2,subject102_client2,1284,3,walking,2907.44
0.1,alpha0p1,102,2,subject102_client2,1285,3,walking,2908.72
0.1,alpha0p1,102,2,subject102_client2,1286,3,walking,2910.0
0.1,alpha0p1,102,2,subject102_client2,1287,3,walking,2911.28
0.1,alpha0p1,102,2,subject102_client2,1288,3,walking,2912.56
0.1,alpha0p1,102,2,subject102_client2,1289,3,walking,2913.84
0.1,alpha0p1,102,2,subject102_client2,1290,3,walking,2915.12
0.1,alpha0p1,102,2,subject102_client2,1291,3,walking,2916.4
0.1,alpha0p1,102,2,subject102_client2,1292,3,walking,2917.68
0.1,alpha0p1,102,2,subject102_client2,1293,3,walking,2918.96
0.1,alpha0p1,102,2,subject102_client2,1294,3,walking,2920.24
0.1,alpha0p1,102,2,subject102_client2,1295,3,walking,2921.52
0.1,alpha0p1,102,2,subject102_client2,1296,3,walking,2922.8
0.1,alpha0p1,102,2,subject102_client2,1297,3,walking,2924.08
0.1,alpha0p1,102,2,subject102_client2,1298,3,walking,2925.36
0.1,alpha0p1,102,2,subject102_client2,1299,3,walking,2926.64
0.1,alpha0p1,102,2,subject102_client2,1300,3,walking,2927.92
0.1,alpha0p1,102,2,subject102_client2,1301,3,walking,2929.2
0.1,alpha0p1,102,2,subject102_client2,1302,3,walking,2930.48
0.1,alpha0p1,102,2,subject102_client2,1303,3,walking,2931.76
0.1,alpha0p1,102,2,subject102_client2,1304,3,walking,2933.04
0.1,alpha0p1,102,2,subject102_client2,1305,3,walking,2934.32
0.1,alpha0p1,102,2,subject102_client2,1306,3,walking,2935.6
0.1,alpha0p1,102,2,subject102_client2,1307,3,walking,2936.88
0.1,alpha0p1,102,2,subject102_client2,1308,3,walking,2938.16
0.1,alpha0p1,102,2,subject102_client2,1309,3,walking,2939.44
0.1,alpha0p1,102,2,subject102_client2,1310,3,walking,2940.72
0.1,alpha0p1,102,2,subject102_client2,1311,3,walking,2942.0
0.1,alpha0p1,102,2,subject102_client2,1312,3,walking,2943.28
0.1,alpha0p1,102,2,subject102_client2,1313,3,walking,2944.56
0.1,alpha0p1,102,2,subject102_client2,1314,3,walking,2945.84
0.1,alpha0p1,102,2,subject102_client2,1315,3,walking,2947.12
0.1,alpha0p1,102,2,subject102_client2,1316,3,walking,2948.4
0.1,alpha0p1,102,2,subject102_client2,1317,3,walking,2949.68
0.1,alpha0p1,102,2,subject102_client2,1318,3,walking,2950.96
0.1,alpha0p1,102,2,subject102_client2,1319,3,walking,2952.24
0.1,alpha0p1,102,2,subject102_client2,1320,3,walking,2953.52
0.1,alpha0p1,102,2,subject102_client2,1321,3,walking,2954.8
0.1,alpha0p1,102,2,subject102_client2,1322,3,walking,2956.08
0.1,alpha0p1,102,2,subject102_client2,1323,3,walking,2957.36
0.1,alpha0p1,102,2,subject102_client2,1324,3,walking,2958.64
0.1,alpha0p1,102,2,subject102_client2,1325,3,walking,2959.92
0.1,alpha0p1,102,2,subject102_client2,1326,3,walking,2961.2
0.1,alpha0p1,102,2,subject102_client2,1327,3,walking,2962.48
0.1,alpha0p1,102,2,subject102_client2,1328,3,walking,2963.76
0.1,alpha0p1,102,2,subject102_client2,1329,3,walking,2965.04
0.1,alpha0p1,102,2,subject102_client2,1330,3,walking,2966.32
0.1,alpha0p1,102,2,subject102_client2,1331,3,walking,2967.6
0.1,alpha0p1,102,2,subject102_client2,1332,3,walking,2968.88
0.1,alpha0p1,102,2,subject102_client2,1333,3,walking,2970.16
0.1,alpha0p1,102,2,subject102_client2,1334,3,walking,2971.44
0.1,alpha0p1,102,2,subject102_client2,1335,3,walking,2972.72
0.1,alpha0p1,102,2,subject102_client2,1336,3,walking,2974.0
0.1,alpha0p1,102,2,subject102_client2,1337,3,walking,2975.28
0.1,alpha0p1,102,2,subject102_client2,1338,3,walking,2976.56
0.1,alpha0p1,102,2,subject102_client2,1339,3,walking,2977.84
0.1,alpha0p1,102,2,subject102_client2,1340,3,walking,2979.12
0.1,alpha0p1,102,2,subject102_client2,1341,3,walking,2980.4
0.1,alpha0p1,102,2,subject102_client2,1342,3,walking,2981.68
0.1,alpha0p1,102,2,subject102_client2,1343,3,walking,2982.96
0.1,alpha0p1,102,2,subject102_client2,1344,3,walking,2984.24
0.1,alpha0p1,102,2,subject102_client2,1345,3,walking,2985.52
0.1,alpha0p1,102,2,subject102_client2,1346,3,walking,2986.8
0.1,alpha0p1,102,2,subject102_client2,1347,3,walking,2988.08
0.1,alpha0p1,102,2,subject102_client2,1348,3,walking,2989.36
0.1,alpha0p1,102,2,subject102_client2,1349,3,walking,2990.64
0.1,alpha0p1,102,2,subject102_client2,1350,3,walking,2991.92
0.1,alpha0p1,102,2,subject102_client2,1351,3,walking,2993.2
0.1,alpha0p1,102,2,subject102_client2,1352,3,walking,2994.48
0.1,alpha0p1,102,2,subject102_client2,1353,3,walking,2995.76
0.1,alpha0p1,102,2,subject102_client2,1354,3,walking,2997.04
0.1,alpha0p1,102,2,subject102_client2,1355,3,walking,2998.32
0.1,alpha0p1,102,2,subject102_client2,1356,3,walking,2999.6
0.1,alpha0p1,102,2,subject102_client2,1357,3,walking,3000.88
0.1,alpha0p1,102,2,subject102_client2,1358,3,walking,3002.16
0.1,alpha0p1,102,2,subject102_client2,1359,3,walking,3003.44
0.1,alpha0p1,102,2,subject102_client2,1360,3,walking,3004.72
0.1,alpha0p1,102,2,subject102_client2,1361,3,walking,3006.0
0.1,alpha0p1,102,2,subject102_client2,1362,3,walking,3007.28
0.1,alpha0p1,102,2,subject102_client2,1363,3,walking,3008.56
0.1,alpha0p1,102,2,subject102_client2,1364,3,walking,3009.84
0.1,alpha0p1,102,2,subject102_client2,1365,3,walking,3011.12
0.1,alpha0p1,102,2,subject102_client2,1366,3,walking,3012.4
0.1,alpha0p1,102,2,subject102_client2,1367,3,walking,3013.68
0.1,alpha0p1,102,2,subject102_client2,1368,3,walking,3014.96
0.1,alpha0p1,102,2,subject102_client2,1369,3,walking,3016.24
0.1,alpha0p1,102,2,subject102_client2,1370,3,walking,3017.52
0.1,alpha0p1,102,2,subject102_client2,1371,3,walking,3018.8
0.1,alpha0p1,102,2,subject102_client2,1372,3,walking,3020.08
0.1,alpha0p1,102,2,subject102_client2,1373,3,walking,3021.36
0.1,alpha0p1,102,2,subject102_client2,1374,3,walking,3022.64
0.1,alpha0p1,102,2,subject102_client2,1375,3,walking,3023.92
0.1,alpha0p1,102,2,subject102_client2,1376,3,walking,3025.2
0.1,alpha0p1,102,2,subject102_client2,1377,3,walking,3026.48
0.1,alpha0p1,102,2,subject102_client2,1378,3,walking,3027.76
0.1,alpha0p1,102,2,subject102_client2,1379,3,walking,3029.04
0.1,alpha0p1,102,2,subject102_client2,1380,3,walking,3030.32
0.1,alpha0p1,102,2,subject102_client2,1381,3,walking,3031.6
0.1,alpha0p1,102,2,subject102_client2,1382,3,walking,3032.88
0.1,alpha0p1,102,2,subject102_client2,1383,3,walking,3034.16
0.1,alpha0p1,102,2,subject102_client2,1384,3,walking,3035.44
0.1,alpha0p1,102,2,subject102_client2,1385,3,walking,3036.72
0.1,alpha0p1,102,2,subject102_client2,1386,3,walking,3038.0
0.1,alpha0p1,102,2,subject102_client2,1387,3,walking,3039.28
0.1,alpha0p1,102,2,subject102_client2,1388,3,walking,3040.56
0.1,alpha0p1,102,2,subject102_client2,1389,3,walking,3041.84
0.1,alpha0p1,102,2,subject102_client2,1390,3,walking,3043.12
0.1,alpha0p1,102,2,subject102_client2,1391,3,walking,3044.4
0.1,alpha0p1,102,2,subject102_client2,1392,3,walking,3045.68
0.1,alpha0p1,102,2,subject102_client2,1393,3,walking,3046.96
0.1,alpha0p1,102,2,subject102_client2,1394,3,walking,3048.24
0.1,alpha0p1,102,2,subject102_client2,1395,3,walking,3049.52
0.1,alpha0p1,102,2,subject102_client2,1396,3,walking,3050.8
0.1,alpha0p1,102,2,subject102_client2,1397,3,walking,3052.08
0.1,alpha0p1,102,2,subject102_client2,1398,3,walking,3053.36
0.1,alpha0p1,102,2,subject102_client2,1399,3,walking,3054.64
0.1,alpha0p1,102,2,subject102_client2,1400,3,walking,3055.92
0.1,alpha0p1,102,2,subject102_client2,1401,3,walking,3057.2
0.1,alpha0p1,102,2,subject102_client2,1402,3,walking,3058.48
0.1,alpha0p1,102,2,subject102_client2,1403,3,walking,3059.76
0.1,alpha0p1,102,2,subject102_client2,1404,3,walking,3061.04
0.1,alpha0p1,102,2,subject102_client2,1405,3,walking,3062.32
0.1,alpha0p1,102,2,subject102_client2,1406,3,walking,3063.6
0.1,alpha0p1,102,2,subject102_client2,1407,3,walking,3064.88
0.1,alpha0p1,102,2,subject102_client2,1408,3,walking,3066.16
0.1,alpha0p1,102,2,subject102_client2,1409,3,walking,3067.44
0.1,alpha0p1,102,2,subject102_client2,1410,3,walking,3068.72
0.1,alpha0p1,102,2,subject102_client2,1411,3,walking,3070.0
0.1,alpha0p1,102,2,subject102_client2,1412,3,walking,3071.28
0.1,alpha0p1,102,2,subject102_client2,1413,3,walking,3072.56
0.1,alpha0p1,102,2,subject102_client2,1414,3,walking,3073.84
0.1,alpha0p1,102,0,subject102_client0,1416,3,walking,3076.4
0.1,alpha0p1,102,0,subject102_client0,1417,3,walking,3077.68
0.1,alpha0p1,102,0,subject102_client0,1418,3,walking,3078.96
0.1,alpha0p1,102,0,subject102_client0,1419,3,walking,3080.24
0.1,alpha0p1,102,0,subject102_client0,1420,3,walking,3081.52
0.1,alpha0p1,102,0,subject102_client0,1421,3,walking,3082.8
0.1,alpha0p1,102,0,subject102_client0,1422,3,walking,3084.08
0.1,alpha0p1,102,0,subject102_client0,1423,3,walking,3085.36
0.1,alpha0p1,102,0,subject102_client0,1424,3,walking,3086.64
0.1,alpha0p1,102,0,subject102_client0,1425,3,walking,3087.92
0.1,alpha0p1,102,0,subject102_client0,1426,3,walking,3089.2
0.1,alpha0p1,102,0,subject102_client0,1427,3,walking,3090.48
0.1,alpha0p1,102,0,subject102_client0,1428,3,walking,3091.76
0.1,alpha0p1,102,0,subject102_client0,1429,3,walking,3093.04
0.1,alpha0p1,102,0,subject102_client0,1430,3,walking,3094.32
0.1,alpha0p1,102,0,subject102_client0,1431,3,walking,3095.6
0.1,alpha0p1,102,0,subject102_client0,1432,3,walking,3096.88
0.1,alpha0p1,102,0,subject102_client0,1433,3,walking,3098.16
0.1,alpha0p1,102,0,subject102_client0,1434,3,walking,3099.44
0.1,alpha0p1,102,0,subject102_client0,1435,3,walking,3100.72
0.1,alpha0p1,102,0,subject102_client0,1436,3,walking,3102.0
0.1,alpha0p1,102,0,subject102_client0,1437,3,walking,3103.28
0.1,alpha0p1,102,0,subject102_client0,1438,6,Nordic walking,3229.7
0.1,alpha0p1,102,2,subject102_client2,1440,6,Nordic walking,3232.26
0.1,alpha0p1,102,2,subject102_client2,1441,6,Nordic walking,3233.54
0.1,alpha0p1,102,2,subject102_client2,1442,6,Nordic walking,3234.82
0.1,alpha0p1,102,2,subject102_client2,1443,6,Nordic walking,3236.1
0.1,alpha0p1,102,2,subject102_client2,1444,6,Nordic walking,3237.38
0.1,alpha0p1,102,2,subject102_client2,1445,6,Nordic walking,3238.66
0.1,alpha0p1,102,2,subject102_client2,1446,6,Nordic walking,3239.94
0.1,alpha0p1,102,2,subject102_client2,1447,6,Nordic walking,3241.22
0.1,alpha0p1,102,2,subject102_client2,1448,6,Nordic walking,3242.5
0.1,alpha0p1,102,2,subject102_client2,1449,6,Nordic walking,3243.78
0.1,alpha0p1,102,2,subject102_client2,1450,6,Nordic walking,3245.06
0.1,alpha0p1,102,2,subject102_client2,1451,6,Nordic walking,3246.34
0.1,alpha0p1,102,2,subject102_client2,1452,6,Nordic walking,3247.62
0.1,alpha0p1,102,2,subject102_client2,1453,6,Nordic walking,3248.9
0.1,alpha0p1,102,2,subject102_client2,1454,6,Nordic walking,3250.18
0.1,alpha0p1,102,2,subject102_client2,1455,6,Nordic walking,3251.46
0.1,alpha0p1,102,2,subject102_client2,1456,6,Nordic walking,3252.74
0.1,alpha0p1,102,2,subject102_client2,1457,6,Nordic walking,3254.02
0.1,alpha0p1,102,2,subject102_client2,1458,6,Nordic walking,3255.3
0.1,alpha0p1,102,2,subject102_client2,1459,6,Nordic walking,3256.58
0.1,alpha0p1,102,2,subject102_client2,1460,6,Nordic walking,3257.86
0.1,alpha0p1,102,2,subject102_client2,1461,6,Nordic walking,3259.14
0.1,alpha0p1,102,2,subject102_client2,1462,6,Nordic walking,3260.42
0.1,alpha0p1,102,2,subject102_client2,1463,6,Nordic walking,3261.7
0.1,alpha0p1,102,2,subject102_client2,1464,6,Nordic walking,3262.98
0.1,alpha0p1,102,2,subject102_client2,1465,6,Nordic walking,3264.26
0.1,alpha0p1,102,2,subject102_client2,1466,6,Nordic walking,3265.54
0.1,alpha0p1,102,2,subject102_client2,1467,6,Nordic walking,3266.82
0.1,alpha0p1,102,2,subject102_client2,1468,6,Nordic walking,3268.1
0.1,alpha0p1,102,2,subject102_client2,1469,6,Nordic walking,3269.38
0.1,alpha0p1,102,2,subject102_client2,1470,6,Nordic walking,3270.66
0.1,alpha0p1,102,2,subject102_client2,1471,6,Nordic walking,3271.94
0.1,alpha0p1,102,2,subject102_client2,1472,6,Nordic walking,3273.22
0.1,alpha0p1,102,2,subject102_client2,1473,6,Nordic walking,3274.5
0.1,alpha0p1,102,2,subject102_client2,1474,6,Nordic walking,3275.78
0.1,alpha0p1,102,2,subject102_client2,1475,6,Nordic walking,3277.06
0.1,alpha0p1,102,2,subject102_client2,1476,6,Nordic walking,3278.34
0.1,alpha0p1,102,2,subject102_client2,1477,6,Nordic walking,3279.62
0.1,alpha0p1,102,2,subject102_client2,1478,6,Nordic walking,3280.9
0.1,alpha0p1,102,2,subject102_client2,1479,6,Nordic walking,3282.18
0.1,alpha0p1,102,2,subject102_client2,1480,6,Nordic walking,3283.46
0.1,alpha0p1,102,2,subject102_client2,1481,6,Nordic walking,3284.74
0.1,alpha0p1,102,2,subject102_client2,1482,6,Nordic walking,3286.02
0.1,alpha0p1,102,2,subject102_client2,1483,6,Nordic walking,3287.3
0.1,alpha0p1,102,2,subject102_client2,1484,6,Nordic walking,3288.58
0.1,alpha0p1,102,2,subject102_client2,1485,6,Nordic walking,3289.86
0.1,alpha0p1,102,2,subject102_client2,1486,6,Nordic walking,3291.14
0.1,alpha0p1,102,2,subject102_client2,1487,6,Nordic walking,3292.42
0.1,alpha0p1,102,2,subject102_client2,1488,6,Nordic walking,3293.7
0.1,alpha0p1,102,2,subject102_client2,1489,6,Nordic walking,3294.98
0.1,alpha0p1,102,2,subject102_client2,1490,6,Nordic walking,3296.26
0.1,alpha0p1,102,2,subject102_client2,1491,6,Nordic walking,3297.54
0.1,alpha0p1,102,2,subject102_client2,1492,6,Nordic walking,3298.82
0.1,alpha0p1,102,2,subject102_client2,1493,6,Nordic walking,3300.1
0.1,alpha0p1,102,2,subject102_client2,1494,6,Nordic walking,3301.38
0.1,alpha0p1,102,2,subject102_client2,1495,6,Nordic walking,3302.66
0.1,alpha0p1,102,2,subject102_client2,1496,6,Nordic walking,3303.94
0.1,alpha0p1,102,2,subject102_client2,1497,6,Nordic walking,3305.22
0.1,alpha0p1,102,2,subject102_client2,1498,6,Nordic walking,3306.5
0.1,alpha0p1,102,2,subject102_client2,1499,6,Nordic walking,3307.78
0.1,alpha0p1,102,2,subject102_client2,1500,6,Nordic walking,3309.06
0.1,alpha0p1,102,2,subject102_client2,1501,6,Nordic walking,3310.34
0.1,alpha0p1,102,2,subject102_client2,1502,6,Nordic walking,3311.62
0.1,alpha0p1,102,2,subject102_client2,1503,6,Nordic walking,3312.9
0.1,alpha0p1,102,2,subject102_client2,1504,6,Nordic walking,3314.18
0.1,alpha0p1,102,2,subject102_client2,1505,6,Nordic walking,3315.46
0.1,alpha0p1,102,2,subject102_client2,1506,6,Nordic walking,3316.74
0.1,alpha0p1,102,2,subject102_client2,1507,6,Nordic walking,3318.02
0.1,alpha0p1,102,2,subject102_client2,1508,6,Nordic walking,3319.3
0.1,alpha0p1,102,2,subject102_client2,1509,6,Nordic walking,3320.58
0.1,alpha0p1,102,2,subject102_client2,1510,6,Nordic walking,3321.86
0.1,alpha0p1,102,2,subject102_client2,1511,6,Nordic walking,3323.14
0.1,alpha0p1,102,2,subject102_client2,1512,6,Nordic walking,3324.42
0.1,alpha0p1,102,2,subject102_client2,1513,6,Nordic walking,3325.7
0.1,alpha0p1,102,2,subject102_client2,1514,6,Nordic walking,3326.98
0.1,alpha0p1,102,2,subject102_client2,1515,6,Nordic walking,3328.26
0.1,alpha0p1,102,2,subject102_client2,1516,6,Nordic walking,3329.54
0.1,alpha0p1,102,2,subject102_client2,1517,6,Nordic walking,3330.82
0.1,alpha0p1,102,2,subject102_client2,1518,6,Nordic walking,3332.1
0.1,alpha0p1,102,2,subject102_client2,1519,6,Nordic walking,3333.38
0.1,alpha0p1,102,2,subject102_client2,1520,6,Nordic walking,3334.66
0.1,alpha0p1,102,2,subject102_client2,1521,6,Nordic walking,3335.94
0.1,alpha0p1,102,2,subject102_client2,1522,6,Nordic walking,3337.22
0.1,alpha0p1,102,2,subject102_client2,1523,6,Nordic walking,3338.5
0.1,alpha0p1,102,2,subject102_client2,1524,6,Nordic walking,3339.78
0.1,alpha0p1,102,2,subject102_client2,1525,6,Nordic walking,3341.06
0.1,alpha0p1,102,2,subject102_client2,1526,6,Nordic walking,3342.34
0.1,alpha0p1,102,2,subject102_client2,1527,6,Nordic walking,3343.62
0.1,alpha0p1,102,2,subject102_client2,1528,6,Nordic walking,3344.9
0.1,alpha0p1,102,2,subject102_client2,1529,6,Nordic walking,3346.18
0.1,alpha0p1,102,2,subject102_client2,1530,6,Nordic walking,3347.46
0.1,alpha0p1,102,2,subject102_client2,1531,6,Nordic walking,3348.74
0.1,alpha0p1,102,2,subject102_client2,1532,6,Nordic walking,3350.02
0.1,alpha0p1,102,2,subject102_client2,1533,6,Nordic walking,3351.3
0.1,alpha0p1,102,2,subject102_client2,1534,6,Nordic walking,3352.58
0.1,alpha0p1,102,2,subject102_client2,1535,6,Nordic walking,3353.86
0.1,alpha0p1,102,2,subject102_client2,1536,6,Nordic walking,3355.14
0.1,alpha0p1,102,2,subject102_client2,1537,6,Nordic walking,3356.42
0.1,alpha0p1,102,2,subject102_client2,1538,6,Nordic walking,3357.7
0.1,alpha0p1,102,2,subject102_client2,1539,6,Nordic walking,3358.98
0.1,alpha0p1,102,2,subject102_client2,1540,6,Nordic walking,3360.26
0.1,alpha0p1,102,2,subject102_client2,1541,6,Nordic walking,3361.54
0.1,alpha0p1,102,2,subject102_client2,1542,6,Nordic walking,3362.82
0.1,alpha0p1,102,2,subject102_client2,1543,6,Nordic walking,3364.1
0.1,alpha0p1,102,2,subject102_client2,1544,6,Nordic walking,3365.38
0.1,alpha0p1,102,2,subject102_client2,1545,6,Nordic walking,3366.66
0.1,alpha0p1,102,2,subject102_client2,1546,6,Nordic walking,3367.94
0.1,alpha0p1,102,2,subject102_client2,1547,6,Nordic walking,3369.22
0.1,alpha0p1,102,2,subject102_client2,1548,6,Nordic walking,3370.5
0.1,alpha0p1,102,2,subject102_client2,1549,6,Nordic walking,3371.78
0.1,alpha0p1,102,2,subject102_client2,1550,6,Nordic walking,3373.06
0.1,alpha0p1,102,2,subject102_client2,1551,6,Nordic walking,3374.34
0.1,alpha0p1,102,2,subject102_client2,1552,6,Nordic walking,3375.62
0.1,alpha0p1,102,2,subject102_client2,1553,6,Nordic walking,3376.9
0.1,alpha0p1,102,2,subject102_client2,1554,6,Nordic walking,3378.18
0.1,alpha0p1,102,2,subject102_client2,1555,6,Nordic walking,3379.46
0.1,alpha0p1,102,2,subject102_client2,1556,6,Nordic walking,3380.74
0.1,alpha0p1,102,2,subject102_client2,1557,6,Nordic walking,3382.02
0.1,alpha0p1,102,2,subject102_client2,1558,6,Nordic walking,3383.3
0.1,alpha0p1,102,2,subject102_client2,1559,6,Nordic walking,3384.58
0.1,alpha0p1,102,2,subject102_client2,1560,6,Nordic walking,3385.86
0.1,alpha0p1,102,3,subject102_client3,1562,6,Nordic walking,3388.42
0.1,alpha0p1,102,3,subject102_client3,1563,6,Nordic walking,3389.7
0.1,alpha0p1,102,3,subject102_client3,1564,6,Nordic walking,3390.98
0.1,alpha0p1,102,3,subject102_client3,1565,6,Nordic walking,3392.26
0.1,alpha0p1,102,3,subject102_client3,1566,6,Nordic walking,3393.54
0.1,alpha0p1,102,3,subject102_client3,1567,6,Nordic walking,3394.82
0.1,alpha0p1,102,3,subject102_client3,1568,6,Nordic walking,3396.1
0.1,alpha0p1,102,3,subject102_client3,1569,6,Nordic walking,3397.38
0.1,alpha0p1,102,3,subject102_client3,1570,6,Nordic walking,3398.66
0.1,alpha0p1,102,3,subject102_client3,1571,6,Nordic walking,3399.94
0.1,alpha0p1,102,3,subject102_client3,1572,6,Nordic walking,3401.22
0.1,alpha0p1,102,3,subject102_client3,1573,6,Nordic walking,3402.5
0.1,alpha0p1,102,3,subject102_client3,1574,6,Nordic walking,3403.78
0.1,alpha0p1,102,3,subject102_client3,1575,6,Nordic walking,3405.06
0.1,alpha0p1,102,3,subject102_client3,1576,6,Nordic walking,3406.34
0.1,alpha0p1,102,3,subject102_client3,1577,6,Nordic walking,3407.62
0.1,alpha0p1,102,3,subject102_client3,1578,6,Nordic walking,3408.9
0.1,alpha0p1,102,3,subject102_client3,1579,6,Nordic walking,3410.18
0.1,alpha0p1,102,3,subject102_client3,1580,6,Nordic walking,3411.46
0.1,alpha0p1,102,3,subject102_client3,1581,6,Nordic walking,3412.74
0.1,alpha0p1,102,3,subject102_client3,1582,6,Nordic walking,3414.02
0.1,alpha0p1,102,3,subject102_client3,1583,6,Nordic walking,3415.3
0.1,alpha0p1,102,3,subject102_client3,1584,6,Nordic walking,3416.58
0.1,alpha0p1,102,3,subject102_client3,1585,6,Nordic walking,3417.86
0.1,alpha0p1,102,3,subject102_client3,1586,6,Nordic walking,3419.14
0.1,alpha0p1,102,3,subject102_client3,1587,6,Nordic walking,3420.42
0.1,alpha0p1,102,3,subject102_client3,1588,6,Nordic walking,3421.7
0.1,alpha0p1,102,3,subject102_client3,1589,6,Nordic walking,3422.98
0.1,alpha0p1,102,3,subject102_client3,1590,6,Nordic walking,3424.26
0.1,alpha0p1,102,3,subject102_client3,1591,6,Nordic walking,3425.54
0.1,alpha0p1,102,3,subject102_client3,1592,6,Nordic walking,3426.82
0.1,alpha0p1,102,3,subject102_client3,1593,6,Nordic walking,3428.1
0.1,alpha0p1,102,3,subject102_client3,1594,6,Nordic walking,3429.38
0.1,alpha0p1,102,3,subject102_client3,1595,6,Nordic walking,3430.66
0.1,alpha0p1,102,3,subject102_client3,1596,6,Nordic walking,3431.94
0.1,alpha0p1,102,3,subject102_client3,1597,6,Nordic walking,3433.22
0.1,alpha0p1,102,3,subject102_client3,1598,6,Nordic walking,3434.5
0.1,alpha0p1,102,3,subject102_client3,1599,6,Nordic walking,3435.78
0.1,alpha0p1,102,3,subject102_client3,1600,6,Nordic walking,3437.06
0.1,alpha0p1,102,3,subject102_client3,1601,6,Nordic walking,3438.34
0.1,alpha0p1,102,3,subject102_client3,1602,6,Nordic walking,3439.62
0.1,alpha0p1,102,3,subject102_client3,1603,6,Nordic walking,3440.9
0.1,alpha0p1,102,3,subject102_client3,1604,6,Nordic walking,3442.18
0.1,alpha0p1,102,3,subject102_client3,1605,6,Nordic walking,3443.46
0.1,alpha0p1,102,3,subject102_client3,1606,6,Nordic walking,3444.74
0.1,alpha0p1,102,3,subject102_client3,1607,6,Nordic walking,3446.02
0.1,alpha0p1,102,3,subject102_client3,1608,6,Nordic walking,3447.3
0.1,alpha0p1,102,3,subject102_client3,1609,6,Nordic walking,3448.58
0.1,alpha0p1,102,3,subject102_client3,1610,6,Nordic walking,3449.86
0.1,alpha0p1,102,3,subject102_client3,1611,6,Nordic walking,3451.14
0.1,alpha0p1,102,3,subject102_client3,1612,6,Nordic walking,3452.42
0.1,alpha0p1,102,3,subject102_client3,1613,6,Nordic walking,3453.7
0.1,alpha0p1,102,3,subject102_client3,1614,6,Nordic walking,3454.98
0.1,alpha0p1,102,3,subject102_client3,1615,6,Nordic walking,3456.26
0.1,alpha0p1,102,3,subject102_client3,1616,6,Nordic walking,3457.54
0.1,alpha0p1,102,3,subject102_client3,1617,6,Nordic walking,3458.82
0.1,alpha0p1,102,3,subject102_client3,1618,6,Nordic walking,3460.1
0.1,alpha0p1,102,3,subject102_client3,1619,6,Nordic walking,3461.38
0.1,alpha0p1,102,3,subject102_client3,1620,6,Nordic walking,3462.66
0.1,alpha0p1,102,3,subject102_client3,1621,6,Nordic walking,3463.94
0.1,alpha0p1,102,3,subject102_client3,1622,6,Nordic walking,3465.22
0.1,alpha0p1,102,3,subject102_client3,1623,6,Nordic walking,3466.5
0.1,alpha0p1,102,3,subject102_client3,1624,6,Nordic walking,3467.78
0.1,alpha0p1,102,3,subject102_client3,1625,6,Nordic walking,3469.06
0.1,alpha0p1,102,3,subject102_client3,1626,6,Nordic walking,3470.34
0.1,alpha0p1,102,3,subject102_client3,1627,6,Nordic walking,3471.62
0.1,alpha0p1,102,3,subject102_client3,1628,6,Nordic walking,3472.9
0.1,alpha0p1,102,3,subject102_client3,1629,6,Nordic walking,3474.18
0.1,alpha0p1,102,3,subject102_client3,1630,6,Nordic walking,3475.46
0.1,alpha0p1,102,3,subject102_client3,1631,6,Nordic walking,3476.74
0.1,alpha0p1,102,3,subject102_client3,1632,6,Nordic walking,3478.02
0.1,alpha0p1,102,3,subject102_client3,1633,6,Nordic walking,3479.3
0.1,alpha0p1,102,3,subject102_client3,1634,6,Nordic walking,3480.58
0.1,alpha0p1,102,3,subject102_client3,1635,6,Nordic walking,3481.86
0.1,alpha0p1,102,3,subject102_client3,1636,6,Nordic walking,3483.14
0.1,alpha0p1,102,3,subject102_client3,1637,6,Nordic walking,3484.42
0.1,alpha0p1,102,3,subject102_client3,1638,6,Nordic walking,3485.7
0.1,alpha0p1,102,3,subject102_client3,1639,6,Nordic walking,3486.98
0.1,alpha0p1,102,3,subject102_client3,1640,6,Nordic walking,3488.26
0.1,alpha0p1,102,3,subject102_client3,1641,6,Nordic walking,3489.54
0.1,alpha0p1,102,3,subject102_client3,1642,6,Nordic walking,3490.82
0.1,alpha0p1,102,3,subject102_client3,1643,6,Nordic walking,3492.1
0.1,alpha0p1,102,3,subject102_client3,1644,6,Nordic walking,3493.38
0.1,alpha0p1,102,3,subject102_client3,1645,6,Nordic walking,3494.66
0.1,alpha0p1,102,3,subject102_client3,1646,6,Nordic walking,3495.94
0.1,alpha0p1,102,3,subject102_client3,1647,6,Nordic walking,3497.22
0.1,alpha0p1,102,3,subject102_client3,1648,6,Nordic walking,3498.5
0.1,alpha0p1,102,3,subject102_client3,1649,6,Nordic walking,3499.78
0.1,alpha0p1,102,3,subject102_client3,1650,6,Nordic walking,3501.06
0.1,alpha0p1,102,3,subject102_client3,1651,6,Nordic walking,3502.34
0.1,alpha0p1,102,3,subject102_client3,1652,6,Nordic walking,3503.62
0.1,alpha0p1,102,3,subject102_client3,1653,6,Nordic walking,3504.9
0.1,alpha0p1,102,3,subject102_client3,1654,6,Nordic walking,3506.18
0.1,alpha0p1,102,3,subject102_client3,1655,6,Nordic walking,3507.46
0.1,alpha0p1,102,3,subject102_client3,1656,6,Nordic walking,3508.74
0.1,alpha0p1,102,3,subject102_client3,1657,6,Nordic walking,3510.02
0.1,alpha0p1,102,3,subject102_client3,1658,6,Nordic walking,3511.3
0.1,alpha0p1,102,3,subject102_client3,1659,6,Nordic walking,3512.58
0.1,alpha0p1,102,3,subject102_client3,1660,6,Nordic walking,3513.86
0.1,alpha0p1,102,3,subject102_client3,1661,6,Nordic walking,3515.14
0.1,alpha0p1,102,3,subject102_client3,1662,6,Nordic walking,3516.42
0.1,alpha0p1,102,3,subject102_client3,1663,6,Nordic walking,3517.7
0.1,alpha0p1,102,3,subject102_client3,1664,6,Nordic walking,3518.98
0.1,alpha0p1,102,3,subject102_client3,1665,6,Nordic walking,3520.26
0.1,alpha0p1,102,3,subject102_client3,1666,6,Nordic walking,3521.54
0.1,alpha0p1,102,3,subject102_client3,1667,6,Nordic walking,3522.82
0.1,alpha0p1,102,3,subject102_client3,1668,6,Nordic walking,3524.1
0.1,alpha0p1,102,0,subject102_client0,1669,5,cycling,3587.89
0.1,alpha0p1,102,1,subject102_client1,1671,5,cycling,3590.45
0.1,alpha0p1,102,1,subject102_client1,1672,5,cycling,3591.73
0.1,alpha0p1,102,1,subject102_client1,1673,5,cycling,3593.01
0.1,alpha0p1,102,1,subject102_client1,1674,5,cycling,3594.29
0.1,alpha0p1,102,1,subject102_client1,1675,5,cycling,3595.57
0.1,alpha0p1,102,1,subject102_client1,1676,5,cycling,3596.85
0.1,alpha0p1,102,1,subject102_client1,1677,5,cycling,3598.13
0.1,alpha0p1,102,1,subject102_client1,1678,5,cycling,3599.41
0.1,alpha0p1,102,1,subject102_client1,1679,5,cycling,3600.69
0.1,alpha0p1,102,1,subject102_client1,1680,5,cycling,3601.97
0.1,alpha0p1,102,1,subject102_client1,1681,5,cycling,3603.25
0.1,alpha0p1,102,1,subject102_client1,1682,5,cycling,3604.53
0.1,alpha0p1,102,1,subject102_client1,1683,5,cycling,3605.81
0.1,alpha0p1,102,1,subject102_client1,1684,5,cycling,3607.09
0.1,alpha0p1,102,1,subject102_client1,1685,5,cycling,3608.37
0.1,alpha0p1,102,1,subject102_client1,1686,5,cycling,3609.65
0.1,alpha0p1,102,1,subject102_client1,1687,5,cycling,3610.93
0.1,alpha0p1,102,1,subject102_client1,1688,5,cycling,3612.21
0.1,alpha0p1,102,1,subject102_client1,1689,5,cycling,3613.49
0.1,alpha0p1,102,1,subject102_client1,1690,5,cycling,3614.77
0.1,alpha0p1,102,1,subject102_client1,1691,5,cycling,3616.05
0.1,alpha0p1,102,1,subject102_client1,1692,5,cycling,3617.33
0.1,alpha0p1,102,1,subject102_client1,1693,5,cycling,3618.61
0.1,alpha0p1,102,1,subject102_client1,1694,5,cycling,3619.89
0.1,alpha0p1,102,1,subject102_client1,1695,5,cycling,3621.17
0.1,alpha0p1,102,1,subject102_client1,1696,5,cycling,3622.45
0.1,alpha0p1,102,1,subject102_client1,1697,5,cycling,3623.73
0.1,alpha0p1,102,1,subject102_client1,1698,5,cycling,3625.01
0.1,alpha0p1,102,1,subject102_client1,1699,5,cycling,3626.29
0.1,alpha0p1,102,1,subject102_client1,1700,5,cycling,3627.57
0.1,alpha0p1,102,1,subject102_client1,1701,5,cycling,3628.85
0.1,alpha0p1,102,1,subject102_client1,1702,5,cycling,3630.13
0.1,alpha0p1,102,1,subject102_client1,1703,5,cycling,3631.41
0.1,alpha0p1,102,1,subject102_client1,1704,5,cycling,3632.69
0.1,alpha0p1,102,1,subject102_client1,1705,5,cycling,3633.97
0.1,alpha0p1,102,1,subject102_client1,1706,5,cycling,3635.25
0.1,alpha0p1,102,1,subject102_client1,1707,5,cycling,3636.53
0.1,alpha0p1,102,1,subject102_client1,1708,5,cycling,3637.81
0.1,alpha0p1,102,1,subject102_client1,1709,5,cycling,3639.09
0.1,alpha0p1,102,1,subject102_client1,1710,5,cycling,3640.37
0.1,alpha0p1,102,1,subject102_client1,1711,5,cycling,3641.65
0.1,alpha0p1,102,1,subject102_client1,1712,5,cycling,3642.93
0.1,alpha0p1,102,1,subject102_client1,1713,5,cycling,3644.21
0.1,alpha0p1,102,1,subject102_client1,1714,5,cycling,3645.49
0.1,alpha0p1,102,1,subject102_client1,1715,5,cycling,3646.77
0.1,alpha0p1,102,1,subject102_client1,1716,5,cycling,3648.05
0.1,alpha0p1,102,1,subject102_client1,1717,5,cycling,3649.33
0.1,alpha0p1,102,1,subject102_client1,1718,5,cycling,3650.61
0.1,alpha0p1,102,1,subject102_client1,1719,5,cycling,3651.89
0.1,alpha0p1,102,1,subject102_client1,1720,5,cycling,3653.17
0.1,alpha0p1,102,1,subject102_client1,1721,5,cycling,3654.45
0.1,alpha0p1,102,1,subject102_client1,1722,5,cycling,3655.73
0.1,alpha0p1,102,1,subject102_client1,1723,5,cycling,3657.01
0.1,alpha0p1,102,1,subject102_client1,1724,5,cycling,3658.29
0.1,alpha0p1,102,1,subject102_client1,1725,5,cycling,3659.57
0.1,alpha0p1,102,1,subject102_client1,1726,5,cycling,3660.85
0.1,alpha0p1,102,1,subject102_client1,1727,5,cycling,3662.13
0.1,alpha0p1,102,1,subject102_client1,1728,5,cycling,3663.41
0.1,alpha0p1,102,1,subject102_client1,1729,5,cycling,3664.69
0.1,alpha0p1,102,1,subject102_client1,1730,5,cycling,3665.97
0.1,alpha0p1,102,1,subject102_client1,1731,5,cycling,3667.25
0.1,alpha0p1,102,1,subject102_client1,1732,5,cycling,3668.53
0.1,alpha0p1,102,1,subject102_client1,1733,5,cycling,3669.81
0.1,alpha0p1,102,1,subject102_client1,1734,5,cycling,3671.09
0.1,alpha0p1,102,1,subject102_client1,1735,5,cycling,3672.37
0.1,alpha0p1,102,1,subject102_client1,1736,5,cycling,3673.65
0.1,alpha0p1,102,1,subject102_client1,1737,5,cycling,3674.93
0.1,alpha0p1,102,1,subject102_client1,1738,5,cycling,3676.21
0.1,alpha0p1,102,1,subject102_client1,1739,5,cycling,3677.49
0.1,alpha0p1,102,1,subject102_client1,1740,5,cycling,3678.77
0.1,alpha0p1,102,1,subject102_client1,1741,5,cycling,3680.05
0.1,alpha0p1,102,1,subject102_client1,1742,5,cycling,3681.33
0.1,alpha0p1,102,1,subject102_client1,1743,5,cycling,3682.61
0.1,alpha0p1,102,1,subject102_client1,1744,5,cycling,3683.89
0.1,alpha0p1,102,1,subject102_client1,1745,5,cycling,3685.17
0.1,alpha0p1,102,1,subject102_client1,1746,5,cycling,3686.45
0.1,alpha0p1,102,1,subject102_client1,1747,5,cycling,3687.73
0.1,alpha0p1,102,1,subject102_client1,1748,5,cycling,3689.01
0.1,alpha0p1,102,1,subject102_client1,1749,5,cycling,3690.29
0.1,alpha0p1,102,1,subject102_client1,1750,5,cycling,3691.57
0.1,alpha0p1,102,1,subject102_client1,1751,5,cycling,3692.85
0.1,alpha0p1,102,1,subject102_client1,1752,5,cycling,3694.13
0.1,alpha0p1,102,1,subject102_client1,1753,5,cycling,3695.41
0.1,alpha0p1,102,1,subject102_client1,1754,5,cycling,3696.69
0.1,alpha0p1,102,1,subject102_client1,1755,5,cycling,3697.97
0.1,alpha0p1,102,1,subject102_client1,1756,5,cycling,3699.25
0.1,alpha0p1,102,1,subject102_client1,1757,5,cycling,3700.53
0.1,alpha0p1,102,1,subject102_client1,1758,5,cycling,3701.81
0.1,alpha0p1,102,1,subject102_client1,1759,5,cycling,3703.09
0.1,alpha0p1,102,1,subject102_client1,1760,5,cycling,3704.37
0.1,alpha0p1,102,1,subject102_client1,1761,5,cycling,3705.65
0.1,alpha0p1,102,1,subject102_client1,1762,5,cycling,3706.93
0.1,alpha0p1,102,1,subject102_client1,1763,5,cycling,3708.21
0.1,alpha0p1,102,1,subject102_client1,1764,5,cycling,3709.49
0.1,alpha0p1,102,1,subject102_client1,1765,5,cycling,3710.77
0.1,alpha0p1,102,1,subject102_client1,1766,5,cycling,3712.05
0.1,alpha0p1,102,1,subject102_client1,1767,5,cycling,3713.33
0.1,alpha0p1,102,1,subject102_client1,1768,5,cycling,3714.61
0.1,alpha0p1,102,1,subject102_client1,1769,5,cycling,3715.89
0.1,alpha0p1,102,1,subject102_client1,1770,5,cycling,3717.17
0.1,alpha0p1,102,1,subject102_client1,1771,5,cycling,3718.45
0.1,alpha0p1,102,1,subject102_client1,1772,5,cycling,3719.73
0.1,alpha0p1,102,1,subject102_client1,1773,5,cycling,3721.01
0.1,alpha0p1,102,1,subject102_client1,1774,5,cycling,3722.29
0.1,alpha0p1,102,1,subject102_client1,1775,5,cycling,3723.57
0.1,alpha0p1,102,1,subject102_client1,1776,5,cycling,3724.85
0.1,alpha0p1,102,1,subject102_client1,1777,5,cycling,3726.13
0.1,alpha0p1,102,1,subject102_client1,1778,5,cycling,3727.41
0.1,alpha0p1,102,1,subject102_client1,1779,5,cycling,3728.69
0.1,alpha0p1,102,1,subject102_client1,1780,5,cycling,3729.97
0.1,alpha0p1,102,1,subject102_client1,1781,5,cycling,3731.25
0.1,alpha0p1,102,1,subject102_client1,1782,5,cycling,3732.53
0.1,alpha0p1,102,1,subject102_client1,1783,5,cycling,3733.81
0.1,alpha0p1,102,1,subject102_client1,1784,5,cycling,3735.09
0.1,alpha0p1,102,1,subject102_client1,1785,5,cycling,3736.37
0.1,alpha0p1,102,1,subject102_client1,1786,5,cycling,3737.65
0.1,alpha0p1,102,1,subject102_client1,1787,5,cycling,3738.93
0.1,alpha0p1,102,1,subject102_client1,1788,5,cycling,3740.21
0.1,alpha0p1,102,1,subject102_client1,1789,5,cycling,3741.49
0.1,alpha0p1,102,1,subject102_client1,1790,5,cycling,3742.77
0.1,alpha0p1,102,1,subject102_client1,1791,5,cycling,3744.05
0.1,alpha0p1,102,1,subject102_client1,1792,5,cycling,3745.33
0.1,alpha0p1,102,1,subject102_client1,1793,5,cycling,3746.61
0.1,alpha0p1,102,1,subject102_client1,1794,5,cycling,3747.89
0.1,alpha0p1,102,1,subject102_client1,1795,5,cycling,3749.17
0.1,alpha0p1,102,1,subject102_client1,1796,5,cycling,3750.45
0.1,alpha0p1,102,1,subject102_client1,1797,5,cycling,3751.73
0.1,alpha0p1,102,1,subject102_client1,1798,5,cycling,3753.01
0.1,alpha0p1,102,1,subject102_client1,1799,5,cycling,3754.29
0.1,alpha0p1,102,1,subject102_client1,1800,5,cycling,3755.57
0.1,alpha0p1,102,1,subject102_client1,1801,5,cycling,3756.85
0.1,alpha0p1,102,1,subject102_client1,1802,5,cycling,3758.13
0.1,alpha0p1,102,1,subject102_client1,1803,5,cycling,3759.41
0.1,alpha0p1,102,1,subject102_client1,1804,5,cycling,3760.69
0.1,alpha0p1,102,1,subject102_client1,1805,5,cycling,3761.97
0.1,alpha0p1,102,1,subject102_client1,1806,5,cycling,3763.25
0.1,alpha0p1,102,1,subject102_client1,1807,5,cycling,3764.53
0.1,alpha0p1,102,1,subject102_client1,1808,5,cycling,3765.81
0.1,alpha0p1,102,1,subject102_client1,1809,5,cycling,3767.09
0.1,alpha0p1,102,1,subject102_client1,1810,5,cycling,3768.37
0.1,alpha0p1,102,1,subject102_client1,1811,5,cycling,3769.65
0.1,alpha0p1,102,1,subject102_client1,1812,5,cycling,3770.93
0.1,alpha0p1,102,1,subject102_client1,1813,5,cycling,3772.21
0.1,alpha0p1,102,3,subject102_client3,1815,5,cycling,3774.77
0.1,alpha0p1,102,3,subject102_client3,1816,5,cycling,3776.05
0.1,alpha0p1,102,3,subject102_client3,1817,5,cycling,3777.33
0.1,alpha0p1,102,3,subject102_client3,1818,5,cycling,3778.61
0.1,alpha0p1,102,3,subject102_client3,1819,5,cycling,3779.89
0.1,alpha0p1,102,3,subject102_client3,1820,5,cycling,3781.17
0.1,alpha0p1,102,3,subject102_client3,1821,5,cycling,3782.45
0.1,alpha0p1,102,3,subject102_client3,1822,5,cycling,3783.73
0.1,alpha0p1,102,3,subject102_client3,1823,5,cycling,3785.01
0.1,alpha0p1,102,3,subject102_client3,1824,5,cycling,3786.29
0.1,alpha0p1,102,3,subject102_client3,1825,5,cycling,3787.57
0.1,alpha0p1,102,3,subject102_client3,1826,5,cycling,3788.85
0.1,alpha0p1,102,3,subject102_client3,1827,5,cycling,3790.13
0.1,alpha0p1,102,3,subject102_client3,1828,5,cycling,3791.41
0.1,alpha0p1,102,3,subject102_client3,1829,5,cycling,3792.69
0.1,alpha0p1,102,3,subject102_client3,1830,5,cycling,3793.97
0.1,alpha0p1,102,3,subject102_client3,1831,5,cycling,3795.25
0.1,alpha0p1,102,3,subject102_client3,1832,5,cycling,3796.53
0.1,alpha0p1,102,3,subject102_client3,1833,5,cycling,3797.81
0.1,alpha0p1,102,3,subject102_client3,1834,5,cycling,3799.09
0.1,alpha0p1,102,3,subject102_client3,1835,5,cycling,3800.37
0.1,alpha0p1,102,3,subject102_client3,1836,5,cycling,3801.65
0.1,alpha0p1,102,3,subject102_client3,1837,5,cycling,3802.93
0.1,alpha0p1,102,3,subject102_client3,1838,5,cycling,3804.21
0.1,alpha0p1,102,3,subject102_client3,1839,5,cycling,3805.49
0.1,alpha0p1,102,3,subject102_client3,1840,5,cycling,3806.77
0.1,alpha0p1,102,3,subject102_client3,1841,5,cycling,3808.05
0.1,alpha0p1,102,3,subject102_client3,1842,5,cycling,3809.33
0.1,alpha0p1,102,3,subject102_client3,1843,5,cycling,3810.61
0.1,alpha0p1,102,3,subject102_client3,1844,5,cycling,3811.89
0.1,alpha0p1,102,3,subject102_client3,1845,5,cycling,3813.17
0.1,alpha0p1,102,3,subject102_client3,1846,5,cycling,3814.45
0.1,alpha0p1,102,3,subject102_client3,1847,5,cycling,3815.73
0.1,alpha0p1,102,3,subject102_client3,1848,5,cycling,3817.01
0.1,alpha0p1,102,3,subject102_client3,1849,5,cycling,3818.29
0.1,alpha0p1,102,3,subject102_client3,1850,5,cycling,3819.57
0.1,alpha0p1,102,3,subject102_client3,1851,5,cycling,3820.85
0.1,alpha0p1,102,3,subject102_client3,1852,5,cycling,3822.13
0.1,alpha0p1,102,3,subject102_client3,1853,5,cycling,3823.41
0.1,alpha0p1,102,3,subject102_client3,1854,5,cycling,3824.69
0.1,alpha0p1,102,3,subject102_client3,1855,5,cycling,3825.97
0.1,alpha0p1,102,3,subject102_client3,1856,5,cycling,3827.25
0.1,alpha0p1,102,3,subject102_client3,1857,5,cycling,3828.53
0.1,alpha0p1,102,3,subject102_client3,1858,5,cycling,3829.81
0.1,alpha0p1,102,3,subject102_client3,1859,5,cycling,3831.09
0.1,alpha0p1,102,3,subject102_client3,1860,5,cycling,3832.37
0.1,alpha0p1,102,3,subject102_client3,1861,5,cycling,3833.65
0.1,alpha0p1,102,3,subject102_client3,1862,5,cycling,3834.93
0.1,alpha0p1,102,3,subject102_client3,1863,5,cycling,3836.21
0.1,alpha0p1,102,3,subject102_client3,1864,4,running,3915.44
0.1,alpha0p1,102,3,subject102_client3,1865,4,running,3916.72
0.1,alpha0p1,102,3,subject102_client3,1866,4,running,3918.0
0.1,alpha0p1,102,3,subject102_client3,1867,4,running,3919.28
0.1,alpha0p1,102,3,subject102_client3,1868,4,running,3920.56
0.1,alpha0p1,102,3,subject102_client3,1869,4,running,3921.84
0.1,alpha0p1,102,3,subject102_client3,1870,4,running,3923.12
0.1,alpha0p1,102,3,subject102_client3,1871,4,running,3924.4
0.1,alpha0p1,102,3,subject102_client3,1872,4,running,3925.68
0.1,alpha0p1,102,3,subject102_client3,1873,4,running,3926.96
0.1,alpha0p1,102,3,subject102_client3,1874,4,running,3928.24
0.1,alpha0p1,102,3,subject102_client3,1875,4,running,3929.52
0.1,alpha0p1,102,3,subject102_client3,1876,4,running,3930.8
0.1,alpha0p1,102,3,subject102_client3,1877,4,running,3932.08
0.1,alpha0p1,102,3,subject102_client3,1878,4,running,3933.36
0.1,alpha0p1,102,3,subject102_client3,1879,4,running,3934.64
0.1,alpha0p1,102,3,subject102_client3,1880,4,running,3935.92
0.1,alpha0p1,102,3,subject102_client3,1881,4,running,3937.2
0.1,alpha0p1,102,3,subject102_client3,1882,4,running,3938.48
0.1,alpha0p1,102,3,subject102_client3,1883,4,running,3939.76
0.1,alpha0p1,102,3,subject102_client3,1884,4,running,3941.04
0.1,alpha0p1,102,3,subject102_client3,1885,4,running,3942.32
0.1,alpha0p1,102,3,subject102_client3,1886,4,running,3943.6
0.1,alpha0p1,102,3,subject102_client3,1887,4,running,3944.88
0.1,alpha0p1,102,3,subject102_client3,1888,4,running,3946.16
0.1,alpha0p1,102,3,subject102_client3,1889,4,running,3947.44
0.1,alpha0p1,102,3,subject102_client3,1890,4,running,3948.72
0.1,alpha0p1,102,3,subject102_client3,1891,4,running,3950.0
0.1,alpha0p1,102,3,subject102_client3,1892,4,running,3951.28
0.1,alpha0p1,102,3,subject102_client3,1893,4,running,3952.56
0.1,alpha0p1,102,3,subject102_client3,1894,4,running,3953.84
0.1,alpha0p1,102,3,subject102_client3,1895,4,running,3955.12
0.1,alpha0p1,102,3,subject102_client3,1896,4,running,3956.4
0.1,alpha0p1,102,3,subject102_client3,1897,4,running,3957.68
0.1,alpha0p1,102,3,subject102_client3,1898,4,running,3958.96
0.1,alpha0p1,102,3,subject102_client3,1899,4,running,3960.24
0.1,alpha0p1,102,3,subject102_client3,1900,4,running,3961.52
0.1,alpha0p1,102,3,subject102_client3,1901,4,running,3962.8
0.1,alpha0p1,102,3,subject102_client3,1902,4,running,3964.08
0.1,alpha0p1,102,3,subject102_client3,1903,4,running,3965.36
0.1,alpha0p1,102,3,subject102_client3,1904,4,running,3966.64
0.1,alpha0p1,102,3,subject102_client3,1905,4,running,3967.92
0.1,alpha0p1,102,3,subject102_client3,1906,4,running,3969.2
0.1,alpha0p1,102,3,subject102_client3,1907,4,running,3970.48
0.1,alpha0p1,102,3,subject102_client3,1908,4,running,3971.76
0.1,alpha0p1,102,3,subject102_client3,1909,4,running,3973.04
0.1,alpha0p1,102,3,subject102_client3,1910,4,running,3974.32
0.1,alpha0p1,102,3,subject102_client3,1911,4,running,3975.6
0.1,alpha0p1,102,3,subject102_client3,1912,4,running,3976.88
0.1,alpha0p1,102,3,subject102_client3,1913,4,running,3978.16
0.1,alpha0p1,102,3,subject102_client3,1914,4,running,3979.44
0.1,alpha0p1,102,3,subject102_client3,1915,4,running,3980.72
0.1,alpha0p1,102,3,subject102_client3,1916,4,running,3982.0
0.1,alpha0p1,102,3,subject102_client3,1917,4,running,3983.28
0.1,alpha0p1,102,3,subject102_client3,1918,4,running,3984.56
0.1,alpha0p1,102,3,subject102_client3,1919,4,running,3985.84
0.1,alpha0p1,102,3,subject102_client3,1920,4,running,3987.12
0.1,alpha0p1,102,3,subject102_client3,1921,4,running,3988.4
0.1,alpha0p1,102,3,subject102_client3,1922,4,running,3989.68
0.1,alpha0p1,102,3,subject102_client3,1923,4,running,3990.96
0.1,alpha0p1,102,3,subject102_client3,1924,4,running,3992.24
0.1,alpha0p1,102,3,subject102_client3,1925,4,running,3993.52
0.1,alpha0p1,102,3,subject102_client3,1926,4,running,3994.8
0.1,alpha0p1,102,3,subject102_client3,1927,4,running,3996.08
0.1,alpha0p1,102,3,subject102_client3,1928,4,running,3997.36
0.1,alpha0p1,102,3,subject102_client3,1929,4,running,3998.64
0.1,alpha0p1,102,1,subject102_client1,1931,4,running,4001.2
0.1,alpha0p1,102,1,subject102_client1,1932,4,running,4002.48
0.1,alpha0p1,102,1,subject102_client1,1933,4,running,4003.76
0.1,alpha0p1,102,1,subject102_client1,1934,4,running,4005.04
0.1,alpha0p1,102,2,subject102_client2,1935,11,rope jumping,4113.07
0.1,alpha0p1,102,2,subject102_client2,1936,11,rope jumping,4114.35
0.1,alpha0p1,102,2,subject102_client2,1937,11,rope jumping,4115.63
0.1,alpha0p1,102,0,subject102_client0,1939,11,rope jumping,4118.19
0.1,alpha0p1,102,0,subject102_client0,1940,11,rope jumping,4119.47
0.1,alpha0p1,102,0,subject102_client0,1941,11,rope jumping,4120.75
0.1,alpha0p1,102,0,subject102_client0,1942,11,rope jumping,4122.03
0.1,alpha0p1,102,0,subject102_client0,1943,11,rope jumping,4123.31
0.1,alpha0p1,102,0,subject102_client0,1944,11,rope jumping,4124.59
0.1,alpha0p1,102,0,subject102_client0,1945,11,rope jumping,4125.87
0.1,alpha0p1,102,0,subject102_client0,1946,11,rope jumping,4127.15
0.1,alpha0p1,102,0,subject102_client0,1947,11,rope jumping,4128.43
0.1,alpha0p1,102,0,subject102_client0,1948,11,rope jumping,4129.71
0.1,alpha0p1,102,0,subject102_client0,1949,11,rope jumping,4130.99
0.1,alpha0p1,102,0,subject102_client0,1950,11,rope jumping,4132.27
0.1,alpha0p1,102,0,subject102_client0,1951,11,rope jumping,4133.55
0.1,alpha0p1,102,0,subject102_client0,1952,11,rope jumping,4134.83
0.1,alpha0p1,102,0,subject102_client0,1953,11,rope jumping,4136.11
0.1,alpha0p1,102,0,subject102_client0,1954,11,rope jumping,4137.39
0.1,alpha0p1,102,0,subject102_client0,1955,11,rope jumping,4138.67
0.1,alpha0p1,102,0,subject102_client0,1956,11,rope jumping,4139.95
0.1,alpha0p1,102,0,subject102_client0,1957,11,rope jumping,4141.23
0.1,alpha0p1,102,0,subject102_client0,1958,11,rope jumping,4142.51
0.1,alpha0p1,102,0,subject102_client0,1959,11,rope jumping,4143.79
0.1,alpha0p1,102,0,subject102_client0,1960,11,rope jumping,4145.07
0.1,alpha0p1,102,0,subject102_client0,1961,11,rope jumping,4146.35
0.1,alpha0p1,102,0,subject102_client0,1962,11,rope jumping,4147.63
0.1,alpha0p1,102,0,subject102_client0,1963,11,rope jumping,4148.91
0.1,alpha0p1,102,0,subject102_client0,1964,11,rope jumping,4150.19
0.1,alpha0p1,102,0,subject102_client0,1965,11,rope jumping,4151.47
0.1,alpha0p1,102,0,subject102_client0,1966,11,rope jumping,4152.75
0.1,alpha0p1,102,0,subject102_client0,1967,11,rope jumping,4154.03
0.1,alpha0p1,102,0,subject102_client0,1968,11,rope jumping,4155.31
0.1,alpha0p1,102,0,subject102_client0,1969,11,rope jumping,4156.59
0.1,alpha0p1,102,0,subject102_client0,1970,11,rope jumping,4157.87
0.1,alpha0p1,102,0,subject102_client0,1971,11,rope jumping,4159.15
0.1,alpha0p1,102,0,subject102_client0,1972,11,rope jumping,4160.43
0.1,alpha0p1,102,0,subject102_client0,1973,11,rope jumping,4161.71
0.1,alpha0p1,102,0,subject102_client0,1974,11,rope jumping,4162.99
0.1,alpha0p1,102,0,subject102_client0,1975,11,rope jumping,4164.27
0.1,alpha0p1,102,0,subject102_client0,1976,11,rope jumping,4165.55
0.1,alpha0p1,102,0,subject102_client0,1977,11,rope jumping,4166.83
0.1,alpha0p1,102,0,subject102_client0,1978,11,rope jumping,4168.11
0.1,alpha0p1,102,0,subject102_client0,1979,11,rope jumping,4169.39
0.1,alpha0p1,102,0,subject102_client0,1980,11,rope jumping,4170.67
0.1,alpha0p1,102,0,subject102_client0,1981,11,rope jumping,4171.95
0.1,alpha0p1,102,0,subject102_client0,1982,11,rope jumping,4173.23
0.1,alpha0p1,102,0,subject102_client0,1983,11,rope jumping,4174.51
0.1,alpha0p1,102,0,subject102_client0,1984,11,rope jumping,4175.79
0.1,alpha0p1,102,0,subject102_client0,1985,11,rope jumping,4177.07
0.1,alpha0p1,102,0,subject102_client0,1986,11,rope jumping,4178.35
0.1,alpha0p1,102,0,subject102_client0,1987,11,rope jumping,4179.63
0.1,alpha0p1,102,0,subject102_client0,1988,11,rope jumping,4180.91
0.1,alpha0p1,102,0,subject102_client0,1989,11,rope jumping,4182.19
0.1,alpha0p1,102,0,subject102_client0,1990,11,rope jumping,4183.47
0.1,alpha0p1,102,0,subject102_client0,1991,11,rope jumping,4184.75
0.1,alpha0p1,102,0,subject102_client0,1992,11,rope jumping,4186.03
0.1,alpha0p1,102,0,subject102_client0,1993,11,rope jumping,4187.31
0.1,alpha0p1,102,0,subject102_client0,1994,11,rope jumping,4188.59
0.1,alpha0p1,102,0,subject102_client0,1995,11,rope jumping,4189.87
0.1,alpha0p1,102,0,subject102_client0,1996,11,rope jumping,4191.15
0.1,alpha0p1,102,0,subject102_client0,1997,11,rope jumping,4192.43
0.1,alpha0p1,102,0,subject102_client0,1998,11,rope jumping,4193.71
0.1,alpha0p1,102,0,subject102_client0,1999,11,rope jumping,4194.99
0.1,alpha0p1,102,0,subject102_client0,2000,11,rope jumping,4196.27
0.1,alpha0p1,102,0,subject102_client0,2001,11,rope jumping,4197.55
0.1,alpha0p1,102,0,subject102_client0,2002,11,rope jumping,4198.83
0.1,alpha0p1,102,0,subject102_client0,2003,11,rope jumping,4200.11
0.1,alpha0p1,102,0,subject102_client0,2004,11,rope jumping,4201.39
0.1,alpha0p1,102,0,subject102_client0,2005,11,rope jumping,4202.67
0.1,alpha0p1,102,0,subject102_client0,2006,11,rope jumping,4203.95
0.1,alpha0p1,102,0,subject102_client0,2007,11,rope jumping,4205.23
0.1,alpha0p1,102,0,subject102_client0,2008,11,rope jumping,4206.51
0.1,alpha0p1,102,0,subject102_client0,2009,11,rope jumping,4207.79
0.1,alpha0p1,102,0,subject102_client0,2010,11,rope jumping,4209.07
0.1,alpha0p1,102,0,subject102_client0,2011,11,rope jumping,4210.35
0.1,alpha0p1,102,0,subject102_client0,2012,11,rope jumping,4211.63
0.1,alpha0p1,102,0,subject102_client0,2013,11,rope jumping,4212.91
0.1,alpha0p1,102,0,subject102_client0,2014,11,rope jumping,4214.19
0.1,alpha0p1,102,0,subject102_client0,2015,11,rope jumping,4215.47
0.1,alpha0p1,102,0,subject102_client0,2016,11,rope jumping,4216.75
0.1,alpha0p1,102,0,subject102_client0,2017,11,rope jumping,4218.03
0.1,alpha0p1,102,0,subject102_client0,2018,11,rope jumping,4219.31
0.1,alpha0p1,102,0,subject102_client0,2019,11,rope jumping,4220.59
0.1,alpha0p1,102,0,subject102_client0,2020,11,rope jumping,4221.87
0.1,alpha0p1,102,0,subject102_client0,2021,11,rope jumping,4223.15
0.1,alpha0p1,102,0,subject102_client0,2022,11,rope jumping,4224.43
0.1,alpha0p1,102,0,subject102_client0,2023,11,rope jumping,4225.71
0.1,alpha0p1,102,0,subject102_client0,2024,11,rope jumping,4226.99
0.1,alpha0p1,102,0,subject102_client0,2025,11,rope jumping,4228.27
0.1,alpha0p1,102,0,subject102_client0,2026,11,rope jumping,4229.55
0.1,alpha0p1,102,0,subject102_client0,2027,11,rope jumping,4230.83
0.1,alpha0p1,102,0,subject102_client0,2028,11,rope jumping,4232.11
0.1,alpha0p1,102,0,subject102_client0,2029,11,rope jumping,4233.39
0.1,alpha0p1,102,0,subject102_client0,2030,11,rope jumping,4234.67
0.1,alpha0p1,102,0,subject102_client0,2031,11,rope jumping,4235.95
0.1,alpha0p1,102,0,subject102_client0,2032,11,rope jumping,4237.23
0.1,alpha0p1,102,0,subject102_client0,2033,11,rope jumping,4238.51
0.1,alpha0p1,102,0,subject102_client0,2034,11,rope jumping,4239.79
0.1,alpha0p1,102,0,subject102_client0,2035,11,rope jumping,4241.07
0.1,alpha0p1,102,0,subject102_client0,2036,11,rope jumping,4242.35
0.1,alpha0p1,103,2,subject103_client2,2037,0,lying,166.11
0.1,alpha0p1,103,2,subject103_client2,2038,0,lying,167.39
0.1,alpha0p1,103,2,subject103_client2,2039,0,lying,168.67
0.1,alpha0p1,103,2,subject103_client2,2040,0,lying,169.95
0.1,alpha0p1,103,2,subject103_client2,2041,0,lying,171.23
0.1,alpha0p1,103,2,subject103_client2,2042,0,lying,172.51
0.1,alpha0p1,103,2,subject103_client2,2043,0,lying,173.79
0.1,alpha0p1,103,2,subject103_client2,2044,0,lying,175.07
0.1,alpha0p1,103,2,subject103_client2,2045,0,lying,176.35
0.1,alpha0p1,103,2,subject103_client2,2046,0,lying,177.63
0.1,alpha0p1,103,2,subject103_client2,2047,0,lying,178.91
0.1,alpha0p1,103,2,subject103_client2,2048,0,lying,180.19
0.1,alpha0p1,103,2,subject103_client2,2049,0,lying,181.47
0.1,alpha0p1,103,2,subject103_client2,2050,0,lying,182.75
0.1,alpha0p1,103,2,subject103_client2,2051,0,lying,184.03
0.1,alpha0p1,103,2,subject103_client2,2052,0,lying,185.31
0.1,alpha0p1,103,2,subject103_client2,2053,0,lying,186.59
0.1,alpha0p1,103,2,subject103_client2,2054,0,lying,187.87
0.1,alpha0p1,103,2,subject103_client2,2055,0,lying,189.15
0.1,alpha0p1,103,2,subject103_client2,2056,0,lying,190.43
0.1,alpha0p1,103,2,subject103_client2,2057,0,lying,191.71
0.1,alpha0p1,103,2,subject103_client2,2058,0,lying,192.99
0.1,alpha0p1,103,2,subject103_client2,2059,0,lying,194.27
0.1,alpha0p1,103,2,subject103_client2,2060,0,lying,195.55
0.1,alpha0p1,103,2,subject103_client2,2061,0,lying,196.83
0.1,alpha0p1,103,2,subject103_client2,2062,0,lying,198.11
0.1,alpha0p1,103,2,subject103_client2,2063,0,lying,199.39
0.1,alpha0p1,103,2,subject103_client2,2064,0,lying,200.67
0.1,alpha0p1,103,2,subject103_client2,2065,0,lying,201.95
0.1,alpha0p1,103,2,subject103_client2,2066,0,lying,203.23
0.1,alpha0p1,103,2,subject103_client2,2067,0,lying,204.51
0.1,alpha0p1,103,2,subject103_client2,2068,0,lying,205.79
0.1,alpha0p1,103,2,subject103_client2,2069,0,lying,207.07
0.1,alpha0p1,103,2,subject103_client2,2070,0,lying,208.35
0.1,alpha0p1,103,2,subject103_client2,2071,0,lying,209.63
0.1,alpha0p1,103,2,subject103_client2,2072,0,lying,210.91
0.1,alpha0p1,103,2,subject103_client2,2073,0,lying,212.19
0.1,alpha0p1,103,2,subject103_client2,2074,0,lying,213.47
0.1,alpha0p1,103,2,subject103_client2,2075,0,lying,214.75
0.1,alpha0p1,103,2,subject103_client2,2076,0,lying,216.03
0.1,alpha0p1,103,2,subject103_client2,2077,0,lying,217.31
0.1,alpha0p1,103,2,subject103_client2,2078,0,lying,218.59
0.1,alpha0p1,103,2,subject103_client2,2079,0,lying,219.87
0.1,alpha0p1,103,2,subject103_client2,2080,0,lying,221.15
0.1,alpha0p1,103,2,subject103_client2,2081,0,lying,222.43
0.1,alpha0p1,103,2,subject103_client2,2082,0,lying,223.71
0.1,alpha0p1,103,2,subject103_client2,2083,0,lying,224.99
0.1,alpha0p1,103,2,subject103_client2,2084,0,lying,226.27
0.1,alpha0p1,103,2,subject103_client2,2085,0,lying,227.55
0.1,alpha0p1,103,2,subject103_client2,2086,0,lying,228.83
0.1,alpha0p1,103,2,subject103_client2,2087,0,lying,230.11
0.1,alpha0p1,103,2,subject103_client2,2088,0,lying,231.39
0.1,alpha0p1,103,2,subject103_client2,2089,0,lying,232.67
0.1,alpha0p1,103,2,subject103_client2,2090,0,lying,233.95
0.1,alpha0p1,103,2,subject103_client2,2091,0,lying,235.23
0.1,alpha0p1,103,2,subject103_client2,2092,0,lying,236.51
0.1,alpha0p1,103,2,subject103_client2,2093,0,lying,237.79
0.1,alpha0p1,103,2,subject103_client2,2094,0,lying,239.07
0.1,alpha0p1,103,2,subject103_client2,2095,0,lying,240.35
0.1,alpha0p1,103,2,subject103_client2,2096,0,lying,241.63
0.1,alpha0p1,103,2,subject103_client2,2097,0,lying,242.91
0.1,alpha0p1,103,2,subject103_client2,2098,0,lying,244.19
0.1,alpha0p1,103,2,subject103_client2,2099,0,lying,245.47
0.1,alpha0p1,103,2,subject103_client2,2100,0,lying,246.75
0.1,alpha0p1,103,2,subject103_client2,2101,0,lying,248.03
0.1,alpha0p1,103,2,subject103_client2,2102,0,lying,249.31
0.1,alpha0p1,103,2,subject103_client2,2103,0,lying,250.59
0.1,alpha0p1,103,2,subject103_client2,2104,0,lying,251.87
0.1,alpha0p1,103,2,subject103_client2,2105,0,lying,253.15
0.1,alpha0p1,103,2,subject103_client2,2106,0,lying,254.43
0.1,alpha0p1,103,2,subject103_client2,2107,0,lying,255.71
0.1,alpha0p1,103,2,subject103_client2,2108,0,lying,256.99
0.1,alpha0p1,103,2,subject103_client2,2109,0,lying,258.27
0.1,alpha0p1,103,2,subject103_client2,2110,0,lying,259.55
0.1,alpha0p1,103,2,subject103_client2,2111,0,lying,260.83
0.1,alpha0p1,103,2,subject103_client2,2112,0,lying,262.11
0.1,alpha0p1,103,2,subject103_client2,2113,0,lying,263.39
0.1,alpha0p1,103,2,subject103_client2,2114,0,lying,264.67
0.1,alpha0p1,103,2,subject103_client2,2115,0,lying,265.95
0.1,alpha0p1,103,2,subject103_client2,2116,0,lying,267.23
0.1,alpha0p1,103,2,subject103_client2,2117,0,lying,268.51
0.1,alpha0p1,103,2,subject103_client2,2118,0,lying,269.79
0.1,alpha0p1,103,2,subject103_client2,2119,0,lying,271.07
0.1,alpha0p1,103,2,subject103_client2,2120,0,lying,272.35
0.1,alpha0p1,103,2,subject103_client2,2121,0,lying,273.63
0.1,alpha0p1,103,2,subject103_client2,2122,0,lying,274.91
0.1,alpha0p1,103,2,subject103_client2,2123,0,lying,276.19
0.1,alpha0p1,103,2,subject103_client2,2124,0,lying,277.47
0.1,alpha0p1,103,2,subject103_client2,2125,0,lying,278.75
0.1,alpha0p1,103,2,subject103_client2,2126,0,lying,280.03
0.1,alpha0p1,103,2,subject103_client2,2127,0,lying,281.31
0.1,alpha0p1,103,2,subject103_client2,2128,0,lying,282.59
0.1,alpha0p1,103,2,subject103_client2,2129,0,lying,283.87
0.1,alpha0p1,103,2,subject103_client2,2130,0,lying,285.15
0.1,alpha0p1,103,2,subject103_client2,2131,0,lying,286.43
0.1,alpha0p1,103,2,subject103_client2,2132,0,lying,287.71
0.1,alpha0p1,103,2,subject103_client2,2133,0,lying,288.99
0.1,alpha0p1,103,2,subject103_client2,2134,0,lying,290.27
0.1,alpha0p1,103,2,subject103_client2,2135,0,lying,291.55
0.1,alpha0p1,103,2,subject103_client2,2136,0,lying,292.83
0.1,alpha0p1,103,2,subject103_client2,2137,0,lying,294.11
0.1,alpha0p1,103,2,subject103_client2,2138,0,lying,295.39
0.1,alpha0p1,103,2,subject103_client2,2139,0,lying,296.67
0.1,alpha0p1,103,2,subject103_client2,2140,0,lying,297.95
0.1,alpha0p1,103,2,subject103_client2,2141,0,lying,299.23
0.1,alpha0p1,103,2,subject103_client2,2142,0,lying,300.51
0.1,alpha0p1,103,2,subject103_client2,2143,0,lying,301.79
0.1,alpha0p1,103,2,subject103_client2,2144,0,lying,303.07
0.1,alpha0p1,103,2,subject103_client2,2145,0,lying,304.35
0.1,alpha0p1,103,2,subject103_client2,2146,0,lying,305.63
0.1,alpha0p1,103,2,subject103_client2,2147,0,lying,306.91
0.1,alpha0p1,103,2,subject103_client2,2148,0,lying,308.19
0.1,alpha0p1,103,2,subject103_client2,2149,0,lying,309.47
0.1,alpha0p1,103,2,subject103_client2,2150,0,lying,310.75
0.1,alpha0p1,103,2,subject103_client2,2151,0,lying,312.03
0.1,alpha0p1,103,2,subject103_client2,2152,0,lying,313.31
0.1,alpha0p1,103,2,subject103_client2,2153,0,lying,314.59
0.1,alpha0p1,103,2,subject103_client2,2154,0,lying,315.87
0.1,alpha0p1,103,2,subject103_client2,2155,0,lying,317.15
0.1,alpha0p1,103,2,subject103_client2,2156,0,lying,318.43
0.1,alpha0p1,103,2,subject103_client2,2157,0,lying,319.71
0.1,alpha0p1,103,2,subject103_client2,2158,0,lying,320.99
0.1,alpha0p1,103,2,subject103_client2,2159,0,lying,322.27
0.1,alpha0p1,103,2,subject103_client2,2160,0,lying,323.55
0.1,alpha0p1,103,2,subject103_client2,2161,0,lying,324.83
0.1,alpha0p1,103,2,subject103_client2,2162,0,lying,326.11
0.1,alpha0p1,103,2,subject103_client2,2163,0,lying,327.39
0.1,alpha0p1,103,2,subject103_client2,2164,0,lying,328.67
0.1,alpha0p1,103,2,subject103_client2,2165,0,lying,329.95
0.1,alpha0p1,103,2,subject103_client2,2166,0,lying,331.23
0.1,alpha0p1,103,2,subject103_client2,2167,0,lying,332.51
0.1,alpha0p1,103,2,subject103_client2,2168,0,lying,333.79
0.1,alpha0p1,103,2,subject103_client2,2169,0,lying,335.07
0.1,alpha0p1,103,2,subject103_client2,2170,0,lying,336.35
0.1,alpha0p1,103,2,subject103_client2,2171,0,lying,337.63
0.1,alpha0p1,103,2,subject103_client2,2172,0,lying,338.91
0.1,alpha0p1,103,2,subject103_client2,2173,0,lying,340.19
0.1,alpha0p1,103,2,subject103_client2,2174,0,lying,341.47
0.1,alpha0p1,103,2,subject103_client2,2175,0,lying,342.75
0.1,alpha0p1,103,2,subject103_client2,2176,0,lying,344.03
0.1,alpha0p1,103,2,subject103_client2,2177,0,lying,345.31
0.1,alpha0p1,103,2,subject103_client2,2178,0,lying,346.59
0.1,alpha0p1,103,2,subject103_client2,2179,0,lying,347.87
0.1,alpha0p1,103,2,subject103_client2,2180,0,lying,349.15
0.1,alpha0p1,103,2,subject103_client2,2181,0,lying,350.43
0.1,alpha0p1,103,2,subject103_client2,2182,0,lying,351.71
0.1,alpha0p1,103,2,subject103_client2,2183,0,lying,352.99
0.1,alpha0p1,103,2,subject103_client2,2184,0,lying,354.27
0.1,alpha0p1,103,2,subject103_client2,2185,0,lying,355.55
0.1,alpha0p1,103,2,subject103_client2,2186,0,lying,356.83
0.1,alpha0p1,103,2,subject103_client2,2187,0,lying,358.11
0.1,alpha0p1,103,2,subject103_client2,2188,0,lying,359.39
0.1,alpha0p1,103,2,subject103_client2,2189,0,lying,360.67
0.1,alpha0p1,103,2,subject103_client2,2190,0,lying,361.95
0.1,alpha0p1,103,2,subject103_client2,2191,0,lying,363.23
0.1,alpha0p1,103,2,subject103_client2,2192,0,lying,364.51
0.1,alpha0p1,103,2,subject103_client2,2193,0,lying,365.79
0.1,alpha0p1,103,2,subject103_client2,2194,0,lying,367.07
0.1,alpha0p1,103,2,subject103_client2,2195,0,lying,368.35
0.1,alpha0p1,103,2,subject103_client2,2196,0,lying,369.63
0.1,alpha0p1,103,2,subject103_client2,2197,0,lying,370.91
0.1,alpha0p1,103,2,subject103_client2,2198,0,lying,372.19
0.1,alpha0p1,103,2,subject103_client2,2199,0,lying,373.47
0.1,alpha0p1,103,2,subject103_client2,2200,0,lying,374.75
0.1,alpha0p1,103,2,subject103_client2,2201,0,lying,376.03
0.1,alpha0p1,103,2,subject103_client2,2202,0,lying,377.31
0.1,alpha0p1,103,2,subject103_client2,2203,0,lying,378.59
0.1,alpha0p1,103,2,subject103_client2,2204,0,lying,379.87
0.1,alpha0p1,103,2,subject103_client2,2205,0,lying,381.15
0.1,alpha0p1,103,2,subject103_client2,2206,0,lying,382.43
0.1,alpha0p1,103,2,subject103_client2,2207,0,lying,383.71
0.1,alpha0p1,103,1,subject103_client1,2208,1,sitting,481.61
0.1,alpha0p1,103,1,subject103_client1,2209,1,sitting,482.89
0.1,alpha0p1,103,1,subject103_client1,2210,1,sitting,484.17
0.1,alpha0p1,103,1,subject103_client1,2211,1,sitting,485.45
0.1,alpha0p1,103,1,subject103_client1,2212,1,sitting,486.73
0.1,alpha0p1,103,1,subject103_client1,2213,1,sitting,488.01
0.1,alpha0p1,103,1,subject103_client1,2214,1,sitting,489.29
0.1,alpha0p1,103,1,subject103_client1,2215,1,sitting,490.57
0.1,alpha0p1,103,1,subject103_client1,2216,1,sitting,491.85
0.1,alpha0p1,103,1,subject103_client1,2217,1,sitting,493.13
0.1,alpha0p1,103,1,subject103_client1,2218,1,sitting,494.41
0.1,alpha0p1,103,1,subject103_client1,2219,1,sitting,495.69
0.1,alpha0p1,103,1,subject103_client1,2220,1,sitting,496.97
0.1,alpha0p1,103,1,subject103_client1,2221,1,sitting,498.25
0.1,alpha0p1,103,1,subject103_client1,2222,1,sitting,499.53
0.1,alpha0p1,103,1,subject103_client1,2223,1,sitting,500.81
0.1,alpha0p1,103,1,subject103_client1,2224,1,sitting,502.09
0.1,alpha0p1,103,1,subject103_client1,2225,1,sitting,503.37
0.1,alpha0p1,103,1,subject103_client1,2226,1,sitting,504.65
0.1,alpha0p1,103,1,subject103_client1,2227,1,sitting,505.93
0.1,alpha0p1,103,1,subject103_client1,2228,1,sitting,507.21
0.1,alpha0p1,103,1,subject103_client1,2229,1,sitting,508.49
0.1,alpha0p1,103,1,subject103_client1,2230,1,sitting,509.77
0.1,alpha0p1,103,1,subject103_client1,2231,1,sitting,511.05
0.1,alpha0p1,103,1,subject103_client1,2232,1,sitting,512.33
0.1,alpha0p1,103,1,subject103_client1,2233,1,sitting,513.61
0.1,alpha0p1,103,1,subject103_client1,2234,1,sitting,514.89
0.1,alpha0p1,103,1,subject103_client1,2235,1,sitting,516.17
0.1,alpha0p1,103,1,subject103_client1,2236,1,sitting,517.45
0.1,alpha0p1,103,1,subject103_client1,2237,1,sitting,518.73
0.1,alpha0p1,103,1,subject103_client1,2238,1,sitting,520.01
0.1,alpha0p1,103,1,subject103_client1,2239,1,sitting,521.29
0.1,alpha0p1,103,1,subject103_client1,2240,1,sitting,522.57
0.1,alpha0p1,103,1,subject103_client1,2241,1,sitting,523.85
0.1,alpha0p1,103,1,subject103_client1,2242,1,sitting,525.13
0.1,alpha0p1,103,1,subject103_client1,2243,1,sitting,526.41
0.1,alpha0p1,103,1,subject103_client1,2244,1,sitting,527.69
0.1,alpha0p1,103,1,subject103_client1,2245,1,sitting,528.97
0.1,alpha0p1,103,1,subject103_client1,2246,1,sitting,530.25
0.1,alpha0p1,103,1,subject103_client1,2247,1,sitting,531.53
0.1,alpha0p1,103,1,subject103_client1,2248,1,sitting,532.81
0.1,alpha0p1,103,1,subject103_client1,2249,1,sitting,534.09
0.1,alpha0p1,103,1,subject103_client1,2250,1,sitting,535.37
0.1,alpha0p1,103,1,subject103_client1,2251,1,sitting,536.65
0.1,alpha0p1,103,1,subject103_client1,2252,1,sitting,537.93
0.1,alpha0p1,103,1,subject103_client1,2253,1,sitting,539.21
0.1,alpha0p1,103,1,subject103_client1,2254,1,sitting,540.49
0.1,alpha0p1,103,1,subject103_client1,2255,1,sitting,541.77
0.1,alpha0p1,103,1,subject103_client1,2256,1,sitting,543.05
0.1,alpha0p1,103,1,subject103_client1,2257,1,sitting,544.33
0.1,alpha0p1,103,1,subject103_client1,2258,1,sitting,545.61
0.1,alpha0p1,103,1,subject103_client1,2259,1,sitting,546.89
0.1,alpha0p1,103,1,subject103_client1,2260,1,sitting,548.17
0.1,alpha0p1,103,1,subject103_client1,2261,1,sitting,549.45
0.1,alpha0p1,103,1,subject103_client1,2262,1,sitting,550.73
0.1,alpha0p1,103,1,subject103_client1,2263,1,sitting,552.01
0.1,alpha0p1,103,1,subject103_client1,2264,1,sitting,553.29
0.1,alpha0p1,103,1,subject103_client1,2265,1,sitting,554.57
0.1,alpha0p1,103,1,subject103_client1,2266,1,sitting,555.85
0.1,alpha0p1,103,1,subject103_client1,2267,1,sitting,557.13
0.1,alpha0p1,103,1,subject103_client1,2268,1,sitting,558.41
0.1,alpha0p1,103,1,subject103_client1,2269,1,sitting,559.69
0.1,alpha0p1,103,1,subject103_client1,2270,1,sitting,560.97
0.1,alpha0p1,103,1,subject103_client1,2271,1,sitting,562.25
0.1,alpha0p1,103,1,subject103_client1,2272,1,sitting,563.53
0.1,alpha0p1,103,1,subject103_client1,2273,1,sitting,564.81
0.1,alpha0p1,103,1,subject103_client1,2274,1,sitting,566.09
0.1,alpha0p1,103,1,subject103_client1,2275,1,sitting,567.37
0.1,alpha0p1,103,1,subject103_client1,2276,1,sitting,568.65
0.1,alpha0p1,103,1,subject103_client1,2277,1,sitting,569.93
0.1,alpha0p1,103,1,subject103_client1,2278,1,sitting,571.21
0.1,alpha0p1,103,1,subject103_client1,2279,1,sitting,572.49
0.1,alpha0p1,103,1,subject103_client1,2280,1,sitting,573.77
0.1,alpha0p1,103,1,subject103_client1,2281,1,sitting,575.05
0.1,alpha0p1,103,1,subject103_client1,2282,1,sitting,576.33
0.1,alpha0p1,103,1,subject103_client1,2283,1,sitting,577.61
0.1,alpha0p1,103,1,subject103_client1,2284,1,sitting,578.89
0.1,alpha0p1,103,1,subject103_client1,2285,1,sitting,580.17
0.1,alpha0p1,103,1,subject103_client1,2286,1,sitting,581.45
0.1,alpha0p1,103,1,subject103_client1,2287,1,sitting,582.73
0.1,alpha0p1,103,1,subject103_client1,2288,1,sitting,584.01
0.1,alpha0p1,103,1,subject103_client1,2289,1,sitting,585.29
0.1,alpha0p1,103,1,subject103_client1,2290,1,sitting,586.57
0.1,alpha0p1,103,1,subject103_client1,2291,1,sitting,587.85
0.1,alpha0p1,103,1,subject103_client1,2292,1,sitting,589.13
0.1,alpha0p1,103,1,subject103_client1,2293,1,sitting,590.41
0.1,alpha0p1,103,1,subject103_client1,2294,1,sitting,591.69
0.1,alpha0p1,103,1,subject103_client1,2295,1,sitting,592.97
0.1,alpha0p1,103,1,subject103_client1,2296,1,sitting,594.25
0.1,alpha0p1,103,1,subject103_client1,2297,1,sitting,595.53
0.1,alpha0p1,103,1,subject103_client1,2298,1,sitting,596.81
0.1,alpha0p1,103,1,subject103_client1,2299,1,sitting,598.09
0.1,alpha0p1,103,1,subject103_client1,2300,1,sitting,599.37
0.1,alpha0p1,103,1,subject103_client1,2301,1,sitting,600.65
0.1,alpha0p1,103,1,subject103_client1,2302,1,sitting,601.93
0.1,alpha0p1,103,1,subject103_client1,2303,1,sitting,603.21
0.1,alpha0p1,103,1,subject103_client1,2304,1,sitting,604.49
0.1,alpha0p1,103,1,subject103_client1,2305,1,sitting,605.77
0.1,alpha0p1,103,1,subject103_client1,2306,1,sitting,607.05
0.1,alpha0p1,103,1,subject103_client1,2307,1,sitting,608.33
0.1,alpha0p1,103,1,subject103_client1,2308,1,sitting,609.61
0.1,alpha0p1,103,1,subject103_client1,2309,1,sitting,610.89
0.1,alpha0p1,103,1,subject103_client1,2310,1,sitting,612.17
0.1,alpha0p1,103,1,subject103_client1,2311,1,sitting,613.45
0.1,alpha0p1,103,1,subject103_client1,2312,1,sitting,614.73
0.1,alpha0p1,103,1,subject103_client1,2313,1,sitting,616.01
0.1,alpha0p1,103,1,subject103_client1,2314,1,sitting,617.29
0.1,alpha0p1,103,1,subject103_client1,2315,1,sitting,618.57
0.1,alpha0p1,103,1,subject103_client1,2316,1,sitting,619.85
0.1,alpha0p1,103,1,subject103_client1,2317,1,sitting,621.13
0.1,alpha0p1,103,1,subject103_client1,2318,1,sitting,622.41
0.1,alpha0p1,103,1,subject103_client1,2319,1,sitting,623.69
0.1,alpha0p1,103,1,subject103_client1,2320,1,sitting,624.97
0.1,alpha0p1,103,1,subject103_client1,2321,1,sitting,626.25
0.1,alpha0p1,103,1,subject103_client1,2322,1,sitting,627.53
0.1,alpha0p1,103,1,subject103_client1,2323,1,sitting,628.81
0.1,alpha0p1,103,1,subject103_client1,2324,1,sitting,630.09
0.1,alpha0p1,103,1,subject103_client1,2325,1,sitting,631.37
0.1,alpha0p1,103,1,subject103_client1,2326,1,sitting,632.65
0.1,alpha0p1,103,1,subject103_client1,2327,1,sitting,633.93
0.1,alpha0p1,103,1,subject103_client1,2328,1,sitting,635.21
0.1,alpha0p1,103,1,subject103_client1,2329,1,sitting,636.49
0.1,alpha0p1,103,1,subject103_client1,2330,1,sitting,637.77
0.1,alpha0p1,103,1,subject103_client1,2331,1,sitting,639.05
0.1,alpha0p1,103,1,subject103_client1,2332,1,sitting,640.33
0.1,alpha0p1,103,1,subject103_client1,2333,1,sitting,641.61
0.1,alpha0p1,103,1,subject103_client1,2334,1,sitting,642.89
0.1,alpha0p1,103,1,subject103_client1,2335,1,sitting,644.17
0.1,alpha0p1,103,1,subject103_client1,2336,1,sitting,645.45
0.1,alpha0p1,103,1,subject103_client1,2337,1,sitting,646.73
0.1,alpha0p1,103,1,subject103_client1,2338,1,sitting,648.01
0.1,alpha0p1,103,1,subject103_client1,2339,1,sitting,649.29
0.1,alpha0p1,103,1,subject103_client1,2340,1,sitting,650.57
0.1,alpha0p1,103,1,subject103_client1,2341,1,sitting,651.85
0.1,alpha0p1,103,1,subject103_client1,2342,1,sitting,653.13
0.1,alpha0p1,103,1,subject103_client1,2343,1,sitting,654.41
0.1,alpha0p1,103,1,subject103_client1,2344,1,sitting,655.69
0.1,alpha0p1,103,1,subject103_client1,2345,1,sitting,656.97
0.1,alpha0p1,103,1,subject103_client1,2346,1,sitting,658.25
0.1,alpha0p1,103,1,subject103_client1,2347,1,sitting,659.53
0.1,alpha0p1,103,1,subject103_client1,2348,1,sitting,660.81
0.1,alpha0p1,103,1,subject103_client1,2349,1,sitting,662.09
0.1,alpha0p1,103,1,subject103_client1,2350,1,sitting,663.37
0.1,alpha0p1,103,1,subject103_client1,2351,1,sitting,664.65
0.1,alpha0p1,103,1,subject103_client1,2352,1,sitting,665.93
0.1,alpha0p1,103,1,subject103_client1,2353,1,sitting,667.21
0.1,alpha0p1,103,1,subject103_client1,2354,1,sitting,668.49
0.1,alpha0p1,103,1,subject103_client1,2355,1,sitting,669.77
0.1,alpha0p1,103,1,subject103_client1,2356,1,sitting,671.05
0.1,alpha0p1,103,1,subject103_client1,2357,1,sitting,672.33
0.1,alpha0p1,103,1,subject103_client1,2358,1,sitting,673.61
0.1,alpha0p1,103,1,subject103_client1,2359,1,sitting,674.89
0.1,alpha0p1,103,1,subject103_client1,2360,1,sitting,676.17
0.1,alpha0p1,103,1,subject103_client1,2361,1,sitting,677.45
0.1,alpha0p1,103,1,subject103_client1,2362,1,sitting,678.73
0.1,alpha0p1,103,1,subject103_client1,2363,1,sitting,680.01
0.1,alpha0p1,103,1,subject103_client1,2364,1,sitting,681.29
0.1,alpha0p1,103,1,subject103_client1,2365,1,sitting,682.57
0.1,alpha0p1,103,1,subject103_client1,2366,1,sitting,683.85
0.1,alpha0p1,103,1,subject103_client1,2367,1,sitting,685.13
0.1,alpha0p1,103,1,subject103_client1,2368,1,sitting,686.41
0.1,alpha0p1,103,1,subject103_client1,2369,1,sitting,687.69
0.1,alpha0p1,103,1,subject103_client1,2370,1,sitting,688.97
0.1,alpha0p1,103,1,subject103_client1,2371,1,sitting,690.25
0.1,alpha0p1,103,1,subject103_client1,2372,1,sitting,691.53
0.1,alpha0p1,103,1,subject103_client1,2373,1,sitting,692.81
0.1,alpha0p1,103,1,subject103_client1,2374,1,sitting,694.09
0.1,alpha0p1,103,1,subject103_client1,2375,1,sitting,695.37
0.1,alpha0p1,103,1,subject103_client1,2376,1,sitting,696.65
0.1,alpha0p1,103,1,subject103_client1,2377,1,sitting,697.93
0.1,alpha0p1,103,1,subject103_client1,2378,1,sitting,699.21
0.1,alpha0p1,103,1,subject103_client1,2379,1,sitting,700.49
0.1,alpha0p1,103,1,subject103_client1,2380,1,sitting,701.77
0.1,alpha0p1,103,1,subject103_client1,2381,1,sitting,703.05
0.1,alpha0p1,103,1,subject103_client1,2382,1,sitting,704.33
0.1,alpha0p1,103,1,subject103_client1,2383,1,sitting,705.61
0.1,alpha0p1,103,1,subject103_client1,2384,1,sitting,706.89
0.1,alpha0p1,103,1,subject103_client1,2385,1,sitting,708.17
0.1,alpha0p1,103,1,subject103_client1,2386,1,sitting,709.45
0.1,alpha0p1,103,1,subject103_client1,2387,1,sitting,710.73
0.1,alpha0p1,103,1,subject103_client1,2388,1,sitting,712.01
0.1,alpha0p1,103,1,subject103_client1,2389,1,sitting,713.29
0.1,alpha0p1,103,1,subject103_client1,2390,1,sitting,714.57
0.1,alpha0p1,103,1,subject103_client1,2391,1,sitting,715.85
0.1,alpha0p1,103,1,subject103_client1,2392,1,sitting,717.13
0.1,alpha0p1,103,1,subject103_client1,2393,1,sitting,718.41
0.1,alpha0p1,103,1,subject103_client1,2394,1,sitting,719.69
0.1,alpha0p1,103,1,subject103_client1,2395,1,sitting,720.97
0.1,alpha0p1,103,1,subject103_client1,2396,1,sitting,722.25
0.1,alpha0p1,103,1,subject103_client1,2397,1,sitting,723.53
0.1,alpha0p1,103,1,subject103_client1,2398,1,sitting,724.81
0.1,alpha0p1,103,1,subject103_client1,2399,1,sitting,726.09
0.1,alpha0p1,103,1,subject103_client1,2400,1,sitting,727.37
0.1,alpha0p1,103,1,subject103_client1,2401,1,sitting,728.65
0.1,alpha0p1,103,1,subject103_client1,2402,1,sitting,729.93
0.1,alpha0p1,103,1,subject103_client1,2403,1,sitting,731.21
0.1,alpha0p1,103,1,subject103_client1,2404,1,sitting,732.49
0.1,alpha0p1,103,1,subject103_client1,2405,1,sitting,733.77
0.1,alpha0p1,103,1,subject103_client1,2406,1,sitting,735.05
0.1,alpha0p1,103,1,subject103_client1,2407,1,sitting,736.33
0.1,alpha0p1,103,1,subject103_client1,2408,1,sitting,737.61
0.1,alpha0p1,103,1,subject103_client1,2409,1,sitting,738.89
0.1,alpha0p1,103,1,subject103_client1,2410,1,sitting,740.17
0.1,alpha0p1,103,1,subject103_client1,2411,1,sitting,741.45
0.1,alpha0p1,103,1,subject103_client1,2412,1,sitting,742.73
0.1,alpha0p1,103,1,subject103_client1,2413,1,sitting,744.01
0.1,alpha0p1,103,1,subject103_client1,2414,1,sitting,745.29
0.1,alpha0p1,103,1,subject103_client1,2415,1,sitting,746.57
0.1,alpha0p1,103,1,subject103_client1,2416,1,sitting,747.85
0.1,alpha0p1,103,1,subject103_client1,2417,1,sitting,749.13
0.1,alpha0p1,103,1,subject103_client1,2418,1,sitting,750.41
0.1,alpha0p1,103,1,subject103_client1,2419,1,sitting,751.69
0.1,alpha0p1,103,1,subject103_client1,2420,1,sitting,752.97
0.1,alpha0p1,103,1,subject103_client1,2421,1,sitting,754.25
0.1,alpha0p1,103,1,subject103_client1,2422,1,sitting,755.53
0.1,alpha0p1,103,1,subject103_client1,2423,1,sitting,756.81
0.1,alpha0p1,103,1,subject103_client1,2424,1,sitting,758.09
0.1,alpha0p1,103,1,subject103_client1,2425,1,sitting,759.37
0.1,alpha0p1,103,1,subject103_client1,2426,1,sitting,760.65
0.1,alpha0p1,103,1,subject103_client1,2427,1,sitting,761.93
0.1,alpha0p1,103,1,subject103_client1,2428,1,sitting,763.21
0.1,alpha0p1,103,1,subject103_client1,2429,1,sitting,764.49
0.1,alpha0p1,103,1,subject103_client1,2430,1,sitting,765.77
0.1,alpha0p1,103,3,subject103_client3,2431,2,standing,769.22
0.1,alpha0p1,103,3,subject103_client3,2432,2,standing,770.5
0.1,alpha0p1,103,3,subject103_client3,2433,2,standing,771.78
0.1,alpha0p1,103,3,subject103_client3,2434,2,standing,773.06
0.1,alpha0p1,103,3,subject103_client3,2435,2,standing,774.34
0.1,alpha0p1,103,3,subject103_client3,2436,2,standing,775.62
0.1,alpha0p1,103,3,subject103_client3,2437,2,standing,776.9
0.1,alpha0p1,103,3,subject103_client3,2438,2,standing,778.18
0.1,alpha0p1,103,3,subject103_client3,2439,2,standing,779.46
0.1,alpha0p1,103,3,subject103_client3,2440,2,standing,780.74
0.1,alpha0p1,103,3,subject103_client3,2441,2,standing,782.02
0.1,alpha0p1,103,3,subject103_client3,2442,2,standing,783.3
0.1,alpha0p1,103,3,subject103_client3,2443,2,standing,784.58
0.1,alpha0p1,103,3,subject103_client3,2444,2,standing,785.86
0.1,alpha0p1,103,3,subject103_client3,2445,2,standing,787.14
0.1,alpha0p1,103,3,subject103_client3,2446,2,standing,788.42
0.1,alpha0p1,103,3,subject103_client3,2447,2,standing,789.7
0.1,alpha0p1,103,3,subject103_client3,2448,2,standing,790.98
0.1,alpha0p1,103,3,subject103_client3,2449,2,standing,792.26
0.1,alpha0p1,103,3,subject103_client3,2450,2,standing,793.54
0.1,alpha0p1,103,3,subject103_client3,2451,2,standing,794.82
0.1,alpha0p1,103,3,subject103_client3,2452,2,standing,796.1
0.1,alpha0p1,103,3,subject103_client3,2453,2,standing,797.38
0.1,alpha0p1,103,3,subject103_client3,2454,2,standing,798.66
0.1,alpha0p1,103,3,subject103_client3,2455,2,standing,799.94
0.1,alpha0p1,103,3,subject103_client3,2456,2,standing,801.22
0.1,alpha0p1,103,3,subject103_client3,2457,2,standing,802.5
0.1,alpha0p1,103,3,subject103_client3,2458,2,standing,803.78
0.1,alpha0p1,103,3,subject103_client3,2459,2,standing,805.06
0.1,alpha0p1,103,3,subject103_client3,2460,2,standing,806.34
0.1,alpha0p1,103,3,subject103_client3,2461,2,standing,807.62
0.1,alpha0p1,103,3,subject103_client3,2462,2,standing,808.9
0.1,alpha0p1,103,3,subject103_client3,2463,2,standing,810.18
0.1,alpha0p1,103,3,subject103_client3,2464,2,standing,811.46
0.1,alpha0p1,103,3,subject103_client3,2465,2,standing,812.74
0.1,alpha0p1,103,3,subject103_client3,2466,2,standing,814.02
0.1,alpha0p1,103,3,subject103_client3,2467,2,standing,815.3
0.1,alpha0p1,103,3,subject103_client3,2468,2,standing,816.58
0.1,alpha0p1,103,3,subject103_client3,2469,2,standing,817.86
0.1,alpha0p1,103,3,subject103_client3,2470,2,standing,819.14
0.1,alpha0p1,103,3,subject103_client3,2471,2,standing,820.42
0.1,alpha0p1,103,3,subject103_client3,2472,2,standing,821.7
0.1,alpha0p1,103,3,subject103_client3,2473,2,standing,822.98
0.1,alpha0p1,103,3,subject103_client3,2474,2,standing,824.26
0.1,alpha0p1,103,3,subject103_client3,2475,2,standing,825.54
0.1,alpha0p1,103,3,subject103_client3,2476,2,standing,826.82
0.1,alpha0p1,103,3,subject103_client3,2477,2,standing,828.1
0.1,alpha0p1,103,3,subject103_client3,2478,2,standing,829.38
0.1,alpha0p1,103,3,subject103_client3,2479,2,standing,830.66
0.1,alpha0p1,103,3,subject103_client3,2480,2,standing,831.94
0.1,alpha0p1,103,3,subject103_client3,2481,2,standing,833.22
0.1,alpha0p1,103,3,subject103_client3,2482,2,standing,834.5
0.1,alpha0p1,103,3,subject103_client3,2483,2,standing,835.78
0.1,alpha0p1,103,3,subject103_client3,2484,2,standing,837.06
0.1,alpha0p1,103,3,subject103_client3,2485,2,standing,838.34
0.1,alpha0p1,103,3,subject103_client3,2486,2,standing,839.62
0.1,alpha0p1,103,3,subject103_client3,2487,2,standing,840.9
0.1,alpha0p1,103,3,subject103_client3,2488,2,standing,842.18
0.1,alpha0p1,103,3,subject103_client3,2489,2,standing,843.46
0.1,alpha0p1,103,3,subject103_client3,2490,2,standing,844.74
0.1,alpha0p1,103,3,subject103_client3,2491,2,standing,846.02
0.1,alpha0p1,103,3,subject103_client3,2492,2,standing,847.3
0.1,alpha0p1,103,3,subject103_client3,2493,2,standing,848.58
0.1,alpha0p1,103,3,subject103_client3,2494,2,standing,849.86
0.1,alpha0p1,103,3,subject103_client3,2495,2,standing,851.14
0.1,alpha0p1,103,3,subject103_client3,2496,2,standing,852.42
0.1,alpha0p1,103,3,subject103_client3,2497,2,standing,853.7
0.1,alpha0p1,103,3,subject103_client3,2498,2,standing,854.98
0.1,alpha0p1,103,3,subject103_client3,2499,2,standing,856.26
0.1,alpha0p1,103,3,subject103_client3,2500,2,standing,857.54
0.1,alpha0p1,103,3,subject103_client3,2501,2,standing,858.82
0.1,alpha0p1,103,3,subject103_client3,2502,2,standing,860.1
0.1,alpha0p1,103,3,subject103_client3,2503,2,standing,861.38
0.1,alpha0p1,103,3,subject103_client3,2504,2,standing,862.66
0.1,alpha0p1,103,3,subject103_client3,2505,2,standing,863.94
0.1,alpha0p1,103,3,subject103_client3,2506,2,standing,865.22
0.1,alpha0p1,103,3,subject103_client3,2507,2,standing,866.5
0.1,alpha0p1,103,3,subject103_client3,2508,2,standing,867.78
0.1,alpha0p1,103,3,subject103_client3,2509,2,standing,869.06
0.1,alpha0p1,103,3,subject103_client3,2510,2,standing,870.34
0.1,alpha0p1,103,3,subject103_client3,2511,2,standing,871.62
0.1,alpha0p1,103,3,subject103_client3,2512,2,standing,872.9
0.1,alpha0p1,103,3,subject103_client3,2513,2,standing,874.18
0.1,alpha0p1,103,3,subject103_client3,2514,2,standing,875.46
0.1,alpha0p1,103,3,subject103_client3,2515,2,standing,876.74
0.1,alpha0p1,103,3,subject103_client3,2516,2,standing,878.02
0.1,alpha0p1,103,3,subject103_client3,2517,2,standing,879.3
0.1,alpha0p1,103,3,subject103_client3,2518,2,standing,880.58
0.1,alpha0p1,103,3,subject103_client3,2519,2,standing,881.86
0.1,alpha0p1,103,3,subject103_client3,2520,2,standing,883.14
0.1,alpha0p1,103,3,subject103_client3,2521,2,standing,884.42
0.1,alpha0p1,103,3,subject103_client3,2522,2,standing,885.7
0.1,alpha0p1,103,3,subject103_client3,2523,2,standing,886.98
0.1,alpha0p1,103,3,subject103_client3,2524,2,standing,888.26
0.1,alpha0p1,103,3,subject103_client3,2525,2,standing,889.54
0.1,alpha0p1,103,3,subject103_client3,2526,2,standing,890.82
0.1,alpha0p1,103,3,subject103_client3,2527,2,standing,892.1
0.1,alpha0p1,103,3,subject103_client3,2528,2,standing,893.38
0.1,alpha0p1,103,3,subject103_client3,2529,2,standing,894.66
0.1,alpha0p1,103,3,subject103_client3,2530,2,standing,895.94
0.1,alpha0p1,103,3,subject103_client3,2531,2,standing,897.22
0.1,alpha0p1,103,3,subject103_client3,2532,2,standing,898.5
0.1,alpha0p1,103,3,subject103_client3,2533,2,standing,899.78
0.1,alpha0p1,103,3,subject103_client3,2534,2,standing,901.06
0.1,alpha0p1,103,3,subject103_client3,2535,2,standing,902.34
0.1,alpha0p1,103,3,subject103_client3,2536,2,standing,903.62
0.1,alpha0p1,103,3,subject103_client3,2537,2,standing,904.9
0.1,alpha0p1,103,3,subject103_client3,2538,2,standing,906.18
0.1,alpha0p1,103,3,subject103_client3,2539,2,standing,907.46
0.1,alpha0p1,103,3,subject103_client3,2540,2,standing,908.74
0.1,alpha0p1,103,3,subject103_client3,2541,2,standing,910.02
0.1,alpha0p1,103,3,subject103_client3,2542,2,standing,911.3
0.1,alpha0p1,103,3,subject103_client3,2543,2,standing,912.58
0.1,alpha0p1,103,3,subject103_client3,2544,2,standing,913.86
0.1,alpha0p1,103,3,subject103_client3,2545,2,standing,915.14
0.1,alpha0p1,103,3,subject103_client3,2546,2,standing,916.42
0.1,alpha0p1,103,3,subject103_client3,2547,2,standing,917.7
0.1,alpha0p1,103,3,subject103_client3,2548,2,standing,918.98
0.1,alpha0p1,103,3,subject103_client3,2549,2,standing,920.26
0.1,alpha0p1,103,3,subject103_client3,2550,2,standing,921.54
0.1,alpha0p1,103,3,subject103_client3,2551,2,standing,922.82
0.1,alpha0p1,103,3,subject103_client3,2552,2,standing,924.1
0.1,alpha0p1,103,3,subject103_client3,2553,2,standing,925.38
0.1,alpha0p1,103,3,subject103_client3,2554,2,standing,926.66
0.1,alpha0p1,103,3,subject103_client3,2555,2,standing,927.94
0.1,alpha0p1,103,3,subject103_client3,2556,2,standing,929.22
0.1,alpha0p1,103,3,subject103_client3,2557,2,standing,930.5
0.1,alpha0p1,103,3,subject103_client3,2558,2,standing,931.78
0.1,alpha0p1,103,3,subject103_client3,2559,2,standing,933.06
0.1,alpha0p1,103,3,subject103_client3,2560,2,standing,934.34
0.1,alpha0p1,103,3,subject103_client3,2561,2,standing,935.62
0.1,alpha0p1,103,3,subject103_client3,2562,2,standing,936.9
0.1,alpha0p1,103,3,subject103_client3,2563,2,standing,938.18
0.1,alpha0p1,103,3,subject103_client3,2564,2,standing,939.46
0.1,alpha0p1,103,3,subject103_client3,2565,2,standing,940.74
0.1,alpha0p1,103,3,subject103_client3,2566,2,standing,942.02
0.1,alpha0p1,103,3,subject103_client3,2567,2,standing,943.3
0.1,alpha0p1,103,3,subject103_client3,2568,2,standing,944.58
0.1,alpha0p1,103,3,subject103_client3,2569,2,standing,945.86
0.1,alpha0p1,103,3,subject103_client3,2570,2,standing,947.14
0.1,alpha0p1,103,3,subject103_client3,2571,2,standing,948.42
0.1,alpha0p1,103,3,subject103_client3,2572,2,standing,949.7
0.1,alpha0p1,103,3,subject103_client3,2573,2,standing,950.98
0.1,alpha0p1,103,3,subject103_client3,2574,2,standing,952.26
0.1,alpha0p1,103,3,subject103_client3,2575,2,standing,953.54
0.1,alpha0p1,103,3,subject103_client3,2576,2,standing,954.82
0.1,alpha0p1,103,3,subject103_client3,2577,2,standing,956.1
0.1,alpha0p1,103,3,subject103_client3,2578,2,standing,957.38
0.1,alpha0p1,103,3,subject103_client3,2579,2,standing,958.66
0.1,alpha0p1,103,3,subject103_client3,2580,2,standing,959.94
0.1,alpha0p1,103,3,subject103_client3,2581,2,standing,961.22
0.1,alpha0p1,103,3,subject103_client3,2582,2,standing,962.5
0.1,alpha0p1,103,3,subject103_client3,2583,2,standing,963.78
0.1,alpha0p1,103,3,subject103_client3,2584,2,standing,965.06
0.1,alpha0p1,103,3,subject103_client3,2585,2,standing,966.34
0.1,alpha0p1,103,3,subject103_client3,2586,2,standing,967.62
0.1,alpha0p1,103,3,subject103_client3,2587,2,standing,968.9
0.1,alpha0p1,103,3,subject103_client3,2588,2,standing,970.18
0.1,alpha0p1,103,3,subject103_client3,2589,2,standing,971.46
0.1,alpha0p1,103,0,subject103_client0,2590,10,ironing,974.55
0.1,alpha0p1,103,0,subject103_client0,2591,10,ironing,975.83
0.1,alpha0p1,103,0,subject103_client0,2592,10,ironing,977.11
0.1,alpha0p1,103,0,subject103_client0,2593,10,ironing,978.39
0.1,alpha0p1,103,0,subject103_client0,2594,10,ironing,979.67
0.1,alpha0p1,103,0,subject103_client0,2595,10,ironing,980.95
0.1,alpha0p1,103,0,subject103_client0,2596,10,ironing,982.23
0.1,alpha0p1,103,0,subject103_client0,2597,10,ironing,983.51
0.1,alpha0p1,103,0,subject103_client0,2598,10,ironing,984.79
0.1,alpha0p1,103,0,subject103_client0,2599,10,ironing,986.07
0.1,alpha0p1,103,0,subject103_client0,2600,10,ironing,987.35
0.1,alpha0p1,103,0,subject103_client0,2601,10,ironing,988.63
0.1,alpha0p1,103,0,subject103_client0,2602,10,ironing,989.91
0.1,alpha0p1,103,0,subject103_client0,2603,10,ironing,991.19
0.1,alpha0p1,103,0,subject103_client0,2604,10,ironing,992.47
0.1,alpha0p1,103,0,subject103_client0,2605,10,ironing,993.75
0.1,alpha0p1,103,0,subject103_client0,2606,10,ironing,995.03
0.1,alpha0p1,103,0,subject103_client0,2607,10,ironing,996.31
0.1,alpha0p1,103,0,subject103_client0,2608,10,ironing,997.59
0.1,alpha0p1,103,0,subject103_client0,2609,10,ironing,998.87
0.1,alpha0p1,103,0,subject103_client0,2610,10,ironing,1000.15
0.1,alpha0p1,103,0,subject103_client0,2611,10,ironing,1001.43
0.1,alpha0p1,103,0,subject103_client0,2612,10,ironing,1002.71
0.1,alpha0p1,103,0,subject103_client0,2613,10,ironing,1003.99
0.1,alpha0p1,103,0,subject103_client0,2614,10,ironing,1005.27
0.1,alpha0p1,103,0,subject103_client0,2615,10,ironing,1006.55
0.1,alpha0p1,103,0,subject103_client0,2616,10,ironing,1007.83
0.1,alpha0p1,103,0,subject103_client0,2617,10,ironing,1009.11
0.1,alpha0p1,103,0,subject103_client0,2618,10,ironing,1010.39
0.1,alpha0p1,103,0,subject103_client0,2619,10,ironing,1011.67
0.1,alpha0p1,103,0,subject103_client0,2620,10,ironing,1012.95
0.1,alpha0p1,103,0,subject103_client0,2621,10,ironing,1014.23
0.1,alpha0p1,103,0,subject103_client0,2622,10,ironing,1015.51
0.1,alpha0p1,103,0,subject103_client0,2623,10,ironing,1016.79
0.1,alpha0p1,103,0,subject103_client0,2624,10,ironing,1018.07
0.1,alpha0p1,103,0,subject103_client0,2625,10,ironing,1019.35
0.1,alpha0p1,103,0,subject103_client0,2626,10,ironing,1020.63
0.1,alpha0p1,103,0,subject103_client0,2627,10,ironing,1021.91
0.1,alpha0p1,103,0,subject103_client0,2628,10,ironing,1023.19
0.1,alpha0p1,103,0,subject103_client0,2629,10,ironing,1024.47
0.1,alpha0p1,103,0,subject103_client0,2630,10,ironing,1025.75
0.1,alpha0p1,103,0,subject103_client0,2631,10,ironing,1027.03
0.1,alpha0p1,103,0,subject103_client0,2632,10,ironing,1028.31
0.1,alpha0p1,103,0,subject103_client0,2633,10,ironing,1029.59
0.1,alpha0p1,103,0,subject103_client0,2634,10,ironing,1030.87
0.1,alpha0p1,103,0,subject103_client0,2635,10,ironing,1032.15
0.1,alpha0p1,103,0,subject103_client0,2636,10,ironing,1033.43
0.1,alpha0p1,103,0,subject103_client0,2637,10,ironing,1034.71
0.1,alpha0p1,103,0,subject103_client0,2638,10,ironing,1035.99
0.1,alpha0p1,103,0,subject103_client0,2639,10,ironing,1037.27
0.1,alpha0p1,103,0,subject103_client0,2640,10,ironing,1038.55
0.1,alpha0p1,103,0,subject103_client0,2641,10,ironing,1039.83
0.1,alpha0p1,103,0,subject103_client0,2642,10,ironing,1041.11
0.1,alpha0p1,103,0,subject103_client0,2643,10,ironing,1042.39
0.1,alpha0p1,103,0,subject103_client0,2644,10,ironing,1043.67
0.1,alpha0p1,103,0,subject103_client0,2645,10,ironing,1044.95
0.1,alpha0p1,103,0,subject103_client0,2646,10,ironing,1046.23
0.1,alpha0p1,103,0,subject103_client0,2647,10,ironing,1047.51
0.1,alpha0p1,103,0,subject103_client0,2648,10,ironing,1048.79
0.1,alpha0p1,103,0,subject103_client0,2649,10,ironing,1050.07
0.1,alpha0p1,103,0,subject103_client0,2650,10,ironing,1051.35
0.1,alpha0p1,103,0,subject103_client0,2651,10,ironing,1052.63
0.1,alpha0p1,103,0,subject103_client0,2652,10,ironing,1053.91
0.1,alpha0p1,103,0,subject103_client0,2653,10,ironing,1055.19
0.1,alpha0p1,103,0,subject103_client0,2654,10,ironing,1056.47
0.1,alpha0p1,103,0,subject103_client0,2655,10,ironing,1057.75
0.1,alpha0p1,103,0,subject103_client0,2656,10,ironing,1059.03
0.1,alpha0p1,103,0,subject103_client0,2657,10,ironing,1060.31
0.1,alpha0p1,103,0,subject103_client0,2658,10,ironing,1061.59
0.1,alpha0p1,103,0,subject103_client0,2659,10,ironing,1062.87
0.1,alpha0p1,103,0,subject103_client0,2660,10,ironing,1064.15
0.1,alpha0p1,103,0,subject103_client0,2661,10,ironing,1065.43
0.1,alpha0p1,103,0,subject103_client0,2662,10,ironing,1066.71
0.1,alpha0p1,103,0,subject103_client0,2663,10,ironing,1067.99
0.1,alpha0p1,103,0,subject103_client0,2664,10,ironing,1069.27
0.1,alpha0p1,103,0,subject103_client0,2665,10,ironing,1070.55
0.1,alpha0p1,103,0,subject103_client0,2666,10,ironing,1071.83
0.1,alpha0p1,103,0,subject103_client0,2667,10,ironing,1073.11
0.1,alpha0p1,103,0,subject103_client0,2668,10,ironing,1074.39
0.1,alpha0p1,103,0,subject103_client0,2669,10,ironing,1075.67
0.1,alpha0p1,103,0,subject103_client0,2670,10,ironing,1076.95
0.1,alpha0p1,103,0,subject103_client0,2671,10,ironing,1078.23
0.1,alpha0p1,103,0,subject103_client0,2672,10,ironing,1079.51
0.1,alpha0p1,103,0,subject103_client0,2673,10,ironing,1080.79
0.1,alpha0p1,103,0,subject103_client0,2674,10,ironing,1082.07
0.1,alpha0p1,103,0,subject103_client0,2675,10,ironing,1083.35
0.1,alpha0p1,103,0,subject103_client0,2676,10,ironing,1084.63
0.1,alpha0p1,103,0,subject103_client0,2677,10,ironing,1085.91
0.1,alpha0p1,103,0,subject103_client0,2678,10,ironing,1087.19
0.1,alpha0p1,103,0,subject103_client0,2679,10,ironing,1088.47
0.1,alpha0p1,103,0,subject103_client0,2680,10,ironing,1089.75
0.1,alpha0p1,103,0,subject103_client0,2681,10,ironing,1091.03
0.1,alpha0p1,103,0,subject103_client0,2682,10,ironing,1092.31
0.1,alpha0p1,103,0,subject103_client0,2683,10,ironing,1093.59
0.1,alpha0p1,103,0,subject103_client0,2684,10,ironing,1094.87
0.1,alpha0p1,103,0,subject103_client0,2685,10,ironing,1096.15
0.1,alpha0p1,103,0,subject103_client0,2686,10,ironing,1097.43
0.1,alpha0p1,103,0,subject103_client0,2687,10,ironing,1098.71
0.1,alpha0p1,103,0,subject103_client0,2688,10,ironing,1099.99
0.1,alpha0p1,103,0,subject103_client0,2689,10,ironing,1101.27
0.1,alpha0p1,103,0,subject103_client0,2690,10,ironing,1102.55
0.1,alpha0p1,103,0,subject103_client0,2691,10,ironing,1103.83
0.1,alpha0p1,103,0,subject103_client0,2692,10,ironing,1105.11
0.1,alpha0p1,103,0,subject103_client0,2693,10,ironing,1106.39
0.1,alpha0p1,103,0,subject103_client0,2694,10,ironing,1107.67
0.1,alpha0p1,103,0,subject103_client0,2695,10,ironing,1108.95
0.1,alpha0p1,103,0,subject103_client0,2696,10,ironing,1110.23
0.1,alpha0p1,103,0,subject103_client0,2697,10,ironing,1111.51
0.1,alpha0p1,103,0,subject103_client0,2698,10,ironing,1112.79
0.1,alpha0p1,103,0,subject103_client0,2699,10,ironing,1114.07
0.1,alpha0p1,103,0,subject103_client0,2700,10,ironing,1115.35
0.1,alpha0p1,103,0,subject103_client0,2701,10,ironing,1116.63
0.1,alpha0p1,103,0,subject103_client0,2702,10,ironing,1117.91
0.1,alpha0p1,103,0,subject103_client0,2703,10,ironing,1119.19
0.1,alpha0p1,103,0,subject103_client0,2704,10,ironing,1120.47
0.1,alpha0p1,103,0,subject103_client0,2705,10,ironing,1121.75
0.1,alpha0p1,103,0,subject103_client0,2706,10,ironing,1123.03
0.1,alpha0p1,103,0,subject103_client0,2707,10,ironing,1124.31
0.1,alpha0p1,103,0,subject103_client0,2708,10,ironing,1125.59
0.1,alpha0p1,103,0,subject103_client0,2709,10,ironing,1126.87
0.1,alpha0p1,103,0,subject103_client0,2710,10,ironing,1128.15
0.1,alpha0p1,103,0,subject103_client0,2711,10,ironing,1129.43
0.1,alpha0p1,103,0,subject103_client0,2712,10,ironing,1130.71
0.1,alpha0p1,103,0,subject103_client0,2713,10,ironing,1131.99
0.1,alpha0p1,103,0,subject103_client0,2714,10,ironing,1133.27
0.1,alpha0p1,103,0,subject103_client0,2715,10,ironing,1134.55
0.1,alpha0p1,103,0,subject103_client0,2716,10,ironing,1135.83
0.1,alpha0p1,103,0,subject103_client0,2717,10,ironing,1137.11
0.1,alpha0p1,103,0,subject103_client0,2718,10,ironing,1138.39
0.1,alpha0p1,103,0,subject103_client0,2719,10,ironing,1139.67
0.1,alpha0p1,103,0,subject103_client0,2720,10,ironing,1140.95
0.1,alpha0p1,103,0,subject103_client0,2721,10,ironing,1142.23
0.1,alpha0p1,103,0,subject103_client0,2722,10,ironing,1143.51
0.1,alpha0p1,103,0,subject103_client0,2723,10,ironing,1144.79
0.1,alpha0p1,103,0,subject103_client0,2724,10,ironing,1146.07
0.1,alpha0p1,103,0,subject103_client0,2725,10,ironing,1147.35
0.1,alpha0p1,103,0,subject103_client0,2726,10,ironing,1148.63
0.1,alpha0p1,103,0,subject103_client0,2727,10,ironing,1149.91
0.1,alpha0p1,103,0,subject103_client0,2728,10,ironing,1151.19
0.1,alpha0p1,103,0,subject103_client0,2729,10,ironing,1152.47
0.1,alpha0p1,103,0,subject103_client0,2730,10,ironing,1153.75
0.1,alpha0p1,103,0,subject103_client0,2731,10,ironing,1155.03
0.1,alpha0p1,103,0,subject103_client0,2732,10,ironing,1156.31
0.1,alpha0p1,103,0,subject103_client0,2733,10,ironing,1157.59
0.1,alpha0p1,103,0,subject103_client0,2734,10,ironing,1158.87
0.1,alpha0p1,103,0,subject103_client0,2735,10,ironing,1160.15
0.1,alpha0p1,103,0,subject103_client0,2736,10,ironing,1161.43
0.1,alpha0p1,103,0,subject103_client0,2737,10,ironing,1162.71
0.1,alpha0p1,103,0,subject103_client0,2738,10,ironing,1163.99
0.1,alpha0p1,103,0,subject103_client0,2739,10,ironing,1165.27
0.1,alpha0p1,103,0,subject103_client0,2740,10,ironing,1166.55
0.1,alpha0p1,103,0,subject103_client0,2741,10,ironing,1167.83
0.1,alpha0p1,103,0,subject103_client0,2742,10,ironing,1169.11
0.1,alpha0p1,103,0,subject103_client0,2743,10,ironing,1170.39
0.1,alpha0p1,103,0,subject103_client0,2744,10,ironing,1171.67
0.1,alpha0p1,103,0,subject103_client0,2745,10,ironing,1172.95
0.1,alpha0p1,103,0,subject103_client0,2746,10,ironing,1174.23
0.1,alpha0p1,103,0,subject103_client0,2747,10,ironing,1175.51
0.1,alpha0p1,103,0,subject103_client0,2748,10,ironing,1176.79
0.1,alpha0p1,103,0,subject103_client0,2749,10,ironing,1178.07
0.1,alpha0p1,103,0,subject103_client0,2750,10,ironing,1179.35
0.1,alpha0p1,103,0,subject103_client0,2751,10,ironing,1180.63
0.1,alpha0p1,103,0,subject103_client0,2752,10,ironing,1181.91
0.1,alpha0p1,103,0,subject103_client0,2753,10,ironing,1183.19
0.1,alpha0p1,103,0,subject103_client0,2754,10,ironing,1184.47
0.1,alpha0p1,103,0,subject103_client0,2755,10,ironing,1185.75
0.1,alpha0p1,103,0,subject103_client0,2756,10,ironing,1187.03
0.1,alpha0p1,103,0,subject103_client0,2757,10,ironing,1188.31
0.1,alpha0p1,103,0,subject103_client0,2758,10,ironing,1189.59
0.1,alpha0p1,103,0,subject103_client0,2759,10,ironing,1190.87
0.1,alpha0p1,103,0,subject103_client0,2760,10,ironing,1192.15
0.1,alpha0p1,103,0,subject103_client0,2761,10,ironing,1193.43
0.1,alpha0p1,103,0,subject103_client0,2762,10,ironing,1194.71
0.1,alpha0p1,103,0,subject103_client0,2763,10,ironing,1195.99
0.1,alpha0p1,103,0,subject103_client0,2764,10,ironing,1197.27
0.1,alpha0p1,103,0,subject103_client0,2765,10,ironing,1198.55
0.1,alpha0p1,103,0,subject103_client0,2766,10,ironing,1199.83
0.1,alpha0p1,103,0,subject103_client0,2767,10,ironing,1201.11
0.1,alpha0p1,103,0,subject103_client0,2768,10,ironing,1202.39
0.1,alpha0p1,103,0,subject103_client0,2769,10,ironing,1203.67
0.1,alpha0p1,103,0,subject103_client0,2770,10,ironing,1204.95
0.1,alpha0p1,103,0,subject103_client0,2771,10,ironing,1206.23
0.1,alpha0p1,103,0,subject103_client0,2772,10,ironing,1207.51
0.1,alpha0p1,103,0,subject103_client0,2773,10,ironing,1208.79
0.1,alpha0p1,103,0,subject103_client0,2774,10,ironing,1210.07
0.1,alpha0p1,103,0,subject103_client0,2775,10,ironing,1211.35
0.1,alpha0p1,103,0,subject103_client0,2776,10,ironing,1212.63
0.1,alpha0p1,103,0,subject103_client0,2777,10,ironing,1213.91
0.1,alpha0p1,103,0,subject103_client0,2778,10,ironing,1215.19
0.1,alpha0p1,103,0,subject103_client0,2779,10,ironing,1216.47
0.1,alpha0p1,103,0,subject103_client0,2780,10,ironing,1217.75
0.1,alpha0p1,103,0,subject103_client0,2781,10,ironing,1219.03
0.1,alpha0p1,103,0,subject103_client0,2782,10,ironing,1220.31
0.1,alpha0p1,103,0,subject103_client0,2783,10,ironing,1221.59
0.1,alpha0p1,103,0,subject103_client0,2784,10,ironing,1222.87
0.1,alpha0p1,103,0,subject103_client0,2785,10,ironing,1224.15
0.1,alpha0p1,103,0,subject103_client0,2786,10,ironing,1225.43
0.1,alpha0p1,103,0,subject103_client0,2787,10,ironing,1226.71
0.1,alpha0p1,103,0,subject103_client0,2788,10,ironing,1227.99
0.1,alpha0p1,103,0,subject103_client0,2789,10,ironing,1229.27
0.1,alpha0p1,103,0,subject103_client0,2790,10,ironing,1230.55
0.1,alpha0p1,103,0,subject103_client0,2791,10,ironing,1231.83
0.1,alpha0p1,103,0,subject103_client0,2792,10,ironing,1233.11
0.1,alpha0p1,103,0,subject103_client0,2793,10,ironing,1234.39
0.1,alpha0p1,103,0,subject103_client0,2794,10,ironing,1235.67
0.1,alpha0p1,103,0,subject103_client0,2795,10,ironing,1236.95
0.1,alpha0p1,103,0,subject103_client0,2796,10,ironing,1238.23
0.1,alpha0p1,103,0,subject103_client0,2797,10,ironing,1239.51
0.1,alpha0p1,103,0,subject103_client0,2798,10,ironing,1240.79
0.1,alpha0p1,103,0,subject103_client0,2799,10,ironing,1242.07
0.1,alpha0p1,103,0,subject103_client0,2800,10,ironing,1243.35
0.1,alpha0p1,103,0,subject103_client0,2801,10,ironing,1244.63
0.1,alpha0p1,103,0,subject103_client0,2802,10,ironing,1245.91
0.1,alpha0p1,103,0,subject103_client0,2803,10,ironing,1247.19
0.1,alpha0p1,103,0,subject103_client0,2804,10,ironing,1248.47
0.1,alpha0p1,103,0,subject103_client0,2805,10,ironing,1249.75
0.1,alpha0p1,103,1,subject103_client1,2807,9,vacuum cleaning,1303.02
0.1,alpha0p1,103,1,subject103_client1,2808,9,vacuum cleaning,1304.3
0.1,alpha0p1,103,1,subject103_client1,2809,9,vacuum cleaning,1305.58
0.1,alpha0p1,103,1,subject103_client1,2810,9,vacuum cleaning,1306.86
0.1,alpha0p1,103,1,subject103_client1,2811,9,vacuum cleaning,1308.14
0.1,alpha0p1,103,1,subject103_client1,2812,9,vacuum cleaning,1309.42
0.1,alpha0p1,103,1,subject103_client1,2813,9,vacuum cleaning,1310.7
0.1,alpha0p1,103,1,subject103_client1,2814,9,vacuum cleaning,1311.98
0.1,alpha0p1,103,1,subject103_client1,2815,9,vacuum cleaning,1313.26
0.1,alpha0p1,103,1,subject103_client1,2816,9,vacuum cleaning,1314.54
0.1,alpha0p1,103,1,subject103_client1,2817,9,vacuum cleaning,1315.82
0.1,alpha0p1,103,1,subject103_client1,2818,9,vacuum cleaning,1317.1
0.1,alpha0p1,103,1,subject103_client1,2819,9,vacuum cleaning,1318.38
0.1,alpha0p1,103,1,subject103_client1,2820,9,vacuum cleaning,1319.66
0.1,alpha0p1,103,1,subject103_client1,2821,9,vacuum cleaning,1320.94
0.1,alpha0p1,103,1,subject103_client1,2822,9,vacuum cleaning,1322.22
0.1,alpha0p1,103,1,subject103_client1,2823,9,vacuum cleaning,1323.5
0.1,alpha0p1,103,1,subject103_client1,2824,9,vacuum cleaning,1324.78
0.1,alpha0p1,103,1,subject103_client1,2825,9,vacuum cleaning,1326.06
0.1,alpha0p1,103,1,subject103_client1,2826,9,vacuum cleaning,1327.34
0.1,alpha0p1,103,1,subject103_client1,2827,9,vacuum cleaning,1328.62
0.1,alpha0p1,103,1,subject103_client1,2828,9,vacuum cleaning,1329.9
0.1,alpha0p1,103,1,subject103_client1,2829,9,vacuum cleaning,1331.18
0.1,alpha0p1,103,2,subject103_client2,2831,9,vacuum cleaning,1333.74
0.1,alpha0p1,103,0,subject103_client0,2833,9,vacuum cleaning,1336.3
0.1,alpha0p1,103,0,subject103_client0,2834,9,vacuum cleaning,1337.58
0.1,alpha0p1,103,0,subject103_client0,2835,9,vacuum cleaning,1338.86
0.1,alpha0p1,103,0,subject103_client0,2836,9,vacuum cleaning,1340.14
0.1,alpha0p1,103,0,subject103_client0,2837,9,vacuum cleaning,1341.42
0.1,alpha0p1,103,0,subject103_client0,2838,9,vacuum cleaning,1342.7
0.1,alpha0p1,103,0,subject103_client0,2839,9,vacuum cleaning,1343.98
0.1,alpha0p1,103,0,subject103_client0,2840,9,vacuum cleaning,1345.26
0.1,alpha0p1,103,0,subject103_client0,2841,9,vacuum cleaning,1346.54
0.1,alpha0p1,103,0,subject103_client0,2842,9,vacuum cleaning,1347.82
0.1,alpha0p1,103,0,subject103_client0,2843,9,vacuum cleaning,1349.1
0.1,alpha0p1,103,0,subject103_client0,2844,9,vacuum cleaning,1350.38
0.1,alpha0p1,103,0,subject103_client0,2845,9,vacuum cleaning,1351.66
0.1,alpha0p1,103,0,subject103_client0,2846,9,vacuum cleaning,1352.94
0.1,alpha0p1,103,0,subject103_client0,2847,9,vacuum cleaning,1354.22
0.1,alpha0p1,103,0,subject103_client0,2848,9,vacuum cleaning,1355.5
0.1,alpha0p1,103,0,subject103_client0,2849,9,vacuum cleaning,1356.78
0.1,alpha0p1,103,0,subject103_client0,2850,9,vacuum cleaning,1358.06
0.1,alpha0p1,103,0,subject103_client0,2851,9,vacuum cleaning,1359.34
0.1,alpha0p1,103,0,subject103_client0,2852,9,vacuum cleaning,1360.62
0.1,alpha0p1,103,0,subject103_client0,2853,9,vacuum cleaning,1361.9
0.1,alpha0p1,103,0,subject103_client0,2854,9,vacuum cleaning,1363.18
0.1,alpha0p1,103,0,subject103_client0,2855,9,vacuum cleaning,1364.46
0.1,alpha0p1,103,0,subject103_client0,2856,9,vacuum cleaning,1365.74
0.1,alpha0p1,103,0,subject103_client0,2857,9,vacuum cleaning,1367.02
0.1,alpha0p1,103,0,subject103_client0,2858,9,vacuum cleaning,1368.3
0.1,alpha0p1,103,0,subject103_client0,2859,9,vacuum cleaning,1369.58
0.1,alpha0p1,103,0,subject103_client0,2860,9,vacuum cleaning,1370.86
0.1,alpha0p1,103,0,subject103_client0,2861,9,vacuum cleaning,1372.14
0.1,alpha0p1,103,0,subject103_client0,2862,9,vacuum cleaning,1373.42
0.1,alpha0p1,103,0,subject103_client0,2863,9,vacuum cleaning,1374.7
0.1,alpha0p1,103,0,subject103_client0,2864,9,vacuum cleaning,1375.98
0.1,alpha0p1,103,0,subject103_client0,2865,9,vacuum cleaning,1377.26
0.1,alpha0p1,103,0,subject103_client0,2866,9,vacuum cleaning,1378.54
0.1,alpha0p1,103,0,subject103_client0,2867,9,vacuum cleaning,1379.82
0.1,alpha0p1,103,0,subject103_client0,2868,9,vacuum cleaning,1381.1
0.1,alpha0p1,103,0,subject103_client0,2869,9,vacuum cleaning,1382.38
0.1,alpha0p1,103,0,subject103_client0,2870,9,vacuum cleaning,1383.66
0.1,alpha0p1,103,0,subject103_client0,2871,9,vacuum cleaning,1384.94
0.1,alpha0p1,103,0,subject103_client0,2872,9,vacuum cleaning,1386.22
0.1,alpha0p1,103,0,subject103_client0,2873,9,vacuum cleaning,1387.5
0.1,alpha0p1,103,0,subject103_client0,2874,9,vacuum cleaning,1388.78
0.1,alpha0p1,103,0,subject103_client0,2875,9,vacuum cleaning,1390.06
0.1,alpha0p1,103,0,subject103_client0,2876,9,vacuum cleaning,1391.34
0.1,alpha0p1,103,0,subject103_client0,2877,9,vacuum cleaning,1392.62
0.1,alpha0p1,103,0,subject103_client0,2878,9,vacuum cleaning,1393.9
0.1,alpha0p1,103,0,subject103_client0,2879,9,vacuum cleaning,1395.18
0.1,alpha0p1,103,0,subject103_client0,2880,9,vacuum cleaning,1396.46
0.1,alpha0p1,103,0,subject103_client0,2881,9,vacuum cleaning,1397.74
0.1,alpha0p1,103,0,subject103_client0,2882,9,vacuum cleaning,1399.02
0.1,alpha0p1,103,0,subject103_client0,2883,9,vacuum cleaning,1400.3
0.1,alpha0p1,103,0,subject103_client0,2884,9,vacuum cleaning,1401.58
0.1,alpha0p1,103,0,subject103_client0,2885,9,vacuum cleaning,1402.86
0.1,alpha0p1,103,0,subject103_client0,2886,9,vacuum cleaning,1404.14
0.1,alpha0p1,103,0,subject103_client0,2887,9,vacuum cleaning,1405.42
0.1,alpha0p1,103,0,subject103_client0,2888,9,vacuum cleaning,1406.7
0.1,alpha0p1,103,0,subject103_client0,2889,9,vacuum cleaning,1407.98
0.1,alpha0p1,103,0,subject103_client0,2890,9,vacuum cleaning,1409.26
0.1,alpha0p1,103,0,subject103_client0,2891,9,vacuum cleaning,1410.54
0.1,alpha0p1,103,0,subject103_client0,2892,9,vacuum cleaning,1411.82
0.1,alpha0p1,103,0,subject103_client0,2893,9,vacuum cleaning,1413.1
0.1,alpha0p1,103,0,subject103_client0,2894,9,vacuum cleaning,1414.38
0.1,alpha0p1,103,0,subject103_client0,2895,9,vacuum cleaning,1415.66
0.1,alpha0p1,103,0,subject103_client0,2896,9,vacuum cleaning,1416.94
0.1,alpha0p1,103,0,subject103_client0,2897,9,vacuum cleaning,1418.22
0.1,alpha0p1,103,0,subject103_client0,2898,9,vacuum cleaning,1419.5
0.1,alpha0p1,103,0,subject103_client0,2899,9,vacuum cleaning,1420.78
0.1,alpha0p1,103,0,subject103_client0,2900,9,vacuum cleaning,1422.06
0.1,alpha0p1,103,0,subject103_client0,2901,9,vacuum cleaning,1423.34
0.1,alpha0p1,103,0,subject103_client0,2902,9,vacuum cleaning,1424.62
0.1,alpha0p1,103,0,subject103_client0,2903,9,vacuum cleaning,1425.9
0.1,alpha0p1,103,0,subject103_client0,2904,9,vacuum cleaning,1427.18
0.1,alpha0p1,103,0,subject103_client0,2905,9,vacuum cleaning,1428.46
0.1,alpha0p1,103,0,subject103_client0,2906,9,vacuum cleaning,1429.74
0.1,alpha0p1,103,0,subject103_client0,2907,9,vacuum cleaning,1431.02
0.1,alpha0p1,103,0,subject103_client0,2908,9,vacuum cleaning,1432.3
0.1,alpha0p1,103,0,subject103_client0,2909,9,vacuum cleaning,1433.58
0.1,alpha0p1,103,0,subject103_client0,2910,9,vacuum cleaning,1434.86
0.1,alpha0p1,103,0,subject103_client0,2911,9,vacuum cleaning,1436.14
0.1,alpha0p1,103,0,subject103_client0,2912,9,vacuum cleaning,1437.42
0.1,alpha0p1,103,0,subject103_client0,2913,9,vacuum cleaning,1438.7
0.1,alpha0p1,103,0,subject103_client0,2914,9,vacuum cleaning,1439.98
0.1,alpha0p1,103,0,subject103_client0,2915,9,vacuum cleaning,1441.26
0.1,alpha0p1,103,0,subject103_client0,2916,9,vacuum cleaning,1442.54
0.1,alpha0p1,103,0,subject103_client0,2917,9,vacuum cleaning,1443.82
0.1,alpha0p1,103,0,subject103_client0,2918,9,vacuum cleaning,1445.1
0.1,alpha0p1,103,0,subject103_client0,2919,9,vacuum cleaning,1446.38
0.1,alpha0p1,103,0,subject103_client0,2920,9,vacuum cleaning,1447.66
0.1,alpha0p1,103,0,subject103_client0,2921,9,vacuum cleaning,1448.94
0.1,alpha0p1,103,0,subject103_client0,2922,9,vacuum cleaning,1450.22
0.1,alpha0p1,103,0,subject103_client0,2923,9,vacuum cleaning,1451.5
0.1,alpha0p1,103,0,subject103_client0,2924,9,vacuum cleaning,1452.78
0.1,alpha0p1,103,0,subject103_client0,2925,9,vacuum cleaning,1454.06
0.1,alpha0p1,103,0,subject103_client0,2926,9,vacuum cleaning,1455.34
0.1,alpha0p1,103,0,subject103_client0,2927,9,vacuum cleaning,1456.62
0.1,alpha0p1,103,0,subject103_client0,2928,9,vacuum cleaning,1457.9
0.1,alpha0p1,103,0,subject103_client0,2929,9,vacuum cleaning,1459.18
0.1,alpha0p1,103,0,subject103_client0,2930,9,vacuum cleaning,1460.46
0.1,alpha0p1,103,0,subject103_client0,2931,9,vacuum cleaning,1461.74
0.1,alpha0p1,103,0,subject103_client0,2932,9,vacuum cleaning,1463.02
0.1,alpha0p1,103,0,subject103_client0,2933,9,vacuum cleaning,1464.3
0.1,alpha0p1,103,0,subject103_client0,2934,9,vacuum cleaning,1465.58
0.1,alpha0p1,103,0,subject103_client0,2935,9,vacuum cleaning,1466.86
0.1,alpha0p1,103,0,subject103_client0,2936,9,vacuum cleaning,1468.14
0.1,alpha0p1,103,0,subject103_client0,2937,9,vacuum cleaning,1469.42
0.1,alpha0p1,103,0,subject103_client0,2938,9,vacuum cleaning,1470.7
0.1,alpha0p1,103,0,subject103_client0,2939,9,vacuum cleaning,1471.98
0.1,alpha0p1,103,0,subject103_client0,2940,9,vacuum cleaning,1473.26
0.1,alpha0p1,103,0,subject103_client0,2941,9,vacuum cleaning,1474.54
0.1,alpha0p1,103,0,subject103_client0,2942,9,vacuum cleaning,1475.82
0.1,alpha0p1,103,0,subject103_client0,2943,9,vacuum cleaning,1477.1
0.1,alpha0p1,103,0,subject103_client0,2944,9,vacuum cleaning,1478.38
0.1,alpha0p1,103,0,subject103_client0,2945,9,vacuum cleaning,1479.66
0.1,alpha0p1,103,0,subject103_client0,2946,9,vacuum cleaning,1480.94
0.1,alpha0p1,103,0,subject103_client0,2947,9,vacuum cleaning,1482.22
0.1,alpha0p1,103,0,subject103_client0,2948,9,vacuum cleaning,1483.5
0.1,alpha0p1,103,0,subject103_client0,2949,9,vacuum cleaning,1484.78
0.1,alpha0p1,103,0,subject103_client0,2950,9,vacuum cleaning,1486.06
0.1,alpha0p1,103,0,subject103_client0,2951,9,vacuum cleaning,1487.34
0.1,alpha0p1,103,0,subject103_client0,2952,9,vacuum cleaning,1488.62
0.1,alpha0p1,103,0,subject103_client0,2953,9,vacuum cleaning,1489.9
0.1,alpha0p1,103,0,subject103_client0,2954,9,vacuum cleaning,1491.18
0.1,alpha0p1,103,0,subject103_client0,2955,9,vacuum cleaning,1492.46
0.1,alpha0p1,103,0,subject103_client0,2956,9,vacuum cleaning,1493.74
0.1,alpha0p1,103,0,subject103_client0,2957,9,vacuum cleaning,1495.02
0.1,alpha0p1,103,0,subject103_client0,2958,9,vacuum cleaning,1496.3
0.1,alpha0p1,103,0,subject103_client0,2959,9,vacuum cleaning,1497.58
0.1,alpha0p1,103,0,subject103_client0,2960,9,vacuum cleaning,1498.86
0.1,alpha0p1,103,0,subject103_client0,2961,9,vacuum cleaning,1500.14
0.1,alpha0p1,103,0,subject103_client0,2962,9,vacuum cleaning,1501.42
0.1,alpha0p1,103,0,subject103_client0,2963,9,vacuum cleaning,1502.7
0.1,alpha0p1,103,2,subject103_client2,2964,8,descending stairs,1641.09
0.1,alpha0p1,103,2,subject103_client2,2965,8,descending stairs,1642.37
0.1,alpha0p1,103,2,subject103_client2,2966,8,descending stairs,1643.65
0.1,alpha0p1,103,2,subject103_client2,2967,8,descending stairs,1644.93
0.1,alpha0p1,103,2,subject103_client2,2968,8,descending stairs,1646.21
0.1,alpha0p1,103,2,subject103_client2,2969,8,descending stairs,1647.49
0.1,alpha0p1,103,2,subject103_client2,2970,8,descending stairs,1648.77
0.1,alpha0p1,103,2,subject103_client2,2971,8,descending stairs,1650.05
0.1,alpha0p1,103,2,subject103_client2,2972,8,descending stairs,1651.33
0.1,alpha0p1,103,2,subject103_client2,2973,8,descending stairs,1652.61
0.1,alpha0p1,103,2,subject103_client2,2974,8,descending stairs,1653.89
0.1,alpha0p1,103,2,subject103_client2,2975,8,descending stairs,1655.17
0.1,alpha0p1,103,2,subject103_client2,2976,8,descending stairs,1656.45
0.1,alpha0p1,103,2,subject103_client2,2977,8,descending stairs,1657.73
0.1,alpha0p1,103,2,subject103_client2,2978,8,descending stairs,1659.01
0.1,alpha0p1,103,2,subject103_client2,2979,8,descending stairs,1660.29
0.1,alpha0p1,103,2,subject103_client2,2980,8,descending stairs,1661.57
0.1,alpha0p1,103,2,subject103_client2,2981,8,descending stairs,1662.85
0.1,alpha0p1,103,2,subject103_client2,2982,8,descending stairs,1664.13
0.1,alpha0p1,103,2,subject103_client2,2983,8,descending stairs,1665.41
0.1,alpha0p1,103,2,subject103_client2,2984,8,descending stairs,1666.69
0.1,alpha0p1,103,2,subject103_client2,2985,8,descending stairs,1667.97
0.1,alpha0p1,103,2,subject103_client2,2986,8,descending stairs,1669.25
0.1,alpha0p1,103,2,subject103_client2,2987,8,descending stairs,1670.53
0.1,alpha0p1,103,2,subject103_client2,2988,8,descending stairs,1671.81
0.1,alpha0p1,103,2,subject103_client2,2989,8,descending stairs,1673.09
0.1,alpha0p1,103,2,subject103_client2,2990,8,descending stairs,1674.37
0.1,alpha0p1,103,2,subject103_client2,2991,8,descending stairs,1675.65
0.1,alpha0p1,103,2,subject103_client2,2992,8,descending stairs,1676.93
0.1,alpha0p1,103,2,subject103_client2,2993,8,descending stairs,1678.21
0.1,alpha0p1,103,2,subject103_client2,2994,8,descending stairs,1679.49
0.1,alpha0p1,103,2,subject103_client2,2995,8,descending stairs,1680.77
0.1,alpha0p1,103,2,subject103_client2,2996,8,descending stairs,1682.05
0.1,alpha0p1,103,2,subject103_client2,2997,8,descending stairs,1683.33
0.1,alpha0p1,103,2,subject103_client2,2998,8,descending stairs,1684.61
0.1,alpha0p1,103,2,subject103_client2,2999,8,descending stairs,1685.89
0.1,alpha0p1,103,3,subject103_client3,3001,8,descending stairs,1688.45
0.1,alpha0p1,103,3,subject103_client3,3002,8,descending stairs,1689.73
0.1,alpha0p1,103,3,subject103_client3,3003,8,descending stairs,1691.01
0.1,alpha0p1,103,3,subject103_client3,3004,8,descending stairs,1692.29
0.1,alpha0p1,103,3,subject103_client3,3005,8,descending stairs,1693.57
0.1,alpha0p1,103,3,subject103_client3,3006,8,descending stairs,1694.85
0.1,alpha0p1,103,3,subject103_client3,3007,8,descending stairs,1696.13
0.1,alpha0p1,103,0,subject103_client0,3008,7,ascending stairs,1709.6
0.1,alpha0p1,103,0,subject103_client0,3009,7,ascending stairs,1710.88
0.1,alpha0p1,103,0,subject103_client0,3010,7,ascending stairs,1712.16
0.1,alpha0p1,103,0,subject103_client0,3011,7,ascending stairs,1713.44
0.1,alpha0p1,103,0,subject103_client0,3012,7,ascending stairs,1714.72
0.1,alpha0p1,103,0,subject103_client0,3013,7,ascending stairs,1716.0
0.1,alpha0p1,103,0,subject103_client0,3014,7,ascending stairs,1717.28
0.1,alpha0p1,103,0,subject103_client0,3015,7,ascending stairs,1718.56
0.1,alpha0p1,103,0,subject103_client0,3016,7,ascending stairs,1719.84
0.1,alpha0p1,103,0,subject103_client0,3017,7,ascending stairs,1721.12
0.1,alpha0p1,103,0,subject103_client0,3018,7,ascending stairs,1722.4
0.1,alpha0p1,103,0,subject103_client0,3019,7,ascending stairs,1723.68
0.1,alpha0p1,103,0,subject103_client0,3020,7,ascending stairs,1724.96
0.1,alpha0p1,103,0,subject103_client0,3021,7,ascending stairs,1726.24
0.1,alpha0p1,103,0,subject103_client0,3022,7,ascending stairs,1727.52
0.1,alpha0p1,103,0,subject103_client0,3023,7,ascending stairs,1728.8
0.1,alpha0p1,103,0,subject103_client0,3024,7,ascending stairs,1730.08
0.1,alpha0p1,103,0,subject103_client0,3025,7,ascending stairs,1731.36
0.1,alpha0p1,103,0,subject103_client0,3026,7,ascending stairs,1732.64
0.1,alpha0p1,103,0,subject103_client0,3027,7,ascending stairs,1733.92
0.1,alpha0p1,103,0,subject103_client0,3028,7,ascending stairs,1735.2
0.1,alpha0p1,103,0,subject103_client0,3029,7,ascending stairs,1736.48
0.1,alpha0p1,103,0,subject103_client0,3030,7,ascending stairs,1737.76
0.1,alpha0p1,103,0,subject103_client0,3031,7,ascending stairs,1739.04
0.1,alpha0p1,103,0,subject103_client0,3032,7,ascending stairs,1740.32
0.1,alpha0p1,103,0,subject103_client0,3033,7,ascending stairs,1741.6
0.1,alpha0p1,103,0,subject103_client0,3034,7,ascending stairs,1742.88
0.1,alpha0p1,103,0,subject103_client0,3035,7,ascending stairs,1744.16
0.1,alpha0p1,103,0,subject103_client0,3036,7,ascending stairs,1745.44
0.1,alpha0p1,103,0,subject103_client0,3037,7,ascending stairs,1746.72
0.1,alpha0p1,103,0,subject103_client0,3038,7,ascending stairs,1748.0
0.1,alpha0p1,103,0,subject103_client0,3039,7,ascending stairs,1749.28
0.1,alpha0p1,103,0,subject103_client0,3040,7,ascending stairs,1750.56
0.1,alpha0p1,103,0,subject103_client0,3041,7,ascending stairs,1751.84
0.1,alpha0p1,103,0,subject103_client0,3042,7,ascending stairs,1753.12
0.1,alpha0p1,103,0,subject103_client0,3043,7,ascending stairs,1754.4
0.1,alpha0p1,103,0,subject103_client0,3044,7,ascending stairs,1755.68
0.1,alpha0p1,103,0,subject103_client0,3045,7,ascending stairs,1756.96
0.1,alpha0p1,103,0,subject103_client0,3046,7,ascending stairs,1758.24
0.1,alpha0p1,103,0,subject103_client0,3047,7,ascending stairs,1759.52
0.1,alpha0p1,103,0,subject103_client0,3048,7,ascending stairs,1760.8
0.1,alpha0p1,103,3,subject103_client3,3049,8,descending stairs,1765.23
0.1,alpha0p1,103,3,subject103_client3,3050,8,descending stairs,1766.51
0.1,alpha0p1,103,3,subject103_client3,3051,8,descending stairs,1767.79
0.1,alpha0p1,103,3,subject103_client3,3052,8,descending stairs,1769.07
0.1,alpha0p1,103,3,subject103_client3,3053,8,descending stairs,1770.35
0.1,alpha0p1,103,3,subject103_client3,3054,8,descending stairs,1771.63
0.1,alpha0p1,103,3,subject103_client3,3055,8,descending stairs,1772.91
0.1,alpha0p1,103,3,subject103_client3,3056,8,descending stairs,1774.19
0.1,alpha0p1,103,3,subject103_client3,3057,8,descending stairs,1775.47
0.1,alpha0p1,103,3,subject103_client3,3058,8,descending stairs,1776.75
0.1,alpha0p1,103,3,subject103_client3,3059,8,descending stairs,1778.03
0.1,alpha0p1,103,3,subject103_client3,3060,8,descending stairs,1779.31
0.1,alpha0p1,103,3,subject103_client3,3061,8,descending stairs,1780.59
0.1,alpha0p1,103,3,subject103_client3,3062,8,descending stairs,1781.87
0.1,alpha0p1,103,3,subject103_client3,3063,8,descending stairs,1783.15
0.1,alpha0p1,103,3,subject103_client3,3064,8,descending stairs,1784.43
0.1,alpha0p1,103,3,subject103_client3,3065,8,descending stairs,1785.71
0.1,alpha0p1,103,3,subject103_client3,3066,8,descending stairs,1786.99
0.1,alpha0p1,103,3,subject103_client3,3067,8,descending stairs,1788.27
0.1,alpha0p1,103,3,subject103_client3,3068,8,descending stairs,1789.55
0.1,alpha0p1,103,3,subject103_client3,3069,8,descending stairs,1790.83
0.1,alpha0p1,103,3,subject103_client3,3070,8,descending stairs,1792.11
0.1,alpha0p1,103,3,subject103_client3,3071,8,descending stairs,1793.39
0.1,alpha0p1,103,3,subject103_client3,3072,8,descending stairs,1794.67
0.1,alpha0p1,103,3,subject103_client3,3073,8,descending stairs,1795.95
0.1,alpha0p1,103,3,subject103_client3,3074,8,descending stairs,1797.23
0.1,alpha0p1,103,3,subject103_client3,3075,8,descending stairs,1798.51
0.1,alpha0p1,103,3,subject103_client3,3076,8,descending stairs,1799.79
0.1,alpha0p1,103,3,subject103_client3,3077,8,descending stairs,1801.07
0.1,alpha0p1,103,3,subject103_client3,3078,8,descending stairs,1802.35
0.1,alpha0p1,103,3,subject103_client3,3079,8,descending stairs,1803.63
0.1,alpha0p1,103,3,subject103_client3,3080,8,descending stairs,1804.91
0.1,alpha0p1,103,3,subject103_client3,3081,8,descending stairs,1806.19
0.1,alpha0p1,103,3,subject103_client3,3082,8,descending stairs,1807.47
0.1,alpha0p1,103,3,subject103_client3,3083,8,descending stairs,1808.75
0.1,alpha0p1,103,3,subject103_client3,3084,8,descending stairs,1810.03
0.1,alpha0p1,103,0,subject103_client0,3085,7,ascending stairs,1853.7
0.1,alpha0p1,103,0,subject103_client0,3086,7,ascending stairs,1854.98
0.1,alpha0p1,103,0,subject103_client0,3087,7,ascending stairs,1856.26
0.1,alpha0p1,103,0,subject103_client0,3088,7,ascending stairs,1857.54
0.1,alpha0p1,103,0,subject103_client0,3089,7,ascending stairs,1858.82
0.1,alpha0p1,103,0,subject103_client0,3090,7,ascending stairs,1860.1
0.1,alpha0p1,103,0,subject103_client0,3091,7,ascending stairs,1861.38
0.1,alpha0p1,103,0,subject103_client0,3092,7,ascending stairs,1862.66
0.1,alpha0p1,103,0,subject103_client0,3093,7,ascending stairs,1863.94
0.1,alpha0p1,103,0,subject103_client0,3094,7,ascending stairs,1865.22
0.1,alpha0p1,103,0,subject103_client0,3095,7,ascending stairs,1866.5
0.1,alpha0p1,103,0,subject103_client0,3096,7,ascending stairs,1867.78
0.1,alpha0p1,103,0,subject103_client0,3097,7,ascending stairs,1869.06
0.1,alpha0p1,103,0,subject103_client0,3098,7,ascending stairs,1870.34
0.1,alpha0p1,103,0,subject103_client0,3099,7,ascending stairs,1871.62
0.1,alpha0p1,103,0,subject103_client0,3100,7,ascending stairs,1872.9
0.1,alpha0p1,103,0,subject103_client0,3101,7,ascending stairs,1874.18
0.1,alpha0p1,103,0,subject103_client0,3102,7,ascending stairs,1875.46
0.1,alpha0p1,103,0,subject103_client0,3103,7,ascending stairs,1876.74
0.1,alpha0p1,103,0,subject103_client0,3104,7,ascending stairs,1878.02
0.1,alpha0p1,103,0,subject103_client0,3105,7,ascending stairs,1879.3
0.1,alpha0p1,103,0,subject103_client0,3106,7,ascending stairs,1880.58
0.1,alpha0p1,103,0,subject103_client0,3107,7,ascending stairs,1881.86
0.1,alpha0p1,103,0,subject103_client0,3108,7,ascending stairs,1883.14
0.1,alpha0p1,103,0,subject103_client0,3109,7,ascending stairs,1884.42
0.1,alpha0p1,103,0,subject103_client0,3110,7,ascending stairs,1885.7
0.1,alpha0p1,103,0,subject103_client0,3111,7,ascending stairs,1886.98
0.1,alpha0p1,103,0,subject103_client0,3112,7,ascending stairs,1888.26
0.1,alpha0p1,103,0,subject103_client0,3113,7,ascending stairs,1889.54
0.1,alpha0p1,103,0,subject103_client0,3114,7,ascending stairs,1890.82
0.1,alpha0p1,103,0,subject103_client0,3115,7,ascending stairs,1892.1
0.1,alpha0p1,103,0,subject103_client0,3116,7,ascending stairs,1893.38
0.1,alpha0p1,103,0,subject103_client0,3117,7,ascending stairs,1894.66
0.1,alpha0p1,103,0,subject103_client0,3118,7,ascending stairs,1895.94
0.1,alpha0p1,103,0,subject103_client0,3119,7,ascending stairs,1897.22
0.1,alpha0p1,103,0,subject103_client0,3120,7,ascending stairs,1898.5
0.1,alpha0p1,103,0,subject103_client0,3121,7,ascending stairs,1899.78
0.1,alpha0p1,103,3,subject103_client3,3122,8,descending stairs,1903.24
0.1,alpha0p1,103,3,subject103_client3,3123,8,descending stairs,1904.52
0.1,alpha0p1,103,3,subject103_client3,3124,8,descending stairs,1905.8
0.1,alpha0p1,103,3,subject103_client3,3125,8,descending stairs,1907.08
0.1,alpha0p1,103,3,subject103_client3,3126,8,descending stairs,1908.36
0.1,alpha0p1,103,3,subject103_client3,3127,8,descending stairs,1909.64
0.1,alpha0p1,103,3,subject103_client3,3128,8,descending stairs,1910.92
0.1,alpha0p1,103,3,subject103_client3,3129,8,descending stairs,1912.2
0.1,alpha0p1,103,3,subject103_client3,3130,8,descending stairs,1913.48
0.1,alpha0p1,103,3,subject103_client3,3131,8,descending stairs,1914.76
0.1,alpha0p1,103,3,subject103_client3,3132,8,descending stairs,1916.04
0.1,alpha0p1,103,3,subject103_client3,3133,8,descending stairs,1917.32
0.1,alpha0p1,103,3,subject103_client3,3134,8,descending stairs,1918.6
0.1,alpha0p1,103,3,subject103_client3,3135,8,descending stairs,1919.88
0.1,alpha0p1,103,3,subject103_client3,3136,8,descending stairs,1921.16
0.1,alpha0p1,103,3,subject103_client3,3137,8,descending stairs,1922.44
0.1,alpha0p1,103,3,subject103_client3,3138,8,descending stairs,1923.72
0.1,alpha0p1,103,3,subject103_client3,3139,8,descending stairs,1925.0
0.1,alpha0p1,103,3,subject103_client3,3140,8,descending stairs,1926.28
0.1,alpha0p1,103,3,subject103_client3,3141,8,descending stairs,1927.56
0.1,alpha0p1,103,3,subject103_client3,3142,8,descending stairs,1928.84
0.1,alpha0p1,103,3,subject103_client3,3143,8,descending stairs,1930.12
0.1,alpha0p1,103,3,subject103_client3,3144,8,descending stairs,1931.4
0.1,alpha0p1,103,3,subject103_client3,3145,8,descending stairs,1932.68
0.1,alpha0p1,103,3,subject103_client3,3146,8,descending stairs,1933.96
0.1,alpha0p1,103,3,subject103_client3,3147,8,descending stairs,1935.24
0.1,alpha0p1,103,3,subject103_client3,3148,8,descending stairs,1936.52
0.1,alpha0p1,103,3,subject103_client3,3149,8,descending stairs,1937.8
0.1,alpha0p1,103,3,subject103_client3,3150,8,descending stairs,1939.08
0.1,alpha0p1,103,3,subject103_client3,3151,8,descending stairs,1940.36
0.1,alpha0p1,103,3,subject103_client3,3152,8,descending stairs,1941.64
0.1,alpha0p1,103,3,subject103_client3,3153,8,descending stairs,1942.92
0.1,alpha0p1,103,3,subject103_client3,3154,8,descending stairs,1944.2
0.1,alpha0p1,103,3,subject103_client3,3155,8,descending stairs,1945.48
0.1,alpha0p1,103,3,subject103_client3,3157,3,walking,2152.84
0.1,alpha0p1,103,3,subject103_client3,3158,3,walking,2154.12
0.1,alpha0p1,103,3,subject103_client3,3159,3,walking,2155.4
0.1,alpha0p1,103,3,subject103_client3,3160,3,walking,2156.68
0.1,alpha0p1,103,3,subject103_client3,3161,3,walking,2157.96
0.1,alpha0p1,103,3,subject103_client3,3162,3,walking,2159.24
0.1,alpha0p1,103,3,subject103_client3,3163,3,walking,2160.52
0.1,alpha0p1,103,3,subject103_client3,3164,3,walking,2161.8
0.1,alpha0p1,103,3,subject103_client3,3165,3,walking,2163.08
0.1,alpha0p1,103,3,subject103_client3,3166,3,walking,2164.36
0.1,alpha0p1,103,3,subject103_client3,3167,3,walking,2165.64
0.1,alpha0p1,103,3,subject103_client3,3168,3,walking,2166.92
0.1,alpha0p1,103,3,subject103_client3,3169,3,walking,2168.2
0.1,alpha0p1,103,3,subject103_client3,3170,3,walking,2169.48
0.1,alpha0p1,103,3,subject103_client3,3171,3,walking,2170.76
0.1,alpha0p1,103,3,subject103_client3,3172,3,walking,2172.04
0.1,alpha0p1,103,3,subject103_client3,3173,3,walking,2173.32
0.1,alpha0p1,103,3,subject103_client3,3174,3,walking,2174.6
0.1,alpha0p1,103,3,subject103_client3,3175,3,walking,2175.88
0.1,alpha0p1,103,3,subject103_client3,3176,3,walking,2177.16
0.1,alpha0p1,103,3,subject103_client3,3177,3,walking,2178.44
0.1,alpha0p1,103,3,subject103_client3,3178,3,walking,2179.72
0.1,alpha0p1,103,3,subject103_client3,3179,3,walking,2181.0
0.1,alpha0p1,103,3,subject103_client3,3180,3,walking,2182.28
0.1,alpha0p1,103,3,subject103_client3,3181,3,walking,2183.56
0.1,alpha0p1,103,3,subject103_client3,3182,3,walking,2184.84
0.1,alpha0p1,103,1,subject103_client1,3184,3,walking,2187.4
0.1,alpha0p1,103,1,subject103_client1,3185,3,walking,2188.68
0.1,alpha0p1,103,1,subject103_client1,3186,3,walking,2189.96
0.1,alpha0p1,103,1,subject103_client1,3187,3,walking,2191.24
0.1,alpha0p1,103,1,subject103_client1,3188,3,walking,2192.52
0.1,alpha0p1,103,1,subject103_client1,3189,3,walking,2193.8
0.1,alpha0p1,103,1,subject103_client1,3190,3,walking,2195.08
0.1,alpha0p1,103,1,subject103_client1,3191,3,walking,2196.36
0.1,alpha0p1,103,1,subject103_client1,3192,3,walking,2197.64
0.1,alpha0p1,103,1,subject103_client1,3193,3,walking,2198.92
0.1,alpha0p1,103,1,subject103_client1,3194,3,walking,2200.2
0.1,alpha0p1,103,1,subject103_client1,3195,3,walking,2201.48
0.1,alpha0p1,103,1,subject103_client1,3196,3,walking,2202.76
0.1,alpha0p1,103,1,subject103_client1,3197,3,walking,2204.04
0.1,alpha0p1,103,1,subject103_client1,3198,3,walking,2205.32
0.1,alpha0p1,103,1,subject103_client1,3199,3,walking,2206.6
0.1,alpha0p1,103,1,subject103_client1,3200,3,walking,2207.88
0.1,alpha0p1,103,1,subject103_client1,3201,3,walking,2209.16
0.1,alpha0p1,103,1,subject103_client1,3202,3,walking,2210.44
0.1,alpha0p1,103,1,subject103_client1,3203,3,walking,2211.72
0.1,alpha0p1,103,1,subject103_client1,3204,3,walking,2213.0
0.1,alpha0p1,103,1,subject103_client1,3205,3,walking,2214.28
0.1,alpha0p1,103,1,subject103_client1,3206,3,walking,2215.56
0.1,alpha0p1,103,1,subject103_client1,3207,3,walking,2216.84
0.1,alpha0p1,103,1,subject103_client1,3208,3,walking,2218.12
0.1,alpha0p1,103,1,subject103_client1,3209,3,walking,2219.4
0.1,alpha0p1,103,1,subject103_client1,3210,3,walking,2220.68
0.1,alpha0p1,103,1,subject103_client1,3211,3,walking,2221.96
0.1,alpha0p1,103,1,subject103_client1,3212,3,walking,2223.24
0.1,alpha0p1,103,1,subject103_client1,3213,3,walking,2224.52
0.1,alpha0p1,103,1,subject103_client1,3214,3,walking,2225.8
0.1,alpha0p1,103,1,subject103_client1,3215,3,walking,2227.08
0.1,alpha0p1,103,1,subject103_client1,3216,3,walking,2228.36
0.1,alpha0p1,103,1,subject103_client1,3217,3,walking,2229.64
0.1,alpha0p1,103,1,subject103_client1,3218,3,walking,2230.92
0.1,alpha0p1,103,1,subject103_client1,3219,3,walking,2232.2
0.1,alpha0p1,103,1,subject103_client1,3220,3,walking,2233.48
0.1,alpha0p1,103,1,subject103_client1,3221,3,walking,2234.76
0.1,alpha0p1,103,1,subject103_client1,3222,3,walking,2236.04
0.1,alpha0p1,103,1,subject103_client1,3223,3,walking,2237.32
0.1,alpha0p1,103,1,subject103_client1,3224,3,walking,2238.6
0.1,alpha0p1,103,1,subject103_client1,3225,3,walking,2239.88
0.1,alpha0p1,103,1,subject103_client1,3226,3,walking,2241.16
0.1,alpha0p1,103,1,subject103_client1,3227,3,walking,2242.44
0.1,alpha0p1,103,1,subject103_client1,3228,3,walking,2243.72
0.1,alpha0p1,103,1,subject103_client1,3229,3,walking,2245.0
0.1,alpha0p1,103,1,subject103_client1,3230,3,walking,2246.28
0.1,alpha0p1,103,1,subject103_client1,3231,3,walking,2247.56
0.1,alpha0p1,103,1,subject103_client1,3232,3,walking,2248.84
0.1,alpha0p1,103,0,subject103_client0,3234,3,walking,2251.4
0.1,alpha0p1,103,0,subject103_client0,3235,3,walking,2252.68
0.1,alpha0p1,103,0,subject103_client0,3236,3,walking,2253.96
0.1,alpha0p1,103,0,subject103_client0,3237,3,walking,2255.24
0.1,alpha0p1,103,0,subject103_client0,3238,3,walking,2256.52
0.1,alpha0p1,103,0,subject103_client0,3239,3,walking,2257.8
0.1,alpha0p1,103,0,subject103_client0,3240,3,walking,2259.08
0.1,alpha0p1,103,0,subject103_client0,3241,3,walking,2260.36
0.1,alpha0p1,103,0,subject103_client0,3242,3,walking,2261.64
0.1,alpha0p1,103,0,subject103_client0,3243,3,walking,2262.92
0.1,alpha0p1,103,0,subject103_client0,3244,3,walking,2264.2
0.1,alpha0p1,103,0,subject103_client0,3245,3,walking,2265.48
0.1,alpha0p1,103,0,subject103_client0,3246,3,walking,2266.76
0.1,alpha0p1,103,0,subject103_client0,3247,3,walking,2268.04
0.1,alpha0p1,103,0,subject103_client0,3248,3,walking,2269.32
0.1,alpha0p1,103,0,subject103_client0,3249,3,walking,2270.6
0.1,alpha0p1,103,0,subject103_client0,3250,3,walking,2271.88
0.1,alpha0p1,103,0,subject103_client0,3251,3,walking,2273.16
0.1,alpha0p1,103,0,subject103_client0,3252,3,walking,2274.44
0.1,alpha0p1,103,0,subject103_client0,3253,3,walking,2275.72
0.1,alpha0p1,103,0,subject103_client0,3254,3,walking,2277.0
0.1,alpha0p1,103,0,subject103_client0,3255,3,walking,2278.28
0.1,alpha0p1,103,0,subject103_client0,3256,3,walking,2279.56
0.1,alpha0p1,103,0,subject103_client0,3257,3,walking,2280.84
0.1,alpha0p1,103,0,subject103_client0,3258,3,walking,2282.12
0.1,alpha0p1,103,0,subject103_client0,3259,3,walking,2283.4
0.1,alpha0p1,103,0,subject103_client0,3260,3,walking,2284.68
0.1,alpha0p1,103,0,subject103_client0,3261,3,walking,2285.96
0.1,alpha0p1,103,0,subject103_client0,3262,3,walking,2287.24
0.1,alpha0p1,103,0,subject103_client0,3263,3,walking,2288.52
0.1,alpha0p1,103,0,subject103_client0,3264,3,walking,2289.8
0.1,alpha0p1,103,0,subject103_client0,3265,3,walking,2291.08
0.1,alpha0p1,103,0,subject103_client0,3266,3,walking,2292.36
0.1,alpha0p1,103,0,subject103_client0,3267,3,walking,2293.64
0.1,alpha0p1,103,0,subject103_client0,3268,3,walking,2294.92
0.1,alpha0p1,103,0,subject103_client0,3269,3,walking,2296.2
0.1,alpha0p1,103,0,subject103_client0,3270,3,walking,2297.48
0.1,alpha0p1,103,0,subject103_client0,3271,3,walking,2298.76
0.1,alpha0p1,103,0,subject103_client0,3272,3,walking,2300.04
0.1,alpha0p1,103,0,subject103_client0,3273,3,walking,2301.32
0.1,alpha0p1,103,0,subject103_client0,3274,3,walking,2302.6
0.1,alpha0p1,103,0,subject103_client0,3275,3,walking,2303.88
0.1,alpha0p1,103,0,subject103_client0,3276,3,walking,2305.16
0.1,alpha0p1,103,0,subject103_client0,3277,3,walking,2306.44
0.1,alpha0p1,103,0,subject103_client0,3278,3,walking,2307.72
0.1,alpha0p1,103,0,subject103_client0,3279,3,walking,2309.0
0.1,alpha0p1,103,0,subject103_client0,3280,3,walking,2310.28
0.1,alpha0p1,103,0,subject103_client0,3281,3,walking,2311.56
0.1,alpha0p1,103,0,subject103_client0,3282,3,walking,2312.84
0.1,alpha0p1,103,0,subject103_client0,3283,3,walking,2314.12
0.1,alpha0p1,103,0,subject103_client0,3284,3,walking,2315.4
0.1,alpha0p1,103,0,subject103_client0,3285,3,walking,2316.68
0.1,alpha0p1,103,0,subject103_client0,3286,3,walking,2317.96
0.1,alpha0p1,103,0,subject103_client0,3287,3,walking,2319.24
0.1,alpha0p1,103,0,subject103_client0,3288,3,walking,2320.52
0.1,alpha0p1,103,0,subject103_client0,3289,3,walking,2321.8
0.1,alpha0p1,103,0,subject103_client0,3290,3,walking,2323.08
0.1,alpha0p1,103,0,subject103_client0,3291,3,walking,2324.36
0.1,alpha0p1,103,0,subject103_client0,3292,3,walking,2325.64
0.1,alpha0p1,103,0,subject103_client0,3293,3,walking,2326.92
0.1,alpha0p1,103,0,subject103_client0,3294,3,walking,2328.2
0.1,alpha0p1,103,0,subject103_client0,3295,3,walking,2329.48
0.1,alpha0p1,103,0,subject103_client0,3296,3,walking,2330.76
0.1,alpha0p1,103,0,subject103_client0,3297,3,walking,2332.04
0.1,alpha0p1,103,0,subject103_client0,3298,3,walking,2333.32
0.1,alpha0p1,103,0,subject103_client0,3299,3,walking,2334.6
0.1,alpha0p1,103,0,subject103_client0,3300,3,walking,2335.88
0.1,alpha0p1,103,0,subject103_client0,3301,3,walking,2337.16
0.1,alpha0p1,103,0,subject103_client0,3302,3,walking,2338.44
0.1,alpha0p1,103,0,subject103_client0,3303,3,walking,2339.72
0.1,alpha0p1,103,0,subject103_client0,3304,3,walking,2341.0
0.1,alpha0p1,103,0,subject103_client0,3305,3,walking,2342.28
0.1,alpha0p1,103,0,subject103_client0,3306,3,walking,2343.56
0.1,alpha0p1,103,0,subject103_client0,3307,3,walking,2344.84
0.1,alpha0p1,103,0,subject103_client0,3308,3,walking,2346.12
0.1,alpha0p1,103,0,subject103_client0,3309,3,walking,2347.4
0.1,alpha0p1,103,0,subject103_client0,3310,3,walking,2348.68
0.1,alpha0p1,103,0,subject103_client0,3311,3,walking,2349.96
0.1,alpha0p1,103,0,subject103_client0,3312,3,walking,2351.24
0.1,alpha0p1,103,0,subject103_client0,3313,3,walking,2352.52
0.1,alpha0p1,103,0,subject103_client0,3314,3,walking,2353.8
0.1,alpha0p1,103,0,subject103_client0,3315,3,walking,2355.08
0.1,alpha0p1,103,0,subject103_client0,3316,3,walking,2356.36
0.1,alpha0p1,103,0,subject103_client0,3317,3,walking,2357.64
0.1,alpha0p1,103,0,subject103_client0,3318,3,walking,2358.92
0.1,alpha0p1,103,0,subject103_client0,3319,3,walking,2360.2
0.1,alpha0p1,103,0,subject103_client0,3320,3,walking,2361.48
0.1,alpha0p1,103,0,subject103_client0,3321,3,walking,2362.76
0.1,alpha0p1,103,0,subject103_client0,3322,3,walking,2364.04
0.1,alpha0p1,103,0,subject103_client0,3323,3,walking,2365.32
0.1,alpha0p1,103,0,subject103_client0,3324,3,walking,2366.6
0.1,alpha0p1,103,0,subject103_client0,3325,3,walking,2367.88
0.1,alpha0p1,103,0,subject103_client0,3326,3,walking,2369.16
0.1,alpha0p1,103,0,subject103_client0,3327,3,walking,2370.44
0.1,alpha0p1,103,0,subject103_client0,3328,3,walking,2371.72
0.1,alpha0p1,103,0,subject103_client0,3329,3,walking,2373.0
0.1,alpha0p1,103,0,subject103_client0,3330,3,walking,2374.28
0.1,alpha0p1,103,0,subject103_client0,3331,3,walking,2375.56
0.1,alpha0p1,103,0,subject103_client0,3332,3,walking,2376.84
0.1,alpha0p1,103,0,subject103_client0,3333,3,walking,2378.12
0.1,alpha0p1,103,0,subject103_client0,3334,3,walking,2379.4
0.1,alpha0p1,103,0,subject103_client0,3335,3,walking,2380.68
0.1,alpha0p1,103,0,subject103_client0,3336,3,walking,2381.96
0.1,alpha0p1,103,0,subject103_client0,3337,3,walking,2383.24
0.1,alpha0p1,103,0,subject103_client0,3338,3,walking,2384.52
0.1,alpha0p1,103,0,subject103_client0,3339,3,walking,2385.8
0.1,alpha0p1,103,0,subject103_client0,3340,3,walking,2387.08
0.1,alpha0p1,103,0,subject103_client0,3341,3,walking,2388.36
0.1,alpha0p1,103,0,subject103_client0,3342,3,walking,2389.64
0.1,alpha0p1,103,0,subject103_client0,3343,3,walking,2390.92
0.1,alpha0p1,103,0,subject103_client0,3344,3,walking,2392.2
0.1,alpha0p1,103,0,subject103_client0,3345,3,walking,2393.48
0.1,alpha0p1,103,0,subject103_client0,3346,3,walking,2394.76
0.1,alpha0p1,103,0,subject103_client0,3347,3,walking,2396.04
0.1,alpha0p1,103,0,subject103_client0,3348,3,walking,2397.32
0.1,alpha0p1,103,0,subject103_client0,3349,3,walking,2398.6
0.1,alpha0p1,103,0,subject103_client0,3350,3,walking,2399.88
0.1,alpha0p1,103,0,subject103_client0,3351,3,walking,2401.16
0.1,alpha0p1,103,0,subject103_client0,3352,3,walking,2402.44
0.1,alpha0p1,103,0,subject103_client0,3353,3,walking,2403.72
0.1,alpha0p1,103,0,subject103_client0,3354,3,walking,2405.0
0.1,alpha0p1,103,0,subject103_client0,3355,3,walking,2406.28
0.1,alpha0p1,103,0,subject103_client0,3356,3,walking,2407.56
0.1,alpha0p1,103,0,subject103_client0,3357,3,walking,2408.84
0.1,alpha0p1,103,0,subject103_client0,3358,3,walking,2410.12
0.1,alpha0p1,103,0,subject103_client0,3359,3,walking,2411.4
0.1,alpha0p1,103,0,subject103_client0,3360,3,walking,2412.68
0.1,alpha0p1,103,0,subject103_client0,3361,3,walking,2413.96
0.1,alpha0p1,103,0,subject103_client0,3362,3,walking,2415.24
0.1,alpha0p1,103,2,subject103_client2,3364,3,walking,2417.8
0.1,alpha0p1,103,2,subject103_client2,3365,3,walking,2419.08
0.1,alpha0p1,103,2,subject103_client2,3366,3,walking,2420.36
0.1,alpha0p1,103,2,subject103_client2,3367,3,walking,2421.64
0.1,alpha0p1,103,2,subject103_client2,3368,3,walking,2422.92
0.1,alpha0p1,103,2,subject103_client2,3369,3,walking,2424.2
0.1,alpha0p1,103,2,subject103_client2,3370,3,walking,2425.48
0.1,alpha0p1,103,2,subject103_client2,3371,3,walking,2426.76
0.1,alpha0p1,103,2,subject103_client2,3372,3,walking,2428.04
0.1,alpha0p1,103,2,subject103_client2,3373,3,walking,2429.32
0.1,alpha0p1,103,2,subject103_client2,3374,3,walking,2430.6
0.1,alpha0p1,103,2,subject103_client2,3375,3,walking,2431.88
0.1,alpha0p1,103,2,subject103_client2,3376,3,walking,2433.16
0.1,alpha0p1,103,2,subject103_client2,3377,3,walking,2434.44
0.1,alpha0p1,103,2,subject103_client2,3378,3,walking,2435.72
0.1,alpha0p1,103,2,subject103_client2,3379,3,walking,2437.0
0.1,alpha0p1,103,2,subject103_client2,3380,3,walking,2438.28
0.1,alpha0p1,103,2,subject103_client2,3381,3,walking,2439.56
0.1,alpha0p1,104,0,subject104_client0,3382,0,lying,75.25
0.1,alpha0p1,104,0,subject104_client0,3383,0,lying,76.53
0.1,alpha0p1,104,0,subject104_client0,3384,0,lying,77.81
0.1,alpha0p1,104,0,subject104_client0,3385,0,lying,79.09
0.1,alpha0p1,104,0,subject104_client0,3386,0,lying,80.37
0.1,alpha0p1,104,0,subject104_client0,3387,0,lying,81.65
0.1,alpha0p1,104,0,subject104_client0,3388,0,lying,82.93
0.1,alpha0p1,104,0,subject104_client0,3389,0,lying,84.21
0.1,alpha0p1,104,0,subject104_client0,3390,0,lying,85.49
0.1,alpha0p1,104,0,subject104_client0,3391,0,lying,86.77
0.1,alpha0p1,104,0,subject104_client0,3392,0,lying,88.05
0.1,alpha0p1,104,0,subject104_client0,3393,0,lying,89.33
0.1,alpha0p1,104,0,subject104_client0,3394,0,lying,90.61
0.1,alpha0p1,104,0,subject104_client0,3395,0,lying,91.89
0.1,alpha0p1,104,0,subject104_client0,3396,0,lying,93.17
0.1,alpha0p1,104,0,subject104_client0,3397,0,lying,94.45
0.1,alpha0p1,104,0,subject104_client0,3398,0,lying,95.73
0.1,alpha0p1,104,0,subject104_client0,3399,0,lying,97.01
0.1,alpha0p1,104,0,subject104_client0,3400,0,lying,98.29
0.1,alpha0p1,104,0,subject104_client0,3401,0,lying,99.57
0.1,alpha0p1,104,0,subject104_client0,3402,0,lying,100.85
0.1,alpha0p1,104,0,subject104_client0,3403,0,lying,102.13
0.1,alpha0p1,104,0,subject104_client0,3404,0,lying,103.41
0.1,alpha0p1,104,0,subject104_client0,3405,0,lying,104.69
0.1,alpha0p1,104,0,subject104_client0,3406,0,lying,105.97
0.1,alpha0p1,104,0,subject104_client0,3407,0,lying,107.25
0.1,alpha0p1,104,0,subject104_client0,3408,0,lying,108.53
0.1,alpha0p1,104,0,subject104_client0,3409,0,lying,109.81
0.1,alpha0p1,104,0,subject104_client0,3410,0,lying,111.09
0.1,alpha0p1,104,0,subject104_client0,3411,0,lying,112.37
0.1,alpha0p1,104,0,subject104_client0,3412,0,lying,113.65
0.1,alpha0p1,104,0,subject104_client0,3413,0,lying,114.93
0.1,alpha0p1,104,0,subject104_client0,3414,0,lying,116.21
0.1,alpha0p1,104,0,subject104_client0,3415,0,lying,117.49
0.1,alpha0p1,104,0,subject104_client0,3416,0,lying,118.77
0.1,alpha0p1,104,0,subject104_client0,3417,0,lying,120.05
0.1,alpha0p1,104,0,subject104_client0,3418,0,lying,121.33
0.1,alpha0p1,104,0,subject104_client0,3419,0,lying,122.61
0.1,alpha0p1,104,0,subject104_client0,3420,0,lying,123.89
0.1,alpha0p1,104,0,subject104_client0,3421,0,lying,125.17
0.1,alpha0p1,104,0,subject104_client0,3422,0,lying,126.45
0.1,alpha0p1,104,0,subject104_client0,3423,0,lying,127.73
0.1,alpha0p1,104,0,subject104_client0,3424,0,lying,129.01
0.1,alpha0p1,104,0,subject104_client0,3425,0,lying,130.29
0.1,alpha0p1,104,0,subject104_client0,3426,0,lying,131.57
0.1,alpha0p1,104,0,subject104_client0,3427,0,lying,132.85
0.1,alpha0p1,104,0,subject104_client0,3428,0,lying,134.13
0.1,alpha0p1,104,0,subject104_client0,3429,0,lying,135.41
0.1,alpha0p1,104,0,subject104_client0,3430,0,lying,136.69
0.1,alpha0p1,104,0,subject104_client0,3431,0,lying,137.97
0.1,alpha0p1,104,0,subject104_client0,3432,0,lying,139.25
0.1,alpha0p1,104,0,subject104_client0,3433,0,lying,140.53
0.1,alpha0p1,104,0,subject104_client0,3434,0,lying,141.81
0.1,alpha0p1,104,0,subject104_client0,3435,0,lying,143.09
0.1,alpha0p1,104,0,subject104_client0,3436,0,lying,144.37
0.1,alpha0p1,104,0,subject104_client0,3437,0,lying,145.65
0.1,alpha0p1,104,0,subject104_client0,3438,0,lying,146.93
0.1,alpha0p1,104,0,subject104_client0,3439,0,lying,148.21
0.1,alpha0p1,104,0,subject104_client0,3440,0,lying,149.49
0.1,alpha0p1,104,0,subject104_client0,3441,0,lying,150.77
0.1,alpha0p1,104,0,subject104_client0,3442,0,lying,152.05
0.1,alpha0p1,104,0,subject104_client0,3443,0,lying,153.33
0.1,alpha0p1,104,0,subject104_client0,3444,0,lying,154.61
0.1,alpha0p1,104,0,subject104_client0,3445,0,lying,155.89
0.1,alpha0p1,104,0,subject104_client0,3446,0,lying,157.17
0.1,alpha0p1,104,0,subject104_client0,3447,0,lying,158.45
0.1,alpha0p1,104,0,subject104_client0,3448,0,lying,159.73
0.1,alpha0p1,104,0,subject104_client0,3449,0,lying,161.01
0.1,alpha0p1,104,0,subject104_client0,3450,0,lying,162.29
0.1,alpha0p1,104,0,subject104_client0,3451,0,lying,163.57
0.1,alpha0p1,104,0,subject104_client0,3452,0,lying,164.85
0.1,alpha0p1,104,0,subject104_client0,3453,0,lying,166.13
0.1,alpha0p1,104,0,subject104_client0,3454,0,lying,167.41
0.1,alpha0p1,104,0,subject104_client0,3455,0,lying,168.69
0.1,alpha0p1,104,0,subject104_client0,3456,0,lying,169.97
0.1,alpha0p1,104,0,subject104_client0,3457,0,lying,171.25
0.1,alpha0p1,104,0,subject104_client0,3458,0,lying,172.53
0.1,alpha0p1,104,0,subject104_client0,3459,0,lying,173.81
0.1,alpha0p1,104,0,subject104_client0,3460,0,lying,175.09
0.1,alpha0p1,104,0,subject104_client0,3461,0,lying,176.37
0.1,alpha0p1,104,0,subject104_client0,3462,0,lying,177.65
0.1,alpha0p1,104,0,subject104_client0,3463,0,lying,178.93
0.1,alpha0p1,104,0,subject104_client0,3464,0,lying,180.21
0.1,alpha0p1,104,0,subject104_client0,3465,0,lying,181.49
0.1,alpha0p1,104,0,subject104_client0,3466,0,lying,182.77
0.1,alpha0p1,104,0,subject104_client0,3467,0,lying,184.05
0.1,alpha0p1,104,0,subject104_client0,3468,0,lying,185.33
0.1,alpha0p1,104,0,subject104_client0,3469,0,lying,186.61
0.1,alpha0p1,104,0,subject104_client0,3470,0,lying,187.89
0.1,alpha0p1,104,0,subject104_client0,3471,0,lying,189.17
0.1,alpha0p1,104,0,subject104_client0,3472,0,lying,190.45
0.1,alpha0p1,104,0,subject104_client0,3473,0,lying,191.73
0.1,alpha0p1,104,0,subject104_client0,3474,0,lying,193.01
0.1,alpha0p1,104,0,subject104_client0,3475,0,lying,194.29
0.1,alpha0p1,104,0,subject104_client0,3476,0,lying,195.57
0.1,alpha0p1,104,0,subject104_client0,3477,0,lying,196.85
0.1,alpha0p1,104,0,subject104_client0,3478,0,lying,198.13
0.1,alpha0p1,104,0,subject104_client0,3479,0,lying,199.41
0.1,alpha0p1,104,0,subject104_client0,3480,0,lying,200.69
0.1,alpha0p1,104,0,subject104_client0,3481,0,lying,201.97
0.1,alpha0p1,104,0,subject104_client0,3482,0,lying,203.25
0.1,alpha0p1,104,0,subject104_client0,3483,0,lying,204.53
0.1,alpha0p1,104,0,subject104_client0,3484,0,lying,205.81
0.1,alpha0p1,104,0,subject104_client0,3485,0,lying,207.09
0.1,alpha0p1,104,0,subject104_client0,3486,0,lying,208.37
0.1,alpha0p1,104,0,subject104_client0,3487,0,lying,209.65
0.1,alpha0p1,104,0,subject104_client0,3488,0,lying,210.93
0.1,alpha0p1,104,0,subject104_client0,3489,0,lying,212.21
0.1,alpha0p1,104,0,subject104_client0,3490,0,lying,213.49
0.1,alpha0p1,104,0,subject104_client0,3491,0,lying,214.77
0.1,alpha0p1,104,0,subject104_client0,3492,0,lying,216.05
0.1,alpha0p1,104,0,subject104_client0,3493,0,lying,217.33
0.1,alpha0p1,104,0,subject104_client0,3494,0,lying,218.61
0.1,alpha0p1,104,0,subject104_client0,3495,0,lying,219.89
0.1,alpha0p1,104,0,subject104_client0,3496,0,lying,221.17
0.1,alpha0p1,104,0,subject104_client0,3497,0,lying,222.45
0.1,alpha0p1,104,0,subject104_client0,3498,0,lying,223.73
0.1,alpha0p1,104,0,subject104_client0,3499,0,lying,225.01
0.1,alpha0p1,104,0,subject104_client0,3500,0,lying,226.29
0.1,alpha0p1,104,0,subject104_client0,3501,0,lying,227.57
0.1,alpha0p1,104,0,subject104_client0,3502,0,lying,228.85
0.1,alpha0p1,104,0,subject104_client0,3503,0,lying,230.13
0.1,alpha0p1,104,0,subject104_client0,3504,0,lying,231.41
0.1,alpha0p1,104,0,subject104_client0,3505,0,lying,232.69
0.1,alpha0p1,104,0,subject104_client0,3506,0,lying,233.97
0.1,alpha0p1,104,0,subject104_client0,3507,0,lying,235.25
0.1,alpha0p1,104,0,subject104_client0,3508,0,lying,236.53
0.1,alpha0p1,104,0,subject104_client0,3509,0,lying,237.81
0.1,alpha0p1,104,0,subject104_client0,3510,0,lying,239.09
0.1,alpha0p1,104,0,subject104_client0,3511,0,lying,240.37
0.1,alpha0p1,104,0,subject104_client0,3512,0,lying,241.65
0.1,alpha0p1,104,0,subject104_client0,3513,0,lying,242.93
0.1,alpha0p1,104,0,subject104_client0,3514,0,lying,244.21
0.1,alpha0p1,104,0,subject104_client0,3515,0,lying,245.49
0.1,alpha0p1,104,0,subject104_client0,3516,0,lying,246.77
0.1,alpha0p1,104,0,subject104_client0,3517,0,lying,248.05
0.1,alpha0p1,104,0,subject104_client0,3518,0,lying,249.33
0.1,alpha0p1,104,0,subject104_client0,3519,0,lying,250.61
0.1,alpha0p1,104,0,subject104_client0,3520,0,lying,251.89
0.1,alpha0p1,104,0,subject104_client0,3521,0,lying,253.17
0.1,alpha0p1,104,0,subject104_client0,3522,0,lying,254.45
0.1,alpha0p1,104,0,subject104_client0,3523,0,lying,255.73
0.1,alpha0p1,104,0,subject104_client0,3524,0,lying,257.01
0.1,alpha0p1,104,0,subject104_client0,3525,0,lying,258.29
0.1,alpha0p1,104,0,subject104_client0,3526,0,lying,259.57
0.1,alpha0p1,104,0,subject104_client0,3527,0,lying,260.85
0.1,alpha0p1,104,0,subject104_client0,3528,0,lying,262.13
0.1,alpha0p1,104,0,subject104_client0,3529,0,lying,263.41
0.1,alpha0p1,104,0,subject104_client0,3530,0,lying,264.69
0.1,alpha0p1,104,0,subject104_client0,3531,0,lying,265.97
0.1,alpha0p1,104,0,subject104_client0,3532,0,lying,267.25
0.1,alpha0p1,104,0,subject104_client0,3533,0,lying,268.53
0.1,alpha0p1,104,0,subject104_client0,3534,0,lying,269.81
0.1,alpha0p1,104,0,subject104_client0,3535,0,lying,271.09
0.1,alpha0p1,104,0,subject104_client0,3536,0,lying,272.37
0.1,alpha0p1,104,0,subject104_client0,3537,0,lying,273.65
0.1,alpha0p1,104,0,subject104_client0,3538,0,lying,274.93
0.1,alpha0p1,104,0,subject104_client0,3539,0,lying,276.21
0.1,alpha0p1,104,0,subject104_client0,3540,0,lying,277.49
0.1,alpha0p1,104,0,subject104_client0,3541,0,lying,278.77
0.1,alpha0p1,104,0,subject104_client0,3542,0,lying,280.05
0.1,alpha0p1,104,0,subject104_client0,3543,0,lying,281.33
0.1,alpha0p1,104,1,subject104_client1,3545,0,lying,283.89
0.1,alpha0p1,104,1,subject104_client1,3546,0,lying,285.17
0.1,alpha0p1,104,1,subject104_client1,3547,0,lying,286.45
0.1,alpha0p1,104,1,subject104_client1,3548,0,lying,287.73
0.1,alpha0p1,104,1,subject104_client1,3549,0,lying,289.01
0.1,alpha0p1,104,1,subject104_client1,3550,0,lying,290.29
0.1,alpha0p1,104,1,subject104_client1,3551,0,lying,291.57
0.1,alpha0p1,104,1,subject104_client1,3552,0,lying,292.85
0.1,alpha0p1,104,1,subject104_client1,3553,0,lying,294.13
0.1,alpha0p1,104,1,subject104_client1,3554,0,lying,295.41
0.1,alpha0p1,104,1,subject104_client1,3555,0,lying,296.69
0.1,alpha0p1,104,1,subject104_client1,3556,0,lying,297.97
0.1,alpha0p1,104,1,subject104_client1,3557,0,lying,299.25
0.1,alpha0p1,104,1,subject104_client1,3558,0,lying,300.53
0.1,alpha0p1,104,1,subject104_client1,3559,0,lying,301.81
0.1,alpha0p1,104,1,subject104_client1,3560,0,lying,303.09
0.1,alpha0p1,104,2,subject104_client2,3561,1,sitting,358.38
0.1,alpha0p1,104,2,subject104_client2,3562,1,sitting,359.66
0.1,alpha0p1,104,2,subject104_client2,3563,1,sitting,360.94
0.1,alpha0p1,104,3,subject104_client3,3565,1,sitting,363.5
0.1,alpha0p1,104,3,subject104_client3,3566,1,sitting,364.78
0.1,alpha0p1,104,3,subject104_client3,3567,1,sitting,366.06
0.1,alpha0p1,104,3,subject104_client3,3568,1,sitting,367.34
0.1,alpha0p1,104,3,subject104_client3,3569,1,sitting,368.62
0.1,alpha0p1,104,3,subject104_client3,3570,1,sitting,369.9
0.1,alpha0p1,104,3,subject104_client3,3571,1,sitting,371.18
0.1,alpha0p1,104,3,subject104_client3,3572,1,sitting,372.46
0.1,alpha0p1,104,3,subject104_client3,3573,1,sitting,373.74
0.1,alpha0p1,104,3,subject104_client3,3574,1,sitting,375.02
0.1,alpha0p1,104,3,subject104_client3,3575,1,sitting,376.3
0.1,alpha0p1,104,3,subject104_client3,3576,1,sitting,377.58
0.1,alpha0p1,104,3,subject104_client3,3577,1,sitting,378.86
0.1,alpha0p1,104,3,subject104_client3,3578,1,sitting,380.14
0.1,alpha0p1,104,3,subject104_client3,3579,1,sitting,381.42
0.1,alpha0p1,104,3,subject104_client3,3580,1,sitting,382.7
0.1,alpha0p1,104,3,subject104_client3,3581,1,sitting,383.98
0.1,alpha0p1,104,3,subject104_client3,3582,1,sitting,385.26
0.1,alpha0p1,104,3,subject104_client3,3583,1,sitting,386.54
0.1,alpha0p1,104,3,subject104_client3,3584,1,sitting,387.82
0.1,alpha0p1,104,3,subject104_client3,3585,1,sitting,389.1
0.1,alpha0p1,104,3,subject104_client3,3586,1,sitting,390.38
0.1,alpha0p1,104,3,subject104_client3,3587,1,sitting,391.66
0.1,alpha0p1,104,3,subject104_client3,3588,1,sitting,392.94
0.1,alpha0p1,104,3,subject104_client3,3589,1,sitting,394.22
0.1,alpha0p1,104,3,subject104_client3,3590,1,sitting,395.5
0.1,alpha0p1,104,3,subject104_client3,3591,1,sitting,396.78
0.1,alpha0p1,104,3,subject104_client3,3592,1,sitting,398.06
0.1,alpha0p1,104,3,subject104_client3,3593,1,sitting,399.34
0.1,alpha0p1,104,3,subject104_client3,3594,1,sitting,400.62
0.1,alpha0p1,104,3,subject104_client3,3595,1,sitting,401.9
0.1,alpha0p1,104,3,subject104_client3,3596,1,sitting,403.18
0.1,alpha0p1,104,3,subject104_client3,3597,1,sitting,404.46
0.1,alpha0p1,104,3,subject104_client3,3598,1,sitting,405.74
0.1,alpha0p1,104,3,subject104_client3,3599,1,sitting,407.02
0.1,alpha0p1,104,3,subject104_client3,3600,1,sitting,408.3
0.1,alpha0p1,104,3,subject104_client3,3601,1,sitting,409.58
0.1,alpha0p1,104,3,subject104_client3,3602,1,sitting,410.86
0.1,alpha0p1,104,3,subject104_client3,3603,1,sitting,412.14
0.1,alpha0p1,104,3,subject104_client3,3604,1,sitting,413.42
0.1,alpha0p1,104,3,subject104_client3,3605,1,sitting,414.7
0.1,alpha0p1,104,3,subject104_client3,3606,1,sitting,415.98
0.1,alpha0p1,104,3,subject104_client3,3607,1,sitting,417.26
0.1,alpha0p1,104,3,subject104_client3,3608,1,sitting,418.54
0.1,alpha0p1,104,3,subject104_client3,3609,1,sitting,419.82
0.1,alpha0p1,104,3,subject104_client3,3610,1,sitting,421.1
0.1,alpha0p1,104,3,subject104_client3,3611,1,sitting,422.38
0.1,alpha0p1,104,3,subject104_client3,3612,1,sitting,423.66
0.1,alpha0p1,104,3,subject104_client3,3613,1,sitting,424.94
0.1,alpha0p1,104,3,subject104_client3,3614,1,sitting,426.22
0.1,alpha0p1,104,3,subject104_client3,3615,1,sitting,427.5
0.1,alpha0p1,104,3,subject104_client3,3616,1,sitting,428.78
0.1,alpha0p1,104,3,subject104_client3,3617,1,sitting,430.06
0.1,alpha0p1,104,3,subject104_client3,3618,1,sitting,431.34
0.1,alpha0p1,104,3,subject104_client3,3619,1,sitting,432.62
0.1,alpha0p1,104,3,subject104_client3,3620,1,sitting,433.9
0.1,alpha0p1,104,3,subject104_client3,3621,1,sitting,435.18
0.1,alpha0p1,104,3,subject104_client3,3622,1,sitting,436.46
0.1,alpha0p1,104,3,subject104_client3,3623,1,sitting,437.74
0.1,alpha0p1,104,3,subject104_client3,3624,1,sitting,439.02
0.1,alpha0p1,104,3,subject104_client3,3625,1,sitting,440.3
0.1,alpha0p1,104,3,subject104_client3,3626,1,sitting,441.58
0.1,alpha0p1,104,3,subject104_client3,3627,1,sitting,442.86
0.1,alpha0p1,104,3,subject104_client3,3628,1,sitting,444.14
0.1,alpha0p1,104,3,subject104_client3,3629,1,sitting,445.42
0.1,alpha0p1,104,3,subject104_client3,3630,1,sitting,446.7
0.1,alpha0p1,104,3,subject104_client3,3631,1,sitting,447.98
0.1,alpha0p1,104,3,subject104_client3,3632,1,sitting,449.26
0.1,alpha0p1,104,3,subject104_client3,3633,1,sitting,450.54
0.1,alpha0p1,104,3,subject104_client3,3634,1,sitting,451.82
0.1,alpha0p1,104,3,subject104_client3,3635,1,sitting,453.1
0.1,alpha0p1,104,3,subject104_client3,3636,1,sitting,454.38
0.1,alpha0p1,104,3,subject104_client3,3637,1,sitting,455.66
0.1,alpha0p1,104,3,subject104_client3,3638,1,sitting,456.94
0.1,alpha0p1,104,3,subject104_client3,3639,1,sitting,458.22
0.1,alpha0p1,104,3,subject104_client3,3640,1,sitting,459.5
0.1,alpha0p1,104,3,subject104_client3,3641,1,sitting,460.78
0.1,alpha0p1,104,3,subject104_client3,3642,1,sitting,462.06
0.1,alpha0p1,104,3,subject104_client3,3643,1,sitting,463.34
0.1,alpha0p1,104,3,subject104_client3,3644,1,sitting,464.62
0.1,alpha0p1,104,3,subject104_client3,3645,1,sitting,465.9
0.1,alpha0p1,104,3,subject104_client3,3646,1,sitting,467.18
0.1,alpha0p1,104,3,subject104_client3,3647,1,sitting,468.46
0.1,alpha0p1,104,3,subject104_client3,3648,1,sitting,469.74
0.1,alpha0p1,104,3,subject104_client3,3649,1,sitting,471.02
0.1,alpha0p1,104,3,subject104_client3,3650,1,sitting,472.3
0.1,alpha0p1,104,3,subject104_client3,3651,1,sitting,473.58
0.1,alpha0p1,104,3,subject104_client3,3652,1,sitting,474.86
0.1,alpha0p1,104,3,subject104_client3,3653,1,sitting,476.14
0.1,alpha0p1,104,3,subject104_client3,3654,1,sitting,477.42
0.1,alpha0p1,104,3,subject104_client3,3655,1,sitting,478.7
0.1,alpha0p1,104,3,subject104_client3,3656,1,sitting,479.98
0.1,alpha0p1,104,3,subject104_client3,3657,1,sitting,481.26
0.1,alpha0p1,104,3,subject104_client3,3658,1,sitting,482.54
0.1,alpha0p1,104,3,subject104_client3,3659,1,sitting,483.82
0.1,alpha0p1,104,3,subject104_client3,3660,1,sitting,485.1
0.1,alpha0p1,104,3,subject104_client3,3661,1,sitting,486.38
0.1,alpha0p1,104,3,subject104_client3,3662,1,sitting,487.66
0.1,alpha0p1,104,3,subject104_client3,3663,1,sitting,488.94
0.1,alpha0p1,104,3,subject104_client3,3664,1,sitting,490.22
0.1,alpha0p1,104,3,subject104_client3,3665,1,sitting,491.5
0.1,alpha0p1,104,3,subject104_client3,3666,1,sitting,492.78
0.1,alpha0p1,104,3,subject104_client3,3667,1,sitting,494.06
0.1,alpha0p1,104,3,subject104_client3,3668,1,sitting,495.34
0.1,alpha0p1,104,3,subject104_client3,3669,1,sitting,496.62
0.1,alpha0p1,104,3,subject104_client3,3670,1,sitting,497.9
0.1,alpha0p1,104,3,subject104_client3,3671,1,sitting,499.18
0.1,alpha0p1,104,3,subject104_client3,3672,1,sitting,500.46
0.1,alpha0p1,104,3,subject104_client3,3673,1,sitting,501.74
0.1,alpha0p1,104,3,subject104_client3,3674,1,sitting,503.02
0.1,alpha0p1,104,3,subject104_client3,3675,1,sitting,504.3
0.1,alpha0p1,104,3,subject104_client3,3676,1,sitting,505.58
0.1,alpha0p1,104,3,subject104_client3,3677,1,sitting,506.86
0.1,alpha0p1,104,0,subject104_client0,3679,1,sitting,509.42
0.1,alpha0p1,104,0,subject104_client0,3680,1,sitting,510.7
0.1,alpha0p1,104,0,subject104_client0,3681,1,sitting,511.98
0.1,alpha0p1,104,0,subject104_client0,3682,1,sitting,513.26
0.1,alpha0p1,104,0,subject104_client0,3683,1,sitting,514.54
0.1,alpha0p1,104,0,subject104_client0,3684,1,sitting,515.82
0.1,alpha0p1,104,0,subject104_client0,3685,1,sitting,517.1
0.1,alpha0p1,104,0,subject104_client0,3686,1,sitting,518.38
0.1,alpha0p1,104,0,subject104_client0,3687,1,sitting,519.66
0.1,alpha0p1,104,0,subject104_client0,3688,1,sitting,520.94
0.1,alpha0p1,104,0,subject104_client0,3689,1,sitting,522.22
0.1,alpha0p1,104,0,subject104_client0,3690,1,sitting,523.5
0.1,alpha0p1,104,0,subject104_client0,3691,1,sitting,524.78
0.1,alpha0p1,104,0,subject104_client0,3692,1,sitting,526.06
0.1,alpha0p1,104,0,subject104_client0,3693,1,sitting,527.34
0.1,alpha0p1,104,0,subject104_client0,3694,1,sitting,528.62
0.1,alpha0p1,104,0,subject104_client0,3695,1,sitting,529.9
0.1,alpha0p1,104,0,subject104_client0,3696,1,sitting,531.18
0.1,alpha0p1,104,0,subject104_client0,3697,1,sitting,532.46
0.1,alpha0p1,104,0,subject104_client0,3698,1,sitting,533.74
0.1,alpha0p1,104,0,subject104_client0,3699,1,sitting,535.02
0.1,alpha0p1,104,0,subject104_client0,3700,1,sitting,536.3
0.1,alpha0p1,104,0,subject104_client0,3701,1,sitting,537.58
0.1,alpha0p1,104,0,subject104_client0,3702,1,sitting,538.86
0.1,alpha0p1,104,0,subject104_client0,3703,1,sitting,540.14
0.1,alpha0p1,104,0,subject104_client0,3704,1,sitting,541.42
0.1,alpha0p1,104,0,subject104_client0,3705,1,sitting,542.7
0.1,alpha0p1,104,0,subject104_client0,3706,1,sitting,543.98
0.1,alpha0p1,104,0,subject104_client0,3707,1,sitting,545.26
0.1,alpha0p1,104,0,subject104_client0,3708,1,sitting,546.54
0.1,alpha0p1,104,0,subject104_client0,3709,1,sitting,547.82
0.1,alpha0p1,104,0,subject104_client0,3710,1,sitting,549.1
0.1,alpha0p1,104,0,subject104_client0,3711,1,sitting,550.38
0.1,alpha0p1,104,0,subject104_client0,3712,1,sitting,551.66
0.1,alpha0p1,104,0,subject104_client0,3713,1,sitting,552.94
0.1,alpha0p1,104,0,subject104_client0,3714,1,sitting,554.22
0.1,alpha0p1,104,0,subject104_client0,3715,1,sitting,555.5
0.1,alpha0p1,104,0,subject104_client0,3716,1,sitting,556.78
0.1,alpha0p1,104,0,subject104_client0,3717,1,sitting,558.06
0.1,alpha0p1,104,0,subject104_client0,3718,1,sitting,559.34
0.1,alpha0p1,104,0,subject104_client0,3719,1,sitting,560.62
0.1,alpha0p1,104,0,subject104_client0,3720,1,sitting,561.9
0.1,alpha0p1,104,0,subject104_client0,3721,1,sitting,563.18
0.1,alpha0p1,104,0,subject104_client0,3722,1,sitting,564.46
0.1,alpha0p1,104,0,subject104_client0,3723,1,sitting,565.74
0.1,alpha0p1,104,0,subject104_client0,3724,1,sitting,567.02
0.1,alpha0p1,104,0,subject104_client0,3725,1,sitting,568.3
0.1,alpha0p1,104,0,subject104_client0,3726,1,sitting,569.58
0.1,alpha0p1,104,0,subject104_client0,3727,1,sitting,570.86
0.1,alpha0p1,104,0,subject104_client0,3728,1,sitting,572.14
0.1,alpha0p1,104,0,subject104_client0,3729,1,sitting,573.42
0.1,alpha0p1,104,0,subject104_client0,3730,1,sitting,574.7
0.1,alpha0p1,104,0,subject104_client0,3731,1,sitting,575.98
0.1,alpha0p1,104,0,subject104_client0,3732,1,sitting,577.26
0.1,alpha0p1,104,0,subject104_client0,3733,1,sitting,578.54
0.1,alpha0p1,104,0,subject104_client0,3734,1,sitting,579.82
0.1,alpha0p1,104,0,subject104_client0,3735,1,sitting,581.1
0.1,alpha0p1,104,0,subject104_client0,3736,1,sitting,582.38
0.1,alpha0p1,104,0,subject104_client0,3737,1,sitting,583.66
0.1,alpha0p1,104,0,subject104_client0,3738,1,sitting,584.94
0.1,alpha0p1,104,0,subject104_client0,3739,1,sitting,586.22
0.1,alpha0p1,104,0,subject104_client0,3740,1,sitting,587.5
0.1,alpha0p1,104,0,subject104_client0,3741,1,sitting,588.78
0.1,alpha0p1,104,0,subject104_client0,3742,1,sitting,590.06
0.1,alpha0p1,104,0,subject104_client0,3743,1,sitting,591.34
0.1,alpha0p1,104,0,subject104_client0,3744,1,sitting,592.62
0.1,alpha0p1,104,0,subject104_client0,3745,1,sitting,593.9
0.1,alpha0p1,104,0,subject104_client0,3746,1,sitting,595.18
0.1,alpha0p1,104,0,subject104_client0,3747,1,sitting,596.46
0.1,alpha0p1,104,0,subject104_client0,3748,1,sitting,597.74
0.1,alpha0p1,104,0,subject104_client0,3749,1,sitting,599.02
0.1,alpha0p1,104,0,subject104_client0,3750,1,sitting,600.3
0.1,alpha0p1,104,0,subject104_client0,3751,1,sitting,601.58
0.1,alpha0p1,104,0,subject104_client0,3752,1,sitting,602.86
0.1,alpha0p1,104,0,subject104_client0,3753,1,sitting,604.14
0.1,alpha0p1,104,0,subject104_client0,3754,1,sitting,605.42
0.1,alpha0p1,104,0,subject104_client0,3755,1,sitting,606.7
0.1,alpha0p1,104,0,subject104_client0,3756,1,sitting,607.98
0.1,alpha0p1,104,0,subject104_client0,3757,1,sitting,609.26
0.1,alpha0p1,104,0,subject104_client0,3758,1,sitting,610.54
0.1,alpha0p1,104,0,subject104_client0,3759,2,standing,613.3
0.1,alpha0p1,104,0,subject104_client0,3760,2,standing,614.58
0.1,alpha0p1,104,0,subject104_client0,3761,2,standing,615.86
0.1,alpha0p1,104,0,subject104_client0,3762,2,standing,617.14
0.1,alpha0p1,104,0,subject104_client0,3763,2,standing,618.42
0.1,alpha0p1,104,0,subject104_client0,3764,2,standing,619.7
0.1,alpha0p1,104,0,subject104_client0,3765,2,standing,620.98
0.1,alpha0p1,104,0,subject104_client0,3766,2,standing,622.26
0.1,alpha0p1,104,0,subject104_client0,3767,2,standing,623.54
0.1,alpha0p1,104,0,subject104_client0,3768,2,standing,624.82
0.1,alpha0p1,104,0,subject104_client0,3769,2,standing,626.1
0.1,alpha0p1,104,0,subject104_client0,3770,2,standing,627.38
0.1,alpha0p1,104,0,subject104_client0,3771,2,standing,628.66
0.1,alpha0p1,104,0,subject104_client0,3772,2,standing,629.94
0.1,alpha0p1,104,0,subject104_client0,3773,2,standing,631.22
0.1,alpha0p1,104,0,subject104_client0,3774,2,standing,632.5
0.1,alpha0p1,104,0,subject104_client0,3775,2,standing,633.78
0.1,alpha0p1,104,0,subject104_client0,3776,2,standing,635.06
0.1,alpha0p1,104,0,subject104_client0,3777,2,standing,636.34
0.1,alpha0p1,104,0,subject104_client0,3778,2,standing,637.62
0.1,alpha0p1,104,0,subject104_client0,3779,2,standing,638.9
0.1,alpha0p1,104,0,subject104_client0,3780,2,standing,640.18
0.1,alpha0p1,104,0,subject104_client0,3781,2,standing,641.46
0.1,alpha0p1,104,0,subject104_client0,3782,2,standing,642.74
0.1,alpha0p1,104,0,subject104_client0,3783,2,standing,644.02
0.1,alpha0p1,104,0,subject104_client0,3784,2,standing,645.3
0.1,alpha0p1,104,0,subject104_client0,3785,2,standing,646.58
0.1,alpha0p1,104,0,subject104_client0,3786,2,standing,647.86
0.1,alpha0p1,104,0,subject104_client0,3787,2,standing,649.14
0.1,alpha0p1,104,0,subject104_client0,3788,2,standing,650.42
0.1,alpha0p1,104,0,subject104_client0,3789,2,standing,651.7
0.1,alpha0p1,104,0,subject104_client0,3790,2,standing,652.98
0.1,alpha0p1,104,0,subject104_client0,3791,2,standing,654.26
0.1,alpha0p1,104,0,subject104_client0,3792,2,standing,655.54
0.1,alpha0p1,104,0,subject104_client0,3793,2,standing,656.82
0.1,alpha0p1,104,0,subject104_client0,3794,2,standing,658.1
0.1,alpha0p1,104,0,subject104_client0,3795,2,standing,659.38
0.1,alpha0p1,104,0,subject104_client0,3796,2,standing,660.66
0.1,alpha0p1,104,0,subject104_client0,3797,2,standing,661.94
0.1,alpha0p1,104,0,subject104_client0,3798,2,standing,663.22
0.1,alpha0p1,104,0,subject104_client0,3799,2,standing,664.5
0.1,alpha0p1,104,0,subject104_client0,3800,2,standing,665.78
0.1,alpha0p1,104,0,subject104_client0,3801,2,standing,667.06
0.1,alpha0p1,104,0,subject104_client0,3802,2,standing,668.34
0.1,alpha0p1,104,0,subject104_client0,3803,2,standing,669.62
0.1,alpha0p1,104,0,subject104_client0,3804,2,standing,670.9
0.1,alpha0p1,104,0,subject104_client0,3805,2,standing,672.18
0.1,alpha0p1,104,0,subject104_client0,3806,2,standing,673.46
0.1,alpha0p1,104,0,subject104_client0,3807,2,standing,674.74
0.1,alpha0p1,104,0,subject104_client0,3808,2,standing,676.02
0.1,alpha0p1,104,0,subject104_client0,3809,2,standing,677.3
0.1,alpha0p1,104,0,subject104_client0,3810,2,standing,678.58
0.1,alpha0p1,104,0,subject104_client0,3811,2,standing,679.86
0.1,alpha0p1,104,0,subject104_client0,3812,2,standing,681.14
0.1,alpha0p1,104,0,subject104_client0,3813,2,standing,682.42
0.1,alpha0p1,104,0,subject104_client0,3814,2,standing,683.7
0.1,alpha0p1,104,0,subject104_client0,3815,2,standing,684.98
0.1,alpha0p1,104,0,subject104_client0,3816,2,standing,686.26
0.1,alpha0p1,104,0,subject104_client0,3817,2,standing,687.54
0.1,alpha0p1,104,0,subject104_client0,3818,2,standing,688.82
0.1,alpha0p1,104,0,subject104_client0,3819,2,standing,690.1
0.1,alpha0p1,104,0,subject104_client0,3820,2,standing,691.38
0.1,alpha0p1,104,0,subject104_client0,3821,2,standing,692.66
0.1,alpha0p1,104,0,subject104_client0,3822,2,standing,693.94
0.1,alpha0p1,104,0,subject104_client0,3823,2,standing,695.22
0.1,alpha0p1,104,0,subject104_client0,3824,2,standing,696.5
0.1,alpha0p1,104,0,subject104_client0,3825,2,standing,697.78
0.1,alpha0p1,104,0,subject104_client0,3826,2,standing,699.06
0.1,alpha0p1,104,0,subject104_client0,3827,2,standing,700.34
0.1,alpha0p1,104,0,subject104_client0,3828,2,standing,701.62
0.1,alpha0p1,104,0,subject104_client0,3829,2,standing,702.9
0.1,alpha0p1,104,0,subject104_client0,3830,2,standing,704.18
0.1,alpha0p1,104,0,subject104_client0,3831,2,standing,705.46
0.1,alpha0p1,104,0,subject104_client0,3832,2,standing,706.74
0.1,alpha0p1,104,0,subject104_client0,3833,2,standing,708.02
0.1,alpha0p1,104,0,subject104_client0,3834,2,standing,709.3
0.1,alpha0p1,104,0,subject104_client0,3835,2,standing,710.58
0.1,alpha0p1,104,0,subject104_client0,3836,2,standing,711.86
0.1,alpha0p1,104,0,subject104_client0,3837,2,standing,713.14
0.1,alpha0p1,104,0,subject104_client0,3838,2,standing,714.42
0.1,alpha0p1,104,0,subject104_client0,3839,2,standing,715.7
0.1,alpha0p1,104,0,subject104_client0,3840,2,standing,716.98
0.1,alpha0p1,104,0,subject104_client0,3841,2,standing,718.26
0.1,alpha0p1,104,0,subject104_client0,3842,2,standing,719.54
0.1,alpha0p1,104,0,subject104_client0,3843,2,standing,720.82
0.1,alpha0p1,104,0,subject104_client0,3844,2,standing,722.1
0.1,alpha0p1,104,0,subject104_client0,3845,2,standing,723.38
0.1,alpha0p1,104,0,subject104_client0,3846,2,standing,724.66
0.1,alpha0p1,104,0,subject104_client0,3847,2,standing,725.94
0.1,alpha0p1,104,0,subject104_client0,3848,2,standing,727.22
0.1,alpha0p1,104,0,subject104_client0,3849,2,standing,728.5
0.1,alpha0p1,104,0,subject104_client0,3850,2,standing,729.78
0.1,alpha0p1,104,0,subject104_client0,3851,2,standing,731.06
0.1,alpha0p1,104,0,subject104_client0,3852,2,standing,732.34
0.1,alpha0p1,104,0,subject104_client0,3853,2,standing,733.62
0.1,alpha0p1,104,0,subject104_client0,3854,2,standing,734.9
0.1,alpha0p1,104,0,subject104_client0,3855,2,standing,736.18
0.1,alpha0p1,104,0,subject104_client0,3856,2,standing,737.46
0.1,alpha0p1,104,0,subject104_client0,3857,2,standing,738.74
0.1,alpha0p1,104,0,subject104_client0,3858,2,standing,740.02
0.1,alpha0p1,104,0,subject104_client0,3859,2,standing,741.3
0.1,alpha0p1,104,0,subject104_client0,3860,2,standing,742.58
0.1,alpha0p1,104,0,subject104_client0,3861,2,standing,743.86
0.1,alpha0p1,104,0,subject104_client0,3862,2,standing,745.14
0.1,alpha0p1,104,0,subject104_client0,3863,2,standing,746.42
0.1,alpha0p1,104,0,subject104_client0,3864,2,standing,747.7
0.1,alpha0p1,104,0,subject104_client0,3865,2,standing,748.98
0.1,alpha0p1,104,0,subject104_client0,3866,2,standing,750.26
0.1,alpha0p1,104,0,subject104_client0,3867,2,standing,751.54
0.1,alpha0p1,104,0,subject104_client0,3868,2,standing,752.82
0.1,alpha0p1,104,0,subject104_client0,3869,2,standing,754.1
0.1,alpha0p1,104,0,subject104_client0,3870,2,standing,755.38
0.1,alpha0p1,104,0,subject104_client0,3871,2,standing,756.66
0.1,alpha0p1,104,0,subject104_client0,3872,2,standing,757.94
0.1,alpha0p1,104,0,subject104_client0,3873,2,standing,759.22
0.1,alpha0p1,104,0,subject104_client0,3874,2,standing,760.5
0.1,alpha0p1,104,0,subject104_client0,3875,2,standing,761.78
0.1,alpha0p1,104,0,subject104_client0,3876,2,standing,763.06
0.1,alpha0p1,104,0,subject104_client0,3877,2,standing,764.34
0.1,alpha0p1,104,0,subject104_client0,3878,2,standing,765.62
0.1,alpha0p1,104,0,subject104_client0,3879,2,standing,766.9
0.1,alpha0p1,104,0,subject104_client0,3880,2,standing,768.18
0.1,alpha0p1,104,0,subject104_client0,3881,2,standing,769.46
0.1,alpha0p1,104,0,subject104_client0,3882,2,standing,770.74
0.1,alpha0p1,104,0,subject104_client0,3883,2,standing,772.02
0.1,alpha0p1,104,0,subject104_client0,3884,2,standing,773.3
0.1,alpha0p1,104,0,subject104_client0,3885,2,standing,774.58
0.1,alpha0p1,104,0,subject104_client0,3886,2,standing,775.86
0.1,alpha0p1,104,0,subject104_client0,3887,2,standing,777.14
0.1,alpha0p1,104,0,subject104_client0,3888,2,standing,778.42
0.1,alpha0p1,104,0,subject104_client0,3889,2,standing,779.7
0.1,alpha0p1,104,0,subject104_client0,3890,2,standing,780.98
0.1,alpha0p1,104,0,subject104_client0,3891,2,standing,782.26
0.1,alpha0p1,104,0,subject104_client0,3892,2,standing,783.54
0.1,alpha0p1,104,0,subject104_client0,3893,2,standing,784.82
0.1,alpha0p1,104,0,subject104_client0,3894,2,standing,786.1
0.1,alpha0p1,104,0,subject104_client0,3895,2,standing,787.38
0.1,alpha0p1,104,0,subject104_client0,3896,2,standing,788.66
0.1,alpha0p1,104,0,subject104_client0,3897,2,standing,789.94
0.1,alpha0p1,104,0,subject104_client0,3898,2,standing,791.22
0.1,alpha0p1,104,0,subject104_client0,3899,2,standing,792.5
0.1,alpha0p1,104,0,subject104_client0,3900,2,standing,793.78
0.1,alpha0p1,104,0,subject104_client0,3901,2,standing,795.06
0.1,alpha0p1,104,0,subject104_client0,3902,2,standing,796.34
0.1,alpha0p1,104,0,subject104_client0,3903,2,standing,797.62
0.1,alpha0p1,104,0,subject104_client0,3904,2,standing,798.9
0.1,alpha0p1,104,0,subject104_client0,3905,2,standing,800.18
0.1,alpha0p1,104,0,subject104_client0,3906,2,standing,801.46
0.1,alpha0p1,104,0,subject104_client0,3907,2,standing,802.74
0.1,alpha0p1,104,0,subject104_client0,3908,2,standing,804.02
0.1,alpha0p1,104,0,subject104_client0,3909,2,standing,805.3
0.1,alpha0p1,104,0,subject104_client0,3910,2,standing,806.58
0.1,alpha0p1,104,0,subject104_client0,3911,2,standing,807.86
0.1,alpha0p1,104,0,subject104_client0,3912,2,standing,809.14
0.1,alpha0p1,104,0,subject104_client0,3913,2,standing,810.42
0.1,alpha0p1,104,0,subject104_client0,3914,2,standing,811.7
0.1,alpha0p1,104,0,subject104_client0,3915,2,standing,812.98
0.1,alpha0p1,104,0,subject104_client0,3916,2,standing,814.26
0.1,alpha0p1,104,0,subject104_client0,3917,2,standing,815.54
0.1,alpha0p1,104,0,subject104_client0,3918,2,standing,816.82
0.1,alpha0p1,104,0,subject104_client0,3919,2,standing,818.1
0.1,alpha0p1,104,0,subject104_client0,3920,2,standing,819.38
0.1,alpha0p1,104,0,subject104_client0,3921,2,standing,820.66
0.1,alpha0p1,104,0,subject104_client0,3922,2,standing,821.94
0.1,alpha0p1,104,0,subject104_client0,3923,2,standing,823.22
0.1,alpha0p1,104,0,subject104_client0,3924,2,standing,824.5
0.1,alpha0p1,104,0,subject104_client0,3925,2,standing,825.78
0.1,alpha0p1,104,0,subject104_client0,3926,2,standing,827.06
0.1,alpha0p1,104,0,subject104_client0,3927,2,standing,828.34
0.1,alpha0p1,104,0,subject104_client0,3928,2,standing,829.62
0.1,alpha0p1,104,0,subject104_client0,3929,2,standing,830.9
0.1,alpha0p1,104,0,subject104_client0,3930,2,standing,832.18
0.1,alpha0p1,104,0,subject104_client0,3931,2,standing,833.46
0.1,alpha0p1,104,0,subject104_client0,3932,2,standing,834.74
0.1,alpha0p1,104,0,subject104_client0,3933,2,standing,836.02
0.1,alpha0p1,104,0,subject104_client0,3934,2,standing,837.3
0.1,alpha0p1,104,0,subject104_client0,3935,2,standing,838.58
0.1,alpha0p1,104,0,subject104_client0,3936,2,standing,839.86
0.1,alpha0p1,104,0,subject104_client0,3937,2,standing,841.14
0.1,alpha0p1,104,0,subject104_client0,3938,2,standing,842.42
0.1,alpha0p1,104,0,subject104_client0,3939,2,standing,843.7
0.1,alpha0p1,104,0,subject104_client0,3940,2,standing,844.98
0.1,alpha0p1,104,0,subject104_client0,3941,2,standing,846.26
0.1,alpha0p1,104,0,subject104_client0,3942,2,standing,847.54
0.1,alpha0p1,104,0,subject104_client0,3943,2,standing,848.82
0.1,alpha0p1,104,0,subject104_client0,3944,2,standing,850.1
0.1,alpha0p1,104,0,subject104_client0,3945,2,standing,851.38
0.1,alpha0p1,104,0,subject104_client0,3946,2,standing,852.66
0.1,alpha0p1,104,0,subject104_client0,3947,2,standing,853.94
0.1,alpha0p1,104,0,subject104_client0,3948,2,standing,855.22
0.1,alpha0p1,104,0,subject104_client0,3949,2,standing,856.5
0.1,alpha0p1,104,0,subject104_client0,3950,2,standing,857.78
0.1,alpha0p1,104,0,subject104_client0,3951,10,ironing,860.36
0.1,alpha0p1,104,0,subject104_client0,3952,10,ironing,861.64
0.1,alpha0p1,104,0,subject104_client0,3953,10,ironing,862.92
0.1,alpha0p1,104,0,subject104_client0,3954,10,ironing,864.2
0.1,alpha0p1,104,0,subject104_client0,3955,10,ironing,865.48
0.1,alpha0p1,104,0,subject104_client0,3956,10,ironing,866.76
0.1,alpha0p1,104,0,subject104_client0,3957,10,ironing,868.04
0.1,alpha0p1,104,0,subject104_client0,3958,10,ironing,869.32
0.1,alpha0p1,104,0,subject104_client0,3959,10,ironing,870.6
0.1,alpha0p1,104,0,subject104_client0,3960,10,ironing,871.88
0.1,alpha0p1,104,0,subject104_client0,3961,10,ironing,873.16
0.1,alpha0p1,104,0,subject104_client0,3962,10,ironing,874.44
0.1,alpha0p1,104,0,subject104_client0,3963,10,ironing,875.72
0.1,alpha0p1,104,0,subject104_client0,3964,10,ironing,877.0
0.1,alpha0p1,104,0,subject104_client0,3965,10,ironing,878.28
0.1,alpha0p1,104,0,subject104_client0,3966,10,ironing,879.56
0.1,alpha0p1,104,0,subject104_client0,3967,10,ironing,880.84
0.1,alpha0p1,104,0,subject104_client0,3968,10,ironing,882.12
0.1,alpha0p1,104,0,subject104_client0,3969,10,ironing,883.4
0.1,alpha0p1,104,0,subject104_client0,3970,10,ironing,884.68
0.1,alpha0p1,104,0,subject104_client0,3971,10,ironing,885.96
0.1,alpha0p1,104,0,subject104_client0,3972,10,ironing,887.24
0.1,alpha0p1,104,0,subject104_client0,3973,10,ironing,888.52
0.1,alpha0p1,104,0,subject104_client0,3974,10,ironing,889.8
0.1,alpha0p1,104,0,subject104_client0,3975,10,ironing,891.08
0.1,alpha0p1,104,0,subject104_client0,3976,10,ironing,892.36
0.1,alpha0p1,104,0,subject104_client0,3977,10,ironing,893.64
0.1,alpha0p1,104,0,subject104_client0,3978,10,ironing,894.92
0.1,alpha0p1,104,0,subject104_client0,3979,10,ironing,896.2
0.1,alpha0p1,104,0,subject104_client0,3980,10,ironing,897.48
0.1,alpha0p1,104,0,subject104_client0,3981,10,ironing,898.76
0.1,alpha0p1,104,0,subject104_client0,3982,10,ironing,900.04
0.1,alpha0p1,104,0,subject104_client0,3983,10,ironing,901.32
0.1,alpha0p1,104,0,subject104_client0,3984,10,ironing,902.6
0.1,alpha0p1,104,0,subject104_client0,3985,10,ironing,903.88
0.1,alpha0p1,104,0,subject104_client0,3986,10,ironing,905.16
0.1,alpha0p1,104,0,subject104_client0,3987,10,ironing,906.44
0.1,alpha0p1,104,0,subject104_client0,3988,10,ironing,907.72
0.1,alpha0p1,104,0,subject104_client0,3989,10,ironing,909.0
0.1,alpha0p1,104,0,subject104_client0,3990,10,ironing,910.28
0.1,alpha0p1,104,0,subject104_client0,3991,10,ironing,911.56
0.1,alpha0p1,104,0,subject104_client0,3992,10,ironing,912.84
0.1,alpha0p1,104,0,subject104_client0,3993,10,ironing,914.12
0.1,alpha0p1,104,0,subject104_client0,3994,10,ironing,915.4
0.1,alpha0p1,104,0,subject104_client0,3995,10,ironing,916.68
0.1,alpha0p1,104,0,subject104_client0,3996,10,ironing,917.96
0.1,alpha0p1,104,0,subject104_client0,3997,10,ironing,919.24
0.1,alpha0p1,104,0,subject104_client0,3998,10,ironing,920.52
0.1,alpha0p1,104,0,subject104_client0,3999,10,ironing,921.8
0.1,alpha0p1,104,0,subject104_client0,4000,10,ironing,923.08
0.1,alpha0p1,104,0,subject104_client0,4001,10,ironing,924.36
0.1,alpha0p1,104,0,subject104_client0,4002,10,ironing,925.64
0.1,alpha0p1,104,0,subject104_client0,4003,10,ironing,926.92
0.1,alpha0p1,104,0,subject104_client0,4004,10,ironing,928.2
0.1,alpha0p1,104,0,subject104_client0,4005,10,ironing,929.48
0.1,alpha0p1,104,0,subject104_client0,4006,10,ironing,930.76
0.1,alpha0p1,104,0,subject104_client0,4007,10,ironing,932.04
0.1,alpha0p1,104,0,subject104_client0,4008,10,ironing,933.32
0.1,alpha0p1,104,0,subject104_client0,4009,10,ironing,934.6
0.1,alpha0p1,104,0,subject104_client0,4010,10,ironing,935.88
0.1,alpha0p1,104,0,subject104_client0,4011,10,ironing,937.16
0.1,alpha0p1,104,0,subject104_client0,4012,10,ironing,938.44
0.1,alpha0p1,104,0,subject104_client0,4013,10,ironing,939.72
0.1,alpha0p1,104,0,subject104_client0,4014,10,ironing,941.0
0.1,alpha0p1,104,0,subject104_client0,4015,10,ironing,942.28
0.1,alpha0p1,104,0,subject104_client0,4016,10,ironing,943.56
0.1,alpha0p1,104,0,subject104_client0,4017,10,ironing,944.84
0.1,alpha0p1,104,0,subject104_client0,4018,10,ironing,946.12
0.1,alpha0p1,104,0,subject104_client0,4019,10,ironing,947.4
0.1,alpha0p1,104,0,subject104_client0,4020,10,ironing,948.68
0.1,alpha0p1,104,0,subject104_client0,4021,10,ironing,949.96
0.1,alpha0p1,104,0,subject104_client0,4022,10,ironing,951.24
0.1,alpha0p1,104,0,subject104_client0,4023,10,ironing,952.52
0.1,alpha0p1,104,0,subject104_client0,4024,10,ironing,953.8
0.1,alpha0p1,104,0,subject104_client0,4025,10,ironing,955.08
0.1,alpha0p1,104,0,subject104_client0,4026,10,ironing,956.36
0.1,alpha0p1,104,0,subject104_client0,4027,10,ironing,957.64
0.1,alpha0p1,104,0,subject104_client0,4028,10,ironing,958.92
0.1,alpha0p1,104,0,subject104_client0,4029,10,ironing,960.2
0.1,alpha0p1,104,0,subject104_client0,4030,10,ironing,961.48
0.1,alpha0p1,104,0,subject104_client0,4031,10,ironing,962.76
0.1,alpha0p1,104,0,subject104_client0,4032,10,ironing,964.04
0.1,alpha0p1,104,0,subject104_client0,4033,10,ironing,965.32
0.1,alpha0p1,104,0,subject104_client0,4034,10,ironing,966.6
0.1,alpha0p1,104,0,subject104_client0,4035,10,ironing,967.88
0.1,alpha0p1,104,0,subject104_client0,4036,10,ironing,969.16
0.1,alpha0p1,104,0,subject104_client0,4037,10,ironing,970.44
0.1,alpha0p1,104,0,subject104_client0,4038,10,ironing,971.72
0.1,alpha0p1,104,0,subject104_client0,4039,10,ironing,973.0
0.1,alpha0p1,104,0,subject104_client0,4040,10,ironing,974.28
0.1,alpha0p1,104,0,subject104_client0,4041,10,ironing,975.56
0.1,alpha0p1,104,0,subject104_client0,4042,10,ironing,976.84
0.1,alpha0p1,104,0,subject104_client0,4043,10,ironing,978.12
0.1,alpha0p1,104,0,subject104_client0,4044,10,ironing,979.4
0.1,alpha0p1,104,0,subject104_client0,4045,10,ironing,980.68
0.1,alpha0p1,104,0,subject104_client0,4046,10,ironing,981.96
0.1,alpha0p1,104,0,subject104_client0,4047,10,ironing,983.24
0.1,alpha0p1,104,0,subject104_client0,4048,10,ironing,984.52
0.1,alpha0p1,104,0,subject104_client0,4049,10,ironing,985.8
0.1,alpha0p1,104,0,subject104_client0,4050,10,ironing,987.08
0.1,alpha0p1,104,0,subject104_client0,4051,10,ironing,988.36
0.1,alpha0p1,104,0,subject104_client0,4052,10,ironing,989.64
0.1,alpha0p1,104,0,subject104_client0,4053,10,ironing,990.92
0.1,alpha0p1,104,0,subject104_client0,4054,10,ironing,992.2
0.1,alpha0p1,104,0,subject104_client0,4055,10,ironing,993.48
0.1,alpha0p1,104,0,subject104_client0,4056,10,ironing,994.76
0.1,alpha0p1,104,0,subject104_client0,4057,10,ironing,996.04
0.1,alpha0p1,104,0,subject104_client0,4058,10,ironing,997.32
0.1,alpha0p1,104,0,subject104_client0,4059,10,ironing,998.6
0.1,alpha0p1,104,0,subject104_client0,4060,10,ironing,999.88
0.1,alpha0p1,104,0,subject104_client0,4061,10,ironing,1001.16
0.1,alpha0p1,104,0,subject104_client0,4062,10,ironing,1002.44
0.1,alpha0p1,104,0,subject104_client0,4063,10,ironing,1003.72
0.1,alpha0p1,104,0,subject104_client0,4064,10,ironing,1005.0
0.1,alpha0p1,104,0,subject104_client0,4065,10,ironing,1006.28
0.1,alpha0p1,104,0,subject104_client0,4066,10,ironing,1007.56
0.1,alpha0p1,104,0,subject104_client0,4067,10,ironing,1008.84
0.1,alpha0p1,104,0,subject104_client0,4068,10,ironing,1010.12
0.1,alpha0p1,104,0,subject104_client0,4069,10,ironing,1011.4
0.1,alpha0p1,104,0,subject104_client0,4070,10,ironing,1012.68
0.1,alpha0p1,104,0,subject104_client0,4071,10,ironing,1013.96
0.1,alpha0p1,104,0,subject104_client0,4072,10,ironing,1015.24
0.1,alpha0p1,104,0,subject104_client0,4073,10,ironing,1016.52
0.1,alpha0p1,104,0,subject104_client0,4074,10,ironing,1017.8
0.1,alpha0p1,104,0,subject104_client0,4075,10,ironing,1019.08
0.1,alpha0p1,104,0,subject104_client0,4076,10,ironing,1020.36
0.1,alpha0p1,104,0,subject104_client0,4077,10,ironing,1021.64
0.1,alpha0p1,104,0,subject104_client0,4078,10,ironing,1022.92
0.1,alpha0p1,104,0,subject104_client0,4079,10,ironing,1024.2
0.1,alpha0p1,104,0,subject104_client0,4080,10,ironing,1025.48
0.1,alpha0p1,104,0,subject104_client0,4081,10,ironing,1026.76
0.1,alpha0p1,104,0,subject104_client0,4082,10,ironing,1028.04
0.1,alpha0p1,104,0,subject104_client0,4083,10,ironing,1029.32
0.1,alpha0p1,104,0,subject104_client0,4084,10,ironing,1030.6
0.1,alpha0p1,104,0,subject104_client0,4085,10,ironing,1031.88
0.1,alpha0p1,104,0,subject104_client0,4086,10,ironing,1033.16
0.1,alpha0p1,104,0,subject104_client0,4087,10,ironing,1034.44
0.1,alpha0p1,104,0,subject104_client0,4088,10,ironing,1035.72
0.1,alpha0p1,104,0,subject104_client0,4089,10,ironing,1037.0
0.1,alpha0p1,104,0,subject104_client0,4090,10,ironing,1038.28
0.1,alpha0p1,104,0,subject104_client0,4091,10,ironing,1039.56
0.1,alpha0p1,104,0,subject104_client0,4092,10,ironing,1040.84
0.1,alpha0p1,104,0,subject104_client0,4093,10,ironing,1042.12
0.1,alpha0p1,104,0,subject104_client0,4094,10,ironing,1043.4
0.1,alpha0p1,104,0,subject104_client0,4095,10,ironing,1044.68
0.1,alpha0p1,104,0,subject104_client0,4096,10,ironing,1045.96
0.1,alpha0p1,104,0,subject104_client0,4097,10,ironing,1047.24
0.1,alpha0p1,104,0,subject104_client0,4098,10,ironing,1048.52
0.1,alpha0p1,104,0,subject104_client0,4099,10,ironing,1049.8
0.1,alpha0p1,104,0,subject104_client0,4100,10,ironing,1051.08
0.1,alpha0p1,104,0,subject104_client0,4101,10,ironing,1052.36
0.1,alpha0p1,104,0,subject104_client0,4102,10,ironing,1053.64
0.1,alpha0p1,104,0,subject104_client0,4103,10,ironing,1054.92
0.1,alpha0p1,104,0,subject104_client0,4104,10,ironing,1056.2
0.1,alpha0p1,104,0,subject104_client0,4105,10,ironing,1057.48
0.1,alpha0p1,104,0,subject104_client0,4106,10,ironing,1058.76
0.1,alpha0p1,104,0,subject104_client0,4107,10,ironing,1060.04
0.1,alpha0p1,104,0,subject104_client0,4108,10,ironing,1061.32
0.1,alpha0p1,104,0,subject104_client0,4109,10,ironing,1062.6
0.1,alpha0p1,104,0,subject104_client0,4110,10,ironing,1063.88
0.1,alpha0p1,104,0,subject104_client0,4111,10,ironing,1065.16
0.1,alpha0p1,104,0,subject104_client0,4112,10,ironing,1066.44
0.1,alpha0p1,104,0,subject104_client0,4113,10,ironing,1067.72
0.1,alpha0p1,104,0,subject104_client0,4114,10,ironing,1069.0
0.1,alpha0p1,104,0,subject104_client0,4115,10,ironing,1070.28
0.1,alpha0p1,104,0,subject104_client0,4116,10,ironing,1071.56
0.1,alpha0p1,104,0,subject104_client0,4117,10,ironing,1072.84
0.1,alpha0p1,104,0,subject104_client0,4118,10,ironing,1074.12
0.1,alpha0p1,104,0,subject104_client0,4119,10,ironing,1075.4
0.1,alpha0p1,104,0,subject104_client0,4120,10,ironing,1076.68
0.1,alpha0p1,104,0,subject104_client0,4121,10,ironing,1077.96
0.1,alpha0p1,104,0,subject104_client0,4122,10,ironing,1079.24
0.1,alpha0p1,104,0,subject104_client0,4123,10,ironing,1080.52
0.1,alpha0p1,104,0,subject104_client0,4124,10,ironing,1081.8
0.1,alpha0p1,104,0,subject104_client0,4125,10,ironing,1083.08
0.1,alpha0p1,104,0,subject104_client0,4126,10,ironing,1084.36
0.1,alpha0p1,104,0,subject104_client0,4127,10,ironing,1085.64
0.1,alpha0p1,104,0,subject104_client0,4128,10,ironing,1086.92
0.1,alpha0p1,104,0,subject104_client0,4129,10,ironing,1088.2
0.1,alpha0p1,104,0,subject104_client0,4130,10,ironing,1089.48
0.1,alpha0p1,104,0,subject104_client0,4131,10,ironing,1090.76
0.1,alpha0p1,104,0,subject104_client0,4132,10,ironing,1092.04
0.1,alpha0p1,104,0,subject104_client0,4133,10,ironing,1093.32
0.1,alpha0p1,104,0,subject104_client0,4134,10,ironing,1094.6
0.1,alpha0p1,104,0,subject104_client0,4135,10,ironing,1095.88
0.1,alpha0p1,104,0,subject104_client0,4136,10,ironing,1097.16
0.1,alpha0p1,104,0,subject104_client0,4137,10,ironing,1098.44
0.1,alpha0p1,104,0,subject104_client0,4138,10,ironing,1099.72
0.1,alpha0p1,104,0,subject104_client0,4139,10,ironing,1101.0
0.1,alpha0p1,104,0,subject104_client0,4140,10,ironing,1102.28
0.1,alpha0p1,104,0,subject104_client0,4141,10,ironing,1103.56
0.1,alpha0p1,104,0,subject104_client0,4142,10,ironing,1104.84
0.1,alpha0p1,104,0,subject104_client0,4143,10,ironing,1106.12
0.1,alpha0p1,104,0,subject104_client0,4144,10,ironing,1107.4
0.1,alpha0p1,104,2,subject104_client2,4145,9,vacuum cleaning,1175.11
0.1,alpha0p1,104,2,subject104_client2,4146,9,vacuum cleaning,1176.39
0.1,alpha0p1,104,2,subject104_client2,4147,9,vacuum cleaning,1177.67
0.1,alpha0p1,104,2,subject104_client2,4148,9,vacuum cleaning,1178.95
0.1,alpha0p1,104,2,subject104_client2,4149,9,vacuum cleaning,1180.23
0.1,alpha0p1,104,2,subject104_client2,4150,9,vacuum cleaning,1181.51
0.1,alpha0p1,104,2,subject104_client2,4151,9,vacuum cleaning,1182.79
0.1,alpha0p1,104,2,subject104_client2,4152,9,vacuum cleaning,1184.07
0.1,alpha0p1,104,2,subject104_client2,4153,9,vacuum cleaning,1185.35
0.1,alpha0p1,104,2,subject104_client2,4154,9,vacuum cleaning,1186.63
0.1,alpha0p1,104,2,subject104_client2,4155,9,vacuum cleaning,1187.91
0.1,alpha0p1,104,2,subject104_client2,4156,9,vacuum cleaning,1189.19
0.1,alpha0p1,104,2,subject104_client2,4157,9,vacuum cleaning,1190.47
0.1,alpha0p1,104,2,subject104_client2,4158,9,vacuum cleaning,1191.75
0.1,alpha0p1,104,2,subject104_client2,4159,9,vacuum cleaning,1193.03
0.1,alpha0p1,104,2,subject104_client2,4160,9,vacuum cleaning,1194.31
0.1,alpha0p1,104,2,subject104_client2,4161,9,vacuum cleaning,1195.59
0.1,alpha0p1,104,2,subject104_client2,4162,9,vacuum cleaning,1196.87
0.1,alpha0p1,104,2,subject104_client2,4163,9,vacuum cleaning,1198.15
0.1,alpha0p1,104,2,subject104_client2,4164,9,vacuum cleaning,1199.43
0.1,alpha0p1,104,2,subject104_client2,4165,9,vacuum cleaning,1200.71
0.1,alpha0p1,104,2,subject104_client2,4166,9,vacuum cleaning,1201.99
0.1,alpha0p1,104,2,subject104_client2,4167,9,vacuum cleaning,1203.27
0.1,alpha0p1,104,2,subject104_client2,4168,9,vacuum cleaning,1204.55
0.1,alpha0p1,104,2,subject104_client2,4169,9,vacuum cleaning,1205.83
0.1,alpha0p1,104,2,subject104_client2,4170,9,vacuum cleaning,1207.11
0.1,alpha0p1,104,2,subject104_client2,4171,9,vacuum cleaning,1208.39
0.1,alpha0p1,104,2,subject104_client2,4172,9,vacuum cleaning,1209.67
0.1,alpha0p1,104,2,subject104_client2,4173,9,vacuum cleaning,1210.95
0.1,alpha0p1,104,2,subject104_client2,4174,9,vacuum cleaning,1212.23
0.1,alpha0p1,104,2,subject104_client2,4175,9,vacuum cleaning,1213.51
0.1,alpha0p1,104,2,subject104_client2,4176,9,vacuum cleaning,1214.79
0.1,alpha0p1,104,2,subject104_client2,4177,9,vacuum cleaning,1216.07
0.1,alpha0p1,104,2,subject104_client2,4178,9,vacuum cleaning,1217.35
0.1,alpha0p1,104,2,subject104_client2,4179,9,vacuum cleaning,1218.63
0.1,alpha0p1,104,2,subject104_client2,4180,9,vacuum cleaning,1219.91
0.1,alpha0p1,104,2,subject104_client2,4181,9,vacuum cleaning,1221.19
0.1,alpha0p1,104,2,subject104_client2,4182,9,vacuum cleaning,1222.47
0.1,alpha0p1,104,2,subject104_client2,4183,9,vacuum cleaning,1223.75
0.1,alpha0p1,104,2,subject104_client2,4184,9,vacuum cleaning,1225.03
0.1,alpha0p1,104,2,subject104_client2,4185,9,vacuum cleaning,1226.31
0.1,alpha0p1,104,2,subject104_client2,4186,9,vacuum cleaning,1227.59
0.1,alpha0p1,104,2,subject104_client2,4187,9,vacuum cleaning,1228.87
0.1,alpha0p1,104,2,subject104_client2,4188,9,vacuum cleaning,1230.15
0.1,alpha0p1,104,2,subject104_client2,4189,9,vacuum cleaning,1231.43
0.1,alpha0p1,104,2,subject104_client2,4190,9,vacuum cleaning,1232.71
0.1,alpha0p1,104,2,subject104_client2,4191,9,vacuum cleaning,1233.99
0.1,alpha0p1,104,2,subject104_client2,4192,9,vacuum cleaning,1235.27
0.1,alpha0p1,104,2,subject104_client2,4193,9,vacuum cleaning,1236.55
0.1,alpha0p1,104,2,subject104_client2,4194,9,vacuum cleaning,1237.83
0.1,alpha0p1,104,2,subject104_client2,4195,9,vacuum cleaning,1239.11
0.1,alpha0p1,104,2,subject104_client2,4196,9,vacuum cleaning,1240.39
0.1,alpha0p1,104,2,subject104_client2,4197,9,vacuum cleaning,1241.67
0.1,alpha0p1,104,2,subject104_client2,4198,9,vacuum cleaning,1242.95
0.1,alpha0p1,104,2,subject104_client2,4199,9,vacuum cleaning,1244.23
0.1,alpha0p1,104,2,subject104_client2,4200,9,vacuum cleaning,1245.51
0.1,alpha0p1,104,2,subject104_client2,4201,9,vacuum cleaning,1246.79
0.1,alpha0p1,104,2,subject104_client2,4202,9,vacuum cleaning,1248.07
0.1,alpha0p1,104,2,subject104_client2,4203,9,vacuum cleaning,1249.35
0.1,alpha0p1,104,2,subject104_client2,4204,9,vacuum cleaning,1250.63
0.1,alpha0p1,104,2,subject104_client2,4205,9,vacuum cleaning,1251.91
0.1,alpha0p1,104,2,subject104_client2,4206,9,vacuum cleaning,1253.19
0.1,alpha0p1,104,2,subject104_client2,4207,9,vacuum cleaning,1254.47
0.1,alpha0p1,104,2,subject104_client2,4208,9,vacuum cleaning,1255.75
0.1,alpha0p1,104,2,subject104_client2,4209,9,vacuum cleaning,1257.03
0.1,alpha0p1,104,2,subject104_client2,4210,9,vacuum cleaning,1258.31
0.1,alpha0p1,104,2,subject104_client2,4211,9,vacuum cleaning,1259.59
0.1,alpha0p1,104,2,subject104_client2,4212,9,vacuum cleaning,1260.87
0.1,alpha0p1,104,2,subject104_client2,4213,9,vacuum cleaning,1262.15
0.1,alpha0p1,104,2,subject104_client2,4214,9,vacuum cleaning,1263.43
0.1,alpha0p1,104,2,subject104_client2,4215,9,vacuum cleaning,1264.71
0.1,alpha0p1,104,2,subject104_client2,4216,9,vacuum cleaning,1265.99
0.1,alpha0p1,104,2,subject104_client2,4217,9,vacuum cleaning,1267.27
0.1,alpha0p1,104,2,subject104_client2,4218,9,vacuum cleaning,1268.55
0.1,alpha0p1,104,2,subject104_client2,4219,9,vacuum cleaning,1269.83
0.1,alpha0p1,104,2,subject104_client2,4220,9,vacuum cleaning,1271.11
0.1,alpha0p1,104,2,subject104_client2,4221,9,vacuum cleaning,1272.39
0.1,alpha0p1,104,2,subject104_client2,4222,9,vacuum cleaning,1273.67
0.1,alpha0p1,104,2,subject104_client2,4223,9,vacuum cleaning,1274.95
0.1,alpha0p1,104,2,subject104_client2,4224,9,vacuum cleaning,1276.23
0.1,alpha0p1,104,2,subject104_client2,4225,9,vacuum cleaning,1277.51
0.1,alpha0p1,104,2,subject104_client2,4226,9,vacuum cleaning,1278.79
0.1,alpha0p1,104,2,subject104_client2,4227,9,vacuum cleaning,1280.07
0.1,alpha0p1,104,2,subject104_client2,4228,9,vacuum cleaning,1281.35
0.1,alpha0p1,104,2,subject104_client2,4229,9,vacuum cleaning,1282.63
0.1,alpha0p1,104,2,subject104_client2,4230,9,vacuum cleaning,1283.91
0.1,alpha0p1,104,2,subject104_client2,4231,9,vacuum cleaning,1285.19
0.1,alpha0p1,104,2,subject104_client2,4232,9,vacuum cleaning,1286.47
0.1,alpha0p1,104,2,subject104_client2,4233,9,vacuum cleaning,1287.75
0.1,alpha0p1,104,2,subject104_client2,4234,9,vacuum cleaning,1289.03
0.1,alpha0p1,104,2,subject104_client2,4235,9,vacuum cleaning,1290.31
0.1,alpha0p1,104,2,subject104_client2,4236,9,vacuum cleaning,1291.59
0.1,alpha0p1,104,2,subject104_client2,4237,9,vacuum cleaning,1292.87
0.1,alpha0p1,104,2,subject104_client2,4238,9,vacuum cleaning,1294.15
0.1,alpha0p1,104,2,subject104_client2,4239,9,vacuum cleaning,1295.43
0.1,alpha0p1,104,2,subject104_client2,4240,9,vacuum cleaning,1296.71
0.1,alpha0p1,104,2,subject104_client2,4241,9,vacuum cleaning,1297.99
0.1,alpha0p1,104,2,subject104_client2,4242,9,vacuum cleaning,1299.27
0.1,alpha0p1,104,2,subject104_client2,4243,9,vacuum cleaning,1300.55
0.1,alpha0p1,104,2,subject104_client2,4244,9,vacuum cleaning,1301.83
0.1,alpha0p1,104,2,subject104_client2,4245,9,vacuum cleaning,1303.11
0.1,alpha0p1,104,2,subject104_client2,4246,9,vacuum cleaning,1304.39
0.1,alpha0p1,104,2,subject104_client2,4247,9,vacuum cleaning,1305.67
0.1,alpha0p1,104,2,subject104_client2,4248,9,vacuum cleaning,1306.95
0.1,alpha0p1,104,2,subject104_client2,4249,9,vacuum cleaning,1308.23
0.1,alpha0p1,104,2,subject104_client2,4250,9,vacuum cleaning,1309.51
0.1,alpha0p1,104,2,subject104_client2,4251,9,vacuum cleaning,1310.79
0.1,alpha0p1,104,2,subject104_client2,4252,9,vacuum cleaning,1312.07
0.1,alpha0p1,104,2,subject104_client2,4253,9,vacuum cleaning,1313.35
0.1,alpha0p1,104,2,subject104_client2,4254,9,vacuum cleaning,1314.63
0.1,alpha0p1,104,2,subject104_client2,4255,9,vacuum cleaning,1315.91
0.1,alpha0p1,104,2,subject104_client2,4256,9,vacuum cleaning,1317.19
0.1,alpha0p1,104,2,subject104_client2,4257,9,vacuum cleaning,1318.47
0.1,alpha0p1,104,2,subject104_client2,4258,9,vacuum cleaning,1319.75
0.1,alpha0p1,104,2,subject104_client2,4259,9,vacuum cleaning,1321.03
0.1,alpha0p1,104,2,subject104_client2,4260,9,vacuum cleaning,1322.31
0.1,alpha0p1,104,2,subject104_client2,4261,9,vacuum cleaning,1323.59
0.1,alpha0p1,104,2,subject104_client2,4262,9,vacuum cleaning,1324.87
0.1,alpha0p1,104,2,subject104_client2,4263,9,vacuum cleaning,1326.15
0.1,alpha0p1,104,2,subject104_client2,4264,9,vacuum cleaning,1327.43
0.1,alpha0p1,104,2,subject104_client2,4265,9,vacuum cleaning,1328.71
0.1,alpha0p1,104,2,subject104_client2,4266,9,vacuum cleaning,1329.99
0.1,alpha0p1,104,2,subject104_client2,4267,9,vacuum cleaning,1331.27
0.1,alpha0p1,104,2,subject104_client2,4268,9,vacuum cleaning,1332.55
0.1,alpha0p1,104,2,subject104_client2,4269,9,vacuum cleaning,1333.83
0.1,alpha0p1,104,2,subject104_client2,4270,9,vacuum cleaning,1335.11
0.1,alpha0p1,104,2,subject104_client2,4271,9,vacuum cleaning,1336.39
0.1,alpha0p1,104,2,subject104_client2,4272,9,vacuum cleaning,1337.67
0.1,alpha0p1,104,2,subject104_client2,4273,9,vacuum cleaning,1338.95
0.1,alpha0p1,104,2,subject104_client2,4274,9,vacuum cleaning,1340.23
0.1,alpha0p1,104,2,subject104_client2,4275,9,vacuum cleaning,1341.51
0.1,alpha0p1,104,2,subject104_client2,4276,9,vacuum cleaning,1342.79
0.1,alpha0p1,104,2,subject104_client2,4277,9,vacuum cleaning,1344.07
0.1,alpha0p1,104,2,subject104_client2,4278,9,vacuum cleaning,1345.35
0.1,alpha0p1,104,2,subject104_client2,4279,9,vacuum cleaning,1346.63
0.1,alpha0p1,104,2,subject104_client2,4280,9,vacuum cleaning,1347.91
0.1,alpha0p1,104,2,subject104_client2,4281,9,vacuum cleaning,1349.19
0.1,alpha0p1,104,2,subject104_client2,4282,9,vacuum cleaning,1350.47
0.1,alpha0p1,104,2,subject104_client2,4283,9,vacuum cleaning,1351.75
0.1,alpha0p1,104,2,subject104_client2,4284,9,vacuum cleaning,1353.03
0.1,alpha0p1,104,2,subject104_client2,4285,9,vacuum cleaning,1354.31
0.1,alpha0p1,104,2,subject104_client2,4286,9,vacuum cleaning,1355.59
0.1,alpha0p1,104,2,subject104_client2,4287,9,vacuum cleaning,1356.87
0.1,alpha0p1,104,2,subject104_client2,4288,9,vacuum cleaning,1358.15
0.1,alpha0p1,104,2,subject104_client2,4289,9,vacuum cleaning,1359.43
0.1,alpha0p1,104,2,subject104_client2,4290,9,vacuum cleaning,1360.71
0.1,alpha0p1,104,2,subject104_client2,4291,9,vacuum cleaning,1361.99
0.1,alpha0p1,104,2,subject104_client2,4292,9,vacuum cleaning,1363.27
0.1,alpha0p1,104,2,subject104_client2,4293,9,vacuum cleaning,1364.55
0.1,alpha0p1,104,2,subject104_client2,4294,9,vacuum cleaning,1365.83
0.1,alpha0p1,104,2,subject104_client2,4295,9,vacuum cleaning,1367.11
0.1,alpha0p1,104,2,subject104_client2,4296,9,vacuum cleaning,1368.39
0.1,alpha0p1,104,2,subject104_client2,4297,9,vacuum cleaning,1369.67
0.1,alpha0p1,104,1,subject104_client1,4299,9,vacuum cleaning,1372.23
0.1,alpha0p1,104,0,subject104_client0,4300,7,ascending stairs,1487.96
0.1,alpha0p1,104,0,subject104_client0,4301,7,ascending stairs,1489.24
0.1,alpha0p1,104,0,subject104_client0,4302,7,ascending stairs,1490.52
0.1,alpha0p1,104,0,subject104_client0,4303,7,ascending stairs,1491.8
0.1,alpha0p1,104,0,subject104_client0,4304,7,ascending stairs,1493.08
0.1,alpha0p1,104,0,subject104_client0,4305,7,ascending stairs,1494.36
0.1,alpha0p1,104,0,subject104_client0,4306,7,ascending stairs,1495.64
0.1,alpha0p1,104,0,subject104_client0,4307,7,ascending stairs,1496.92
0.1,alpha0p1,104,0,subject104_client0,4308,7,ascending stairs,1498.2
0.1,alpha0p1,104,0,subject104_client0,4309,7,ascending stairs,1499.48
0.1,alpha0p1,104,0,subject104_client0,4310,7,ascending stairs,1500.76
0.1,alpha0p1,104,0,subject104_client0,4311,7,ascending stairs,1502.04
0.1,alpha0p1,104,0,subject104_client0,4312,7,ascending stairs,1503.32
0.1,alpha0p1,104,0,subject104_client0,4313,7,ascending stairs,1504.6
0.1,alpha0p1,104,0,subject104_client0,4314,7,ascending stairs,1505.88
0.1,alpha0p1,104,0,subject104_client0,4315,7,ascending stairs,1507.16
0.1,alpha0p1,104,0,subject104_client0,4316,7,ascending stairs,1508.44
0.1,alpha0p1,104,0,subject104_client0,4317,7,ascending stairs,1509.72
0.1,alpha0p1,104,0,subject104_client0,4318,7,ascending stairs,1511.0
0.1,alpha0p1,104,0,subject104_client0,4319,7,ascending stairs,1512.28
0.1,alpha0p1,104,0,subject104_client0,4320,7,ascending stairs,1513.56
0.1,alpha0p1,104,0,subject104_client0,4321,7,ascending stairs,1514.84
0.1,alpha0p1,104,0,subject104_client0,4322,7,ascending stairs,1516.12
0.1,alpha0p1,104,0,subject104_client0,4323,7,ascending stairs,1517.4
0.1,alpha0p1,104,0,subject104_client0,4324,7,ascending stairs,1518.68
0.1,alpha0p1,104,0,subject104_client0,4325,7,ascending stairs,1519.96
0.1,alpha0p1,104,0,subject104_client0,4326,7,ascending stairs,1521.24
0.1,alpha0p1,104,0,subject104_client0,4327,7,ascending stairs,1522.52
0.1,alpha0p1,104,0,subject104_client0,4328,7,ascending stairs,1523.8
0.1,alpha0p1,104,0,subject104_client0,4329,7,ascending stairs,1525.08
0.1,alpha0p1,104,0,subject104_client0,4330,7,ascending stairs,1526.36
0.1,alpha0p1,104,0,subject104_client0,4331,7,ascending stairs,1527.64
0.1,alpha0p1,104,0,subject104_client0,4332,7,ascending stairs,1528.92
0.1,alpha0p1,104,0,subject104_client0,4333,7,ascending stairs,1530.2
0.1,alpha0p1,104,0,subject104_client0,4334,7,ascending stairs,1531.48
0.1,alpha0p1,104,0,subject104_client0,4335,7,ascending stairs,1532.76
0.1,alpha0p1,104,0,subject104_client0,4336,7,ascending stairs,1534.04
0.1,alpha0p1,104,0,subject104_client0,4337,7,ascending stairs,1535.32
0.1,alpha0p1,104,0,subject104_client0,4338,7,ascending stairs,1536.6
0.1,alpha0p1,104,3,subject104_client3,4340,7,ascending stairs,1539.16
0.1,alpha0p1,104,3,subject104_client3,4341,7,ascending stairs,1540.44
0.1,alpha0p1,104,3,subject104_client3,4342,7,ascending stairs,1541.72
0.1,alpha0p1,104,3,subject104_client3,4343,7,ascending stairs,1543.0
0.1,alpha0p1,104,3,subject104_client3,4344,7,ascending stairs,1544.28
0.1,alpha0p1,104,3,subject104_client3,4345,7,ascending stairs,1545.56
0.1,alpha0p1,104,3,subject104_client3,4346,7,ascending stairs,1546.84
0.1,alpha0p1,104,3,subject104_client3,4347,7,ascending stairs,1548.12
0.1,alpha0p1,104,3,subject104_client3,4348,7,ascending stairs,1549.4
0.1,alpha0p1,104,3,subject104_client3,4349,7,ascending stairs,1550.68
0.1,alpha0p1,104,3,subject104_client3,4350,7,ascending stairs,1551.96
0.1,alpha0p1,104,3,subject104_client3,4351,7,ascending stairs,1553.24
0.1,alpha0p1,104,3,subject104_client3,4352,7,ascending stairs,1554.52
0.1,alpha0p1,104,3,subject104_client3,4353,7,ascending stairs,1555.8
0.1,alpha0p1,104,3,subject104_client3,4354,7,ascending stairs,1557.08
0.1,alpha0p1,104,3,subject104_client3,4355,7,ascending stairs,1558.36
0.1,alpha0p1,104,3,subject104_client3,4356,7,ascending stairs,1559.64
0.1,alpha0p1,104,3,subject104_client3,4357,7,ascending stairs,1560.92
0.1,alpha0p1,104,3,subject104_client3,4358,7,ascending stairs,1562.2
0.1,alpha0p1,104,3,subject104_client3,4359,7,ascending stairs,1563.48
0.1,alpha0p1,104,3,subject104_client3,4360,7,ascending stairs,1564.76
0.1,alpha0p1,104,3,subject104_client3,4361,7,ascending stairs,1566.04
0.1,alpha0p1,104,3,subject104_client3,4362,7,ascending stairs,1567.32
0.1,alpha0p1,104,3,subject104_client3,4363,7,ascending stairs,1568.6
0.1,alpha0p1,104,3,subject104_client3,4364,7,ascending stairs,1569.88
0.1,alpha0p1,104,2,subject104_client2,4365,8,descending stairs,1688.42
0.1,alpha0p1,104,2,subject104_client2,4366,8,descending stairs,1689.7
0.1,alpha0p1,104,2,subject104_client2,4367,8,descending stairs,1690.98
0.1,alpha0p1,104,2,subject104_client2,4368,8,descending stairs,1692.26
0.1,alpha0p1,104,2,subject104_client2,4369,8,descending stairs,1693.54
0.1,alpha0p1,104,2,subject104_client2,4370,8,descending stairs,1694.82
0.1,alpha0p1,104,2,subject104_client2,4371,8,descending stairs,1696.1
0.1,alpha0p1,104,2,subject104_client2,4372,8,descending stairs,1697.38
0.1,alpha0p1,104,2,subject104_client2,4373,8,descending stairs,1698.66
0.1,alpha0p1,104,2,subject104_client2,4374,8,descending stairs,1699.94
0.1,alpha0p1,104,2,subject104_client2,4375,8,descending stairs,1701.22
0.1,alpha0p1,104,2,subject104_client2,4376,8,descending stairs,1702.5
0.1,alpha0p1,104,1,subject104_client1,4378,8,descending stairs,1705.06
0.1,alpha0p1,104,1,subject104_client1,4379,8,descending stairs,1706.34
0.1,alpha0p1,104,1,subject104_client1,4380,8,descending stairs,1707.62
0.1,alpha0p1,104,1,subject104_client1,4381,8,descending stairs,1708.9
0.1,alpha0p1,104,1,subject104_client1,4382,8,descending stairs,1710.18
0.1,alpha0p1,104,1,subject104_client1,4383,8,descending stairs,1711.46
0.1,alpha0p1,104,1,subject104_client1,4384,8,descending stairs,1712.74
0.1,alpha0p1,104,1,subject104_client1,4385,8,descending stairs,1714.02
0.1,alpha0p1,104,1,subject104_client1,4386,8,descending stairs,1715.3
0.1,alpha0p1,104,1,subject104_client1,4387,8,descending stairs,1716.58
0.1,alpha0p1,104,1,subject104_client1,4388,8,descending stairs,1717.86
0.1,alpha0p1,104,1,subject104_client1,4389,8,descending stairs,1719.14
0.1,alpha0p1,104,1,subject104_client1,4390,8,descending stairs,1720.42
0.1,alpha0p1,104,1,subject104_client1,4391,8,descending stairs,1721.7
0.1,alpha0p1,104,1,subject104_client1,4392,8,descending stairs,1722.98
0.1,alpha0p1,104,1,subject104_client1,4393,8,descending stairs,1724.26
0.1,alpha0p1,104,1,subject104_client1,4394,8,descending stairs,1725.54
0.1,alpha0p1,104,1,subject104_client1,4395,8,descending stairs,1726.82
0.1,alpha0p1,104,1,subject104_client1,4396,8,descending stairs,1728.1
0.1,alpha0p1,104,1,subject104_client1,4397,8,descending stairs,1729.38
0.1,alpha0p1,104,1,subject104_client1,4398,8,descending stairs,1730.66
0.1,alpha0p1,104,1,subject104_client1,4399,8,descending stairs,1731.94
0.1,alpha0p1,104,1,subject104_client1,4400,8,descending stairs,1733.22
0.1,alpha0p1,104,1,subject104_client1,4401,8,descending stairs,1734.5
0.1,alpha0p1,104,1,subject104_client1,4402,8,descending stairs,1735.78
0.1,alpha0p1,104,1,subject104_client1,4403,8,descending stairs,1737.06
0.1,alpha0p1,104,1,subject104_client1,4404,8,descending stairs,1738.34
0.1,alpha0p1,104,1,subject104_client1,4405,8,descending stairs,1739.62
0.1,alpha0p1,104,1,subject104_client1,4406,8,descending stairs,1740.9
0.1,alpha0p1,104,1,subject104_client1,4407,8,descending stairs,1742.18
0.1,alpha0p1,104,1,subject104_client1,4408,8,descending stairs,1743.46
0.1,alpha0p1,104,1,subject104_client1,4409,8,descending stairs,1744.74
0.1,alpha0p1,104,1,subject104_client1,4410,8,descending stairs,1746.02
0.1,alpha0p1,104,1,subject104_client1,4411,8,descending stairs,1747.3
0.1,alpha0p1,104,1,subject104_client1,4412,8,descending stairs,1748.58
0.1,alpha0p1,104,1,subject104_client1,4413,8,descending stairs,1749.86
0.1,alpha0p1,104,1,subject104_client1,4414,8,descending stairs,1751.14
0.1,alpha0p1,104,1,subject104_client1,4415,8,descending stairs,1752.42
0.1,alpha0p1,104,1,subject104_client1,4416,8,descending stairs,1753.7
0.1,alpha0p1,104,1,subject104_client1,4417,8,descending stairs,1754.98
0.1,alpha0p1,104,1,subject104_client1,4418,8,descending stairs,1756.26
0.1,alpha0p1,104,1,subject104_client1,4419,8,descending stairs,1757.54
0.1,alpha0p1,104,1,subject104_client1,4420,8,descending stairs,1758.82
0.1,alpha0p1,104,3,subject104_client3,4421,7,ascending stairs,1789.48
0.1,alpha0p1,104,3,subject104_client3,4422,7,ascending stairs,1790.76
0.1,alpha0p1,104,3,subject104_client3,4423,7,ascending stairs,1792.04
0.1,alpha0p1,104,3,subject104_client3,4424,7,ascending stairs,1793.32
0.1,alpha0p1,104,3,subject104_client3,4425,7,ascending stairs,1794.6
0.1,alpha0p1,104,3,subject104_client3,4426,7,ascending stairs,1795.88
0.1,alpha0p1,104,3,subject104_client3,4427,7,ascending stairs,1797.16
0.1,alpha0p1,104,3,subject104_client3,4428,7,ascending stairs,1798.44
0.1,alpha0p1,104,3,subject104_client3,4429,7,ascending stairs,1799.72
0.1,alpha0p1,104,3,subject104_client3,4430,7,ascending stairs,1801.0
0.1,alpha0p1,104,3,subject104_client3,4431,7,ascending stairs,1802.28
0.1,alpha0p1,104,3,subject104_client3,4432,7,ascending stairs,1803.56
0.1,alpha0p1,104,3,subject104_client3,4433,7,ascending stairs,1804.84
0.1,alpha0p1,104,3,subject104_client3,4434,7,ascending stairs,1806.12
0.1,alpha0p1,104,3,subject104_client3,4435,7,ascending stairs,1807.4
0.1,alpha0p1,104,3,subject104_client3,4436,7,ascending stairs,1808.68
0.1,alpha0p1,104,3,subject104_client3,4437,7,ascending stairs,1809.96
0.1,alpha0p1,104,3,subject104_client3,4438,7,ascending stairs,1811.24
0.1,alpha0p1,104,3,subject104_client3,4439,7,ascending stairs,1812.52
0.1,alpha0p1,104,3,subject104_client3,4440,7,ascending stairs,1813.8
0.1,alpha0p1,104,3,subject104_client3,4441,7,ascending stairs,1815.08
0.1,alpha0p1,104,3,subject104_client3,4442,7,ascending stairs,1816.36
0.1,alpha0p1,104,3,subject104_client3,4443,7,ascending stairs,1817.64
0.1,alpha0p1,104,3,subject104_client3,4444,7,ascending stairs,1818.92
0.1,alpha0p1,104,3,subject104_client3,4445,7,ascending stairs,1820.2
0.1,alpha0p1,104,3,subject104_client3,4446,7,ascending stairs,1821.48
0.1,alpha0p1,104,3,subject104_client3,4447,7,ascending stairs,1822.76
0.1,alpha0p1,104,3,subject104_client3,4448,7,ascending stairs,1824.04
0.1,alpha0p1,104,3,subject104_client3,4449,7,ascending stairs,1825.32
0.1,alpha0p1,104,3,subject104_client3,4450,7,ascending stairs,1826.6
0.1,alpha0p1,104,3,subject104_client3,4451,7,ascending stairs,1827.88
0.1,alpha0p1,104,3,subject104_client3,4452,7,ascending stairs,1829.16
0.1,alpha0p1,104,3,subject104_client3,4453,7,ascending stairs,1830.44
0.1,alpha0p1,104,3,subject104_client3,4454,7,ascending stairs,1831.72
0.1,alpha0p1,104,3,subject104_client3,4455,7,ascending stairs,1833.0
0.1,alpha0p1,104,3,subject104_client3,4456,7,ascending stairs,1834.28
0.1,alpha0p1,104,3,subject104_client3,4457,7,ascending stairs,1835.56
0.1,alpha0p1,104,3,subject104_client3,4458,7,ascending stairs,1836.84
0.1,alpha0p1,104,3,subject104_client3,4459,7,ascending stairs,1838.12
0.1,alpha0p1,104,3,subject104_client3,4460,7,ascending stairs,1839.4
0.1,alpha0p1,104,3,subject104_client3,4461,7,ascending stairs,1840.68
0.1,alpha0p1,104,3,subject104_client3,4462,7,ascending stairs,1841.96
0.1,alpha0p1,104,3,subject104_client3,4463,7,ascending stairs,1843.24
0.1,alpha0p1,104,3,subject104_client3,4464,7,ascending stairs,1844.52
0.1,alpha0p1,104,3,subject104_client3,4465,7,ascending stairs,1845.8
0.1,alpha0p1,104,3,subject104_client3,4466,7,ascending stairs,1847.08
0.1,alpha0p1,104,3,subject104_client3,4467,7,ascending stairs,1848.36
0.1,alpha0p1,104,3,subject104_client3,4468,7,ascending stairs,1849.64
0.1,alpha0p1,104,3,subject104_client3,4469,7,ascending stairs,1850.92
0.1,alpha0p1,104,3,subject104_client3,4470,7,ascending stairs,1852.2
0.1,alpha0p1,104,3,subject104_client3,4471,7,ascending stairs,1853.48
0.1,alpha0p1,104,3,subject104_client3,4472,7,ascending stairs,1854.76
0.1,alpha0p1,104,3,subject104_client3,4473,7,ascending stairs,1856.04
0.1,alpha0p1,104,3,subject104_client3,4474,7,ascending stairs,1857.32
0.1,alpha0p1,104,3,subject104_client3,4475,7,ascending stairs,1858.6
0.1,alpha0p1,104,3,subject104_client3,4476,7,ascending stairs,1859.88
0.1,alpha0p1,104,3,subject104_client3,4477,7,ascending stairs,1861.16
0.1,alpha0p1,104,3,subject104_client3,4478,7,ascending stairs,1862.44
0.1,alpha0p1,104,3,subject104_client3,4479,7,ascending stairs,1863.72
0.1,alpha0p1,104,3,subject104_client3,4480,7,ascending stairs,1865.0
0.1,alpha0p1,104,3,subject104_client3,4481,7,ascending stairs,1866.28
0.1,alpha0p1,104,3,subject104_client3,4482,7,ascending stairs,1867.56
0.1,alpha0p1,104,1,subject104_client1,4483,8,descending stairs,1871.07
0.1,alpha0p1,104,1,subject104_client1,4484,8,descending stairs,1872.35
0.1,alpha0p1,104,1,subject104_client1,4485,8,descending stairs,1873.63
0.1,alpha0p1,104,1,subject104_client1,4486,8,descending stairs,1874.91
0.1,alpha0p1,104,1,subject104_client1,4487,8,descending stairs,1876.19
0.1,alpha0p1,104,1,subject104_client1,4488,8,descending stairs,1877.47
0.1,alpha0p1,104,1,subject104_client1,4489,8,descending stairs,1878.75
0.1,alpha0p1,104,1,subject104_client1,4490,8,descending stairs,1880.03
0.1,alpha0p1,104,1,subject104_client1,4491,8,descending stairs,1881.31
0.1,alpha0p1,104,1,subject104_client1,4492,8,descending stairs,1882.59
0.1,alpha0p1,104,1,subject104_client1,4493,8,descending stairs,1883.87
0.1,alpha0p1,104,1,subject104_client1,4494,8,descending stairs,1885.15
0.1,alpha0p1,104,1,subject104_client1,4495,8,descending stairs,1886.43
0.1,alpha0p1,104,1,subject104_client1,4496,8,descending stairs,1887.71
0.1,alpha0p1,104,1,subject104_client1,4497,8,descending stairs,1888.99
0.1,alpha0p1,104,1,subject104_client1,4498,8,descending stairs,1890.27
0.1,alpha0p1,104,1,subject104_client1,4499,8,descending stairs,1891.55
0.1,alpha0p1,104,1,subject104_client1,4500,8,descending stairs,1892.83
0.1,alpha0p1,104,1,subject104_client1,4501,8,descending stairs,1894.11
0.1,alpha0p1,104,1,subject104_client1,4502,8,descending stairs,1895.39
0.1,alpha0p1,104,1,subject104_client1,4503,8,descending stairs,1896.67
0.1,alpha0p1,104,1,subject104_client1,4504,8,descending stairs,1897.95
0.1,alpha0p1,104,1,subject104_client1,4505,8,descending stairs,1899.23
0.1,alpha0p1,104,1,subject104_client1,4506,8,descending stairs,1900.51
0.1,alpha0p1,104,1,subject104_client1,4507,8,descending stairs,1901.79
0.1,alpha0p1,104,1,subject104_client1,4508,8,descending stairs,1903.07
0.1,alpha0p1,104,1,subject104_client1,4509,8,descending stairs,1904.35
0.1,alpha0p1,104,1,subject104_client1,4510,8,descending stairs,1905.63
0.1,alpha0p1,104,1,subject104_client1,4511,8,descending stairs,1906.91
0.1,alpha0p1,104,1,subject104_client1,4512,8,descending stairs,1908.19
0.1,alpha0p1,104,1,subject104_client1,4513,8,descending stairs,1909.47
0.1,alpha0p1,104,1,subject104_client1,4514,8,descending stairs,1910.75
0.1,alpha0p1,104,1,subject104_client1,4515,8,descending stairs,1912.03
0.1,alpha0p1,104,1,subject104_client1,4516,8,descending stairs,1913.31
0.1,alpha0p1,104,1,subject104_client1,4517,8,descending stairs,1914.59
0.1,alpha0p1,104,1,subject104_client1,4518,8,descending stairs,1915.87
0.1,alpha0p1,104,1,subject104_client1,4519,8,descending stairs,1917.15
0.1,alpha0p1,104,1,subject104_client1,4520,8,descending stairs,1918.43
0.1,alpha0p1,104,1,subject104_client1,4521,8,descending stairs,1919.71
0.1,alpha0p1,104,1,subject104_client1,4522,8,descending stairs,1920.99
0.1,alpha0p1,104,1,subject104_client1,4523,8,descending stairs,1922.27
0.1,alpha0p1,104,1,subject104_client1,4524,8,descending stairs,1923.55
0.1,alpha0p1,104,1,subject104_client1,4525,8,descending stairs,1924.83
0.1,alpha0p1,104,1,subject104_client1,4526,8,descending stairs,1926.11
0.1,alpha0p1,104,1,subject104_client1,4527,8,descending stairs,1927.39
0.1,alpha0p1,104,1,subject104_client1,4528,8,descending stairs,1928.67
0.1,alpha0p1,104,1,subject104_client1,4529,8,descending stairs,1929.95
0.1,alpha0p1,104,1,subject104_client1,4530,8,descending stairs,1931.23
0.1,alpha0p1,104,1,subject104_client1,4531,8,descending stairs,1932.51
0.1,alpha0p1,104,1,subject104_client1,4532,8,descending stairs,1933.79
0.1,alpha0p1,104,1,subject104_client1,4533,8,descending stairs,1935.07
0.1,alpha0p1,104,1,subject104_client1,4534,8,descending stairs,1936.35
0.1,alpha0p1,104,1,subject104_client1,4535,8,descending stairs,1937.63
0.1,alpha0p1,104,1,subject104_client1,4536,3,walking,2186.89
0.1,alpha0p1,104,1,subject104_client1,4537,3,walking,2188.17
0.1,alpha0p1,104,1,subject104_client1,4538,3,walking,2189.45
0.1,alpha0p1,104,1,subject104_client1,4539,3,walking,2190.73
0.1,alpha0p1,104,1,subject104_client1,4540,3,walking,2192.01
0.1,alpha0p1,104,1,subject104_client1,4541,3,walking,2193.29
0.1,alpha0p1,104,1,subject104_client1,4542,3,walking,2194.57
0.1,alpha0p1,104,1,subject104_client1,4543,3,walking,2195.85
0.1,alpha0p1,104,1,subject104_client1,4544,3,walking,2197.13
0.1,alpha0p1,104,1,subject104_client1,4545,3,walking,2198.41
0.1,alpha0p1,104,1,subject104_client1,4546,3,walking,2199.69
0.1,alpha0p1,104,1,subject104_client1,4547,3,walking,2200.97
0.1,alpha0p1,104,1,subject104_client1,4548,3,walking,2202.25
0.1,alpha0p1,104,1,subject104_client1,4549,3,walking,2203.53
0.1,alpha0p1,104,1,subject104_client1,4550,3,walking,2204.81
0.1,alpha0p1,104,1,subject104_client1,4551,3,walking,2206.09
0.1,alpha0p1,104,1,subject104_client1,4552,3,walking,2207.37
0.1,alpha0p1,104,1,subject104_client1,4553,3,walking,2208.65
0.1,alpha0p1,104,1,subject104_client1,4554,3,walking,2209.93
0.1,alpha0p1,104,1,subject104_client1,4555,3,walking,2211.21
0.1,alpha0p1,104,1,subject104_client1,4556,3,walking,2212.49
0.1,alpha0p1,104,1,subject104_client1,4557,3,walking,2213.77
0.1,alpha0p1,104,1,subject104_client1,4558,3,walking,2215.05
0.1,alpha0p1,104,1,subject104_client1,4559,3,walking,2216.33
0.1,alpha0p1,104,1,subject104_client1,4560,3,walking,2217.61
0.1,alpha0p1,104,1,subject104_client1,4561,3,walking,2218.89
0.1,alpha0p1,104,1,subject104_client1,4562,3,walking,2220.17
0.1,alpha0p1,104,1,subject104_client1,4563,3,walking,2221.45
0.1,alpha0p1,104,1,subject104_client1,4564,3,walking,2222.73
0.1,alpha0p1,104,1,subject104_client1,4565,3,walking,2224.01
0.1,alpha0p1,104,1,subject104_client1,4566,3,walking,2225.29
0.1,alpha0p1,104,1,subject104_client1,4567,3,walking,2226.57
0.1,alpha0p1,104,1,subject104_client1,4568,3,walking,2227.85
0.1,alpha0p1,104,1,subject104_client1,4569,3,walking,2229.13
0.1,alpha0p1,104,1,subject104_client1,4570,3,walking,2230.41
0.1,alpha0p1,104,1,subject104_client1,4571,3,walking,2231.69
0.1,alpha0p1,104,1,subject104_client1,4572,3,walking,2232.97
0.1,alpha0p1,104,1,subject104_client1,4573,3,walking,2234.25
0.1,alpha0p1,104,1,subject104_client1,4574,3,walking,2235.53
0.1,alpha0p1,104,1,subject104_client1,4575,3,walking,2236.81
0.1,alpha0p1,104,1,subject104_client1,4576,3,walking,2238.09
0.1,alpha0p1,104,1,subject104_client1,4577,3,walking,2239.37
0.1,alpha0p1,104,1,subject104_client1,4578,3,walking,2240.65
0.1,alpha0p1,104,1,subject104_client1,4579,3,walking,2241.93
0.1,alpha0p1,104,1,subject104_client1,4580,3,walking,2243.21
0.1,alpha0p1,104,1,subject104_client1,4581,3,walking,2244.49
0.1,alpha0p1,104,1,subject104_client1,4582,3,walking,2245.77
0.1,alpha0p1,104,1,subject104_client1,4583,3,walking,2247.05
0.1,alpha0p1,104,1,subject104_client1,4584,3,walking,2248.33
0.1,alpha0p1,104,1,subject104_client1,4585,3,walking,2249.61
0.1,alpha0p1,104,1,subject104_client1,4586,3,walking,2250.89
0.1,alpha0p1,104,1,subject104_client1,4587,3,walking,2252.17
0.1,alpha0p1,104,1,subject104_client1,4588,3,walking,2253.45
0.1,alpha0p1,104,1,subject104_client1,4589,3,walking,2254.73
0.1,alpha0p1,104,1,subject104_client1,4590,3,walking,2256.01
0.1,alpha0p1,104,1,subject104_client1,4591,3,walking,2257.29
0.1,alpha0p1,104,1,subject104_client1,4592,3,walking,2258.57
0.1,alpha0p1,104,1,subject104_client1,4593,3,walking,2259.85
0.1,alpha0p1,104,1,subject104_client1,4594,3,walking,2261.13
0.1,alpha0p1,104,1,subject104_client1,4595,3,walking,2262.41
0.1,alpha0p1,104,1,subject104_client1,4596,3,walking,2263.69
0.1,alpha0p1,104,1,subject104_client1,4597,3,walking,2264.97
0.1,alpha0p1,104,1,subject104_client1,4598,3,walking,2266.25
0.1,alpha0p1,104,1,subject104_client1,4599,3,walking,2267.53
0.1,alpha0p1,104,1,subject104_client1,4600,3,walking,2268.81
0.1,alpha0p1,104,1,subject104_client1,4601,3,walking,2270.09
0.1,alpha0p1,104,1,subject104_client1,4602,3,walking,2271.37
0.1,alpha0p1,104,1,subject104_client1,4603,3,walking,2272.65
0.1,alpha0p1,104,1,subject104_client1,4604,3,walking,2273.93
0.1,alpha0p1,104,1,subject104_client1,4605,3,walking,2275.21
0.1,alpha0p1,104,1,subject104_client1,4606,3,walking,2276.49
0.1,alpha0p1,104,1,subject104_client1,4607,3,walking,2277.77
0.1,alpha0p1,104,1,subject104_client1,4608,3,walking,2279.05
0.1,alpha0p1,104,1,subject104_client1,4609,3,walking,2280.33
0.1,alpha0p1,104,1,subject104_client1,4610,3,walking,2281.61
0.1,alpha0p1,104,1,subject104_client1,4611,3,walking,2282.89
0.1,alpha0p1,104,1,subject104_client1,4612,3,walking,2284.17
0.1,alpha0p1,104,1,subject104_client1,4613,3,walking,2285.45
0.1,alpha0p1,104,1,subject104_client1,4614,3,walking,2286.73
0.1,alpha0p1,104,1,subject104_client1,4615,3,walking,2288.01
0.1,alpha0p1,104,1,subject104_client1,4616,3,walking,2289.29
0.1,alpha0p1,104,1,subject104_client1,4617,3,walking,2290.57
0.1,alpha0p1,104,1,subject104_client1,4618,3,walking,2291.85
0.1,alpha0p1,104,1,subject104_client1,4619,3,walking,2293.13
0.1,alpha0p1,104,1,subject104_client1,4620,3,walking,2294.41
0.1,alpha0p1,104,1,subject104_client1,4621,3,walking,2295.69
0.1,alpha0p1,104,1,subject104_client1,4622,3,walking,2296.97
0.1,alpha0p1,104,1,subject104_client1,4623,3,walking,2298.25
0.1,alpha0p1,104,1,subject104_client1,4624,3,walking,2299.53
0.1,alpha0p1,104,1,subject104_client1,4625,3,walking,2300.81
0.1,alpha0p1,104,1,subject104_client1,4626,3,walking,2302.09
0.1,alpha0p1,104,1,subject104_client1,4627,3,walking,2303.37
0.1,alpha0p1,104,1,subject104_client1,4628,3,walking,2304.65
0.1,alpha0p1,104,1,subject104_client1,4629,3,walking,2305.93
0.1,alpha0p1,104,1,subject104_client1,4630,3,walking,2307.21
0.1,alpha0p1,104,1,subject104_client1,4631,3,walking,2308.49
0.1,alpha0p1,104,1,subject104_client1,4632,3,walking,2309.77
0.1,alpha0p1,104,1,subject104_client1,4633,3,walking,2311.05
0.1,alpha0p1,104,1,subject104_client1,4634,3,walking,2312.33
0.1,alpha0p1,104,1,subject104_client1,4635,3,walking,2313.61
0.1,alpha0p1,104,1,subject104_client1,4636,3,walking,2314.89
0.1,alpha0p1,104,1,subject104_client1,4637,3,walking,2316.17
0.1,alpha0p1,104,1,subject104_client1,4638,3,walking,2317.45
0.1,alpha0p1,104,1,subject104_client1,4639,3,walking,2318.73
0.1,alpha0p1,104,1,subject104_client1,4640,3,walking,2320.01
0.1,alpha0p1,104,1,subject104_client1,4641,3,walking,2321.29
0.1,alpha0p1,104,1,subject104_client1,4642,3,walking,2322.57
0.1,alpha0p1,104,1,subject104_client1,4643,3,walking,2323.85
0.1,alpha0p1,104,1,subject104_client1,4644,3,walking,2325.13
0.1,alpha0p1,104,1,subject104_client1,4645,3,walking,2326.41
0.1,alpha0p1,104,1,subject104_client1,4646,3,walking,2327.69
0.1,alpha0p1,104,1,subject104_client1,4647,3,walking,2328.97
0.1,alpha0p1,104,1,subject104_client1,4648,3,walking,2330.25
0.1,alpha0p1,104,1,subject104_client1,4649,3,walking,2331.53
0.1,alpha0p1,104,1,subject104_client1,4650,3,walking,2332.81
0.1,alpha0p1,104,1,subject104_client1,4651,3,walking,2334.09
0.1,alpha0p1,104,1,subject104_client1,4652,3,walking,2335.37
0.1,alpha0p1,104,1,subject104_client1,4653,3,walking,2336.65
0.1,alpha0p1,104,1,subject104_client1,4654,3,walking,2337.93
0.1,alpha0p1,104,1,subject104_client1,4655,3,walking,2339.21
0.1,alpha0p1,104,1,subject104_client1,4656,3,walking,2340.49
0.1,alpha0p1,104,1,subject104_client1,4657,3,walking,2341.77
0.1,alpha0p1,104,1,subject104_client1,4658,3,walking,2343.05
0.1,alpha0p1,104,1,subject104_client1,4659,3,walking,2344.33
0.1,alpha0p1,104,1,subject104_client1,4660,3,walking,2345.61
0.1,alpha0p1,104,1,subject104_client1,4661,3,walking,2346.89
0.1,alpha0p1,104,1,subject104_client1,4662,3,walking,2348.17
0.1,alpha0p1,104,1,subject104_client1,4663,3,walking,2349.45
0.1,alpha0p1,104,1,subject104_client1,4664,3,walking,2350.73
0.1,alpha0p1,104,1,subject104_client1,4665,3,walking,2352.01
0.1,alpha0p1,104,1,subject104_client1,4666,3,walking,2353.29
0.1,alpha0p1,104,1,subject104_client1,4667,3,walking,2354.57
0.1,alpha0p1,104,1,subject104_client1,4668,3,walking,2355.85
0.1,alpha0p1,104,1,subject104_client1,4669,3,walking,2357.13
0.1,alpha0p1,104,1,subject104_client1,4670,3,walking,2358.41
0.1,alpha0p1,104,1,subject104_client1,4671,3,walking,2359.69
0.1,alpha0p1,104,1,subject104_client1,4672,3,walking,2360.97
0.1,alpha0p1,104,1,subject104_client1,4673,3,walking,2362.25
0.1,alpha0p1,104,1,subject104_client1,4674,3,walking,2363.53
0.1,alpha0p1,104,1,subject104_client1,4675,3,walking,2364.81
0.1,alpha0p1,104,1,subject104_client1,4676,3,walking,2366.09
0.1,alpha0p1,104,1,subject104_client1,4677,3,walking,2367.37
0.1,alpha0p1,104,1,subject104_client1,4678,3,walking,2368.65
0.1,alpha0p1,104,1,subject104_client1,4679,3,walking,2369.93
0.1,alpha0p1,104,1,subject104_client1,4680,3,walking,2371.21
0.1,alpha0p1,104,1,subject104_client1,4681,3,walking,2372.49
0.1,alpha0p1,104,1,subject104_client1,4682,3,walking,2373.77
0.1,alpha0p1,104,1,subject104_client1,4683,3,walking,2375.05
0.1,alpha0p1,104,1,subject104_client1,4684,3,walking,2376.33
0.1,alpha0p1,104,1,subject104_client1,4685,3,walking,2377.61
0.1,alpha0p1,104,1,subject104_client1,4686,3,walking,2378.89
0.1,alpha0p1,104,1,subject104_client1,4687,3,walking,2380.17
0.1,alpha0p1,104,1,subject104_client1,4688,3,walking,2381.45
0.1,alpha0p1,104,1,subject104_client1,4689,3,walking,2382.73
0.1,alpha0p1,104,1,subject104_client1,4690,3,walking,2384.01
0.1,alpha0p1,104,1,subject104_client1,4691,3,walking,2385.29
0.1,alpha0p1,104,1,subject104_client1,4692,3,walking,2386.57
0.1,alpha0p1,104,1,subject104_client1,4693,3,walking,2387.85
0.1,alpha0p1,104,1,subject104_client1,4694,3,walking,2389.13
0.1,alpha0p1,104,1,subject104_client1,4695,3,walking,2390.41
0.1,alpha0p1,104,1,subject104_client1,4696,3,walking,2391.69
0.1,alpha0p1,104,1,subject104_client1,4697,3,walking,2392.97
0.1,alpha0p1,104,1,subject104_client1,4698,3,walking,2394.25
0.1,alpha0p1,104,1,subject104_client1,4699,3,walking,2395.53
0.1,alpha0p1,104,1,subject104_client1,4700,3,walking,2396.81
0.1,alpha0p1,104,1,subject104_client1,4701,3,walking,2398.09
0.1,alpha0p1,104,1,subject104_client1,4702,3,walking,2399.37
0.1,alpha0p1,104,1,subject104_client1,4703,3,walking,2400.65
0.1,alpha0p1,104,1,subject104_client1,4704,3,walking,2401.93
0.1,alpha0p1,104,1,subject104_client1,4705,3,walking,2403.21
0.1,alpha0p1,104,1,subject104_client1,4706,3,walking,2404.49
0.1,alpha0p1,104,1,subject104_client1,4707,3,walking,2405.77
0.1,alpha0p1,104,1,subject104_client1,4708,3,walking,2407.05
0.1,alpha0p1,104,1,subject104_client1,4709,3,walking,2408.33
0.1,alpha0p1,104,1,subject104_client1,4710,3,walking,2409.61
0.1,alpha0p1,104,1,subject104_client1,4711,3,walking,2410.89
0.1,alpha0p1,104,1,subject104_client1,4712,3,walking,2412.17
0.1,alpha0p1,104,1,subject104_client1,4713,3,walking,2413.45
0.1,alpha0p1,104,1,subject104_client1,4714,3,walking,2414.73
0.1,alpha0p1,104,1,subject104_client1,4715,3,walking,2416.01
0.1,alpha0p1,104,1,subject104_client1,4716,3,walking,2417.29
0.1,alpha0p1,104,1,subject104_client1,4717,3,walking,2418.57
0.1,alpha0p1,104,1,subject104_client1,4718,3,walking,2419.85
0.1,alpha0p1,104,1,subject104_client1,4719,3,walking,2421.13
0.1,alpha0p1,104,1,subject104_client1,4720,3,walking,2422.41
0.1,alpha0p1,104,1,subject104_client1,4721,3,walking,2423.69
0.1,alpha0p1,104,1,subject104_client1,4722,3,walking,2424.97
0.1,alpha0p1,104,1,subject104_client1,4723,3,walking,2426.25
0.1,alpha0p1,104,1,subject104_client1,4724,3,walking,2427.53
0.1,alpha0p1,104,1,subject104_client1,4725,3,walking,2428.81
0.1,alpha0p1,104,1,subject104_client1,4726,3,walking,2430.09
0.1,alpha0p1,104,1,subject104_client1,4727,3,walking,2431.37
0.1,alpha0p1,104,1,subject104_client1,4728,3,walking,2432.65
0.1,alpha0p1,104,1,subject104_client1,4729,3,walking,2433.93
0.1,alpha0p1,104,1,subject104_client1,4730,3,walking,2435.21
0.1,alpha0p1,104,1,subject104_client1,4731,3,walking,2436.49
0.1,alpha0p1,104,1,subject104_client1,4732,3,walking,2437.77
0.1,alpha0p1,104,1,subject104_client1,4733,3,walking,2439.05
0.1,alpha0p1,104,1,subject104_client1,4734,3,walking,2440.33
0.1,alpha0p1,104,1,subject104_client1,4735,3,walking,2441.61
0.1,alpha0p1,104,1,subject104_client1,4736,3,walking,2442.89
0.1,alpha0p1,104,1,subject104_client1,4737,3,walking,2444.17
0.1,alpha0p1,104,1,subject104_client1,4738,3,walking,2445.45
0.1,alpha0p1,104,1,subject104_client1,4739,3,walking,2446.73
0.1,alpha0p1,104,1,subject104_client1,4740,3,walking,2448.01
0.1,alpha0p1,104,1,subject104_client1,4741,3,walking,2449.29
0.1,alpha0p1,104,1,subject104_client1,4742,3,walking,2450.57
0.1,alpha0p1,104,1,subject104_client1,4743,3,walking,2451.85
0.1,alpha0p1,104,1,subject104_client1,4744,3,walking,2453.13
0.1,alpha0p1,104,1,subject104_client1,4745,3,walking,2454.41
0.1,alpha0p1,104,1,subject104_client1,4746,3,walking,2455.69
0.1,alpha0p1,104,1,subject104_client1,4747,3,walking,2456.97
0.1,alpha0p1,104,1,subject104_client1,4748,3,walking,2458.25
0.1,alpha0p1,104,1,subject104_client1,4749,3,walking,2459.53
0.1,alpha0p1,104,1,subject104_client1,4750,3,walking,2460.81
0.1,alpha0p1,104,1,subject104_client1,4751,3,walking,2462.09
0.1,alpha0p1,104,1,subject104_client1,4752,3,walking,2463.37
0.1,alpha0p1,104,1,subject104_client1,4753,3,walking,2464.65
0.1,alpha0p1,104,1,subject104_client1,4754,3,walking,2465.93
0.1,alpha0p1,104,1,subject104_client1,4755,3,walking,2467.21
0.1,alpha0p1,104,1,subject104_client1,4756,3,walking,2468.49
0.1,alpha0p1,104,1,subject104_client1,4757,3,walking,2469.77
0.1,alpha0p1,104,1,subject104_client1,4758,3,walking,2471.05
0.1,alpha0p1,104,1,subject104_client1,4759,3,walking,2472.33
0.1,alpha0p1,104,1,subject104_client1,4760,3,walking,2473.61
0.1,alpha0p1,104,1,subject104_client1,4761,3,walking,2474.89
0.1,alpha0p1,104,1,subject104_client1,4762,3,walking,2476.17
0.1,alpha0p1,104,1,subject104_client1,4763,3,walking,2477.45
0.1,alpha0p1,104,1,subject104_client1,4764,3,walking,2478.73
0.1,alpha0p1,104,1,subject104_client1,4765,3,walking,2480.01
0.1,alpha0p1,104,1,subject104_client1,4766,3,walking,2481.29
0.1,alpha0p1,104,1,subject104_client1,4767,3,walking,2482.57
0.1,alpha0p1,104,1,subject104_client1,4768,3,walking,2483.85
0.1,alpha0p1,104,1,subject104_client1,4769,3,walking,2485.13
0.1,alpha0p1,104,1,subject104_client1,4770,3,walking,2486.41
0.1,alpha0p1,104,1,subject104_client1,4771,3,walking,2487.69
0.1,alpha0p1,104,1,subject104_client1,4772,3,walking,2488.97
0.1,alpha0p1,104,1,subject104_client1,4773,3,walking,2490.25
0.1,alpha0p1,104,1,subject104_client1,4774,3,walking,2491.53
0.1,alpha0p1,104,1,subject104_client1,4775,3,walking,2492.81
0.1,alpha0p1,104,1,subject104_client1,4776,3,walking,2494.09
0.1,alpha0p1,104,1,subject104_client1,4777,3,walking,2495.37
0.1,alpha0p1,104,1,subject104_client1,4778,3,walking,2496.65
0.1,alpha0p1,104,1,subject104_client1,4779,3,walking,2497.93
0.1,alpha0p1,104,1,subject104_client1,4780,3,walking,2499.21
0.1,alpha0p1,104,1,subject104_client1,4781,3,walking,2500.49
0.1,alpha0p1,104,1,subject104_client1,4782,3,walking,2501.77
0.1,alpha0p1,104,1,subject104_client1,4783,3,walking,2503.05
0.1,alpha0p1,104,3,subject104_client3,4784,6,Nordic walking,2633.7
0.1,alpha0p1,104,3,subject104_client3,4785,6,Nordic walking,2634.98
0.1,alpha0p1,104,0,subject104_client0,4787,6,Nordic walking,2637.54
0.1,alpha0p1,104,0,subject104_client0,4788,6,Nordic walking,2638.82
0.1,alpha0p1,104,0,subject104_client0,4789,6,Nordic walking,2640.1
0.1,alpha0p1,104,0,subject104_client0,4790,6,Nordic walking,2641.38
0.1,alpha0p1,104,0,subject104_client0,4791,6,Nordic walking,2642.66
0.1,alpha0p1,104,0,subject104_client0,4792,6,Nordic walking,2643.94
0.1,alpha0p1,104,0,subject104_client0,4793,6,Nordic walking,2645.22
0.1,alpha0p1,104,0,subject104_client0,4794,6,Nordic walking,2646.5
0.1,alpha0p1,104,0,subject104_client0,4795,6,Nordic walking,2647.78
0.1,alpha0p1,104,0,subject104_client0,4796,6,Nordic walking,2649.06
0.1,alpha0p1,104,0,subject104_client0,4797,6,Nordic walking,2650.34
0.1,alpha0p1,104,0,subject104_client0,4798,6,Nordic walking,2651.62
0.1,alpha0p1,104,0,subject104_client0,4799,6,Nordic walking,2652.9
0.1,alpha0p1,104,0,subject104_client0,4800,6,Nordic walking,2654.18
0.1,alpha0p1,104,0,subject104_client0,4801,6,Nordic walking,2655.46
0.1,alpha0p1,104,0,subject104_client0,4802,6,Nordic walking,2656.74
0.1,alpha0p1,104,0,subject104_client0,4803,6,Nordic walking,2658.02
0.1,alpha0p1,104,0,subject104_client0,4804,6,Nordic walking,2659.3
0.1,alpha0p1,104,0,subject104_client0,4805,6,Nordic walking,2660.58
0.1,alpha0p1,104,0,subject104_client0,4806,6,Nordic walking,2661.86
0.1,alpha0p1,104,0,subject104_client0,4807,6,Nordic walking,2663.14
0.1,alpha0p1,104,0,subject104_client0,4808,6,Nordic walking,2664.42
0.1,alpha0p1,104,0,subject104_client0,4809,6,Nordic walking,2665.7
0.1,alpha0p1,104,0,subject104_client0,4810,6,Nordic walking,2666.98
0.1,alpha0p1,104,0,subject104_client0,4811,6,Nordic walking,2668.26
0.1,alpha0p1,104,0,subject104_client0,4812,6,Nordic walking,2669.54
0.1,alpha0p1,104,0,subject104_client0,4813,6,Nordic walking,2670.82
0.1,alpha0p1,104,0,subject104_client0,4814,6,Nordic walking,2672.1
0.1,alpha0p1,104,0,subject104_client0,4815,6,Nordic walking,2673.38
0.1,alpha0p1,104,0,subject104_client0,4816,6,Nordic walking,2674.66
0.1,alpha0p1,104,0,subject104_client0,4817,6,Nordic walking,2675.94
0.1,alpha0p1,104,0,subject104_client0,4818,6,Nordic walking,2677.22
0.1,alpha0p1,104,0,subject104_client0,4819,6,Nordic walking,2678.5
0.1,alpha0p1,104,0,subject104_client0,4820,6,Nordic walking,2679.78
0.1,alpha0p1,104,0,subject104_client0,4821,6,Nordic walking,2681.06
0.1,alpha0p1,104,0,subject104_client0,4822,6,Nordic walking,2682.34
0.1,alpha0p1,104,0,subject104_client0,4823,6,Nordic walking,2683.62
0.1,alpha0p1,104,0,subject104_client0,4824,6,Nordic walking,2684.9
0.1,alpha0p1,104,0,subject104_client0,4825,6,Nordic walking,2686.18
0.1,alpha0p1,104,0,subject104_client0,4826,6,Nordic walking,2687.46
0.1,alpha0p1,104,0,subject104_client0,4827,6,Nordic walking,2688.74
0.1,alpha0p1,104,0,subject104_client0,4828,6,Nordic walking,2690.02
0.1,alpha0p1,104,0,subject104_client0,4829,6,Nordic walking,2691.3
0.1,alpha0p1,104,0,subject104_client0,4830,6,Nordic walking,2692.58
0.1,alpha0p1,104,0,subject104_client0,4831,6,Nordic walking,2693.86
0.1,alpha0p1,104,0,subject104_client0,4832,6,Nordic walking,2695.14
0.1,alpha0p1,104,0,subject104_client0,4833,6,Nordic walking,2696.42
0.1,alpha0p1,104,0,subject104_client0,4834,6,Nordic walking,2697.7
0.1,alpha0p1,104,0,subject104_client0,4835,6,Nordic walking,2698.98
0.1,alpha0p1,104,0,subject104_client0,4836,6,Nordic walking,2700.26
0.1,alpha0p1,104,0,subject104_client0,4837,6,Nordic walking,2701.54
0.1,alpha0p1,104,0,subject104_client0,4838,6,Nordic walking,2702.82
0.1,alpha0p1,104,0,subject104_client0,4839,6,Nordic walking,2704.1
0.1,alpha0p1,104,0,subject104_client0,4840,6,Nordic walking,2705.38
0.1,alpha0p1,104,0,subject104_client0,4841,6,Nordic walking,2706.66
0.1,alpha0p1,104,0,subject104_client0,4842,6,Nordic walking,2707.94
0.1,alpha0p1,104,0,subject104_client0,4843,6,Nordic walking,2709.22
0.1,alpha0p1,104,0,subject104_client0,4844,6,Nordic walking,2710.5
0.1,alpha0p1,104,0,subject104_client0,4845,6,Nordic walking,2711.78
0.1,alpha0p1,104,0,subject104_client0,4846,6,Nordic walking,2713.06
0.1,alpha0p1,104,0,subject104_client0,4847,6,Nordic walking,2714.34
0.1,alpha0p1,104,0,subject104_client0,4848,6,Nordic walking,2715.62
0.1,alpha0p1,104,0,subject104_client0,4849,6,Nordic walking,2716.9
0.1,alpha0p1,104,0,subject104_client0,4850,6,Nordic walking,2718.18
0.1,alpha0p1,104,0,subject104_client0,4851,6,Nordic walking,2719.46
0.1,alpha0p1,104,0,subject104_client0,4852,6,Nordic walking,2720.74
0.1,alpha0p1,104,0,subject104_client0,4853,6,Nordic walking,2722.02
0.1,alpha0p1,104,0,subject104_client0,4854,6,Nordic walking,2723.3
0.1,alpha0p1,104,0,subject104_client0,4855,6,Nordic walking,2724.58
0.1,alpha0p1,104,0,subject104_client0,4856,6,Nordic walking,2725.86
0.1,alpha0p1,104,0,subject104_client0,4857,6,Nordic walking,2727.14
0.1,alpha0p1,104,0,subject104_client0,4858,6,Nordic walking,2728.42
0.1,alpha0p1,104,0,subject104_client0,4859,6,Nordic walking,2729.7
0.1,alpha0p1,104,0,subject104_client0,4860,6,Nordic walking,2730.98
0.1,alpha0p1,104,0,subject104_client0,4861,6,Nordic walking,2732.26
0.1,alpha0p1,104,0,subject104_client0,4862,6,Nordic walking,2733.54
0.1,alpha0p1,104,0,subject104_client0,4863,6,Nordic walking,2734.82
0.1,alpha0p1,104,0,subject104_client0,4864,6,Nordic walking,2736.1
0.1,alpha0p1,104,0,subject104_client0,4865,6,Nordic walking,2737.38
0.1,alpha0p1,104,0,subject104_client0,4866,6,Nordic walking,2738.66
0.1,alpha0p1,104,0,subject104_client0,4867,6,Nordic walking,2739.94
0.1,alpha0p1,104,0,subject104_client0,4868,6,Nordic walking,2741.22
0.1,alpha0p1,104,0,subject104_client0,4869,6,Nordic walking,2742.5
0.1,alpha0p1,104,0,subject104_client0,4870,6,Nordic walking,2743.78
0.1,alpha0p1,104,0,subject104_client0,4871,6,Nordic walking,2745.06
0.1,alpha0p1,104,0,subject104_client0,4872,6,Nordic walking,2746.34
0.1,alpha0p1,104,0,subject104_client0,4873,6,Nordic walking,2747.62
0.1,alpha0p1,104,0,subject104_client0,4874,6,Nordic walking,2748.9
0.1,alpha0p1,104,0,subject104_client0,4875,6,Nordic walking,2750.18
0.1,alpha0p1,104,0,subject104_client0,4876,6,Nordic walking,2751.46
0.1,alpha0p1,104,0,subject104_client0,4877,6,Nordic walking,2752.74
0.1,alpha0p1,104,0,subject104_client0,4878,6,Nordic walking,2754.02
0.1,alpha0p1,104,0,subject104_client0,4879,6,Nordic walking,2755.3
0.1,alpha0p1,104,0,subject104_client0,4880,6,Nordic walking,2756.58
0.1,alpha0p1,104,0,subject104_client0,4881,6,Nordic walking,2757.86
0.1,alpha0p1,104,0,subject104_client0,4882,6,Nordic walking,2759.14
0.1,alpha0p1,104,0,subject104_client0,4883,6,Nordic walking,2760.42
0.1,alpha0p1,104,0,subject104_client0,4884,6,Nordic walking,2761.7
0.1,alpha0p1,104,0,subject104_client0,4885,6,Nordic walking,2762.98
0.1,alpha0p1,104,0,subject104_client0,4886,6,Nordic walking,2764.26
0.1,alpha0p1,104,0,subject104_client0,4887,6,Nordic walking,2765.54
0.1,alpha0p1,104,0,subject104_client0,4888,6,Nordic walking,2766.82
0.1,alpha0p1,104,0,subject104_client0,4889,6,Nordic walking,2768.1
0.1,alpha0p1,104,0,subject104_client0,4890,6,Nordic walking,2769.38
0.1,alpha0p1,104,0,subject104_client0,4891,6,Nordic walking,2770.66
0.1,alpha0p1,104,0,subject104_client0,4892,6,Nordic walking,2771.94
0.1,alpha0p1,104,0,subject104_client0,4893,6,Nordic walking,2773.22
0.1,alpha0p1,104,0,subject104_client0,4894,6,Nordic walking,2774.5
0.1,alpha0p1,104,0,subject104_client0,4895,6,Nordic walking,2775.78
0.1,alpha0p1,104,0,subject104_client0,4896,6,Nordic walking,2777.06
0.1,alpha0p1,104,0,subject104_client0,4897,6,Nordic walking,2778.34
0.1,alpha0p1,104,0,subject104_client0,4898,6,Nordic walking,2779.62
0.1,alpha0p1,104,0,subject104_client0,4899,6,Nordic walking,2780.9
0.1,alpha0p1,104,0,subject104_client0,4900,6,Nordic walking,2782.18
0.1,alpha0p1,104,0,subject104_client0,4901,6,Nordic walking,2783.46
0.1,alpha0p1,104,0,subject104_client0,4902,6,Nordic walking,2784.74
0.1,alpha0p1,104,0,subject104_client0,4903,6,Nordic walking,2786.02
0.1,alpha0p1,104,0,subject104_client0,4904,6,Nordic walking,2787.3
0.1,alpha0p1,104,0,subject104_client0,4905,6,Nordic walking,2788.58
0.1,alpha0p1,104,0,subject104_client0,4906,6,Nordic walking,2789.86
0.1,alpha0p1,104,0,subject104_client0,4907,6,Nordic walking,2791.14
0.1,alpha0p1,104,0,subject104_client0,4908,6,Nordic walking,2792.42
0.1,alpha0p1,104,0,subject104_client0,4909,6,Nordic walking,2793.7
0.1,alpha0p1,104,0,subject104_client0,4910,6,Nordic walking,2794.98
0.1,alpha0p1,104,0,subject104_client0,4911,6,Nordic walking,2796.26
0.1,alpha0p1,104,0,subject104_client0,4912,6,Nordic walking,2797.54
0.1,alpha0p1,104,0,subject104_client0,4913,6,Nordic walking,2798.82
0.1,alpha0p1,104,0,subject104_client0,4914,6,Nordic walking,2800.1
0.1,alpha0p1,104,0,subject104_client0,4915,6,Nordic walking,2801.38
0.1,alpha0p1,104,0,subject104_client0,4916,6,Nordic walking,2802.66
0.1,alpha0p1,104,0,subject104_client0,4917,6,Nordic walking,2803.94
0.1,alpha0p1,104,0,subject104_client0,4918,6,Nordic walking,2805.22
0.1,alpha0p1,104,0,subject104_client0,4919,6,Nordic walking,2806.5
0.1,alpha0p1,104,0,subject104_client0,4920,6,Nordic walking,2807.78
0.1,alpha0p1,104,0,subject104_client0,4921,6,Nordic walking,2809.06
0.1,alpha0p1,104,0,subject104_client0,4922,6,Nordic walking,2810.34
0.1,alpha0p1,104,0,subject104_client0,4923,6,Nordic walking,2811.62
0.1,alpha0p1,104,0,subject104_client0,4924,6,Nordic walking,2812.9
0.1,alpha0p1,104,0,subject104_client0,4925,6,Nordic walking,2814.18
0.1,alpha0p1,104,0,subject104_client0,4926,6,Nordic walking,2815.46
0.1,alpha0p1,104,0,subject104_client0,4927,6,Nordic walking,2816.74
0.1,alpha0p1,104,0,subject104_client0,4928,6,Nordic walking,2818.02
0.1,alpha0p1,104,0,subject104_client0,4929,6,Nordic walking,2819.3
0.1,alpha0p1,104,0,subject104_client0,4930,6,Nordic walking,2820.58
0.1,alpha0p1,104,0,subject104_client0,4931,6,Nordic walking,2821.86
0.1,alpha0p1,104,0,subject104_client0,4932,6,Nordic walking,2823.14
0.1,alpha0p1,104,0,subject104_client0,4933,6,Nordic walking,2824.42
0.1,alpha0p1,104,0,subject104_client0,4934,6,Nordic walking,2825.7
0.1,alpha0p1,104,0,subject104_client0,4935,6,Nordic walking,2826.98
0.1,alpha0p1,104,0,subject104_client0,4936,6,Nordic walking,2828.26
0.1,alpha0p1,104,0,subject104_client0,4937,6,Nordic walking,2829.54
0.1,alpha0p1,104,0,subject104_client0,4938,6,Nordic walking,2830.82
0.1,alpha0p1,104,0,subject104_client0,4939,6,Nordic walking,2832.1
0.1,alpha0p1,104,0,subject104_client0,4940,6,Nordic walking,2833.38
0.1,alpha0p1,104,0,subject104_client0,4941,6,Nordic walking,2834.66
0.1,alpha0p1,104,0,subject104_client0,4942,6,Nordic walking,2835.94
0.1,alpha0p1,104,0,subject104_client0,4943,6,Nordic walking,2837.22
0.1,alpha0p1,104,0,subject104_client0,4944,6,Nordic walking,2838.5
0.1,alpha0p1,104,0,subject104_client0,4945,6,Nordic walking,2839.78
0.1,alpha0p1,104,0,subject104_client0,4946,6,Nordic walking,2841.06
0.1,alpha0p1,104,0,subject104_client0,4947,6,Nordic walking,2842.34
0.1,alpha0p1,104,0,subject104_client0,4948,6,Nordic walking,2843.62
0.1,alpha0p1,104,0,subject104_client0,4949,6,Nordic walking,2844.9
0.1,alpha0p1,104,0,subject104_client0,4950,6,Nordic walking,2846.18
0.1,alpha0p1,104,0,subject104_client0,4951,6,Nordic walking,2847.46
0.1,alpha0p1,104,0,subject104_client0,4952,6,Nordic walking,2848.74
0.1,alpha0p1,104,0,subject104_client0,4953,6,Nordic walking,2850.02
0.1,alpha0p1,104,0,subject104_client0,4954,6,Nordic walking,2851.3
0.1,alpha0p1,104,0,subject104_client0,4955,6,Nordic walking,2852.58
0.1,alpha0p1,104,0,subject104_client0,4956,6,Nordic walking,2853.86
0.1,alpha0p1,104,0,subject104_client0,4957,6,Nordic walking,2855.14
0.1,alpha0p1,104,0,subject104_client0,4958,6,Nordic walking,2856.42
0.1,alpha0p1,104,0,subject104_client0,4959,6,Nordic walking,2857.7
0.1,alpha0p1,104,0,subject104_client0,4960,6,Nordic walking,2858.98
0.1,alpha0p1,104,0,subject104_client0,4961,6,Nordic walking,2860.26
0.1,alpha0p1,104,0,subject104_client0,4962,6,Nordic walking,2861.54
0.1,alpha0p1,104,0,subject104_client0,4963,6,Nordic walking,2862.82
0.1,alpha0p1,104,0,subject104_client0,4964,6,Nordic walking,2864.1
0.1,alpha0p1,104,0,subject104_client0,4965,6,Nordic walking,2865.38
0.1,alpha0p1,104,0,subject104_client0,4966,6,Nordic walking,2866.66
0.1,alpha0p1,104,0,subject104_client0,4967,6,Nordic walking,2867.94
0.1,alpha0p1,104,0,subject104_client0,4968,6,Nordic walking,2869.22
0.1,alpha0p1,104,0,subject104_client0,4969,6,Nordic walking,2870.5
0.1,alpha0p1,104,0,subject104_client0,4970,6,Nordic walking,2871.78
0.1,alpha0p1,104,0,subject104_client0,4971,6,Nordic walking,2873.06
0.1,alpha0p1,104,0,subject104_client0,4972,6,Nordic walking,2874.34
0.1,alpha0p1,104,0,subject104_client0,4973,6,Nordic walking,2875.62
0.1,alpha0p1,104,0,subject104_client0,4974,6,Nordic walking,2876.9
0.1,alpha0p1,104,0,subject104_client0,4975,6,Nordic walking,2878.18
0.1,alpha0p1,104,0,subject104_client0,4976,6,Nordic walking,2879.46
0.1,alpha0p1,104,0,subject104_client0,4977,6,Nordic walking,2880.74
0.1,alpha0p1,104,0,subject104_client0,4978,6,Nordic walking,2882.02
0.1,alpha0p1,104,0,subject104_client0,4979,6,Nordic walking,2883.3
0.1,alpha0p1,104,0,subject104_client0,4980,6,Nordic walking,2884.58
0.1,alpha0p1,104,0,subject104_client0,4981,6,Nordic walking,2885.86
0.1,alpha0p1,104,0,subject104_client0,4982,6,Nordic walking,2887.14
0.1,alpha0p1,104,0,subject104_client0,4983,6,Nordic walking,2888.42
0.1,alpha0p1,104,0,subject104_client0,4984,6,Nordic walking,2889.7
0.1,alpha0p1,104,0,subject104_client0,4985,6,Nordic walking,2890.98
0.1,alpha0p1,104,0,subject104_client0,4986,6,Nordic walking,2892.26
0.1,alpha0p1,104,0,subject104_client0,4987,6,Nordic walking,2893.54
0.1,alpha0p1,104,0,subject104_client0,4988,6,Nordic walking,2894.82
0.1,alpha0p1,104,0,subject104_client0,4989,6,Nordic walking,2896.1
0.1,alpha0p1,104,0,subject104_client0,4990,6,Nordic walking,2897.38
0.1,alpha0p1,104,0,subject104_client0,4991,6,Nordic walking,2898.66
0.1,alpha0p1,104,0,subject104_client0,4992,6,Nordic walking,2899.94
0.1,alpha0p1,104,0,subject104_client0,4993,6,Nordic walking,2901.22
0.1,alpha0p1,104,0,subject104_client0,4994,6,Nordic walking,2902.5
0.1,alpha0p1,104,0,subject104_client0,4995,6,Nordic walking,2903.78
0.1,alpha0p1,104,0,subject104_client0,4996,6,Nordic walking,2905.06
0.1,alpha0p1,104,0,subject104_client0,4997,6,Nordic walking,2906.34
0.1,alpha0p1,104,1,subject104_client1,4998,5,cycling,2994.68
0.1,alpha0p1,104,1,subject104_client1,4999,5,cycling,2995.96
0.1,alpha0p1,104,1,subject104_client1,5000,5,cycling,2997.24
0.1,alpha0p1,104,1,subject104_client1,5001,5,cycling,2998.52
0.1,alpha0p1,104,1,subject104_client1,5002,5,cycling,2999.8
0.1,alpha0p1,104,1,subject104_client1,5003,5,cycling,3001.08
0.1,alpha0p1,104,1,subject104_client1,5004,5,cycling,3002.36
0.1,alpha0p1,104,1,subject104_client1,5005,5,cycling,3003.64
0.1,alpha0p1,104,1,subject104_client1,5006,5,cycling,3004.92
0.1,alpha0p1,104,1,subject104_client1,5007,5,cycling,3006.2
0.1,alpha0p1,104,1,subject104_client1,5008,5,cycling,3007.48
0.1,alpha0p1,104,1,subject104_client1,5009,5,cycling,3008.76
0.1,alpha0p1,104,1,subject104_client1,5010,5,cycling,3010.04
0.1,alpha0p1,104,1,subject104_client1,5011,5,cycling,3011.32
0.1,alpha0p1,104,1,subject104_client1,5012,5,cycling,3012.6
0.1,alpha0p1,104,1,subject104_client1,5013,5,cycling,3013.88
0.1,alpha0p1,104,1,subject104_client1,5014,5,cycling,3015.16
0.1,alpha0p1,104,1,subject104_client1,5015,5,cycling,3016.44
0.1,alpha0p1,104,1,subject104_client1,5016,5,cycling,3017.72
0.1,alpha0p1,104,1,subject104_client1,5017,5,cycling,3019.0
0.1,alpha0p1,104,1,subject104_client1,5018,5,cycling,3020.28
0.1,alpha0p1,104,1,subject104_client1,5019,5,cycling,3021.56
0.1,alpha0p1,104,1,subject104_client1,5020,5,cycling,3022.84
0.1,alpha0p1,104,1,subject104_client1,5021,5,cycling,3024.12
0.1,alpha0p1,104,1,subject104_client1,5022,5,cycling,3025.4
0.1,alpha0p1,104,1,subject104_client1,5023,5,cycling,3026.68
0.1,alpha0p1,104,1,subject104_client1,5024,5,cycling,3027.96
0.1,alpha0p1,104,1,subject104_client1,5025,5,cycling,3029.24
0.1,alpha0p1,104,1,subject104_client1,5026,5,cycling,3030.52
0.1,alpha0p1,104,1,subject104_client1,5027,5,cycling,3031.8
0.1,alpha0p1,104,1,subject104_client1,5028,5,cycling,3033.08
0.1,alpha0p1,104,1,subject104_client1,5029,5,cycling,3034.36
0.1,alpha0p1,104,1,subject104_client1,5030,5,cycling,3035.64
0.1,alpha0p1,104,1,subject104_client1,5031,5,cycling,3036.92
0.1,alpha0p1,104,1,subject104_client1,5032,5,cycling,3038.2
0.1,alpha0p1,104,1,subject104_client1,5033,5,cycling,3039.48
0.1,alpha0p1,104,1,subject104_client1,5034,5,cycling,3040.76
0.1,alpha0p1,104,1,subject104_client1,5035,5,cycling,3042.04
0.1,alpha0p1,104,1,subject104_client1,5036,5,cycling,3043.32
0.1,alpha0p1,104,1,subject104_client1,5037,5,cycling,3044.6
0.1,alpha0p1,104,1,subject104_client1,5038,5,cycling,3045.88
0.1,alpha0p1,104,1,subject104_client1,5039,5,cycling,3047.16
0.1,alpha0p1,104,1,subject104_client1,5040,5,cycling,3048.44
0.1,alpha0p1,104,1,subject104_client1,5041,5,cycling,3049.72
0.1,alpha0p1,104,1,subject104_client1,5042,5,cycling,3051.0
0.1,alpha0p1,104,1,subject104_client1,5043,5,cycling,3052.28
0.1,alpha0p1,104,1,subject104_client1,5044,5,cycling,3053.56
0.1,alpha0p1,104,1,subject104_client1,5045,5,cycling,3054.84
0.1,alpha0p1,104,1,subject104_client1,5046,5,cycling,3056.12
0.1,alpha0p1,104,1,subject104_client1,5047,5,cycling,3057.4
0.1,alpha0p1,104,1,subject104_client1,5048,5,cycling,3058.68
0.1,alpha0p1,104,1,subject104_client1,5049,5,cycling,3059.96
0.1,alpha0p1,104,1,subject104_client1,5050,5,cycling,3061.24
0.1,alpha0p1,104,1,subject104_client1,5051,5,cycling,3062.52
0.1,alpha0p1,104,3,subject104_client3,5053,5,cycling,3065.08
0.1,alpha0p1,104,3,subject104_client3,5054,5,cycling,3066.36
0.1,alpha0p1,104,3,subject104_client3,5055,5,cycling,3067.64
0.1,alpha0p1,104,3,subject104_client3,5056,5,cycling,3068.92
0.1,alpha0p1,104,3,subject104_client3,5057,5,cycling,3070.2
0.1,alpha0p1,104,3,subject104_client3,5058,5,cycling,3071.48
0.1,alpha0p1,104,3,subject104_client3,5059,5,cycling,3072.76
0.1,alpha0p1,104,3,subject104_client3,5060,5,cycling,3074.04
0.1,alpha0p1,104,3,subject104_client3,5061,5,cycling,3075.32
0.1,alpha0p1,104,3,subject104_client3,5062,5,cycling,3076.6
0.1,alpha0p1,104,3,subject104_client3,5063,5,cycling,3077.88
0.1,alpha0p1,104,3,subject104_client3,5064,5,cycling,3079.16
0.1,alpha0p1,104,3,subject104_client3,5065,5,cycling,3080.44
0.1,alpha0p1,104,3,subject104_client3,5066,5,cycling,3081.72
0.1,alpha0p1,104,3,subject104_client3,5067,5,cycling,3083.0
0.1,alpha0p1,104,3,subject104_client3,5068,5,cycling,3084.28
0.1,alpha0p1,104,3,subject104_client3,5069,5,cycling,3085.56
0.1,alpha0p1,104,3,subject104_client3,5070,5,cycling,3086.84
0.1,alpha0p1,104,3,subject104_client3,5071,5,cycling,3088.12
0.1,alpha0p1,104,3,subject104_client3,5072,5,cycling,3089.4
0.1,alpha0p1,104,3,subject104_client3,5073,5,cycling,3090.68
0.1,alpha0p1,104,3,subject104_client3,5074,5,cycling,3091.96
0.1,alpha0p1,104,3,subject104_client3,5075,5,cycling,3093.24
0.1,alpha0p1,104,3,subject104_client3,5076,5,cycling,3094.52
0.1,alpha0p1,104,3,subject104_client3,5077,5,cycling,3095.8
0.1,alpha0p1,104,3,subject104_client3,5078,5,cycling,3097.08
0.1,alpha0p1,104,3,subject104_client3,5079,5,cycling,3098.36
0.1,alpha0p1,104,3,subject104_client3,5080,5,cycling,3099.64
0.1,alpha0p1,104,3,subject104_client3,5081,5,cycling,3100.92
0.1,alpha0p1,104,3,subject104_client3,5082,5,cycling,3102.2
0.1,alpha0p1,104,3,subject104_client3,5083,5,cycling,3103.48
0.1,alpha0p1,104,3,subject104_client3,5084,5,cycling,3104.76
0.1,alpha0p1,104,3,subject104_client3,5085,5,cycling,3106.04
0.1,alpha0p1,104,3,subject104_client3,5086,5,cycling,3107.32
0.1,alpha0p1,104,3,subject104_client3,5087,5,cycling,3108.6
0.1,alpha0p1,104,3,subject104_client3,5088,5,cycling,3109.88
0.1,alpha0p1,104,3,subject104_client3,5089,5,cycling,3111.16
0.1,alpha0p1,104,3,subject104_client3,5090,5,cycling,3112.44
0.1,alpha0p1,104,3,subject104_client3,5091,5,cycling,3113.72
0.1,alpha0p1,104,3,subject104_client3,5092,5,cycling,3115.0
0.1,alpha0p1,104,3,subject104_client3,5093,5,cycling,3116.28
0.1,alpha0p1,104,3,subject104_client3,5094,5,cycling,3117.56
0.1,alpha0p1,104,3,subject104_client3,5095,5,cycling,3118.84
0.1,alpha0p1,104,3,subject104_client3,5096,5,cycling,3120.12
0.1,alpha0p1,104,3,subject104_client3,5097,5,cycling,3121.4
0.1,alpha0p1,104,3,subject104_client3,5098,5,cycling,3122.68
0.1,alpha0p1,104,3,subject104_client3,5099,5,cycling,3123.96
0.1,alpha0p1,104,3,subject104_client3,5100,5,cycling,3125.24
0.1,alpha0p1,104,3,subject104_client3,5101,5,cycling,3126.52
0.1,alpha0p1,104,3,subject104_client3,5102,5,cycling,3127.8
0.1,alpha0p1,104,3,subject104_client3,5103,5,cycling,3129.08
0.1,alpha0p1,104,3,subject104_client3,5104,5,cycling,3130.36
0.1,alpha0p1,104,3,subject104_client3,5105,5,cycling,3131.64
0.1,alpha0p1,104,3,subject104_client3,5106,5,cycling,3132.92
0.1,alpha0p1,104,3,subject104_client3,5107,5,cycling,3134.2
0.1,alpha0p1,104,3,subject104_client3,5108,5,cycling,3135.48
0.1,alpha0p1,104,3,subject104_client3,5109,5,cycling,3136.76
0.1,alpha0p1,104,3,subject104_client3,5110,5,cycling,3138.04
0.1,alpha0p1,104,3,subject104_client3,5111,5,cycling,3139.32
0.1,alpha0p1,104,3,subject104_client3,5112,5,cycling,3140.6
0.1,alpha0p1,104,3,subject104_client3,5113,5,cycling,3141.88
0.1,alpha0p1,104,3,subject104_client3,5114,5,cycling,3143.16
0.1,alpha0p1,104,3,subject104_client3,5115,5,cycling,3144.44
0.1,alpha0p1,104,3,subject104_client3,5116,5,cycling,3145.72
0.1,alpha0p1,104,3,subject104_client3,5117,5,cycling,3147.0
0.1,alpha0p1,104,3,subject104_client3,5118,5,cycling,3148.28
0.1,alpha0p1,104,3,subject104_client3,5119,5,cycling,3149.56
0.1,alpha0p1,104,3,subject104_client3,5120,5,cycling,3150.84
0.1,alpha0p1,104,3,subject104_client3,5121,5,cycling,3152.12
0.1,alpha0p1,104,3,subject104_client3,5122,5,cycling,3153.4
0.1,alpha0p1,104,3,subject104_client3,5123,5,cycling,3154.68
0.1,alpha0p1,104,3,subject104_client3,5124,5,cycling,3155.96
0.1,alpha0p1,104,3,subject104_client3,5125,5,cycling,3157.24
0.1,alpha0p1,104,3,subject104_client3,5126,5,cycling,3158.52
0.1,alpha0p1,104,3,subject104_client3,5127,5,cycling,3159.8
0.1,alpha0p1,104,3,subject104_client3,5128,5,cycling,3161.08
0.1,alpha0p1,104,3,subject104_client3,5129,5,cycling,3162.36
0.1,alpha0p1,104,3,subject104_client3,5130,5,cycling,3163.64
0.1,alpha0p1,104,3,subject104_client3,5131,5,cycling,3164.92
0.1,alpha0p1,104,3,subject104_client3,5132,5,cycling,3166.2
0.1,alpha0p1,104,3,subject104_client3,5133,5,cycling,3167.48
0.1,alpha0p1,104,3,subject104_client3,5134,5,cycling,3168.76
0.1,alpha0p1,104,3,subject104_client3,5135,5,cycling,3170.04
0.1,alpha0p1,104,3,subject104_client3,5136,5,cycling,3171.32
0.1,alpha0p1,104,3,subject104_client3,5137,5,cycling,3172.6
0.1,alpha0p1,104,3,subject104_client3,5138,5,cycling,3173.88
0.1,alpha0p1,104,3,subject104_client3,5139,5,cycling,3175.16
0.1,alpha0p1,104,3,subject104_client3,5140,5,cycling,3176.44
0.1,alpha0p1,104,3,subject104_client3,5141,5,cycling,3177.72
0.1,alpha0p1,104,3,subject104_client3,5142,5,cycling,3179.0
0.1,alpha0p1,104,3,subject104_client3,5143,5,cycling,3180.28
0.1,alpha0p1,104,3,subject104_client3,5144,5,cycling,3181.56
0.1,alpha0p1,104,3,subject104_client3,5145,5,cycling,3182.84
0.1,alpha0p1,104,3,subject104_client3,5146,5,cycling,3184.12
0.1,alpha0p1,104,3,subject104_client3,5147,5,cycling,3185.4
0.1,alpha0p1,104,3,subject104_client3,5148,5,cycling,3186.68
0.1,alpha0p1,104,3,subject104_client3,5149,5,cycling,3187.96
0.1,alpha0p1,104,3,subject104_client3,5150,5,cycling,3189.24
0.1,alpha0p1,104,3,subject104_client3,5151,5,cycling,3190.52
0.1,alpha0p1,104,3,subject104_client3,5152,5,cycling,3191.8
0.1,alpha0p1,104,3,subject104_client3,5153,5,cycling,3193.08
0.1,alpha0p1,104,3,subject104_client3,5154,5,cycling,3194.36
0.1,alpha0p1,104,3,subject104_client3,5155,5,cycling,3195.64
0.1,alpha0p1,104,3,subject104_client3,5156,5,cycling,3196.92
0.1,alpha0p1,104,3,subject104_client3,5157,5,cycling,3198.2
0.1,alpha0p1,104,3,subject104_client3,5158,5,cycling,3199.48
0.1,alpha0p1,104,3,subject104_client3,5159,5,cycling,3200.76
0.1,alpha0p1,104,3,subject104_client3,5160,5,cycling,3202.04
0.1,alpha0p1,104,3,subject104_client3,5161,5,cycling,3203.32
0.1,alpha0p1,104,3,subject104_client3,5162,5,cycling,3204.6
0.1,alpha0p1,104,3,subject104_client3,5163,5,cycling,3205.88
0.1,alpha0p1,104,3,subject104_client3,5164,5,cycling,3207.16
0.1,alpha0p1,104,3,subject104_client3,5165,5,cycling,3208.44
0.1,alpha0p1,104,3,subject104_client3,5166,5,cycling,3209.72
0.1,alpha0p1,104,3,subject104_client3,5167,5,cycling,3211.0
0.1,alpha0p1,104,3,subject104_client3,5168,5,cycling,3212.28
0.1,alpha0p1,104,3,subject104_client3,5169,5,cycling,3213.56
0.1,alpha0p1,104,3,subject104_client3,5170,5,cycling,3214.84
0.1,alpha0p1,104,3,subject104_client3,5171,5,cycling,3216.12
0.1,alpha0p1,104,3,subject104_client3,5172,5,cycling,3217.4
0.1,alpha0p1,104,3,subject104_client3,5173,5,cycling,3218.68
0.1,alpha0p1,105,2,subject105_client2,5174,0,lying,104.5
0.1,alpha0p1,105,2,subject105_client2,5175,0,lying,105.78
0.1,alpha0p1,105,2,subject105_client2,5176,0,lying,107.06
0.1,alpha0p1,105,2,subject105_client2,5177,0,lying,108.34
0.1,alpha0p1,105,2,subject105_client2,5178,0,lying,109.62
0.1,alpha0p1,105,2,subject105_client2,5179,0,lying,110.9
0.1,alpha0p1,105,2,subject105_client2,5180,0,lying,112.18
0.1,alpha0p1,105,2,subject105_client2,5181,0,lying,113.46
0.1,alpha0p1,105,2,subject105_client2,5182,0,lying,114.74
0.1,alpha0p1,105,2,subject105_client2,5183,0,lying,116.02
0.1,alpha0p1,105,2,subject105_client2,5184,0,lying,117.3
0.1,alpha0p1,105,2,subject105_client2,5185,0,lying,118.58
0.1,alpha0p1,105,2,subject105_client2,5186,0,lying,119.86
0.1,alpha0p1,105,2,subject105_client2,5187,0,lying,121.14
0.1,alpha0p1,105,2,subject105_client2,5188,0,lying,122.42
0.1,alpha0p1,105,2,subject105_client2,5189,0,lying,123.7
0.1,alpha0p1,105,2,subject105_client2,5190,0,lying,124.98
0.1,alpha0p1,105,2,subject105_client2,5191,0,lying,126.26
0.1,alpha0p1,105,2,subject105_client2,5192,0,lying,127.54
0.1,alpha0p1,105,2,subject105_client2,5193,0,lying,128.82
0.1,alpha0p1,105,2,subject105_client2,5194,0,lying,130.1
0.1,alpha0p1,105,2,subject105_client2,5195,0,lying,131.38
0.1,alpha0p1,105,2,subject105_client2,5196,0,lying,132.66
0.1,alpha0p1,105,2,subject105_client2,5197,0,lying,133.94
0.1,alpha0p1,105,2,subject105_client2,5198,0,lying,135.22
0.1,alpha0p1,105,2,subject105_client2,5199,0,lying,136.5
0.1,alpha0p1,105,2,subject105_client2,5200,0,lying,137.78
0.1,alpha0p1,105,2,subject105_client2,5201,0,lying,139.06
0.1,alpha0p1,105,2,subject105_client2,5202,0,lying,140.34
0.1,alpha0p1,105,2,subject105_client2,5203,0,lying,141.62
0.1,alpha0p1,105,2,subject105_client2,5204,0,lying,142.9
0.1,alpha0p1,105,2,subject105_client2,5205,0,lying,144.18
0.1,alpha0p1,105,2,subject105_client2,5206,0,lying,145.46
0.1,alpha0p1,105,2,subject105_client2,5207,0,lying,146.74
0.1,alpha0p1,105,2,subject105_client2,5208,0,lying,148.02
0.1,alpha0p1,105,2,subject105_client2,5209,0,lying,149.3
0.1,alpha0p1,105,2,subject105_client2,5210,0,lying,150.58
0.1,alpha0p1,105,2,subject105_client2,5211,0,lying,151.86
0.1,alpha0p1,105,2,subject105_client2,5212,0,lying,153.14
0.1,alpha0p1,105,2,subject105_client2,5213,0,lying,154.42
0.1,alpha0p1,105,2,subject105_client2,5214,0,lying,155.7
0.1,alpha0p1,105,2,subject105_client2,5215,0,lying,156.98
0.1,alpha0p1,105,2,subject105_client2,5216,0,lying,158.26
0.1,alpha0p1,105,2,subject105_client2,5217,0,lying,159.54
0.1,alpha0p1,105,2,subject105_client2,5218,0,lying,160.82
0.1,alpha0p1,105,2,subject105_client2,5219,0,lying,162.1
0.1,alpha0p1,105,2,subject105_client2,5220,0,lying,163.38
0.1,alpha0p1,105,2,subject105_client2,5221,0,lying,164.66
0.1,alpha0p1,105,2,subject105_client2,5222,0,lying,165.94
0.1,alpha0p1,105,2,subject105_client2,5223,0,lying,167.22
0.1,alpha0p1,105,2,subject105_client2,5224,0,lying,168.5
0.1,alpha0p1,105,2,subject105_client2,5225,0,lying,169.78
0.1,alpha0p1,105,2,subject105_client2,5226,0,lying,171.06
0.1,alpha0p1,105,2,subject105_client2,5227,0,lying,172.34
0.1,alpha0p1,105,2,subject105_client2,5228,0,lying,173.62
0.1,alpha0p1,105,2,subject105_client2,5229,0,lying,174.9
0.1,alpha0p1,105,2,subject105_client2,5230,0,lying,176.18
0.1,alpha0p1,105,2,subject105_client2,5231,0,lying,177.46
0.1,alpha0p1,105,2,subject105_client2,5232,0,lying,178.74
0.1,alpha0p1,105,2,subject105_client2,5233,0,lying,180.02
0.1,alpha0p1,105,2,subject105_client2,5234,0,lying,181.3
0.1,alpha0p1,105,2,subject105_client2,5235,0,lying,182.58
0.1,alpha0p1,105,2,subject105_client2,5236,0,lying,183.86
0.1,alpha0p1,105,2,subject105_client2,5237,0,lying,185.14
0.1,alpha0p1,105,2,subject105_client2,5238,0,lying,186.42
0.1,alpha0p1,105,2,subject105_client2,5239,0,lying,187.7
0.1,alpha0p1,105,2,subject105_client2,5240,0,lying,188.98
0.1,alpha0p1,105,2,subject105_client2,5241,0,lying,190.26
0.1,alpha0p1,105,2,subject105_client2,5242,0,lying,191.54
0.1,alpha0p1,105,2,subject105_client2,5243,0,lying,192.82
0.1,alpha0p1,105,2,subject105_client2,5244,0,lying,194.1
0.1,alpha0p1,105,2,subject105_client2,5245,0,lying,195.38
0.1,alpha0p1,105,2,subject105_client2,5246,0,lying,196.66
0.1,alpha0p1,105,2,subject105_client2,5247,0,lying,197.94
0.1,alpha0p1,105,2,subject105_client2,5248,0,lying,199.22
0.1,alpha0p1,105,2,subject105_client2,5249,0,lying,200.5
0.1,alpha0p1,105,2,subject105_client2,5250,0,lying,201.78
0.1,alpha0p1,105,2,subject105_client2,5251,0,lying,203.06
0.1,alpha0p1,105,2,subject105_client2,5252,0,lying,204.34
0.1,alpha0p1,105,2,subject105_client2,5253,0,lying,205.62
0.1,alpha0p1,105,2,subject105_client2,5254,0,lying,206.9
0.1,alpha0p1,105,2,subject105_client2,5255,0,lying,208.18
0.1,alpha0p1,105,2,subject105_client2,5256,0,lying,209.46
0.1,alpha0p1,105,2,subject105_client2,5257,0,lying,210.74
0.1,alpha0p1,105,2,subject105_client2,5258,0,lying,212.02
0.1,alpha0p1,105,2,subject105_client2,5259,0,lying,213.3
0.1,alpha0p1,105,2,subject105_client2,5260,0,lying,214.58
0.1,alpha0p1,105,2,subject105_client2,5261,0,lying,215.86
0.1,alpha0p1,105,2,subject105_client2,5262,0,lying,217.14
0.1,alpha0p1,105,2,subject105_client2,5263,0,lying,218.42
0.1,alpha0p1,105,2,subject105_client2,5264,0,lying,219.7
0.1,alpha0p1,105,2,subject105_client2,5265,0,lying,220.98
0.1,alpha0p1,105,2,subject105_client2,5266,0,lying,222.26
0.1,alpha0p1,105,2,subject105_client2,5267,0,lying,223.54
0.1,alpha0p1,105,2,subject105_client2,5268,0,lying,224.82
0.1,alpha0p1,105,2,subject105_client2,5269,0,lying,226.1
0.1,alpha0p1,105,2,subject105_client2,5270,0,lying,227.38
0.1,alpha0p1,105,2,subject105_client2,5271,0,lying,228.66
0.1,alpha0p1,105,2,subject105_client2,5272,0,lying,229.94
0.1,alpha0p1,105,2,subject105_client2,5273,0,lying,231.22
0.1,alpha0p1,105,2,subject105_client2,5274,0,lying,232.5
0.1,alpha0p1,105,2,subject105_client2,5275,0,lying,233.78
0.1,alpha0p1,105,2,subject105_client2,5276,0,lying,235.06
0.1,alpha0p1,105,2,subject105_client2,5277,0,lying,236.34
0.1,alpha0p1,105,2,subject105_client2,5278,0,lying,237.62
0.1,alpha0p1,105,2,subject105_client2,5279,0,lying,238.9
0.1,alpha0p1,105,2,subject105_client2,5280,0,lying,240.18
0.1,alpha0p1,105,2,subject105_client2,5281,0,lying,241.46
0.1,alpha0p1,105,2,subject105_client2,5282,0,lying,242.74
0.1,alpha0p1,105,2,subject105_client2,5283,0,lying,244.02
0.1,alpha0p1,105,2,subject105_client2,5284,0,lying,245.3
0.1,alpha0p1,105,2,subject105_client2,5285,0,lying,246.58
0.1,alpha0p1,105,2,subject105_client2,5286,0,lying,247.86
0.1,alpha0p1,105,2,subject105_client2,5287,0,lying,249.14
0.1,alpha0p1,105,2,subject105_client2,5288,0,lying,250.42
0.1,alpha0p1,105,2,subject105_client2,5289,0,lying,251.7
0.1,alpha0p1,105,2,subject105_client2,5290,0,lying,252.98
0.1,alpha0p1,105,2,subject105_client2,5291,0,lying,254.26
0.1,alpha0p1,105,2,subject105_client2,5292,0,lying,255.54
0.1,alpha0p1,105,2,subject105_client2,5293,0,lying,256.82
0.1,alpha0p1,105,2,subject105_client2,5294,0,lying,258.1
0.1,alpha0p1,105,2,subject105_client2,5295,0,lying,259.38
0.1,alpha0p1,105,2,subject105_client2,5296,0,lying,260.66
0.1,alpha0p1,105,2,subject105_client2,5297,0,lying,261.94
0.1,alpha0p1,105,2,subject105_client2,5298,0,lying,263.22
0.1,alpha0p1,105,2,subject105_client2,5299,0,lying,264.5
0.1,alpha0p1,105,2,subject105_client2,5300,0,lying,265.78
0.1,alpha0p1,105,2,subject105_client2,5301,0,lying,267.06
0.1,alpha0p1,105,2,subject105_client2,5302,0,lying,268.34
0.1,alpha0p1,105,2,subject105_client2,5303,0,lying,269.62
0.1,alpha0p1,105,2,subject105_client2,5304,0,lying,270.9
0.1,alpha0p1,105,2,subject105_client2,5305,0,lying,272.18
0.1,alpha0p1,105,2,subject105_client2,5306,0,lying,273.46
0.1,alpha0p1,105,2,subject105_client2,5307,0,lying,274.74
0.1,alpha0p1,105,2,subject105_client2,5308,0,lying,276.02
0.1,alpha0p1,105,2,subject105_client2,5309,0,lying,277.3
0.1,alpha0p1,105,2,subject105_client2,5310,0,lying,278.58
0.1,alpha0p1,105,2,subject105_client2,5311,0,lying,279.86
0.1,alpha0p1,105,2,subject105_client2,5312,0,lying,281.14
0.1,alpha0p1,105,2,subject105_client2,5313,0,lying,282.42
0.1,alpha0p1,105,2,subject105_client2,5314,0,lying,283.7
0.1,alpha0p1,105,2,subject105_client2,5315,0,lying,284.98
0.1,alpha0p1,105,2,subject105_client2,5316,0,lying,286.26
0.1,alpha0p1,105,2,subject105_client2,5317,0,lying,287.54
0.1,alpha0p1,105,2,subject105_client2,5318,0,lying,288.82
0.1,alpha0p1,105,2,subject105_client2,5319,0,lying,290.1
0.1,alpha0p1,105,2,subject105_client2,5320,0,lying,291.38
0.1,alpha0p1,105,2,subject105_client2,5321,0,lying,292.66
0.1,alpha0p1,105,2,subject105_client2,5322,0,lying,293.94
0.1,alpha0p1,105,2,subject105_client2,5323,0,lying,295.22
0.1,alpha0p1,105,2,subject105_client2,5324,0,lying,296.5
0.1,alpha0p1,105,2,subject105_client2,5325,0,lying,297.78
0.1,alpha0p1,105,2,subject105_client2,5326,0,lying,299.06
0.1,alpha0p1,105,2,subject105_client2,5327,0,lying,300.34
0.1,alpha0p1,105,2,subject105_client2,5328,0,lying,301.62
0.1,alpha0p1,105,2,subject105_client2,5329,0,lying,302.9
0.1,alpha0p1,105,2,subject105_client2,5330,0,lying,304.18
0.1,alpha0p1,105,2,subject105_client2,5331,0,lying,305.46
0.1,alpha0p1,105,2,subject105_client2,5332,0,lying,306.74
0.1,alpha0p1,105,2,subject105_client2,5333,0,lying,308.02
0.1,alpha0p1,105,2,subject105_client2,5334,0,lying,309.3
0.1,alpha0p1,105,2,subject105_client2,5335,0,lying,310.58
0.1,alpha0p1,105,2,subject105_client2,5336,0,lying,311.86
0.1,alpha0p1,105,2,subject105_client2,5337,0,lying,313.14
0.1,alpha0p1,105,2,subject105_client2,5338,0,lying,314.42
0.1,alpha0p1,105,2,subject105_client2,5339,0,lying,315.7
0.1,alpha0p1,105,2,subject105_client2,5340,0,lying,316.98
0.1,alpha0p1,105,2,subject105_client2,5341,0,lying,318.26
0.1,alpha0p1,105,2,subject105_client2,5342,0,lying,319.54
0.1,alpha0p1,105,2,subject105_client2,5343,0,lying,320.82
0.1,alpha0p1,105,2,subject105_client2,5344,0,lying,322.1
0.1,alpha0p1,105,2,subject105_client2,5345,0,lying,323.38
0.1,alpha0p1,105,2,subject105_client2,5346,0,lying,324.66
0.1,alpha0p1,105,2,subject105_client2,5347,0,lying,325.94
0.1,alpha0p1,105,2,subject105_client2,5348,0,lying,327.22
0.1,alpha0p1,105,2,subject105_client2,5349,0,lying,328.5
0.1,alpha0p1,105,2,subject105_client2,5350,0,lying,329.78
0.1,alpha0p1,105,2,subject105_client2,5351,0,lying,331.06
0.1,alpha0p1,105,2,subject105_client2,5352,0,lying,332.34
0.1,alpha0p1,105,2,subject105_client2,5353,0,lying,333.62
0.1,alpha0p1,105,2,subject105_client2,5354,0,lying,334.9
0.1,alpha0p1,105,2,subject105_client2,5355,0,lying,336.18
0.1,alpha0p1,105,2,subject105_client2,5356,0,lying,337.46
0.1,alpha0p1,105,2,subject105_client2,5357,0,lying,338.74
0.1,alpha0p1,105,2,subject105_client2,5358,1,sitting,411.03
0.1,alpha0p1,105,2,subject105_client2,5359,1,sitting,412.31
0.1,alpha0p1,105,2,subject105_client2,5360,1,sitting,413.59
0.1,alpha0p1,105,2,subject105_client2,5361,1,sitting,414.87
0.1,alpha0p1,105,2,subject105_client2,5362,1,sitting,416.15
0.1,alpha0p1,105,2,subject105_client2,5363,1,sitting,417.43
0.1,alpha0p1,105,2,subject105_client2,5364,1,sitting,418.71
0.1,alpha0p1,105,2,subject105_client2,5365,1,sitting,419.99
0.1,alpha0p1,105,2,subject105_client2,5366,1,sitting,421.27
0.1,alpha0p1,105,2,subject105_client2,5367,1,sitting,422.55
0.1,alpha0p1,105,2,subject105_client2,5368,1,sitting,423.83
0.1,alpha0p1,105,2,subject105_client2,5369,1,sitting,425.11
0.1,alpha0p1,105,2,subject105_client2,5370,1,sitting,426.39
0.1,alpha0p1,105,2,subject105_client2,5371,1,sitting,427.67
0.1,alpha0p1,105,2,subject105_client2,5372,1,sitting,428.95
0.1,alpha0p1,105,2,subject105_client2,5373,1,sitting,430.23
0.1,alpha0p1,105,2,subject105_client2,5374,1,sitting,431.51
0.1,alpha0p1,105,2,subject105_client2,5375,1,sitting,432.79
0.1,alpha0p1,105,2,subject105_client2,5376,1,sitting,434.07
0.1,alpha0p1,105,2,subject105_client2,5377,1,sitting,435.35
0.1,alpha0p1,105,2,subject105_client2,5378,1,sitting,436.63
0.1,alpha0p1,105,2,subject105_client2,5379,1,sitting,437.91
0.1,alpha0p1,105,2,subject105_client2,5380,1,sitting,439.19
0.1,alpha0p1,105,2,subject105_client2,5381,1,sitting,440.47
0.1,alpha0p1,105,2,subject105_client2,5382,1,sitting,441.75
0.1,alpha0p1,105,2,subject105_client2,5383,1,sitting,443.03
0.1,alpha0p1,105,2,subject105_client2,5384,1,sitting,444.31
0.1,alpha0p1,105,2,subject105_client2,5385,1,sitting,445.59
0.1,alpha0p1,105,2,subject105_client2,5386,1,sitting,446.87
0.1,alpha0p1,105,2,subject105_client2,5387,1,sitting,448.15
0.1,alpha0p1,105,2,subject105_client2,5388,1,sitting,449.43
0.1,alpha0p1,105,2,subject105_client2,5389,1,sitting,450.71
0.1,alpha0p1,105,2,subject105_client2,5390,1,sitting,451.99
0.1,alpha0p1,105,2,subject105_client2,5391,1,sitting,453.27
0.1,alpha0p1,105,2,subject105_client2,5392,1,sitting,454.55
0.1,alpha0p1,105,2,subject105_client2,5393,1,sitting,455.83
0.1,alpha0p1,105,2,subject105_client2,5394,1,sitting,457.11
0.1,alpha0p1,105,2,subject105_client2,5395,1,sitting,458.39
0.1,alpha0p1,105,2,subject105_client2,5396,1,sitting,459.67
0.1,alpha0p1,105,2,subject105_client2,5397,1,sitting,460.95
0.1,alpha0p1,105,2,subject105_client2,5398,1,sitting,462.23
0.1,alpha0p1,105,2,subject105_client2,5399,1,sitting,463.51
0.1,alpha0p1,105,2,subject105_client2,5400,1,sitting,464.79
0.1,alpha0p1,105,2,subject105_client2,5401,1,sitting,466.07
0.1,alpha0p1,105,2,subject105_client2,5402,1,sitting,467.35
0.1,alpha0p1,105,2,subject105_client2,5403,1,sitting,468.63
0.1,alpha0p1,105,2,subject105_client2,5404,1,sitting,469.91
0.1,alpha0p1,105,2,subject105_client2,5405,1,sitting,471.19
0.1,alpha0p1,105,2,subject105_client2,5406,1,sitting,472.47
0.1,alpha0p1,105,2,subject105_client2,5407,1,sitting,473.75
0.1,alpha0p1,105,2,subject105_client2,5408,1,sitting,475.03
0.1,alpha0p1,105,2,subject105_client2,5409,1,sitting,476.31
0.1,alpha0p1,105,2,subject105_client2,5410,1,sitting,477.59
0.1,alpha0p1,105,2,subject105_client2,5411,1,sitting,478.87
0.1,alpha0p1,105,2,subject105_client2,5412,1,sitting,480.15
0.1,alpha0p1,105,2,subject105_client2,5413,1,sitting,481.43
0.1,alpha0p1,105,2,subject105_client2,5414,1,sitting,482.71
0.1,alpha0p1,105,2,subject105_client2,5415,1,sitting,483.99
0.1,alpha0p1,105,2,subject105_client2,5416,1,sitting,485.27
0.1,alpha0p1,105,2,subject105_client2,5417,1,sitting,486.55
0.1,alpha0p1,105,2,subject105_client2,5418,1,sitting,487.83
0.1,alpha0p1,105,2,subject105_client2,5419,1,sitting,489.11
0.1,alpha0p1,105,2,subject105_client2,5420,1,sitting,490.39
0.1,alpha0p1,105,2,subject105_client2,5421,1,sitting,491.67
0.1,alpha0p1,105,2,subject105_client2,5422,1,sitting,492.95
0.1,alpha0p1,105,2,subject105_client2,5423,1,sitting,494.23
0.1,alpha0p1,105,0,subject105_client0,5425,1,sitting,496.79
0.1,alpha0p1,105,0,subject105_client0,5426,1,sitting,498.07
0.1,alpha0p1,105,0,subject105_client0,5427,1,sitting,499.35
0.1,alpha0p1,105,0,subject105_client0,5428,1,sitting,500.63
0.1,alpha0p1,105,0,subject105_client0,5429,1,sitting,501.91
0.1,alpha0p1,105,0,subject105_client0,5430,1,sitting,503.19
0.1,alpha0p1,105,0,subject105_client0,5431,1,sitting,504.47
0.1,alpha0p1,105,0,subject105_client0,5432,1,sitting,505.75
0.1,alpha0p1,105,0,subject105_client0,5433,1,sitting,507.03
0.1,alpha0p1,105,0,subject105_client0,5434,1,sitting,508.31
0.1,alpha0p1,105,0,subject105_client0,5435,1,sitting,509.59
0.1,alpha0p1,105,0,subject105_client0,5436,1,sitting,510.87
0.1,alpha0p1,105,0,subject105_client0,5437,1,sitting,512.15
0.1,alpha0p1,105,0,subject105_client0,5438,1,sitting,513.43
0.1,alpha0p1,105,0,subject105_client0,5439,1,sitting,514.71
0.1,alpha0p1,105,0,subject105_client0,5440,1,sitting,515.99
0.1,alpha0p1,105,0,subject105_client0,5441,1,sitting,517.27
0.1,alpha0p1,105,0,subject105_client0,5442,1,sitting,518.55
0.1,alpha0p1,105,0,subject105_client0,5443,1,sitting,519.83
0.1,alpha0p1,105,0,subject105_client0,5444,1,sitting,521.11
0.1,alpha0p1,105,0,subject105_client0,5445,1,sitting,522.39
0.1,alpha0p1,105,0,subject105_client0,5446,1,sitting,523.67
0.1,alpha0p1,105,0,subject105_client0,5447,1,sitting,524.95
0.1,alpha0p1,105,0,subject105_client0,5448,1,sitting,526.23
0.1,alpha0p1,105,0,subject105_client0,5449,1,sitting,527.51
0.1,alpha0p1,105,0,subject105_client0,5450,1,sitting,528.79
0.1,alpha0p1,105,0,subject105_client0,5451,1,sitting,530.07
0.1,alpha0p1,105,0,subject105_client0,5452,1,sitting,531.35
0.1,alpha0p1,105,0,subject105_client0,5453,1,sitting,532.63
0.1,alpha0p1,105,0,subject105_client0,5454,1,sitting,533.91
0.1,alpha0p1,105,0,subject105_client0,5455,1,sitting,535.19
0.1,alpha0p1,105,0,subject105_client0,5456,1,sitting,536.47
0.1,alpha0p1,105,0,subject105_client0,5457,1,sitting,537.75
0.1,alpha0p1,105,0,subject105_client0,5458,1,sitting,539.03
0.1,alpha0p1,105,0,subject105_client0,5459,1,sitting,540.31
0.1,alpha0p1,105,0,subject105_client0,5460,1,sitting,541.59
0.1,alpha0p1,105,0,subject105_client0,5461,1,sitting,542.87
0.1,alpha0p1,105,0,subject105_client0,5462,1,sitting,544.15
0.1,alpha0p1,105,0,subject105_client0,5463,1,sitting,545.43
0.1,alpha0p1,105,0,subject105_client0,5464,1,sitting,546.71
0.1,alpha0p1,105,0,subject105_client0,5465,1,sitting,547.99
0.1,alpha0p1,105,0,subject105_client0,5466,1,sitting,549.27
0.1,alpha0p1,105,0,subject105_client0,5467,1,sitting,550.55
0.1,alpha0p1,105,0,subject105_client0,5468,1,sitting,551.83
0.1,alpha0p1,105,0,subject105_client0,5469,1,sitting,553.11
0.1,alpha0p1,105,0,subject105_client0,5470,1,sitting,554.39
0.1,alpha0p1,105,0,subject105_client0,5471,1,sitting,555.67
0.1,alpha0p1,105,0,subject105_client0,5472,1,sitting,556.95
0.1,alpha0p1,105,0,subject105_client0,5473,1,sitting,558.23
0.1,alpha0p1,105,0,subject105_client0,5474,1,sitting,559.51
0.1,alpha0p1,105,0,subject105_client0,5475,1,sitting,560.79
0.1,alpha0p1,105,0,subject105_client0,5476,1,sitting,562.07
0.1,alpha0p1,105,0,subject105_client0,5477,1,sitting,563.35
0.1,alpha0p1,105,0,subject105_client0,5478,1,sitting,564.63
0.1,alpha0p1,105,0,subject105_client0,5479,1,sitting,565.91
0.1,alpha0p1,105,0,subject105_client0,5480,1,sitting,567.19
0.1,alpha0p1,105,0,subject105_client0,5481,1,sitting,568.47
0.1,alpha0p1,105,0,subject105_client0,5482,1,sitting,569.75
0.1,alpha0p1,105,0,subject105_client0,5483,1,sitting,571.03
0.1,alpha0p1,105,0,subject105_client0,5484,1,sitting,572.31
0.1,alpha0p1,105,0,subject105_client0,5485,1,sitting,573.59
0.1,alpha0p1,105,0,subject105_client0,5486,1,sitting,574.87
0.1,alpha0p1,105,0,subject105_client0,5487,1,sitting,576.15
0.1,alpha0p1,105,0,subject105_client0,5488,1,sitting,577.43
0.1,alpha0p1,105,0,subject105_client0,5489,1,sitting,578.71
0.1,alpha0p1,105,0,subject105_client0,5490,1,sitting,579.99
0.1,alpha0p1,105,0,subject105_client0,5491,1,sitting,581.27
0.1,alpha0p1,105,0,subject105_client0,5492,1,sitting,582.55
0.1,alpha0p1,105,0,subject105_client0,5493,1,sitting,583.83
0.1,alpha0p1,105,0,subject105_client0,5494,1,sitting,585.11
0.1,alpha0p1,105,0,subject105_client0,5495,1,sitting,586.39
0.1,alpha0p1,105,0,subject105_client0,5496,1,sitting,587.67
0.1,alpha0p1,105,0,subject105_client0,5497,1,sitting,588.95
0.1,alpha0p1,105,0,subject105_client0,5498,1,sitting,590.23
0.1,alpha0p1,105,0,subject105_client0,5499,1,sitting,591.51
0.1,alpha0p1,105,0,subject105_client0,5500,1,sitting,592.79
0.1,alpha0p1,105,0,subject105_client0,5501,1,sitting,594.07
0.1,alpha0p1,105,0,subject105_client0,5502,1,sitting,595.35
0.1,alpha0p1,105,0,subject105_client0,5503,1,sitting,596.63
0.1,alpha0p1,105,0,subject105_client0,5504,1,sitting,597.91
0.1,alpha0p1,105,0,subject105_client0,5505,1,sitting,599.19
0.1,alpha0p1,105,0,subject105_client0,5506,1,sitting,600.47
0.1,alpha0p1,105,0,subject105_client0,5507,1,sitting,601.75
0.1,alpha0p1,105,0,subject105_client0,5508,1,sitting,603.03
0.1,alpha0p1,105,0,subject105_client0,5509,1,sitting,604.31
0.1,alpha0p1,105,0,subject105_client0,5510,1,sitting,605.59
0.1,alpha0p1,105,0,subject105_client0,5511,1,sitting,606.87
0.1,alpha0p1,105,0,subject105_client0,5512,1,sitting,608.15
0.1,alpha0p1,105,0,subject105_client0,5513,1,sitting,609.43
0.1,alpha0p1,105,0,subject105_client0,5514,1,sitting,610.71
0.1,alpha0p1,105,0,subject105_client0,5515,1,sitting,611.99
0.1,alpha0p1,105,0,subject105_client0,5516,1,sitting,613.27
0.1,alpha0p1,105,0,subject105_client0,5517,1,sitting,614.55
0.1,alpha0p1,105,0,subject105_client0,5518,1,sitting,615.83
0.1,alpha0p1,105,0,subject105_client0,5519,1,sitting,617.11
0.1,alpha0p1,105,0,subject105_client0,5520,1,sitting,618.39
0.1,alpha0p1,105,0,subject105_client0,5521,1,sitting,619.67
0.1,alpha0p1,105,0,subject105_client0,5522,1,sitting,620.95
0.1,alpha0p1,105,0,subject105_client0,5523,1,sitting,622.23
0.1,alpha0p1,105,0,subject105_client0,5524,1,sitting,623.51
0.1,alpha0p1,105,0,subject105_client0,5525,1,sitting,624.79
0.1,alpha0p1,105,0,subject105_client0,5526,1,sitting,626.07
0.1,alpha0p1,105,0,subject105_client0,5527,1,sitting,627.35
0.1,alpha0p1,105,0,subject105_client0,5528,1,sitting,628.63
0.1,alpha0p1,105,0,subject105_client0,5529,1,sitting,629.91
0.1,alpha0p1,105,0,subject105_client0,5530,1,sitting,631.19
0.1,alpha0p1,105,0,subject105_client0,5531,1,sitting,632.47
0.1,alpha0p1,105,0,subject105_client0,5532,1,sitting,633.75
0.1,alpha0p1,105,0,subject105_client0,5533,1,sitting,635.03
0.1,alpha0p1,105,0,subject105_client0,5534,1,sitting,636.31
0.1,alpha0p1,105,0,subject105_client0,5535,1,sitting,637.59
0.1,alpha0p1,105,0,subject105_client0,5536,1,sitting,638.87
0.1,alpha0p1,105,0,subject105_client0,5537,1,sitting,640.15
0.1,alpha0p1,105,0,subject105_client0,5538,1,sitting,641.43
0.1,alpha0p1,105,0,subject105_client0,5539,1,sitting,642.71
0.1,alpha0p1,105,0,subject105_client0,5540,1,sitting,643.99
0.1,alpha0p1,105,0,subject105_client0,5541,1,sitting,645.27
0.1,alpha0p1,105,0,subject105_client0,5542,1,sitting,646.55
0.1,alpha0p1,105,0,subject105_client0,5543,1,sitting,647.83
0.1,alpha0p1,105,0,subject105_client0,5544,1,sitting,649.11
0.1,alpha0p1,105,0,subject105_client0,5545,1,sitting,650.39
0.1,alpha0p1,105,0,subject105_client0,5546,1,sitting,651.67
0.1,alpha0p1,105,0,subject105_client0,5547,1,sitting,652.95
0.1,alpha0p1,105,0,subject105_client0,5548,1,sitting,654.23
0.1,alpha0p1,105,0,subject105_client0,5549,1,sitting,655.51
0.1,alpha0p1,105,0,subject105_client0,5550,1,sitting,656.79
0.1,alpha0p1,105,0,subject105_client0,5551,1,sitting,658.07
0.1,alpha0p1,105,0,subject105_client0,5552,1,sitting,659.35
0.1,alpha0p1,105,0,subject105_client0,5553,1,sitting,660.63
0.1,alpha0p1,105,0,subject105_client0,5554,1,sitting,661.91
0.1,alpha0p1,105,0,subject105_client0,5555,1,sitting,663.19
0.1,alpha0p1,105,0,subject105_client0,5556,1,sitting,664.47
0.1,alpha0p1,105,0,subject105_client0,5557,1,sitting,665.75
0.1,alpha0p1,105,0,subject105_client0,5558,1,sitting,667.03
0.1,alpha0p1,105,0,subject105_client0,5559,1,sitting,668.31
0.1,alpha0p1,105,0,subject105_client0,5560,1,sitting,669.59
0.1,alpha0p1,105,0,subject105_client0,5561,1,sitting,670.87
0.1,alpha0p1,105,0,subject105_client0,5562,1,sitting,672.15
0.1,alpha0p1,105,0,subject105_client0,5563,1,sitting,673.43
0.1,alpha0p1,105,0,subject105_client0,5564,1,sitting,674.71
0.1,alpha0p1,105,0,subject105_client0,5565,1,sitting,675.99
0.1,alpha0p1,105,3,subject105_client3,5566,2,standing,679.67
0.1,alpha0p1,105,3,subject105_client3,5567,2,standing,680.95
0.1,alpha0p1,105,3,subject105_client3,5568,2,standing,682.23
0.1,alpha0p1,105,3,subject105_client3,5569,2,standing,683.51
0.1,alpha0p1,105,3,subject105_client3,5570,2,standing,684.79
0.1,alpha0p1,105,3,subject105_client3,5571,2,standing,686.07
0.1,alpha0p1,105,3,subject105_client3,5572,2,standing,687.35
0.1,alpha0p1,105,3,subject105_client3,5573,2,standing,688.63
0.1,alpha0p1,105,3,subject105_client3,5574,2,standing,689.91
0.1,alpha0p1,105,3,subject105_client3,5575,2,standing,691.19
0.1,alpha0p1,105,3,subject105_client3,5576,2,standing,692.47
0.1,alpha0p1,105,3,subject105_client3,5577,2,standing,693.75
0.1,alpha0p1,105,3,subject105_client3,5578,2,standing,695.03
0.1,alpha0p1,105,3,subject105_client3,5579,2,standing,696.31
0.1,alpha0p1,105,3,subject105_client3,5580,2,standing,697.59
0.1,alpha0p1,105,3,subject105_client3,5581,2,standing,698.87
0.1,alpha0p1,105,3,subject105_client3,5582,2,standing,700.15
0.1,alpha0p1,105,3,subject105_client3,5583,2,standing,701.43
0.1,alpha0p1,105,3,subject105_client3,5584,2,standing,702.71
0.1,alpha0p1,105,3,subject105_client3,5585,2,standing,703.99
0.1,alpha0p1,105,3,subject105_client3,5586,2,standing,705.27
0.1,alpha0p1,105,3,subject105_client3,5587,2,standing,706.55
0.1,alpha0p1,105,3,subject105_client3,5588,2,standing,707.83
0.1,alpha0p1,105,3,subject105_client3,5589,2,standing,709.11
0.1,alpha0p1,105,3,subject105_client3,5590,2,standing,710.39
0.1,alpha0p1,105,3,subject105_client3,5591,2,standing,711.67
0.1,alpha0p1,105,3,subject105_client3,5592,2,standing,712.95
0.1,alpha0p1,105,3,subject105_client3,5593,2,standing,714.23
0.1,alpha0p1,105,3,subject105_client3,5594,2,standing,715.51
0.1,alpha0p1,105,3,subject105_client3,5595,2,standing,716.79
0.1,alpha0p1,105,3,subject105_client3,5596,2,standing,718.07
0.1,alpha0p1,105,3,subject105_client3,5597,2,standing,719.35
0.1,alpha0p1,105,3,subject105_client3,5598,2,standing,720.63
0.1,alpha0p1,105,3,subject105_client3,5599,2,standing,721.91
0.1,alpha0p1,105,3,subject105_client3,5600,2,standing,723.19
0.1,alpha0p1,105,3,subject105_client3,5601,2,standing,724.47
0.1,alpha0p1,105,3,subject105_client3,5602,2,standing,725.75
0.1,alpha0p1,105,3,subject105_client3,5603,2,standing,727.03
0.1,alpha0p1,105,3,subject105_client3,5604,2,standing,728.31
0.1,alpha0p1,105,3,subject105_client3,5605,2,standing,729.59
0.1,alpha0p1,105,3,subject105_client3,5606,2,standing,730.87
0.1,alpha0p1,105,3,subject105_client3,5607,2,standing,732.15
0.1,alpha0p1,105,3,subject105_client3,5608,2,standing,733.43
0.1,alpha0p1,105,3,subject105_client3,5609,2,standing,734.71
0.1,alpha0p1,105,3,subject105_client3,5610,2,standing,735.99
0.1,alpha0p1,105,3,subject105_client3,5611,2,standing,737.27
0.1,alpha0p1,105,3,subject105_client3,5612,2,standing,738.55
0.1,alpha0p1,105,3,subject105_client3,5613,2,standing,739.83
0.1,alpha0p1,105,3,subject105_client3,5614,2,standing,741.11
0.1,alpha0p1,105,3,subject105_client3,5615,2,standing,742.39
0.1,alpha0p1,105,3,subject105_client3,5616,2,standing,743.67
0.1,alpha0p1,105,3,subject105_client3,5617,2,standing,744.95
0.1,alpha0p1,105,3,subject105_client3,5618,2,standing,746.23
0.1,alpha0p1,105,3,subject105_client3,5619,2,standing,747.51
0.1,alpha0p1,105,3,subject105_client3,5620,2,standing,748.79
0.1,alpha0p1,105,3,subject105_client3,5621,2,standing,750.07
0.1,alpha0p1,105,3,subject105_client3,5622,2,standing,751.35
0.1,alpha0p1,105,3,subject105_client3,5623,2,standing,752.63
0.1,alpha0p1,105,3,subject105_client3,5624,2,standing,753.91
0.1,alpha0p1,105,3,subject105_client3,5625,2,standing,755.19
0.1,alpha0p1,105,3,subject105_client3,5626,2,standing,756.47
0.1,alpha0p1,105,3,subject105_client3,5627,2,standing,757.75
0.1,alpha0p1,105,3,subject105_client3,5628,2,standing,759.03
0.1,alpha0p1,105,3,subject105_client3,5629,2,standing,760.31
0.1,alpha0p1,105,3,subject105_client3,5630,2,standing,761.59
0.1,alpha0p1,105,3,subject105_client3,5631,2,standing,762.87
0.1,alpha0p1,105,3,subject105_client3,5632,2,standing,764.15
0.1,alpha0p1,105,3,subject105_client3,5633,2,standing,765.43
0.1,alpha0p1,105,3,subject105_client3,5634,2,standing,766.71
0.1,alpha0p1,105,3,subject105_client3,5635,2,standing,767.99
0.1,alpha0p1,105,3,subject105_client3,5636,2,standing,769.27
0.1,alpha0p1,105,3,subject105_client3,5637,2,standing,770.55
0.1,alpha0p1,105,3,subject105_client3,5638,2,standing,771.83
0.1,alpha0p1,105,3,subject105_client3,5639,2,standing,773.11
0.1,alpha0p1,105,3,subject105_client3,5640,2,standing,774.39
0.1,alpha0p1,105,3,subject105_client3,5641,2,standing,775.67
0.1,alpha0p1,105,3,subject105_client3,5642,2,standing,776.95
0.1,alpha0p1,105,3,subject105_client3,5643,2,standing,778.23
0.1,alpha0p1,105,3,subject105_client3,5644,2,standing,779.51
0.1,alpha0p1,105,3,subject105_client3,5645,2,standing,780.79
0.1,alpha0p1,105,3,subject105_client3,5646,2,standing,782.07
0.1,alpha0p1,105,3,subject105_client3,5647,2,standing,783.35
0.1,alpha0p1,105,3,subject105_client3,5648,2,standing,784.63
0.1,alpha0p1,105,3,subject105_client3,5649,2,standing,785.91
0.1,alpha0p1,105,3,subject105_client3,5650,2,standing,787.19
0.1,alpha0p1,105,3,subject105_client3,5651,2,standing,788.47
0.1,alpha0p1,105,3,subject105_client3,5652,2,standing,789.75
0.1,alpha0p1,105,3,subject105_client3,5653,2,standing,791.03
0.1,alpha0p1,105,3,subject105_client3,5654,2,standing,792.31
0.1,alpha0p1,105,3,subject105_client3,5655,2,standing,793.59
0.1,alpha0p1,105,3,subject105_client3,5656,2,standing,794.87
0.1,alpha0p1,105,3,subject105_client3,5657,2,standing,796.15
0.1,alpha0p1,105,3,subject105_client3,5658,2,standing,797.43
0.1,alpha0p1,105,3,subject105_client3,5659,2,standing,798.71
0.1,alpha0p1,105,3,subject105_client3,5660,2,standing,799.99
0.1,alpha0p1,105,3,subject105_client3,5661,2,standing,801.27
0.1,alpha0p1,105,3,subject105_client3,5662,2,standing,802.55
0.1,alpha0p1,105,3,subject105_client3,5663,2,standing,803.83
0.1,alpha0p1,105,3,subject105_client3,5664,2,standing,805.11
0.1,alpha0p1,105,3,subject105_client3,5665,2,standing,806.39
0.1,alpha0p1,105,3,subject105_client3,5666,2,standing,807.67
0.1,alpha0p1,105,3,subject105_client3,5667,2,standing,808.95
0.1,alpha0p1,105,3,subject105_client3,5668,2,standing,810.23
0.1,alpha0p1,105,3,subject105_client3,5669,2,standing,811.51
0.1,alpha0p1,105,3,subject105_client3,5670,2,standing,812.79
0.1,alpha0p1,105,3,subject105_client3,5671,2,standing,814.07
0.1,alpha0p1,105,3,subject105_client3,5672,2,standing,815.35
0.1,alpha0p1,105,3,subject105_client3,5673,2,standing,816.63
0.1,alpha0p1,105,3,subject105_client3,5674,2,standing,817.91
0.1,alpha0p1,105,3,subject105_client3,5675,2,standing,819.19
0.1,alpha0p1,105,3,subject105_client3,5676,2,standing,820.47
0.1,alpha0p1,105,3,subject105_client3,5677,2,standing,821.75
0.1,alpha0p1,105,3,subject105_client3,5678,2,standing,823.03
0.1,alpha0p1,105,3,subject105_client3,5679,2,standing,824.31
0.1,alpha0p1,105,3,subject105_client3,5680,2,standing,825.59
0.1,alpha0p1,105,3,subject105_client3,5681,2,standing,826.87
0.1,alpha0p1,105,3,subject105_client3,5682,2,standing,828.15
0.1,alpha0p1,105,3,subject105_client3,5683,2,standing,829.43
0.1,alpha0p1,105,3,subject105_client3,5684,2,standing,830.71
0.1,alpha0p1,105,3,subject105_client3,5685,2,standing,831.99
0.1,alpha0p1,105,3,subject105_client3,5686,2,standing,833.27
0.1,alpha0p1,105,3,subject105_client3,5687,2,standing,834.55
0.1,alpha0p1,105,3,subject105_client3,5688,2,standing,835.83
0.1,alpha0p1,105,3,subject105_client3,5689,2,standing,837.11
0.1,alpha0p1,105,3,subject105_client3,5690,2,standing,838.39
0.1,alpha0p1,105,3,subject105_client3,5691,2,standing,839.67
0.1,alpha0p1,105,3,subject105_client3,5692,2,standing,840.95
0.1,alpha0p1,105,3,subject105_client3,5693,2,standing,842.23
0.1,alpha0p1,105,3,subject105_client3,5694,2,standing,843.51
0.1,alpha0p1,105,3,subject105_client3,5695,2,standing,844.79
0.1,alpha0p1,105,3,subject105_client3,5696,2,standing,846.07
0.1,alpha0p1,105,3,subject105_client3,5697,2,standing,847.35
0.1,alpha0p1,105,3,subject105_client3,5698,2,standing,848.63
0.1,alpha0p1,105,3,subject105_client3,5699,2,standing,849.91
0.1,alpha0p1,105,3,subject105_client3,5700,2,standing,851.19
0.1,alpha0p1,105,3,subject105_client3,5701,2,standing,852.47
0.1,alpha0p1,105,3,subject105_client3,5702,2,standing,853.75
0.1,alpha0p1,105,3,subject105_client3,5703,2,standing,855.03
0.1,alpha0p1,105,3,subject105_client3,5704,2,standing,856.31
0.1,alpha0p1,105,3,subject105_client3,5705,2,standing,857.59
0.1,alpha0p1,105,3,subject105_client3,5706,2,standing,858.87
0.1,alpha0p1,105,3,subject105_client3,5707,2,standing,860.15
0.1,alpha0p1,105,3,subject105_client3,5708,2,standing,861.43
0.1,alpha0p1,105,3,subject105_client3,5709,2,standing,862.71
0.1,alpha0p1,105,3,subject105_client3,5710,2,standing,863.99
0.1,alpha0p1,105,3,subject105_client3,5711,2,standing,865.27
0.1,alpha0p1,105,3,subject105_client3,5712,2,standing,866.55
0.1,alpha0p1,105,3,subject105_client3,5713,2,standing,867.83
0.1,alpha0p1,105,3,subject105_client3,5714,2,standing,869.11
0.1,alpha0p1,105,3,subject105_client3,5715,2,standing,870.39
0.1,alpha0p1,105,3,subject105_client3,5716,2,standing,871.67
0.1,alpha0p1,105,3,subject105_client3,5717,2,standing,872.95
0.1,alpha0p1,105,3,subject105_client3,5718,2,standing,874.23
0.1,alpha0p1,105,3,subject105_client3,5719,2,standing,875.51
0.1,alpha0p1,105,3,subject105_client3,5720,2,standing,876.79
0.1,alpha0p1,105,3,subject105_client3,5721,2,standing,878.07
0.1,alpha0p1,105,3,subject105_client3,5722,2,standing,879.35
0.1,alpha0p1,105,3,subject105_client3,5723,2,standing,880.63
0.1,alpha0p1,105,3,subject105_client3,5724,2,standing,881.91
0.1,alpha0p1,105,3,subject105_client3,5725,2,standing,883.19
0.1,alpha0p1,105,3,subject105_client3,5726,2,standing,884.47
0.1,alpha0p1,105,3,subject105_client3,5727,2,standing,885.75
0.1,alpha0p1,105,3,subject105_client3,5728,2,standing,887.03
0.1,alpha0p1,105,3,subject105_client3,5729,2,standing,888.31
0.1,alpha0p1,105,3,subject105_client3,5730,2,standing,889.59
0.1,alpha0p1,105,3,subject105_client3,5731,2,standing,890.87
0.1,alpha0p1,105,2,subject105_client2,5733,2,standing,893.43
0.1,alpha0p1,105,2,subject105_client2,5734,2,standing,894.71
0.1,alpha0p1,105,2,subject105_client2,5735,2,standing,895.99
0.1,alpha0p1,105,2,subject105_client2,5736,2,standing,897.27
0.1,alpha0p1,105,0,subject105_client0,5737,10,ironing,900.99
0.1,alpha0p1,105,0,subject105_client0,5738,10,ironing,902.27
0.1,alpha0p1,105,0,subject105_client0,5739,10,ironing,903.55
0.1,alpha0p1,105,0,subject105_client0,5740,10,ironing,904.83
0.1,alpha0p1,105,0,subject105_client0,5741,10,ironing,906.11
0.1,alpha0p1,105,0,subject105_client0,5742,10,ironing,907.39
0.1,alpha0p1,105,2,subject105_client2,5744,10,ironing,909.95
0.1,alpha0p1,105,1,subject105_client1,5746,10,ironing,912.51
0.1,alpha0p1,105,1,subject105_client1,5747,10,ironing,913.79
0.1,alpha0p1,105,1,subject105_client1,5748,10,ironing,915.07
0.1,alpha0p1,105,1,subject105_client1,5749,10,ironing,916.35
0.1,alpha0p1,105,1,subject105_client1,5750,10,ironing,917.63
0.1,alpha0p1,105,1,subject105_client1,5751,10,ironing,918.91
0.1,alpha0p1,105,1,subject105_client1,5752,10,ironing,920.19
0.1,alpha0p1,105,1,subject105_client1,5753,10,ironing,921.47
0.1,alpha0p1,105,1,subject105_client1,5754,10,ironing,922.75
0.1,alpha0p1,105,1,subject105_client1,5755,10,ironing,924.03
0.1,alpha0p1,105,1,subject105_client1,5756,10,ironing,925.31
0.1,alpha0p1,105,1,subject105_client1,5757,10,ironing,926.59
0.1,alpha0p1,105,1,subject105_client1,5758,10,ironing,927.87
0.1,alpha0p1,105,1,subject105_client1,5759,10,ironing,929.15
0.1,alpha0p1,105,1,subject105_client1,5760,10,ironing,930.43
0.1,alpha0p1,105,1,subject105_client1,5761,10,ironing,931.71
0.1,alpha0p1,105,1,subject105_client1,5762,10,ironing,932.99
0.1,alpha0p1,105,1,subject105_client1,5763,10,ironing,934.27
0.1,alpha0p1,105,1,subject105_client1,5764,10,ironing,935.55
0.1,alpha0p1,105,1,subject105_client1,5765,10,ironing,936.83
0.1,alpha0p1,105,1,subject105_client1,5766,10,ironing,938.11
0.1,alpha0p1,105,1,subject105_client1,5767,10,ironing,939.39
0.1,alpha0p1,105,1,subject105_client1,5768,10,ironing,940.67
0.1,alpha0p1,105,1,subject105_client1,5769,10,ironing,941.95
0.1,alpha0p1,105,1,subject105_client1,5770,10,ironing,943.23
0.1,alpha0p1,105,1,subject105_client1,5771,10,ironing,944.51
0.1,alpha0p1,105,1,subject105_client1,5772,10,ironing,945.79
0.1,alpha0p1,105,1,subject105_client1,5773,10,ironing,947.07
0.1,alpha0p1,105,1,subject105_client1,5774,10,ironing,948.35
0.1,alpha0p1,105,1,subject105_client1,5775,10,ironing,949.63
0.1,alpha0p1,105,1,subject105_client1,5776,10,ironing,950.91
0.1,alpha0p1,105,1,subject105_client1,5777,10,ironing,952.19
0.1,alpha0p1,105,1,subject105_client1,5778,10,ironing,953.47
0.1,alpha0p1,105,1,subject105_client1,5779,10,ironing,954.75
0.1,alpha0p1,105,1,subject105_client1,5780,10,ironing,956.03
0.1,alpha0p1,105,1,subject105_client1,5781,10,ironing,957.31
0.1,alpha0p1,105,1,subject105_client1,5782,10,ironing,958.59
0.1,alpha0p1,105,1,subject105_client1,5783,10,ironing,959.87
0.1,alpha0p1,105,1,subject105_client1,5784,10,ironing,961.15
0.1,alpha0p1,105,1,subject105_client1,5785,10,ironing,962.43
0.1,alpha0p1,105,1,subject105_client1,5786,10,ironing,963.71
0.1,alpha0p1,105,1,subject105_client1,5787,10,ironing,964.99
0.1,alpha0p1,105,1,subject105_client1,5788,10,ironing,966.27
0.1,alpha0p1,105,1,subject105_client1,5789,10,ironing,967.55
0.1,alpha0p1,105,1,subject105_client1,5790,10,ironing,968.83
0.1,alpha0p1,105,1,subject105_client1,5791,10,ironing,970.11
0.1,alpha0p1,105,1,subject105_client1,5792,10,ironing,971.39
0.1,alpha0p1,105,1,subject105_client1,5793,10,ironing,972.67
0.1,alpha0p1,105,1,subject105_client1,5794,10,ironing,973.95
0.1,alpha0p1,105,1,subject105_client1,5795,10,ironing,975.23
0.1,alpha0p1,105,1,subject105_client1,5796,10,ironing,976.51
0.1,alpha0p1,105,1,subject105_client1,5797,10,ironing,977.79
0.1,alpha0p1,105,1,subject105_client1,5798,10,ironing,979.07
0.1,alpha0p1,105,1,subject105_client1,5799,10,ironing,980.35
0.1,alpha0p1,105,1,subject105_client1,5800,10,ironing,981.63
0.1,alpha0p1,105,1,subject105_client1,5801,10,ironing,982.91
0.1,alpha0p1,105,1,subject105_client1,5802,10,ironing,984.19
0.1,alpha0p1,105,1,subject105_client1,5803,10,ironing,985.47
0.1,alpha0p1,105,1,subject105_client1,5804,10,ironing,986.75
0.1,alpha0p1,105,1,subject105_client1,5805,10,ironing,988.03
0.1,alpha0p1,105,1,subject105_client1,5806,10,ironing,989.31
0.1,alpha0p1,105,1,subject105_client1,5807,10,ironing,990.59
0.1,alpha0p1,105,1,subject105_client1,5808,10,ironing,991.87
0.1,alpha0p1,105,1,subject105_client1,5809,10,ironing,993.15
0.1,alpha0p1,105,1,subject105_client1,5810,10,ironing,994.43
0.1,alpha0p1,105,1,subject105_client1,5811,10,ironing,995.71
0.1,alpha0p1,105,1,subject105_client1,5812,10,ironing,996.99
0.1,alpha0p1,105,1,subject105_client1,5813,10,ironing,998.27
0.1,alpha0p1,105,1,subject105_client1,5814,10,ironing,999.55
0.1,alpha0p1,105,1,subject105_client1,5815,10,ironing,1000.83
0.1,alpha0p1,105,1,subject105_client1,5816,10,ironing,1002.11
0.1,alpha0p1,105,1,subject105_client1,5817,10,ironing,1003.39
0.1,alpha0p1,105,1,subject105_client1,5818,10,ironing,1004.67
0.1,alpha0p1,105,1,subject105_client1,5819,10,ironing,1005.95
0.1,alpha0p1,105,1,subject105_client1,5820,10,ironing,1007.23
0.1,alpha0p1,105,1,subject105_client1,5821,10,ironing,1008.51
0.1,alpha0p1,105,1,subject105_client1,5822,10,ironing,1009.79
0.1,alpha0p1,105,1,subject105_client1,5823,10,ironing,1011.07
0.1,alpha0p1,105,1,subject105_client1,5824,10,ironing,1012.35
0.1,alpha0p1,105,1,subject105_client1,5825,10,ironing,1013.63
0.1,alpha0p1,105,1,subject105_client1,5826,10,ironing,1014.91
0.1,alpha0p1,105,1,subject105_client1,5827,10,ironing,1016.19
0.1,alpha0p1,105,1,subject105_client1,5828,10,ironing,1017.47
0.1,alpha0p1,105,1,subject105_client1,5829,10,ironing,1018.75
0.1,alpha0p1,105,1,subject105_client1,5830,10,ironing,1020.03
0.1,alpha0p1,105,1,subject105_client1,5831,10,ironing,1021.31
0.1,alpha0p1,105,1,subject105_client1,5832,10,ironing,1022.59
0.1,alpha0p1,105,1,subject105_client1,5833,10,ironing,1023.87
0.1,alpha0p1,105,1,subject105_client1,5834,10,ironing,1025.15
0.1,alpha0p1,105,1,subject105_client1,5835,10,ironing,1026.43
0.1,alpha0p1,105,1,subject105_client1,5836,10,ironing,1027.71
0.1,alpha0p1,105,1,subject105_client1,5837,10,ironing,1028.99
0.1,alpha0p1,105,1,subject105_client1,5838,10,ironing,1030.27
0.1,alpha0p1,105,1,subject105_client1,5839,10,ironing,1031.55
0.1,alpha0p1,105,1,subject105_client1,5840,10,ironing,1032.83
0.1,alpha0p1,105,1,subject105_client1,5841,10,ironing,1034.11
0.1,alpha0p1,105,1,subject105_client1,5842,10,ironing,1035.39
0.1,alpha0p1,105,1,subject105_client1,5843,10,ironing,1036.67
0.1,alpha0p1,105,1,subject105_client1,5844,10,ironing,1037.95
0.1,alpha0p1,105,1,subject105_client1,5845,10,ironing,1039.23
0.1,alpha0p1,105,1,subject105_client1,5846,10,ironing,1040.51
0.1,alpha0p1,105,1,subject105_client1,5847,10,ironing,1041.79
0.1,alpha0p1,105,1,subject105_client1,5848,10,ironing,1043.07
0.1,alpha0p1,105,1,subject105_client1,5849,10,ironing,1044.35
0.1,alpha0p1,105,1,subject105_client1,5850,10,ironing,1045.63
0.1,alpha0p1,105,1,subject105_client1,5851,10,ironing,1046.91
0.1,alpha0p1,105,1,subject105_client1,5852,10,ironing,1048.19
0.1,alpha0p1,105,1,subject105_client1,5853,10,ironing,1049.47
0.1,alpha0p1,105,1,subject105_client1,5854,10,ironing,1050.75
0.1,alpha0p1,105,1,subject105_client1,5855,10,ironing,1052.03
0.1,alpha0p1,105,1,subject105_client1,5856,10,ironing,1053.31
0.1,alpha0p1,105,1,subject105_client1,5857,10,ironing,1054.59
0.1,alpha0p1,105,1,subject105_client1,5858,10,ironing,1055.87
0.1,alpha0p1,105,1,subject105_client1,5859,10,ironing,1057.15
0.1,alpha0p1,105,1,subject105_client1,5860,10,ironing,1058.43
0.1,alpha0p1,105,1,subject105_client1,5861,10,ironing,1059.71
0.1,alpha0p1,105,1,subject105_client1,5862,10,ironing,1060.99
0.1,alpha0p1,105,1,subject105_client1,5863,10,ironing,1062.27
0.1,alpha0p1,105,1,subject105_client1,5864,10,ironing,1063.55
0.1,alpha0p1,105,1,subject105_client1,5865,10,ironing,1064.83
0.1,alpha0p1,105,1,subject105_client1,5866,10,ironing,1066.11
0.1,alpha0p1,105,1,subject105_client1,5867,10,ironing,1067.39
0.1,alpha0p1,105,1,subject105_client1,5868,10,ironing,1068.67
0.1,alpha0p1,105,1,subject105_client1,5869,10,ironing,1069.95
0.1,alpha0p1,105,1,subject105_client1,5870,10,ironing,1071.23
0.1,alpha0p1,105,1,subject105_client1,5871,10,ironing,1072.51
0.1,alpha0p1,105,1,subject105_client1,5872,10,ironing,1073.79
0.1,alpha0p1,105,1,subject105_client1,5873,10,ironing,1075.07
0.1,alpha0p1,105,1,subject105_client1,5874,10,ironing,1076.35
0.1,alpha0p1,105,1,subject105_client1,5875,10,ironing,1077.63
0.1,alpha0p1,105,1,subject105_client1,5876,10,ironing,1078.91
0.1,alpha0p1,105,1,subject105_client1,5877,10,ironing,1080.19
0.1,alpha0p1,105,1,subject105_client1,5878,10,ironing,1081.47
0.1,alpha0p1,105,1,subject105_client1,5879,10,ironing,1082.75
0.1,alpha0p1,105,1,subject105_client1,5880,10,ironing,1084.03
0.1,alpha0p1,105,1,subject105_client1,5881,10,ironing,1085.31
0.1,alpha0p1,105,1,subject105_client1,5882,10,ironing,1086.59
0.1,alpha0p1,105,1,subject105_client1,5883,10,ironing,1087.87
0.1,alpha0p1,105,1,subject105_client1,5884,10,ironing,1089.15
0.1,alpha0p1,105,1,subject105_client1,5885,10,ironing,1090.43
0.1,alpha0p1,105,1,subject105_client1,5886,10,ironing,1091.71
0.1,alpha0p1,105,1,subject105_client1,5887,10,ironing,1092.99
0.1,alpha0p1,105,1,subject105_client1,5888,10,ironing,1094.27
0.1,alpha0p1,105,1,subject105_client1,5889,10,ironing,1095.55
0.1,alpha0p1,105,1,subject105_client1,5890,10,ironing,1096.83
0.1,alpha0p1,105,1,subject105_client1,5891,10,ironing,1098.11
0.1,alpha0p1,105,1,subject105_client1,5892,10,ironing,1099.39
0.1,alpha0p1,105,1,subject105_client1,5893,10,ironing,1100.67
0.1,alpha0p1,105,1,subject105_client1,5894,10,ironing,1101.95
0.1,alpha0p1,105,1,subject105_client1,5895,10,ironing,1103.23
0.1,alpha0p1,105,1,subject105_client1,5896,10,ironing,1104.51
0.1,alpha0p1,105,1,subject105_client1,5897,10,ironing,1105.79
0.1,alpha0p1,105,1,subject105_client1,5898,10,ironing,1107.07
0.1,alpha0p1,105,1,subject105_client1,5899,10,ironing,1108.35
0.1,alpha0p1,105,1,subject105_client1,5900,10,ironing,1109.63
0.1,alpha0p1,105,1,subject105_client1,5901,10,ironing,1110.91
0.1,alpha0p1,105,1,subject105_client1,5902,10,ironing,1112.19
0.1,alpha0p1,105,1,subject105_client1,5903,10,ironing,1113.47
0.1,alpha0p1,105,1,subject105_client1,5904,10,ironing,1114.75
0.1,alpha0p1,105,1,subject105_client1,5905,10,ironing,1116.03
0.1,alpha0p1,105,1,subject105_client1,5906,10,ironing,1117.31
0.1,alpha0p1,105,1,subject105_client1,5907,10,ironing,1118.59
0.1,alpha0p1,105,1,subject105_client1,5908,10,ironing,1119.87
0.1,alpha0p1,105,1,subject105_client1,5909,10,ironing,1121.15
0.1,alpha0p1,105,1,subject105_client1,5910,10,ironing,1122.43
0.1,alpha0p1,105,1,subject105_client1,5911,10,ironing,1123.71
0.1,alpha0p1,105,1,subject105_client1,5912,10,ironing,1124.99
0.1,alpha0p1,105,1,subject105_client1,5913,10,ironing,1126.27
0.1,alpha0p1,105,1,subject105_client1,5914,10,ironing,1127.55
0.1,alpha0p1,105,1,subject105_client1,5915,10,ironing,1128.83
0.1,alpha0p1,105,1,subject105_client1,5916,10,ironing,1130.11
0.1,alpha0p1,105,1,subject105_client1,5917,10,ironing,1131.39
0.1,alpha0p1,105,1,subject105_client1,5918,10,ironing,1132.67
0.1,alpha0p1,105,1,subject105_client1,5919,10,ironing,1133.95
0.1,alpha0p1,105,1,subject105_client1,5920,10,ironing,1135.23
0.1,alpha0p1,105,1,subject105_client1,5921,10,ironing,1136.51
0.1,alpha0p1,105,1,subject105_client1,5922,10,ironing,1137.79
0.1,alpha0p1,105,1,subject105_client1,5923,10,ironing,1139.07
0.1,alpha0p1,105,1,subject105_client1,5924,10,ironing,1140.35
0.1,alpha0p1,105,1,subject105_client1,5925,10,ironing,1141.63
0.1,alpha0p1,105,1,subject105_client1,5926,10,ironing,1142.91
0.1,alpha0p1,105,1,subject105_client1,5927,10,ironing,1144.19
0.1,alpha0p1,105,1,subject105_client1,5928,10,ironing,1145.47
0.1,alpha0p1,105,1,subject105_client1,5929,10,ironing,1146.75
0.1,alpha0p1,105,1,subject105_client1,5930,10,ironing,1148.03
0.1,alpha0p1,105,1,subject105_client1,5931,10,ironing,1149.31
0.1,alpha0p1,105,1,subject105_client1,5932,10,ironing,1150.59
0.1,alpha0p1,105,1,subject105_client1,5933,10,ironing,1151.87
0.1,alpha0p1,105,1,subject105_client1,5934,10,ironing,1153.15
0.1,alpha0p1,105,1,subject105_client1,5935,10,ironing,1154.43
0.1,alpha0p1,105,1,subject105_client1,5936,10,ironing,1155.71
0.1,alpha0p1,105,1,subject105_client1,5937,10,ironing,1156.99
0.1,alpha0p1,105,1,subject105_client1,5938,10,ironing,1158.27
0.1,alpha0p1,105,1,subject105_client1,5939,10,ironing,1159.55
0.1,alpha0p1,105,1,subject105_client1,5940,10,ironing,1160.83
0.1,alpha0p1,105,1,subject105_client1,5941,10,ironing,1162.11
0.1,alpha0p1,105,1,subject105_client1,5942,10,ironing,1163.39
0.1,alpha0p1,105,1,subject105_client1,5943,10,ironing,1164.67
0.1,alpha0p1,105,1,subject105_client1,5944,10,ironing,1165.95
0.1,alpha0p1,105,1,subject105_client1,5945,10,ironing,1167.23
0.1,alpha0p1,105,1,subject105_client1,5946,10,ironing,1168.51
0.1,alpha0p1,105,1,subject105_client1,5947,10,ironing,1169.79
0.1,alpha0p1,105,1,subject105_client1,5948,10,ironing,1171.07
0.1,alpha0p1,105,1,subject105_client1,5949,10,ironing,1172.35
0.1,alpha0p1,105,1,subject105_client1,5950,10,ironing,1173.63
0.1,alpha0p1,105,1,subject105_client1,5951,10,ironing,1174.91
0.1,alpha0p1,105,1,subject105_client1,5952,10,ironing,1176.19
0.1,alpha0p1,105,1,subject105_client1,5953,10,ironing,1177.47
0.1,alpha0p1,105,1,subject105_client1,5954,10,ironing,1178.75
0.1,alpha0p1,105,1,subject105_client1,5955,10,ironing,1180.03
0.1,alpha0p1,105,1,subject105_client1,5956,10,ironing,1181.31
0.1,alpha0p1,105,1,subject105_client1,5957,10,ironing,1182.59
0.1,alpha0p1,105,1,subject105_client1,5958,10,ironing,1183.87
0.1,alpha0p1,105,1,subject105_client1,5959,10,ironing,1185.15
0.1,alpha0p1,105,1,subject105_client1,5960,10,ironing,1186.43
0.1,alpha0p1,105,1,subject105_client1,5961,10,ironing,1187.71
0.1,alpha0p1,105,1,subject105_client1,5962,10,ironing,1188.99
0.1,alpha0p1,105,1,subject105_client1,5963,10,ironing,1190.27
0.1,alpha0p1,105,1,subject105_client1,5964,10,ironing,1191.55
0.1,alpha0p1,105,1,subject105_client1,5965,10,ironing,1192.83
0.1,alpha0p1,105,1,subject105_client1,5966,10,ironing,1194.11
0.1,alpha0p1,105,1,subject105_client1,5967,10,ironing,1195.39
0.1,alpha0p1,105,1,subject105_client1,5968,10,ironing,1196.67
0.1,alpha0p1,105,1,subject105_client1,5969,10,ironing,1197.95
0.1,alpha0p1,105,1,subject105_client1,5970,10,ironing,1199.23
0.1,alpha0p1,105,1,subject105_client1,5971,10,ironing,1200.51
0.1,alpha0p1,105,1,subject105_client1,5972,10,ironing,1201.79
0.1,alpha0p1,105,1,subject105_client1,5973,10,ironing,1203.07
0.1,alpha0p1,105,1,subject105_client1,5974,10,ironing,1204.35
0.1,alpha0p1,105,1,subject105_client1,5975,10,ironing,1205.63
0.1,alpha0p1,105,1,subject105_client1,5976,10,ironing,1206.91
0.1,alpha0p1,105,1,subject105_client1,5977,10,ironing,1208.19
0.1,alpha0p1,105,1,subject105_client1,5978,10,ironing,1209.47
0.1,alpha0p1,105,1,subject105_client1,5979,10,ironing,1210.75
0.1,alpha0p1,105,1,subject105_client1,5980,10,ironing,1212.03
0.1,alpha0p1,105,1,subject105_client1,5981,10,ironing,1213.31
0.1,alpha0p1,105,1,subject105_client1,5982,10,ironing,1214.59
0.1,alpha0p1,105,1,subject105_client1,5983,10,ironing,1215.87
0.1,alpha0p1,105,1,subject105_client1,5984,10,ironing,1217.15
0.1,alpha0p1,105,1,subject105_client1,5985,10,ironing,1218.43
0.1,alpha0p1,105,1,subject105_client1,5986,10,ironing,1219.71
0.1,alpha0p1,105,1,subject105_client1,5987,10,ironing,1220.99
0.1,alpha0p1,105,1,subject105_client1,5988,10,ironing,1222.27
0.1,alpha0p1,105,1,subject105_client1,5989,10,ironing,1223.55
0.1,alpha0p1,105,1,subject105_client1,5990,10,ironing,1224.83
0.1,alpha0p1,105,3,subject105_client3,5992,10,ironing,1227.39
0.1,alpha0p1,105,3,subject105_client3,5993,10,ironing,1228.67
0.1,alpha0p1,105,2,subject105_client2,5994,9,vacuum cleaning,1296.3
0.1,alpha0p1,105,2,subject105_client2,5995,9,vacuum cleaning,1297.58
0.1,alpha0p1,105,2,subject105_client2,5996,9,vacuum cleaning,1298.86
0.1,alpha0p1,105,2,subject105_client2,5997,9,vacuum cleaning,1300.14
0.1,alpha0p1,105,2,subject105_client2,5998,9,vacuum cleaning,1301.42
0.1,alpha0p1,105,2,subject105_client2,5999,9,vacuum cleaning,1302.7
0.1,alpha0p1,105,2,subject105_client2,6000,9,vacuum cleaning,1303.98
0.1,alpha0p1,105,2,subject105_client2,6001,9,vacuum cleaning,1305.26
0.1,alpha0p1,105,2,subject105_client2,6002,9,vacuum cleaning,1306.54
0.1,alpha0p1,105,2,subject105_client2,6003,9,vacuum cleaning,1307.82
0.1,alpha0p1,105,2,subject105_client2,6004,9,vacuum cleaning,1309.1
0.1,alpha0p1,105,2,subject105_client2,6005,9,vacuum cleaning,1310.38
0.1,alpha0p1,105,2,subject105_client2,6006,9,vacuum cleaning,1311.66
0.1,alpha0p1,105,2,subject105_client2,6007,9,vacuum cleaning,1312.94
0.1,alpha0p1,105,2,subject105_client2,6008,9,vacuum cleaning,1314.22
0.1,alpha0p1,105,2,subject105_client2,6009,9,vacuum cleaning,1315.5
0.1,alpha0p1,105,2,subject105_client2,6010,9,vacuum cleaning,1316.78
0.1,alpha0p1,105,2,subject105_client2,6011,9,vacuum cleaning,1318.06
0.1,alpha0p1,105,2,subject105_client2,6012,9,vacuum cleaning,1319.34
0.1,alpha0p1,105,2,subject105_client2,6013,9,vacuum cleaning,1320.62
0.1,alpha0p1,105,2,subject105_client2,6014,9,vacuum cleaning,1321.9
0.1,alpha0p1,105,2,subject105_client2,6015,9,vacuum cleaning,1323.18
0.1,alpha0p1,105,2,subject105_client2,6016,9,vacuum cleaning,1324.46
0.1,alpha0p1,105,2,subject105_client2,6017,9,vacuum cleaning,1325.74
0.1,alpha0p1,105,2,subject105_client2,6018,9,vacuum cleaning,1327.02
0.1,alpha0p1,105,2,subject105_client2,6019,9,vacuum cleaning,1328.3
0.1,alpha0p1,105,2,subject105_client2,6020,9,vacuum cleaning,1329.58
0.1,alpha0p1,105,2,subject105_client2,6021,9,vacuum cleaning,1330.86
0.1,alpha0p1,105,2,subject105_client2,6022,9,vacuum cleaning,1332.14
0.1,alpha0p1,105,2,subject105_client2,6023,9,vacuum cleaning,1333.42
0.1,alpha0p1,105,2,subject105_client2,6024,9,vacuum cleaning,1334.7
0.1,alpha0p1,105,2,subject105_client2,6025,9,vacuum cleaning,1335.98
0.1,alpha0p1,105,2,subject105_client2,6026,9,vacuum cleaning,1337.26
0.1,alpha0p1,105,2,subject105_client2,6027,9,vacuum cleaning,1338.54
0.1,alpha0p1,105,2,subject105_client2,6028,9,vacuum cleaning,1339.82
0.1,alpha0p1,105,2,subject105_client2,6029,9,vacuum cleaning,1341.1
0.1,alpha0p1,105,2,subject105_client2,6030,9,vacuum cleaning,1342.38
0.1,alpha0p1,105,2,subject105_client2,6031,9,vacuum cleaning,1343.66
0.1,alpha0p1,105,2,subject105_client2,6032,9,vacuum cleaning,1344.94
0.1,alpha0p1,105,2,subject105_client2,6033,9,vacuum cleaning,1346.22
0.1,alpha0p1,105,2,subject105_client2,6034,9,vacuum cleaning,1347.5
0.1,alpha0p1,105,2,subject105_client2,6035,9,vacuum cleaning,1348.78
0.1,alpha0p1,105,2,subject105_client2,6036,9,vacuum cleaning,1350.06
0.1,alpha0p1,105,2,subject105_client2,6037,9,vacuum cleaning,1351.34
0.1,alpha0p1,105,2,subject105_client2,6038,9,vacuum cleaning,1352.62
0.1,alpha0p1,105,2,subject105_client2,6039,9,vacuum cleaning,1353.9
0.1,alpha0p1,105,2,subject105_client2,6040,9,vacuum cleaning,1355.18
0.1,alpha0p1,105,2,subject105_client2,6041,9,vacuum cleaning,1356.46
0.1,alpha0p1,105,2,subject105_client2,6042,9,vacuum cleaning,1357.74
0.1,alpha0p1,105,2,subject105_client2,6043,9,vacuum cleaning,1359.02
0.1,alpha0p1,105,2,subject105_client2,6044,9,vacuum cleaning,1360.3
0.1,alpha0p1,105,2,subject105_client2,6045,9,vacuum cleaning,1361.58
0.1,alpha0p1,105,2,subject105_client2,6046,9,vacuum cleaning,1362.86
0.1,alpha0p1,105,2,subject105_client2,6047,9,vacuum cleaning,1364.14
0.1,alpha0p1,105,2,subject105_client2,6048,9,vacuum cleaning,1365.42
0.1,alpha0p1,105,2,subject105_client2,6049,9,vacuum cleaning,1366.7
0.1,alpha0p1,105,2,subject105_client2,6050,9,vacuum cleaning,1367.98
0.1,alpha0p1,105,2,subject105_client2,6051,9,vacuum cleaning,1369.26
0.1,alpha0p1,105,2,subject105_client2,6052,9,vacuum cleaning,1370.54
0.1,alpha0p1,105,2,subject105_client2,6053,9,vacuum cleaning,1371.82
0.1,alpha0p1,105,2,subject105_client2,6054,9,vacuum cleaning,1373.1
0.1,alpha0p1,105,2,subject105_client2,6055,9,vacuum cleaning,1374.38
0.1,alpha0p1,105,2,subject105_client2,6056,9,vacuum cleaning,1375.66
0.1,alpha0p1,105,2,subject105_client2,6057,9,vacuum cleaning,1376.94
0.1,alpha0p1,105,2,subject105_client2,6058,9,vacuum cleaning,1378.22
0.1,alpha0p1,105,2,subject105_client2,6059,9,vacuum cleaning,1379.5
0.1,alpha0p1,105,2,subject105_client2,6060,9,vacuum cleaning,1380.78
0.1,alpha0p1,105,2,subject105_client2,6061,9,vacuum cleaning,1382.06
0.1,alpha0p1,105,2,subject105_client2,6062,9,vacuum cleaning,1383.34
0.1,alpha0p1,105,2,subject105_client2,6063,9,vacuum cleaning,1384.62
0.1,alpha0p1,105,2,subject105_client2,6064,9,vacuum cleaning,1385.9
0.1,alpha0p1,105,2,subject105_client2,6065,9,vacuum cleaning,1387.18
0.1,alpha0p1,105,2,subject105_client2,6066,9,vacuum cleaning,1388.46
0.1,alpha0p1,105,2,subject105_client2,6067,9,vacuum cleaning,1389.74
0.1,alpha0p1,105,2,subject105_client2,6068,9,vacuum cleaning,1391.02
0.1,alpha0p1,105,2,subject105_client2,6069,9,vacuum cleaning,1392.3
0.1,alpha0p1,105,2,subject105_client2,6070,9,vacuum cleaning,1393.58
0.1,alpha0p1,105,2,subject105_client2,6071,9,vacuum cleaning,1394.86
0.1,alpha0p1,105,2,subject105_client2,6072,9,vacuum cleaning,1396.14
0.1,alpha0p1,105,2,subject105_client2,6073,9,vacuum cleaning,1397.42
0.1,alpha0p1,105,2,subject105_client2,6074,9,vacuum cleaning,1398.7
0.1,alpha0p1,105,2,subject105_client2,6075,9,vacuum cleaning,1399.98
0.1,alpha0p1,105,2,subject105_client2,6076,9,vacuum cleaning,1401.26
0.1,alpha0p1,105,2,subject105_client2,6077,9,vacuum cleaning,1402.54
0.1,alpha0p1,105,2,subject105_client2,6078,9,vacuum cleaning,1403.82
0.1,alpha0p1,105,2,subject105_client2,6079,9,vacuum cleaning,1405.1
0.1,alpha0p1,105,2,subject105_client2,6080,9,vacuum cleaning,1406.38
0.1,alpha0p1,105,2,subject105_client2,6081,9,vacuum cleaning,1407.66
0.1,alpha0p1,105,2,subject105_client2,6082,9,vacuum cleaning,1408.94
0.1,alpha0p1,105,2,subject105_client2,6083,9,vacuum cleaning,1410.22
0.1,alpha0p1,105,2,subject105_client2,6084,9,vacuum cleaning,1411.5
0.1,alpha0p1,105,2,subject105_client2,6085,9,vacuum cleaning,1412.78
0.1,alpha0p1,105,2,subject105_client2,6086,9,vacuum cleaning,1414.06
0.1,alpha0p1,105,2,subject105_client2,6087,9,vacuum cleaning,1415.34
0.1,alpha0p1,105,2,subject105_client2,6088,9,vacuum cleaning,1416.62
0.1,alpha0p1,105,2,subject105_client2,6089,9,vacuum cleaning,1417.9
0.1,alpha0p1,105,2,subject105_client2,6090,9,vacuum cleaning,1419.18
0.1,alpha0p1,105,2,subject105_client2,6091,9,vacuum cleaning,1420.46
0.1,alpha0p1,105,2,subject105_client2,6092,9,vacuum cleaning,1421.74
0.1,alpha0p1,105,2,subject105_client2,6093,9,vacuum cleaning,1423.02
0.1,alpha0p1,105,2,subject105_client2,6094,9,vacuum cleaning,1424.3
0.1,alpha0p1,105,2,subject105_client2,6095,9,vacuum cleaning,1425.58
0.1,alpha0p1,105,2,subject105_client2,6096,9,vacuum cleaning,1426.86
0.1,alpha0p1,105,2,subject105_client2,6097,9,vacuum cleaning,1428.14
0.1,alpha0p1,105,2,subject105_client2,6098,9,vacuum cleaning,1429.42
0.1,alpha0p1,105,2,subject105_client2,6099,9,vacuum cleaning,1430.7
0.1,alpha0p1,105,2,subject105_client2,6100,9,vacuum cleaning,1431.98
0.1,alpha0p1,105,2,subject105_client2,6101,9,vacuum cleaning,1433.26
0.1,alpha0p1,105,2,subject105_client2,6102,9,vacuum cleaning,1434.54
0.1,alpha0p1,105,2,subject105_client2,6103,9,vacuum cleaning,1435.82
0.1,alpha0p1,105,2,subject105_client2,6104,9,vacuum cleaning,1437.1
0.1,alpha0p1,105,2,subject105_client2,6105,9,vacuum cleaning,1438.38
0.1,alpha0p1,105,2,subject105_client2,6106,9,vacuum cleaning,1439.66
0.1,alpha0p1,105,2,subject105_client2,6107,9,vacuum cleaning,1440.94
0.1,alpha0p1,105,2,subject105_client2,6108,9,vacuum cleaning,1442.22
0.1,alpha0p1,105,2,subject105_client2,6109,9,vacuum cleaning,1443.5
0.1,alpha0p1,105,2,subject105_client2,6110,9,vacuum cleaning,1444.78
0.1,alpha0p1,105,2,subject105_client2,6111,9,vacuum cleaning,1446.06
0.1,alpha0p1,105,2,subject105_client2,6112,9,vacuum cleaning,1447.34
0.1,alpha0p1,105,2,subject105_client2,6113,9,vacuum cleaning,1448.62
0.1,alpha0p1,105,2,subject105_client2,6114,9,vacuum cleaning,1449.9
0.1,alpha0p1,105,2,subject105_client2,6115,9,vacuum cleaning,1451.18
0.1,alpha0p1,105,2,subject105_client2,6116,9,vacuum cleaning,1452.46
0.1,alpha0p1,105,2,subject105_client2,6117,9,vacuum cleaning,1453.74
0.1,alpha0p1,105,2,subject105_client2,6118,9,vacuum cleaning,1455.02
0.1,alpha0p1,105,2,subject105_client2,6119,9,vacuum cleaning,1456.3
0.1,alpha0p1,105,2,subject105_client2,6120,9,vacuum cleaning,1457.58
0.1,alpha0p1,105,2,subject105_client2,6121,9,vacuum cleaning,1458.86
0.1,alpha0p1,105,2,subject105_client2,6122,9,vacuum cleaning,1460.14
0.1,alpha0p1,105,2,subject105_client2,6123,9,vacuum cleaning,1461.42
0.1,alpha0p1,105,2,subject105_client2,6124,9,vacuum cleaning,1462.7
0.1,alpha0p1,105,2,subject105_client2,6125,9,vacuum cleaning,1463.98
0.1,alpha0p1,105,2,subject105_client2,6126,9,vacuum cleaning,1465.26
0.1,alpha0p1,105,2,subject105_client2,6127,9,vacuum cleaning,1466.54
0.1,alpha0p1,105,2,subject105_client2,6128,9,vacuum cleaning,1467.82
0.1,alpha0p1,105,2,subject105_client2,6129,9,vacuum cleaning,1469.1
0.1,alpha0p1,105,2,subject105_client2,6130,9,vacuum cleaning,1470.38
0.1,alpha0p1,105,2,subject105_client2,6131,9,vacuum cleaning,1471.66
0.1,alpha0p1,105,2,subject105_client2,6132,9,vacuum cleaning,1472.94
0.1,alpha0p1,105,2,subject105_client2,6133,9,vacuum cleaning,1474.22
0.1,alpha0p1,105,2,subject105_client2,6134,9,vacuum cleaning,1475.5
0.1,alpha0p1,105,2,subject105_client2,6135,9,vacuum cleaning,1476.78
0.1,alpha0p1,105,2,subject105_client2,6136,9,vacuum cleaning,1478.06
0.1,alpha0p1,105,2,subject105_client2,6137,9,vacuum cleaning,1479.34
0.1,alpha0p1,105,2,subject105_client2,6138,9,vacuum cleaning,1480.62
0.1,alpha0p1,105,2,subject105_client2,6139,9,vacuum cleaning,1481.9
0.1,alpha0p1,105,2,subject105_client2,6140,9,vacuum cleaning,1483.18
0.1,alpha0p1,105,2,subject105_client2,6141,9,vacuum cleaning,1484.46
0.1,alpha0p1,105,2,subject105_client2,6142,9,vacuum cleaning,1485.74
0.1,alpha0p1,105,2,subject105_client2,6143,9,vacuum cleaning,1487.02
0.1,alpha0p1,105,2,subject105_client2,6144,9,vacuum cleaning,1488.3
0.1,alpha0p1,105,2,subject105_client2,6145,9,vacuum cleaning,1489.58
0.1,alpha0p1,105,2,subject105_client2,6146,9,vacuum cleaning,1490.86
0.1,alpha0p1,105,2,subject105_client2,6147,9,vacuum cleaning,1492.14
0.1,alpha0p1,105,2,subject105_client2,6148,9,vacuum cleaning,1493.42
0.1,alpha0p1,105,2,subject105_client2,6149,9,vacuum cleaning,1494.7
0.1,alpha0p1,105,2,subject105_client2,6150,9,vacuum cleaning,1495.98
0.1,alpha0p1,105,2,subject105_client2,6151,9,vacuum cleaning,1497.26
0.1,alpha0p1,105,2,subject105_client2,6152,9,vacuum cleaning,1498.54
0.1,alpha0p1,105,2,subject105_client2,6153,9,vacuum cleaning,1499.82
0.1,alpha0p1,105,2,subject105_client2,6154,9,vacuum cleaning,1501.1
0.1,alpha0p1,105,2,subject105_client2,6155,9,vacuum cleaning,1502.38
0.1,alpha0p1,105,2,subject105_client2,6156,9,vacuum cleaning,1503.66
0.1,alpha0p1,105,2,subject105_client2,6157,9,vacuum cleaning,1504.94
0.1,alpha0p1,105,2,subject105_client2,6158,9,vacuum cleaning,1506.22
0.1,alpha0p1,105,2,subject105_client2,6159,9,vacuum cleaning,1507.5
0.1,alpha0p1,105,2,subject105_client2,6160,9,vacuum cleaning,1508.78
0.1,alpha0p1,105,2,subject105_client2,6161,9,vacuum cleaning,1510.06
0.1,alpha0p1,105,2,subject105_client2,6162,9,vacuum cleaning,1511.34
0.1,alpha0p1,105,2,subject105_client2,6163,9,vacuum cleaning,1512.62
0.1,alpha0p1,105,2,subject105_client2,6164,9,vacuum cleaning,1513.9
0.1,alpha0p1,105,2,subject105_client2,6165,9,vacuum cleaning,1515.18
0.1,alpha0p1,105,2,subject105_client2,6166,9,vacuum cleaning,1516.46
0.1,alpha0p1,105,2,subject105_client2,6167,9,vacuum cleaning,1517.74
0.1,alpha0p1,105,2,subject105_client2,6168,9,vacuum cleaning,1519.02
0.1,alpha0p1,105,2,subject105_client2,6169,9,vacuum cleaning,1520.3
0.1,alpha0p1,105,2,subject105_client2,6170,9,vacuum cleaning,1521.58
0.1,alpha0p1,105,2,subject105_client2,6171,9,vacuum cleaning,1522.86
0.1,alpha0p1,105,2,subject105_client2,6172,9,vacuum cleaning,1524.14
0.1,alpha0p1,105,2,subject105_client2,6173,9,vacuum cleaning,1525.42
0.1,alpha0p1,105,2,subject105_client2,6174,9,vacuum cleaning,1526.7
0.1,alpha0p1,105,2,subject105_client2,6175,9,vacuum cleaning,1527.98
0.1,alpha0p1,105,2,subject105_client2,6176,9,vacuum cleaning,1529.26
0.1,alpha0p1,105,2,subject105_client2,6177,9,vacuum cleaning,1530.54
0.1,alpha0p1,105,2,subject105_client2,6178,9,vacuum cleaning,1531.82
0.1,alpha0p1,105,2,subject105_client2,6179,9,vacuum cleaning,1533.1
0.1,alpha0p1,105,2,subject105_client2,6180,9,vacuum cleaning,1534.38
0.1,alpha0p1,105,2,subject105_client2,6181,9,vacuum cleaning,1535.66
0.1,alpha0p1,105,2,subject105_client2,6183,7,ascending stairs,1661.34
0.1,alpha0p1,105,2,subject105_client2,6184,7,ascending stairs,1662.62
0.1,alpha0p1,105,2,subject105_client2,6185,7,ascending stairs,1663.9
0.1,alpha0p1,105,2,subject105_client2,6186,7,ascending stairs,1665.18
0.1,alpha0p1,105,2,subject105_client2,6187,7,ascending stairs,1666.46
0.1,alpha0p1,105,3,subject105_client3,6189,7,ascending stairs,1669.02
0.1,alpha0p1,105,3,subject105_client3,6190,7,ascending stairs,1670.3
0.1,alpha0p1,105,3,subject105_client3,6191,7,ascending stairs,1671.58
0.1,alpha0p1,105,3,subject105_client3,6192,7,ascending stairs,1672.86
0.1,alpha0p1,105,3,subject105_client3,6193,7,ascending stairs,1674.14
0.1,alpha0p1,105,3,subject105_client3,6194,7,ascending stairs,1675.42
0.1,alpha0p1,105,3,subject105_client3,6195,7,ascending stairs,1676.7
0.1,alpha0p1,105,3,subject105_client3,6196,7,ascending stairs,1677.98
0.1,alpha0p1,105,3,subject105_client3,6197,7,ascending stairs,1679.26
0.1,alpha0p1,105,3,subject105_client3,6198,7,ascending stairs,1680.54
0.1,alpha0p1,105,3,subject105_client3,6199,7,ascending stairs,1681.82
0.1,alpha0p1,105,3,subject105_client3,6200,7,ascending stairs,1683.1
0.1,alpha0p1,105,3,subject105_client3,6201,7,ascending stairs,1684.38
0.1,alpha0p1,105,3,subject105_client3,6202,7,ascending stairs,1685.66
0.1,alpha0p1,105,3,subject105_client3,6203,7,ascending stairs,1686.94
0.1,alpha0p1,105,3,subject105_client3,6204,7,ascending stairs,1688.22
0.1,alpha0p1,105,3,subject105_client3,6205,7,ascending stairs,1689.5
0.1,alpha0p1,105,3,subject105_client3,6206,7,ascending stairs,1690.78
0.1,alpha0p1,105,3,subject105_client3,6207,7,ascending stairs,1692.06
0.1,alpha0p1,105,3,subject105_client3,6208,7,ascending stairs,1693.34
0.1,alpha0p1,105,3,subject105_client3,6209,7,ascending stairs,1694.62
0.1,alpha0p1,105,3,subject105_client3,6210,7,ascending stairs,1695.9
0.1,alpha0p1,105,3,subject105_client3,6211,7,ascending stairs,1697.18
0.1,alpha0p1,105,3,subject105_client3,6212,7,ascending stairs,1698.46
0.1,alpha0p1,105,3,subject105_client3,6213,7,ascending stairs,1699.74
0.1,alpha0p1,105,3,subject105_client3,6214,7,ascending stairs,1701.02
0.1,alpha0p1,105,3,subject105_client3,6215,7,ascending stairs,1702.3
0.1,alpha0p1,105,3,subject105_client3,6216,7,ascending stairs,1703.58
0.1,alpha0p1,105,3,subject105_client3,6217,7,ascending stairs,1704.86
0.1,alpha0p1,105,3,subject105_client3,6218,7,ascending stairs,1706.14
0.1,alpha0p1,105,3,subject105_client3,6219,7,ascending stairs,1707.42
0.1,alpha0p1,105,3,subject105_client3,6220,7,ascending stairs,1708.7
0.1,alpha0p1,105,3,subject105_client3,6221,7,ascending stairs,1709.98
0.1,alpha0p1,105,3,subject105_client3,6222,7,ascending stairs,1711.26
0.1,alpha0p1,105,3,subject105_client3,6223,7,ascending stairs,1712.54
0.1,alpha0p1,105,3,subject105_client3,6224,7,ascending stairs,1713.82
0.1,alpha0p1,105,3,subject105_client3,6225,7,ascending stairs,1715.1
0.1,alpha0p1,105,3,subject105_client3,6226,7,ascending stairs,1716.38
0.1,alpha0p1,105,3,subject105_client3,6227,7,ascending stairs,1717.66
0.1,alpha0p1,105,3,subject105_client3,6228,7,ascending stairs,1718.94
0.1,alpha0p1,105,3,subject105_client3,6229,8,descending stairs,1788.73
0.1,alpha0p1,105,3,subject105_client3,6230,8,descending stairs,1790.01
0.1,alpha0p1,105,3,subject105_client3,6231,8,descending stairs,1791.29
0.1,alpha0p1,105,3,subject105_client3,6232,8,descending stairs,1792.57
0.1,alpha0p1,105,3,subject105_client3,6233,8,descending stairs,1793.85
0.1,alpha0p1,105,3,subject105_client3,6234,8,descending stairs,1795.13
0.1,alpha0p1,105,3,subject105_client3,6235,8,descending stairs,1796.41
0.1,alpha0p1,105,3,subject105_client3,6236,8,descending stairs,1797.69
0.1,alpha0p1,105,3,subject105_client3,6237,8,descending stairs,1798.97
0.1,alpha0p1,105,3,subject105_client3,6238,8,descending stairs,1800.25
0.1,alpha0p1,105,3,subject105_client3,6239,8,descending stairs,1801.53
0.1,alpha0p1,105,3,subject105_client3,6240,8,descending stairs,1802.81
0.1,alpha0p1,105,3,subject105_client3,6241,8,descending stairs,1804.09
0.1,alpha0p1,105,3,subject105_client3,6242,8,descending stairs,1805.37
0.1,alpha0p1,105,3,subject105_client3,6243,8,descending stairs,1806.65
0.1,alpha0p1,105,3,subject105_client3,6244,8,descending stairs,1807.93
0.1,alpha0p1,105,3,subject105_client3,6245,8,descending stairs,1809.21
0.1,alpha0p1,105,3,subject105_client3,6246,8,descending stairs,1810.49
0.1,alpha0p1,105,3,subject105_client3,6247,8,descending stairs,1811.77
0.1,alpha0p1,105,3,subject105_client3,6248,8,descending stairs,1813.05
0.1,alpha0p1,105,3,subject105_client3,6249,8,descending stairs,1814.33
0.1,alpha0p1,105,3,subject105_client3,6250,8,descending stairs,1815.61
0.1,alpha0p1,105,3,subject105_client3,6251,8,descending stairs,1816.89
0.1,alpha0p1,105,3,subject105_client3,6252,8,descending stairs,1818.17
0.1,alpha0p1,105,3,subject105_client3,6253,8,descending stairs,1819.45
0.1,alpha0p1,105,3,subject105_client3,6254,8,descending stairs,1820.73
0.1,alpha0p1,105,3,subject105_client3,6255,8,descending stairs,1822.01
0.1,alpha0p1,105,3,subject105_client3,6256,8,descending stairs,1823.29
0.1,alpha0p1,105,3,subject105_client3,6257,8,descending stairs,1824.57
0.1,alpha0p1,105,3,subject105_client3,6258,8,descending stairs,1825.85
0.1,alpha0p1,105,3,subject105_client3,6259,8,descending stairs,1827.13
0.1,alpha0p1,105,3,subject105_client3,6260,8,descending stairs,1828.41
0.1,alpha0p1,105,3,subject105_client3,6261,8,descending stairs,1829.69
0.1,alpha0p1,105,3,subject105_client3,6262,8,descending stairs,1830.97
0.1,alpha0p1,105,3,subject105_client3,6263,8,descending stairs,1832.25
0.1,alpha0p1,105,3,subject105_client3,6264,8,descending stairs,1833.53
0.1,alpha0p1,105,3,subject105_client3,6265,8,descending stairs,1834.81
0.1,alpha0p1,105,3,subject105_client3,6266,8,descending stairs,1836.09
0.1,alpha0p1,105,3,subject105_client3,6267,8,descending stairs,1837.37
0.1,alpha0p1,105,3,subject105_client3,6268,8,descending stairs,1838.65
0.1,alpha0p1,105,3,subject105_client3,6269,8,descending stairs,1839.93
0.1,alpha0p1,105,3,subject105_client3,6270,8,descending stairs,1841.21
0.1,alpha0p1,105,3,subject105_client3,6271,8,descending stairs,1842.49
0.1,alpha0p1,105,3,subject105_client3,6272,8,descending stairs,1843.77
0.1,alpha0p1,105,3,subject105_client3,6273,8,descending stairs,1845.05
0.1,alpha0p1,105,3,subject105_client3,6274,8,descending stairs,1846.33
0.1,alpha0p1,105,3,subject105_client3,6275,8,descending stairs,1847.61
0.1,alpha0p1,105,3,subject105_client3,6276,8,descending stairs,1848.89
0.1,alpha0p1,105,3,subject105_client3,6277,8,descending stairs,1850.17
0.1,alpha0p1,105,3,subject105_client3,6278,8,descending stairs,1851.45
0.1,alpha0p1,105,3,subject105_client3,6279,8,descending stairs,1852.73
0.1,alpha0p1,105,3,subject105_client3,6280,8,descending stairs,1854.01
0.1,alpha0p1,105,3,subject105_client3,6281,8,descending stairs,1855.29
0.1,alpha0p1,105,3,subject105_client3,6282,7,ascending stairs,1878.73
0.1,alpha0p1,105,3,subject105_client3,6283,7,ascending stairs,1880.01
0.1,alpha0p1,105,3,subject105_client3,6284,7,ascending stairs,1881.29
0.1,alpha0p1,105,3,subject105_client3,6285,7,ascending stairs,1882.57
0.1,alpha0p1,105,3,subject105_client3,6286,7,ascending stairs,1883.85
0.1,alpha0p1,105,3,subject105_client3,6287,7,ascending stairs,1885.13
0.1,alpha0p1,105,3,subject105_client3,6288,7,ascending stairs,1886.41
0.1,alpha0p1,105,3,subject105_client3,6289,7,ascending stairs,1887.69
0.1,alpha0p1,105,3,subject105_client3,6290,7,ascending stairs,1888.97
0.1,alpha0p1,105,3,subject105_client3,6291,7,ascending stairs,1890.25
0.1,alpha0p1,105,3,subject105_client3,6292,7,ascending stairs,1891.53
0.1,alpha0p1,105,3,subject105_client3,6293,7,ascending stairs,1892.81
0.1,alpha0p1,105,3,subject105_client3,6294,7,ascending stairs,1894.09
0.1,alpha0p1,105,3,subject105_client3,6295,7,ascending stairs,1895.37
0.1,alpha0p1,105,3,subject105_client3,6296,7,ascending stairs,1896.65
0.1,alpha0p1,105,3,subject105_client3,6297,7,ascending stairs,1897.93
0.1,alpha0p1,105,3,subject105_client3,6298,7,ascending stairs,1899.21
0.1,alpha0p1,105,3,subject105_client3,6299,7,ascending stairs,1900.49
0.1,alpha0p1,105,3,subject105_client3,6300,7,ascending stairs,1901.77
0.1,alpha0p1,105,3,subject105_client3,6301,7,ascending stairs,1903.05
0.1,alpha0p1,105,3,subject105_client3,6302,7,ascending stairs,1904.33
0.1,alpha0p1,105,3,subject105_client3,6303,7,ascending stairs,1905.61
0.1,alpha0p1,105,3,subject105_client3,6304,7,ascending stairs,1906.89
0.1,alpha0p1,105,3,subject105_client3,6305,7,ascending stairs,1908.17
0.1,alpha0p1,105,3,subject105_client3,6306,7,ascending stairs,1909.45
0.1,alpha0p1,105,3,subject105_client3,6307,7,ascending stairs,1910.73
0.1,alpha0p1,105,3,subject105_client3,6308,7,ascending stairs,1912.01
0.1,alpha0p1,105,3,subject105_client3,6309,7,ascending stairs,1913.29
0.1,alpha0p1,105,3,subject105_client3,6310,7,ascending stairs,1914.57
0.1,alpha0p1,105,3,subject105_client3,6311,7,ascending stairs,1915.85
0.1,alpha0p1,105,3,subject105_client3,6312,7,ascending stairs,1917.13
0.1,alpha0p1,105,3,subject105_client3,6313,7,ascending stairs,1918.41
0.1,alpha0p1,105,3,subject105_client3,6314,7,ascending stairs,1919.69
0.1,alpha0p1,105,3,subject105_client3,6315,7,ascending stairs,1920.97
0.1,alpha0p1,105,3,subject105_client3,6316,7,ascending stairs,1922.25
0.1,alpha0p1,105,3,subject105_client3,6317,7,ascending stairs,1923.53
0.1,alpha0p1,105,3,subject105_client3,6318,7,ascending stairs,1924.81
0.1,alpha0p1,105,3,subject105_client3,6319,7,ascending stairs,1926.09
0.1,alpha0p1,105,3,subject105_client3,6320,7,ascending stairs,1927.37
0.1,alpha0p1,105,3,subject105_client3,6321,7,ascending stairs,1928.65
0.1,alpha0p1,105,3,subject105_client3,6322,7,ascending stairs,1929.93
0.1,alpha0p1,105,3,subject105_client3,6323,7,ascending stairs,1931.21
0.1,alpha0p1,105,3,subject105_client3,6324,7,ascending stairs,1932.49
0.1,alpha0p1,105,3,subject105_client3,6325,7,ascending stairs,1933.77
0.1,alpha0p1,105,3,subject105_client3,6326,7,ascending stairs,1935.05
0.1,alpha0p1,105,3,subject105_client3,6327,7,ascending stairs,1936.33
0.1,alpha0p1,105,3,subject105_client3,6328,7,ascending stairs,1937.61
0.1,alpha0p1,105,3,subject105_client3,6329,7,ascending stairs,1938.89
0.1,alpha0p1,105,3,subject105_client3,6330,7,ascending stairs,1940.17
0.1,alpha0p1,105,3,subject105_client3,6331,7,ascending stairs,1941.45
0.1,alpha0p1,105,3,subject105_client3,6332,7,ascending stairs,1942.73
0.1,alpha0p1,105,3,subject105_client3,6333,7,ascending stairs,1944.01
0.1,alpha0p1,105,3,subject105_client3,6334,7,ascending stairs,1945.29
0.1,alpha0p1,105,3,subject105_client3,6335,7,ascending stairs,1946.57
0.1,alpha0p1,105,3,subject105_client3,6336,7,ascending stairs,1947.85
0.1,alpha0p1,105,3,subject105_client3,6337,7,ascending stairs,1949.13
0.1,alpha0p1,105,3,subject105_client3,6338,7,ascending stairs,1950.41
0.1,alpha0p1,105,3,subject105_client3,6339,7,ascending stairs,1951.69
0.1,alpha0p1,105,3,subject105_client3,6340,7,ascending stairs,1952.97
0.1,alpha0p1,105,3,subject105_client3,6341,7,ascending stairs,1954.25
0.1,alpha0p1,105,3,subject105_client3,6342,7,ascending stairs,1955.53
0.1,alpha0p1,105,3,subject105_client3,6343,7,ascending stairs,1956.81
0.1,alpha0p1,105,3,subject105_client3,6344,8,descending stairs,1960.44
0.1,alpha0p1,105,3,subject105_client3,6345,8,descending stairs,1961.72
0.1,alpha0p1,105,3,subject105_client3,6346,8,descending stairs,1963.0
0.1,alpha0p1,105,3,subject105_client3,6347,8,descending stairs,1964.28
0.1,alpha0p1,105,3,subject105_client3,6348,8,descending stairs,1965.56
0.1,alpha0p1,105,3,subject105_client3,6349,8,descending stairs,1966.84
0.1,alpha0p1,105,3,subject105_client3,6350,8,descending stairs,1968.12
0.1,alpha0p1,105,3,subject105_client3,6351,8,descending stairs,1969.4
0.1,alpha0p1,105,3,subject105_client3,6352,8,descending stairs,1970.68
0.1,alpha0p1,105,3,subject105_client3,6353,8,descending stairs,1971.96
0.1,alpha0p1,105,3,subject105_client3,6354,8,descending stairs,1973.24
0.1,alpha0p1,105,3,subject105_client3,6355,8,descending stairs,1974.52
0.1,alpha0p1,105,3,subject105_client3,6356,8,descending stairs,1975.8
0.1,alpha0p1,105,3,subject105_client3,6357,8,descending stairs,1977.08
0.1,alpha0p1,105,3,subject105_client3,6358,8,descending stairs,1978.36
0.1,alpha0p1,105,3,subject105_client3,6359,8,descending stairs,1979.64
0.1,alpha0p1,105,3,subject105_client3,6360,8,descending stairs,1980.92
0.1,alpha0p1,105,3,subject105_client3,6361,8,descending stairs,1982.2
0.1,alpha0p1,105,3,subject105_client3,6362,8,descending stairs,1983.48
0.1,alpha0p1,105,3,subject105_client3,6363,8,descending stairs,1984.76
0.1,alpha0p1,105,3,subject105_client3,6364,8,descending stairs,1986.04
0.1,alpha0p1,105,3,subject105_client3,6365,8,descending stairs,1987.32
0.1,alpha0p1,105,3,subject105_client3,6366,8,descending stairs,1988.6
0.1,alpha0p1,105,3,subject105_client3,6367,8,descending stairs,1989.88
0.1,alpha0p1,105,3,subject105_client3,6368,8,descending stairs,1991.16
0.1,alpha0p1,105,3,subject105_client3,6369,8,descending stairs,1992.44
0.1,alpha0p1,105,3,subject105_client3,6370,8,descending stairs,1993.72
0.1,alpha0p1,105,3,subject105_client3,6371,8,descending stairs,1995.0
0.1,alpha0p1,105,3,subject105_client3,6372,8,descending stairs,1996.28
0.1,alpha0p1,105,3,subject105_client3,6373,8,descending stairs,1997.56
0.1,alpha0p1,105,3,subject105_client3,6374,8,descending stairs,1998.84
0.1,alpha0p1,105,3,subject105_client3,6375,8,descending stairs,2000.12
0.1,alpha0p1,105,3,subject105_client3,6376,8,descending stairs,2001.4
0.1,alpha0p1,105,3,subject105_client3,6377,8,descending stairs,2002.68
0.1,alpha0p1,105,3,subject105_client3,6378,8,descending stairs,2003.96
0.1,alpha0p1,105,3,subject105_client3,6379,8,descending stairs,2005.24
0.1,alpha0p1,105,3,subject105_client3,6380,8,descending stairs,2006.52
0.1,alpha0p1,105,3,subject105_client3,6381,8,descending stairs,2007.8
0.1,alpha0p1,105,3,subject105_client3,6382,8,descending stairs,2009.08
0.1,alpha0p1,105,1,subject105_client1,6384,8,descending stairs,2011.64
0.1,alpha0p1,105,1,subject105_client1,6385,8,descending stairs,2012.92
0.1,alpha0p1,105,1,subject105_client1,6386,8,descending stairs,2014.2
0.1,alpha0p1,105,1,subject105_client1,6387,3,walking,2233.66
0.1,alpha0p1,105,1,subject105_client1,6388,3,walking,2234.94
0.1,alpha0p1,105,2,subject105_client2,6390,3,walking,2237.5
0.1,alpha0p1,105,2,subject105_client2,6391,3,walking,2238.78
0.1,alpha0p1,105,2,subject105_client2,6392,3,walking,2240.06
0.1,alpha0p1,105,2,subject105_client2,6393,3,walking,2241.34
0.1,alpha0p1,105,2,subject105_client2,6394,3,walking,2242.62
0.1,alpha0p1,105,2,subject105_client2,6395,3,walking,2243.9
0.1,alpha0p1,105,2,subject105_client2,6396,3,walking,2245.18
0.1,alpha0p1,105,2,subject105_client2,6397,3,walking,2246.46
0.1,alpha0p1,105,2,subject105_client2,6398,3,walking,2247.74
0.1,alpha0p1,105,2,subject105_client2,6399,3,walking,2249.02
0.1,alpha0p1,105,2,subject105_client2,6400,3,walking,2250.3
0.1,alpha0p1,105,2,subject105_client2,6401,3,walking,2251.58
0.1,alpha0p1,105,2,subject105_client2,6402,3,walking,2252.86
0.1,alpha0p1,105,2,subject105_client2,6403,3,walking,2254.14
0.1,alpha0p1,105,2,subject105_client2,6404,3,walking,2255.42
0.1,alpha0p1,105,2,subject105_client2,6405,3,walking,2256.7
0.1,alpha0p1,105,2,subject105_client2,6406,3,walking,2257.98
0.1,alpha0p1,105,2,subject105_client2,6407,3,walking,2259.26
0.1,alpha0p1,105,2,subject105_client2,6408,3,walking,2260.54
0.1,alpha0p1,105,2,subject105_client2,6409,3,walking,2261.82
0.1,alpha0p1,105,2,subject105_client2,6410,3,walking,2263.1
0.1,alpha0p1,105,2,subject105_client2,6411,3,walking,2264.38
0.1,alpha0p1,105,2,subject105_client2,6412,3,walking,2265.66
0.1,alpha0p1,105,2,subject105_client2,6413,3,walking,2266.94
0.1,alpha0p1,105,2,subject105_client2,6414,3,walking,2268.22
0.1,alpha0p1,105,2,subject105_client2,6415,3,walking,2269.5
0.1,alpha0p1,105,2,subject105_client2,6416,3,walking,2270.78
0.1,alpha0p1,105,2,subject105_client2,6417,3,walking,2272.06
0.1,alpha0p1,105,2,subject105_client2,6418,3,walking,2273.34
0.1,alpha0p1,105,2,subject105_client2,6419,3,walking,2274.62
0.1,alpha0p1,105,2,subject105_client2,6420,3,walking,2275.9
0.1,alpha0p1,105,2,subject105_client2,6421,3,walking,2277.18
0.1,alpha0p1,105,2,subject105_client2,6422,3,walking,2278.46
0.1,alpha0p1,105,2,subject105_client2,6423,3,walking,2279.74
0.1,alpha0p1,105,2,subject105_client2,6424,3,walking,2281.02
0.1,alpha0p1,105,2,subject105_client2,6425,3,walking,2282.3
0.1,alpha0p1,105,2,subject105_client2,6426,3,walking,2283.58
0.1,alpha0p1,105,2,subject105_client2,6427,3,walking,2284.86
0.1,alpha0p1,105,2,subject105_client2,6428,3,walking,2286.14
0.1,alpha0p1,105,2,subject105_client2,6429,3,walking,2287.42
0.1,alpha0p1,105,2,subject105_client2,6430,3,walking,2288.7
0.1,alpha0p1,105,2,subject105_client2,6431,3,walking,2289.98
0.1,alpha0p1,105,2,subject105_client2,6432,3,walking,2291.26
0.1,alpha0p1,105,2,subject105_client2,6433,3,walking,2292.54
0.1,alpha0p1,105,2,subject105_client2,6434,3,walking,2293.82
0.1,alpha0p1,105,2,subject105_client2,6435,3,walking,2295.1
0.1,alpha0p1,105,2,subject105_client2,6436,3,walking,2296.38
0.1,alpha0p1,105,2,subject105_client2,6437,3,walking,2297.66
0.1,alpha0p1,105,2,subject105_client2,6438,3,walking,2298.94
0.1,alpha0p1,105,2,subject105_client2,6439,3,walking,2300.22
0.1,alpha0p1,105,2,subject105_client2,6440,3,walking,2301.5
0.1,alpha0p1,105,2,subject105_client2,6441,3,walking,2302.78
0.1,alpha0p1,105,2,subject105_client2,6442,3,walking,2304.06
0.1,alpha0p1,105,2,subject105_client2,6443,3,walking,2305.34
0.1,alpha0p1,105,2,subject105_client2,6444,3,walking,2306.62
0.1,alpha0p1,105,2,subject105_client2,6445,3,walking,2307.9
0.1,alpha0p1,105,2,subject105_client2,6446,3,walking,2309.18
0.1,alpha0p1,105,2,subject105_client2,6447,3,walking,2310.46
0.1,alpha0p1,105,2,subject105_client2,6448,3,walking,2311.74
0.1,alpha0p1,105,2,subject105_client2,6449,3,walking,2313.02
0.1,alpha0p1,105,2,subject105_client2,6450,3,walking,2314.3
0.1,alpha0p1,105,2,subject105_client2,6451,3,walking,2315.58
0.1,alpha0p1,105,2,subject105_client2,6452,3,walking,2316.86
0.1,alpha0p1,105,2,subject105_client2,6453,3,walking,2318.14
0.1,alpha0p1,105,2,subject105_client2,6454,3,walking,2319.42
0.1,alpha0p1,105,2,subject105_client2,6455,3,walking,2320.7
0.1,alpha0p1,105,2,subject105_client2,6456,3,walking,2321.98
0.1,alpha0p1,105,2,subject105_client2,6457,3,walking,2323.26
0.1,alpha0p1,105,2,subject105_client2,6458,3,walking,2324.54
0.1,alpha0p1,105,2,subject105_client2,6459,3,walking,2325.82
0.1,alpha0p1,105,2,subject105_client2,6460,3,walking,2327.1
0.1,alpha0p1,105,2,subject105_client2,6461,3,walking,2328.38
0.1,alpha0p1,105,2,subject105_client2,6462,3,walking,2329.66
0.1,alpha0p1,105,2,subject105_client2,6463,3,walking,2330.94
0.1,alpha0p1,105,2,subject105_client2,6464,3,walking,2332.22
0.1,alpha0p1,105,2,subject105_client2,6465,3,walking,2333.5
0.1,alpha0p1,105,2,subject105_client2,6466,3,walking,2334.78
0.1,alpha0p1,105,2,subject105_client2,6467,3,walking,2336.06
0.1,alpha0p1,105,2,subject105_client2,6468,3,walking,2337.34
0.1,alpha0p1,105,2,subject105_client2,6469,3,walking,2338.62
0.1,alpha0p1,105,2,subject105_client2,6470,3,walking,2339.9
0.1,alpha0p1,105,2,subject105_client2,6471,3,walking,2341.18
0.1,alpha0p1,105,2,subject105_client2,6472,3,walking,2342.46
0.1,alpha0p1,105,2,subject105_client2,6473,3,walking,2343.74
0.1,alpha0p1,105,2,subject105_client2,6474,3,walking,2345.02
0.1,alpha0p1,105,2,subject105_client2,6475,3,walking,2346.3
0.1,alpha0p1,105,2,subject105_client2,6476,3,walking,2347.58
0.1,alpha0p1,105,2,subject105_client2,6477,3,walking,2348.86
0.1,alpha0p1,105,2,subject105_client2,6478,3,walking,2350.14
0.1,alpha0p1,105,2,subject105_client2,6479,3,walking,2351.42
0.1,alpha0p1,105,2,subject105_client2,6480,3,walking,2352.7
0.1,alpha0p1,105,2,subject105_client2,6481,3,walking,2353.98
0.1,alpha0p1,105,2,subject105_client2,6482,3,walking,2355.26
0.1,alpha0p1,105,2,subject105_client2,6483,3,walking,2356.54
0.1,alpha0p1,105,2,subject105_client2,6484,3,walking,2357.82
0.1,alpha0p1,105,2,subject105_client2,6485,3,walking,2359.1
0.1,alpha0p1,105,2,subject105_client2,6486,3,walking,2360.38
0.1,alpha0p1,105,2,subject105_client2,6487,3,walking,2361.66
0.1,alpha0p1,105,2,subject105_client2,6488,3,walking,2362.94
0.1,alpha0p1,105,2,subject105_client2,6489,3,walking,2364.22
0.1,alpha0p1,105,2,subject105_client2,6490,3,walking,2365.5
0.1,alpha0p1,105,2,subject105_client2,6491,3,walking,2366.78
0.1,alpha0p1,105,2,subject105_client2,6492,3,walking,2368.06
0.1,alpha0p1,105,2,subject105_client2,6493,3,walking,2369.34
0.1,alpha0p1,105,2,subject105_client2,6494,3,walking,2370.62
0.1,alpha0p1,105,2,subject105_client2,6495,3,walking,2371.9
0.1,alpha0p1,105,2,subject105_client2,6496,3,walking,2373.18
0.1,alpha0p1,105,2,subject105_client2,6497,3,walking,2374.46
0.1,alpha0p1,105,2,subject105_client2,6498,3,walking,2375.74
0.1,alpha0p1,105,2,subject105_client2,6499,3,walking,2377.02
0.1,alpha0p1,105,2,subject105_client2,6500,3,walking,2378.3
0.1,alpha0p1,105,2,subject105_client2,6501,3,walking,2379.58
0.1,alpha0p1,105,2,subject105_client2,6502,3,walking,2380.86
0.1,alpha0p1,105,2,subject105_client2,6503,3,walking,2382.14
0.1,alpha0p1,105,2,subject105_client2,6504,3,walking,2383.42
0.1,alpha0p1,105,2,subject105_client2,6505,3,walking,2384.7
0.1,alpha0p1,105,2,subject105_client2,6506,3,walking,2385.98
0.1,alpha0p1,105,2,subject105_client2,6507,3,walking,2387.26
0.1,alpha0p1,105,2,subject105_client2,6508,3,walking,2388.54
0.1,alpha0p1,105,2,subject105_client2,6509,3,walking,2389.82
0.1,alpha0p1,105,2,subject105_client2,6510,3,walking,2391.1
0.1,alpha0p1,105,2,subject105_client2,6511,3,walking,2392.38
0.1,alpha0p1,105,2,subject105_client2,6512,3,walking,2393.66
0.1,alpha0p1,105,2,subject105_client2,6513,3,walking,2394.94
0.1,alpha0p1,105,2,subject105_client2,6514,3,walking,2396.22
0.1,alpha0p1,105,2,subject105_client2,6515,3,walking,2397.5
0.1,alpha0p1,105,2,subject105_client2,6516,3,walking,2398.78
0.1,alpha0p1,105,2,subject105_client2,6517,3,walking,2400.06
0.1,alpha0p1,105,2,subject105_client2,6518,3,walking,2401.34
0.1,alpha0p1,105,2,subject105_client2,6519,3,walking,2402.62
0.1,alpha0p1,105,2,subject105_client2,6520,3,walking,2403.9
0.1,alpha0p1,105,2,subject105_client2,6521,3,walking,2405.18
0.1,alpha0p1,105,2,subject105_client2,6522,3,walking,2406.46
0.1,alpha0p1,105,2,subject105_client2,6523,3,walking,2407.74
0.1,alpha0p1,105,2,subject105_client2,6524,3,walking,2409.02
0.1,alpha0p1,105,2,subject105_client2,6525,3,walking,2410.3
0.1,alpha0p1,105,2,subject105_client2,6526,3,walking,2411.58
0.1,alpha0p1,105,2,subject105_client2,6527,3,walking,2412.86
0.1,alpha0p1,105,2,subject105_client2,6528,3,walking,2414.14
0.1,alpha0p1,105,2,subject105_client2,6529,3,walking,2415.42
0.1,alpha0p1,105,2,subject105_client2,6530,3,walking,2416.7
0.1,alpha0p1,105,2,subject105_client2,6531,3,walking,2417.98
0.1,alpha0p1,105,2,subject105_client2,6532,3,walking,2419.26
0.1,alpha0p1,105,2,subject105_client2,6533,3,walking,2420.54
0.1,alpha0p1,105,2,subject105_client2,6534,3,walking,2421.82
0.1,alpha0p1,105,2,subject105_client2,6535,3,walking,2423.1
0.1,alpha0p1,105,2,subject105_client2,6536,3,walking,2424.38
0.1,alpha0p1,105,2,subject105_client2,6537,3,walking,2425.66
0.1,alpha0p1,105,2,subject105_client2,6538,3,walking,2426.94
0.1,alpha0p1,105,2,subject105_client2,6539,3,walking,2428.22
0.1,alpha0p1,105,2,subject105_client2,6540,3,walking,2429.5
0.1,alpha0p1,105,2,subject105_client2,6541,3,walking,2430.78
0.1,alpha0p1,105,2,subject105_client2,6542,3,walking,2432.06
0.1,alpha0p1,105,2,subject105_client2,6543,3,walking,2433.34
0.1,alpha0p1,105,2,subject105_client2,6544,3,walking,2434.62
0.1,alpha0p1,105,2,subject105_client2,6545,3,walking,2435.9
0.1,alpha0p1,105,2,subject105_client2,6546,3,walking,2437.18
0.1,alpha0p1,105,0,subject105_client0,6548,3,walking,2439.74
0.1,alpha0p1,105,0,subject105_client0,6549,3,walking,2441.02
0.1,alpha0p1,105,0,subject105_client0,6550,3,walking,2442.3
0.1,alpha0p1,105,0,subject105_client0,6551,3,walking,2443.58
0.1,alpha0p1,105,0,subject105_client0,6552,3,walking,2444.86
0.1,alpha0p1,105,0,subject105_client0,6553,3,walking,2446.14
0.1,alpha0p1,105,0,subject105_client0,6554,3,walking,2447.42
0.1,alpha0p1,105,0,subject105_client0,6555,3,walking,2448.7
0.1,alpha0p1,105,0,subject105_client0,6556,3,walking,2449.98
0.1,alpha0p1,105,0,subject105_client0,6557,3,walking,2451.26
0.1,alpha0p1,105,0,subject105_client0,6558,3,walking,2452.54
0.1,alpha0p1,105,0,subject105_client0,6559,3,walking,2453.82
0.1,alpha0p1,105,0,subject105_client0,6560,3,walking,2455.1
0.1,alpha0p1,105,0,subject105_client0,6561,3,walking,2456.38
0.1,alpha0p1,105,0,subject105_client0,6562,3,walking,2457.66
0.1,alpha0p1,105,0,subject105_client0,6563,3,walking,2458.94
0.1,alpha0p1,105,0,subject105_client0,6564,3,walking,2460.22
0.1,alpha0p1,105,0,subject105_client0,6565,3,walking,2461.5
0.1,alpha0p1,105,0,subject105_client0,6566,3,walking,2462.78
0.1,alpha0p1,105,0,subject105_client0,6567,3,walking,2464.06
0.1,alpha0p1,105,0,subject105_client0,6568,3,walking,2465.34
0.1,alpha0p1,105,0,subject105_client0,6569,3,walking,2466.62
0.1,alpha0p1,105,0,subject105_client0,6570,3,walking,2467.9
0.1,alpha0p1,105,0,subject105_client0,6571,3,walking,2469.18
0.1,alpha0p1,105,0,subject105_client0,6572,3,walking,2470.46
0.1,alpha0p1,105,0,subject105_client0,6573,3,walking,2471.74
0.1,alpha0p1,105,0,subject105_client0,6574,3,walking,2473.02
0.1,alpha0p1,105,0,subject105_client0,6575,3,walking,2474.3
0.1,alpha0p1,105,0,subject105_client0,6576,3,walking,2475.58
0.1,alpha0p1,105,0,subject105_client0,6577,3,walking,2476.86
0.1,alpha0p1,105,0,subject105_client0,6578,3,walking,2478.14
0.1,alpha0p1,105,0,subject105_client0,6579,3,walking,2479.42
0.1,alpha0p1,105,0,subject105_client0,6580,3,walking,2480.7
0.1,alpha0p1,105,0,subject105_client0,6581,3,walking,2481.98
0.1,alpha0p1,105,0,subject105_client0,6582,3,walking,2483.26
0.1,alpha0p1,105,0,subject105_client0,6583,3,walking,2484.54
0.1,alpha0p1,105,0,subject105_client0,6584,3,walking,2485.82
0.1,alpha0p1,105,0,subject105_client0,6585,3,walking,2487.1
0.1,alpha0p1,105,0,subject105_client0,6586,3,walking,2488.38
0.1,alpha0p1,105,0,subject105_client0,6587,3,walking,2489.66
0.1,alpha0p1,105,0,subject105_client0,6588,3,walking,2490.94
0.1,alpha0p1,105,0,subject105_client0,6589,3,walking,2492.22
0.1,alpha0p1,105,0,subject105_client0,6590,3,walking,2493.5
0.1,alpha0p1,105,0,subject105_client0,6591,3,walking,2494.78
0.1,alpha0p1,105,0,subject105_client0,6592,3,walking,2496.06
0.1,alpha0p1,105,0,subject105_client0,6593,3,walking,2497.34
0.1,alpha0p1,105,0,subject105_client0,6594,3,walking,2498.62
0.1,alpha0p1,105,0,subject105_client0,6595,3,walking,2499.9
0.1,alpha0p1,105,0,subject105_client0,6596,3,walking,2501.18
0.1,alpha0p1,105,0,subject105_client0,6597,3,walking,2502.46
0.1,alpha0p1,105,0,subject105_client0,6598,3,walking,2503.74
0.1,alpha0p1,105,0,subject105_client0,6599,3,walking,2505.02
0.1,alpha0p1,105,0,subject105_client0,6600,3,walking,2506.3
0.1,alpha0p1,105,0,subject105_client0,6601,3,walking,2507.58
0.1,alpha0p1,105,0,subject105_client0,6602,3,walking,2508.86
0.1,alpha0p1,105,0,subject105_client0,6603,3,walking,2510.14
0.1,alpha0p1,105,0,subject105_client0,6604,3,walking,2511.42
0.1,alpha0p1,105,0,subject105_client0,6605,3,walking,2512.7
0.1,alpha0p1,105,0,subject105_client0,6606,3,walking,2513.98
0.1,alpha0p1,105,0,subject105_client0,6607,3,walking,2515.26
0.1,alpha0p1,105,0,subject105_client0,6608,3,walking,2516.54
0.1,alpha0p1,105,0,subject105_client0,6609,3,walking,2517.82
0.1,alpha0p1,105,0,subject105_client0,6610,3,walking,2519.1
0.1,alpha0p1,105,0,subject105_client0,6611,3,walking,2520.38
0.1,alpha0p1,105,0,subject105_client0,6612,3,walking,2521.66
0.1,alpha0p1,105,0,subject105_client0,6613,3,walking,2522.94
0.1,alpha0p1,105,0,subject105_client0,6614,3,walking,2524.22
0.1,alpha0p1,105,0,subject105_client0,6615,3,walking,2525.5
0.1,alpha0p1,105,0,subject105_client0,6616,3,walking,2526.78
0.1,alpha0p1,105,0,subject105_client0,6617,3,walking,2528.06
0.1,alpha0p1,105,0,subject105_client0,6618,3,walking,2529.34
0.1,alpha0p1,105,0,subject105_client0,6619,3,walking,2530.62
0.1,alpha0p1,105,0,subject105_client0,6620,3,walking,2531.9
0.1,alpha0p1,105,0,subject105_client0,6621,3,walking,2533.18
0.1,alpha0p1,105,0,subject105_client0,6622,3,walking,2534.46
0.1,alpha0p1,105,0,subject105_client0,6623,3,walking,2535.74
0.1,alpha0p1,105,0,subject105_client0,6624,3,walking,2537.02
0.1,alpha0p1,105,0,subject105_client0,6625,3,walking,2538.3
0.1,alpha0p1,105,0,subject105_client0,6626,3,walking,2539.58
0.1,alpha0p1,105,0,subject105_client0,6627,3,walking,2540.86
0.1,alpha0p1,105,0,subject105_client0,6628,3,walking,2542.14
0.1,alpha0p1,105,0,subject105_client0,6629,3,walking,2543.42
0.1,alpha0p1,105,0,subject105_client0,6630,3,walking,2544.7
0.1,alpha0p1,105,0,subject105_client0,6631,3,walking,2545.98
0.1,alpha0p1,105,0,subject105_client0,6632,3,walking,2547.26
0.1,alpha0p1,105,0,subject105_client0,6633,3,walking,2548.54
0.1,alpha0p1,105,0,subject105_client0,6634,3,walking,2549.82
0.1,alpha0p1,105,0,subject105_client0,6635,3,walking,2551.1
0.1,alpha0p1,105,3,subject105_client3,6636,6,Nordic walking,2621.81
0.1,alpha0p1,105,3,subject105_client3,6637,6,Nordic walking,2623.09
0.1,alpha0p1,105,3,subject105_client3,6638,6,Nordic walking,2624.37
0.1,alpha0p1,105,3,subject105_client3,6639,6,Nordic walking,2625.65
0.1,alpha0p1,105,3,subject105_client3,6640,6,Nordic walking,2626.93
0.1,alpha0p1,105,3,subject105_client3,6641,6,Nordic walking,2628.21
0.1,alpha0p1,105,3,subject105_client3,6642,6,Nordic walking,2629.49
0.1,alpha0p1,105,3,subject105_client3,6643,6,Nordic walking,2630.77
0.1,alpha0p1,105,3,subject105_client3,6644,6,Nordic walking,2632.05
0.1,alpha0p1,105,3,subject105_client3,6645,6,Nordic walking,2633.33
0.1,alpha0p1,105,3,subject105_client3,6646,6,Nordic walking,2634.61
0.1,alpha0p1,105,3,subject105_client3,6647,6,Nordic walking,2635.89
0.1,alpha0p1,105,3,subject105_client3,6648,6,Nordic walking,2637.17
0.1,alpha0p1,105,3,subject105_client3,6649,6,Nordic walking,2638.45
0.1,alpha0p1,105,3,subject105_client3,6650,6,Nordic walking,2639.73
0.1,alpha0p1,105,3,subject105_client3,6651,6,Nordic walking,2641.01
0.1,alpha0p1,105,3,subject105_client3,6652,6,Nordic walking,2642.29
0.1,alpha0p1,105,3,subject105_client3,6653,6,Nordic walking,2643.57
0.1,alpha0p1,105,3,subject105_client3,6654,6,Nordic walking,2644.85
0.1,alpha0p1,105,3,subject105_client3,6655,6,Nordic walking,2646.13
0.1,alpha0p1,105,3,subject105_client3,6656,6,Nordic walking,2647.41
0.1,alpha0p1,105,3,subject105_client3,6657,6,Nordic walking,2648.69
0.1,alpha0p1,105,3,subject105_client3,6658,6,Nordic walking,2649.97
0.1,alpha0p1,105,3,subject105_client3,6659,6,Nordic walking,2651.25
0.1,alpha0p1,105,3,subject105_client3,6660,6,Nordic walking,2652.53
0.1,alpha0p1,105,3,subject105_client3,6661,6,Nordic walking,2653.81
0.1,alpha0p1,105,3,subject105_client3,6662,6,Nordic walking,2655.09
0.1,alpha0p1,105,3,subject105_client3,6663,6,Nordic walking,2656.37
0.1,alpha0p1,105,3,subject105_client3,6664,6,Nordic walking,2657.65
0.1,alpha0p1,105,3,subject105_client3,6665,6,Nordic walking,2658.93
0.1,alpha0p1,105,3,subject105_client3,6666,6,Nordic walking,2660.21
0.1,alpha0p1,105,3,subject105_client3,6667,6,Nordic walking,2661.49
0.1,alpha0p1,105,3,subject105_client3,6668,6,Nordic walking,2662.77
0.1,alpha0p1,105,3,subject105_client3,6669,6,Nordic walking,2664.05
0.1,alpha0p1,105,3,subject105_client3,6670,6,Nordic walking,2665.33
0.1,alpha0p1,105,3,subject105_client3,6671,6,Nordic walking,2666.61
0.1,alpha0p1,105,3,subject105_client3,6672,6,Nordic walking,2667.89
0.1,alpha0p1,105,3,subject105_client3,6673,6,Nordic walking,2669.17
0.1,alpha0p1,105,3,subject105_client3,6674,6,Nordic walking,2670.45
0.1,alpha0p1,105,3,subject105_client3,6675,6,Nordic walking,2671.73
0.1,alpha0p1,105,3,subject105_client3,6676,6,Nordic walking,2673.01
0.1,alpha0p1,105,3,subject105_client3,6677,6,Nordic walking,2674.29
0.1,alpha0p1,105,3,subject105_client3,6678,6,Nordic walking,2675.57
0.1,alpha0p1,105,3,subject105_client3,6679,6,Nordic walking,2676.85
0.1,alpha0p1,105,3,subject105_client3,6680,6,Nordic walking,2678.13
0.1,alpha0p1,105,3,subject105_client3,6681,6,Nordic walking,2679.41
0.1,alpha0p1,105,3,subject105_client3,6682,6,Nordic walking,2680.69
0.1,alpha0p1,105,3,subject105_client3,6683,6,Nordic walking,2681.97
0.1,alpha0p1,105,3,subject105_client3,6684,6,Nordic walking,2683.25
0.1,alpha0p1,105,3,subject105_client3,6685,6,Nordic walking,2684.53
0.1,alpha0p1,105,3,subject105_client3,6686,6,Nordic walking,2685.81
0.1,alpha0p1,105,3,subject105_client3,6687,6,Nordic walking,2687.09
0.1,alpha0p1,105,3,subject105_client3,6688,6,Nordic walking,2688.37
0.1,alpha0p1,105,3,subject105_client3,6689,6,Nordic walking,2689.65
0.1,alpha0p1,105,3,subject105_client3,6690,6,Nordic walking,2690.93
0.1,alpha0p1,105,3,subject105_client3,6691,6,Nordic walking,2692.21
0.1,alpha0p1,105,0,subject105_client0,6693,6,Nordic walking,2694.77
0.1,alpha0p1,105,0,subject105_client0,6694,6,Nordic walking,2696.05
0.1,alpha0p1,105,0,subject105_client0,6695,6,Nordic walking,2697.33
0.1,alpha0p1,105,0,subject105_client0,6696,6,Nordic walking,2698.61
0.1,alpha0p1,105,0,subject105_client0,6697,6,Nordic walking,2699.89
0.1,alpha0p1,105,0,subject105_client0,6698,6,Nordic walking,2701.17
0.1,alpha0p1,105,0,subject105_client0,6699,6,Nordic walking,2702.45
0.1,alpha0p1,105,0,subject105_client0,6700,6,Nordic walking,2703.73
0.1,alpha0p1,105,0,subject105_client0,6701,6,Nordic walking,2705.01
0.1,alpha0p1,105,0,subject105_client0,6702,6,Nordic walking,2706.29
0.1,alpha0p1,105,0,subject105_client0,6703,6,Nordic walking,2707.57
0.1,alpha0p1,105,0,subject105_client0,6704,6,Nordic walking,2708.85
0.1,alpha0p1,105,0,subject105_client0,6705,6,Nordic walking,2710.13
0.1,alpha0p1,105,0,subject105_client0,6706,6,Nordic walking,2711.41
0.1,alpha0p1,105,0,subject105_client0,6707,6,Nordic walking,2712.69
0.1,alpha0p1,105,0,subject105_client0,6708,6,Nordic walking,2713.97
0.1,alpha0p1,105,0,subject105_client0,6709,6,Nordic walking,2715.25
0.1,alpha0p1,105,0,subject105_client0,6710,6,Nordic walking,2716.53
0.1,alpha0p1,105,0,subject105_client0,6711,6,Nordic walking,2717.81
0.1,alpha0p1,105,0,subject105_client0,6712,6,Nordic walking,2719.09
0.1,alpha0p1,105,0,subject105_client0,6713,6,Nordic walking,2720.37
0.1,alpha0p1,105,0,subject105_client0,6714,6,Nordic walking,2721.65
0.1,alpha0p1,105,0,subject105_client0,6715,6,Nordic walking,2722.93
0.1,alpha0p1,105,0,subject105_client0,6716,6,Nordic walking,2724.21
0.1,alpha0p1,105,0,subject105_client0,6717,6,Nordic walking,2725.49
0.1,alpha0p1,105,0,subject105_client0,6718,6,Nordic walking,2726.77
0.1,alpha0p1,105,0,subject105_client0,6719,6,Nordic walking,2728.05
0.1,alpha0p1,105,0,subject105_client0,6720,6,Nordic walking,2729.33
0.1,alpha0p1,105,0,subject105_client0,6721,6,Nordic walking,2730.61
0.1,alpha0p1,105,0,subject105_client0,6722,6,Nordic walking,2731.89
0.1,alpha0p1,105,0,subject105_client0,6723,6,Nordic walking,2733.17
0.1,alpha0p1,105,0,subject105_client0,6724,6,Nordic walking,2734.45
0.1,alpha0p1,105,0,subject105_client0,6725,6,Nordic walking,2735.73
0.1,alpha0p1,105,0,subject105_client0,6726,6,Nordic walking,2737.01
0.1,alpha0p1,105,0,subject105_client0,6727,6,Nordic walking,2738.29
0.1,alpha0p1,105,0,subject105_client0,6728,6,Nordic walking,2739.57
0.1,alpha0p1,105,0,subject105_client0,6729,6,Nordic walking,2740.85
0.1,alpha0p1,105,0,subject105_client0,6730,6,Nordic walking,2742.13
0.1,alpha0p1,105,0,subject105_client0,6731,6,Nordic walking,2743.41
0.1,alpha0p1,105,0,subject105_client0,6732,6,Nordic walking,2744.69
0.1,alpha0p1,105,0,subject105_client0,6733,6,Nordic walking,2745.97
0.1,alpha0p1,105,0,subject105_client0,6734,6,Nordic walking,2747.25
0.1,alpha0p1,105,0,subject105_client0,6735,6,Nordic walking,2748.53
0.1,alpha0p1,105,0,subject105_client0,6736,6,Nordic walking,2749.81
0.1,alpha0p1,105,0,subject105_client0,6737,6,Nordic walking,2751.09
0.1,alpha0p1,105,0,subject105_client0,6738,6,Nordic walking,2752.37
0.1,alpha0p1,105,0,subject105_client0,6739,6,Nordic walking,2753.65
0.1,alpha0p1,105,0,subject105_client0,6740,6,Nordic walking,2754.93
0.1,alpha0p1,105,0,subject105_client0,6741,6,Nordic walking,2756.21
0.1,alpha0p1,105,0,subject105_client0,6742,6,Nordic walking,2757.49
0.1,alpha0p1,105,0,subject105_client0,6743,6,Nordic walking,2758.77
0.1,alpha0p1,105,0,subject105_client0,6744,6,Nordic walking,2760.05
0.1,alpha0p1,105,0,subject105_client0,6745,6,Nordic walking,2761.33
0.1,alpha0p1,105,0,subject105_client0,6746,6,Nordic walking,2762.61
0.1,alpha0p1,105,0,subject105_client0,6747,6,Nordic walking,2763.89
0.1,alpha0p1,105,0,subject105_client0,6748,6,Nordic walking,2765.17
0.1,alpha0p1,105,0,subject105_client0,6749,6,Nordic walking,2766.45
0.1,alpha0p1,105,0,subject105_client0,6750,6,Nordic walking,2767.73
0.1,alpha0p1,105,0,subject105_client0,6751,6,Nordic walking,2769.01
0.1,alpha0p1,105,0,subject105_client0,6752,6,Nordic walking,2770.29
0.1,alpha0p1,105,0,subject105_client0,6753,6,Nordic walking,2771.57
0.1,alpha0p1,105,0,subject105_client0,6754,6,Nordic walking,2772.85
0.1,alpha0p1,105,0,subject105_client0,6755,6,Nordic walking,2774.13
0.1,alpha0p1,105,0,subject105_client0,6756,6,Nordic walking,2775.41
0.1,alpha0p1,105,0,subject105_client0,6757,6,Nordic walking,2776.69
0.1,alpha0p1,105,0,subject105_client0,6758,6,Nordic walking,2777.97
0.1,alpha0p1,105,0,subject105_client0,6759,6,Nordic walking,2779.25
0.1,alpha0p1,105,0,subject105_client0,6760,6,Nordic walking,2780.53
0.1,alpha0p1,105,0,subject105_client0,6761,6,Nordic walking,2781.81
0.1,alpha0p1,105,0,subject105_client0,6762,6,Nordic walking,2783.09
0.1,alpha0p1,105,0,subject105_client0,6763,6,Nordic walking,2784.37
0.1,alpha0p1,105,0,subject105_client0,6764,6,Nordic walking,2785.65
0.1,alpha0p1,105,0,subject105_client0,6765,6,Nordic walking,2786.93
0.1,alpha0p1,105,0,subject105_client0,6766,6,Nordic walking,2788.21
0.1,alpha0p1,105,0,subject105_client0,6767,6,Nordic walking,2789.49
0.1,alpha0p1,105,0,subject105_client0,6768,6,Nordic walking,2790.77
0.1,alpha0p1,105,0,subject105_client0,6769,6,Nordic walking,2792.05
0.1,alpha0p1,105,0,subject105_client0,6770,6,Nordic walking,2793.33
0.1,alpha0p1,105,0,subject105_client0,6771,6,Nordic walking,2794.61
0.1,alpha0p1,105,0,subject105_client0,6772,6,Nordic walking,2795.89
0.1,alpha0p1,105,0,subject105_client0,6773,6,Nordic walking,2797.17
0.1,alpha0p1,105,0,subject105_client0,6774,6,Nordic walking,2798.45
0.1,alpha0p1,105,0,subject105_client0,6775,6,Nordic walking,2799.73
0.1,alpha0p1,105,0,subject105_client0,6776,6,Nordic walking,2801.01
0.1,alpha0p1,105,0,subject105_client0,6777,6,Nordic walking,2802.29
0.1,alpha0p1,105,0,subject105_client0,6778,6,Nordic walking,2803.57
0.1,alpha0p1,105,0,subject105_client0,6779,6,Nordic walking,2804.85
0.1,alpha0p1,105,0,subject105_client0,6780,6,Nordic walking,2806.13
0.1,alpha0p1,105,0,subject105_client0,6781,6,Nordic walking,2807.41
0.1,alpha0p1,105,0,subject105_client0,6782,6,Nordic walking,2808.69
0.1,alpha0p1,105,0,subject105_client0,6783,6,Nordic walking,2809.97
0.1,alpha0p1,105,0,subject105_client0,6784,6,Nordic walking,2811.25
0.1,alpha0p1,105,0,subject105_client0,6785,6,Nordic walking,2812.53
0.1,alpha0p1,105,0,subject105_client0,6786,6,Nordic walking,2813.81
0.1,alpha0p1,105,0,subject105_client0,6787,6,Nordic walking,2815.09
0.1,alpha0p1,105,0,subject105_client0,6788,6,Nordic walking,2816.37
0.1,alpha0p1,105,0,subject105_client0,6789,6,Nordic walking,2817.65
0.1,alpha0p1,105,0,subject105_client0,6790,6,Nordic walking,2818.93
0.1,alpha0p1,105,0,subject105_client0,6791,6,Nordic walking,2820.21
0.1,alpha0p1,105,0,subject105_client0,6792,6,Nordic walking,2821.49
0.1,alpha0p1,105,0,subject105_client0,6793,6,Nordic walking,2822.77
0.1,alpha0p1,105,0,subject105_client0,6794,6,Nordic walking,2824.05
0.1,alpha0p1,105,0,subject105_client0,6795,6,Nordic walking,2825.33
0.1,alpha0p1,105,0,subject105_client0,6796,6,Nordic walking,2826.61
0.1,alpha0p1,105,0,subject105_client0,6797,6,Nordic walking,2827.89
0.1,alpha0p1,105,0,subject105_client0,6798,6,Nordic walking,2829.17
0.1,alpha0p1,105,0,subject105_client0,6799,6,Nordic walking,2830.45
0.1,alpha0p1,105,0,subject105_client0,6800,6,Nordic walking,2831.73
0.1,alpha0p1,105,0,subject105_client0,6801,6,Nordic walking,2833.01
0.1,alpha0p1,105,0,subject105_client0,6802,6,Nordic walking,2834.29
0.1,alpha0p1,105,0,subject105_client0,6803,6,Nordic walking,2835.57
0.1,alpha0p1,105,0,subject105_client0,6804,6,Nordic walking,2836.85
0.1,alpha0p1,105,0,subject105_client0,6805,6,Nordic walking,2838.13
0.1,alpha0p1,105,0,subject105_client0,6806,6,Nordic walking,2839.41
0.1,alpha0p1,105,0,subject105_client0,6807,6,Nordic walking,2840.69
0.1,alpha0p1,105,0,subject105_client0,6808,6,Nordic walking,2841.97
0.1,alpha0p1,105,0,subject105_client0,6809,6,Nordic walking,2843.25
0.1,alpha0p1,105,0,subject105_client0,6810,6,Nordic walking,2844.53
0.1,alpha0p1,105,0,subject105_client0,6811,6,Nordic walking,2845.81
0.1,alpha0p1,105,0,subject105_client0,6812,6,Nordic walking,2847.09
0.1,alpha0p1,105,0,subject105_client0,6813,6,Nordic walking,2848.37
0.1,alpha0p1,105,0,subject105_client0,6814,6,Nordic walking,2849.65
0.1,alpha0p1,105,0,subject105_client0,6815,6,Nordic walking,2850.93
0.1,alpha0p1,105,0,subject105_client0,6816,6,Nordic walking,2852.21
0.1,alpha0p1,105,0,subject105_client0,6817,6,Nordic walking,2853.49
0.1,alpha0p1,105,0,subject105_client0,6818,6,Nordic walking,2854.77
0.1,alpha0p1,105,0,subject105_client0,6819,6,Nordic walking,2856.05
0.1,alpha0p1,105,0,subject105_client0,6820,6,Nordic walking,2857.33
0.1,alpha0p1,105,0,subject105_client0,6821,6,Nordic walking,2858.61
0.1,alpha0p1,105,0,subject105_client0,6822,6,Nordic walking,2859.89
0.1,alpha0p1,105,0,subject105_client0,6823,6,Nordic walking,2861.17
0.1,alpha0p1,105,0,subject105_client0,6824,6,Nordic walking,2862.45
0.1,alpha0p1,105,1,subject105_client1,6826,6,Nordic walking,2865.01
0.1,alpha0p1,105,1,subject105_client1,6827,6,Nordic walking,2866.29
0.1,alpha0p1,105,1,subject105_client1,6828,6,Nordic walking,2867.57
0.1,alpha0p1,105,1,subject105_client1,6829,6,Nordic walking,2868.85
0.1,alpha0p1,105,1,subject105_client1,6830,6,Nordic walking,2870.13
0.1,alpha0p1,105,1,subject105_client1,6831,6,Nordic walking,2871.41
0.1,alpha0p1,105,1,subject105_client1,6832,6,Nordic walking,2872.69
0.1,alpha0p1,105,1,subject105_client1,6833,6,Nordic walking,2873.97
0.1,alpha0p1,105,1,subject105_client1,6834,6,Nordic walking,2875.25
0.1,alpha0p1,105,1,subject105_client1,6835,6,Nordic walking,2876.53
0.1,alpha0p1,105,1,subject105_client1,6836,6,Nordic walking,2877.81
0.1,alpha0p1,105,1,subject105_client1,6837,6,Nordic walking,2879.09
0.1,alpha0p1,105,1,subject105_client1,6838,6,Nordic walking,2880.37
0.1,alpha0p1,105,1,subject105_client1,6839,6,Nordic walking,2881.65
0.1,alpha0p1,105,3,subject105_client3,6840,5,cycling,3013.31
0.1,alpha0p1,105,3,subject105_client3,6841,5,cycling,3014.59
0.1,alpha0p1,105,2,subject105_client2,6843,5,cycling,3017.15
0.1,alpha0p1,105,2,subject105_client2,6844,5,cycling,3018.43
0.1,alpha0p1,105,2,subject105_client2,6845,5,cycling,3019.71
0.1,alpha0p1,105,2,subject105_client2,6846,5,cycling,3020.99
0.1,alpha0p1,105,2,subject105_client2,6847,5,cycling,3022.27
0.1,alpha0p1,105,2,subject105_client2,6848,5,cycling,3023.55
0.1,alpha0p1,105,2,subject105_client2,6849,5,cycling,3024.83
0.1,alpha0p1,105,2,subject105_client2,6850,5,cycling,3026.11
0.1,alpha0p1,105,2,subject105_client2,6851,5,cycling,3027.39
0.1,alpha0p1,105,2,subject105_client2,6852,5,cycling,3028.67
0.1,alpha0p1,105,2,subject105_client2,6853,5,cycling,3029.95
0.1,alpha0p1,105,2,subject105_client2,6854,5,cycling,3031.23
0.1,alpha0p1,105,2,subject105_client2,6855,5,cycling,3032.51
0.1,alpha0p1,105,2,subject105_client2,6856,5,cycling,3033.79
0.1,alpha0p1,105,2,subject105_client2,6857,5,cycling,3035.07
0.1,alpha0p1,105,2,subject105_client2,6858,5,cycling,3036.35
0.1,alpha0p1,105,2,subject105_client2,6859,5,cycling,3037.63
0.1,alpha0p1,105,2,subject105_client2,6860,5,cycling,3038.91
0.1,alpha0p1,105,2,subject105_client2,6861,5,cycling,3040.19
0.1,alpha0p1,105,2,subject105_client2,6862,5,cycling,3041.47
0.1,alpha0p1,105,2,subject105_client2,6863,5,cycling,3042.75
0.1,alpha0p1,105,2,subject105_client2,6864,5,cycling,3044.03
0.1,alpha0p1,105,2,subject105_client2,6865,5,cycling,3045.31
0.1,alpha0p1,105,2,subject105_client2,6866,5,cycling,3046.59
0.1,alpha0p1,105,2,subject105_client2,6867,5,cycling,3047.87
0.1,alpha0p1,105,2,subject105_client2,6868,5,cycling,3049.15
0.1,alpha0p1,105,2,subject105_client2,6869,5,cycling,3050.43
0.1,alpha0p1,105,2,subject105_client2,6870,5,cycling,3051.71
0.1,alpha0p1,105,2,subject105_client2,6871,5,cycling,3052.99
0.1,alpha0p1,105,2,subject105_client2,6872,5,cycling,3054.27
0.1,alpha0p1,105,2,subject105_client2,6873,5,cycling,3055.55
0.1,alpha0p1,105,2,subject105_client2,6874,5,cycling,3056.83
0.1,alpha0p1,105,2,subject105_client2,6875,5,cycling,3058.11
0.1,alpha0p1,105,2,subject105_client2,6876,5,cycling,3059.39
0.1,alpha0p1,105,2,subject105_client2,6877,5,cycling,3060.67
0.1,alpha0p1,105,2,subject105_client2,6878,5,cycling,3061.95
0.1,alpha0p1,105,2,subject105_client2,6879,5,cycling,3063.23
0.1,alpha0p1,105,2,subject105_client2,6880,5,cycling,3064.51
0.1,alpha0p1,105,2,subject105_client2,6881,5,cycling,3065.79
0.1,alpha0p1,105,2,subject105_client2,6882,5,cycling,3067.07
0.1,alpha0p1,105,2,subject105_client2,6883,5,cycling,3068.35
0.1,alpha0p1,105,2,subject105_client2,6884,5,cycling,3069.63
0.1,alpha0p1,105,2,subject105_client2,6885,5,cycling,3070.91
0.1,alpha0p1,105,2,subject105_client2,6886,5,cycling,3072.19
0.1,alpha0p1,105,2,subject105_client2,6887,5,cycling,3073.47
0.1,alpha0p1,105,2,subject105_client2,6888,5,cycling,3074.75
0.1,alpha0p1,105,2,subject105_client2,6889,5,cycling,3076.03
0.1,alpha0p1,105,2,subject105_client2,6890,5,cycling,3077.31
0.1,alpha0p1,105,2,subject105_client2,6891,5,cycling,3078.59
0.1,alpha0p1,105,2,subject105_client2,6892,5,cycling,3079.87
0.1,alpha0p1,105,2,subject105_client2,6893,5,cycling,3081.15
0.1,alpha0p1,105,2,subject105_client2,6894,5,cycling,3082.43
0.1,alpha0p1,105,2,subject105_client2,6895,5,cycling,3083.71
0.1,alpha0p1,105,2,subject105_client2,6896,5,cycling,3084.99
0.1,alpha0p1,105,2,subject105_client2,6897,5,cycling,3086.27
0.1,alpha0p1,105,2,subject105_client2,6898,5,cycling,3087.55
0.1,alpha0p1,105,2,subject105_client2,6899,5,cycling,3088.83
0.1,alpha0p1,105,2,subject105_client2,6900,5,cycling,3090.11
0.1,alpha0p1,105,2,subject105_client2,6901,5,cycling,3091.39
0.1,alpha0p1,105,2,subject105_client2,6902,5,cycling,3092.67
0.1,alpha0p1,105,2,subject105_client2,6903,5,cycling,3093.95
0.1,alpha0p1,105,2,subject105_client2,6904,5,cycling,3095.23
0.1,alpha0p1,105,2,subject105_client2,6905,5,cycling,3096.51
0.1,alpha0p1,105,2,subject105_client2,6906,5,cycling,3097.79
0.1,alpha0p1,105,2,subject105_client2,6907,5,cycling,3099.07
0.1,alpha0p1,105,2,subject105_client2,6908,5,cycling,3100.35
0.1,alpha0p1,105,2,subject105_client2,6909,5,cycling,3101.63
0.1,alpha0p1,105,2,subject105_client2,6910,5,cycling,3102.91
0.1,alpha0p1,105,2,subject105_client2,6911,5,cycling,3104.19
0.1,alpha0p1,105,2,subject105_client2,6912,5,cycling,3105.47
0.1,alpha0p1,105,2,subject105_client2,6913,5,cycling,3106.75
0.1,alpha0p1,105,2,subject105_client2,6914,5,cycling,3108.03
0.1,alpha0p1,105,2,subject105_client2,6915,5,cycling,3109.31
0.1,alpha0p1,105,2,subject105_client2,6916,5,cycling,3110.59
0.1,alpha0p1,105,2,subject105_client2,6917,5,cycling,3111.87
0.1,alpha0p1,105,2,subject105_client2,6918,5,cycling,3113.15
0.1,alpha0p1,105,2,subject105_client2,6919,5,cycling,3114.43
0.1,alpha0p1,105,2,subject105_client2,6920,5,cycling,3115.71
0.1,alpha0p1,105,2,subject105_client2,6921,5,cycling,3116.99
0.1,alpha0p1,105,2,subject105_client2,6922,5,cycling,3118.27
0.1,alpha0p1,105,2,subject105_client2,6923,5,cycling,3119.55
0.1,alpha0p1,105,2,subject105_client2,6924,5,cycling,3120.83
0.1,alpha0p1,105,2,subject105_client2,6925,5,cycling,3122.11
0.1,alpha0p1,105,2,subject105_client2,6926,5,cycling,3123.39
0.1,alpha0p1,105,2,subject105_client2,6927,5,cycling,3124.67
0.1,alpha0p1,105,2,subject105_client2,6928,5,cycling,3125.95
0.1,alpha0p1,105,2,subject105_client2,6929,5,cycling,3127.23
0.1,alpha0p1,105,2,subject105_client2,6930,5,cycling,3128.51
0.1,alpha0p1,105,2,subject105_client2,6931,5,cycling,3129.79
0.1,alpha0p1,105,2,subject105_client2,6932,5,cycling,3131.07
0.1,alpha0p1,105,2,subject105_client2,6933,5,cycling,3132.35
0.1,alpha0p1,105,2,subject105_client2,6934,5,cycling,3133.63
0.1,alpha0p1,105,2,subject105_client2,6935,5,cycling,3134.91
0.1,alpha0p1,105,2,subject105_client2,6936,5,cycling,3136.19
0.1,alpha0p1,105,2,subject105_client2,6937,5,cycling,3137.47
0.1,alpha0p1,105,2,subject105_client2,6938,5,cycling,3138.75
0.1,alpha0p1,105,2,subject105_client2,6939,5,cycling,3140.03
0.1,alpha0p1,105,2,subject105_client2,6940,5,cycling,3141.31
0.1,alpha0p1,105,2,subject105_client2,6941,5,cycling,3142.59
0.1,alpha0p1,105,2,subject105_client2,6942,5,cycling,3143.87
0.1,alpha0p1,105,2,subject105_client2,6943,5,cycling,3145.15
0.1,alpha0p1,105,2,subject105_client2,6944,5,cycling,3146.43
0.1,alpha0p1,105,2,subject105_client2,6945,5,cycling,3147.71
0.1,alpha0p1,105,2,subject105_client2,6946,5,cycling,3148.99
0.1,alpha0p1,105,2,subject105_client2,6947,5,cycling,3150.27
0.1,alpha0p1,105,2,subject105_client2,6948,5,cycling,3151.55
0.1,alpha0p1,105,2,subject105_client2,6949,5,cycling,3152.83
0.1,alpha0p1,105,2,subject105_client2,6950,5,cycling,3154.11
0.1,alpha0p1,105,2,subject105_client2,6951,5,cycling,3155.39
0.1,alpha0p1,105,2,subject105_client2,6952,5,cycling,3156.67
0.1,alpha0p1,105,2,subject105_client2,6953,5,cycling,3157.95
0.1,alpha0p1,105,2,subject105_client2,6954,5,cycling,3159.23
0.1,alpha0p1,105,2,subject105_client2,6955,5,cycling,3160.51
0.1,alpha0p1,105,2,subject105_client2,6956,5,cycling,3161.79
0.1,alpha0p1,105,2,subject105_client2,6957,5,cycling,3163.07
0.1,alpha0p1,105,2,subject105_client2,6958,5,cycling,3164.35
0.1,alpha0p1,105,2,subject105_client2,6959,5,cycling,3165.63
0.1,alpha0p1,105,2,subject105_client2,6960,5,cycling,3166.91
0.1,alpha0p1,105,2,subject105_client2,6961,5,cycling,3168.19
0.1,alpha0p1,105,2,subject105_client2,6962,5,cycling,3169.47
0.1,alpha0p1,105,2,subject105_client2,6963,5,cycling,3170.75
0.1,alpha0p1,105,2,subject105_client2,6964,5,cycling,3172.03
0.1,alpha0p1,105,2,subject105_client2,6965,5,cycling,3173.31
0.1,alpha0p1,105,2,subject105_client2,6966,5,cycling,3174.59
0.1,alpha0p1,105,2,subject105_client2,6967,5,cycling,3175.87
0.1,alpha0p1,105,2,subject105_client2,6968,5,cycling,3177.15
0.1,alpha0p1,105,2,subject105_client2,6969,5,cycling,3178.43
0.1,alpha0p1,105,2,subject105_client2,6970,5,cycling,3179.71
0.1,alpha0p1,105,2,subject105_client2,6971,5,cycling,3180.99
0.1,alpha0p1,105,2,subject105_client2,6972,5,cycling,3182.27
0.1,alpha0p1,105,2,subject105_client2,6973,5,cycling,3183.55
0.1,alpha0p1,105,2,subject105_client2,6974,5,cycling,3184.83
0.1,alpha0p1,105,2,subject105_client2,6975,5,cycling,3186.11
0.1,alpha0p1,105,2,subject105_client2,6976,5,cycling,3187.39
0.1,alpha0p1,105,2,subject105_client2,6977,5,cycling,3188.67
0.1,alpha0p1,105,2,subject105_client2,6978,5,cycling,3189.95
0.1,alpha0p1,105,2,subject105_client2,6979,5,cycling,3191.23
0.1,alpha0p1,105,2,subject105_client2,6980,5,cycling,3192.51
0.1,alpha0p1,105,2,subject105_client2,6981,5,cycling,3193.79
0.1,alpha0p1,105,2,subject105_client2,6982,5,cycling,3195.07
0.1,alpha0p1,105,2,subject105_client2,6983,5,cycling,3196.35
0.1,alpha0p1,105,2,subject105_client2,6984,5,cycling,3197.63
0.1,alpha0p1,105,2,subject105_client2,6985,5,cycling,3198.91
0.1,alpha0p1,105,2,subject105_client2,6986,5,cycling,3200.19
0.1,alpha0p1,105,2,subject105_client2,6987,5,cycling,3201.47
0.1,alpha0p1,105,2,subject105_client2,6988,5,cycling,3202.75
0.1,alpha0p1,105,2,subject105_client2,6989,5,cycling,3204.03
0.1,alpha0p1,105,2,subject105_client2,6990,5,cycling,3205.31
0.1,alpha0p1,105,2,subject105_client2,6991,5,cycling,3206.59
0.1,alpha0p1,105,2,subject105_client2,6992,5,cycling,3207.87
0.1,alpha0p1,105,2,subject105_client2,6993,5,cycling,3209.15
0.1,alpha0p1,105,2,subject105_client2,6994,5,cycling,3210.43
0.1,alpha0p1,105,2,subject105_client2,6995,5,cycling,3211.71
0.1,alpha0p1,105,2,subject105_client2,6996,5,cycling,3212.99
0.1,alpha0p1,105,2,subject105_client2,6997,5,cycling,3214.27
0.1,alpha0p1,105,2,subject105_client2,6998,5,cycling,3215.55
0.1,alpha0p1,105,2,subject105_client2,6999,5,cycling,3216.83
0.1,alpha0p1,105,2,subject105_client2,7000,5,cycling,3218.11
0.1,alpha0p1,105,2,subject105_client2,7001,5,cycling,3219.39
0.1,alpha0p1,105,2,subject105_client2,7002,5,cycling,3220.67
0.1,alpha0p1,105,2,subject105_client2,7003,5,cycling,3221.95
0.1,alpha0p1,105,2,subject105_client2,7004,5,cycling,3223.23
0.1,alpha0p1,105,2,subject105_client2,7005,5,cycling,3224.51
0.1,alpha0p1,105,2,subject105_client2,7006,5,cycling,3225.79
0.1,alpha0p1,105,2,subject105_client2,7007,5,cycling,3227.07
0.1,alpha0p1,105,2,subject105_client2,7008,5,cycling,3228.35
0.1,alpha0p1,105,2,subject105_client2,7009,5,cycling,3229.63
0.1,alpha0p1,105,2,subject105_client2,7010,5,cycling,3230.91
0.1,alpha0p1,105,2,subject105_client2,7011,5,cycling,3232.19
0.1,alpha0p1,105,2,subject105_client2,7012,5,cycling,3233.47
0.1,alpha0p1,105,2,subject105_client2,7013,5,cycling,3234.75
0.1,alpha0p1,105,2,subject105_client2,7014,5,cycling,3236.03
0.1,alpha0p1,105,2,subject105_client2,7015,5,cycling,3237.31
0.1,alpha0p1,105,2,subject105_client2,7016,5,cycling,3238.59
0.1,alpha0p1,105,2,subject105_client2,7017,5,cycling,3239.87
0.1,alpha0p1,105,2,subject105_client2,7018,5,cycling,3241.15
0.1,alpha0p1,105,2,subject105_client2,7019,5,cycling,3242.43
0.1,alpha0p1,105,2,subject105_client2,7020,5,cycling,3243.71
0.1,alpha0p1,105,2,subject105_client2,7021,5,cycling,3244.99
0.1,alpha0p1,105,2,subject105_client2,7022,5,cycling,3246.27
0.1,alpha0p1,105,2,subject105_client2,7023,5,cycling,3247.55
0.1,alpha0p1,105,2,subject105_client2,7024,5,cycling,3248.83
0.1,alpha0p1,105,2,subject105_client2,7025,5,cycling,3250.11
0.1,alpha0p1,105,2,subject105_client2,7026,5,cycling,3251.39
0.1,alpha0p1,105,2,subject105_client2,7027,5,cycling,3252.67
0.1,alpha0p1,105,2,subject105_client2,7028,5,cycling,3253.95
0.1,alpha0p1,105,2,subject105_client2,7029,5,cycling,3255.23
0.1,alpha0p1,105,2,subject105_client2,7030,5,cycling,3256.51
0.1,alpha0p1,105,3,subject105_client3,7031,4,running,3329.49
0.1,alpha0p1,105,1,subject105_client1,7033,4,running,3332.05
0.1,alpha0p1,105,1,subject105_client1,7034,4,running,3333.33
0.1,alpha0p1,105,1,subject105_client1,7035,4,running,3334.61
0.1,alpha0p1,105,1,subject105_client1,7036,4,running,3335.89
0.1,alpha0p1,105,1,subject105_client1,7037,4,running,3337.17
0.1,alpha0p1,105,1,subject105_client1,7038,4,running,3338.45
0.1,alpha0p1,105,1,subject105_client1,7039,4,running,3339.73
0.1,alpha0p1,105,1,subject105_client1,7040,4,running,3341.01
0.1,alpha0p1,105,1,subject105_client1,7041,4,running,3342.29
0.1,alpha0p1,105,1,subject105_client1,7042,4,running,3343.57
0.1,alpha0p1,105,1,subject105_client1,7043,4,running,3344.85
0.1,alpha0p1,105,1,subject105_client1,7044,4,running,3346.13
0.1,alpha0p1,105,1,subject105_client1,7045,4,running,3347.41
0.1,alpha0p1,105,1,subject105_client1,7046,4,running,3348.69
0.1,alpha0p1,105,1,subject105_client1,7047,4,running,3349.97
0.1,alpha0p1,105,1,subject105_client1,7048,4,running,3351.25
0.1,alpha0p1,105,1,subject105_client1,7049,4,running,3352.53
0.1,alpha0p1,105,1,subject105_client1,7050,4,running,3353.81
0.1,alpha0p1,105,1,subject105_client1,7051,4,running,3355.09
0.1,alpha0p1,105,1,subject105_client1,7052,4,running,3356.37
0.1,alpha0p1,105,1,subject105_client1,7053,4,running,3357.65
0.1,alpha0p1,105,1,subject105_client1,7054,4,running,3358.93
0.1,alpha0p1,105,1,subject105_client1,7055,4,running,3360.21
0.1,alpha0p1,105,1,subject105_client1,7056,4,running,3361.49
0.1,alpha0p1,105,1,subject105_client1,7057,4,running,3362.77
0.1,alpha0p1,105,1,subject105_client1,7058,4,running,3364.05
0.1,alpha0p1,105,1,subject105_client1,7059,4,running,3365.33
0.1,alpha0p1,105,1,subject105_client1,7060,4,running,3366.61
0.1,alpha0p1,105,1,subject105_client1,7061,4,running,3367.89
0.1,alpha0p1,105,1,subject105_client1,7062,4,running,3369.17
0.1,alpha0p1,105,1,subject105_client1,7063,4,running,3370.45
0.1,alpha0p1,105,1,subject105_client1,7064,4,running,3371.73
0.1,alpha0p1,105,1,subject105_client1,7065,4,running,3373.01
0.1,alpha0p1,105,1,subject105_client1,7066,4,running,3374.29
0.1,alpha0p1,105,1,subject105_client1,7067,4,running,3375.57
0.1,alpha0p1,105,1,subject105_client1,7068,4,running,3376.85
0.1,alpha0p1,105,1,subject105_client1,7069,4,running,3378.13
0.1,alpha0p1,105,1,subject105_client1,7070,4,running,3379.41
0.1,alpha0p1,105,1,subject105_client1,7071,4,running,3380.69
0.1,alpha0p1,105,1,subject105_client1,7072,4,running,3381.97
0.1,alpha0p1,105,1,subject105_client1,7073,4,running,3383.25
0.1,alpha0p1,105,1,subject105_client1,7074,4,running,3384.53
0.1,alpha0p1,105,1,subject105_client1,7075,4,running,3385.81
0.1,alpha0p1,105,1,subject105_client1,7076,4,running,3387.09
0.1,alpha0p1,105,1,subject105_client1,7077,4,running,3388.37
0.1,alpha0p1,105,1,subject105_client1,7078,4,running,3389.65
0.1,alpha0p1,105,1,subject105_client1,7079,4,running,3390.93
0.1,alpha0p1,105,1,subject105_client1,7080,4,running,3392.21
0.1,alpha0p1,105,1,subject105_client1,7081,4,running,3393.49
0.1,alpha0p1,105,1,subject105_client1,7082,4,running,3394.77
0.1,alpha0p1,105,1,subject105_client1,7083,4,running,3396.05
0.1,alpha0p1,105,1,subject105_client1,7084,4,running,3397.33
0.1,alpha0p1,105,1,subject105_client1,7085,4,running,3398.61
0.1,alpha0p1,105,1,subject105_client1,7086,4,running,3399.89
0.1,alpha0p1,105,1,subject105_client1,7087,4,running,3401.17
0.1,alpha0p1,105,1,subject105_client1,7088,4,running,3402.45
0.1,alpha0p1,105,1,subject105_client1,7089,4,running,3403.73
0.1,alpha0p1,105,1,subject105_client1,7090,4,running,3405.01
0.1,alpha0p1,105,1,subject105_client1,7091,4,running,3406.29
0.1,alpha0p1,105,1,subject105_client1,7092,4,running,3407.57
0.1,alpha0p1,105,1,subject105_client1,7093,4,running,3408.85
0.1,alpha0p1,105,1,subject105_client1,7094,4,running,3410.13
0.1,alpha0p1,105,1,subject105_client1,7095,4,running,3411.41
0.1,alpha0p1,105,1,subject105_client1,7096,4,running,3412.69
0.1,alpha0p1,105,1,subject105_client1,7097,4,running,3413.97
0.1,alpha0p1,105,1,subject105_client1,7098,4,running,3415.25
0.1,alpha0p1,105,1,subject105_client1,7099,4,running,3416.53
0.1,alpha0p1,105,1,subject105_client1,7100,4,running,3417.81
0.1,alpha0p1,105,1,subject105_client1,7101,4,running,3419.09
0.1,alpha0p1,105,1,subject105_client1,7102,4,running,3420.37
0.1,alpha0p1,105,1,subject105_client1,7103,4,running,3421.65
0.1,alpha0p1,105,1,subject105_client1,7104,4,running,3422.93
0.1,alpha0p1,105,1,subject105_client1,7105,4,running,3424.21
0.1,alpha0p1,105,1,subject105_client1,7106,4,running,3425.49
0.1,alpha0p1,105,1,subject105_client1,7107,4,running,3426.77
0.1,alpha0p1,105,1,subject105_client1,7108,4,running,3428.05
0.1,alpha0p1,105,1,subject105_client1,7109,4,running,3429.33
0.1,alpha0p1,105,1,subject105_client1,7110,4,running,3430.61
0.1,alpha0p1,105,1,subject105_client1,7111,4,running,3431.89
0.1,alpha0p1,105,1,subject105_client1,7112,4,running,3433.17
0.1,alpha0p1,105,1,subject105_client1,7113,4,running,3434.45
0.1,alpha0p1,105,1,subject105_client1,7114,4,running,3435.73
0.1,alpha0p1,105,1,subject105_client1,7115,4,running,3437.01
0.1,alpha0p1,105,1,subject105_client1,7116,4,running,3438.29
0.1,alpha0p1,105,1,subject105_client1,7117,4,running,3439.57
0.1,alpha0p1,105,1,subject105_client1,7118,4,running,3440.85
0.1,alpha0p1,105,1,subject105_client1,7119,4,running,3442.13
0.1,alpha0p1,105,1,subject105_client1,7120,4,running,3443.41
0.1,alpha0p1,105,1,subject105_client1,7121,4,running,3444.69
0.1,alpha0p1,105,1,subject105_client1,7122,4,running,3445.97
0.1,alpha0p1,105,1,subject105_client1,7123,4,running,3447.25
0.1,alpha0p1,105,1,subject105_client1,7124,4,running,3448.53
0.1,alpha0p1,105,1,subject105_client1,7125,4,running,3449.81
0.1,alpha0p1,105,1,subject105_client1,7126,4,running,3451.09
0.1,alpha0p1,105,1,subject105_client1,7127,4,running,3452.37
0.1,alpha0p1,105,1,subject105_client1,7128,4,running,3453.65
0.1,alpha0p1,105,1,subject105_client1,7129,4,running,3454.93
0.1,alpha0p1,105,1,subject105_client1,7130,4,running,3456.21
0.1,alpha0p1,105,1,subject105_client1,7131,4,running,3457.49
0.1,alpha0p1,105,1,subject105_client1,7132,4,running,3458.77
0.1,alpha0p1,105,1,subject105_client1,7133,4,running,3460.05
0.1,alpha0p1,105,1,subject105_client1,7134,4,running,3461.33
0.1,alpha0p1,105,1,subject105_client1,7135,4,running,3462.61
0.1,alpha0p1,105,1,subject105_client1,7136,4,running,3463.89
0.1,alpha0p1,105,1,subject105_client1,7137,4,running,3465.17
0.1,alpha0p1,105,1,subject105_client1,7138,4,running,3466.45
0.1,alpha0p1,105,1,subject105_client1,7139,4,running,3467.73
0.1,alpha0p1,105,1,subject105_client1,7140,4,running,3469.01
0.1,alpha0p1,105,1,subject105_client1,7141,4,running,3470.29
0.1,alpha0p1,105,1,subject105_client1,7142,4,running,3471.57
0.1,alpha0p1,105,1,subject105_client1,7143,4,running,3472.85
0.1,alpha0p1,105,1,subject105_client1,7144,4,running,3474.13
0.1,alpha0p1,105,1,subject105_client1,7145,4,running,3475.41
0.1,alpha0p1,105,1,subject105_client1,7146,4,running,3476.69
0.1,alpha0p1,105,1,subject105_client1,7147,4,running,3477.97
0.1,alpha0p1,105,1,subject105_client1,7148,4,running,3479.25
0.1,alpha0p1,105,1,subject105_client1,7149,4,running,3480.53
0.1,alpha0p1,105,1,subject105_client1,7150,4,running,3481.81
0.1,alpha0p1,105,1,subject105_client1,7151,4,running,3483.09
0.1,alpha0p1,105,1,subject105_client1,7152,4,running,3484.37
0.1,alpha0p1,105,1,subject105_client1,7153,4,running,3485.65
0.1,alpha0p1,105,1,subject105_client1,7154,4,running,3486.93
0.1,alpha0p1,105,1,subject105_client1,7155,4,running,3488.21
0.1,alpha0p1,105,1,subject105_client1,7156,4,running,3489.49
0.1,alpha0p1,105,1,subject105_client1,7157,4,running,3490.77
0.1,alpha0p1,105,1,subject105_client1,7158,4,running,3492.05
0.1,alpha0p1,105,1,subject105_client1,7159,4,running,3493.33
0.1,alpha0p1,105,1,subject105_client1,7160,4,running,3494.61
0.1,alpha0p1,105,1,subject105_client1,7161,4,running,3495.89
0.1,alpha0p1,105,1,subject105_client1,7162,4,running,3497.17
0.1,alpha0p1,105,1,subject105_client1,7163,4,running,3498.45
0.1,alpha0p1,105,1,subject105_client1,7164,4,running,3499.73
0.1,alpha0p1,105,1,subject105_client1,7165,4,running,3501.01
0.1,alpha0p1,105,1,subject105_client1,7166,4,running,3502.29
0.1,alpha0p1,105,1,subject105_client1,7167,4,running,3503.57
0.1,alpha0p1,105,1,subject105_client1,7168,4,running,3504.85
0.1,alpha0p1,105,1,subject105_client1,7169,4,running,3506.13
0.1,alpha0p1,105,1,subject105_client1,7170,4,running,3507.41
0.1,alpha0p1,105,1,subject105_client1,7171,4,running,3508.69
0.1,alpha0p1,105,1,subject105_client1,7172,4,running,3509.97
0.1,alpha0p1,105,1,subject105_client1,7173,4,running,3511.25
0.1,alpha0p1,105,1,subject105_client1,7174,4,running,3512.53
0.1,alpha0p1,105,1,subject105_client1,7175,4,running,3513.81
0.1,alpha0p1,105,1,subject105_client1,7176,4,running,3515.09
0.1,alpha0p1,105,1,subject105_client1,7177,4,running,3516.37
0.1,alpha0p1,105,1,subject105_client1,7178,4,running,3517.65
0.1,alpha0p1,105,1,subject105_client1,7179,4,running,3518.93
0.1,alpha0p1,105,1,subject105_client1,7180,4,running,3520.21
0.1,alpha0p1,105,1,subject105_client1,7181,4,running,3521.49
0.1,alpha0p1,105,1,subject105_client1,7182,4,running,3522.77
0.1,alpha0p1,105,1,subject105_client1,7183,4,running,3524.05
0.1,alpha0p1,105,1,subject105_client1,7184,4,running,3525.33
0.1,alpha0p1,105,1,subject105_client1,7185,4,running,3526.61
0.1,alpha0p1,105,1,subject105_client1,7186,4,running,3527.89
0.1,alpha0p1,105,1,subject105_client1,7187,4,running,3529.17
0.1,alpha0p1,105,1,subject105_client1,7188,4,running,3530.45
0.1,alpha0p1,105,1,subject105_client1,7189,4,running,3531.73
0.1,alpha0p1,105,1,subject105_client1,7190,4,running,3533.01
0.1,alpha0p1,105,1,subject105_client1,7191,4,running,3534.29
0.1,alpha0p1,105,1,subject105_client1,7192,4,running,3535.57
0.1,alpha0p1,105,2,subject105_client2,7194,4,running,3538.13
0.1,alpha0p1,105,2,subject105_client2,7195,4,running,3539.41
0.1,alpha0p1,105,2,subject105_client2,7196,4,running,3540.69
0.1,alpha0p1,105,2,subject105_client2,7197,4,running,3541.97
0.1,alpha0p1,105,2,subject105_client2,7198,4,running,3543.25
0.1,alpha0p1,105,2,subject105_client2,7199,4,running,3544.53
0.1,alpha0p1,105,2,subject105_client2,7200,4,running,3545.81
0.1,alpha0p1,105,2,subject105_client2,7201,4,running,3547.09
0.1,alpha0p1,105,2,subject105_client2,7202,4,running,3548.37
0.1,alpha0p1,105,2,subject105_client2,7203,4,running,3549.65
0.1,alpha0p1,105,2,subject105_client2,7204,4,running,3550.93
0.1,alpha0p1,105,2,subject105_client2,7205,4,running,3552.21
0.1,alpha0p1,105,2,subject105_client2,7206,4,running,3553.49
0.1,alpha0p1,105,2,subject105_client2,7207,4,running,3554.77
0.1,alpha0p1,105,2,subject105_client2,7208,4,running,3556.05
0.1,alpha0p1,105,2,subject105_client2,7209,4,running,3557.33
0.1,alpha0p1,105,2,subject105_client2,7210,4,running,3558.61
0.1,alpha0p1,105,2,subject105_client2,7211,4,running,3559.89
0.1,alpha0p1,105,2,subject105_client2,7212,4,running,3561.17
0.1,alpha0p1,105,2,subject105_client2,7213,4,running,3562.45
0.1,alpha0p1,105,2,subject105_client2,7214,4,running,3563.73
0.1,alpha0p1,105,2,subject105_client2,7215,4,running,3565.01
0.1,alpha0p1,105,2,subject105_client2,7216,4,running,3566.29
0.1,alpha0p1,105,2,subject105_client2,7217,4,running,3567.57
0.1,alpha0p1,105,2,subject105_client2,7218,4,running,3568.85
0.1,alpha0p1,105,2,subject105_client2,7219,4,running,3570.13
0.1,alpha0p1,105,2,subject105_client2,7220,4,running,3571.41
0.1,alpha0p1,105,2,subject105_client2,7222,11,rope jumping,3676.2
0.1,alpha0p1,105,2,subject105_client2,7223,11,rope jumping,3677.48
0.1,alpha0p1,105,2,subject105_client2,7224,11,rope jumping,3678.76
0.1,alpha0p1,105,2,subject105_client2,7225,11,rope jumping,3680.04
0.1,alpha0p1,105,2,subject105_client2,7226,11,rope jumping,3681.32
0.1,alpha0p1,105,2,subject105_client2,7227,11,rope jumping,3682.6
0.1,alpha0p1,105,2,subject105_client2,7228,11,rope jumping,3683.88
0.1,alpha0p1,105,2,subject105_client2,7229,11,rope jumping,3685.16
0.1,alpha0p1,105,2,subject105_client2,7230,11,rope jumping,3686.44
0.1,alpha0p1,105,2,subject105_client2,7231,11,rope jumping,3687.72
0.1,alpha0p1,105,2,subject105_client2,7232,11,rope jumping,3689.0
0.1,alpha0p1,105,2,subject105_client2,7233,11,rope jumping,3690.28
0.1,alpha0p1,105,2,subject105_client2,7234,11,rope jumping,3691.56
0.1,alpha0p1,105,2,subject105_client2,7235,11,rope jumping,3692.84
0.1,alpha0p1,105,2,subject105_client2,7236,11,rope jumping,3694.12
0.1,alpha0p1,105,2,subject105_client2,7237,11,rope jumping,3695.4
0.1,alpha0p1,105,2,subject105_client2,7238,11,rope jumping,3696.68
0.1,alpha0p1,105,2,subject105_client2,7239,11,rope jumping,3697.96
0.1,alpha0p1,105,2,subject105_client2,7240,11,rope jumping,3699.24
0.1,alpha0p1,105,2,subject105_client2,7241,11,rope jumping,3700.52
0.1,alpha0p1,105,2,subject105_client2,7242,11,rope jumping,3701.8
0.1,alpha0p1,105,2,subject105_client2,7243,11,rope jumping,3703.08
0.1,alpha0p1,105,2,subject105_client2,7244,11,rope jumping,3704.36
0.1,alpha0p1,105,2,subject105_client2,7245,11,rope jumping,3705.64
0.1,alpha0p1,105,2,subject105_client2,7246,11,rope jumping,3706.92
0.1,alpha0p1,105,2,subject105_client2,7247,11,rope jumping,3708.2
0.1,alpha0p1,105,2,subject105_client2,7248,11,rope jumping,3709.48
0.1,alpha0p1,105,2,subject105_client2,7249,11,rope jumping,3710.76
0.1,alpha0p1,105,2,subject105_client2,7250,11,rope jumping,3712.04
0.1,alpha0p1,105,2,subject105_client2,7251,11,rope jumping,3713.32
0.1,alpha0p1,105,2,subject105_client2,7252,11,rope jumping,3714.6
0.1,alpha0p1,105,2,subject105_client2,7253,11,rope jumping,3715.88
0.1,alpha0p1,105,2,subject105_client2,7254,11,rope jumping,3717.16
0.1,alpha0p1,105,2,subject105_client2,7255,11,rope jumping,3718.44
0.1,alpha0p1,105,2,subject105_client2,7256,11,rope jumping,3719.72
0.1,alpha0p1,105,2,subject105_client2,7257,11,rope jumping,3721.0
0.1,alpha0p1,105,2,subject105_client2,7258,11,rope jumping,3722.28
0.1,alpha0p1,105,2,subject105_client2,7259,11,rope jumping,3723.56
0.1,alpha0p1,105,2,subject105_client2,7260,11,rope jumping,3724.84
0.1,alpha0p1,105,2,subject105_client2,7261,11,rope jumping,3726.12
0.1,alpha0p1,105,2,subject105_client2,7262,11,rope jumping,3727.4
0.1,alpha0p1,105,2,subject105_client2,7263,11,rope jumping,3728.68
0.1,alpha0p1,105,2,subject105_client2,7264,11,rope jumping,3729.96
0.1,alpha0p1,105,2,subject105_client2,7265,11,rope jumping,3731.24
0.1,alpha0p1,105,2,subject105_client2,7266,11,rope jumping,3732.52
0.1,alpha0p1,105,3,subject105_client3,7268,11,rope jumping,3735.08
0.1,alpha0p1,105,3,subject105_client3,7269,11,rope jumping,3736.36
0.1,alpha0p1,105,3,subject105_client3,7270,11,rope jumping,3737.64
0.1,alpha0p1,105,3,subject105_client3,7271,11,rope jumping,3738.92
0.1,alpha0p1,105,3,subject105_client3,7272,11,rope jumping,3740.2
0.1,alpha0p1,105,3,subject105_client3,7273,11,rope jumping,3741.48
0.1,alpha0p1,105,3,subject105_client3,7274,11,rope jumping,3742.76
0.1,alpha0p1,105,3,subject105_client3,7275,11,rope jumping,3744.04
0.1,alpha0p1,105,3,subject105_client3,7276,11,rope jumping,3745.32
0.1,alpha0p1,105,3,subject105_client3,7277,11,rope jumping,3746.6
0.1,alpha0p1,105,3,subject105_client3,7278,11,rope jumping,3747.88
0.1,alpha0p1,105,3,subject105_client3,7279,11,rope jumping,3749.16
0.1,alpha0p1,105,3,subject105_client3,7280,11,rope jumping,3750.44
0.1,alpha0p1,106,2,subject106_client2,7281,0,lying,101.77
0.1,alpha0p1,106,2,subject106_client2,7282,0,lying,103.05
0.1,alpha0p1,106,2,subject106_client2,7283,0,lying,104.33
0.1,alpha0p1,106,2,subject106_client2,7284,0,lying,105.61
0.1,alpha0p1,106,2,subject106_client2,7285,0,lying,106.89
0.1,alpha0p1,106,2,subject106_client2,7286,0,lying,108.17
0.1,alpha0p1,106,2,subject106_client2,7287,0,lying,109.45
0.1,alpha0p1,106,2,subject106_client2,7288,0,lying,110.73
0.1,alpha0p1,106,2,subject106_client2,7289,0,lying,112.01
0.1,alpha0p1,106,2,subject106_client2,7290,0,lying,113.29
0.1,alpha0p1,106,2,subject106_client2,7291,0,lying,114.57
0.1,alpha0p1,106,2,subject106_client2,7292,0,lying,115.85
0.1,alpha0p1,106,0,subject106_client0,7294,0,lying,118.41
0.1,alpha0p1,106,0,subject106_client0,7295,0,lying,119.69
0.1,alpha0p1,106,0,subject106_client0,7296,0,lying,120.97
0.1,alpha0p1,106,0,subject106_client0,7297,0,lying,122.25
0.1,alpha0p1,106,0,subject106_client0,7298,0,lying,123.53
0.1,alpha0p1,106,0,subject106_client0,7299,0,lying,124.81
0.1,alpha0p1,106,0,subject106_client0,7300,0,lying,126.09
0.1,alpha0p1,106,0,subject106_client0,7301,0,lying,127.37
0.1,alpha0p1,106,0,subject106_client0,7302,0,lying,128.65
0.1,alpha0p1,106,0,subject106_client0,7303,0,lying,129.93
0.1,alpha0p1,106,0,subject106_client0,7304,0,lying,131.21
0.1,alpha0p1,106,0,subject106_client0,7305,0,lying,132.49
0.1,alpha0p1,106,0,subject106_client0,7306,0,lying,133.77
0.1,alpha0p1,106,0,subject106_client0,7307,0,lying,135.05
0.1,alpha0p1,106,0,subject106_client0,7308,0,lying,136.33
0.1,alpha0p1,106,0,subject106_client0,7309,0,lying,137.61
0.1,alpha0p1,106,0,subject106_client0,7310,0,lying,138.89
0.1,alpha0p1,106,0,subject106_client0,7311,0,lying,140.17
0.1,alpha0p1,106,0,subject106_client0,7312,0,lying,141.45
0.1,alpha0p1,106,0,subject106_client0,7313,0,lying,142.73
0.1,alpha0p1,106,0,subject106_client0,7314,0,lying,144.01
0.1,alpha0p1,106,0,subject106_client0,7315,0,lying,145.29
0.1,alpha0p1,106,0,subject106_client0,7316,0,lying,146.57
0.1,alpha0p1,106,0,subject106_client0,7317,0,lying,147.85
0.1,alpha0p1,106,0,subject106_client0,7318,0,lying,149.13
0.1,alpha0p1,106,0,subject106_client0,7319,0,lying,150.41
0.1,alpha0p1,106,0,subject106_client0,7320,0,lying,151.69
0.1,alpha0p1,106,0,subject106_client0,7321,0,lying,152.97
0.1,alpha0p1,106,0,subject106_client0,7322,0,lying,154.25
0.1,alpha0p1,106,0,subject106_client0,7323,0,lying,155.53
0.1,alpha0p1,106,0,subject106_client0,7324,0,lying,156.81
0.1,alpha0p1,106,0,subject106_client0,7325,0,lying,158.09
0.1,alpha0p1,106,0,subject106_client0,7326,0,lying,159.37
0.1,alpha0p1,106,0,subject106_client0,7327,0,lying,160.65
0.1,alpha0p1,106,0,subject106_client0,7328,0,lying,161.93
0.1,alpha0p1,106,0,subject106_client0,7329,0,lying,163.21
0.1,alpha0p1,106,0,subject106_client0,7330,0,lying,164.49
0.1,alpha0p1,106,0,subject106_client0,7331,0,lying,165.77
0.1,alpha0p1,106,0,subject106_client0,7332,0,lying,167.05
0.1,alpha0p1,106,0,subject106_client0,7333,0,lying,168.33
0.1,alpha0p1,106,0,subject106_client0,7334,0,lying,169.61
0.1,alpha0p1,106,0,subject106_client0,7335,0,lying,170.89
0.1,alpha0p1,106,0,subject106_client0,7336,0,lying,172.17
0.1,alpha0p1,106,0,subject106_client0,7337,0,lying,173.45
0.1,alpha0p1,106,0,subject106_client0,7338,0,lying,174.73
0.1,alpha0p1,106,0,subject106_client0,7339,0,lying,176.01
0.1,alpha0p1,106,0,subject106_client0,7340,0,lying,177.29
0.1,alpha0p1,106,0,subject106_client0,7341,0,lying,178.57
0.1,alpha0p1,106,0,subject106_client0,7342,0,lying,179.85
0.1,alpha0p1,106,0,subject106_client0,7343,0,lying,181.13
0.1,alpha0p1,106,0,subject106_client0,7344,0,lying,182.41
0.1,alpha0p1,106,0,subject106_client0,7345,0,lying,183.69
0.1,alpha0p1,106,0,subject106_client0,7346,0,lying,184.97
0.1,alpha0p1,106,0,subject106_client0,7347,0,lying,186.25
0.1,alpha0p1,106,0,subject106_client0,7348,0,lying,187.53
0.1,alpha0p1,106,0,subject106_client0,7349,0,lying,188.81
0.1,alpha0p1,106,0,subject106_client0,7350,0,lying,190.09
0.1,alpha0p1,106,0,subject106_client0,7351,0,lying,191.37
0.1,alpha0p1,106,0,subject106_client0,7352,0,lying,192.65
0.1,alpha0p1,106,0,subject106_client0,7353,0,lying,193.93
0.1,alpha0p1,106,0,subject106_client0,7354,0,lying,195.21
0.1,alpha0p1,106,0,subject106_client0,7355,0,lying,196.49
0.1,alpha0p1,106,0,subject106_client0,7356,0,lying,197.77
0.1,alpha0p1,106,0,subject106_client0,7357,0,lying,199.05
0.1,alpha0p1,106,0,subject106_client0,7358,0,lying,200.33
0.1,alpha0p1,106,0,subject106_client0,7359,0,lying,201.61
0.1,alpha0p1,106,0,subject106_client0,7360,0,lying,202.89
0.1,alpha0p1,106,0,subject106_client0,7361,0,lying,204.17
0.1,alpha0p1,106,0,subject106_client0,7362,0,lying,205.45
0.1,alpha0p1,106,0,subject106_client0,7363,0,lying,206.73
0.1,alpha0p1,106,0,subject106_client0,7364,0,lying,208.01
0.1,alpha0p1,106,0,subject106_client0,7365,0,lying,209.29
0.1,alpha0p1,106,0,subject106_client0,7366,0,lying,210.57
0.1,alpha0p1,106,0,subject106_client0,7367,0,lying,211.85
0.1,alpha0p1,106,0,subject106_client0,7368,0,lying,213.13
0.1,alpha0p1,106,0,subject106_client0,7369,0,lying,214.41
0.1,alpha0p1,106,0,subject106_client0,7370,0,lying,215.69
0.1,alpha0p1,106,0,subject106_client0,7371,0,lying,216.97
0.1,alpha0p1,106,0,subject106_client0,7372,0,lying,218.25
0.1,alpha0p1,106,0,subject106_client0,7373,0,lying,219.53
0.1,alpha0p1,106,0,subject106_client0,7374,0,lying,220.81
0.1,alpha0p1,106,0,subject106_client0,7375,0,lying,222.09
0.1,alpha0p1,106,0,subject106_client0,7376,0,lying,223.37
0.1,alpha0p1,106,0,subject106_client0,7377,0,lying,224.65
0.1,alpha0p1,106,0,subject106_client0,7378,0,lying,225.93
0.1,alpha0p1,106,0,subject106_client0,7379,0,lying,227.21
0.1,alpha0p1,106,0,subject106_client0,7380,0,lying,228.49
0.1,alpha0p1,106,0,subject106_client0,7381,0,lying,229.77
0.1,alpha0p1,106,0,subject106_client0,7382,0,lying,231.05
0.1,alpha0p1,106,0,subject106_client0,7383,0,lying,232.33
0.1,alpha0p1,106,0,subject106_client0,7384,0,lying,233.61
0.1,alpha0p1,106,0,subject106_client0,7385,0,lying,234.89
0.1,alpha0p1,106,0,subject106_client0,7386,0,lying,236.17
0.1,alpha0p1,106,0,subject106_client0,7387,0,lying,237.45
0.1,alpha0p1,106,0,subject106_client0,7388,0,lying,238.73
0.1,alpha0p1,106,0,subject106_client0,7389,0,lying,240.01
0.1,alpha0p1,106,0,subject106_client0,7390,0,lying,241.29
0.1,alpha0p1,106,0,subject106_client0,7391,0,lying,242.57
0.1,alpha0p1,106,0,subject106_client0,7392,0,lying,243.85
0.1,alpha0p1,106,0,subject106_client0,7393,0,lying,245.13
0.1,alpha0p1,106,0,subject106_client0,7394,0,lying,246.41
0.1,alpha0p1,106,0,subject106_client0,7395,0,lying,247.69
0.1,alpha0p1,106,0,subject106_client0,7396,0,lying,248.97
0.1,alpha0p1,106,0,subject106_client0,7397,0,lying,250.25
0.1,alpha0p1,106,0,subject106_client0,7398,0,lying,251.53
0.1,alpha0p1,106,0,subject106_client0,7399,0,lying,252.81
0.1,alpha0p1,106,0,subject106_client0,7400,0,lying,254.09
0.1,alpha0p1,106,0,subject106_client0,7401,0,lying,255.37
0.1,alpha0p1,106,0,subject106_client0,7402,0,lying,256.65
0.1,alpha0p1,106,0,subject106_client0,7403,0,lying,257.93
0.1,alpha0p1,106,0,subject106_client0,7404,0,lying,259.21
0.1,alpha0p1,106,0,subject106_client0,7405,0,lying,260.49
0.1,alpha0p1,106,0,subject106_client0,7406,0,lying,261.77
0.1,alpha0p1,106,0,subject106_client0,7407,0,lying,263.05
0.1,alpha0p1,106,0,subject106_client0,7408,0,lying,264.33
0.1,alpha0p1,106,0,subject106_client0,7409,0,lying,265.61
0.1,alpha0p1,106,0,subject106_client0,7410,0,lying,266.89
0.1,alpha0p1,106,0,subject106_client0,7411,0,lying,268.17
0.1,alpha0p1,106,0,subject106_client0,7412,0,lying,269.45
0.1,alpha0p1,106,0,subject106_client0,7413,0,lying,270.73
0.1,alpha0p1,106,0,subject106_client0,7414,0,lying,272.01
0.1,alpha0p1,106,0,subject106_client0,7415,0,lying,273.29
0.1,alpha0p1,106,0,subject106_client0,7416,0,lying,274.57
0.1,alpha0p1,106,0,subject106_client0,7417,0,lying,275.85
0.1,alpha0p1,106,0,subject106_client0,7418,0,lying,277.13
0.1,alpha0p1,106,0,subject106_client0,7419,0,lying,278.41
0.1,alpha0p1,106,0,subject106_client0,7420,0,lying,279.69
0.1,alpha0p1,106,0,subject106_client0,7421,0,lying,280.97
0.1,alpha0p1,106,0,subject106_client0,7422,0,lying,282.25
0.1,alpha0p1,106,0,subject106_client0,7423,0,lying,283.53
0.1,alpha0p1,106,0,subject106_client0,7424,0,lying,284.81
0.1,alpha0p1,106,0,subject106_client0,7425,0,lying,286.09
0.1,alpha0p1,106,0,subject106_client0,7426,0,lying,287.37
0.1,alpha0p1,106,0,subject106_client0,7427,0,lying,288.65
0.1,alpha0p1,106,0,subject106_client0,7428,0,lying,289.93
0.1,alpha0p1,106,0,subject106_client0,7429,0,lying,291.21
0.1,alpha0p1,106,0,subject106_client0,7430,0,lying,292.49
0.1,alpha0p1,106,0,subject106_client0,7431,0,lying,293.77
0.1,alpha0p1,106,0,subject106_client0,7432,0,lying,295.05
0.1,alpha0p1,106,0,subject106_client0,7433,0,lying,296.33
0.1,alpha0p1,106,0,subject106_client0,7434,0,lying,297.61
0.1,alpha0p1,106,0,subject106_client0,7435,0,lying,298.89
0.1,alpha0p1,106,0,subject106_client0,7436,0,lying,300.17
0.1,alpha0p1,106,0,subject106_client0,7437,0,lying,301.45
0.1,alpha0p1,106,0,subject106_client0,7438,0,lying,302.73
0.1,alpha0p1,106,0,subject106_client0,7439,0,lying,304.01
0.1,alpha0p1,106,0,subject106_client0,7440,0,lying,305.29
0.1,alpha0p1,106,0,subject106_client0,7441,0,lying,306.57
0.1,alpha0p1,106,0,subject106_client0,7442,0,lying,307.85
0.1,alpha0p1,106,0,subject106_client0,7443,0,lying,309.13
0.1,alpha0p1,106,0,subject106_client0,7444,0,lying,310.41
0.1,alpha0p1,106,0,subject106_client0,7445,0,lying,311.69
0.1,alpha0p1,106,0,subject106_client0,7446,0,lying,312.97
0.1,alpha0p1,106,0,subject106_client0,7447,0,lying,314.25
0.1,alpha0p1,106,0,subject106_client0,7448,0,lying,315.53
0.1,alpha0p1,106,0,subject106_client0,7449,0,lying,316.81
0.1,alpha0p1,106,0,subject106_client0,7450,0,lying,318.09
0.1,alpha0p1,106,0,subject106_client0,7451,0,lying,319.37
0.1,alpha0p1,106,0,subject106_client0,7452,0,lying,320.65
0.1,alpha0p1,106,0,subject106_client0,7453,0,lying,321.93
0.1,alpha0p1,106,0,subject106_client0,7454,0,lying,323.21
0.1,alpha0p1,106,0,subject106_client0,7455,0,lying,324.49
0.1,alpha0p1,106,0,subject106_client0,7456,0,lying,325.77
0.1,alpha0p1,106,0,subject106_client0,7457,0,lying,327.05
0.1,alpha0p1,106,0,subject106_client0,7458,0,lying,328.33
0.1,alpha0p1,106,0,subject106_client0,7459,0,lying,329.61
0.1,alpha0p1,106,0,subject106_client0,7460,0,lying,330.89
0.1,alpha0p1,106,0,subject106_client0,7461,0,lying,332.17
0.1,alpha0p1,106,3,subject106_client3,7462,1,sitting,388.64
0.1,alpha0p1,106,3,subject106_client3,7463,1,sitting,389.92
0.1,alpha0p1,106,3,subject106_client3,7464,1,sitting,391.2
0.1,alpha0p1,106,3,subject106_client3,7465,1,sitting,392.48
0.1,alpha0p1,106,3,subject106_client3,7466,1,sitting,393.76
0.1,alpha0p1,106,3,subject106_client3,7467,1,sitting,395.04
0.1,alpha0p1,106,3,subject106_client3,7468,1,sitting,396.32
0.1,alpha0p1,106,3,subject106_client3,7469,1,sitting,397.6
0.1,alpha0p1,106,3,subject106_client3,7470,1,sitting,398.88
0.1,alpha0p1,106,3,subject106_client3,7471,1,sitting,400.16
0.1,alpha0p1,106,3,subject106_client3,7472,1,sitting,401.44
0.1,alpha0p1,106,3,subject106_client3,7473,1,sitting,402.72
0.1,alpha0p1,106,3,subject106_client3,7474,1,sitting,404.0
0.1,alpha0p1,106,3,subject106_client3,7475,1,sitting,405.28
0.1,alpha0p1,106,3,subject106_client3,7476,1,sitting,406.56
0.1,alpha0p1,106,3,subject106_client3,7477,1,sitting,407.84
0.1,alpha0p1,106,3,subject106_client3,7478,1,sitting,409.12
0.1,alpha0p1,106,3,subject106_client3,7479,1,sitting,410.4
0.1,alpha0p1,106,3,subject106_client3,7480,1,sitting,411.68
0.1,alpha0p1,106,3,subject106_client3,7481,1,sitting,412.96
0.1,alpha0p1,106,3,subject106_client3,7482,1,sitting,414.24
0.1,alpha0p1,106,3,subject106_client3,7483,1,sitting,415.52
0.1,alpha0p1,106,3,subject106_client3,7484,1,sitting,416.8
0.1,alpha0p1,106,3,subject106_client3,7485,1,sitting,418.08
0.1,alpha0p1,106,3,subject106_client3,7486,1,sitting,419.36
0.1,alpha0p1,106,3,subject106_client3,7487,1,sitting,420.64
0.1,alpha0p1,106,3,subject106_client3,7488,1,sitting,421.92
0.1,alpha0p1,106,3,subject106_client3,7489,1,sitting,423.2
0.1,alpha0p1,106,3,subject106_client3,7490,1,sitting,424.48
0.1,alpha0p1,106,3,subject106_client3,7491,1,sitting,425.76
0.1,alpha0p1,106,3,subject106_client3,7492,1,sitting,427.04
0.1,alpha0p1,106,3,subject106_client3,7493,1,sitting,428.32
0.1,alpha0p1,106,3,subject106_client3,7494,1,sitting,429.6
0.1,alpha0p1,106,3,subject106_client3,7495,1,sitting,430.88
0.1,alpha0p1,106,3,subject106_client3,7496,1,sitting,432.16
0.1,alpha0p1,106,3,subject106_client3,7497,1,sitting,433.44
0.1,alpha0p1,106,3,subject106_client3,7498,1,sitting,434.72
0.1,alpha0p1,106,3,subject106_client3,7499,1,sitting,436.0
0.1,alpha0p1,106,3,subject106_client3,7500,1,sitting,437.28
0.1,alpha0p1,106,3,subject106_client3,7501,1,sitting,438.56
0.1,alpha0p1,106,3,subject106_client3,7502,1,sitting,439.84
0.1,alpha0p1,106,3,subject106_client3,7503,1,sitting,441.12
0.1,alpha0p1,106,3,subject106_client3,7504,1,sitting,442.4
0.1,alpha0p1,106,3,subject106_client3,7505,1,sitting,443.68
0.1,alpha0p1,106,3,subject106_client3,7506,1,sitting,444.96
0.1,alpha0p1,106,3,subject106_client3,7507,1,sitting,446.24
0.1,alpha0p1,106,3,subject106_client3,7508,1,sitting,447.52
0.1,alpha0p1,106,3,subject106_client3,7509,1,sitting,448.8
0.1,alpha0p1,106,3,subject106_client3,7510,1,sitting,450.08
0.1,alpha0p1,106,3,subject106_client3,7511,1,sitting,451.36
0.1,alpha0p1,106,3,subject106_client3,7512,1,sitting,452.64
0.1,alpha0p1,106,3,subject106_client3,7513,1,sitting,453.92
0.1,alpha0p1,106,3,subject106_client3,7514,1,sitting,455.2
0.1,alpha0p1,106,3,subject106_client3,7515,1,sitting,456.48
0.1,alpha0p1,106,3,subject106_client3,7516,1,sitting,457.76
0.1,alpha0p1,106,3,subject106_client3,7517,1,sitting,459.04
0.1,alpha0p1,106,3,subject106_client3,7518,1,sitting,460.32
0.1,alpha0p1,106,3,subject106_client3,7519,1,sitting,461.6
0.1,alpha0p1,106,3,subject106_client3,7520,1,sitting,462.88
0.1,alpha0p1,106,3,subject106_client3,7521,1,sitting,464.16
0.1,alpha0p1,106,3,subject106_client3,7522,1,sitting,465.44
0.1,alpha0p1,106,3,subject106_client3,7523,1,sitting,466.72
0.1,alpha0p1,106,3,subject106_client3,7524,1,sitting,468.0
0.1,alpha0p1,106,3,subject106_client3,7525,1,sitting,469.28
0.1,alpha0p1,106,3,subject106_client3,7526,1,sitting,470.56
0.1,alpha0p1,106,3,subject106_client3,7527,1,sitting,471.84
0.1,alpha0p1,106,3,subject106_client3,7528,1,sitting,473.12
0.1,alpha0p1,106,3,subject106_client3,7529,1,sitting,474.4
0.1,alpha0p1,106,3,subject106_client3,7530,1,sitting,475.68
0.1,alpha0p1,106,3,subject106_client3,7531,1,sitting,476.96
0.1,alpha0p1,106,3,subject106_client3,7532,1,sitting,478.24
0.1,alpha0p1,106,3,subject106_client3,7533,1,sitting,479.52
0.1,alpha0p1,106,3,subject106_client3,7534,1,sitting,480.8
0.1,alpha0p1,106,3,subject106_client3,7535,1,sitting,482.08
0.1,alpha0p1,106,3,subject106_client3,7536,1,sitting,483.36
0.1,alpha0p1,106,3,subject106_client3,7537,1,sitting,484.64
0.1,alpha0p1,106,3,subject106_client3,7538,1,sitting,485.92
0.1,alpha0p1,106,3,subject106_client3,7539,1,sitting,487.2
0.1,alpha0p1,106,3,subject106_client3,7540,1,sitting,488.48
0.1,alpha0p1,106,3,subject106_client3,7541,1,sitting,489.76
0.1,alpha0p1,106,3,subject106_client3,7542,1,sitting,491.04
0.1,alpha0p1,106,3,subject106_client3,7543,1,sitting,492.32
0.1,alpha0p1,106,3,subject106_client3,7544,1,sitting,493.6
0.1,alpha0p1,106,3,subject106_client3,7545,1,sitting,494.88
0.1,alpha0p1,106,3,subject106_client3,7546,1,sitting,496.16
0.1,alpha0p1,106,3,subject106_client3,7547,1,sitting,497.44
0.1,alpha0p1,106,3,subject106_client3,7548,1,sitting,498.72
0.1,alpha0p1,106,3,subject106_client3,7549,1,sitting,500.0
0.1,alpha0p1,106,3,subject106_client3,7550,1,sitting,501.28
0.1,alpha0p1,106,3,subject106_client3,7551,1,sitting,502.56
0.1,alpha0p1,106,3,subject106_client3,7552,1,sitting,503.84
0.1,alpha0p1,106,3,subject106_client3,7553,1,sitting,505.12
0.1,alpha0p1,106,3,subject106_client3,7554,1,sitting,506.4
0.1,alpha0p1,106,3,subject106_client3,7555,1,sitting,507.68
0.1,alpha0p1,106,3,subject106_client3,7556,1,sitting,508.96
0.1,alpha0p1,106,3,subject106_client3,7557,1,sitting,510.24
0.1,alpha0p1,106,3,subject106_client3,7558,1,sitting,511.52
0.1,alpha0p1,106,3,subject106_client3,7559,1,sitting,512.8
0.1,alpha0p1,106,3,subject106_client3,7560,1,sitting,514.08
0.1,alpha0p1,106,3,subject106_client3,7561,1,sitting,515.36
0.1,alpha0p1,106,3,subject106_client3,7562,1,sitting,516.64
0.1,alpha0p1,106,3,subject106_client3,7563,1,sitting,517.92
0.1,alpha0p1,106,3,subject106_client3,7564,1,sitting,519.2
0.1,alpha0p1,106,3,subject106_client3,7565,1,sitting,520.48
0.1,alpha0p1,106,3,subject106_client3,7566,1,sitting,521.76
0.1,alpha0p1,106,3,subject106_client3,7567,1,sitting,523.04
0.1,alpha0p1,106,3,subject106_client3,7568,1,sitting,524.32
0.1,alpha0p1,106,3,subject106_client3,7569,1,sitting,525.6
0.1,alpha0p1,106,3,subject106_client3,7570,1,sitting,526.88
0.1,alpha0p1,106,3,subject106_client3,7571,1,sitting,528.16
0.1,alpha0p1,106,3,subject106_client3,7572,1,sitting,529.44
0.1,alpha0p1,106,3,subject106_client3,7573,1,sitting,530.72
0.1,alpha0p1,106,3,subject106_client3,7574,1,sitting,532.0
0.1,alpha0p1,106,3,subject106_client3,7575,1,sitting,533.28
0.1,alpha0p1,106,3,subject106_client3,7576,1,sitting,534.56
0.1,alpha0p1,106,3,subject106_client3,7577,1,sitting,535.84
0.1,alpha0p1,106,3,subject106_client3,7578,1,sitting,537.12
0.1,alpha0p1,106,3,subject106_client3,7579,1,sitting,538.4
0.1,alpha0p1,106,3,subject106_client3,7580,1,sitting,539.68
0.1,alpha0p1,106,3,subject106_client3,7581,1,sitting,540.96
0.1,alpha0p1,106,3,subject106_client3,7582,1,sitting,542.24
0.1,alpha0p1,106,3,subject106_client3,7583,1,sitting,543.52
0.1,alpha0p1,106,3,subject106_client3,7584,1,sitting,544.8
0.1,alpha0p1,106,3,subject106_client3,7585,1,sitting,546.08
0.1,alpha0p1,106,3,subject106_client3,7586,1,sitting,547.36
0.1,alpha0p1,106,3,subject106_client3,7587,1,sitting,548.64
0.1,alpha0p1,106,3,subject106_client3,7588,1,sitting,549.92
0.1,alpha0p1,106,3,subject106_client3,7589,1,sitting,551.2
0.1,alpha0p1,106,3,subject106_client3,7590,1,sitting,552.48
0.1,alpha0p1,106,3,subject106_client3,7591,1,sitting,553.76
0.1,alpha0p1,106,3,subject106_client3,7592,1,sitting,555.04
0.1,alpha0p1,106,3,subject106_client3,7593,1,sitting,556.32
0.1,alpha0p1,106,3,subject106_client3,7594,1,sitting,557.6
0.1,alpha0p1,106,3,subject106_client3,7595,1,sitting,558.88
0.1,alpha0p1,106,3,subject106_client3,7596,1,sitting,560.16
0.1,alpha0p1,106,3,subject106_client3,7597,1,sitting,561.44
0.1,alpha0p1,106,3,subject106_client3,7598,1,sitting,562.72
0.1,alpha0p1,106,3,subject106_client3,7599,1,sitting,564.0
0.1,alpha0p1,106,3,subject106_client3,7600,1,sitting,565.28
0.1,alpha0p1,106,3,subject106_client3,7601,1,sitting,566.56
0.1,alpha0p1,106,3,subject106_client3,7602,1,sitting,567.84
0.1,alpha0p1,106,3,subject106_client3,7603,1,sitting,569.12
0.1,alpha0p1,106,3,subject106_client3,7604,1,sitting,570.4
0.1,alpha0p1,106,3,subject106_client3,7605,1,sitting,571.68
0.1,alpha0p1,106,3,subject106_client3,7606,1,sitting,572.96
0.1,alpha0p1,106,3,subject106_client3,7607,1,sitting,574.24
0.1,alpha0p1,106,3,subject106_client3,7608,1,sitting,575.52
0.1,alpha0p1,106,3,subject106_client3,7609,1,sitting,576.8
0.1,alpha0p1,106,3,subject106_client3,7610,1,sitting,578.08
0.1,alpha0p1,106,3,subject106_client3,7611,1,sitting,579.36
0.1,alpha0p1,106,3,subject106_client3,7612,1,sitting,580.64
0.1,alpha0p1,106,3,subject106_client3,7613,1,sitting,581.92
0.1,alpha0p1,106,3,subject106_client3,7614,1,sitting,583.2
0.1,alpha0p1,106,3,subject106_client3,7615,1,sitting,584.48
0.1,alpha0p1,106,3,subject106_client3,7616,1,sitting,585.76
0.1,alpha0p1,106,3,subject106_client3,7617,1,sitting,587.04
0.1,alpha0p1,106,3,subject106_client3,7618,1,sitting,588.32
0.1,alpha0p1,106,3,subject106_client3,7619,1,sitting,589.6
0.1,alpha0p1,106,3,subject106_client3,7620,1,sitting,590.88
0.1,alpha0p1,106,3,subject106_client3,7621,1,sitting,592.16
0.1,alpha0p1,106,3,subject106_client3,7622,1,sitting,593.44
0.1,alpha0p1,106,3,subject106_client3,7623,1,sitting,594.72
0.1,alpha0p1,106,3,subject106_client3,7624,1,sitting,596.0
0.1,alpha0p1,106,3,subject106_client3,7625,1,sitting,597.28
0.1,alpha0p1,106,3,subject106_client3,7626,1,sitting,598.56
0.1,alpha0p1,106,3,subject106_client3,7627,1,sitting,599.84
0.1,alpha0p1,106,3,subject106_client3,7628,1,sitting,601.12
0.1,alpha0p1,106,3,subject106_client3,7629,1,sitting,602.4
0.1,alpha0p1,106,3,subject106_client3,7630,1,sitting,603.68
0.1,alpha0p1,106,3,subject106_client3,7631,1,sitting,604.96
0.1,alpha0p1,106,3,subject106_client3,7632,1,sitting,606.24
0.1,alpha0p1,106,3,subject106_client3,7633,1,sitting,607.52
0.1,alpha0p1,106,2,subject106_client2,7635,1,sitting,610.08
0.1,alpha0p1,106,2,subject106_client2,7636,1,sitting,611.36
0.1,alpha0p1,106,2,subject106_client2,7637,1,sitting,612.64
0.1,alpha0p1,106,2,subject106_client2,7638,1,sitting,613.92
0.1,alpha0p1,106,2,subject106_client2,7639,1,sitting,615.2
0.1,alpha0p1,106,2,subject106_client2,7640,1,sitting,616.48
0.1,alpha0p1,106,2,subject106_client2,7641,2,standing,619.05
0.1,alpha0p1,106,2,subject106_client2,7642,2,standing,620.33
0.1,alpha0p1,106,2,subject106_client2,7643,2,standing,621.61
0.1,alpha0p1,106,2,subject106_client2,7644,2,standing,622.89
0.1,alpha0p1,106,2,subject106_client2,7645,2,standing,624.17
0.1,alpha0p1,106,2,subject106_client2,7646,2,standing,625.45
0.1,alpha0p1,106,2,subject106_client2,7647,2,standing,626.73
0.1,alpha0p1,106,2,subject106_client2,7648,2,standing,628.01
0.1,alpha0p1,106,2,subject106_client2,7649,2,standing,629.29
0.1,alpha0p1,106,2,subject106_client2,7650,2,standing,630.57
0.1,alpha0p1,106,2,subject106_client2,7651,2,standing,631.85
0.1,alpha0p1,106,2,subject106_client2,7652,2,standing,633.13
0.1,alpha0p1,106,2,subject106_client2,7653,2,standing,634.41
0.1,alpha0p1,106,2,subject106_client2,7654,2,standing,635.69
0.1,alpha0p1,106,2,subject106_client2,7655,2,standing,636.97
0.1,alpha0p1,106,2,subject106_client2,7656,2,standing,638.25
0.1,alpha0p1,106,2,subject106_client2,7657,2,standing,639.53
0.1,alpha0p1,106,2,subject106_client2,7658,2,standing,640.81
0.1,alpha0p1,106,2,subject106_client2,7659,2,standing,642.09
0.1,alpha0p1,106,2,subject106_client2,7660,2,standing,643.37
0.1,alpha0p1,106,2,subject106_client2,7661,2,standing,644.65
0.1,alpha0p1,106,2,subject106_client2,7662,2,standing,645.93
0.1,alpha0p1,106,2,subject106_client2,7663,2,standing,647.21
0.1,alpha0p1,106,2,subject106_client2,7664,2,standing,648.49
0.1,alpha0p1,106,2,subject106_client2,7665,2,standing,649.77
0.1,alpha0p1,106,2,subject106_client2,7666,2,standing,651.05
0.1,alpha0p1,106,2,subject106_client2,7667,2,standing,652.33
0.1,alpha0p1,106,2,subject106_client2,7668,2,standing,653.61
0.1,alpha0p1,106,2,subject106_client2,7669,2,standing,654.89
0.1,alpha0p1,106,2,subject106_client2,7670,2,standing,656.17
0.1,alpha0p1,106,2,subject106_client2,7671,2,standing,657.45
0.1,alpha0p1,106,2,subject106_client2,7672,2,standing,658.73
0.1,alpha0p1,106,2,subject106_client2,7673,2,standing,660.01
0.1,alpha0p1,106,2,subject106_client2,7674,2,standing,661.29
0.1,alpha0p1,106,2,subject106_client2,7675,2,standing,662.57
0.1,alpha0p1,106,2,subject106_client2,7676,2,standing,663.85
0.1,alpha0p1,106,2,subject106_client2,7677,2,standing,665.13
0.1,alpha0p1,106,2,subject106_client2,7678,2,standing,666.41
0.1,alpha0p1,106,2,subject106_client2,7679,2,standing,667.69
0.1,alpha0p1,106,2,subject106_client2,7680,2,standing,668.97
0.1,alpha0p1,106,2,subject106_client2,7681,2,standing,670.25
0.1,alpha0p1,106,2,subject106_client2,7682,2,standing,671.53
0.1,alpha0p1,106,2,subject106_client2,7683,2,standing,672.81
0.1,alpha0p1,106,2,subject106_client2,7684,2,standing,674.09
0.1,alpha0p1,106,2,subject106_client2,7685,2,standing,675.37
0.1,alpha0p1,106,2,subject106_client2,7686,2,standing,676.65
0.1,alpha0p1,106,2,subject106_client2,7687,2,standing,677.93
0.1,alpha0p1,106,2,subject106_client2,7688,2,standing,679.21
0.1,alpha0p1,106,2,subject106_client2,7689,2,standing,680.49
0.1,alpha0p1,106,2,subject106_client2,7690,2,standing,681.77
0.1,alpha0p1,106,2,subject106_client2,7691,2,standing,683.05
0.1,alpha0p1,106,2,subject106_client2,7692,2,standing,684.33
0.1,alpha0p1,106,2,subject106_client2,7693,2,standing,685.61
0.1,alpha0p1,106,2,subject106_client2,7694,2,standing,686.89
0.1,alpha0p1,106,2,subject106_client2,7695,2,standing,688.17
0.1,alpha0p1,106,2,subject106_client2,7696,2,standing,689.45
0.1,alpha0p1,106,2,subject106_client2,7697,2,standing,690.73
0.1,alpha0p1,106,2,subject106_client2,7698,2,standing,692.01
0.1,alpha0p1,106,2,subject106_client2,7699,2,standing,693.29
0.1,alpha0p1,106,2,subject106_client2,7700,2,standing,694.57
0.1,alpha0p1,106,2,subject106_client2,7701,2,standing,695.85
0.1,alpha0p1,106,2,subject106_client2,7702,2,standing,697.13
0.1,alpha0p1,106,2,subject106_client2,7703,2,standing,698.41
0.1,alpha0p1,106,2,subject106_client2,7704,2,standing,699.69
0.1,alpha0p1,106,2,subject106_client2,7705,2,standing,700.97
0.1,alpha0p1,106,2,subject106_client2,7706,2,standing,702.25
0.1,alpha0p1,106,2,subject106_client2,7707,2,standing,703.53
0.1,alpha0p1,106,2,subject106_client2,7708,2,standing,704.81
0.1,alpha0p1,106,2,subject106_client2,7709,2,standing,706.09
0.1,alpha0p1,106,2,subject106_client2,7710,2,standing,707.37
0.1,alpha0p1,106,2,subject106_client2,7711,2,standing,708.65
0.1,alpha0p1,106,2,subject106_client2,7712,2,standing,709.93
0.1,alpha0p1,106,2,subject106_client2,7713,2,standing,711.21
0.1,alpha0p1,106,2,subject106_client2,7714,2,standing,712.49
0.1,alpha0p1,106,2,subject106_client2,7715,2,standing,713.77
0.1,alpha0p1,106,2,subject106_client2,7716,2,standing,715.05
0.1,alpha0p1,106,2,subject106_client2,7717,2,standing,716.33
0.1,alpha0p1,106,2,subject106_client2,7718,2,standing,717.61
0.1,alpha0p1,106,2,subject106_client2,7719,2,standing,718.89
0.1,alpha0p1,106,2,subject106_client2,7720,2,standing,720.17
0.1,alpha0p1,106,2,subject106_client2,7721,2,standing,721.45
0.1,alpha0p1,106,2,subject106_client2,7722,2,standing,722.73
0.1,alpha0p1,106,2,subject106_client2,7723,2,standing,724.01
0.1,alpha0p1,106,2,subject106_client2,7724,2,standing,725.29
0.1,alpha0p1,106,2,subject106_client2,7725,2,standing,726.57
0.1,alpha0p1,106,2,subject106_client2,7726,2,standing,727.85
0.1,alpha0p1,106,2,subject106_client2,7727,2,standing,729.13
0.1,alpha0p1,106,2,subject106_client2,7728,2,standing,730.41
0.1,alpha0p1,106,2,subject106_client2,7729,2,standing,731.69
0.1,alpha0p1,106,2,subject106_client2,7730,2,standing,732.97
0.1,alpha0p1,106,2,subject106_client2,7731,2,standing,734.25
0.1,alpha0p1,106,2,subject106_client2,7732,2,standing,735.53
0.1,alpha0p1,106,2,subject106_client2,7733,2,standing,736.81
0.1,alpha0p1,106,2,subject106_client2,7734,2,standing,738.09
0.1,alpha0p1,106,2,subject106_client2,7735,2,standing,739.37
0.1,alpha0p1,106,2,subject106_client2,7736,2,standing,740.65
0.1,alpha0p1,106,2,subject106_client2,7737,2,standing,741.93
0.1,alpha0p1,106,2,subject106_client2,7738,2,standing,743.21
0.1,alpha0p1,106,2,subject106_client2,7739,2,standing,744.49
0.1,alpha0p1,106,2,subject106_client2,7740,2,standing,745.77
0.1,alpha0p1,106,2,subject106_client2,7741,2,standing,747.05
0.1,alpha0p1,106,2,subject106_client2,7742,2,standing,748.33
0.1,alpha0p1,106,2,subject106_client2,7743,2,standing,749.61
0.1,alpha0p1,106,2,subject106_client2,7744,2,standing,750.89
0.1,alpha0p1,106,2,subject106_client2,7745,2,standing,752.17
0.1,alpha0p1,106,2,subject106_client2,7746,2,standing,753.45
0.1,alpha0p1,106,2,subject106_client2,7747,2,standing,754.73
0.1,alpha0p1,106,2,subject106_client2,7748,2,standing,756.01
0.1,alpha0p1,106,2,subject106_client2,7749,2,standing,757.29
0.1,alpha0p1,106,2,subject106_client2,7750,2,standing,758.57
0.1,alpha0p1,106,2,subject106_client2,7751,2,standing,759.85
0.1,alpha0p1,106,2,subject106_client2,7752,2,standing,761.13
0.1,alpha0p1,106,2,subject106_client2,7753,2,standing,762.41
0.1,alpha0p1,106,2,subject106_client2,7754,2,standing,763.69
0.1,alpha0p1,106,2,subject106_client2,7755,2,standing,764.97
0.1,alpha0p1,106,2,subject106_client2,7756,2,standing,766.25
0.1,alpha0p1,106,2,subject106_client2,7757,2,standing,767.53
0.1,alpha0p1,106,2,subject106_client2,7758,2,standing,768.81
0.1,alpha0p1,106,2,subject106_client2,7759,2,standing,770.09
0.1,alpha0p1,106,2,subject106_client2,7760,2,standing,771.37
0.1,alpha0p1,106,2,subject106_client2,7761,2,standing,772.65
0.1,alpha0p1,106,2,subject106_client2,7762,2,standing,773.93
0.1,alpha0p1,106,2,subject106_client2,7763,2,standing,775.21
0.1,alpha0p1,106,2,subject106_client2,7764,2,standing,776.49
0.1,alpha0p1,106,2,subject106_client2,7765,2,standing,777.77
0.1,alpha0p1,106,2,subject106_client2,7766,2,standing,779.05
0.1,alpha0p1,106,2,subject106_client2,7767,2,standing,780.33
0.1,alpha0p1,106,2,subject106_client2,7768,2,standing,781.61
0.1,alpha0p1,106,2,subject106_client2,7769,2,standing,782.89
0.1,alpha0p1,106,2,subject106_client2,7770,2,standing,784.17
0.1,alpha0p1,106,2,subject106_client2,7771,2,standing,785.45
0.1,alpha0p1,106,2,subject106_client2,7772,2,standing,786.73
0.1,alpha0p1,106,2,subject106_client2,7773,2,standing,788.01
0.1,alpha0p1,106,2,subject106_client2,7774,2,standing,789.29
0.1,alpha0p1,106,2,subject106_client2,7775,2,standing,790.57
0.1,alpha0p1,106,2,subject106_client2,7776,2,standing,791.85
0.1,alpha0p1,106,2,subject106_client2,7777,2,standing,793.13
0.1,alpha0p1,106,2,subject106_client2,7778,2,standing,794.41
0.1,alpha0p1,106,2,subject106_client2,7779,2,standing,795.69
0.1,alpha0p1,106,2,subject106_client2,7780,2,standing,796.97
0.1,alpha0p1,106,2,subject106_client2,7781,2,standing,798.25
0.1,alpha0p1,106,2,subject106_client2,7782,2,standing,799.53
0.1,alpha0p1,106,2,subject106_client2,7783,2,standing,800.81
0.1,alpha0p1,106,2,subject106_client2,7784,2,standing,802.09
0.1,alpha0p1,106,2,subject106_client2,7785,2,standing,803.37
0.1,alpha0p1,106,2,subject106_client2,7786,2,standing,804.65
0.1,alpha0p1,106,2,subject106_client2,7787,2,standing,805.93
0.1,alpha0p1,106,2,subject106_client2,7788,2,standing,807.21
0.1,alpha0p1,106,2,subject106_client2,7789,2,standing,808.49
0.1,alpha0p1,106,2,subject106_client2,7790,2,standing,809.77
0.1,alpha0p1,106,2,subject106_client2,7791,2,standing,811.05
0.1,alpha0p1,106,2,subject106_client2,7792,2,standing,812.33
0.1,alpha0p1,106,2,subject106_client2,7793,2,standing,813.61
0.1,alpha0p1,106,2,subject106_client2,7794,2,standing,814.89
0.1,alpha0p1,106,2,subject106_client2,7795,2,standing,816.17
0.1,alpha0p1,106,2,subject106_client2,7796,2,standing,817.45
0.1,alpha0p1,106,2,subject106_client2,7797,2,standing,818.73
0.1,alpha0p1,106,2,subject106_client2,7798,2,standing,820.01
0.1,alpha0p1,106,2,subject106_client2,7799,2,standing,821.29
0.1,alpha0p1,106,2,subject106_client2,7800,2,standing,822.57
0.1,alpha0p1,106,2,subject106_client2,7801,2,standing,823.85
0.1,alpha0p1,106,2,subject106_client2,7802,2,standing,825.13
0.1,alpha0p1,106,2,subject106_client2,7803,2,standing,826.41
0.1,alpha0p1,106,2,subject106_client2,7804,2,standing,827.69
0.1,alpha0p1,106,2,subject106_client2,7805,2,standing,828.97
0.1,alpha0p1,106,2,subject106_client2,7806,2,standing,830.25
0.1,alpha0p1,106,2,subject106_client2,7807,2,standing,831.53
0.1,alpha0p1,106,2,subject106_client2,7808,2,standing,832.81
0.1,alpha0p1,106,2,subject106_client2,7809,2,standing,834.09
0.1,alpha0p1,106,2,subject106_client2,7810,2,standing,835.37
0.1,alpha0p1,106,2,subject106_client2,7811,2,standing,836.65
0.1,alpha0p1,106,2,subject106_client2,7812,2,standing,837.93
0.1,alpha0p1,106,2,subject106_client2,7813,2,standing,839.21
0.1,alpha0p1,106,2,subject106_client2,7814,2,standing,840.49
0.1,alpha0p1,106,2,subject106_client2,7815,2,standing,841.77
0.1,alpha0p1,106,2,subject106_client2,7816,2,standing,843.05
0.1,alpha0p1,106,2,subject106_client2,7817,2,standing,844.33
0.1,alpha0p1,106,2,subject106_client2,7818,2,standing,845.61
0.1,alpha0p1,106,2,subject106_client2,7819,2,standing,846.89
0.1,alpha0p1,106,2,subject106_client2,7820,2,standing,848.17
0.1,alpha0p1,106,2,subject106_client2,7821,2,standing,849.45
0.1,alpha0p1,106,2,subject106_client2,7822,2,standing,850.73
0.1,alpha0p1,106,2,subject106_client2,7823,2,standing,852.01
0.1,alpha0p1,106,2,subject106_client2,7824,2,standing,853.29
0.1,alpha0p1,106,2,subject106_client2,7825,2,standing,854.57
0.1,alpha0p1,106,2,subject106_client2,7826,2,standing,855.85
0.1,alpha0p1,106,2,subject106_client2,7827,2,standing,857.13
0.1,alpha0p1,106,1,subject106_client1,7829,2,standing,859.69
0.1,alpha0p1,106,3,subject106_client3,7830,10,ironing,863.89
0.1,alpha0p1,106,3,subject106_client3,7831,10,ironing,865.17
0.1,alpha0p1,106,3,subject106_client3,7832,10,ironing,866.45
0.1,alpha0p1,106,3,subject106_client3,7833,10,ironing,867.73
0.1,alpha0p1,106,3,subject106_client3,7834,10,ironing,869.01
0.1,alpha0p1,106,3,subject106_client3,7835,10,ironing,870.29
0.1,alpha0p1,106,3,subject106_client3,7836,10,ironing,871.57
0.1,alpha0p1,106,3,subject106_client3,7837,10,ironing,872.85
0.1,alpha0p1,106,3,subject106_client3,7838,10,ironing,874.13
0.1,alpha0p1,106,3,subject106_client3,7839,10,ironing,875.41
0.1,alpha0p1,106,3,subject106_client3,7840,10,ironing,876.69
0.1,alpha0p1,106,3,subject106_client3,7841,10,ironing,877.97
0.1,alpha0p1,106,3,subject106_client3,7842,10,ironing,879.25
0.1,alpha0p1,106,3,subject106_client3,7843,10,ironing,880.53
0.1,alpha0p1,106,3,subject106_client3,7844,10,ironing,881.81
0.1,alpha0p1,106,3,subject106_client3,7845,10,ironing,883.09
0.1,alpha0p1,106,3,subject106_client3,7846,10,ironing,884.37
0.1,alpha0p1,106,3,subject106_client3,7847,10,ironing,885.65
0.1,alpha0p1,106,3,subject106_client3,7848,10,ironing,886.93
0.1,alpha0p1,106,3,subject106_client3,7849,10,ironing,888.21
0.1,alpha0p1,106,3,subject106_client3,7850,10,ironing,889.49
0.1,alpha0p1,106,3,subject106_client3,7851,10,ironing,890.77
0.1,alpha0p1,106,3,subject106_client3,7852,10,ironing,892.05
0.1,alpha0p1,106,3,subject106_client3,7853,10,ironing,893.33
0.1,alpha0p1,106,3,subject106_client3,7854,10,ironing,894.61
0.1,alpha0p1,106,3,subject106_client3,7855,10,ironing,895.89
0.1,alpha0p1,106,3,subject106_client3,7856,10,ironing,897.17
0.1,alpha0p1,106,3,subject106_client3,7857,10,ironing,898.45
0.1,alpha0p1,106,3,subject106_client3,7858,10,ironing,899.73
0.1,alpha0p1,106,3,subject106_client3,7859,10,ironing,901.01
0.1,alpha0p1,106,3,subject106_client3,7860,10,ironing,902.29
0.1,alpha0p1,106,3,subject106_client3,7861,10,ironing,903.57
0.1,alpha0p1,106,3,subject106_client3,7862,10,ironing,904.85
0.1,alpha0p1,106,3,subject106_client3,7863,10,ironing,906.13
0.1,alpha0p1,106,3,subject106_client3,7864,10,ironing,907.41
0.1,alpha0p1,106,3,subject106_client3,7865,10,ironing,908.69
0.1,alpha0p1,106,3,subject106_client3,7866,10,ironing,909.97
0.1,alpha0p1,106,3,subject106_client3,7867,10,ironing,911.25
0.1,alpha0p1,106,3,subject106_client3,7868,10,ironing,912.53
0.1,alpha0p1,106,3,subject106_client3,7869,10,ironing,913.81
0.1,alpha0p1,106,3,subject106_client3,7870,10,ironing,915.09
0.1,alpha0p1,106,3,subject106_client3,7871,10,ironing,916.37
0.1,alpha0p1,106,3,subject106_client3,7872,10,ironing,917.65
0.1,alpha0p1,106,3,subject106_client3,7873,10,ironing,918.93
0.1,alpha0p1,106,3,subject106_client3,7874,10,ironing,920.21
0.1,alpha0p1,106,3,subject106_client3,7875,10,ironing,921.49
0.1,alpha0p1,106,3,subject106_client3,7876,10,ironing,922.77
0.1,alpha0p1,106,3,subject106_client3,7877,10,ironing,924.05
0.1,alpha0p1,106,3,subject106_client3,7878,10,ironing,925.33
0.1,alpha0p1,106,3,subject106_client3,7879,10,ironing,926.61
0.1,alpha0p1,106,3,subject106_client3,7880,10,ironing,927.89
0.1,alpha0p1,106,3,subject106_client3,7881,10,ironing,929.17
0.1,alpha0p1,106,3,subject106_client3,7882,10,ironing,930.45
0.1,alpha0p1,106,3,subject106_client3,7883,10,ironing,931.73
0.1,alpha0p1,106,3,subject106_client3,7884,10,ironing,933.01
0.1,alpha0p1,106,3,subject106_client3,7885,10,ironing,934.29
0.1,alpha0p1,106,3,subject106_client3,7886,10,ironing,935.57
0.1,alpha0p1,106,3,subject106_client3,7887,10,ironing,936.85
0.1,alpha0p1,106,3,subject106_client3,7888,10,ironing,938.13
0.1,alpha0p1,106,3,subject106_client3,7889,10,ironing,939.41
0.1,alpha0p1,106,3,subject106_client3,7890,10,ironing,940.69
0.1,alpha0p1,106,3,subject106_client3,7891,10,ironing,941.97
0.1,alpha0p1,106,3,subject106_client3,7892,10,ironing,943.25
0.1,alpha0p1,106,3,subject106_client3,7893,10,ironing,944.53
0.1,alpha0p1,106,3,subject106_client3,7894,10,ironing,945.81
0.1,alpha0p1,106,3,subject106_client3,7895,10,ironing,947.09
0.1,alpha0p1,106,3,subject106_client3,7896,10,ironing,948.37
0.1,alpha0p1,106,3,subject106_client3,7897,10,ironing,949.65
0.1,alpha0p1,106,3,subject106_client3,7898,10,ironing,950.93
0.1,alpha0p1,106,3,subject106_client3,7899,10,ironing,952.21
0.1,alpha0p1,106,3,subject106_client3,7900,10,ironing,953.49
0.1,alpha0p1,106,3,subject106_client3,7901,10,ironing,954.77
0.1,alpha0p1,106,3,subject106_client3,7902,10,ironing,956.05
0.1,alpha0p1,106,3,subject106_client3,7903,10,ironing,957.33
0.1,alpha0p1,106,3,subject106_client3,7904,10,ironing,958.61
0.1,alpha0p1,106,3,subject106_client3,7905,10,ironing,959.89
0.1,alpha0p1,106,3,subject106_client3,7906,10,ironing,961.17
0.1,alpha0p1,106,3,subject106_client3,7907,10,ironing,962.45
0.1,alpha0p1,106,3,subject106_client3,7908,10,ironing,963.73
0.1,alpha0p1,106,3,subject106_client3,7909,10,ironing,965.01
0.1,alpha0p1,106,3,subject106_client3,7910,10,ironing,966.29
0.1,alpha0p1,106,3,subject106_client3,7911,10,ironing,967.57
0.1,alpha0p1,106,3,subject106_client3,7912,10,ironing,968.85
0.1,alpha0p1,106,3,subject106_client3,7913,10,ironing,970.13
0.1,alpha0p1,106,3,subject106_client3,7914,10,ironing,971.41
0.1,alpha0p1,106,3,subject106_client3,7915,10,ironing,972.69
0.1,alpha0p1,106,3,subject106_client3,7916,10,ironing,973.97
0.1,alpha0p1,106,3,subject106_client3,7917,10,ironing,975.25
0.1,alpha0p1,106,3,subject106_client3,7918,10,ironing,976.53
0.1,alpha0p1,106,3,subject106_client3,7919,10,ironing,977.81
0.1,alpha0p1,106,3,subject106_client3,7920,10,ironing,979.09
0.1,alpha0p1,106,3,subject106_client3,7921,10,ironing,980.37
0.1,alpha0p1,106,3,subject106_client3,7922,10,ironing,981.65
0.1,alpha0p1,106,3,subject106_client3,7923,10,ironing,982.93
0.1,alpha0p1,106,3,subject106_client3,7924,10,ironing,984.21
0.1,alpha0p1,106,3,subject106_client3,7925,10,ironing,985.49
0.1,alpha0p1,106,3,subject106_client3,7926,10,ironing,986.77
0.1,alpha0p1,106,3,subject106_client3,7927,10,ironing,988.05
0.1,alpha0p1,106,3,subject106_client3,7928,10,ironing,989.33
0.1,alpha0p1,106,3,subject106_client3,7929,10,ironing,990.61
0.1,alpha0p1,106,3,subject106_client3,7930,10,ironing,991.89
0.1,alpha0p1,106,3,subject106_client3,7931,10,ironing,993.17
0.1,alpha0p1,106,3,subject106_client3,7932,10,ironing,994.45
0.1,alpha0p1,106,3,subject106_client3,7933,10,ironing,995.73
0.1,alpha0p1,106,3,subject106_client3,7934,10,ironing,997.01
0.1,alpha0p1,106,3,subject106_client3,7935,10,ironing,998.29
0.1,alpha0p1,106,3,subject106_client3,7936,10,ironing,999.57
0.1,alpha0p1,106,3,subject106_client3,7937,10,ironing,1000.85
0.1,alpha0p1,106,3,subject106_client3,7938,10,ironing,1002.13
0.1,alpha0p1,106,3,subject106_client3,7939,10,ironing,1003.41
0.1,alpha0p1,106,3,subject106_client3,7940,10,ironing,1004.69
0.1,alpha0p1,106,3,subject106_client3,7941,10,ironing,1005.97
0.1,alpha0p1,106,3,subject106_client3,7942,10,ironing,1007.25
0.1,alpha0p1,106,3,subject106_client3,7943,10,ironing,1008.53
0.1,alpha0p1,106,3,subject106_client3,7944,10,ironing,1009.81
0.1,alpha0p1,106,3,subject106_client3,7945,10,ironing,1011.09
0.1,alpha0p1,106,3,subject106_client3,7946,10,ironing,1012.37
0.1,alpha0p1,106,3,subject106_client3,7947,10,ironing,1013.65
0.1,alpha0p1,106,3,subject106_client3,7948,10,ironing,1014.93
0.1,alpha0p1,106,3,subject106_client3,7949,10,ironing,1016.21
0.1,alpha0p1,106,3,subject106_client3,7950,10,ironing,1017.49
0.1,alpha0p1,106,3,subject106_client3,7951,10,ironing,1018.77
0.1,alpha0p1,106,3,subject106_client3,7952,10,ironing,1020.05
0.1,alpha0p1,106,3,subject106_client3,7953,10,ironing,1021.33
0.1,alpha0p1,106,3,subject106_client3,7954,10,ironing,1022.61
0.1,alpha0p1,106,3,subject106_client3,7955,10,ironing,1023.89
0.1,alpha0p1,106,3,subject106_client3,7956,10,ironing,1025.17
0.1,alpha0p1,106,3,subject106_client3,7957,10,ironing,1026.45
0.1,alpha0p1,106,3,subject106_client3,7958,10,ironing,1027.73
0.1,alpha0p1,106,3,subject106_client3,7959,10,ironing,1029.01
0.1,alpha0p1,106,3,subject106_client3,7960,10,ironing,1030.29
0.1,alpha0p1,106,3,subject106_client3,7961,10,ironing,1031.57
0.1,alpha0p1,106,3,subject106_client3,7962,10,ironing,1032.85
0.1,alpha0p1,106,3,subject106_client3,7963,10,ironing,1034.13
0.1,alpha0p1,106,3,subject106_client3,7964,10,ironing,1035.41
0.1,alpha0p1,106,3,subject106_client3,7965,10,ironing,1036.69
0.1,alpha0p1,106,3,subject106_client3,7966,10,ironing,1037.97
0.1,alpha0p1,106,3,subject106_client3,7967,10,ironing,1039.25
0.1,alpha0p1,106,3,subject106_client3,7968,10,ironing,1040.53
0.1,alpha0p1,106,3,subject106_client3,7969,10,ironing,1041.81
0.1,alpha0p1,106,3,subject106_client3,7970,10,ironing,1043.09
0.1,alpha0p1,106,3,subject106_client3,7971,10,ironing,1044.37
0.1,alpha0p1,106,3,subject106_client3,7972,10,ironing,1045.65
0.1,alpha0p1,106,3,subject106_client3,7973,10,ironing,1046.93
0.1,alpha0p1,106,3,subject106_client3,7974,10,ironing,1048.21
0.1,alpha0p1,106,3,subject106_client3,7975,10,ironing,1049.49
0.1,alpha0p1,106,3,subject106_client3,7976,10,ironing,1050.77
0.1,alpha0p1,106,3,subject106_client3,7977,10,ironing,1052.05
0.1,alpha0p1,106,3,subject106_client3,7978,10,ironing,1053.33
0.1,alpha0p1,106,3,subject106_client3,7979,10,ironing,1054.61
0.1,alpha0p1,106,3,subject106_client3,7980,10,ironing,1055.89
0.1,alpha0p1,106,3,subject106_client3,7981,10,ironing,1057.17
0.1,alpha0p1,106,3,subject106_client3,7982,10,ironing,1058.45
0.1,alpha0p1,106,3,subject106_client3,7983,10,ironing,1059.73
0.1,alpha0p1,106,3,subject106_client3,7984,10,ironing,1061.01
0.1,alpha0p1,106,3,subject106_client3,7985,10,ironing,1062.29
0.1,alpha0p1,106,3,subject106_client3,7986,10,ironing,1063.57
0.1,alpha0p1,106,3,subject106_client3,7987,10,ironing,1064.85
0.1,alpha0p1,106,3,subject106_client3,7988,10,ironing,1066.13
0.1,alpha0p1,106,3,subject106_client3,7989,10,ironing,1067.41
0.1,alpha0p1,106,3,subject106_client3,7990,10,ironing,1068.69
0.1,alpha0p1,106,3,subject106_client3,7991,10,ironing,1069.97
0.1,alpha0p1,106,3,subject106_client3,7992,10,ironing,1071.25
0.1,alpha0p1,106,3,subject106_client3,7993,10,ironing,1072.53
0.1,alpha0p1,106,3,subject106_client3,7994,10,ironing,1073.81
0.1,alpha0p1,106,3,subject106_client3,7995,10,ironing,1075.09
0.1,alpha0p1,106,3,subject106_client3,7996,10,ironing,1076.37
0.1,alpha0p1,106,3,subject106_client3,7997,10,ironing,1077.65
0.1,alpha0p1,106,3,subject106_client3,7998,10,ironing,1078.93
0.1,alpha0p1,106,3,subject106_client3,7999,10,ironing,1080.21
0.1,alpha0p1,106,3,subject106_client3,8000,10,ironing,1081.49
0.1,alpha0p1,106,3,subject106_client3,8001,10,ironing,1082.77
0.1,alpha0p1,106,3,subject106_client3,8002,10,ironing,1084.05
0.1,alpha0p1,106,3,subject106_client3,8003,10,ironing,1085.33
0.1,alpha0p1,106,3,subject106_client3,8004,10,ironing,1086.61
0.1,alpha0p1,106,3,subject106_client3,8005,10,ironing,1087.89
0.1,alpha0p1,106,3,subject106_client3,8006,10,ironing,1089.17
0.1,alpha0p1,106,3,subject106_client3,8007,10,ironing,1090.45
0.1,alpha0p1,106,3,subject106_client3,8008,10,ironing,1091.73
0.1,alpha0p1,106,3,subject106_client3,8009,10,ironing,1093.01
0.1,alpha0p1,106,3,subject106_client3,8010,10,ironing,1094.29
0.1,alpha0p1,106,3,subject106_client3,8011,10,ironing,1095.57
0.1,alpha0p1,106,3,subject106_client3,8012,10,ironing,1096.85
0.1,alpha0p1,106,3,subject106_client3,8013,10,ironing,1098.13
0.1,alpha0p1,106,3,subject106_client3,8014,10,ironing,1099.41
0.1,alpha0p1,106,3,subject106_client3,8015,10,ironing,1100.69
0.1,alpha0p1,106,3,subject106_client3,8016,10,ironing,1101.97
0.1,alpha0p1,106,3,subject106_client3,8017,10,ironing,1103.25
0.1,alpha0p1,106,3,subject106_client3,8018,10,ironing,1104.53
0.1,alpha0p1,106,3,subject106_client3,8019,10,ironing,1105.81
0.1,alpha0p1,106,3,subject106_client3,8020,10,ironing,1107.09
0.1,alpha0p1,106,3,subject106_client3,8021,10,ironing,1108.37
0.1,alpha0p1,106,3,subject106_client3,8022,10,ironing,1109.65
0.1,alpha0p1,106,3,subject106_client3,8023,10,ironing,1110.93
0.1,alpha0p1,106,3,subject106_client3,8024,10,ironing,1112.21
0.1,alpha0p1,106,3,subject106_client3,8025,10,ironing,1113.49
0.1,alpha0p1,106,3,subject106_client3,8026,10,ironing,1114.77
0.1,alpha0p1,106,3,subject106_client3,8027,10,ironing,1116.05
0.1,alpha0p1,106,3,subject106_client3,8028,10,ironing,1117.33
0.1,alpha0p1,106,3,subject106_client3,8029,10,ironing,1118.61
0.1,alpha0p1,106,3,subject106_client3,8030,10,ironing,1119.89
0.1,alpha0p1,106,3,subject106_client3,8031,10,ironing,1121.17
0.1,alpha0p1,106,3,subject106_client3,8032,10,ironing,1122.45
0.1,alpha0p1,106,3,subject106_client3,8033,10,ironing,1123.73
0.1,alpha0p1,106,3,subject106_client3,8034,10,ironing,1125.01
0.1,alpha0p1,106,3,subject106_client3,8035,10,ironing,1126.29
0.1,alpha0p1,106,3,subject106_client3,8036,10,ironing,1127.57
0.1,alpha0p1,106,3,subject106_client3,8037,10,ironing,1128.85
0.1,alpha0p1,106,3,subject106_client3,8038,10,ironing,1130.13
0.1,alpha0p1,106,3,subject106_client3,8039,10,ironing,1131.41
0.1,alpha0p1,106,3,subject106_client3,8040,10,ironing,1132.69
0.1,alpha0p1,106,3,subject106_client3,8041,10,ironing,1133.97
0.1,alpha0p1,106,3,subject106_client3,8042,10,ironing,1135.25
0.1,alpha0p1,106,3,subject106_client3,8043,10,ironing,1136.53
0.1,alpha0p1,106,3,subject106_client3,8044,10,ironing,1137.81
0.1,alpha0p1,106,3,subject106_client3,8045,10,ironing,1139.09
0.1,alpha0p1,106,3,subject106_client3,8046,10,ironing,1140.37
0.1,alpha0p1,106,3,subject106_client3,8047,10,ironing,1141.65
0.1,alpha0p1,106,3,subject106_client3,8048,10,ironing,1142.93
0.1,alpha0p1,106,3,subject106_client3,8049,10,ironing,1144.21
0.1,alpha0p1,106,3,subject106_client3,8050,10,ironing,1145.49
0.1,alpha0p1,106,3,subject106_client3,8051,10,ironing,1146.77
0.1,alpha0p1,106,3,subject106_client3,8052,10,ironing,1148.05
0.1,alpha0p1,106,3,subject106_client3,8053,10,ironing,1149.33
0.1,alpha0p1,106,3,subject106_client3,8054,10,ironing,1150.61
0.1,alpha0p1,106,3,subject106_client3,8055,10,ironing,1151.89
0.1,alpha0p1,106,3,subject106_client3,8056,10,ironing,1153.17
0.1,alpha0p1,106,3,subject106_client3,8057,10,ironing,1154.45
0.1,alpha0p1,106,3,subject106_client3,8058,10,ironing,1155.73
0.1,alpha0p1,106,3,subject106_client3,8059,10,ironing,1157.01
0.1,alpha0p1,106,3,subject106_client3,8060,10,ironing,1158.29
0.1,alpha0p1,106,3,subject106_client3,8061,10,ironing,1159.57
0.1,alpha0p1,106,3,subject106_client3,8062,10,ironing,1160.85
0.1,alpha0p1,106,3,subject106_client3,8063,10,ironing,1162.13
0.1,alpha0p1,106,3,subject106_client3,8064,10,ironing,1163.41
0.1,alpha0p1,106,3,subject106_client3,8065,10,ironing,1164.69
0.1,alpha0p1,106,3,subject106_client3,8066,10,ironing,1165.97
0.1,alpha0p1,106,3,subject106_client3,8067,10,ironing,1167.25
0.1,alpha0p1,106,3,subject106_client3,8068,10,ironing,1168.53
0.1,alpha0p1,106,3,subject106_client3,8069,10,ironing,1169.81
0.1,alpha0p1,106,3,subject106_client3,8070,10,ironing,1171.09
0.1,alpha0p1,106,3,subject106_client3,8071,10,ironing,1172.37
0.1,alpha0p1,106,3,subject106_client3,8072,10,ironing,1173.65
0.1,alpha0p1,106,3,subject106_client3,8073,10,ironing,1174.93
0.1,alpha0p1,106,3,subject106_client3,8074,10,ironing,1176.21
0.1,alpha0p1,106,3,subject106_client3,8075,10,ironing,1177.49
0.1,alpha0p1,106,3,subject106_client3,8076,10,ironing,1178.77
0.1,alpha0p1,106,3,subject106_client3,8077,10,ironing,1180.05
0.1,alpha0p1,106,3,subject106_client3,8078,10,ironing,1181.33
0.1,alpha0p1,106,3,subject106_client3,8079,10,ironing,1182.61
0.1,alpha0p1,106,3,subject106_client3,8080,10,ironing,1183.89
0.1,alpha0p1,106,3,subject106_client3,8081,10,ironing,1185.17
0.1,alpha0p1,106,3,subject106_client3,8082,10,ironing,1186.45
0.1,alpha0p1,106,3,subject106_client3,8083,10,ironing,1187.73
0.1,alpha0p1,106,3,subject106_client3,8084,10,ironing,1189.01
0.1,alpha0p1,106,3,subject106_client3,8085,10,ironing,1190.29
0.1,alpha0p1,106,3,subject106_client3,8086,10,ironing,1191.57
0.1,alpha0p1,106,3,subject106_client3,8087,10,ironing,1192.85
0.1,alpha0p1,106,3,subject106_client3,8088,10,ironing,1194.13
0.1,alpha0p1,106,3,subject106_client3,8089,10,ironing,1195.41
0.1,alpha0p1,106,3,subject106_client3,8090,10,ironing,1196.69
0.1,alpha0p1,106,3,subject106_client3,8091,10,ironing,1197.97
0.1,alpha0p1,106,3,subject106_client3,8092,10,ironing,1199.25
0.1,alpha0p1,106,3,subject106_client3,8093,10,ironing,1200.53
0.1,alpha0p1,106,3,subject106_client3,8094,10,ironing,1201.81
0.1,alpha0p1,106,3,subject106_client3,8095,10,ironing,1203.09
0.1,alpha0p1,106,3,subject106_client3,8096,10,ironing,1204.37
0.1,alpha0p1,106,3,subject106_client3,8097,10,ironing,1205.65
0.1,alpha0p1,106,3,subject106_client3,8098,10,ironing,1206.93
0.1,alpha0p1,106,3,subject106_client3,8099,10,ironing,1208.21
0.1,alpha0p1,106,3,subject106_client3,8100,10,ironing,1209.49
0.1,alpha0p1,106,3,subject106_client3,8101,10,ironing,1210.77
0.1,alpha0p1,106,3,subject106_client3,8102,10,ironing,1212.05
0.1,alpha0p1,106,3,subject106_client3,8103,10,ironing,1213.33
0.1,alpha0p1,106,3,subject106_client3,8104,10,ironing,1214.61
0.1,alpha0p1,106,3,subject106_client3,8105,10,ironing,1215.89
0.1,alpha0p1,106,3,subject106_client3,8106,10,ironing,1217.17
0.1,alpha0p1,106,3,subject106_client3,8107,10,ironing,1218.45
0.1,alpha0p1,106,3,subject106_client3,8108,10,ironing,1219.73
0.1,alpha0p1,106,3,subject106_client3,8109,10,ironing,1221.01
0.1,alpha0p1,106,3,subject106_client3,8110,10,ironing,1222.29
0.1,alpha0p1,106,3,subject106_client3,8111,10,ironing,1223.57
0.1,alpha0p1,106,3,subject106_client3,8112,10,ironing,1224.85
0.1,alpha0p1,106,3,subject106_client3,8113,10,ironing,1226.13
0.1,alpha0p1,106,3,subject106_client3,8114,10,ironing,1227.41
0.1,alpha0p1,106,3,subject106_client3,8115,10,ironing,1228.69
0.1,alpha0p1,106,3,subject106_client3,8116,10,ironing,1229.97
0.1,alpha0p1,106,3,subject106_client3,8117,10,ironing,1231.25
0.1,alpha0p1,106,3,subject106_client3,8118,10,ironing,1232.53
0.1,alpha0p1,106,3,subject106_client3,8119,10,ironing,1233.81
0.1,alpha0p1,106,3,subject106_client3,8120,10,ironing,1235.09
0.1,alpha0p1,106,3,subject106_client3,8121,10,ironing,1236.37
0.1,alpha0p1,106,3,subject106_client3,8122,9,vacuum cleaning,1314.72
0.1,alpha0p1,106,3,subject106_client3,8123,9,vacuum cleaning,1316.0
0.1,alpha0p1,106,3,subject106_client3,8124,9,vacuum cleaning,1317.28
0.1,alpha0p1,106,3,subject106_client3,8125,9,vacuum cleaning,1318.56
0.1,alpha0p1,106,3,subject106_client3,8126,9,vacuum cleaning,1319.84
0.1,alpha0p1,106,3,subject106_client3,8127,9,vacuum cleaning,1321.12
0.1,alpha0p1,106,3,subject106_client3,8128,9,vacuum cleaning,1322.4
0.1,alpha0p1,106,3,subject106_client3,8129,9,vacuum cleaning,1323.68
0.1,alpha0p1,106,3,subject106_client3,8130,9,vacuum cleaning,1324.96
0.1,alpha0p1,106,3,subject106_client3,8131,9,vacuum cleaning,1326.24
0.1,alpha0p1,106,3,subject106_client3,8132,9,vacuum cleaning,1327.52
0.1,alpha0p1,106,3,subject106_client3,8133,9,vacuum cleaning,1328.8
0.1,alpha0p1,106,3,subject106_client3,8134,9,vacuum cleaning,1330.08
0.1,alpha0p1,106,3,subject106_client3,8135,9,vacuum cleaning,1331.36
0.1,alpha0p1,106,3,subject106_client3,8136,9,vacuum cleaning,1332.64
0.1,alpha0p1,106,3,subject106_client3,8137,9,vacuum cleaning,1333.92
0.1,alpha0p1,106,3,subject106_client3,8138,9,vacuum cleaning,1335.2
0.1,alpha0p1,106,3,subject106_client3,8139,9,vacuum cleaning,1336.48
0.1,alpha0p1,106,3,subject106_client3,8140,9,vacuum cleaning,1337.76
0.1,alpha0p1,106,3,subject106_client3,8141,9,vacuum cleaning,1339.04
0.1,alpha0p1,106,3,subject106_client3,8142,9,vacuum cleaning,1340.32
0.1,alpha0p1,106,3,subject106_client3,8143,9,vacuum cleaning,1341.6
0.1,alpha0p1,106,3,subject106_client3,8144,9,vacuum cleaning,1342.88
0.1,alpha0p1,106,3,subject106_client3,8145,9,vacuum cleaning,1344.16
0.1,alpha0p1,106,3,subject106_client3,8146,9,vacuum cleaning,1345.44
0.1,alpha0p1,106,3,subject106_client3,8147,9,vacuum cleaning,1346.72
0.1,alpha0p1,106,3,subject106_client3,8148,9,vacuum cleaning,1348.0
0.1,alpha0p1,106,3,subject106_client3,8149,9,vacuum cleaning,1349.28
0.1,alpha0p1,106,3,subject106_client3,8150,9,vacuum cleaning,1350.56
0.1,alpha0p1,106,3,subject106_client3,8151,9,vacuum cleaning,1351.84
0.1,alpha0p1,106,3,subject106_client3,8152,9,vacuum cleaning,1353.12
0.1,alpha0p1,106,3,subject106_client3,8153,9,vacuum cleaning,1354.4
0.1,alpha0p1,106,3,subject106_client3,8154,9,vacuum cleaning,1355.68
0.1,alpha0p1,106,3,subject106_client3,8155,9,vacuum cleaning,1356.96
0.1,alpha0p1,106,3,subject106_client3,8156,9,vacuum cleaning,1358.24
0.1,alpha0p1,106,3,subject106_client3,8157,9,vacuum cleaning,1359.52
0.1,alpha0p1,106,3,subject106_client3,8158,9,vacuum cleaning,1360.8
0.1,alpha0p1,106,3,subject106_client3,8159,9,vacuum cleaning,1362.08
0.1,alpha0p1,106,3,subject106_client3,8160,9,vacuum cleaning,1363.36
0.1,alpha0p1,106,3,subject106_client3,8161,9,vacuum cleaning,1364.64
0.1,alpha0p1,106,3,subject106_client3,8162,9,vacuum cleaning,1365.92
0.1,alpha0p1,106,3,subject106_client3,8163,9,vacuum cleaning,1367.2
0.1,alpha0p1,106,3,subject106_client3,8164,9,vacuum cleaning,1368.48
0.1,alpha0p1,106,3,subject106_client3,8165,9,vacuum cleaning,1369.76
0.1,alpha0p1,106,3,subject106_client3,8166,9,vacuum cleaning,1371.04
0.1,alpha0p1,106,3,subject106_client3,8167,9,vacuum cleaning,1372.32
0.1,alpha0p1,106,3,subject106_client3,8168,9,vacuum cleaning,1373.6
0.1,alpha0p1,106,3,subject106_client3,8169,9,vacuum cleaning,1374.88
0.1,alpha0p1,106,3,subject106_client3,8170,9,vacuum cleaning,1376.16
0.1,alpha0p1,106,3,subject106_client3,8171,9,vacuum cleaning,1377.44
0.1,alpha0p1,106,3,subject106_client3,8172,9,vacuum cleaning,1378.72
0.1,alpha0p1,106,3,subject106_client3,8173,9,vacuum cleaning,1380.0
0.1,alpha0p1,106,3,subject106_client3,8174,9,vacuum cleaning,1381.28
0.1,alpha0p1,106,3,subject106_client3,8175,9,vacuum cleaning,1382.56
0.1,alpha0p1,106,3,subject106_client3,8176,9,vacuum cleaning,1383.84
0.1,alpha0p1,106,3,subject106_client3,8177,9,vacuum cleaning,1385.12
0.1,alpha0p1,106,3,subject106_client3,8178,9,vacuum cleaning,1386.4
0.1,alpha0p1,106,3,subject106_client3,8179,9,vacuum cleaning,1387.68
0.1,alpha0p1,106,3,subject106_client3,8180,9,vacuum cleaning,1388.96
0.1,alpha0p1,106,3,subject106_client3,8181,9,vacuum cleaning,1390.24
0.1,alpha0p1,106,3,subject106_client3,8182,9,vacuum cleaning,1391.52
0.1,alpha0p1,106,3,subject106_client3,8183,9,vacuum cleaning,1392.8
0.1,alpha0p1,106,3,subject106_client3,8184,9,vacuum cleaning,1394.08
0.1,alpha0p1,106,3,subject106_client3,8185,9,vacuum cleaning,1395.36
0.1,alpha0p1,106,3,subject106_client3,8186,9,vacuum cleaning,1396.64
0.1,alpha0p1,106,3,subject106_client3,8187,9,vacuum cleaning,1397.92
0.1,alpha0p1,106,3,subject106_client3,8188,9,vacuum cleaning,1399.2
0.1,alpha0p1,106,3,subject106_client3,8189,9,vacuum cleaning,1400.48
0.1,alpha0p1,106,3,subject106_client3,8190,9,vacuum cleaning,1401.76
0.1,alpha0p1,106,3,subject106_client3,8191,9,vacuum cleaning,1403.04
0.1,alpha0p1,106,3,subject106_client3,8192,9,vacuum cleaning,1404.32
0.1,alpha0p1,106,3,subject106_client3,8193,9,vacuum cleaning,1405.6
0.1,alpha0p1,106,3,subject106_client3,8194,9,vacuum cleaning,1406.88
0.1,alpha0p1,106,3,subject106_client3,8195,9,vacuum cleaning,1408.16
0.1,alpha0p1,106,3,subject106_client3,8196,9,vacuum cleaning,1409.44
0.1,alpha0p1,106,3,subject106_client3,8197,9,vacuum cleaning,1410.72
0.1,alpha0p1,106,3,subject106_client3,8198,9,vacuum cleaning,1412.0
0.1,alpha0p1,106,3,subject106_client3,8199,9,vacuum cleaning,1413.28
0.1,alpha0p1,106,3,subject106_client3,8200,9,vacuum cleaning,1414.56
0.1,alpha0p1,106,3,subject106_client3,8201,9,vacuum cleaning,1415.84
0.1,alpha0p1,106,3,subject106_client3,8202,9,vacuum cleaning,1417.12
0.1,alpha0p1,106,3,subject106_client3,8203,9,vacuum cleaning,1418.4
0.1,alpha0p1,106,3,subject106_client3,8204,9,vacuum cleaning,1419.68
0.1,alpha0p1,106,3,subject106_client3,8205,9,vacuum cleaning,1420.96
0.1,alpha0p1,106,3,subject106_client3,8206,9,vacuum cleaning,1422.24
0.1,alpha0p1,106,3,subject106_client3,8207,9,vacuum cleaning,1423.52
0.1,alpha0p1,106,3,subject106_client3,8208,9,vacuum cleaning,1424.8
0.1,alpha0p1,106,3,subject106_client3,8209,9,vacuum cleaning,1426.08
0.1,alpha0p1,106,3,subject106_client3,8210,9,vacuum cleaning,1427.36
0.1,alpha0p1,106,3,subject106_client3,8211,9,vacuum cleaning,1428.64
0.1,alpha0p1,106,3,subject106_client3,8212,9,vacuum cleaning,1429.92
0.1,alpha0p1,106,3,subject106_client3,8213,9,vacuum cleaning,1431.2
0.1,alpha0p1,106,3,subject106_client3,8214,9,vacuum cleaning,1432.48
0.1,alpha0p1,106,3,subject106_client3,8215,9,vacuum cleaning,1433.76
0.1,alpha0p1,106,3,subject106_client3,8216,9,vacuum cleaning,1435.04
0.1,alpha0p1,106,3,subject106_client3,8217,9,vacuum cleaning,1436.32
0.1,alpha0p1,106,3,subject106_client3,8218,9,vacuum cleaning,1437.6
0.1,alpha0p1,106,3,subject106_client3,8219,9,vacuum cleaning,1438.88
0.1,alpha0p1,106,3,subject106_client3,8220,9,vacuum cleaning,1440.16
0.1,alpha0p1,106,3,subject106_client3,8221,9,vacuum cleaning,1441.44
0.1,alpha0p1,106,3,subject106_client3,8222,9,vacuum cleaning,1442.72
0.1,alpha0p1,106,3,subject106_client3,8223,9,vacuum cleaning,1444.0
0.1,alpha0p1,106,3,subject106_client3,8224,9,vacuum cleaning,1445.28
0.1,alpha0p1,106,3,subject106_client3,8225,9,vacuum cleaning,1446.56
0.1,alpha0p1,106,3,subject106_client3,8226,9,vacuum cleaning,1447.84
0.1,alpha0p1,106,3,subject106_client3,8227,9,vacuum cleaning,1449.12
0.1,alpha0p1,106,3,subject106_client3,8228,9,vacuum cleaning,1450.4
0.1,alpha0p1,106,3,subject106_client3,8229,9,vacuum cleaning,1451.68
0.1,alpha0p1,106,3,subject106_client3,8230,9,vacuum cleaning,1452.96
0.1,alpha0p1,106,3,subject106_client3,8231,9,vacuum cleaning,1454.24
0.1,alpha0p1,106,3,subject106_client3,8232,9,vacuum cleaning,1455.52
0.1,alpha0p1,106,3,subject106_client3,8233,9,vacuum cleaning,1456.8
0.1,alpha0p1,106,3,subject106_client3,8234,9,vacuum cleaning,1458.08
0.1,alpha0p1,106,3,subject106_client3,8235,9,vacuum cleaning,1459.36
0.1,alpha0p1,106,3,subject106_client3,8236,9,vacuum cleaning,1460.64
0.1,alpha0p1,106,3,subject106_client3,8237,9,vacuum cleaning,1461.92
0.1,alpha0p1,106,3,subject106_client3,8238,9,vacuum cleaning,1463.2
0.1,alpha0p1,106,3,subject106_client3,8239,9,vacuum cleaning,1464.48
0.1,alpha0p1,106,3,subject106_client3,8240,9,vacuum cleaning,1465.76
0.1,alpha0p1,106,3,subject106_client3,8241,9,vacuum cleaning,1467.04
0.1,alpha0p1,106,3,subject106_client3,8242,9,vacuum cleaning,1468.32
0.1,alpha0p1,106,3,subject106_client3,8243,9,vacuum cleaning,1469.6
0.1,alpha0p1,106,3,subject106_client3,8244,9,vacuum cleaning,1470.88
0.1,alpha0p1,106,3,subject106_client3,8245,9,vacuum cleaning,1472.16
0.1,alpha0p1,106,3,subject106_client3,8246,9,vacuum cleaning,1473.44
0.1,alpha0p1,106,3,subject106_client3,8247,9,vacuum cleaning,1474.72
0.1,alpha0p1,106,3,subject106_client3,8248,9,vacuum cleaning,1476.0
0.1,alpha0p1,106,3,subject106_client3,8249,9,vacuum cleaning,1477.28
0.1,alpha0p1,106,3,subject106_client3,8250,9,vacuum cleaning,1478.56
0.1,alpha0p1,106,3,subject106_client3,8251,9,vacuum cleaning,1479.84
0.1,alpha0p1,106,3,subject106_client3,8252,9,vacuum cleaning,1481.12
0.1,alpha0p1,106,3,subject106_client3,8253,9,vacuum cleaning,1482.4
0.1,alpha0p1,106,3,subject106_client3,8254,9,vacuum cleaning,1483.68
0.1,alpha0p1,106,3,subject106_client3,8255,9,vacuum cleaning,1484.96
0.1,alpha0p1,106,3,subject106_client3,8256,9,vacuum cleaning,1486.24
0.1,alpha0p1,106,3,subject106_client3,8257,9,vacuum cleaning,1487.52
0.1,alpha0p1,106,3,subject106_client3,8258,9,vacuum cleaning,1488.8
0.1,alpha0p1,106,3,subject106_client3,8259,9,vacuum cleaning,1490.08
0.1,alpha0p1,106,3,subject106_client3,8260,9,vacuum cleaning,1491.36
0.1,alpha0p1,106,3,subject106_client3,8261,9,vacuum cleaning,1492.64
0.1,alpha0p1,106,3,subject106_client3,8262,9,vacuum cleaning,1493.92
0.1,alpha0p1,106,3,subject106_client3,8263,9,vacuum cleaning,1495.2
0.1,alpha0p1,106,3,subject106_client3,8264,9,vacuum cleaning,1496.48
0.1,alpha0p1,106,3,subject106_client3,8265,9,vacuum cleaning,1497.76
0.1,alpha0p1,106,3,subject106_client3,8266,9,vacuum cleaning,1499.04
0.1,alpha0p1,106,3,subject106_client3,8267,9,vacuum cleaning,1500.32
0.1,alpha0p1,106,3,subject106_client3,8268,9,vacuum cleaning,1501.6
0.1,alpha0p1,106,3,subject106_client3,8269,9,vacuum cleaning,1502.88
0.1,alpha0p1,106,3,subject106_client3,8270,9,vacuum cleaning,1504.16
0.1,alpha0p1,106,3,subject106_client3,8271,9,vacuum cleaning,1505.44
0.1,alpha0p1,106,3,subject106_client3,8272,9,vacuum cleaning,1506.72
0.1,alpha0p1,106,3,subject106_client3,8273,9,vacuum cleaning,1508.0
0.1,alpha0p1,106,3,subject106_client3,8274,9,vacuum cleaning,1509.28
0.1,alpha0p1,106,3,subject106_client3,8275,9,vacuum cleaning,1510.56
0.1,alpha0p1,106,3,subject106_client3,8276,9,vacuum cleaning,1511.84
0.1,alpha0p1,106,3,subject106_client3,8277,9,vacuum cleaning,1513.12
0.1,alpha0p1,106,3,subject106_client3,8278,9,vacuum cleaning,1514.4
0.1,alpha0p1,106,3,subject106_client3,8279,9,vacuum cleaning,1515.68
0.1,alpha0p1,106,3,subject106_client3,8280,9,vacuum cleaning,1516.96
0.1,alpha0p1,106,3,subject106_client3,8281,9,vacuum cleaning,1518.24
0.1,alpha0p1,106,3,subject106_client3,8282,9,vacuum cleaning,1519.52
0.1,alpha0p1,106,3,subject106_client3,8283,9,vacuum cleaning,1520.8
0.1,alpha0p1,106,3,subject106_client3,8284,9,vacuum cleaning,1522.08
0.1,alpha0p1,106,0,subject106_client0,8285,7,ascending stairs,1658.59
0.1,alpha0p1,106,0,subject106_client0,8286,7,ascending stairs,1659.87
0.1,alpha0p1,106,0,subject106_client0,8287,7,ascending stairs,1661.15
0.1,alpha0p1,106,0,subject106_client0,8288,7,ascending stairs,1662.43
0.1,alpha0p1,106,0,subject106_client0,8289,7,ascending stairs,1663.71
0.1,alpha0p1,106,0,subject106_client0,8290,7,ascending stairs,1664.99
0.1,alpha0p1,106,0,subject106_client0,8291,7,ascending stairs,1666.27
0.1,alpha0p1,106,3,subject106_client3,8293,7,ascending stairs,1668.83
0.1,alpha0p1,106,3,subject106_client3,8294,7,ascending stairs,1670.11
0.1,alpha0p1,106,3,subject106_client3,8295,7,ascending stairs,1671.39
0.1,alpha0p1,106,3,subject106_client3,8296,7,ascending stairs,1672.67
0.1,alpha0p1,106,3,subject106_client3,8297,7,ascending stairs,1673.95
0.1,alpha0p1,106,3,subject106_client3,8298,7,ascending stairs,1675.23
0.1,alpha0p1,106,3,subject106_client3,8299,7,ascending stairs,1676.51
0.1,alpha0p1,106,3,subject106_client3,8300,7,ascending stairs,1677.79
0.1,alpha0p1,106,3,subject106_client3,8301,7,ascending stairs,1679.07
0.1,alpha0p1,106,3,subject106_client3,8302,7,ascending stairs,1680.35
0.1,alpha0p1,106,3,subject106_client3,8303,7,ascending stairs,1681.63
0.1,alpha0p1,106,3,subject106_client3,8304,7,ascending stairs,1682.91
0.1,alpha0p1,106,3,subject106_client3,8305,7,ascending stairs,1684.19
0.1,alpha0p1,106,3,subject106_client3,8306,7,ascending stairs,1685.47
0.1,alpha0p1,106,3,subject106_client3,8307,7,ascending stairs,1686.75
0.1,alpha0p1,106,3,subject106_client3,8308,7,ascending stairs,1688.03
0.1,alpha0p1,106,3,subject106_client3,8309,7,ascending stairs,1689.31
0.1,alpha0p1,106,3,subject106_client3,8310,7,ascending stairs,1690.59
0.1,alpha0p1,106,3,subject106_client3,8311,7,ascending stairs,1691.87
0.1,alpha0p1,106,3,subject106_client3,8312,7,ascending stairs,1693.15
0.1,alpha0p1,106,3,subject106_client3,8313,7,ascending stairs,1694.43
0.1,alpha0p1,106,3,subject106_client3,8314,7,ascending stairs,1695.71
0.1,alpha0p1,106,3,subject106_client3,8315,7,ascending stairs,1696.99
0.1,alpha0p1,106,3,subject106_client3,8316,7,ascending stairs,1698.27
0.1,alpha0p1,106,3,subject106_client3,8317,7,ascending stairs,1699.55
0.1,alpha0p1,106,3,subject106_client3,8318,7,ascending stairs,1700.83
0.1,alpha0p1,106,3,subject106_client3,8319,7,ascending stairs,1702.11
0.1,alpha0p1,106,3,subject106_client3,8320,7,ascending stairs,1703.39
0.1,alpha0p1,106,3,subject106_client3,8321,7,ascending stairs,1704.67
0.1,alpha0p1,106,3,subject106_client3,8322,7,ascending stairs,1705.95
0.1,alpha0p1,106,3,subject106_client3,8323,7,ascending stairs,1707.23
0.1,alpha0p1,106,3,subject106_client3,8324,7,ascending stairs,1708.51
0.1,alpha0p1,106,3,subject106_client3,8325,7,ascending stairs,1709.79
0.1,alpha0p1,106,3,subject106_client3,8326,7,ascending stairs,1711.07
0.1,alpha0p1,106,3,subject106_client3,8327,7,ascending stairs,1712.35
0.1,alpha0p1,106,3,subject106_client3,8328,7,ascending stairs,1713.63
0.1,alpha0p1,106,3,subject106_client3,8329,7,ascending stairs,1714.91
0.1,alpha0p1,106,3,subject106_client3,8330,7,ascending stairs,1716.19
0.1,alpha0p1,106,3,subject106_client3,8331,7,ascending stairs,1717.47
0.1,alpha0p1,106,2,subject106_client2,8332,8,descending stairs,1821.97
0.1,alpha0p1,106,2,subject106_client2,8333,8,descending stairs,1823.25
0.1,alpha0p1,106,2,subject106_client2,8334,8,descending stairs,1824.53
0.1,alpha0p1,106,2,subject106_client2,8335,8,descending stairs,1825.81
0.1,alpha0p1,106,2,subject106_client2,8336,8,descending stairs,1827.09
0.1,alpha0p1,106,2,subject106_client2,8337,8,descending stairs,1828.37
0.1,alpha0p1,106,2,subject106_client2,8338,8,descending stairs,1829.65
0.1,alpha0p1,106,2,subject106_client2,8339,8,descending stairs,1830.93
0.1,alpha0p1,106,2,subject106_client2,8340,8,descending stairs,1832.21
0.1,alpha0p1,106,2,subject106_client2,8341,8,descending stairs,1833.49
0.1,alpha0p1,106,2,subject106_client2,8342,8,descending stairs,1834.77
0.1,alpha0p1,106,2,subject106_client2,8343,8,descending stairs,1836.05
0.1,alpha0p1,106,2,subject106_client2,8344,8,descending stairs,1837.33
0.1,alpha0p1,106,2,subject106_client2,8345,8,descending stairs,1838.61
0.1,alpha0p1,106,2,subject106_client2,8346,8,descending stairs,1839.89
0.1,alpha0p1,106,2,subject106_client2,8347,8,descending stairs,1841.17
0.1,alpha0p1,106,2,subject106_client2,8348,8,descending stairs,1842.45
0.1,alpha0p1,106,2,subject106_client2,8349,8,descending stairs,1843.73
0.1,alpha0p1,106,2,subject106_client2,8350,8,descending stairs,1845.01
0.1,alpha0p1,106,2,subject106_client2,8351,8,descending stairs,1846.29
0.1,alpha0p1,106,2,subject106_client2,8352,8,descending stairs,1847.57
0.1,alpha0p1,106,2,subject106_client2,8353,8,descending stairs,1848.85
0.1,alpha0p1,106,2,subject106_client2,8354,8,descending stairs,1850.13
0.1,alpha0p1,106,2,subject106_client2,8355,8,descending stairs,1851.41
0.1,alpha0p1,106,2,subject106_client2,8356,8,descending stairs,1852.69
0.1,alpha0p1,106,2,subject106_client2,8357,8,descending stairs,1853.97
0.1,alpha0p1,106,2,subject106_client2,8358,8,descending stairs,1855.25
0.1,alpha0p1,106,2,subject106_client2,8359,8,descending stairs,1856.53
0.1,alpha0p1,106,2,subject106_client2,8360,8,descending stairs,1857.81
0.1,alpha0p1,106,2,subject106_client2,8361,8,descending stairs,1859.09
0.1,alpha0p1,106,2,subject106_client2,8362,8,descending stairs,1860.37
0.1,alpha0p1,106,2,subject106_client2,8363,8,descending stairs,1861.65
0.1,alpha0p1,106,2,subject106_client2,8364,8,descending stairs,1862.93
0.1,alpha0p1,106,2,subject106_client2,8365,8,descending stairs,1864.21
0.1,alpha0p1,106,2,subject106_client2,8366,8,descending stairs,1865.49
0.1,alpha0p1,106,2,subject106_client2,8367,8,descending stairs,1866.77
0.1,alpha0p1,106,2,subject106_client2,8368,8,descending stairs,1868.05
0.1,alpha0p1,106,2,subject106_client2,8369,8,descending stairs,1869.33
0.1,alpha0p1,106,2,subject106_client2,8370,8,descending stairs,1870.61
0.1,alpha0p1,106,2,subject106_client2,8371,8,descending stairs,1871.89
0.1,alpha0p1,106,2,subject106_client2,8372,8,descending stairs,1873.17
0.1,alpha0p1,106,2,subject106_client2,8373,8,descending stairs,1874.45
0.1,alpha0p1,106,2,subject106_client2,8374,8,descending stairs,1875.73
0.1,alpha0p1,106,2,subject106_client2,8375,8,descending stairs,1877.01
0.1,alpha0p1,106,2,subject106_client2,8376,8,descending stairs,1878.29
0.1,alpha0p1,106,2,subject106_client2,8377,8,descending stairs,1879.57
0.1,alpha0p1,106,2,subject106_client2,8378,8,descending stairs,1880.85
0.1,alpha0p1,106,3,subject106_client3,8379,7,ascending stairs,1967.08
0.1,alpha0p1,106,3,subject106_client3,8380,7,ascending stairs,1968.36
0.1,alpha0p1,106,3,subject106_client3,8381,7,ascending stairs,1969.64
0.1,alpha0p1,106,3,subject106_client3,8382,7,ascending stairs,1970.92
0.1,alpha0p1,106,3,subject106_client3,8383,7,ascending stairs,1972.2
0.1,alpha0p1,106,3,subject106_client3,8384,7,ascending stairs,1973.48
0.1,alpha0p1,106,3,subject106_client3,8385,7,ascending stairs,1974.76
0.1,alpha0p1,106,3,subject106_client3,8386,7,ascending stairs,1976.04
0.1,alpha0p1,106,3,subject106_client3,8387,7,ascending stairs,1977.32
0.1,alpha0p1,106,3,subject106_client3,8388,7,ascending stairs,1978.6
0.1,alpha0p1,106,3,subject106_client3,8389,7,ascending stairs,1979.88
0.1,alpha0p1,106,3,subject106_client3,8390,7,ascending stairs,1981.16
0.1,alpha0p1,106,3,subject106_client3,8391,7,ascending stairs,1982.44
0.1,alpha0p1,106,3,subject106_client3,8392,7,ascending stairs,1983.72
0.1,alpha0p1,106,3,subject106_client3,8393,7,ascending stairs,1985.0
0.1,alpha0p1,106,3,subject106_client3,8394,7,ascending stairs,1986.28
0.1,alpha0p1,106,3,subject106_client3,8395,7,ascending stairs,1987.56
0.1,alpha0p1,106,3,subject106_client3,8396,7,ascending stairs,1988.84
0.1,alpha0p1,106,3,subject106_client3,8397,7,ascending stairs,1990.12
0.1,alpha0p1,106,3,subject106_client3,8398,7,ascending stairs,1991.4
0.1,alpha0p1,106,3,subject106_client3,8399,7,ascending stairs,1992.68
0.1,alpha0p1,106,3,subject106_client3,8400,7,ascending stairs,1993.96
0.1,alpha0p1,106,3,subject106_client3,8401,7,ascending stairs,1995.24
0.1,alpha0p1,106,3,subject106_client3,8402,7,ascending stairs,1996.52
0.1,alpha0p1,106,3,subject106_client3,8403,7,ascending stairs,1997.8
0.1,alpha0p1,106,3,subject106_client3,8404,7,ascending stairs,1999.08
0.1,alpha0p1,106,3,subject106_client3,8405,7,ascending stairs,2000.36
0.1,alpha0p1,106,3,subject106_client3,8406,7,ascending stairs,2001.64
0.1,alpha0p1,106,3,subject106_client3,8407,7,ascending stairs,2002.92
0.1,alpha0p1,106,3,subject106_client3,8408,7,ascending stairs,2004.2
0.1,alpha0p1,106,3,subject106_client3,8409,7,ascending stairs,2005.48
0.1,alpha0p1,106,3,subject106_client3,8410,7,ascending stairs,2006.76
0.1,alpha0p1,106,3,subject106_client3,8411,7,ascending stairs,2008.04
0.1,alpha0p1,106,3,subject106_client3,8412,7,ascending stairs,2009.32
0.1,alpha0p1,106,3,subject106_client3,8413,7,ascending stairs,2010.6
0.1,alpha0p1,106,3,subject106_client3,8414,7,ascending stairs,2011.88
0.1,alpha0p1,106,3,subject106_client3,8415,7,ascending stairs,2013.16
0.1,alpha0p1,106,3,subject106_client3,8416,7,ascending stairs,2014.44
0.1,alpha0p1,106,3,subject106_client3,8417,7,ascending stairs,2015.72
0.1,alpha0p1,106,3,subject106_client3,8418,7,ascending stairs,2017.0
0.1,alpha0p1,106,3,subject106_client3,8419,7,ascending stairs,2018.28
0.1,alpha0p1,106,3,subject106_client3,8420,7,ascending stairs,2019.56
0.1,alpha0p1,106,1,subject106_client1,8422,7,ascending stairs,2022.12
0.1,alpha0p1,106,1,subject106_client1,8423,7,ascending stairs,2023.4
0.1,alpha0p1,106,1,subject106_client1,8424,7,ascending stairs,2024.68
0.1,alpha0p1,106,1,subject106_client1,8425,7,ascending stairs,2025.96
0.1,alpha0p1,106,1,subject106_client1,8426,7,ascending stairs,2027.24
0.1,alpha0p1,106,1,subject106_client1,8427,7,ascending stairs,2028.52
0.1,alpha0p1,106,1,subject106_client1,8428,7,ascending stairs,2029.8
0.1,alpha0p1,106,1,subject106_client1,8429,7,ascending stairs,2031.08
0.1,alpha0p1,106,1,subject106_client1,8430,7,ascending stairs,2032.36
0.1,alpha0p1,106,1,subject106_client1,8431,7,ascending stairs,2033.64
0.1,alpha0p1,106,1,subject106_client1,8432,7,ascending stairs,2034.92
0.1,alpha0p1,106,2,subject106_client2,8433,8,descending stairs,2037.67
0.1,alpha0p1,106,2,subject106_client2,8434,8,descending stairs,2038.95
0.1,alpha0p1,106,2,subject106_client2,8435,8,descending stairs,2040.23
0.1,alpha0p1,106,2,subject106_client2,8436,8,descending stairs,2041.51
0.1,alpha0p1,106,2,subject106_client2,8437,8,descending stairs,2042.79
0.1,alpha0p1,106,2,subject106_client2,8438,8,descending stairs,2044.07
0.1,alpha0p1,106,2,subject106_client2,8439,8,descending stairs,2045.35
0.1,alpha0p1,106,2,subject106_client2,8440,8,descending stairs,2046.63
0.1,alpha0p1,106,2,subject106_client2,8441,8,descending stairs,2047.91
0.1,alpha0p1,106,2,subject106_client2,8442,8,descending stairs,2049.19
0.1,alpha0p1,106,2,subject106_client2,8443,8,descending stairs,2050.47
0.1,alpha0p1,106,2,subject106_client2,8444,8,descending stairs,2051.75
0.1,alpha0p1,106,2,subject106_client2,8445,8,descending stairs,2053.03
0.1,alpha0p1,106,2,subject106_client2,8446,8,descending stairs,2054.31
0.1,alpha0p1,106,2,subject106_client2,8447,8,descending stairs,2055.59
0.1,alpha0p1,106,2,subject106_client2,8448,8,descending stairs,2056.87
0.1,alpha0p1,106,2,subject106_client2,8449,8,descending stairs,2058.15
0.1,alpha0p1,106,2,subject106_client2,8450,8,descending stairs,2059.43
0.1,alpha0p1,106,2,subject106_client2,8451,8,descending stairs,2060.71
0.1,alpha0p1,106,2,subject106_client2,8452,8,descending stairs,2061.99
0.1,alpha0p1,106,2,subject106_client2,8453,8,descending stairs,2063.27
0.1,alpha0p1,106,2,subject106_client2,8454,8,descending stairs,2064.55
0.1,alpha0p1,106,2,subject106_client2,8455,8,descending stairs,2065.83
0.1,alpha0p1,106,2,subject106_client2,8456,8,descending stairs,2067.11
0.1,alpha0p1,106,2,subject106_client2,8457,8,descending stairs,2068.39
0.1,alpha0p1,106,2,subject106_client2,8458,8,descending stairs,2069.67
0.1,alpha0p1,106,2,subject106_client2,8459,8,descending stairs,2070.95
0.1,alpha0p1,106,2,subject106_client2,8460,8,descending stairs,2072.23
0.1,alpha0p1,106,2,subject106_client2,8461,8,descending stairs,2073.51
0.1,alpha0p1,106,2,subject106_client2,8462,8,descending stairs,2074.79
0.1,alpha0p1,106,2,subject106_client2,8463,8,descending stairs,2076.07
0.1,alpha0p1,106,2,subject106_client2,8464,8,descending stairs,2077.35
0.1,alpha0p1,106,2,subject106_client2,8465,8,descending stairs,2078.63
0.1,alpha0p1,106,2,subject106_client2,8466,8,descending stairs,2079.91
0.1,alpha0p1,106,2,subject106_client2,8467,8,descending stairs,2081.19
0.1,alpha0p1,106,2,subject106_client2,8468,8,descending stairs,2082.47
0.1,alpha0p1,106,2,subject106_client2,8469,8,descending stairs,2083.75
0.1,alpha0p1,106,2,subject106_client2,8470,8,descending stairs,2085.03
0.1,alpha0p1,106,3,subject106_client3,8471,3,walking,2309.92
0.1,alpha0p1,106,3,subject106_client3,8472,3,walking,2311.2
0.1,alpha0p1,106,3,subject106_client3,8473,3,walking,2312.48
0.1,alpha0p1,106,3,subject106_client3,8474,3,walking,2313.76
0.1,alpha0p1,106,3,subject106_client3,8475,3,walking,2315.04
0.1,alpha0p1,106,3,subject106_client3,8476,3,walking,2316.32
0.1,alpha0p1,106,3,subject106_client3,8477,3,walking,2317.6
0.1,alpha0p1,106,3,subject106_client3,8478,3,walking,2318.88
0.1,alpha0p1,106,3,subject106_client3,8479,3,walking,2320.16
0.1,alpha0p1,106,3,subject106_client3,8480,3,walking,2321.44
0.1,alpha0p1,106,3,subject106_client3,8481,3,walking,2322.72
0.1,alpha0p1,106,3,subject106_client3,8482,3,walking,2324.0
0.1,alpha0p1,106,3,subject106_client3,8483,3,walking,2325.28
0.1,alpha0p1,106,3,subject106_client3,8484,3,walking,2326.56
0.1,alpha0p1,106,3,subject106_client3,8485,3,walking,2327.84
0.1,alpha0p1,106,3,subject106_client3,8486,3,walking,2329.12
0.1,alpha0p1,106,3,subject106_client3,8487,3,walking,2330.4
0.1,alpha0p1,106,3,subject106_client3,8488,3,walking,2331.68
0.1,alpha0p1,106,3,subject106_client3,8489,3,walking,2332.96
0.1,alpha0p1,106,3,subject106_client3,8490,3,walking,2334.24
0.1,alpha0p1,106,3,subject106_client3,8491,3,walking,2335.52
0.1,alpha0p1,106,3,subject106_client3,8492,3,walking,2336.8
0.1,alpha0p1,106,3,subject106_client3,8493,3,walking,2338.08
0.1,alpha0p1,106,3,subject106_client3,8494,3,walking,2339.36
0.1,alpha0p1,106,3,subject106_client3,8495,3,walking,2340.64
0.1,alpha0p1,106,3,subject106_client3,8496,3,walking,2341.92
0.1,alpha0p1,106,3,subject106_client3,8497,3,walking,2343.2
0.1,alpha0p1,106,3,subject106_client3,8498,3,walking,2344.48
0.1,alpha0p1,106,3,subject106_client3,8499,3,walking,2345.76
0.1,alpha0p1,106,3,subject106_client3,8500,3,walking,2347.04
0.1,alpha0p1,106,3,subject106_client3,8501,3,walking,2348.32
0.1,alpha0p1,106,3,subject106_client3,8502,3,walking,2349.6
0.1,alpha0p1,106,3,subject106_client3,8503,3,walking,2350.88
0.1,alpha0p1,106,3,subject106_client3,8504,3,walking,2352.16
0.1,alpha0p1,106,3,subject106_client3,8505,3,walking,2353.44
0.1,alpha0p1,106,3,subject106_client3,8506,3,walking,2354.72
0.1,alpha0p1,106,3,subject106_client3,8507,3,walking,2356.0
0.1,alpha0p1,106,3,subject106_client3,8508,3,walking,2357.28
0.1,alpha0p1,106,3,subject106_client3,8509,3,walking,2358.56
0.1,alpha0p1,106,3,subject106_client3,8510,3,walking,2359.84
0.1,alpha0p1,106,3,subject106_client3,8511,3,walking,2361.12
0.1,alpha0p1,106,3,subject106_client3,8512,3,walking,2362.4
0.1,alpha0p1,106,3,subject106_client3,8513,3,walking,2363.68
0.1,alpha0p1,106,3,subject106_client3,8514,3,walking,2364.96
0.1,alpha0p1,106,3,subject106_client3,8515,3,walking,2366.24
0.1,alpha0p1,106,3,subject106_client3,8516,3,walking,2367.52
0.1,alpha0p1,106,3,subject106_client3,8517,3,walking,2368.8
0.1,alpha0p1,106,3,subject106_client3,8518,3,walking,2370.08
0.1,alpha0p1,106,3,subject106_client3,8519,3,walking,2371.36
0.1,alpha0p1,106,3,subject106_client3,8520,3,walking,2372.64
0.1,alpha0p1,106,3,subject106_client3,8521,3,walking,2373.92
0.1,alpha0p1,106,3,subject106_client3,8522,3,walking,2375.2
0.1,alpha0p1,106,3,subject106_client3,8523,3,walking,2376.48
0.1,alpha0p1,106,3,subject106_client3,8524,3,walking,2377.76
0.1,alpha0p1,106,3,subject106_client3,8525,3,walking,2379.04
0.1,alpha0p1,106,3,subject106_client3,8526,3,walking,2380.32
0.1,alpha0p1,106,3,subject106_client3,8527,3,walking,2381.6
0.1,alpha0p1,106,3,subject106_client3,8528,3,walking,2382.88
0.1,alpha0p1,106,3,subject106_client3,8529,3,walking,2384.16
0.1,alpha0p1,106,3,subject106_client3,8530,3,walking,2385.44
0.1,alpha0p1,106,3,subject106_client3,8531,3,walking,2386.72
0.1,alpha0p1,106,3,subject106_client3,8532,3,walking,2388.0
0.1,alpha0p1,106,3,subject106_client3,8533,3,walking,2389.28
0.1,alpha0p1,106,3,subject106_client3,8534,3,walking,2390.56
0.1,alpha0p1,106,3,subject106_client3,8535,3,walking,2391.84
0.1,alpha0p1,106,3,subject106_client3,8536,3,walking,2393.12
0.1,alpha0p1,106,3,subject106_client3,8537,3,walking,2394.4
0.1,alpha0p1,106,3,subject106_client3,8538,3,walking,2395.68
0.1,alpha0p1,106,3,subject106_client3,8539,3,walking,2396.96
0.1,alpha0p1,106,3,subject106_client3,8540,3,walking,2398.24
0.1,alpha0p1,106,3,subject106_client3,8541,3,walking,2399.52
0.1,alpha0p1,106,3,subject106_client3,8542,3,walking,2400.8
0.1,alpha0p1,106,3,subject106_client3,8543,3,walking,2402.08
0.1,alpha0p1,106,3,subject106_client3,8544,3,walking,2403.36
0.1,alpha0p1,106,3,subject106_client3,8545,3,walking,2404.64
0.1,alpha0p1,106,3,subject106_client3,8546,3,walking,2405.92
0.1,alpha0p1,106,3,subject106_client3,8547,3,walking,2407.2
0.1,alpha0p1,106,3,subject106_client3,8548,3,walking,2408.48
0.1,alpha0p1,106,3,subject106_client3,8549,3,walking,2409.76
0.1,alpha0p1,106,3,subject106_client3,8550,3,walking,2411.04
0.1,alpha0p1,106,3,subject106_client3,8551,3,walking,2412.32
0.1,alpha0p1,106,3,subject106_client3,8552,3,walking,2413.6
0.1,alpha0p1,106,3,subject106_client3,8553,3,walking,2414.88
0.1,alpha0p1,106,3,subject106_client3,8554,3,walking,2416.16
0.1,alpha0p1,106,3,subject106_client3,8555,3,walking,2417.44
0.1,alpha0p1,106,3,subject106_client3,8556,3,walking,2418.72
0.1,alpha0p1,106,3,subject106_client3,8557,3,walking,2420.0
0.1,alpha0p1,106,3,subject106_client3,8558,3,walking,2421.28
0.1,alpha0p1,106,3,subject106_client3,8559,3,walking,2422.56
0.1,alpha0p1,106,3,subject106_client3,8560,3,walking,2423.84
0.1,alpha0p1,106,3,subject106_client3,8561,3,walking,2425.12
0.1,alpha0p1,106,3,subject106_client3,8562,3,walking,2426.4
0.1,alpha0p1,106,3,subject106_client3,8563,3,walking,2427.68
0.1,alpha0p1,106,3,subject106_client3,8564,3,walking,2428.96
0.1,alpha0p1,106,3,subject106_client3,8565,3,walking,2430.24
0.1,alpha0p1,106,3,subject106_client3,8566,3,walking,2431.52
0.1,alpha0p1,106,3,subject106_client3,8567,3,walking,2432.8
0.1,alpha0p1,106,3,subject106_client3,8568,3,walking,2434.08
0.1,alpha0p1,106,3,subject106_client3,8569,3,walking,2435.36
0.1,alpha0p1,106,3,subject106_client3,8570,3,walking,2436.64
0.1,alpha0p1,106,3,subject106_client3,8571,3,walking,2437.92
0.1,alpha0p1,106,3,subject106_client3,8572,3,walking,2439.2
0.1,alpha0p1,106,3,subject106_client3,8573,3,walking,2440.48
0.1,alpha0p1,106,3,subject106_client3,8574,3,walking,2441.76
0.1,alpha0p1,106,3,subject106_client3,8575,3,walking,2443.04
0.1,alpha0p1,106,3,subject106_client3,8576,3,walking,2444.32
0.1,alpha0p1,106,3,subject106_client3,8577,3,walking,2445.6
0.1,alpha0p1,106,3,subject106_client3,8578,3,walking,2446.88
0.1,alpha0p1,106,3,subject106_client3,8579,3,walking,2448.16
0.1,alpha0p1,106,3,subject106_client3,8580,3,walking,2449.44
0.1,alpha0p1,106,3,subject106_client3,8581,3,walking,2450.72
0.1,alpha0p1,106,3,subject106_client3,8582,3,walking,2452.0
0.1,alpha0p1,106,3,subject106_client3,8583,3,walking,2453.28
0.1,alpha0p1,106,3,subject106_client3,8584,3,walking,2454.56
0.1,alpha0p1,106,3,subject106_client3,8585,3,walking,2455.84
0.1,alpha0p1,106,3,subject106_client3,8586,3,walking,2457.12
0.1,alpha0p1,106,3,subject106_client3,8587,3,walking,2458.4
0.1,alpha0p1,106,3,subject106_client3,8588,3,walking,2459.68
0.1,alpha0p1,106,3,subject106_client3,8589,3,walking,2460.96
0.1,alpha0p1,106,3,subject106_client3,8590,3,walking,2462.24
0.1,alpha0p1,106,3,subject106_client3,8591,3,walking,2463.52
0.1,alpha0p1,106,3,subject106_client3,8592,3,walking,2464.8
0.1,alpha0p1,106,3,subject106_client3,8593,3,walking,2466.08
0.1,alpha0p1,106,3,subject106_client3,8594,3,walking,2467.36
0.1,alpha0p1,106,3,subject106_client3,8595,3,walking,2468.64
0.1,alpha0p1,106,3,subject106_client3,8596,3,walking,2469.92
0.1,alpha0p1,106,3,subject106_client3,8597,3,walking,2471.2
0.1,alpha0p1,106,3,subject106_client3,8598,3,walking,2472.48
0.1,alpha0p1,106,3,subject106_client3,8599,3,walking,2473.76
0.1,alpha0p1,106,3,subject106_client3,8600,3,walking,2475.04
0.1,alpha0p1,106,3,subject106_client3,8601,3,walking,2476.32
0.1,alpha0p1,106,3,subject106_client3,8602,3,walking,2477.6
0.1,alpha0p1,106,3,subject106_client3,8603,3,walking,2478.88
0.1,alpha0p1,106,3,subject106_client3,8604,3,walking,2480.16
0.1,alpha0p1,106,3,subject106_client3,8605,3,walking,2481.44
0.1,alpha0p1,106,3,subject106_client3,8606,3,walking,2482.72
0.1,alpha0p1,106,3,subject106_client3,8607,3,walking,2484.0
0.1,alpha0p1,106,3,subject106_client3,8608,3,walking,2485.28
0.1,alpha0p1,106,3,subject106_client3,8609,3,walking,2486.56
0.1,alpha0p1,106,3,subject106_client3,8610,3,walking,2487.84
0.1,alpha0p1,106,3,subject106_client3,8611,3,walking,2489.12
0.1,alpha0p1,106,3,subject106_client3,8612,3,walking,2490.4
0.1,alpha0p1,106,3,subject106_client3,8613,3,walking,2491.68
0.1,alpha0p1,106,3,subject106_client3,8614,3,walking,2492.96
0.1,alpha0p1,106,3,subject106_client3,8615,3,walking,2494.24
0.1,alpha0p1,106,3,subject106_client3,8616,3,walking,2495.52
0.1,alpha0p1,106,3,subject106_client3,8617,3,walking,2496.8
0.1,alpha0p1,106,3,subject106_client3,8618,3,walking,2498.08
0.1,alpha0p1,106,3,subject106_client3,8619,3,walking,2499.36
0.1,alpha0p1,106,3,subject106_client3,8620,3,walking,2500.64
0.1,alpha0p1,106,3,subject106_client3,8621,3,walking,2501.92
0.1,alpha0p1,106,3,subject106_client3,8622,3,walking,2503.2
0.1,alpha0p1,106,3,subject106_client3,8623,3,walking,2504.48
0.1,alpha0p1,106,3,subject106_client3,8624,3,walking,2505.76
0.1,alpha0p1,106,3,subject106_client3,8625,3,walking,2507.04
0.1,alpha0p1,106,3,subject106_client3,8626,3,walking,2508.32
0.1,alpha0p1,106,3,subject106_client3,8627,3,walking,2509.6
0.1,alpha0p1,106,3,subject106_client3,8628,3,walking,2510.88
0.1,alpha0p1,106,3,subject106_client3,8629,3,walking,2512.16
0.1,alpha0p1,106,3,subject106_client3,8630,3,walking,2513.44
0.1,alpha0p1,106,3,subject106_client3,8631,3,walking,2514.72
0.1,alpha0p1,106,3,subject106_client3,8632,3,walking,2516.0
0.1,alpha0p1,106,3,subject106_client3,8633,3,walking,2517.28
0.1,alpha0p1,106,3,subject106_client3,8634,3,walking,2518.56
0.1,alpha0p1,106,3,subject106_client3,8635,3,walking,2519.84
0.1,alpha0p1,106,3,subject106_client3,8636,3,walking,2521.12
0.1,alpha0p1,106,3,subject106_client3,8637,3,walking,2522.4
0.1,alpha0p1,106,3,subject106_client3,8638,3,walking,2523.68
0.1,alpha0p1,106,3,subject106_client3,8639,3,walking,2524.96
0.1,alpha0p1,106,3,subject106_client3,8640,3,walking,2526.24
0.1,alpha0p1,106,3,subject106_client3,8641,3,walking,2527.52
0.1,alpha0p1,106,3,subject106_client3,8642,3,walking,2528.8
0.1,alpha0p1,106,3,subject106_client3,8643,3,walking,2530.08
0.1,alpha0p1,106,3,subject106_client3,8644,3,walking,2531.36
0.1,alpha0p1,106,3,subject106_client3,8645,3,walking,2532.64
0.1,alpha0p1,106,3,subject106_client3,8646,3,walking,2533.92
0.1,alpha0p1,106,3,subject106_client3,8647,3,walking,2535.2
0.1,alpha0p1,106,3,subject106_client3,8648,3,walking,2536.48
0.1,alpha0p1,106,3,subject106_client3,8649,3,walking,2537.76
0.1,alpha0p1,106,3,subject106_client3,8650,3,walking,2539.04
0.1,alpha0p1,106,3,subject106_client3,8651,3,walking,2540.32
0.1,alpha0p1,106,3,subject106_client3,8652,3,walking,2541.6
0.1,alpha0p1,106,3,subject106_client3,8653,3,walking,2542.88
0.1,alpha0p1,106,3,subject106_client3,8654,3,walking,2544.16
0.1,alpha0p1,106,3,subject106_client3,8655,3,walking,2545.44
0.1,alpha0p1,106,3,subject106_client3,8656,3,walking,2546.72
0.1,alpha0p1,106,3,subject106_client3,8657,3,walking,2548.0
0.1,alpha0p1,106,3,subject106_client3,8658,3,walking,2549.28
0.1,alpha0p1,106,3,subject106_client3,8659,3,walking,2550.56
0.1,alpha0p1,106,3,subject106_client3,8660,3,walking,2551.84
0.1,alpha0p1,106,3,subject106_client3,8661,3,walking,2553.12
0.1,alpha0p1,106,3,subject106_client3,8662,3,walking,2554.4
0.1,alpha0p1,106,3,subject106_client3,8663,3,walking,2555.68
0.1,alpha0p1,106,3,subject106_client3,8664,3,walking,2556.96
0.1,alpha0p1,106,3,subject106_client3,8665,3,walking,2558.24
0.1,alpha0p1,106,3,subject106_client3,8666,3,walking,2559.52
0.1,alpha0p1,106,3,subject106_client3,8667,3,walking,2560.8
0.1,alpha0p1,106,3,subject106_client3,8668,3,walking,2562.08
0.1,alpha0p1,106,3,subject106_client3,8669,3,walking,2563.36
0.1,alpha0p1,106,0,subject106_client0,8670,6,Nordic walking,2646.3
0.1,alpha0p1,106,0,subject106_client0,8671,6,Nordic walking,2647.58
0.1,alpha0p1,106,0,subject106_client0,8672,6,Nordic walking,2648.86
0.1,alpha0p1,106,0,subject106_client0,8673,6,Nordic walking,2650.14
0.1,alpha0p1,106,0,subject106_client0,8674,6,Nordic walking,2651.42
0.1,alpha0p1,106,0,subject106_client0,8675,6,Nordic walking,2652.7
0.1,alpha0p1,106,0,subject106_client0,8676,6,Nordic walking,2653.98
0.1,alpha0p1,106,0,subject106_client0,8677,6,Nordic walking,2655.26
0.1,alpha0p1,106,0,subject106_client0,8678,6,Nordic walking,2656.54
0.1,alpha0p1,106,0,subject106_client0,8679,6,Nordic walking,2657.82
0.1,alpha0p1,106,0,subject106_client0,8680,6,Nordic walking,2659.1
0.1,alpha0p1,106,0,subject106_client0,8681,6,Nordic walking,2660.38
0.1,alpha0p1,106,0,subject106_client0,8682,6,Nordic walking,2661.66
0.1,alpha0p1,106,0,subject106_client0,8683,6,Nordic walking,2662.94
0.1,alpha0p1,106,0,subject106_client0,8684,6,Nordic walking,2664.22
0.1,alpha0p1,106,0,subject106_client0,8685,6,Nordic walking,2665.5
0.1,alpha0p1,106,0,subject106_client0,8686,6,Nordic walking,2666.78
0.1,alpha0p1,106,0,subject106_client0,8687,6,Nordic walking,2668.06
0.1,alpha0p1,106,0,subject106_client0,8688,6,Nordic walking,2669.34
0.1,alpha0p1,106,0,subject106_client0,8689,6,Nordic walking,2670.62
0.1,alpha0p1,106,0,subject106_client0,8690,6,Nordic walking,2671.9
0.1,alpha0p1,106,0,subject106_client0,8691,6,Nordic walking,2673.18
0.1,alpha0p1,106,0,subject106_client0,8692,6,Nordic walking,2674.46
0.1,alpha0p1,106,0,subject106_client0,8693,6,Nordic walking,2675.74
0.1,alpha0p1,106,0,subject106_client0,8694,6,Nordic walking,2677.02
0.1,alpha0p1,106,0,subject106_client0,8695,6,Nordic walking,2678.3
0.1,alpha0p1,106,0,subject106_client0,8696,6,Nordic walking,2679.58
0.1,alpha0p1,106,0,subject106_client0,8697,6,Nordic walking,2680.86
0.1,alpha0p1,106,0,subject106_client0,8698,6,Nordic walking,2682.14
0.1,alpha0p1,106,0,subject106_client0,8699,6,Nordic walking,2683.42
0.1,alpha0p1,106,0,subject106_client0,8700,6,Nordic walking,2684.7
0.1,alpha0p1,106,0,subject106_client0,8701,6,Nordic walking,2685.98
0.1,alpha0p1,106,0,subject106_client0,8702,6,Nordic walking,2687.26
0.1,alpha0p1,106,0,subject106_client0,8703,6,Nordic walking,2688.54
0.1,alpha0p1,106,0,subject106_client0,8704,6,Nordic walking,2689.82
0.1,alpha0p1,106,0,subject106_client0,8705,6,Nordic walking,2691.1
0.1,alpha0p1,106,0,subject106_client0,8706,6,Nordic walking,2692.38
0.1,alpha0p1,106,0,subject106_client0,8707,6,Nordic walking,2693.66
0.1,alpha0p1,106,0,subject106_client0,8708,6,Nordic walking,2694.94
0.1,alpha0p1,106,0,subject106_client0,8709,6,Nordic walking,2696.22
0.1,alpha0p1,106,0,subject106_client0,8710,6,Nordic walking,2697.5
0.1,alpha0p1,106,0,subject106_client0,8711,6,Nordic walking,2698.78
0.1,alpha0p1,106,0,subject106_client0,8712,6,Nordic walking,2700.06
0.1,alpha0p1,106,0,subject106_client0,8713,6,Nordic walking,2701.34
0.1,alpha0p1,106,0,subject106_client0,8714,6,Nordic walking,2702.62
0.1,alpha0p1,106,0,subject106_client0,8715,6,Nordic walking,2703.9
0.1,alpha0p1,106,0,subject106_client0,8716,6,Nordic walking,2705.18
0.1,alpha0p1,106,0,subject106_client0,8717,6,Nordic walking,2706.46
0.1,alpha0p1,106,0,subject106_client0,8718,6,Nordic walking,2707.74
0.1,alpha0p1,106,0,subject106_client0,8719,6,Nordic walking,2709.02
0.1,alpha0p1,106,0,subject106_client0,8720,6,Nordic walking,2710.3
0.1,alpha0p1,106,0,subject106_client0,8721,6,Nordic walking,2711.58
0.1,alpha0p1,106,0,subject106_client0,8722,6,Nordic walking,2712.86
0.1,alpha0p1,106,0,subject106_client0,8723,6,Nordic walking,2714.14
0.1,alpha0p1,106,0,subject106_client0,8724,6,Nordic walking,2715.42
0.1,alpha0p1,106,0,subject106_client0,8725,6,Nordic walking,2716.7
0.1,alpha0p1,106,0,subject106_client0,8726,6,Nordic walking,2717.98
0.1,alpha0p1,106,0,subject106_client0,8727,6,Nordic walking,2719.26
0.1,alpha0p1,106,0,subject106_client0,8728,6,Nordic walking,2720.54
0.1,alpha0p1,106,0,subject106_client0,8729,6,Nordic walking,2721.82
0.1,alpha0p1,106,0,subject106_client0,8730,6,Nordic walking,2723.1
0.1,alpha0p1,106,0,subject106_client0,8731,6,Nordic walking,2724.38
0.1,alpha0p1,106,0,subject106_client0,8732,6,Nordic walking,2725.66
0.1,alpha0p1,106,0,subject106_client0,8733,6,Nordic walking,2726.94
0.1,alpha0p1,106,0,subject106_client0,8734,6,Nordic walking,2728.22
0.1,alpha0p1,106,0,subject106_client0,8735,6,Nordic walking,2729.5
0.1,alpha0p1,106,0,subject106_client0,8736,6,Nordic walking,2730.78
0.1,alpha0p1,106,0,subject106_client0,8737,6,Nordic walking,2732.06
0.1,alpha0p1,106,0,subject106_client0,8738,6,Nordic walking,2733.34
0.1,alpha0p1,106,0,subject106_client0,8739,6,Nordic walking,2734.62
0.1,alpha0p1,106,0,subject106_client0,8740,6,Nordic walking,2735.9
0.1,alpha0p1,106,0,subject106_client0,8741,6,Nordic walking,2737.18
0.1,alpha0p1,106,0,subject106_client0,8742,6,Nordic walking,2738.46
0.1,alpha0p1,106,0,subject106_client0,8743,6,Nordic walking,2739.74
0.1,alpha0p1,106,0,subject106_client0,8744,6,Nordic walking,2741.02
0.1,alpha0p1,106,0,subject106_client0,8745,6,Nordic walking,2742.3
0.1,alpha0p1,106,0,subject106_client0,8746,6,Nordic walking,2743.58
0.1,alpha0p1,106,0,subject106_client0,8747,6,Nordic walking,2744.86
0.1,alpha0p1,106,0,subject106_client0,8748,6,Nordic walking,2746.14
0.1,alpha0p1,106,0,subject106_client0,8749,6,Nordic walking,2747.42
0.1,alpha0p1,106,0,subject106_client0,8750,6,Nordic walking,2748.7
0.1,alpha0p1,106,0,subject106_client0,8751,6,Nordic walking,2749.98
0.1,alpha0p1,106,0,subject106_client0,8752,6,Nordic walking,2751.26
0.1,alpha0p1,106,0,subject106_client0,8753,6,Nordic walking,2752.54
0.1,alpha0p1,106,0,subject106_client0,8754,6,Nordic walking,2753.82
0.1,alpha0p1,106,0,subject106_client0,8755,6,Nordic walking,2755.1
0.1,alpha0p1,106,0,subject106_client0,8756,6,Nordic walking,2756.38
0.1,alpha0p1,106,0,subject106_client0,8757,6,Nordic walking,2757.66
0.1,alpha0p1,106,0,subject106_client0,8758,6,Nordic walking,2758.94
0.1,alpha0p1,106,0,subject106_client0,8759,6,Nordic walking,2760.22
0.1,alpha0p1,106,0,subject106_client0,8760,6,Nordic walking,2761.5
0.1,alpha0p1,106,0,subject106_client0,8761,6,Nordic walking,2762.78
0.1,alpha0p1,106,0,subject106_client0,8762,6,Nordic walking,2764.06
0.1,alpha0p1,106,0,subject106_client0,8763,6,Nordic walking,2765.34
0.1,alpha0p1,106,0,subject106_client0,8764,6,Nordic walking,2766.62
0.1,alpha0p1,106,0,subject106_client0,8765,6,Nordic walking,2767.9
0.1,alpha0p1,106,0,subject106_client0,8766,6,Nordic walking,2769.18
0.1,alpha0p1,106,0,subject106_client0,8767,6,Nordic walking,2770.46
0.1,alpha0p1,106,0,subject106_client0,8768,6,Nordic walking,2771.74
0.1,alpha0p1,106,0,subject106_client0,8769,6,Nordic walking,2773.02
0.1,alpha0p1,106,0,subject106_client0,8770,6,Nordic walking,2774.3
0.1,alpha0p1,106,0,subject106_client0,8771,6,Nordic walking,2775.58
0.1,alpha0p1,106,0,subject106_client0,8772,6,Nordic walking,2776.86
0.1,alpha0p1,106,0,subject106_client0,8773,6,Nordic walking,2778.14
0.1,alpha0p1,106,0,subject106_client0,8774,6,Nordic walking,2779.42
0.1,alpha0p1,106,0,subject106_client0,8775,6,Nordic walking,2780.7
0.1,alpha0p1,106,0,subject106_client0,8776,6,Nordic walking,2781.98
0.1,alpha0p1,106,0,subject106_client0,8777,6,Nordic walking,2783.26
0.1,alpha0p1,106,0,subject106_client0,8778,6,Nordic walking,2784.54
0.1,alpha0p1,106,0,subject106_client0,8779,6,Nordic walking,2785.82
0.1,alpha0p1,106,0,subject106_client0,8780,6,Nordic walking,2787.1
0.1,alpha0p1,106,0,subject106_client0,8781,6,Nordic walking,2788.38
0.1,alpha0p1,106,0,subject106_client0,8782,6,Nordic walking,2789.66
0.1,alpha0p1,106,0,subject106_client0,8783,6,Nordic walking,2790.94
0.1,alpha0p1,106,0,subject106_client0,8784,6,Nordic walking,2792.22
0.1,alpha0p1,106,0,subject106_client0,8785,6,Nordic walking,2793.5
0.1,alpha0p1,106,0,subject106_client0,8786,6,Nordic walking,2794.78
0.1,alpha0p1,106,0,subject106_client0,8787,6,Nordic walking,2796.06
0.1,alpha0p1,106,0,subject106_client0,8788,6,Nordic walking,2797.34
0.1,alpha0p1,106,0,subject106_client0,8789,6,Nordic walking,2798.62
0.1,alpha0p1,106,0,subject106_client0,8790,6,Nordic walking,2799.9
0.1,alpha0p1,106,0,subject106_client0,8791,6,Nordic walking,2801.18
0.1,alpha0p1,106,0,subject106_client0,8792,6,Nordic walking,2802.46
0.1,alpha0p1,106,0,subject106_client0,8793,6,Nordic walking,2803.74
0.1,alpha0p1,106,0,subject106_client0,8794,6,Nordic walking,2805.02
0.1,alpha0p1,106,0,subject106_client0,8795,6,Nordic walking,2806.3
0.1,alpha0p1,106,0,subject106_client0,8796,6,Nordic walking,2807.58
0.1,alpha0p1,106,0,subject106_client0,8797,6,Nordic walking,2808.86
0.1,alpha0p1,106,0,subject106_client0,8798,6,Nordic walking,2810.14
0.1,alpha0p1,106,0,subject106_client0,8799,6,Nordic walking,2811.42
0.1,alpha0p1,106,0,subject106_client0,8800,6,Nordic walking,2812.7
0.1,alpha0p1,106,0,subject106_client0,8801,6,Nordic walking,2813.98
0.1,alpha0p1,106,0,subject106_client0,8802,6,Nordic walking,2815.26
0.1,alpha0p1,106,0,subject106_client0,8803,6,Nordic walking,2816.54
0.1,alpha0p1,106,0,subject106_client0,8804,6,Nordic walking,2817.82
0.1,alpha0p1,106,0,subject106_client0,8805,6,Nordic walking,2819.1
0.1,alpha0p1,106,0,subject106_client0,8806,6,Nordic walking,2820.38
0.1,alpha0p1,106,0,subject106_client0,8807,6,Nordic walking,2821.66
0.1,alpha0p1,106,0,subject106_client0,8808,6,Nordic walking,2822.94
0.1,alpha0p1,106,0,subject106_client0,8809,6,Nordic walking,2824.22
0.1,alpha0p1,106,0,subject106_client0,8810,6,Nordic walking,2825.5
0.1,alpha0p1,106,0,subject106_client0,8811,6,Nordic walking,2826.78
0.1,alpha0p1,106,0,subject106_client0,8812,6,Nordic walking,2828.06
0.1,alpha0p1,106,0,subject106_client0,8813,6,Nordic walking,2829.34
0.1,alpha0p1,106,0,subject106_client0,8814,6,Nordic walking,2830.62
0.1,alpha0p1,106,0,subject106_client0,8815,6,Nordic walking,2831.9
0.1,alpha0p1,106,0,subject106_client0,8816,6,Nordic walking,2833.18
0.1,alpha0p1,106,0,subject106_client0,8817,6,Nordic walking,2834.46
0.1,alpha0p1,106,0,subject106_client0,8818,6,Nordic walking,2835.74
0.1,alpha0p1,106,0,subject106_client0,8819,6,Nordic walking,2837.02
0.1,alpha0p1,106,0,subject106_client0,8820,6,Nordic walking,2838.3
0.1,alpha0p1,106,0,subject106_client0,8821,6,Nordic walking,2839.58
0.1,alpha0p1,106,0,subject106_client0,8822,6,Nordic walking,2840.86
0.1,alpha0p1,106,0,subject106_client0,8823,6,Nordic walking,2842.14
0.1,alpha0p1,106,0,subject106_client0,8824,6,Nordic walking,2843.42
0.1,alpha0p1,106,0,subject106_client0,8825,6,Nordic walking,2844.7
0.1,alpha0p1,106,0,subject106_client0,8826,6,Nordic walking,2845.98
0.1,alpha0p1,106,0,subject106_client0,8827,6,Nordic walking,2847.26
0.1,alpha0p1,106,0,subject106_client0,8828,6,Nordic walking,2848.54
0.1,alpha0p1,106,0,subject106_client0,8829,6,Nordic walking,2849.82
0.1,alpha0p1,106,0,subject106_client0,8830,6,Nordic walking,2851.1
0.1,alpha0p1,106,0,subject106_client0,8831,6,Nordic walking,2852.38
0.1,alpha0p1,106,0,subject106_client0,8832,6,Nordic walking,2853.66
0.1,alpha0p1,106,0,subject106_client0,8833,6,Nordic walking,2854.94
0.1,alpha0p1,106,0,subject106_client0,8834,6,Nordic walking,2856.22
0.1,alpha0p1,106,0,subject106_client0,8835,6,Nordic walking,2857.5
0.1,alpha0p1,106,0,subject106_client0,8836,6,Nordic walking,2858.78
0.1,alpha0p1,106,0,subject106_client0,8837,6,Nordic walking,2860.06
0.1,alpha0p1,106,0,subject106_client0,8838,6,Nordic walking,2861.34
0.1,alpha0p1,106,0,subject106_client0,8839,6,Nordic walking,2862.62
0.1,alpha0p1,106,0,subject106_client0,8840,6,Nordic walking,2863.9
0.1,alpha0p1,106,0,subject106_client0,8841,6,Nordic walking,2865.18
0.1,alpha0p1,106,0,subject106_client0,8842,6,Nordic walking,2866.46
0.1,alpha0p1,106,0,subject106_client0,8843,6,Nordic walking,2867.74
0.1,alpha0p1,106,0,subject106_client0,8844,6,Nordic walking,2869.02
0.1,alpha0p1,106,0,subject106_client0,8845,6,Nordic walking,2870.3
0.1,alpha0p1,106,0,subject106_client0,8846,6,Nordic walking,2871.58
0.1,alpha0p1,106,0,subject106_client0,8847,6,Nordic walking,2872.86
0.1,alpha0p1,106,0,subject106_client0,8848,6,Nordic walking,2874.14
0.1,alpha0p1,106,0,subject106_client0,8849,6,Nordic walking,2875.42
0.1,alpha0p1,106,0,subject106_client0,8850,6,Nordic walking,2876.7
0.1,alpha0p1,106,0,subject106_client0,8851,6,Nordic walking,2877.98
0.1,alpha0p1,106,0,subject106_client0,8852,6,Nordic walking,2879.26
0.1,alpha0p1,106,0,subject106_client0,8853,6,Nordic walking,2880.54
0.1,alpha0p1,106,0,subject106_client0,8854,6,Nordic walking,2881.82
0.1,alpha0p1,106,0,subject106_client0,8855,6,Nordic walking,2883.1
0.1,alpha0p1,106,0,subject106_client0,8856,6,Nordic walking,2884.38
0.1,alpha0p1,106,0,subject106_client0,8857,6,Nordic walking,2885.66
0.1,alpha0p1,106,0,subject106_client0,8858,6,Nordic walking,2886.94
0.1,alpha0p1,106,0,subject106_client0,8859,6,Nordic walking,2888.22
0.1,alpha0p1,106,0,subject106_client0,8860,6,Nordic walking,2889.5
0.1,alpha0p1,106,0,subject106_client0,8861,6,Nordic walking,2890.78
0.1,alpha0p1,106,0,subject106_client0,8862,6,Nordic walking,2892.06
0.1,alpha0p1,106,0,subject106_client0,8863,6,Nordic walking,2893.34
0.1,alpha0p1,106,0,subject106_client0,8864,6,Nordic walking,2894.62
0.1,alpha0p1,106,0,subject106_client0,8865,6,Nordic walking,2895.9
0.1,alpha0p1,106,0,subject106_client0,8866,6,Nordic walking,2897.18
0.1,alpha0p1,106,0,subject106_client0,8867,6,Nordic walking,2898.46
0.1,alpha0p1,106,0,subject106_client0,8868,6,Nordic walking,2899.74
0.1,alpha0p1,106,0,subject106_client0,8869,6,Nordic walking,2901.02
0.1,alpha0p1,106,0,subject106_client0,8870,6,Nordic walking,2902.3
0.1,alpha0p1,106,0,subject106_client0,8871,6,Nordic walking,2903.58
0.1,alpha0p1,106,0,subject106_client0,8872,6,Nordic walking,2904.86
0.1,alpha0p1,106,0,subject106_client0,8873,6,Nordic walking,2906.14
0.1,alpha0p1,106,0,subject106_client0,8874,6,Nordic walking,2907.42
0.1,alpha0p1,106,0,subject106_client0,8875,6,Nordic walking,2908.7
0.1,alpha0p1,106,0,subject106_client0,8876,6,Nordic walking,2909.98
0.1,alpha0p1,106,1,subject106_client1,8877,5,cycling,2998.67
0.1,alpha0p1,106,1,subject106_client1,8878,5,cycling,2999.95
0.1,alpha0p1,106,1,subject106_client1,8879,5,cycling,3001.23
0.1,alpha0p1,106,1,subject106_client1,8880,5,cycling,3002.51
0.1,alpha0p1,106,1,subject106_client1,8881,5,cycling,3003.79
0.1,alpha0p1,106,1,subject106_client1,8882,5,cycling,3005.07
0.1,alpha0p1,106,1,subject106_client1,8883,5,cycling,3006.35
0.1,alpha0p1,106,1,subject106_client1,8884,5,cycling,3007.63
0.1,alpha0p1,106,1,subject106_client1,8885,5,cycling,3008.91
0.1,alpha0p1,106,1,subject106_client1,8886,5,cycling,3010.19
0.1,alpha0p1,106,1,subject106_client1,8887,5,cycling,3011.47
0.1,alpha0p1,106,1,subject106_client1,8888,5,cycling,3012.75
0.1,alpha0p1,106,1,subject106_client1,8889,5,cycling,3014.03
0.1,alpha0p1,106,1,subject106_client1,8890,5,cycling,3015.31
0.1,alpha0p1,106,1,subject106_client1,8891,5,cycling,3016.59
0.1,alpha0p1,106,1,subject106_client1,8892,5,cycling,3017.87
0.1,alpha0p1,106,1,subject106_client1,8893,5,cycling,3019.15
0.1,alpha0p1,106,1,subject106_client1,8894,5,cycling,3020.43
0.1,alpha0p1,106,1,subject106_client1,8895,5,cycling,3021.71
0.1,alpha0p1,106,1,subject106_client1,8896,5,cycling,3022.99
0.1,alpha0p1,106,1,subject106_client1,8897,5,cycling,3024.27
0.1,alpha0p1,106,1,subject106_client1,8898,5,cycling,3025.55
0.1,alpha0p1,106,1,subject106_client1,8899,5,cycling,3026.83
0.1,alpha0p1,106,1,subject106_client1,8900,5,cycling,3028.11
0.1,alpha0p1,106,1,subject106_client1,8901,5,cycling,3029.39
0.1,alpha0p1,106,1,subject106_client1,8902,5,cycling,3030.67
0.1,alpha0p1,106,1,subject106_client1,8903,5,cycling,3031.95
0.1,alpha0p1,106,1,subject106_client1,8904,5,cycling,3033.23
0.1,alpha0p1,106,1,subject106_client1,8905,5,cycling,3034.51
0.1,alpha0p1,106,1,subject106_client1,8906,5,cycling,3035.79
0.1,alpha0p1,106,1,subject106_client1,8907,5,cycling,3037.07
0.1,alpha0p1,106,1,subject106_client1,8908,5,cycling,3038.35
0.1,alpha0p1,106,1,subject106_client1,8909,5,cycling,3039.63
0.1,alpha0p1,106,1,subject106_client1,8910,5,cycling,3040.91
0.1,alpha0p1,106,1,subject106_client1,8911,5,cycling,3042.19
0.1,alpha0p1,106,1,subject106_client1,8912,5,cycling,3043.47
0.1,alpha0p1,106,1,subject106_client1,8913,5,cycling,3044.75
0.1,alpha0p1,106,1,subject106_client1,8914,5,cycling,3046.03
0.1,alpha0p1,106,1,subject106_client1,8915,5,cycling,3047.31
0.1,alpha0p1,106,1,subject106_client1,8916,5,cycling,3048.59
0.1,alpha0p1,106,1,subject106_client1,8917,5,cycling,3049.87
0.1,alpha0p1,106,1,subject106_client1,8918,5,cycling,3051.15
0.1,alpha0p1,106,1,subject106_client1,8919,5,cycling,3052.43
0.1,alpha0p1,106,1,subject106_client1,8920,5,cycling,3053.71
0.1,alpha0p1,106,1,subject106_client1,8921,5,cycling,3054.99
0.1,alpha0p1,106,1,subject106_client1,8922,5,cycling,3056.27
0.1,alpha0p1,106,1,subject106_client1,8923,5,cycling,3057.55
0.1,alpha0p1,106,1,subject106_client1,8924,5,cycling,3058.83
0.1,alpha0p1,106,1,subject106_client1,8925,5,cycling,3060.11
0.1,alpha0p1,106,1,subject106_client1,8926,5,cycling,3061.39
0.1,alpha0p1,106,1,subject106_client1,8927,5,cycling,3062.67
0.1,alpha0p1,106,1,subject106_client1,8928,5,cycling,3063.95
0.1,alpha0p1,106,1,subject106_client1,8929,5,cycling,3065.23
0.1,alpha0p1,106,1,subject106_client1,8930,5,cycling,3066.51
0.1,alpha0p1,106,1,subject106_client1,8931,5,cycling,3067.79
0.1,alpha0p1,106,1,subject106_client1,8932,5,cycling,3069.07
0.1,alpha0p1,106,1,subject106_client1,8933,5,cycling,3070.35
0.1,alpha0p1,106,1,subject106_client1,8934,5,cycling,3071.63
0.1,alpha0p1,106,1,subject106_client1,8935,5,cycling,3072.91
0.1,alpha0p1,106,1,subject106_client1,8936,5,cycling,3074.19
0.1,alpha0p1,106,1,subject106_client1,8937,5,cycling,3075.47
0.1,alpha0p1,106,1,subject106_client1,8938,5,cycling,3076.75
0.1,alpha0p1,106,1,subject106_client1,8939,5,cycling,3078.03
0.1,alpha0p1,106,1,subject106_client1,8940,5,cycling,3079.31
0.1,alpha0p1,106,1,subject106_client1,8941,5,cycling,3080.59
0.1,alpha0p1,106,1,subject106_client1,8942,5,cycling,3081.87
0.1,alpha0p1,106,1,subject106_client1,8943,5,cycling,3083.15
0.1,alpha0p1,106,1,subject106_client1,8944,5,cycling,3084.43
0.1,alpha0p1,106,1,subject106_client1,8945,5,cycling,3085.71
0.1,alpha0p1,106,1,subject106_client1,8946,5,cycling,3086.99
0.1,alpha0p1,106,1,subject106_client1,8947,5,cycling,3088.27
0.1,alpha0p1,106,1,subject106_client1,8948,5,cycling,3089.55
0.1,alpha0p1,106,1,subject106_client1,8949,5,cycling,3090.83
0.1,alpha0p1,106,1,subject106_client1,8950,5,cycling,3092.11
0.1,alpha0p1,106,1,subject106_client1,8951,5,cycling,3093.39
0.1,alpha0p1,106,1,subject106_client1,8952,5,cycling,3094.67
0.1,alpha0p1,106,1,subject106_client1,8953,5,cycling,3095.95
0.1,alpha0p1,106,1,subject106_client1,8954,5,cycling,3097.23
0.1,alpha0p1,106,1,subject106_client1,8955,5,cycling,3098.51
0.1,alpha0p1,106,1,subject106_client1,8956,5,cycling,3099.79
0.1,alpha0p1,106,1,subject106_client1,8957,5,cycling,3101.07
0.1,alpha0p1,106,1,subject106_client1,8958,5,cycling,3102.35
0.1,alpha0p1,106,1,subject106_client1,8959,5,cycling,3103.63
0.1,alpha0p1,106,1,subject106_client1,8960,5,cycling,3104.91
0.1,alpha0p1,106,1,subject106_client1,8961,5,cycling,3106.19
0.1,alpha0p1,106,1,subject106_client1,8962,5,cycling,3107.47
0.1,alpha0p1,106,1,subject106_client1,8963,5,cycling,3108.75
0.1,alpha0p1,106,1,subject106_client1,8964,5,cycling,3110.03
0.1,alpha0p1,106,1,subject106_client1,8965,5,cycling,3111.31
0.1,alpha0p1,106,1,subject106_client1,8966,5,cycling,3112.59
0.1,alpha0p1,106,1,subject106_client1,8967,5,cycling,3113.87
0.1,alpha0p1,106,1,subject106_client1,8968,5,cycling,3115.15
0.1,alpha0p1,106,1,subject106_client1,8969,5,cycling,3116.43
0.1,alpha0p1,106,1,subject106_client1,8970,5,cycling,3117.71
0.1,alpha0p1,106,1,subject106_client1,8971,5,cycling,3118.99
0.1,alpha0p1,106,1,subject106_client1,8972,5,cycling,3120.27
0.1,alpha0p1,106,1,subject106_client1,8973,5,cycling,3121.55
0.1,alpha0p1,106,1,subject106_client1,8974,5,cycling,3122.83
0.1,alpha0p1,106,1,subject106_client1,8975,5,cycling,3124.11
0.1,alpha0p1,106,1,subject106_client1,8976,5,cycling,3125.39
0.1,alpha0p1,106,1,subject106_client1,8977,5,cycling,3126.67
0.1,alpha0p1,106,1,subject106_client1,8978,5,cycling,3127.95
0.1,alpha0p1,106,1,subject106_client1,8979,5,cycling,3129.23
0.1,alpha0p1,106,1,subject106_client1,8980,5,cycling,3130.51
0.1,alpha0p1,106,1,subject106_client1,8981,5,cycling,3131.79
0.1,alpha0p1,106,1,subject106_client1,8982,5,cycling,3133.07
0.1,alpha0p1,106,1,subject106_client1,8983,5,cycling,3134.35
0.1,alpha0p1,106,1,subject106_client1,8984,5,cycling,3135.63
0.1,alpha0p1,106,1,subject106_client1,8985,5,cycling,3136.91
0.1,alpha0p1,106,1,subject106_client1,8986,5,cycling,3138.19
0.1,alpha0p1,106,1,subject106_client1,8987,5,cycling,3139.47
0.1,alpha0p1,106,1,subject106_client1,8988,5,cycling,3140.75
0.1,alpha0p1,106,1,subject106_client1,8989,5,cycling,3142.03
0.1,alpha0p1,106,1,subject106_client1,8990,5,cycling,3143.31
0.1,alpha0p1,106,1,subject106_client1,8991,5,cycling,3144.59
0.1,alpha0p1,106,1,subject106_client1,8992,5,cycling,3145.87
0.1,alpha0p1,106,1,subject106_client1,8993,5,cycling,3147.15
0.1,alpha0p1,106,1,subject106_client1,8994,5,cycling,3148.43
0.1,alpha0p1,106,1,subject106_client1,8995,5,cycling,3149.71
0.1,alpha0p1,106,1,subject106_client1,8996,5,cycling,3150.99
0.1,alpha0p1,106,1,subject106_client1,8997,5,cycling,3152.27
0.1,alpha0p1,106,1,subject106_client1,8998,5,cycling,3153.55
0.1,alpha0p1,106,1,subject106_client1,8999,5,cycling,3154.83
0.1,alpha0p1,106,1,subject106_client1,9000,5,cycling,3156.11
0.1,alpha0p1,106,1,subject106_client1,9001,5,cycling,3157.39
0.1,alpha0p1,106,1,subject106_client1,9002,5,cycling,3158.67
0.1,alpha0p1,106,1,subject106_client1,9003,5,cycling,3159.95
0.1,alpha0p1,106,1,subject106_client1,9004,5,cycling,3161.23
0.1,alpha0p1,106,1,subject106_client1,9005,5,cycling,3162.51
0.1,alpha0p1,106,1,subject106_client1,9006,5,cycling,3163.79
0.1,alpha0p1,106,1,subject106_client1,9007,5,cycling,3165.07
0.1,alpha0p1,106,1,subject106_client1,9008,5,cycling,3166.35
0.1,alpha0p1,106,1,subject106_client1,9009,5,cycling,3167.63
0.1,alpha0p1,106,1,subject106_client1,9010,5,cycling,3168.91
0.1,alpha0p1,106,1,subject106_client1,9011,5,cycling,3170.19
0.1,alpha0p1,106,1,subject106_client1,9012,5,cycling,3171.47
0.1,alpha0p1,106,1,subject106_client1,9013,5,cycling,3172.75
0.1,alpha0p1,106,1,subject106_client1,9014,5,cycling,3174.03
0.1,alpha0p1,106,1,subject106_client1,9015,5,cycling,3175.31
0.1,alpha0p1,106,1,subject106_client1,9016,5,cycling,3176.59
0.1,alpha0p1,106,1,subject106_client1,9017,5,cycling,3177.87
0.1,alpha0p1,106,1,subject106_client1,9018,5,cycling,3179.15
0.1,alpha0p1,106,1,subject106_client1,9019,5,cycling,3180.43
0.1,alpha0p1,106,1,subject106_client1,9020,5,cycling,3181.71
0.1,alpha0p1,106,1,subject106_client1,9021,5,cycling,3182.99
0.1,alpha0p1,106,1,subject106_client1,9022,5,cycling,3184.27
0.1,alpha0p1,106,1,subject106_client1,9023,5,cycling,3185.55
0.1,alpha0p1,106,1,subject106_client1,9024,5,cycling,3186.83
0.1,alpha0p1,106,1,subject106_client1,9025,5,cycling,3188.11
0.1,alpha0p1,106,1,subject106_client1,9026,5,cycling,3189.39
0.1,alpha0p1,106,1,subject106_client1,9027,5,cycling,3190.67
0.1,alpha0p1,106,1,subject106_client1,9028,5,cycling,3191.95
0.1,alpha0p1,106,1,subject106_client1,9029,5,cycling,3193.23
0.1,alpha0p1,106,1,subject106_client1,9030,5,cycling,3194.51
0.1,alpha0p1,106,1,subject106_client1,9031,5,cycling,3195.79
0.1,alpha0p1,106,1,subject106_client1,9032,5,cycling,3197.07
0.1,alpha0p1,106,1,subject106_client1,9033,5,cycling,3198.35
0.1,alpha0p1,106,1,subject106_client1,9034,5,cycling,3199.63
0.1,alpha0p1,106,1,subject106_client1,9035,5,cycling,3200.91
0.1,alpha0p1,106,1,subject106_client1,9036,4,running,3283.38
0.1,alpha0p1,106,1,subject106_client1,9037,4,running,3284.66
0.1,alpha0p1,106,1,subject106_client1,9038,4,running,3285.94
0.1,alpha0p1,106,1,subject106_client1,9039,4,running,3287.22
0.1,alpha0p1,106,1,subject106_client1,9040,4,running,3288.5
0.1,alpha0p1,106,2,subject106_client2,9042,4,running,3291.06
0.1,alpha0p1,106,2,subject106_client2,9043,4,running,3292.34
0.1,alpha0p1,106,2,subject106_client2,9044,4,running,3293.62
0.1,alpha0p1,106,2,subject106_client2,9045,4,running,3294.9
0.1,alpha0p1,106,2,subject106_client2,9046,4,running,3296.18
0.1,alpha0p1,106,2,subject106_client2,9047,4,running,3297.46
0.1,alpha0p1,106,2,subject106_client2,9048,4,running,3298.74
0.1,alpha0p1,106,2,subject106_client2,9049,4,running,3300.02
0.1,alpha0p1,106,2,subject106_client2,9050,4,running,3301.3
0.1,alpha0p1,106,2,subject106_client2,9051,4,running,3302.58
0.1,alpha0p1,106,2,subject106_client2,9052,4,running,3303.86
0.1,alpha0p1,106,2,subject106_client2,9053,4,running,3305.14
0.1,alpha0p1,106,2,subject106_client2,9054,4,running,3306.42
0.1,alpha0p1,106,2,subject106_client2,9055,4,running,3307.7
0.1,alpha0p1,106,2,subject106_client2,9056,4,running,3308.98
0.1,alpha0p1,106,2,subject106_client2,9057,4,running,3310.26
0.1,alpha0p1,106,2,subject106_client2,9058,4,running,3311.54
0.1,alpha0p1,106,2,subject106_client2,9059,4,running,3312.82
0.1,alpha0p1,106,2,subject106_client2,9060,4,running,3314.1
0.1,alpha0p1,106,2,subject106_client2,9061,4,running,3315.38
0.1,alpha0p1,106,2,subject106_client2,9062,4,running,3316.66
0.1,alpha0p1,106,2,subject106_client2,9063,4,running,3317.94
0.1,alpha0p1,106,2,subject106_client2,9064,4,running,3319.22
0.1,alpha0p1,106,2,subject106_client2,9065,4,running,3320.5
0.1,alpha0p1,106,2,subject106_client2,9066,4,running,3321.78
0.1,alpha0p1,106,2,subject106_client2,9067,4,running,3323.06
0.1,alpha0p1,106,2,subject106_client2,9068,4,running,3324.34
0.1,alpha0p1,106,2,subject106_client2,9069,4,running,3325.62
0.1,alpha0p1,106,2,subject106_client2,9070,4,running,3326.9
0.1,alpha0p1,106,2,subject106_client2,9071,4,running,3328.18
0.1,alpha0p1,106,2,subject106_client2,9072,4,running,3329.46
0.1,alpha0p1,106,2,subject106_client2,9073,4,running,3330.74
0.1,alpha0p1,106,2,subject106_client2,9074,4,running,3332.02
0.1,alpha0p1,106,2,subject106_client2,9075,4,running,3333.3
0.1,alpha0p1,106,2,subject106_client2,9076,4,running,3334.58
0.1,alpha0p1,106,2,subject106_client2,9077,4,running,3335.86
0.1,alpha0p1,106,2,subject106_client2,9078,4,running,3337.14
0.1,alpha0p1,106,2,subject106_client2,9079,4,running,3338.42
0.1,alpha0p1,106,2,subject106_client2,9080,4,running,3339.7
0.1,alpha0p1,106,2,subject106_client2,9081,4,running,3340.98
0.1,alpha0p1,106,2,subject106_client2,9082,4,running,3342.26
0.1,alpha0p1,106,2,subject106_client2,9083,4,running,3343.54
0.1,alpha0p1,106,2,subject106_client2,9084,4,running,3344.82
0.1,alpha0p1,106,2,subject106_client2,9085,4,running,3346.1
0.1,alpha0p1,106,2,subject106_client2,9086,4,running,3347.38
0.1,alpha0p1,106,2,subject106_client2,9087,4,running,3348.66
0.1,alpha0p1,106,2,subject106_client2,9088,4,running,3349.94
0.1,alpha0p1,106,2,subject106_client2,9089,4,running,3351.22
0.1,alpha0p1,106,2,subject106_client2,9090,4,running,3352.5
0.1,alpha0p1,106,2,subject106_client2,9091,4,running,3353.78
0.1,alpha0p1,106,2,subject106_client2,9092,4,running,3355.06
0.1,alpha0p1,106,2,subject106_client2,9093,4,running,3356.34
0.1,alpha0p1,106,2,subject106_client2,9094,4,running,3357.62
0.1,alpha0p1,106,2,subject106_client2,9095,4,running,3358.9
0.1,alpha0p1,106,2,subject106_client2,9096,4,running,3360.18
0.1,alpha0p1,106,2,subject106_client2,9097,4,running,3361.46
0.1,alpha0p1,106,2,subject106_client2,9098,4,running,3362.74
0.1,alpha0p1,106,2,subject106_client2,9099,4,running,3364.02
0.1,alpha0p1,106,2,subject106_client2,9100,4,running,3365.3
0.1,alpha0p1,106,2,subject106_client2,9101,4,running,3366.58
0.1,alpha0p1,106,2,subject106_client2,9102,4,running,3367.86
0.1,alpha0p1,106,2,subject106_client2,9103,4,running,3369.14
0.1,alpha0p1,106,2,subject106_client2,9104,4,running,3370.42
0.1,alpha0p1,106,2,subject106_client2,9105,4,running,3371.7
0.1,alpha0p1,106,2,subject106_client2,9106,4,running,3372.98
0.1,alpha0p1,106,2,subject106_client2,9107,4,running,3374.26
0.1,alpha0p1,106,2,subject106_client2,9108,4,running,3375.54
0.1,alpha0p1,106,2,subject106_client2,9109,4,running,3376.82
0.1,alpha0p1,106,2,subject106_client2,9110,4,running,3378.1
0.1,alpha0p1,106,2,subject106_client2,9111,4,running,3379.38
0.1,alpha0p1,106,2,subject106_client2,9112,4,running,3380.66
0.1,alpha0p1,106,2,subject106_client2,9113,4,running,3381.94
0.1,alpha0p1,106,2,subject106_client2,9114,4,running,3383.22
0.1,alpha0p1,106,2,subject106_client2,9115,4,running,3384.5
0.1,alpha0p1,106,2,subject106_client2,9116,4,running,3385.78
0.1,alpha0p1,106,2,subject106_client2,9117,4,running,3387.06
0.1,alpha0p1,106,2,subject106_client2,9118,4,running,3388.34
0.1,alpha0p1,106,2,subject106_client2,9119,4,running,3389.62
0.1,alpha0p1,106,2,subject106_client2,9120,4,running,3390.9
0.1,alpha0p1,106,2,subject106_client2,9121,4,running,3392.18
0.1,alpha0p1,106,2,subject106_client2,9122,4,running,3393.46
0.1,alpha0p1,106,2,subject106_client2,9123,4,running,3394.74
0.1,alpha0p1,106,2,subject106_client2,9124,4,running,3396.02
0.1,alpha0p1,106,2,subject106_client2,9125,4,running,3397.3
0.1,alpha0p1,106,2,subject106_client2,9126,4,running,3398.58
0.1,alpha0p1,106,2,subject106_client2,9127,4,running,3399.86
0.1,alpha0p1,106,2,subject106_client2,9128,4,running,3401.14
0.1,alpha0p1,106,2,subject106_client2,9129,4,running,3402.42
0.1,alpha0p1,106,2,subject106_client2,9130,4,running,3403.7
0.1,alpha0p1,106,2,subject106_client2,9131,4,running,3404.98
0.1,alpha0p1,106,2,subject106_client2,9132,4,running,3406.26
0.1,alpha0p1,106,2,subject106_client2,9133,4,running,3407.54
0.1,alpha0p1,106,2,subject106_client2,9134,4,running,3408.82
0.1,alpha0p1,106,2,subject106_client2,9135,4,running,3410.1
0.1,alpha0p1,106,2,subject106_client2,9136,4,running,3411.38
0.1,alpha0p1,106,2,subject106_client2,9137,4,running,3412.66
0.1,alpha0p1,106,2,subject106_client2,9138,4,running,3413.94
0.1,alpha0p1,106,2,subject106_client2,9139,4,running,3415.22
0.1,alpha0p1,106,2,subject106_client2,9140,4,running,3416.5
0.1,alpha0p1,106,2,subject106_client2,9141,4,running,3417.78
0.1,alpha0p1,106,2,subject106_client2,9142,4,running,3419.06
0.1,alpha0p1,106,2,subject106_client2,9143,4,running,3420.34
0.1,alpha0p1,106,2,subject106_client2,9144,4,running,3421.62
0.1,alpha0p1,106,2,subject106_client2,9145,4,running,3422.9
0.1,alpha0p1,106,2,subject106_client2,9146,4,running,3424.18
0.1,alpha0p1,106,2,subject106_client2,9147,4,running,3425.46
0.1,alpha0p1,106,2,subject106_client2,9148,4,running,3426.74
0.1,alpha0p1,106,2,subject106_client2,9149,4,running,3428.02
0.1,alpha0p1,106,2,subject106_client2,9150,4,running,3429.3
0.1,alpha0p1,106,2,subject106_client2,9151,4,running,3430.58
0.1,alpha0p1,106,2,subject106_client2,9152,4,running,3431.86
0.1,alpha0p1,106,2,subject106_client2,9153,4,running,3433.14
0.1,alpha0p1,106,2,subject106_client2,9154,4,running,3434.42
0.1,alpha0p1,106,2,subject106_client2,9155,4,running,3435.7
0.1,alpha0p1,106,2,subject106_client2,9156,4,running,3436.98
0.1,alpha0p1,106,2,subject106_client2,9157,4,running,3438.26
0.1,alpha0p1,106,2,subject106_client2,9158,4,running,3439.54
0.1,alpha0p1,106,2,subject106_client2,9159,4,running,3440.82
0.1,alpha0p1,106,2,subject106_client2,9160,4,running,3442.1
0.1,alpha0p1,106,2,subject106_client2,9161,4,running,3443.38
0.1,alpha0p1,106,2,subject106_client2,9162,4,running,3444.66
0.1,alpha0p1,106,2,subject106_client2,9163,4,running,3445.94
0.1,alpha0p1,106,2,subject106_client2,9164,4,running,3447.22
0.1,alpha0p1,106,2,subject106_client2,9165,4,running,3448.5
0.1,alpha0p1,106,2,subject106_client2,9166,4,running,3449.78
0.1,alpha0p1,106,2,subject106_client2,9167,4,running,3451.06
0.1,alpha0p1,106,2,subject106_client2,9168,4,running,3452.34
0.1,alpha0p1,106,2,subject106_client2,9169,4,running,3453.62
0.1,alpha0p1,106,2,subject106_client2,9170,4,running,3454.9
0.1,alpha0p1,106,2,subject106_client2,9171,4,running,3456.18
0.1,alpha0p1,106,2,subject106_client2,9172,4,running,3457.46
0.1,alpha0p1,106,2,subject106_client2,9173,4,running,3458.74
0.1,alpha0p1,106,2,subject106_client2,9174,4,running,3460.02
0.1,alpha0p1,106,2,subject106_client2,9175,4,running,3461.3
0.1,alpha0p1,106,2,subject106_client2,9176,4,running,3462.58
0.1,alpha0p1,106,2,subject106_client2,9177,4,running,3463.86
0.1,alpha0p1,106,2,subject106_client2,9178,4,running,3465.14
0.1,alpha0p1,106,2,subject106_client2,9179,4,running,3466.42
0.1,alpha0p1,106,2,subject106_client2,9180,4,running,3467.7
0.1,alpha0p1,106,2,subject106_client2,9181,4,running,3468.98
0.1,alpha0p1,106,2,subject106_client2,9182,4,running,3470.26
0.1,alpha0p1,106,2,subject106_client2,9183,4,running,3471.54
0.1,alpha0p1,106,2,subject106_client2,9184,4,running,3472.82
0.1,alpha0p1,106,2,subject106_client2,9185,4,running,3474.1
0.1,alpha0p1,106,2,subject106_client2,9186,4,running,3475.38
0.1,alpha0p1,106,2,subject106_client2,9187,4,running,3476.66
0.1,alpha0p1,106,2,subject106_client2,9188,4,running,3477.94
0.1,alpha0p1,106,2,subject106_client2,9189,4,running,3479.22
0.1,alpha0p1,106,2,subject106_client2,9190,4,running,3480.5
0.1,alpha0p1,106,2,subject106_client2,9191,4,running,3481.78
0.1,alpha0p1,106,2,subject106_client2,9192,4,running,3483.06
0.1,alpha0p1,106,2,subject106_client2,9193,4,running,3484.34
0.1,alpha0p1,106,2,subject106_client2,9194,4,running,3485.62
0.1,alpha0p1,106,2,subject106_client2,9195,4,running,3486.9
0.1,alpha0p1,106,2,subject106_client2,9196,4,running,3488.18
0.1,alpha0p1,106,2,subject106_client2,9197,4,running,3489.46
0.1,alpha0p1,106,2,subject106_client2,9198,4,running,3490.74
0.1,alpha0p1,106,2,subject106_client2,9199,4,running,3492.02
0.1,alpha0p1,106,2,subject106_client2,9200,4,running,3493.3
0.1,alpha0p1,106,2,subject106_client2,9201,4,running,3494.58
0.1,alpha0p1,106,2,subject106_client2,9202,4,running,3495.86
0.1,alpha0p1,106,2,subject106_client2,9203,4,running,3497.14
0.1,alpha0p1,106,2,subject106_client2,9204,4,running,3498.42
0.1,alpha0p1,106,2,subject106_client2,9205,4,running,3499.7
0.1,alpha0p1,106,2,subject106_client2,9206,4,running,3500.98
0.1,alpha0p1,106,2,subject106_client2,9207,4,running,3502.26
0.1,alpha0p1,106,2,subject106_client2,9208,4,running,3503.54
0.1,alpha0p1,106,2,subject106_client2,9209,4,running,3504.82
0.1,alpha0p1,106,2,subject106_client2,9210,4,running,3506.1
0.1,alpha0p1,106,2,subject106_client2,9211,4,running,3507.38
0.1,alpha0p1,106,2,subject106_client2,9212,4,running,3508.66
0.1,alpha0p1,106,3,subject106_client3,9213,11,rope jumping,3621.5
0.1,alpha0p1,107,1,subject107_client1,9214,0,lying,84.28
0.1,alpha0p1,107,1,subject107_client1,9215,0,lying,85.56
0.1,alpha0p1,107,1,subject107_client1,9216,0,lying,86.84
0.1,alpha0p1,107,1,subject107_client1,9217,0,lying,88.12
0.1,alpha0p1,107,1,subject107_client1,9218,0,lying,89.4
0.1,alpha0p1,107,1,subject107_client1,9219,0,lying,90.68
0.1,alpha0p1,107,1,subject107_client1,9220,0,lying,91.96
0.1,alpha0p1,107,1,subject107_client1,9221,0,lying,93.24
0.1,alpha0p1,107,1,subject107_client1,9222,0,lying,94.52
0.1,alpha0p1,107,1,subject107_client1,9223,0,lying,95.8
0.1,alpha0p1,107,1,subject107_client1,9224,0,lying,97.08
0.1,alpha0p1,107,1,subject107_client1,9225,0,lying,98.36
0.1,alpha0p1,107,1,subject107_client1,9226,0,lying,99.64
0.1,alpha0p1,107,1,subject107_client1,9227,0,lying,100.92
0.1,alpha0p1,107,3,subject107_client3,9229,0,lying,103.48
0.1,alpha0p1,107,3,subject107_client3,9230,0,lying,104.76
0.1,alpha0p1,107,3,subject107_client3,9231,0,lying,106.04
0.1,alpha0p1,107,3,subject107_client3,9232,0,lying,107.32
0.1,alpha0p1,107,3,subject107_client3,9233,0,lying,108.6
0.1,alpha0p1,107,3,subject107_client3,9234,0,lying,109.88
0.1,alpha0p1,107,3,subject107_client3,9235,0,lying,111.16
0.1,alpha0p1,107,3,subject107_client3,9236,0,lying,112.44
0.1,alpha0p1,107,3,subject107_client3,9237,0,lying,113.72
0.1,alpha0p1,107,3,subject107_client3,9238,0,lying,115.0
0.1,alpha0p1,107,3,subject107_client3,9239,0,lying,116.28
0.1,alpha0p1,107,3,subject107_client3,9240,0,lying,117.56
0.1,alpha0p1,107,3,subject107_client3,9241,0,lying,118.84
0.1,alpha0p1,107,3,subject107_client3,9242,0,lying,120.12
0.1,alpha0p1,107,3,subject107_client3,9243,0,lying,121.4
0.1,alpha0p1,107,3,subject107_client3,9244,0,lying,122.68
0.1,alpha0p1,107,3,subject107_client3,9245,0,lying,123.96
0.1,alpha0p1,107,3,subject107_client3,9246,0,lying,125.24
0.1,alpha0p1,107,3,subject107_client3,9247,0,lying,126.52
0.1,alpha0p1,107,3,subject107_client3,9248,0,lying,127.8
0.1,alpha0p1,107,3,subject107_client3,9249,0,lying,129.08
0.1,alpha0p1,107,3,subject107_client3,9250,0,lying,130.36
0.1,alpha0p1,107,3,subject107_client3,9251,0,lying,131.64
0.1,alpha0p1,107,3,subject107_client3,9252,0,lying,132.92
0.1,alpha0p1,107,3,subject107_client3,9253,0,lying,134.2
0.1,alpha0p1,107,3,subject107_client3,9254,0,lying,135.48
0.1,alpha0p1,107,3,subject107_client3,9255,0,lying,136.76
0.1,alpha0p1,107,3,subject107_client3,9256,0,lying,138.04
0.1,alpha0p1,107,3,subject107_client3,9257,0,lying,139.32
0.1,alpha0p1,107,3,subject107_client3,9258,0,lying,140.6
0.1,alpha0p1,107,3,subject107_client3,9259,0,lying,141.88
0.1,alpha0p1,107,3,subject107_client3,9260,0,lying,143.16
0.1,alpha0p1,107,3,subject107_client3,9261,0,lying,144.44
0.1,alpha0p1,107,3,subject107_client3,9262,0,lying,145.72
0.1,alpha0p1,107,3,subject107_client3,9263,0,lying,147.0
0.1,alpha0p1,107,3,subject107_client3,9264,0,lying,148.28
0.1,alpha0p1,107,3,subject107_client3,9265,0,lying,149.56
0.1,alpha0p1,107,3,subject107_client3,9266,0,lying,150.84
0.1,alpha0p1,107,3,subject107_client3,9267,0,lying,152.12
0.1,alpha0p1,107,3,subject107_client3,9268,0,lying,153.4
0.1,alpha0p1,107,3,subject107_client3,9269,0,lying,154.68
0.1,alpha0p1,107,3,subject107_client3,9270,0,lying,155.96
0.1,alpha0p1,107,3,subject107_client3,9271,0,lying,157.24
0.1,alpha0p1,107,3,subject107_client3,9272,0,lying,158.52
0.1,alpha0p1,107,3,subject107_client3,9273,0,lying,159.8
0.1,alpha0p1,107,3,subject107_client3,9274,0,lying,161.08
0.1,alpha0p1,107,3,subject107_client3,9275,0,lying,162.36
0.1,alpha0p1,107,3,subject107_client3,9276,0,lying,163.64
0.1,alpha0p1,107,3,subject107_client3,9277,0,lying,164.92
0.1,alpha0p1,107,3,subject107_client3,9278,0,lying,166.2
0.1,alpha0p1,107,3,subject107_client3,9279,0,lying,167.48
0.1,alpha0p1,107,3,subject107_client3,9280,0,lying,168.76
0.1,alpha0p1,107,3,subject107_client3,9281,0,lying,170.04
0.1,alpha0p1,107,3,subject107_client3,9282,0,lying,171.32
0.1,alpha0p1,107,3,subject107_client3,9283,0,lying,172.6
0.1,alpha0p1,107,3,subject107_client3,9284,0,lying,173.88
0.1,alpha0p1,107,3,subject107_client3,9285,0,lying,175.16
0.1,alpha0p1,107,3,subject107_client3,9286,0,lying,176.44
0.1,alpha0p1,107,3,subject107_client3,9287,0,lying,177.72
0.1,alpha0p1,107,3,subject107_client3,9288,0,lying,179.0
0.1,alpha0p1,107,3,subject107_client3,9289,0,lying,180.28
0.1,alpha0p1,107,3,subject107_client3,9290,0,lying,181.56
0.1,alpha0p1,107,3,subject107_client3,9291,0,lying,182.84
0.1,alpha0p1,107,3,subject107_client3,9292,0,lying,184.12
0.1,alpha0p1,107,3,subject107_client3,9293,0,lying,185.4
0.1,alpha0p1,107,3,subject107_client3,9294,0,lying,186.68
0.1,alpha0p1,107,3,subject107_client3,9295,0,lying,187.96
0.1,alpha0p1,107,3,subject107_client3,9296,0,lying,189.24
0.1,alpha0p1,107,3,subject107_client3,9297,0,lying,190.52
0.1,alpha0p1,107,3,subject107_client3,9298,0,lying,191.8
0.1,alpha0p1,107,3,subject107_client3,9299,0,lying,193.08
0.1,alpha0p1,107,3,subject107_client3,9300,0,lying,194.36
0.1,alpha0p1,107,3,subject107_client3,9301,0,lying,195.64
0.1,alpha0p1,107,3,subject107_client3,9302,0,lying,196.92
0.1,alpha0p1,107,3,subject107_client3,9303,0,lying,198.2
0.1,alpha0p1,107,3,subject107_client3,9304,0,lying,199.48
0.1,alpha0p1,107,3,subject107_client3,9305,0,lying,200.76
0.1,alpha0p1,107,3,subject107_client3,9306,0,lying,202.04
0.1,alpha0p1,107,3,subject107_client3,9307,0,lying,203.32
0.1,alpha0p1,107,3,subject107_client3,9308,0,lying,204.6
0.1,alpha0p1,107,3,subject107_client3,9309,0,lying,205.88
0.1,alpha0p1,107,3,subject107_client3,9310,0,lying,207.16
0.1,alpha0p1,107,3,subject107_client3,9311,0,lying,208.44
0.1,alpha0p1,107,3,subject107_client3,9312,0,lying,209.72
0.1,alpha0p1,107,3,subject107_client3,9313,0,lying,211.0
0.1,alpha0p1,107,3,subject107_client3,9314,0,lying,212.28
0.1,alpha0p1,107,3,subject107_client3,9315,0,lying,213.56
0.1,alpha0p1,107,3,subject107_client3,9316,0,lying,214.84
0.1,alpha0p1,107,3,subject107_client3,9317,0,lying,216.12
0.1,alpha0p1,107,3,subject107_client3,9318,0,lying,217.4
0.1,alpha0p1,107,3,subject107_client3,9319,0,lying,218.68
0.1,alpha0p1,107,3,subject107_client3,9320,0,lying,219.96
0.1,alpha0p1,107,3,subject107_client3,9321,0,lying,221.24
0.1,alpha0p1,107,3,subject107_client3,9322,0,lying,222.52
0.1,alpha0p1,107,3,subject107_client3,9323,0,lying,223.8
0.1,alpha0p1,107,3,subject107_client3,9324,0,lying,225.08
0.1,alpha0p1,107,3,subject107_client3,9325,0,lying,226.36
0.1,alpha0p1,107,3,subject107_client3,9326,0,lying,227.64
0.1,alpha0p1,107,3,subject107_client3,9327,0,lying,228.92
0.1,alpha0p1,107,3,subject107_client3,9328,0,lying,230.2
0.1,alpha0p1,107,3,subject107_client3,9329,0,lying,231.48
0.1,alpha0p1,107,3,subject107_client3,9330,0,lying,232.76
0.1,alpha0p1,107,3,subject107_client3,9331,0,lying,234.04
0.1,alpha0p1,107,3,subject107_client3,9332,0,lying,235.32
0.1,alpha0p1,107,3,subject107_client3,9333,0,lying,236.6
0.1,alpha0p1,107,3,subject107_client3,9334,0,lying,237.88
0.1,alpha0p1,107,3,subject107_client3,9335,0,lying,239.16
0.1,alpha0p1,107,3,subject107_client3,9336,0,lying,240.44
0.1,alpha0p1,107,3,subject107_client3,9337,0,lying,241.72
0.1,alpha0p1,107,3,subject107_client3,9338,0,lying,243.0
0.1,alpha0p1,107,3,subject107_client3,9339,0,lying,244.28
0.1,alpha0p1,107,3,subject107_client3,9340,0,lying,245.56
0.1,alpha0p1,107,3,subject107_client3,9341,0,lying,246.84
0.1,alpha0p1,107,3,subject107_client3,9342,0,lying,248.12
0.1,alpha0p1,107,3,subject107_client3,9343,0,lying,249.4
0.1,alpha0p1,107,3,subject107_client3,9344,0,lying,250.68
0.1,alpha0p1,107,3,subject107_client3,9345,0,lying,251.96
0.1,alpha0p1,107,3,subject107_client3,9346,0,lying,253.24
0.1,alpha0p1,107,3,subject107_client3,9347,0,lying,254.52
0.1,alpha0p1,107,3,subject107_client3,9348,0,lying,255.8
0.1,alpha0p1,107,3,subject107_client3,9349,0,lying,257.08
0.1,alpha0p1,107,3,subject107_client3,9350,0,lying,258.36
0.1,alpha0p1,107,3,subject107_client3,9351,0,lying,259.64
0.1,alpha0p1,107,3,subject107_client3,9352,0,lying,260.92
0.1,alpha0p1,107,3,subject107_client3,9353,0,lying,262.2
0.1,alpha0p1,107,3,subject107_client3,9354,0,lying,263.48
0.1,alpha0p1,107,3,subject107_client3,9355,0,lying,264.76
0.1,alpha0p1,107,3,subject107_client3,9356,0,lying,266.04
0.1,alpha0p1,107,3,subject107_client3,9357,0,lying,267.32
0.1,alpha0p1,107,3,subject107_client3,9358,0,lying,268.6
0.1,alpha0p1,107,3,subject107_client3,9359,0,lying,269.88
0.1,alpha0p1,107,3,subject107_client3,9360,0,lying,271.16
0.1,alpha0p1,107,3,subject107_client3,9361,0,lying,272.44
0.1,alpha0p1,107,3,subject107_client3,9362,0,lying,273.72
0.1,alpha0p1,107,3,subject107_client3,9363,0,lying,275.0
0.1,alpha0p1,107,3,subject107_client3,9364,0,lying,276.28
0.1,alpha0p1,107,3,subject107_client3,9365,0,lying,277.56
0.1,alpha0p1,107,3,subject107_client3,9366,0,lying,278.84
0.1,alpha0p1,107,3,subject107_client3,9367,0,lying,280.12
0.1,alpha0p1,107,3,subject107_client3,9368,0,lying,281.4
0.1,alpha0p1,107,3,subject107_client3,9369,0,lying,282.68
0.1,alpha0p1,107,3,subject107_client3,9370,0,lying,283.96
0.1,alpha0p1,107,3,subject107_client3,9371,0,lying,285.24
0.1,alpha0p1,107,3,subject107_client3,9372,0,lying,286.52
0.1,alpha0p1,107,3,subject107_client3,9373,0,lying,287.8
0.1,alpha0p1,107,3,subject107_client3,9374,0,lying,289.08
0.1,alpha0p1,107,3,subject107_client3,9375,0,lying,290.36
0.1,alpha0p1,107,3,subject107_client3,9376,0,lying,291.64
0.1,alpha0p1,107,3,subject107_client3,9377,0,lying,292.92
0.1,alpha0p1,107,3,subject107_client3,9378,0,lying,294.2
0.1,alpha0p1,107,3,subject107_client3,9379,0,lying,295.48
0.1,alpha0p1,107,3,subject107_client3,9380,0,lying,296.76
0.1,alpha0p1,107,3,subject107_client3,9381,0,lying,298.04
0.1,alpha0p1,107,3,subject107_client3,9382,0,lying,299.32
0.1,alpha0p1,107,3,subject107_client3,9383,0,lying,300.6
0.1,alpha0p1,107,3,subject107_client3,9384,0,lying,301.88
0.1,alpha0p1,107,3,subject107_client3,9385,0,lying,303.16
0.1,alpha0p1,107,3,subject107_client3,9386,0,lying,304.44
0.1,alpha0p1,107,3,subject107_client3,9387,0,lying,305.72
0.1,alpha0p1,107,3,subject107_client3,9388,0,lying,307.0
0.1,alpha0p1,107,3,subject107_client3,9389,0,lying,308.28
0.1,alpha0p1,107,3,subject107_client3,9390,0,lying,309.56
0.1,alpha0p1,107,3,subject107_client3,9391,0,lying,310.84
0.1,alpha0p1,107,3,subject107_client3,9392,0,lying,312.12
0.1,alpha0p1,107,3,subject107_client3,9393,0,lying,313.4
0.1,alpha0p1,107,3,subject107_client3,9394,0,lying,314.68
0.1,alpha0p1,107,3,subject107_client3,9395,0,lying,315.96
0.1,alpha0p1,107,3,subject107_client3,9396,0,lying,317.24
0.1,alpha0p1,107,3,subject107_client3,9397,0,lying,318.52
0.1,alpha0p1,107,3,subject107_client3,9398,0,lying,319.8
0.1,alpha0p1,107,3,subject107_client3,9399,0,lying,321.08
0.1,alpha0p1,107,3,subject107_client3,9400,0,lying,322.36
0.1,alpha0p1,107,3,subject107_client3,9401,0,lying,323.64
0.1,alpha0p1,107,3,subject107_client3,9402,0,lying,324.92
0.1,alpha0p1,107,3,subject107_client3,9403,0,lying,326.2
0.1,alpha0p1,107,3,subject107_client3,9404,0,lying,327.48
0.1,alpha0p1,107,3,subject107_client3,9405,0,lying,328.76
0.1,alpha0p1,107,3,subject107_client3,9406,0,lying,330.04
0.1,alpha0p1,107,3,subject107_client3,9407,0,lying,331.32
0.1,alpha0p1,107,3,subject107_client3,9408,0,lying,332.6
0.1,alpha0p1,107,3,subject107_client3,9409,0,lying,333.88
0.1,alpha0p1,107,3,subject107_client3,9410,0,lying,335.16
0.1,alpha0p1,107,3,subject107_client3,9411,0,lying,336.44
0.1,alpha0p1,107,3,subject107_client3,9412,0,lying,337.72
0.1,alpha0p1,107,2,subject107_client2,9413,1,sitting,394.64
0.1,alpha0p1,107,2,subject107_client2,9414,1,sitting,395.92
0.1,alpha0p1,107,2,subject107_client2,9415,1,sitting,397.2
0.1,alpha0p1,107,2,subject107_client2,9416,1,sitting,398.48
0.1,alpha0p1,107,2,subject107_client2,9417,1,sitting,399.76
0.1,alpha0p1,107,2,subject107_client2,9418,1,sitting,401.04
0.1,alpha0p1,107,2,subject107_client2,9419,1,sitting,402.32
0.1,alpha0p1,107,2,subject107_client2,9420,1,sitting,403.6
0.1,alpha0p1,107,2,subject107_client2,9421,1,sitting,404.88
0.1,alpha0p1,107,2,subject107_client2,9422,1,sitting,406.16
0.1,alpha0p1,107,2,subject107_client2,9423,1,sitting,407.44
0.1,alpha0p1,107,2,subject107_client2,9424,1,sitting,408.72
0.1,alpha0p1,107,2,subject107_client2,9425,1,sitting,410.0
0.1,alpha0p1,107,2,subject107_client2,9426,1,sitting,411.28
0.1,alpha0p1,107,2,subject107_client2,9427,1,sitting,412.56
0.1,alpha0p1,107,2,subject107_client2,9428,1,sitting,413.84
0.1,alpha0p1,107,2,subject107_client2,9429,1,sitting,415.12
0.1,alpha0p1,107,2,subject107_client2,9430,1,sitting,416.4
0.1,alpha0p1,107,2,subject107_client2,9431,1,sitting,417.68
0.1,alpha0p1,107,2,subject107_client2,9432,1,sitting,418.96
0.1,alpha0p1,107,2,subject107_client2,9433,1,sitting,420.24
0.1,alpha0p1,107,2,subject107_client2,9434,1,sitting,421.52
0.1,alpha0p1,107,2,subject107_client2,9435,1,sitting,422.8
0.1,alpha0p1,107,2,subject107_client2,9436,1,sitting,424.08
0.1,alpha0p1,107,2,subject107_client2,9437,1,sitting,425.36
0.1,alpha0p1,107,2,subject107_client2,9438,1,sitting,426.64
0.1,alpha0p1,107,2,subject107_client2,9439,1,sitting,427.92
0.1,alpha0p1,107,2,subject107_client2,9440,1,sitting,429.2
0.1,alpha0p1,107,2,subject107_client2,9441,1,sitting,430.48
0.1,alpha0p1,107,2,subject107_client2,9442,1,sitting,431.76
0.1,alpha0p1,107,2,subject107_client2,9443,1,sitting,433.04
0.1,alpha0p1,107,2,subject107_client2,9444,1,sitting,434.32
0.1,alpha0p1,107,2,subject107_client2,9445,1,sitting,435.6
0.1,alpha0p1,107,2,subject107_client2,9446,1,sitting,436.88
0.1,alpha0p1,107,2,subject107_client2,9447,1,sitting,438.16
0.1,alpha0p1,107,2,subject107_client2,9448,1,sitting,439.44
0.1,alpha0p1,107,2,subject107_client2,9449,1,sitting,440.72
0.1,alpha0p1,107,2,subject107_client2,9450,1,sitting,442.0
0.1,alpha0p1,107,2,subject107_client2,9451,1,sitting,443.28
0.1,alpha0p1,107,2,subject107_client2,9452,1,sitting,444.56
0.1,alpha0p1,107,2,subject107_client2,9453,1,sitting,445.84
0.1,alpha0p1,107,2,subject107_client2,9454,1,sitting,447.12
0.1,alpha0p1,107,2,subject107_client2,9455,1,sitting,448.4
0.1,alpha0p1,107,2,subject107_client2,9456,1,sitting,449.68
0.1,alpha0p1,107,2,subject107_client2,9457,1,sitting,450.96
0.1,alpha0p1,107,2,subject107_client2,9458,1,sitting,452.24
0.1,alpha0p1,107,2,subject107_client2,9459,1,sitting,453.52
0.1,alpha0p1,107,2,subject107_client2,9460,1,sitting,454.8
0.1,alpha0p1,107,2,subject107_client2,9461,1,sitting,456.08
0.1,alpha0p1,107,2,subject107_client2,9462,1,sitting,457.36
0.1,alpha0p1,107,2,subject107_client2,9463,1,sitting,458.64
0.1,alpha0p1,107,2,subject107_client2,9464,1,sitting,459.92
0.1,alpha0p1,107,2,subject107_client2,9465,1,sitting,461.2
0.1,alpha0p1,107,2,subject107_client2,9466,1,sitting,462.48
0.1,alpha0p1,107,2,subject107_client2,9467,1,sitting,463.76
0.1,alpha0p1,107,2,subject107_client2,9468,1,sitting,465.04
0.1,alpha0p1,107,2,subject107_client2,9469,1,sitting,466.32
0.1,alpha0p1,107,2,subject107_client2,9470,1,sitting,467.6
0.1,alpha0p1,107,2,subject107_client2,9471,1,sitting,468.88
0.1,alpha0p1,107,2,subject107_client2,9472,1,sitting,470.16
0.1,alpha0p1,107,2,subject107_client2,9473,1,sitting,471.44
0.1,alpha0p1,107,2,subject107_client2,9474,1,sitting,472.72
0.1,alpha0p1,107,2,subject107_client2,9475,1,sitting,474.0
0.1,alpha0p1,107,2,subject107_client2,9476,1,sitting,475.28
0.1,alpha0p1,107,2,subject107_client2,9477,1,sitting,476.56
0.1,alpha0p1,107,2,subject107_client2,9478,1,sitting,477.84
0.1,alpha0p1,107,2,subject107_client2,9479,1,sitting,479.12
0.1,alpha0p1,107,2,subject107_client2,9480,1,sitting,480.4
0.1,alpha0p1,107,2,subject107_client2,9481,1,sitting,481.68
0.1,alpha0p1,107,2,subject107_client2,9482,1,sitting,482.96
0.1,alpha0p1,107,2,subject107_client2,9483,1,sitting,484.24
0.1,alpha0p1,107,2,subject107_client2,9484,1,sitting,485.52
0.1,alpha0p1,107,2,subject107_client2,9485,1,sitting,486.8
0.1,alpha0p1,107,2,subject107_client2,9486,1,sitting,488.08
0.1,alpha0p1,107,2,subject107_client2,9487,1,sitting,489.36
0.1,alpha0p1,107,2,subject107_client2,9488,1,sitting,490.64
0.1,alpha0p1,107,2,subject107_client2,9489,1,sitting,491.92
0.1,alpha0p1,107,2,subject107_client2,9490,1,sitting,493.2
0.1,alpha0p1,107,2,subject107_client2,9491,1,sitting,494.48
0.1,alpha0p1,107,2,subject107_client2,9492,1,sitting,495.76
0.1,alpha0p1,107,2,subject107_client2,9493,1,sitting,497.04
0.1,alpha0p1,107,3,subject107_client3,9495,1,sitting,499.6
0.1,alpha0p1,107,3,subject107_client3,9496,1,sitting,500.88
0.1,alpha0p1,107,3,subject107_client3,9497,1,sitting,502.16
0.1,alpha0p1,107,3,subject107_client3,9498,1,sitting,503.44
0.1,alpha0p1,107,3,subject107_client3,9499,1,sitting,504.72
0.1,alpha0p1,107,3,subject107_client3,9500,1,sitting,506.0
0.1,alpha0p1,107,3,subject107_client3,9501,1,sitting,507.28
0.1,alpha0p1,107,3,subject107_client3,9502,1,sitting,508.56
0.1,alpha0p1,107,3,subject107_client3,9503,1,sitting,509.84
0.1,alpha0p1,107,3,subject107_client3,9504,1,sitting,511.12
0.1,alpha0p1,107,3,subject107_client3,9505,1,sitting,512.4
0.1,alpha0p1,107,3,subject107_client3,9506,1,sitting,513.68
0.1,alpha0p1,107,2,subject107_client2,9507,2,standing,517.53
0.1,alpha0p1,107,2,subject107_client2,9508,2,standing,518.81
0.1,alpha0p1,107,2,subject107_client2,9509,2,standing,520.09
0.1,alpha0p1,107,2,subject107_client2,9510,2,standing,521.37
0.1,alpha0p1,107,2,subject107_client2,9511,2,standing,522.65
0.1,alpha0p1,107,2,subject107_client2,9512,2,standing,523.93
0.1,alpha0p1,107,2,subject107_client2,9513,2,standing,525.21
0.1,alpha0p1,107,2,subject107_client2,9514,2,standing,526.49
0.1,alpha0p1,107,2,subject107_client2,9515,2,standing,527.77
0.1,alpha0p1,107,2,subject107_client2,9516,2,standing,529.05
0.1,alpha0p1,107,2,subject107_client2,9517,2,standing,530.33
0.1,alpha0p1,107,2,subject107_client2,9518,2,standing,531.61
0.1,alpha0p1,107,2,subject107_client2,9519,2,standing,532.89
0.1,alpha0p1,107,2,subject107_client2,9520,2,standing,534.17
0.1,alpha0p1,107,2,subject107_client2,9521,2,standing,535.45
0.1,alpha0p1,107,2,subject107_client2,9522,2,standing,536.73
0.1,alpha0p1,107,2,subject107_client2,9523,2,standing,538.01
0.1,alpha0p1,107,2,subject107_client2,9524,2,standing,539.29
0.1,alpha0p1,107,2,subject107_client2,9525,2,standing,540.57
0.1,alpha0p1,107,2,subject107_client2,9526,2,standing,541.85
0.1,alpha0p1,107,2,subject107_client2,9527,2,standing,543.13
0.1,alpha0p1,107,2,subject107_client2,9528,2,standing,544.41
0.1,alpha0p1,107,2,subject107_client2,9529,2,standing,545.69
0.1,alpha0p1,107,2,subject107_client2,9530,2,standing,546.97
0.1,alpha0p1,107,2,subject107_client2,9531,2,standing,548.25
0.1,alpha0p1,107,2,subject107_client2,9532,2,standing,549.53
0.1,alpha0p1,107,2,subject107_client2,9533,2,standing,550.81
0.1,alpha0p1,107,2,subject107_client2,9534,2,standing,552.09
0.1,alpha0p1,107,2,subject107_client2,9535,2,standing,553.37
0.1,alpha0p1,107,2,subject107_client2,9536,2,standing,554.65
0.1,alpha0p1,107,2,subject107_client2,9537,2,standing,555.93
0.1,alpha0p1,107,2,subject107_client2,9538,2,standing,557.21
0.1,alpha0p1,107,2,subject107_client2,9539,2,standing,558.49
0.1,alpha0p1,107,2,subject107_client2,9540,2,standing,559.77
0.1,alpha0p1,107,2,subject107_client2,9541,2,standing,561.05
0.1,alpha0p1,107,2,subject107_client2,9542,2,standing,562.33
0.1,alpha0p1,107,2,subject107_client2,9543,2,standing,563.61
0.1,alpha0p1,107,2,subject107_client2,9544,2,standing,564.89
0.1,alpha0p1,107,2,subject107_client2,9545,2,standing,566.17
0.1,alpha0p1,107,2,subject107_client2,9546,2,standing,567.45
0.1,alpha0p1,107,2,subject107_client2,9547,2,standing,568.73
0.1,alpha0p1,107,2,subject107_client2,9548,2,standing,570.01
0.1,alpha0p1,107,2,subject107_client2,9549,2,standing,571.29
0.1,alpha0p1,107,2,subject107_client2,9550,2,standing,572.57
0.1,alpha0p1,107,2,subject107_client2,9551,2,standing,573.85
0.1,alpha0p1,107,2,subject107_client2,9552,2,standing,575.13
0.1,alpha0p1,107,2,subject107_client2,9553,2,standing,576.41
0.1,alpha0p1,107,2,subject107_client2,9554,2,standing,577.69
0.1,alpha0p1,107,2,subject107_client2,9555,2,standing,578.97
0.1,alpha0p1,107,2,subject107_client2,9556,2,standing,580.25
0.1,alpha0p1,107,2,subject107_client2,9557,2,standing,581.53
0.1,alpha0p1,107,2,subject107_client2,9558,2,standing,582.81
0.1,alpha0p1,107,2,subject107_client2,9559,2,standing,584.09
0.1,alpha0p1,107,2,subject107_client2,9560,2,standing,585.37
0.1,alpha0p1,107,2,subject107_client2,9561,2,standing,586.65
0.1,alpha0p1,107,2,subject107_client2,9562,2,standing,587.93
0.1,alpha0p1,107,2,subject107_client2,9563,2,standing,589.21
0.1,alpha0p1,107,2,subject107_client2,9564,2,standing,590.49
0.1,alpha0p1,107,2,subject107_client2,9565,2,standing,591.77
0.1,alpha0p1,107,2,subject107_client2,9566,2,standing,593.05
0.1,alpha0p1,107,2,subject107_client2,9567,2,standing,594.33
0.1,alpha0p1,107,2,subject107_client2,9568,2,standing,595.61
0.1,alpha0p1,107,2,subject107_client2,9569,2,standing,596.89
0.1,alpha0p1,107,2,subject107_client2,9570,2,standing,598.17
0.1,alpha0p1,107,2,subject107_client2,9571,2,standing,599.45
0.1,alpha0p1,107,2,subject107_client2,9572,2,standing,600.73
0.1,alpha0p1,107,2,subject107_client2,9573,2,standing,602.01
0.1,alpha0p1,107,2,subject107_client2,9574,2,standing,603.29
0.1,alpha0p1,107,2,subject107_client2,9575,2,standing,604.57
0.1,alpha0p1,107,2,subject107_client2,9576,2,standing,605.85
0.1,alpha0p1,107,1,subject107_client1,9578,2,standing,608.41
0.1,alpha0p1,107,1,subject107_client1,9579,2,standing,609.69
0.1,alpha0p1,107,1,subject107_client1,9580,2,standing,610.97
0.1,alpha0p1,107,1,subject107_client1,9581,2,standing,612.25
0.1,alpha0p1,107,1,subject107_client1,9582,2,standing,613.53
0.1,alpha0p1,107,1,subject107_client1,9583,2,standing,614.81
0.1,alpha0p1,107,1,subject107_client1,9584,2,standing,616.09
0.1,alpha0p1,107,1,subject107_client1,9585,2,standing,617.37
0.1,alpha0p1,107,1,subject107_client1,9586,2,standing,618.65
0.1,alpha0p1,107,1,subject107_client1,9587,2,standing,619.93
0.1,alpha0p1,107,1,subject107_client1,9588,2,standing,621.21
0.1,alpha0p1,107,1,subject107_client1,9589,2,standing,622.49
0.1,alpha0p1,107,1,subject107_client1,9590,2,standing,623.77
0.1,alpha0p1,107,1,subject107_client1,9591,2,standing,625.05
0.1,alpha0p1,107,1,subject107_client1,9592,2,standing,626.33
0.1,alpha0p1,107,1,subject107_client1,9593,2,standing,627.61
0.1,alpha0p1,107,1,subject107_client1,9594,2,standing,628.89
0.1,alpha0p1,107,1,subject107_client1,9595,2,standing,630.17
0.1,alpha0p1,107,1,subject107_client1,9596,2,standing,631.45
0.1,alpha0p1,107,1,subject107_client1,9597,2,standing,632.73
0.1,alpha0p1,107,1,subject107_client1,9598,2,standing,634.01
0.1,alpha0p1,107,1,subject107_client1,9599,2,standing,635.29
0.1,alpha0p1,107,1,subject107_client1,9600,2,standing,636.57
0.1,alpha0p1,107,1,subject107_client1,9601,2,standing,637.85
0.1,alpha0p1,107,1,subject107_client1,9602,2,standing,639.13
0.1,alpha0p1,107,1,subject107_client1,9603,2,standing,640.41
0.1,alpha0p1,107,1,subject107_client1,9604,2,standing,641.69
0.1,alpha0p1,107,1,subject107_client1,9605,2,standing,642.97
0.1,alpha0p1,107,1,subject107_client1,9606,2,standing,644.25
0.1,alpha0p1,107,1,subject107_client1,9607,2,standing,645.53
0.1,alpha0p1,107,1,subject107_client1,9608,2,standing,646.81
0.1,alpha0p1,107,1,subject107_client1,9609,2,standing,648.09
0.1,alpha0p1,107,1,subject107_client1,9610,2,standing,649.37
0.1,alpha0p1,107,1,subject107_client1,9611,2,standing,650.65
0.1,alpha0p1,107,1,subject107_client1,9612,2,standing,651.93
0.1,alpha0p1,107,1,subject107_client1,9613,2,standing,653.21
0.1,alpha0p1,107,1,subject107_client1,9614,2,standing,654.49
0.1,alpha0p1,107,1,subject107_client1,9615,2,standing,655.77
0.1,alpha0p1,107,1,subject107_client1,9616,2,standing,657.05
0.1,alpha0p1,107,1,subject107_client1,9617,2,standing,658.33
0.1,alpha0p1,107,1,subject107_client1,9618,2,standing,659.61
0.1,alpha0p1,107,1,subject107_client1,9619,2,standing,660.89
0.1,alpha0p1,107,1,subject107_client1,9620,2,standing,662.17
0.1,alpha0p1,107,1,subject107_client1,9621,2,standing,663.45
0.1,alpha0p1,107,1,subject107_client1,9622,2,standing,664.73
0.1,alpha0p1,107,1,subject107_client1,9623,2,standing,666.01
0.1,alpha0p1,107,1,subject107_client1,9624,2,standing,667.29
0.1,alpha0p1,107,1,subject107_client1,9625,2,standing,668.57
0.1,alpha0p1,107,1,subject107_client1,9626,2,standing,669.85
0.1,alpha0p1,107,1,subject107_client1,9627,2,standing,671.13
0.1,alpha0p1,107,1,subject107_client1,9628,2,standing,672.41
0.1,alpha0p1,107,1,subject107_client1,9629,2,standing,673.69
0.1,alpha0p1,107,1,subject107_client1,9630,2,standing,674.97
0.1,alpha0p1,107,1,subject107_client1,9631,2,standing,676.25
0.1,alpha0p1,107,1,subject107_client1,9632,2,standing,677.53
0.1,alpha0p1,107,1,subject107_client1,9633,2,standing,678.81
0.1,alpha0p1,107,1,subject107_client1,9634,2,standing,680.09
0.1,alpha0p1,107,1,subject107_client1,9635,2,standing,681.37
0.1,alpha0p1,107,1,subject107_client1,9636,2,standing,682.65
0.1,alpha0p1,107,1,subject107_client1,9637,2,standing,683.93
0.1,alpha0p1,107,1,subject107_client1,9638,2,standing,685.21
0.1,alpha0p1,107,1,subject107_client1,9639,2,standing,686.49
0.1,alpha0p1,107,1,subject107_client1,9640,2,standing,687.77
0.1,alpha0p1,107,1,subject107_client1,9641,2,standing,689.05
0.1,alpha0p1,107,1,subject107_client1,9642,2,standing,690.33
0.1,alpha0p1,107,1,subject107_client1,9643,2,standing,691.61
0.1,alpha0p1,107,1,subject107_client1,9644,2,standing,692.89
0.1,alpha0p1,107,1,subject107_client1,9645,2,standing,694.17
0.1,alpha0p1,107,1,subject107_client1,9646,2,standing,695.45
0.1,alpha0p1,107,1,subject107_client1,9647,2,standing,696.73
0.1,alpha0p1,107,1,subject107_client1,9648,2,standing,698.01
0.1,alpha0p1,107,1,subject107_client1,9649,2,standing,699.29
0.1,alpha0p1,107,1,subject107_client1,9650,2,standing,700.57
0.1,alpha0p1,107,1,subject107_client1,9651,2,standing,701.85
0.1,alpha0p1,107,1,subject107_client1,9652,2,standing,703.13
0.1,alpha0p1,107,1,subject107_client1,9653,2,standing,704.41
0.1,alpha0p1,107,1,subject107_client1,9654,2,standing,705.69
0.1,alpha0p1,107,1,subject107_client1,9655,2,standing,706.97
0.1,alpha0p1,107,1,subject107_client1,9656,2,standing,708.25
0.1,alpha0p1,107,1,subject107_client1,9657,2,standing,709.53
0.1,alpha0p1,107,1,subject107_client1,9658,2,standing,710.81
0.1,alpha0p1,107,1,subject107_client1,9659,2,standing,712.09
0.1,alpha0p1,107,1,subject107_client1,9660,2,standing,713.37
0.1,alpha0p1,107,1,subject107_client1,9661,2,standing,714.65
0.1,alpha0p1,107,1,subject107_client1,9662,2,standing,715.93
0.1,alpha0p1,107,1,subject107_client1,9663,2,standing,717.21
0.1,alpha0p1,107,1,subject107_client1,9664,2,standing,718.49
0.1,alpha0p1,107,1,subject107_client1,9665,2,standing,719.77
0.1,alpha0p1,107,1,subject107_client1,9666,2,standing,721.05
0.1,alpha0p1,107,1,subject107_client1,9667,2,standing,722.33
0.1,alpha0p1,107,1,subject107_client1,9668,2,standing,723.61
0.1,alpha0p1,107,1,subject107_client1,9669,2,standing,724.89
0.1,alpha0p1,107,1,subject107_client1,9670,2,standing,726.17
0.1,alpha0p1,107,1,subject107_client1,9671,2,standing,727.45
0.1,alpha0p1,107,1,subject107_client1,9672,2,standing,728.73
0.1,alpha0p1,107,1,subject107_client1,9673,2,standing,730.01
0.1,alpha0p1,107,1,subject107_client1,9674,2,standing,731.29
0.1,alpha0p1,107,1,subject107_client1,9675,2,standing,732.57
0.1,alpha0p1,107,1,subject107_client1,9676,2,standing,733.85
0.1,alpha0p1,107,1,subject107_client1,9677,2,standing,735.13
0.1,alpha0p1,107,1,subject107_client1,9678,2,standing,736.41
0.1,alpha0p1,107,1,subject107_client1,9679,2,standing,737.69
0.1,alpha0p1,107,1,subject107_client1,9680,2,standing,738.97
0.1,alpha0p1,107,1,subject107_client1,9681,2,standing,740.25
0.1,alpha0p1,107,1,subject107_client1,9682,2,standing,741.53
0.1,alpha0p1,107,1,subject107_client1,9683,2,standing,742.81
0.1,alpha0p1,107,1,subject107_client1,9684,2,standing,744.09
0.1,alpha0p1,107,1,subject107_client1,9685,2,standing,745.37
0.1,alpha0p1,107,1,subject107_client1,9686,2,standing,746.65
0.1,alpha0p1,107,1,subject107_client1,9687,2,standing,747.93
0.1,alpha0p1,107,1,subject107_client1,9688,2,standing,749.21
0.1,alpha0p1,107,1,subject107_client1,9689,2,standing,750.49
0.1,alpha0p1,107,1,subject107_client1,9690,2,standing,751.77
0.1,alpha0p1,107,1,subject107_client1,9691,2,standing,753.05
0.1,alpha0p1,107,1,subject107_client1,9692,2,standing,754.33
0.1,alpha0p1,107,1,subject107_client1,9693,2,standing,755.61
0.1,alpha0p1,107,1,subject107_client1,9694,2,standing,756.89
0.1,alpha0p1,107,1,subject107_client1,9695,2,standing,758.17
0.1,alpha0p1,107,1,subject107_client1,9696,2,standing,759.45
0.1,alpha0p1,107,1,subject107_client1,9697,2,standing,760.73
0.1,alpha0p1,107,1,subject107_client1,9698,2,standing,762.01
0.1,alpha0p1,107,1,subject107_client1,9699,2,standing,763.29
0.1,alpha0p1,107,1,subject107_client1,9700,2,standing,764.57
0.1,alpha0p1,107,1,subject107_client1,9701,2,standing,765.85
0.1,alpha0p1,107,1,subject107_client1,9702,2,standing,767.13
0.1,alpha0p1,107,1,subject107_client1,9703,2,standing,768.41
0.1,alpha0p1,107,1,subject107_client1,9704,2,standing,769.69
0.1,alpha0p1,107,1,subject107_client1,9705,2,standing,770.97
0.1,alpha0p1,107,1,subject107_client1,9706,2,standing,772.25
0.1,alpha0p1,107,3,subject107_client3,9707,10,ironing,775.04
0.1,alpha0p1,107,3,subject107_client3,9708,10,ironing,776.32
0.1,alpha0p1,107,3,subject107_client3,9709,10,ironing,777.6
0.1,alpha0p1,107,3,subject107_client3,9710,10,ironing,778.88
0.1,alpha0p1,107,3,subject107_client3,9711,10,ironing,780.16
0.1,alpha0p1,107,3,subject107_client3,9712,10,ironing,781.44
0.1,alpha0p1,107,3,subject107_client3,9713,10,ironing,782.72
0.1,alpha0p1,107,3,subject107_client3,9714,10,ironing,784.0
0.1,alpha0p1,107,3,subject107_client3,9715,10,ironing,785.28
0.1,alpha0p1,107,3,subject107_client3,9716,10,ironing,786.56
0.1,alpha0p1,107,3,subject107_client3,9717,10,ironing,787.84
0.1,alpha0p1,107,3,subject107_client3,9718,10,ironing,789.12
0.1,alpha0p1,107,2,subject107_client2,9720,10,ironing,791.68
0.1,alpha0p1,107,2,subject107_client2,9721,10,ironing,792.96
0.1,alpha0p1,107,2,subject107_client2,9722,10,ironing,794.24
0.1,alpha0p1,107,2,subject107_client2,9723,10,ironing,795.52
0.1,alpha0p1,107,2,subject107_client2,9724,10,ironing,796.8
0.1,alpha0p1,107,2,subject107_client2,9725,10,ironing,798.08
0.1,alpha0p1,107,2,subject107_client2,9726,10,ironing,799.36
0.1,alpha0p1,107,2,subject107_client2,9727,10,ironing,800.64
0.1,alpha0p1,107,2,subject107_client2,9728,10,ironing,801.92
0.1,alpha0p1,107,2,subject107_client2,9729,10,ironing,803.2
0.1,alpha0p1,107,2,subject107_client2,9730,10,ironing,804.48
0.1,alpha0p1,107,2,subject107_client2,9731,10,ironing,805.76
0.1,alpha0p1,107,2,subject107_client2,9732,10,ironing,807.04
0.1,alpha0p1,107,2,subject107_client2,9733,10,ironing,808.32
0.1,alpha0p1,107,2,subject107_client2,9734,10,ironing,809.6
0.1,alpha0p1,107,2,subject107_client2,9735,10,ironing,810.88
0.1,alpha0p1,107,2,subject107_client2,9736,10,ironing,812.16
0.1,alpha0p1,107,2,subject107_client2,9737,10,ironing,813.44
0.1,alpha0p1,107,2,subject107_client2,9738,10,ironing,814.72
0.1,alpha0p1,107,2,subject107_client2,9739,10,ironing,816.0
0.1,alpha0p1,107,2,subject107_client2,9740,10,ironing,817.28
0.1,alpha0p1,107,2,subject107_client2,9741,10,ironing,818.56
0.1,alpha0p1,107,2,subject107_client2,9742,10,ironing,819.84
0.1,alpha0p1,107,2,subject107_client2,9743,10,ironing,821.12
0.1,alpha0p1,107,2,subject107_client2,9744,10,ironing,822.4
0.1,alpha0p1,107,2,subject107_client2,9745,10,ironing,823.68
0.1,alpha0p1,107,2,subject107_client2,9746,10,ironing,824.96
0.1,alpha0p1,107,2,subject107_client2,9747,10,ironing,826.24
0.1,alpha0p1,107,2,subject107_client2,9748,10,ironing,827.52
0.1,alpha0p1,107,2,subject107_client2,9749,10,ironing,828.8
0.1,alpha0p1,107,2,subject107_client2,9750,10,ironing,830.08
0.1,alpha0p1,107,2,subject107_client2,9751,10,ironing,831.36
0.1,alpha0p1,107,2,subject107_client2,9752,10,ironing,832.64
0.1,alpha0p1,107,2,subject107_client2,9753,10,ironing,833.92
0.1,alpha0p1,107,2,subject107_client2,9754,10,ironing,835.2
0.1,alpha0p1,107,2,subject107_client2,9755,10,ironing,836.48
0.1,alpha0p1,107,2,subject107_client2,9756,10,ironing,837.76
0.1,alpha0p1,107,2,subject107_client2,9757,10,ironing,839.04
0.1,alpha0p1,107,2,subject107_client2,9758,10,ironing,840.32
0.1,alpha0p1,107,2,subject107_client2,9759,10,ironing,841.6
0.1,alpha0p1,107,2,subject107_client2,9760,10,ironing,842.88
0.1,alpha0p1,107,2,subject107_client2,9761,10,ironing,844.16
0.1,alpha0p1,107,2,subject107_client2,9762,10,ironing,845.44
0.1,alpha0p1,107,2,subject107_client2,9763,10,ironing,846.72
0.1,alpha0p1,107,2,subject107_client2,9764,10,ironing,848.0
0.1,alpha0p1,107,2,subject107_client2,9765,10,ironing,849.28
0.1,alpha0p1,107,2,subject107_client2,9766,10,ironing,850.56
0.1,alpha0p1,107,2,subject107_client2,9767,10,ironing,851.84
0.1,alpha0p1,107,2,subject107_client2,9768,10,ironing,853.12
0.1,alpha0p1,107,2,subject107_client2,9769,10,ironing,854.4
0.1,alpha0p1,107,2,subject107_client2,9770,10,ironing,855.68
0.1,alpha0p1,107,2,subject107_client2,9771,10,ironing,856.96
0.1,alpha0p1,107,2,subject107_client2,9772,10,ironing,858.24
0.1,alpha0p1,107,2,subject107_client2,9773,10,ironing,859.52
0.1,alpha0p1,107,2,subject107_client2,9774,10,ironing,860.8
0.1,alpha0p1,107,2,subject107_client2,9775,10,ironing,862.08
0.1,alpha0p1,107,2,subject107_client2,9776,10,ironing,863.36
0.1,alpha0p1,107,2,subject107_client2,9777,10,ironing,864.64
0.1,alpha0p1,107,2,subject107_client2,9778,10,ironing,865.92
0.1,alpha0p1,107,2,subject107_client2,9779,10,ironing,867.2
0.1,alpha0p1,107,2,subject107_client2,9780,10,ironing,868.48
0.1,alpha0p1,107,2,subject107_client2,9781,10,ironing,869.76
0.1,alpha0p1,107,2,subject107_client2,9782,10,ironing,871.04
0.1,alpha0p1,107,2,subject107_client2,9783,10,ironing,872.32
0.1,alpha0p1,107,2,subject107_client2,9784,10,ironing,873.6
0.1,alpha0p1,107,2,subject107_client2,9785,10,ironing,874.88
0.1,alpha0p1,107,2,subject107_client2,9786,10,ironing,876.16
0.1,alpha0p1,107,2,subject107_client2,9787,10,ironing,877.44
0.1,alpha0p1,107,2,subject107_client2,9788,10,ironing,878.72
0.1,alpha0p1,107,2,subject107_client2,9789,10,ironing,880.0
0.1,alpha0p1,107,2,subject107_client2,9790,10,ironing,881.28
0.1,alpha0p1,107,2,subject107_client2,9791,10,ironing,882.56
0.1,alpha0p1,107,2,subject107_client2,9792,10,ironing,883.84
0.1,alpha0p1,107,2,subject107_client2,9793,10,ironing,885.12
0.1,alpha0p1,107,2,subject107_client2,9794,10,ironing,886.4
0.1,alpha0p1,107,2,subject107_client2,9795,10,ironing,887.68
0.1,alpha0p1,107,2,subject107_client2,9796,10,ironing,888.96
0.1,alpha0p1,107,2,subject107_client2,9797,10,ironing,890.24
0.1,alpha0p1,107,2,subject107_client2,9798,10,ironing,891.52
0.1,alpha0p1,107,2,subject107_client2,9799,10,ironing,892.8
0.1,alpha0p1,107,2,subject107_client2,9800,10,ironing,894.08
0.1,alpha0p1,107,2,subject107_client2,9801,10,ironing,895.36
0.1,alpha0p1,107,2,subject107_client2,9802,10,ironing,896.64
0.1,alpha0p1,107,2,subject107_client2,9803,10,ironing,897.92
0.1,alpha0p1,107,2,subject107_client2,9804,10,ironing,899.2
0.1,alpha0p1,107,2,subject107_client2,9805,10,ironing,900.48
0.1,alpha0p1,107,2,subject107_client2,9806,10,ironing,901.76
0.1,alpha0p1,107,2,subject107_client2,9807,10,ironing,903.04
0.1,alpha0p1,107,2,subject107_client2,9808,10,ironing,904.32
0.1,alpha0p1,107,2,subject107_client2,9809,10,ironing,905.6
0.1,alpha0p1,107,2,subject107_client2,9810,10,ironing,906.88
0.1,alpha0p1,107,2,subject107_client2,9811,10,ironing,908.16
0.1,alpha0p1,107,2,subject107_client2,9812,10,ironing,909.44
0.1,alpha0p1,107,2,subject107_client2,9813,10,ironing,910.72
0.1,alpha0p1,107,2,subject107_client2,9814,10,ironing,912.0
0.1,alpha0p1,107,2,subject107_client2,9815,10,ironing,913.28
0.1,alpha0p1,107,2,subject107_client2,9816,10,ironing,914.56
0.1,alpha0p1,107,2,subject107_client2,9817,10,ironing,915.84
0.1,alpha0p1,107,2,subject107_client2,9818,10,ironing,917.12
0.1,alpha0p1,107,2,subject107_client2,9819,10,ironing,918.4
0.1,alpha0p1,107,2,subject107_client2,9820,10,ironing,919.68
0.1,alpha0p1,107,2,subject107_client2,9821,10,ironing,920.96
0.1,alpha0p1,107,2,subject107_client2,9822,10,ironing,922.24
0.1,alpha0p1,107,2,subject107_client2,9823,10,ironing,923.52
0.1,alpha0p1,107,2,subject107_client2,9824,10,ironing,924.8
0.1,alpha0p1,107,2,subject107_client2,9825,10,ironing,926.08
0.1,alpha0p1,107,2,subject107_client2,9826,10,ironing,927.36
0.1,alpha0p1,107,2,subject107_client2,9827,10,ironing,928.64
0.1,alpha0p1,107,2,subject107_client2,9828,10,ironing,929.92
0.1,alpha0p1,107,2,subject107_client2,9829,10,ironing,931.2
0.1,alpha0p1,107,2,subject107_client2,9830,10,ironing,932.48
0.1,alpha0p1,107,2,subject107_client2,9831,10,ironing,933.76
0.1,alpha0p1,107,2,subject107_client2,9832,10,ironing,935.04
0.1,alpha0p1,107,2,subject107_client2,9833,10,ironing,936.32
0.1,alpha0p1,107,2,subject107_client2,9834,10,ironing,937.6
0.1,alpha0p1,107,2,subject107_client2,9835,10,ironing,938.88
0.1,alpha0p1,107,2,subject107_client2,9836,10,ironing,940.16
0.1,alpha0p1,107,2,subject107_client2,9837,10,ironing,941.44
0.1,alpha0p1,107,2,subject107_client2,9838,10,ironing,942.72
0.1,alpha0p1,107,2,subject107_client2,9839,10,ironing,944.0
0.1,alpha0p1,107,2,subject107_client2,9840,10,ironing,945.28
0.1,alpha0p1,107,2,subject107_client2,9841,10,ironing,946.56
0.1,alpha0p1,107,2,subject107_client2,9842,10,ironing,947.84
0.1,alpha0p1,107,2,subject107_client2,9843,10,ironing,949.12
0.1,alpha0p1,107,2,subject107_client2,9844,10,ironing,950.4
0.1,alpha0p1,107,2,subject107_client2,9845,10,ironing,951.68
0.1,alpha0p1,107,2,subject107_client2,9846,10,ironing,952.96
0.1,alpha0p1,107,2,subject107_client2,9847,10,ironing,954.24
0.1,alpha0p1,107,2,subject107_client2,9848,10,ironing,955.52
0.1,alpha0p1,107,2,subject107_client2,9849,10,ironing,956.8
0.1,alpha0p1,107,2,subject107_client2,9850,10,ironing,958.08
0.1,alpha0p1,107,2,subject107_client2,9851,10,ironing,959.36
0.1,alpha0p1,107,2,subject107_client2,9852,10,ironing,960.64
0.1,alpha0p1,107,2,subject107_client2,9853,10,ironing,961.92
0.1,alpha0p1,107,2,subject107_client2,9854,10,ironing,963.2
0.1,alpha0p1,107,2,subject107_client2,9855,10,ironing,964.48
0.1,alpha0p1,107,2,subject107_client2,9856,10,ironing,965.76
0.1,alpha0p1,107,2,subject107_client2,9857,10,ironing,967.04
0.1,alpha0p1,107,2,subject107_client2,9858,10,ironing,968.32
0.1,alpha0p1,107,2,subject107_client2,9859,10,ironing,969.6
0.1,alpha0p1,107,2,subject107_client2,9860,10,ironing,970.88
0.1,alpha0p1,107,2,subject107_client2,9861,10,ironing,972.16
0.1,alpha0p1,107,2,subject107_client2,9862,10,ironing,973.44
0.1,alpha0p1,107,2,subject107_client2,9863,10,ironing,974.72
0.1,alpha0p1,107,2,subject107_client2,9864,10,ironing,976.0
0.1,alpha0p1,107,2,subject107_client2,9865,10,ironing,977.28
0.1,alpha0p1,107,2,subject107_client2,9866,10,ironing,978.56
0.1,alpha0p1,107,2,subject107_client2,9867,10,ironing,979.84
0.1,alpha0p1,107,2,subject107_client2,9868,10,ironing,981.12
0.1,alpha0p1,107,2,subject107_client2,9869,10,ironing,982.4
0.1,alpha0p1,107,2,subject107_client2,9870,10,ironing,983.68
0.1,alpha0p1,107,2,subject107_client2,9871,10,ironing,984.96
0.1,alpha0p1,107,2,subject107_client2,9872,10,ironing,986.24
0.1,alpha0p1,107,2,subject107_client2,9873,10,ironing,987.52
0.1,alpha0p1,107,2,subject107_client2,9874,10,ironing,988.8
0.1,alpha0p1,107,2,subject107_client2,9875,10,ironing,990.08
0.1,alpha0p1,107,2,subject107_client2,9876,10,ironing,991.36
0.1,alpha0p1,107,2,subject107_client2,9877,10,ironing,992.64
0.1,alpha0p1,107,2,subject107_client2,9878,10,ironing,993.92
0.1,alpha0p1,107,2,subject107_client2,9879,10,ironing,995.2
0.1,alpha0p1,107,2,subject107_client2,9880,10,ironing,996.48
0.1,alpha0p1,107,2,subject107_client2,9881,10,ironing,997.76
0.1,alpha0p1,107,2,subject107_client2,9882,10,ironing,999.04
0.1,alpha0p1,107,2,subject107_client2,9883,10,ironing,1000.32
0.1,alpha0p1,107,2,subject107_client2,9884,10,ironing,1001.6
0.1,alpha0p1,107,2,subject107_client2,9885,10,ironing,1002.88
0.1,alpha0p1,107,2,subject107_client2,9886,10,ironing,1004.16
0.1,alpha0p1,107,2,subject107_client2,9887,10,ironing,1005.44
0.1,alpha0p1,107,2,subject107_client2,9888,10,ironing,1006.72
0.1,alpha0p1,107,2,subject107_client2,9889,10,ironing,1008.0
0.1,alpha0p1,107,2,subject107_client2,9890,10,ironing,1009.28
0.1,alpha0p1,107,2,subject107_client2,9891,10,ironing,1010.56
0.1,alpha0p1,107,2,subject107_client2,9892,10,ironing,1011.84
0.1,alpha0p1,107,2,subject107_client2,9893,10,ironing,1013.12
0.1,alpha0p1,107,2,subject107_client2,9894,10,ironing,1014.4
0.1,alpha0p1,107,2,subject107_client2,9895,10,ironing,1015.68
0.1,alpha0p1,107,2,subject107_client2,9896,10,ironing,1016.96
0.1,alpha0p1,107,2,subject107_client2,9897,10,ironing,1018.24
0.1,alpha0p1,107,2,subject107_client2,9898,10,ironing,1019.52
0.1,alpha0p1,107,2,subject107_client2,9899,10,ironing,1020.8
0.1,alpha0p1,107,2,subject107_client2,9900,10,ironing,1022.08
0.1,alpha0p1,107,2,subject107_client2,9901,10,ironing,1023.36
0.1,alpha0p1,107,2,subject107_client2,9902,10,ironing,1024.64
0.1,alpha0p1,107,2,subject107_client2,9903,10,ironing,1025.92
0.1,alpha0p1,107,2,subject107_client2,9904,10,ironing,1027.2
0.1,alpha0p1,107,2,subject107_client2,9905,10,ironing,1028.48
0.1,alpha0p1,107,2,subject107_client2,9906,10,ironing,1029.76
0.1,alpha0p1,107,2,subject107_client2,9907,10,ironing,1031.04
0.1,alpha0p1,107,2,subject107_client2,9908,10,ironing,1032.32
0.1,alpha0p1,107,2,subject107_client2,9909,10,ironing,1033.6
0.1,alpha0p1,107,2,subject107_client2,9910,10,ironing,1034.88
0.1,alpha0p1,107,2,subject107_client2,9911,10,ironing,1036.16
0.1,alpha0p1,107,2,subject107_client2,9912,10,ironing,1037.44
0.1,alpha0p1,107,2,subject107_client2,9913,10,ironing,1038.72
0.1,alpha0p1,107,2,subject107_client2,9914,10,ironing,1040.0
0.1,alpha0p1,107,2,subject107_client2,9915,10,ironing,1041.28
0.1,alpha0p1,107,2,subject107_client2,9916,10,ironing,1042.56
0.1,alpha0p1,107,2,subject107_client2,9917,10,ironing,1043.84
0.1,alpha0p1,107,2,subject107_client2,9918,10,ironing,1045.12
0.1,alpha0p1,107,2,subject107_client2,9919,10,ironing,1046.4
0.1,alpha0p1,107,2,subject107_client2,9920,10,ironing,1047.68
0.1,alpha0p1,107,2,subject107_client2,9921,10,ironing,1048.96
0.1,alpha0p1,107,2,subject107_client2,9922,10,ironing,1050.24
0.1,alpha0p1,107,2,subject107_client2,9923,10,ironing,1051.52
0.1,alpha0p1,107,2,subject107_client2,9924,10,ironing,1052.8
0.1,alpha0p1,107,2,subject107_client2,9925,10,ironing,1054.08
0.1,alpha0p1,107,2,subject107_client2,9926,10,ironing,1055.36
0.1,alpha0p1,107,2,subject107_client2,9927,10,ironing,1056.64
0.1,alpha0p1,107,2,subject107_client2,9928,10,ironing,1057.92
0.1,alpha0p1,107,2,subject107_client2,9929,10,ironing,1059.2
0.1,alpha0p1,107,2,subject107_client2,9930,10,ironing,1060.48
0.1,alpha0p1,107,2,subject107_client2,9931,10,ironing,1061.76
0.1,alpha0p1,107,2,subject107_client2,9932,10,ironing,1063.04
0.1,alpha0p1,107,2,subject107_client2,9933,10,ironing,1064.32
0.1,alpha0p1,107,2,subject107_client2,9934,10,ironing,1065.6
0.1,alpha0p1,107,2,subject107_client2,9935,10,ironing,1066.88
0.1,alpha0p1,107,2,subject107_client2,9936,9,vacuum cleaning,1142.35
0.1,alpha0p1,107,2,subject107_client2,9937,9,vacuum cleaning,1143.63
0.1,alpha0p1,107,2,subject107_client2,9938,9,vacuum cleaning,1144.91
0.1,alpha0p1,107,2,subject107_client2,9939,9,vacuum cleaning,1146.19
0.1,alpha0p1,107,2,subject107_client2,9940,9,vacuum cleaning,1147.47
0.1,alpha0p1,107,2,subject107_client2,9941,9,vacuum cleaning,1148.75
0.1,alpha0p1,107,2,subject107_client2,9942,9,vacuum cleaning,1150.03
0.1,alpha0p1,107,2,subject107_client2,9943,9,vacuum cleaning,1151.31
0.1,alpha0p1,107,2,subject107_client2,9944,9,vacuum cleaning,1152.59
0.1,alpha0p1,107,2,subject107_client2,9945,9,vacuum cleaning,1153.87
0.1,alpha0p1,107,2,subject107_client2,9946,9,vacuum cleaning,1155.15
0.1,alpha0p1,107,0,subject107_client0,9948,9,vacuum cleaning,1157.71
0.1,alpha0p1,107,3,subject107_client3,9950,9,vacuum cleaning,1160.27
0.1,alpha0p1,107,3,subject107_client3,9951,9,vacuum cleaning,1161.55
0.1,alpha0p1,107,3,subject107_client3,9952,9,vacuum cleaning,1162.83
0.1,alpha0p1,107,3,subject107_client3,9953,9,vacuum cleaning,1164.11
0.1,alpha0p1,107,3,subject107_client3,9954,9,vacuum cleaning,1165.39
0.1,alpha0p1,107,3,subject107_client3,9955,9,vacuum cleaning,1166.67
0.1,alpha0p1,107,3,subject107_client3,9956,9,vacuum cleaning,1167.95
0.1,alpha0p1,107,3,subject107_client3,9957,9,vacuum cleaning,1169.23
0.1,alpha0p1,107,3,subject107_client3,9958,9,vacuum cleaning,1170.51
0.1,alpha0p1,107,3,subject107_client3,9959,9,vacuum cleaning,1171.79
0.1,alpha0p1,107,3,subject107_client3,9960,9,vacuum cleaning,1173.07
0.1,alpha0p1,107,3,subject107_client3,9961,9,vacuum cleaning,1174.35
0.1,alpha0p1,107,3,subject107_client3,9962,9,vacuum cleaning,1175.63
0.1,alpha0p1,107,3,subject107_client3,9963,9,vacuum cleaning,1176.91
0.1,alpha0p1,107,3,subject107_client3,9964,9,vacuum cleaning,1178.19
0.1,alpha0p1,107,3,subject107_client3,9965,9,vacuum cleaning,1179.47
0.1,alpha0p1,107,3,subject107_client3,9966,9,vacuum cleaning,1180.75
0.1,alpha0p1,107,3,subject107_client3,9967,9,vacuum cleaning,1182.03
0.1,alpha0p1,107,3,subject107_client3,9968,9,vacuum cleaning,1183.31
0.1,alpha0p1,107,3,subject107_client3,9969,9,vacuum cleaning,1184.59
0.1,alpha0p1,107,3,subject107_client3,9970,9,vacuum cleaning,1185.87
0.1,alpha0p1,107,3,subject107_client3,9971,9,vacuum cleaning,1187.15
0.1,alpha0p1,107,3,subject107_client3,9972,9,vacuum cleaning,1188.43
0.1,alpha0p1,107,3,subject107_client3,9973,9,vacuum cleaning,1189.71
0.1,alpha0p1,107,3,subject107_client3,9974,9,vacuum cleaning,1190.99
0.1,alpha0p1,107,3,subject107_client3,9975,9,vacuum cleaning,1192.27
0.1,alpha0p1,107,3,subject107_client3,9976,9,vacuum cleaning,1193.55
0.1,alpha0p1,107,3,subject107_client3,9977,9,vacuum cleaning,1194.83
0.1,alpha0p1,107,3,subject107_client3,9978,9,vacuum cleaning,1196.11
0.1,alpha0p1,107,3,subject107_client3,9979,9,vacuum cleaning,1197.39
0.1,alpha0p1,107,3,subject107_client3,9980,9,vacuum cleaning,1198.67
0.1,alpha0p1,107,3,subject107_client3,9981,9,vacuum cleaning,1199.95
0.1,alpha0p1,107,3,subject107_client3,9982,9,vacuum cleaning,1201.23
0.1,alpha0p1,107,3,subject107_client3,9983,9,vacuum cleaning,1202.51
0.1,alpha0p1,107,3,subject107_client3,9984,9,vacuum cleaning,1203.79
0.1,alpha0p1,107,3,subject107_client3,9985,9,vacuum cleaning,1205.07
0.1,alpha0p1,107,3,subject107_client3,9986,9,vacuum cleaning,1206.35
0.1,alpha0p1,107,3,subject107_client3,9987,9,vacuum cleaning,1207.63
0.1,alpha0p1,107,3,subject107_client3,9988,9,vacuum cleaning,1208.91
0.1,alpha0p1,107,3,subject107_client3,9989,9,vacuum cleaning,1210.19
0.1,alpha0p1,107,3,subject107_client3,9990,9,vacuum cleaning,1211.47
0.1,alpha0p1,107,3,subject107_client3,9991,9,vacuum cleaning,1212.75
0.1,alpha0p1,107,3,subject107_client3,9992,9,vacuum cleaning,1214.03
0.1,alpha0p1,107,3,subject107_client3,9993,9,vacuum cleaning,1215.31
0.1,alpha0p1,107,3,subject107_client3,9994,9,vacuum cleaning,1216.59
0.1,alpha0p1,107,3,subject107_client3,9995,9,vacuum cleaning,1217.87
0.1,alpha0p1,107,3,subject107_client3,9996,9,vacuum cleaning,1219.15
0.1,alpha0p1,107,3,subject107_client3,9997,9,vacuum cleaning,1220.43
0.1,alpha0p1,107,3,subject107_client3,9998,9,vacuum cleaning,1221.71
0.1,alpha0p1,107,3,subject107_client3,9999,9,vacuum cleaning,1222.99
0.1,alpha0p1,107,3,subject107_client3,10000,9,vacuum cleaning,1224.27
0.1,alpha0p1,107,3,subject107_client3,10001,9,vacuum cleaning,1225.55
0.1,alpha0p1,107,3,subject107_client3,10002,9,vacuum cleaning,1226.83
0.1,alpha0p1,107,3,subject107_client3,10003,9,vacuum cleaning,1228.11
0.1,alpha0p1,107,3,subject107_client3,10004,9,vacuum cleaning,1229.39
0.1,alpha0p1,107,3,subject107_client3,10005,9,vacuum cleaning,1230.67
0.1,alpha0p1,107,3,subject107_client3,10006,9,vacuum cleaning,1231.95
0.1,alpha0p1,107,3,subject107_client3,10007,9,vacuum cleaning,1233.23
0.1,alpha0p1,107,3,subject107_client3,10008,9,vacuum cleaning,1234.51
0.1,alpha0p1,107,3,subject107_client3,10009,9,vacuum cleaning,1235.79
0.1,alpha0p1,107,3,subject107_client3,10010,9,vacuum cleaning,1237.07
0.1,alpha0p1,107,3,subject107_client3,10011,9,vacuum cleaning,1238.35
0.1,alpha0p1,107,3,subject107_client3,10012,9,vacuum cleaning,1239.63
0.1,alpha0p1,107,3,subject107_client3,10013,9,vacuum cleaning,1240.91
0.1,alpha0p1,107,3,subject107_client3,10014,9,vacuum cleaning,1242.19
0.1,alpha0p1,107,3,subject107_client3,10015,9,vacuum cleaning,1243.47
0.1,alpha0p1,107,3,subject107_client3,10016,9,vacuum cleaning,1244.75
0.1,alpha0p1,107,3,subject107_client3,10017,9,vacuum cleaning,1246.03
0.1,alpha0p1,107,3,subject107_client3,10018,9,vacuum cleaning,1247.31
0.1,alpha0p1,107,3,subject107_client3,10019,9,vacuum cleaning,1248.59
0.1,alpha0p1,107,3,subject107_client3,10020,9,vacuum cleaning,1249.87
0.1,alpha0p1,107,3,subject107_client3,10021,9,vacuum cleaning,1251.15
0.1,alpha0p1,107,3,subject107_client3,10022,9,vacuum cleaning,1252.43
0.1,alpha0p1,107,3,subject107_client3,10023,9,vacuum cleaning,1253.71
0.1,alpha0p1,107,3,subject107_client3,10024,9,vacuum cleaning,1254.99
0.1,alpha0p1,107,3,subject107_client3,10025,9,vacuum cleaning,1256.27
0.1,alpha0p1,107,3,subject107_client3,10026,9,vacuum cleaning,1257.55
0.1,alpha0p1,107,3,subject107_client3,10027,9,vacuum cleaning,1258.83
0.1,alpha0p1,107,3,subject107_client3,10028,9,vacuum cleaning,1260.11
0.1,alpha0p1,107,3,subject107_client3,10029,9,vacuum cleaning,1261.39
0.1,alpha0p1,107,3,subject107_client3,10030,9,vacuum cleaning,1262.67
0.1,alpha0p1,107,3,subject107_client3,10031,9,vacuum cleaning,1263.95
0.1,alpha0p1,107,3,subject107_client3,10032,9,vacuum cleaning,1265.23
0.1,alpha0p1,107,3,subject107_client3,10033,9,vacuum cleaning,1266.51
0.1,alpha0p1,107,3,subject107_client3,10034,9,vacuum cleaning,1267.79
0.1,alpha0p1,107,3,subject107_client3,10035,9,vacuum cleaning,1269.07
0.1,alpha0p1,107,3,subject107_client3,10036,9,vacuum cleaning,1270.35
0.1,alpha0p1,107,3,subject107_client3,10037,9,vacuum cleaning,1271.63
0.1,alpha0p1,107,3,subject107_client3,10038,9,vacuum cleaning,1272.91
0.1,alpha0p1,107,3,subject107_client3,10039,9,vacuum cleaning,1274.19
0.1,alpha0p1,107,3,subject107_client3,10040,9,vacuum cleaning,1275.47
0.1,alpha0p1,107,3,subject107_client3,10041,9,vacuum cleaning,1276.75
0.1,alpha0p1,107,3,subject107_client3,10042,9,vacuum cleaning,1278.03
0.1,alpha0p1,107,3,subject107_client3,10043,9,vacuum cleaning,1279.31
0.1,alpha0p1,107,3,subject107_client3,10044,9,vacuum cleaning,1280.59
0.1,alpha0p1,107,3,subject107_client3,10045,9,vacuum cleaning,1281.87
0.1,alpha0p1,107,3,subject107_client3,10046,9,vacuum cleaning,1283.15
0.1,alpha0p1,107,3,subject107_client3,10047,9,vacuum cleaning,1284.43
0.1,alpha0p1,107,3,subject107_client3,10048,9,vacuum cleaning,1285.71
0.1,alpha0p1,107,3,subject107_client3,10049,9,vacuum cleaning,1286.99
0.1,alpha0p1,107,3,subject107_client3,10050,9,vacuum cleaning,1288.27
0.1,alpha0p1,107,3,subject107_client3,10051,9,vacuum cleaning,1289.55
0.1,alpha0p1,107,3,subject107_client3,10052,9,vacuum cleaning,1290.83
0.1,alpha0p1,107,3,subject107_client3,10053,9,vacuum cleaning,1292.11
0.1,alpha0p1,107,3,subject107_client3,10054,9,vacuum cleaning,1293.39
0.1,alpha0p1,107,3,subject107_client3,10055,9,vacuum cleaning,1294.67
0.1,alpha0p1,107,3,subject107_client3,10056,9,vacuum cleaning,1295.95
0.1,alpha0p1,107,3,subject107_client3,10057,9,vacuum cleaning,1297.23
0.1,alpha0p1,107,3,subject107_client3,10058,9,vacuum cleaning,1298.51
0.1,alpha0p1,107,3,subject107_client3,10059,9,vacuum cleaning,1299.79
0.1,alpha0p1,107,3,subject107_client3,10060,9,vacuum cleaning,1301.07
0.1,alpha0p1,107,3,subject107_client3,10061,9,vacuum cleaning,1302.35
0.1,alpha0p1,107,3,subject107_client3,10062,9,vacuum cleaning,1303.63
0.1,alpha0p1,107,3,subject107_client3,10063,9,vacuum cleaning,1304.91
0.1,alpha0p1,107,3,subject107_client3,10064,9,vacuum cleaning,1306.19
0.1,alpha0p1,107,3,subject107_client3,10065,9,vacuum cleaning,1307.47
0.1,alpha0p1,107,3,subject107_client3,10066,9,vacuum cleaning,1308.75
0.1,alpha0p1,107,3,subject107_client3,10067,9,vacuum cleaning,1310.03
0.1,alpha0p1,107,3,subject107_client3,10068,9,vacuum cleaning,1311.31
0.1,alpha0p1,107,3,subject107_client3,10069,9,vacuum cleaning,1312.59
0.1,alpha0p1,107,3,subject107_client3,10070,9,vacuum cleaning,1313.87
0.1,alpha0p1,107,3,subject107_client3,10071,9,vacuum cleaning,1315.15
0.1,alpha0p1,107,3,subject107_client3,10072,9,vacuum cleaning,1316.43
0.1,alpha0p1,107,3,subject107_client3,10073,9,vacuum cleaning,1317.71
0.1,alpha0p1,107,3,subject107_client3,10074,9,vacuum cleaning,1318.99
0.1,alpha0p1,107,3,subject107_client3,10075,9,vacuum cleaning,1320.27
0.1,alpha0p1,107,3,subject107_client3,10076,9,vacuum cleaning,1321.55
0.1,alpha0p1,107,3,subject107_client3,10077,9,vacuum cleaning,1322.83
0.1,alpha0p1,107,3,subject107_client3,10078,9,vacuum cleaning,1324.11
0.1,alpha0p1,107,3,subject107_client3,10079,9,vacuum cleaning,1325.39
0.1,alpha0p1,107,3,subject107_client3,10080,9,vacuum cleaning,1326.67
0.1,alpha0p1,107,3,subject107_client3,10081,9,vacuum cleaning,1327.95
0.1,alpha0p1,107,3,subject107_client3,10082,9,vacuum cleaning,1329.23
0.1,alpha0p1,107,3,subject107_client3,10083,9,vacuum cleaning,1330.51
0.1,alpha0p1,107,3,subject107_client3,10084,9,vacuum cleaning,1331.79
0.1,alpha0p1,107,3,subject107_client3,10085,9,vacuum cleaning,1333.07
0.1,alpha0p1,107,3,subject107_client3,10086,9,vacuum cleaning,1334.35
0.1,alpha0p1,107,3,subject107_client3,10087,9,vacuum cleaning,1335.63
0.1,alpha0p1,107,3,subject107_client3,10088,9,vacuum cleaning,1336.91
0.1,alpha0p1,107,3,subject107_client3,10089,9,vacuum cleaning,1338.19
0.1,alpha0p1,107,3,subject107_client3,10090,9,vacuum cleaning,1339.47
0.1,alpha0p1,107,3,subject107_client3,10091,9,vacuum cleaning,1340.75
0.1,alpha0p1,107,3,subject107_client3,10092,9,vacuum cleaning,1342.03
0.1,alpha0p1,107,3,subject107_client3,10093,9,vacuum cleaning,1343.31
0.1,alpha0p1,107,3,subject107_client3,10094,9,vacuum cleaning,1344.59
0.1,alpha0p1,107,3,subject107_client3,10095,9,vacuum cleaning,1345.87
0.1,alpha0p1,107,3,subject107_client3,10096,9,vacuum cleaning,1347.15
0.1,alpha0p1,107,3,subject107_client3,10097,9,vacuum cleaning,1348.43
0.1,alpha0p1,107,3,subject107_client3,10098,9,vacuum cleaning,1349.71
0.1,alpha0p1,107,1,subject107_client1,10100,9,vacuum cleaning,1352.27
0.1,alpha0p1,107,1,subject107_client1,10101,9,vacuum cleaning,1353.55
0.1,alpha0p1,107,1,subject107_client1,10102,9,vacuum cleaning,1354.83
0.1,alpha0p1,107,3,subject107_client3,10103,7,ascending stairs,1461.21
0.1,alpha0p1,107,0,subject107_client0,10105,7,ascending stairs,1463.77
0.1,alpha0p1,107,0,subject107_client0,10106,7,ascending stairs,1465.05
0.1,alpha0p1,107,0,subject107_client0,10107,7,ascending stairs,1466.33
0.1,alpha0p1,107,0,subject107_client0,10108,7,ascending stairs,1467.61
0.1,alpha0p1,107,0,subject107_client0,10109,7,ascending stairs,1468.89
0.1,alpha0p1,107,0,subject107_client0,10110,7,ascending stairs,1470.17
0.1,alpha0p1,107,0,subject107_client0,10111,7,ascending stairs,1471.45
0.1,alpha0p1,107,0,subject107_client0,10112,7,ascending stairs,1472.73
0.1,alpha0p1,107,0,subject107_client0,10113,7,ascending stairs,1474.01
0.1,alpha0p1,107,0,subject107_client0,10114,7,ascending stairs,1475.29
0.1,alpha0p1,107,0,subject107_client0,10115,7,ascending stairs,1476.57
0.1,alpha0p1,107,0,subject107_client0,10116,7,ascending stairs,1477.85
0.1,alpha0p1,107,0,subject107_client0,10117,7,ascending stairs,1479.13
0.1,alpha0p1,107,0,subject107_client0,10118,7,ascending stairs,1480.41
0.1,alpha0p1,107,0,subject107_client0,10119,7,ascending stairs,1481.69
0.1,alpha0p1,107,0,subject107_client0,10120,7,ascending stairs,1482.97
0.1,alpha0p1,107,0,subject107_client0,10121,7,ascending stairs,1484.25
0.1,alpha0p1,107,0,subject107_client0,10122,7,ascending stairs,1485.53
0.1,alpha0p1,107,0,subject107_client0,10123,7,ascending stairs,1486.81
0.1,alpha0p1,107,0,subject107_client0,10124,7,ascending stairs,1488.09
0.1,alpha0p1,107,0,subject107_client0,10125,7,ascending stairs,1489.37
0.1,alpha0p1,107,0,subject107_client0,10126,7,ascending stairs,1490.65
0.1,alpha0p1,107,0,subject107_client0,10127,7,ascending stairs,1491.93
0.1,alpha0p1,107,0,subject107_client0,10128,7,ascending stairs,1493.21
0.1,alpha0p1,107,0,subject107_client0,10129,7,ascending stairs,1494.49
0.1,alpha0p1,107,0,subject107_client0,10130,7,ascending stairs,1495.77
0.1,alpha0p1,107,0,subject107_client0,10131,7,ascending stairs,1497.05
0.1,alpha0p1,107,0,subject107_client0,10132,7,ascending stairs,1498.33
0.1,alpha0p1,107,0,subject107_client0,10133,7,ascending stairs,1499.61
0.1,alpha0p1,107,0,subject107_client0,10134,7,ascending stairs,1500.89
0.1,alpha0p1,107,0,subject107_client0,10135,7,ascending stairs,1502.17
0.1,alpha0p1,107,0,subject107_client0,10136,7,ascending stairs,1503.45
0.1,alpha0p1,107,0,subject107_client0,10137,7,ascending stairs,1504.73
0.1,alpha0p1,107,0,subject107_client0,10138,7,ascending stairs,1506.01
0.1,alpha0p1,107,0,subject107_client0,10139,7,ascending stairs,1507.29
0.1,alpha0p1,107,0,subject107_client0,10140,7,ascending stairs,1508.57
0.1,alpha0p1,107,0,subject107_client0,10141,7,ascending stairs,1509.85
0.1,alpha0p1,107,0,subject107_client0,10142,7,ascending stairs,1511.13
0.1,alpha0p1,107,0,subject107_client0,10143,7,ascending stairs,1512.41
0.1,alpha0p1,107,0,subject107_client0,10144,7,ascending stairs,1513.69
0.1,alpha0p1,107,0,subject107_client0,10145,7,ascending stairs,1514.97
0.1,alpha0p1,107,0,subject107_client0,10146,7,ascending stairs,1516.25
0.1,alpha0p1,107,0,subject107_client0,10147,7,ascending stairs,1517.53
0.1,alpha0p1,107,0,subject107_client0,10148,7,ascending stairs,1518.81
0.1,alpha0p1,107,0,subject107_client0,10149,7,ascending stairs,1520.09
0.1,alpha0p1,107,0,subject107_client0,10150,7,ascending stairs,1521.37
0.1,alpha0p1,107,0,subject107_client0,10151,7,ascending stairs,1522.65
0.1,alpha0p1,107,0,subject107_client0,10152,7,ascending stairs,1523.93
0.1,alpha0p1,107,0,subject107_client0,10153,7,ascending stairs,1525.21
0.1,alpha0p1,107,0,subject107_client0,10154,7,ascending stairs,1526.49
0.1,alpha0p1,107,0,subject107_client0,10155,7,ascending stairs,1527.77
0.1,alpha0p1,107,0,subject107_client0,10156,7,ascending stairs,1529.05
0.1,alpha0p1,107,0,subject107_client0,10157,7,ascending stairs,1530.33
0.1,alpha0p1,107,0,subject107_client0,10158,7,ascending stairs,1531.61
0.1,alpha0p1,107,0,subject107_client0,10159,7,ascending stairs,1532.89
0.1,alpha0p1,107,0,subject107_client0,10160,7,ascending stairs,1534.17
0.1,alpha0p1,107,0,subject107_client0,10161,7,ascending stairs,1535.45
0.1,alpha0p1,107,0,subject107_client0,10162,7,ascending stairs,1536.73
0.1,alpha0p1,107,0,subject107_client0,10163,7,ascending stairs,1538.01
0.1,alpha0p1,107,0,subject107_client0,10164,7,ascending stairs,1539.29
0.1,alpha0p1,107,0,subject107_client0,10165,7,ascending stairs,1540.57
0.1,alpha0p1,107,0,subject107_client0,10166,7,ascending stairs,1541.85
0.1,alpha0p1,107,0,subject107_client0,10167,7,ascending stairs,1543.13
0.1,alpha0p1,107,0,subject107_client0,10168,7,ascending stairs,1544.41
0.1,alpha0p1,107,0,subject107_client0,10169,7,ascending stairs,1545.69
0.1,alpha0p1,107,0,subject107_client0,10170,7,ascending stairs,1546.97
0.1,alpha0p1,107,0,subject107_client0,10171,7,ascending stairs,1548.25
0.1,alpha0p1,107,0,subject107_client0,10172,7,ascending stairs,1549.53
0.1,alpha0p1,107,0,subject107_client0,10173,8,descending stairs,1611.28
0.1,alpha0p1,107,3,subject107_client3,10175,8,descending stairs,1613.84
0.1,alpha0p1,107,3,subject107_client3,10176,8,descending stairs,1615.12
0.1,alpha0p1,107,3,subject107_client3,10177,8,descending stairs,1616.4
0.1,alpha0p1,107,3,subject107_client3,10178,8,descending stairs,1617.68
0.1,alpha0p1,107,3,subject107_client3,10179,8,descending stairs,1618.96
0.1,alpha0p1,107,3,subject107_client3,10180,8,descending stairs,1620.24
0.1,alpha0p1,107,3,subject107_client3,10181,8,descending stairs,1621.52
0.1,alpha0p1,107,3,subject107_client3,10182,8,descending stairs,1622.8
0.1,alpha0p1,107,3,subject107_client3,10183,8,descending stairs,1624.08
0.1,alpha0p1,107,3,subject107_client3,10184,8,descending stairs,1625.36
0.1,alpha0p1,107,3,subject107_client3,10185,8,descending stairs,1626.64
0.1,alpha0p1,107,3,subject107_client3,10186,8,descending stairs,1627.92
0.1,alpha0p1,107,3,subject107_client3,10187,8,descending stairs,1629.2
0.1,alpha0p1,107,3,subject107_client3,10188,8,descending stairs,1630.48
0.1,alpha0p1,107,3,subject107_client3,10189,8,descending stairs,1631.76
0.1,alpha0p1,107,3,subject107_client3,10190,8,descending stairs,1633.04
0.1,alpha0p1,107,3,subject107_client3,10191,8,descending stairs,1634.32
0.1,alpha0p1,107,3,subject107_client3,10192,8,descending stairs,1635.6
0.1,alpha0p1,107,3,subject107_client3,10193,8,descending stairs,1636.88
0.1,alpha0p1,107,3,subject107_client3,10194,8,descending stairs,1638.16
0.1,alpha0p1,107,3,subject107_client3,10195,8,descending stairs,1639.44
0.1,alpha0p1,107,3,subject107_client3,10196,8,descending stairs,1640.72
0.1,alpha0p1,107,3,subject107_client3,10197,8,descending stairs,1642.0
0.1,alpha0p1,107,3,subject107_client3,10198,8,descending stairs,1643.28
0.1,alpha0p1,107,3,subject107_client3,10199,8,descending stairs,1644.56
0.1,alpha0p1,107,3,subject107_client3,10200,8,descending stairs,1645.84
0.1,alpha0p1,107,3,subject107_client3,10201,8,descending stairs,1647.12
0.1,alpha0p1,107,3,subject107_client3,10202,8,descending stairs,1648.4
0.1,alpha0p1,107,3,subject107_client3,10203,8,descending stairs,1649.68
0.1,alpha0p1,107,3,subject107_client3,10204,8,descending stairs,1650.96
0.1,alpha0p1,107,3,subject107_client3,10205,8,descending stairs,1652.24
0.1,alpha0p1,107,3,subject107_client3,10206,8,descending stairs,1653.52
0.1,alpha0p1,107,3,subject107_client3,10207,8,descending stairs,1654.8
0.1,alpha0p1,107,3,subject107_client3,10208,8,descending stairs,1656.08
0.1,alpha0p1,107,3,subject107_client3,10209,8,descending stairs,1657.36
0.1,alpha0p1,107,3,subject107_client3,10210,8,descending stairs,1658.64
0.1,alpha0p1,107,3,subject107_client3,10211,8,descending stairs,1659.92
0.1,alpha0p1,107,3,subject107_client3,10212,8,descending stairs,1661.2
0.1,alpha0p1,107,3,subject107_client3,10213,8,descending stairs,1662.48
0.1,alpha0p1,107,3,subject107_client3,10214,8,descending stairs,1663.76
0.1,alpha0p1,107,3,subject107_client3,10215,8,descending stairs,1665.04
0.1,alpha0p1,107,3,subject107_client3,10216,8,descending stairs,1666.32
0.1,alpha0p1,107,3,subject107_client3,10217,8,descending stairs,1667.6
0.1,alpha0p1,107,3,subject107_client3,10218,8,descending stairs,1668.88
0.1,alpha0p1,107,3,subject107_client3,10219,8,descending stairs,1670.16
0.1,alpha0p1,107,3,subject107_client3,10220,8,descending stairs,1671.44
0.1,alpha0p1,107,0,subject107_client0,10221,7,ascending stairs,1708.98
0.1,alpha0p1,107,0,subject107_client0,10222,7,ascending stairs,1710.26
0.1,alpha0p1,107,0,subject107_client0,10223,7,ascending stairs,1711.54
0.1,alpha0p1,107,0,subject107_client0,10224,7,ascending stairs,1712.82
0.1,alpha0p1,107,0,subject107_client0,10225,7,ascending stairs,1714.1
0.1,alpha0p1,107,0,subject107_client0,10226,7,ascending stairs,1715.38
0.1,alpha0p1,107,0,subject107_client0,10227,7,ascending stairs,1716.66
0.1,alpha0p1,107,0,subject107_client0,10228,7,ascending stairs,1717.94
0.1,alpha0p1,107,0,subject107_client0,10229,7,ascending stairs,1719.22
0.1,alpha0p1,107,0,subject107_client0,10230,7,ascending stairs,1720.5
0.1,alpha0p1,107,0,subject107_client0,10231,7,ascending stairs,1721.78
0.1,alpha0p1,107,0,subject107_client0,10232,7,ascending stairs,1723.06
0.1,alpha0p1,107,0,subject107_client0,10233,7,ascending stairs,1724.34
0.1,alpha0p1,107,0,subject107_client0,10234,7,ascending stairs,1725.62
0.1,alpha0p1,107,0,subject107_client0,10235,7,ascending stairs,1726.9
0.1,alpha0p1,107,0,subject107_client0,10236,7,ascending stairs,1728.18
0.1,alpha0p1,107,0,subject107_client0,10237,7,ascending stairs,1729.46
0.1,alpha0p1,107,0,subject107_client0,10238,7,ascending stairs,1730.74
0.1,alpha0p1,107,0,subject107_client0,10239,7,ascending stairs,1732.02
0.1,alpha0p1,107,0,subject107_client0,10240,7,ascending stairs,1733.3
0.1,alpha0p1,107,0,subject107_client0,10241,7,ascending stairs,1734.58
0.1,alpha0p1,107,0,subject107_client0,10242,7,ascending stairs,1735.86
0.1,alpha0p1,107,0,subject107_client0,10243,7,ascending stairs,1737.14
0.1,alpha0p1,107,0,subject107_client0,10244,7,ascending stairs,1738.42
0.1,alpha0p1,107,0,subject107_client0,10245,7,ascending stairs,1739.7
0.1,alpha0p1,107,0,subject107_client0,10246,7,ascending stairs,1740.98
0.1,alpha0p1,107,0,subject107_client0,10247,7,ascending stairs,1742.26
0.1,alpha0p1,107,0,subject107_client0,10248,7,ascending stairs,1743.54
0.1,alpha0p1,107,0,subject107_client0,10249,7,ascending stairs,1744.82
0.1,alpha0p1,107,0,subject107_client0,10250,7,ascending stairs,1746.1
0.1,alpha0p1,107,0,subject107_client0,10251,7,ascending stairs,1747.38
0.1,alpha0p1,107,0,subject107_client0,10252,7,ascending stairs,1748.66
0.1,alpha0p1,107,0,subject107_client0,10253,7,ascending stairs,1749.94
0.1,alpha0p1,107,0,subject107_client0,10254,7,ascending stairs,1751.22
0.1,alpha0p1,107,0,subject107_client0,10255,7,ascending stairs,1752.5
0.1,alpha0p1,107,0,subject107_client0,10256,7,ascending stairs,1753.78
0.1,alpha0p1,107,0,subject107_client0,10257,7,ascending stairs,1755.06
0.1,alpha0p1,107,0,subject107_client0,10258,7,ascending stairs,1756.34
0.1,alpha0p1,107,0,subject107_client0,10259,7,ascending stairs,1757.62
0.1,alpha0p1,107,0,subject107_client0,10260,7,ascending stairs,1758.9
0.1,alpha0p1,107,0,subject107_client0,10261,7,ascending stairs,1760.18
0.1,alpha0p1,107,0,subject107_client0,10262,7,ascending stairs,1761.46
0.1,alpha0p1,107,0,subject107_client0,10263,7,ascending stairs,1762.74
0.1,alpha0p1,107,0,subject107_client0,10264,7,ascending stairs,1764.02
0.1,alpha0p1,107,0,subject107_client0,10265,7,ascending stairs,1765.3
0.1,alpha0p1,107,0,subject107_client0,10266,7,ascending stairs,1766.58
0.1,alpha0p1,107,0,subject107_client0,10267,7,ascending stairs,1767.86
0.1,alpha0p1,107,0,subject107_client0,10268,7,ascending stairs,1769.14
0.1,alpha0p1,107,0,subject107_client0,10269,7,ascending stairs,1770.42
0.1,alpha0p1,107,0,subject107_client0,10270,7,ascending stairs,1771.7
0.1,alpha0p1,107,0,subject107_client0,10271,7,ascending stairs,1772.98
0.1,alpha0p1,107,0,subject107_client0,10272,7,ascending stairs,1774.26
0.1,alpha0p1,107,0,subject107_client0,10273,7,ascending stairs,1775.54
0.1,alpha0p1,107,0,subject107_client0,10274,7,ascending stairs,1776.82
0.1,alpha0p1,107,0,subject107_client0,10275,7,ascending stairs,1778.1
0.1,alpha0p1,107,0,subject107_client0,10276,7,ascending stairs,1779.38
0.1,alpha0p1,107,0,subject107_client0,10277,7,ascending stairs,1780.66
0.1,alpha0p1,107,0,subject107_client0,10278,7,ascending stairs,1781.94
0.1,alpha0p1,107,0,subject107_client0,10279,7,ascending stairs,1783.22
0.1,alpha0p1,107,0,subject107_client0,10280,7,ascending stairs,1784.5
0.1,alpha0p1,107,0,subject107_client0,10281,7,ascending stairs,1785.78
0.1,alpha0p1,107,0,subject107_client0,10282,7,ascending stairs,1787.06
0.1,alpha0p1,107,0,subject107_client0,10283,7,ascending stairs,1788.34
0.1,alpha0p1,107,0,subject107_client0,10284,7,ascending stairs,1789.62
0.1,alpha0p1,107,0,subject107_client0,10285,7,ascending stairs,1790.9
0.1,alpha0p1,107,3,subject107_client3,10286,8,descending stairs,1794.42
0.1,alpha0p1,107,3,subject107_client3,10287,8,descending stairs,1795.7
0.1,alpha0p1,107,3,subject107_client3,10288,8,descending stairs,1796.98
0.1,alpha0p1,107,3,subject107_client3,10289,8,descending stairs,1798.26
0.1,alpha0p1,107,3,subject107_client3,10290,8,descending stairs,1799.54
0.1,alpha0p1,107,3,subject107_client3,10291,8,descending stairs,1800.82
0.1,alpha0p1,107,3,subject107_client3,10292,8,descending stairs,1802.1
0.1,alpha0p1,107,3,subject107_client3,10293,8,descending stairs,1803.38
0.1,alpha0p1,107,3,subject107_client3,10294,8,descending stairs,1804.66
0.1,alpha0p1,107,3,subject107_client3,10295,8,descending stairs,1805.94
0.1,alpha0p1,107,3,subject107_client3,10296,8,descending stairs,1807.22
0.1,alpha0p1,107,3,subject107_client3,10297,8,descending stairs,1808.5
0.1,alpha0p1,107,3,subject107_client3,10298,8,descending stairs,1809.78
0.1,alpha0p1,107,3,subject107_client3,10299,8,descending stairs,1811.06
0.1,alpha0p1,107,3,subject107_client3,10300,8,descending stairs,1812.34
0.1,alpha0p1,107,3,subject107_client3,10301,8,descending stairs,1813.62
0.1,alpha0p1,107,3,subject107_client3,10302,8,descending stairs,1814.9
0.1,alpha0p1,107,3,subject107_client3,10303,8,descending stairs,1816.18
0.1,alpha0p1,107,3,subject107_client3,10304,8,descending stairs,1817.46
0.1,alpha0p1,107,3,subject107_client3,10305,8,descending stairs,1818.74
0.1,alpha0p1,107,3,subject107_client3,10306,8,descending stairs,1820.02
0.1,alpha0p1,107,3,subject107_client3,10307,8,descending stairs,1821.3
0.1,alpha0p1,107,3,subject107_client3,10308,8,descending stairs,1822.58
0.1,alpha0p1,107,3,subject107_client3,10309,8,descending stairs,1823.86
0.1,alpha0p1,107,3,subject107_client3,10310,8,descending stairs,1825.14
0.1,alpha0p1,107,3,subject107_client3,10311,8,descending stairs,1826.42
0.1,alpha0p1,107,3,subject107_client3,10312,8,descending stairs,1827.7
0.1,alpha0p1,107,3,subject107_client3,10313,8,descending stairs,1828.98
0.1,alpha0p1,107,3,subject107_client3,10314,8,descending stairs,1830.26
0.1,alpha0p1,107,3,subject107_client3,10315,8,descending stairs,1831.54
0.1,alpha0p1,107,3,subject107_client3,10316,8,descending stairs,1832.82
0.1,alpha0p1,107,3,subject107_client3,10317,8,descending stairs,1834.1
0.1,alpha0p1,107,3,subject107_client3,10318,8,descending stairs,1835.38
0.1,alpha0p1,107,3,subject107_client3,10319,8,descending stairs,1836.66
0.1,alpha0p1,107,2,subject107_client2,10321,8,descending stairs,1839.22
0.1,alpha0p1,107,2,subject107_client2,10322,8,descending stairs,1840.5
0.1,alpha0p1,107,2,subject107_client2,10323,8,descending stairs,1841.78
0.1,alpha0p1,107,2,subject107_client2,10324,8,descending stairs,1843.06
0.1,alpha0p1,107,2,subject107_client2,10325,8,descending stairs,1844.34
0.1,alpha0p1,107,3,subject107_client3,10326,3,walking,2050.92
0.1,alpha0p1,107,3,subject107_client3,10327,3,walking,2052.2
0.1,alpha0p1,107,3,subject107_client3,10328,3,walking,2053.48
0.1,alpha0p1,107,3,subject107_client3,10329,3,walking,2054.76
0.1,alpha0p1,107,3,subject107_client3,10330,3,walking,2056.04
0.1,alpha0p1,107,3,subject107_client3,10331,3,walking,2057.32
0.1,alpha0p1,107,3,subject107_client3,10332,3,walking,2058.6
0.1,alpha0p1,107,3,subject107_client3,10333,3,walking,2059.88
0.1,alpha0p1,107,3,subject107_client3,10334,3,walking,2061.16
0.1,alpha0p1,107,3,subject107_client3,10335,3,walking,2062.44
0.1,alpha0p1,107,3,subject107_client3,10336,3,walking,2063.72
0.1,alpha0p1,107,3,subject107_client3,10337,3,walking,2065.0
0.1,alpha0p1,107,3,subject107_client3,10338,3,walking,2066.28
0.1,alpha0p1,107,3,subject107_client3,10339,3,walking,2067.56
0.1,alpha0p1,107,3,subject107_client3,10340,3,walking,2068.84
0.1,alpha0p1,107,3,subject107_client3,10341,3,walking,2070.12
0.1,alpha0p1,107,3,subject107_client3,10342,3,walking,2071.4
0.1,alpha0p1,107,3,subject107_client3,10343,3,walking,2072.68
0.1,alpha0p1,107,3,subject107_client3,10344,3,walking,2073.96
0.1,alpha0p1,107,3,subject107_client3,10345,3,walking,2075.24
0.1,alpha0p1,107,3,subject107_client3,10346,3,walking,2076.52
0.1,alpha0p1,107,3,subject107_client3,10347,3,walking,2077.8
0.1,alpha0p1,107,3,subject107_client3,10348,3,walking,2079.08
0.1,alpha0p1,107,3,subject107_client3,10349,3,walking,2080.36
0.1,alpha0p1,107,3,subject107_client3,10350,3,walking,2081.64
0.1,alpha0p1,107,3,subject107_client3,10351,3,walking,2082.92
0.1,alpha0p1,107,3,subject107_client3,10352,3,walking,2084.2
0.1,alpha0p1,107,3,subject107_client3,10353,3,walking,2085.48
0.1,alpha0p1,107,3,subject107_client3,10354,3,walking,2086.76
0.1,alpha0p1,107,3,subject107_client3,10355,3,walking,2088.04
0.1,alpha0p1,107,3,subject107_client3,10356,3,walking,2089.32
0.1,alpha0p1,107,3,subject107_client3,10357,3,walking,2090.6
0.1,alpha0p1,107,3,subject107_client3,10358,3,walking,2091.88
0.1,alpha0p1,107,3,subject107_client3,10359,3,walking,2093.16
0.1,alpha0p1,107,3,subject107_client3,10360,3,walking,2094.44
0.1,alpha0p1,107,3,subject107_client3,10361,3,walking,2095.72
0.1,alpha0p1,107,3,subject107_client3,10362,3,walking,2097.0
0.1,alpha0p1,107,3,subject107_client3,10363,3,walking,2098.28
0.1,alpha0p1,107,3,subject107_client3,10364,3,walking,2099.56
0.1,alpha0p1,107,3,subject107_client3,10365,3,walking,2100.84
0.1,alpha0p1,107,3,subject107_client3,10366,3,walking,2102.12
0.1,alpha0p1,107,3,subject107_client3,10367,3,walking,2103.4
0.1,alpha0p1,107,3,subject107_client3,10368,3,walking,2104.68
0.1,alpha0p1,107,3,subject107_client3,10369,3,walking,2105.96
0.1,alpha0p1,107,3,subject107_client3,10370,3,walking,2107.24
0.1,alpha0p1,107,3,subject107_client3,10371,3,walking,2108.52
0.1,alpha0p1,107,3,subject107_client3,10372,3,walking,2109.8
0.1,alpha0p1,107,3,subject107_client3,10373,3,walking,2111.08
0.1,alpha0p1,107,3,subject107_client3,10374,3,walking,2112.36
0.1,alpha0p1,107,3,subject107_client3,10375,3,walking,2113.64
0.1,alpha0p1,107,3,subject107_client3,10376,3,walking,2114.92
0.1,alpha0p1,107,3,subject107_client3,10377,3,walking,2116.2
0.1,alpha0p1,107,3,subject107_client3,10378,3,walking,2117.48
0.1,alpha0p1,107,3,subject107_client3,10379,3,walking,2118.76
0.1,alpha0p1,107,3,subject107_client3,10380,3,walking,2120.04
0.1,alpha0p1,107,3,subject107_client3,10381,3,walking,2121.32
0.1,alpha0p1,107,3,subject107_client3,10382,3,walking,2122.6
0.1,alpha0p1,107,3,subject107_client3,10383,3,walking,2123.88
0.1,alpha0p1,107,3,subject107_client3,10384,3,walking,2125.16
0.1,alpha0p1,107,3,subject107_client3,10385,3,walking,2126.44
0.1,alpha0p1,107,3,subject107_client3,10386,3,walking,2127.72
0.1,alpha0p1,107,3,subject107_client3,10387,3,walking,2129.0
0.1,alpha0p1,107,3,subject107_client3,10388,3,walking,2130.28
0.1,alpha0p1,107,3,subject107_client3,10389,3,walking,2131.56
0.1,alpha0p1,107,3,subject107_client3,10390,3,walking,2132.84
0.1,alpha0p1,107,3,subject107_client3,10391,3,walking,2134.12
0.1,alpha0p1,107,3,subject107_client3,10392,3,walking,2135.4
0.1,alpha0p1,107,3,subject107_client3,10393,3,walking,2136.68
0.1,alpha0p1,107,3,subject107_client3,10394,3,walking,2137.96
0.1,alpha0p1,107,3,subject107_client3,10395,3,walking,2139.24
0.1,alpha0p1,107,3,subject107_client3,10396,3,walking,2140.52
0.1,alpha0p1,107,3,subject107_client3,10397,3,walking,2141.8
0.1,alpha0p1,107,3,subject107_client3,10398,3,walking,2143.08
0.1,alpha0p1,107,3,subject107_client3,10399,3,walking,2144.36
0.1,alpha0p1,107,3,subject107_client3,10400,3,walking,2145.64
0.1,alpha0p1,107,3,subject107_client3,10401,3,walking,2146.92
0.1,alpha0p1,107,3,subject107_client3,10402,3,walking,2148.2
0.1,alpha0p1,107,3,subject107_client3,10403,3,walking,2149.48
0.1,alpha0p1,107,3,subject107_client3,10404,3,walking,2150.76
0.1,alpha0p1,107,3,subject107_client3,10405,3,walking,2152.04
0.1,alpha0p1,107,3,subject107_client3,10406,3,walking,2153.32
0.1,alpha0p1,107,3,subject107_client3,10407,3,walking,2154.6
0.1,alpha0p1,107,3,subject107_client3,10408,3,walking,2155.88
0.1,alpha0p1,107,3,subject107_client3,10409,3,walking,2157.16
0.1,alpha0p1,107,3,subject107_client3,10410,3,walking,2158.44
0.1,alpha0p1,107,3,subject107_client3,10411,3,walking,2159.72
0.1,alpha0p1,107,3,subject107_client3,10412,3,walking,2161.0
0.1,alpha0p1,107,3,subject107_client3,10413,3,walking,2162.28
0.1,alpha0p1,107,3,subject107_client3,10414,3,walking,2163.56
0.1,alpha0p1,107,3,subject107_client3,10415,3,walking,2164.84
0.1,alpha0p1,107,3,subject107_client3,10416,3,walking,2166.12
0.1,alpha0p1,107,3,subject107_client3,10417,3,walking,2167.4
0.1,alpha0p1,107,3,subject107_client3,10418,3,walking,2168.68
0.1,alpha0p1,107,3,subject107_client3,10419,3,walking,2169.96
0.1,alpha0p1,107,3,subject107_client3,10420,3,walking,2171.24
0.1,alpha0p1,107,3,subject107_client3,10421,3,walking,2172.52
0.1,alpha0p1,107,3,subject107_client3,10422,3,walking,2173.8
0.1,alpha0p1,107,3,subject107_client3,10423,3,walking,2175.08
0.1,alpha0p1,107,3,subject107_client3,10424,3,walking,2176.36
0.1,alpha0p1,107,3,subject107_client3,10425,3,walking,2177.64
0.1,alpha0p1,107,3,subject107_client3,10426,3,walking,2178.92
0.1,alpha0p1,107,3,subject107_client3,10427,3,walking,2180.2
0.1,alpha0p1,107,3,subject107_client3,10428,3,walking,2181.48
0.1,alpha0p1,107,3,subject107_client3,10429,3,walking,2182.76
0.1,alpha0p1,107,3,subject107_client3,10430,3,walking,2184.04
0.1,alpha0p1,107,3,subject107_client3,10431,3,walking,2185.32
0.1,alpha0p1,107,3,subject107_client3,10432,3,walking,2186.6
0.1,alpha0p1,107,3,subject107_client3,10433,3,walking,2187.88
0.1,alpha0p1,107,3,subject107_client3,10434,3,walking,2189.16
0.1,alpha0p1,107,3,subject107_client3,10435,3,walking,2190.44
0.1,alpha0p1,107,3,subject107_client3,10436,3,walking,2191.72
0.1,alpha0p1,107,3,subject107_client3,10437,3,walking,2193.0
0.1,alpha0p1,107,3,subject107_client3,10438,3,walking,2194.28
0.1,alpha0p1,107,3,subject107_client3,10439,3,walking,2195.56
0.1,alpha0p1,107,3,subject107_client3,10440,3,walking,2196.84
0.1,alpha0p1,107,3,subject107_client3,10441,3,walking,2198.12
0.1,alpha0p1,107,3,subject107_client3,10442,3,walking,2199.4
0.1,alpha0p1,107,3,subject107_client3,10443,3,walking,2200.68
0.1,alpha0p1,107,3,subject107_client3,10444,3,walking,2201.96
0.1,alpha0p1,107,3,subject107_client3,10445,3,walking,2203.24
0.1,alpha0p1,107,3,subject107_client3,10446,3,walking,2204.52
0.1,alpha0p1,107,3,subject107_client3,10447,3,walking,2205.8
0.1,alpha0p1,107,3,subject107_client3,10448,3,walking,2207.08
0.1,alpha0p1,107,3,subject107_client3,10449,3,walking,2208.36
0.1,alpha0p1,107,3,subject107_client3,10450,3,walking,2209.64
0.1,alpha0p1,107,3,subject107_client3,10451,3,walking,2210.92
0.1,alpha0p1,107,3,subject107_client3,10452,3,walking,2212.2
0.1,alpha0p1,107,3,subject107_client3,10453,3,walking,2213.48
0.1,alpha0p1,107,3,subject107_client3,10454,3,walking,2214.76
0.1,alpha0p1,107,3,subject107_client3,10455,3,walking,2216.04
0.1,alpha0p1,107,3,subject107_client3,10456,3,walking,2217.32
0.1,alpha0p1,107,3,subject107_client3,10457,3,walking,2218.6
0.1,alpha0p1,107,3,subject107_client3,10458,3,walking,2219.88
0.1,alpha0p1,107,3,subject107_client3,10459,3,walking,2221.16
0.1,alpha0p1,107,3,subject107_client3,10460,3,walking,2222.44
0.1,alpha0p1,107,3,subject107_client3,10461,3,walking,2223.72
0.1,alpha0p1,107,3,subject107_client3,10462,3,walking,2225.0
0.1,alpha0p1,107,3,subject107_client3,10463,3,walking,2226.28
0.1,alpha0p1,107,3,subject107_client3,10464,3,walking,2227.56
0.1,alpha0p1,107,3,subject107_client3,10465,3,walking,2228.84
0.1,alpha0p1,107,3,subject107_client3,10466,3,walking,2230.12
0.1,alpha0p1,107,3,subject107_client3,10467,3,walking,2231.4
0.1,alpha0p1,107,3,subject107_client3,10468,3,walking,2232.68
0.1,alpha0p1,107,3,subject107_client3,10469,3,walking,2233.96
0.1,alpha0p1,107,3,subject107_client3,10470,3,walking,2235.24
0.1,alpha0p1,107,3,subject107_client3,10471,3,walking,2236.52
0.1,alpha0p1,107,3,subject107_client3,10472,3,walking,2237.8
0.1,alpha0p1,107,3,subject107_client3,10473,3,walking,2239.08
0.1,alpha0p1,107,3,subject107_client3,10474,3,walking,2240.36
0.1,alpha0p1,107,3,subject107_client3,10475,3,walking,2241.64
0.1,alpha0p1,107,3,subject107_client3,10476,3,walking,2242.92
0.1,alpha0p1,107,3,subject107_client3,10477,3,walking,2244.2
0.1,alpha0p1,107,3,subject107_client3,10478,3,walking,2245.48
0.1,alpha0p1,107,3,subject107_client3,10479,3,walking,2246.76
0.1,alpha0p1,107,3,subject107_client3,10480,3,walking,2248.04
0.1,alpha0p1,107,3,subject107_client3,10481,3,walking,2249.32
0.1,alpha0p1,107,3,subject107_client3,10482,3,walking,2250.6
0.1,alpha0p1,107,3,subject107_client3,10483,3,walking,2251.88
0.1,alpha0p1,107,3,subject107_client3,10484,3,walking,2253.16
0.1,alpha0p1,107,3,subject107_client3,10485,3,walking,2254.44
0.1,alpha0p1,107,3,subject107_client3,10486,3,walking,2255.72
0.1,alpha0p1,107,3,subject107_client3,10487,3,walking,2257.0
0.1,alpha0p1,107,3,subject107_client3,10488,3,walking,2258.28
0.1,alpha0p1,107,3,subject107_client3,10489,3,walking,2259.56
0.1,alpha0p1,107,3,subject107_client3,10490,3,walking,2260.84
0.1,alpha0p1,107,3,subject107_client3,10491,3,walking,2262.12
0.1,alpha0p1,107,3,subject107_client3,10492,3,walking,2263.4
0.1,alpha0p1,107,3,subject107_client3,10493,3,walking,2264.68
0.1,alpha0p1,107,3,subject107_client3,10494,3,walking,2265.96
0.1,alpha0p1,107,3,subject107_client3,10495,3,walking,2267.24
0.1,alpha0p1,107,3,subject107_client3,10496,3,walking,2268.52
0.1,alpha0p1,107,3,subject107_client3,10497,3,walking,2269.8
0.1,alpha0p1,107,3,subject107_client3,10498,3,walking,2271.08
0.1,alpha0p1,107,3,subject107_client3,10499,3,walking,2272.36
0.1,alpha0p1,107,3,subject107_client3,10500,3,walking,2273.64
0.1,alpha0p1,107,3,subject107_client3,10501,3,walking,2274.92
0.1,alpha0p1,107,3,subject107_client3,10502,3,walking,2276.2
0.1,alpha0p1,107,3,subject107_client3,10503,3,walking,2277.48
0.1,alpha0p1,107,3,subject107_client3,10504,3,walking,2278.76
0.1,alpha0p1,107,3,subject107_client3,10505,3,walking,2280.04
0.1,alpha0p1,107,3,subject107_client3,10506,3,walking,2281.32
0.1,alpha0p1,107,3,subject107_client3,10507,3,walking,2282.6
0.1,alpha0p1,107,3,subject107_client3,10508,3,walking,2283.88
0.1,alpha0p1,107,3,subject107_client3,10509,3,walking,2285.16
0.1,alpha0p1,107,3,subject107_client3,10510,3,walking,2286.44
0.1,alpha0p1,107,3,subject107_client3,10511,3,walking,2287.72
0.1,alpha0p1,107,3,subject107_client3,10512,3,walking,2289.0
0.1,alpha0p1,107,3,subject107_client3,10513,3,walking,2290.28
0.1,alpha0p1,107,3,subject107_client3,10514,3,walking,2291.56
0.1,alpha0p1,107,3,subject107_client3,10515,3,walking,2292.84
0.1,alpha0p1,107,3,subject107_client3,10516,3,walking,2294.12
0.1,alpha0p1,107,3,subject107_client3,10517,3,walking,2295.4
0.1,alpha0p1,107,3,subject107_client3,10518,3,walking,2296.68
0.1,alpha0p1,107,3,subject107_client3,10519,3,walking,2297.96
0.1,alpha0p1,107,3,subject107_client3,10520,3,walking,2299.24
0.1,alpha0p1,107,3,subject107_client3,10521,3,walking,2300.52
0.1,alpha0p1,107,3,subject107_client3,10522,3,walking,2301.8
0.1,alpha0p1,107,3,subject107_client3,10523,3,walking,2303.08
0.1,alpha0p1,107,3,subject107_client3,10524,3,walking,2304.36
0.1,alpha0p1,107,3,subject107_client3,10525,3,walking,2305.64
0.1,alpha0p1,107,3,subject107_client3,10526,3,walking,2306.92
0.1,alpha0p1,107,3,subject107_client3,10527,3,walking,2308.2
0.1,alpha0p1,107,3,subject107_client3,10528,3,walking,2309.48
0.1,alpha0p1,107,3,subject107_client3,10529,3,walking,2310.76
0.1,alpha0p1,107,3,subject107_client3,10530,3,walking,2312.04
0.1,alpha0p1,107,3,subject107_client3,10531,3,walking,2313.32
0.1,alpha0p1,107,3,subject107_client3,10532,3,walking,2314.6
0.1,alpha0p1,107,3,subject107_client3,10533,3,walking,2315.88
0.1,alpha0p1,107,3,subject107_client3,10534,3,walking,2317.16
0.1,alpha0p1,107,3,subject107_client3,10535,3,walking,2318.44
0.1,alpha0p1,107,3,subject107_client3,10536,3,walking,2319.72
0.1,alpha0p1,107,3,subject107_client3,10537,3,walking,2321.0
0.1,alpha0p1,107,3,subject107_client3,10538,3,walking,2322.28
0.1,alpha0p1,107,3,subject107_client3,10539,3,walking,2323.56
0.1,alpha0p1,107,3,subject107_client3,10540,3,walking,2324.84
0.1,alpha0p1,107,3,subject107_client3,10541,3,walking,2326.12
0.1,alpha0p1,107,3,subject107_client3,10542,3,walking,2327.4
0.1,alpha0p1,107,3,subject107_client3,10543,3,walking,2328.68
0.1,alpha0p1,107,3,subject107_client3,10544,3,walking,2329.96
0.1,alpha0p1,107,3,subject107_client3,10545,3,walking,2331.24
0.1,alpha0p1,107,3,subject107_client3,10546,3,walking,2332.52
0.1,alpha0p1,107,3,subject107_client3,10547,3,walking,2333.8
0.1,alpha0p1,107,3,subject107_client3,10548,3,walking,2335.08
0.1,alpha0p1,107,3,subject107_client3,10549,3,walking,2336.36
0.1,alpha0p1,107,3,subject107_client3,10550,3,walking,2337.64
0.1,alpha0p1,107,3,subject107_client3,10551,3,walking,2338.92
0.1,alpha0p1,107,3,subject107_client3,10552,3,walking,2340.2
0.1,alpha0p1,107,3,subject107_client3,10553,3,walking,2341.48
0.1,alpha0p1,107,3,subject107_client3,10554,3,walking,2342.76
0.1,alpha0p1,107,3,subject107_client3,10555,3,walking,2344.04
0.1,alpha0p1,107,3,subject107_client3,10556,3,walking,2345.32
0.1,alpha0p1,107,3,subject107_client3,10557,3,walking,2346.6
0.1,alpha0p1,107,3,subject107_client3,10558,3,walking,2347.88
0.1,alpha0p1,107,3,subject107_client3,10559,3,walking,2349.16
0.1,alpha0p1,107,3,subject107_client3,10560,3,walking,2350.44
0.1,alpha0p1,107,3,subject107_client3,10561,3,walking,2351.72
0.1,alpha0p1,107,3,subject107_client3,10562,3,walking,2353.0
0.1,alpha0p1,107,3,subject107_client3,10563,3,walking,2354.28
0.1,alpha0p1,107,3,subject107_client3,10564,3,walking,2355.56
0.1,alpha0p1,107,3,subject107_client3,10565,3,walking,2356.84
0.1,alpha0p1,107,3,subject107_client3,10566,3,walking,2358.12
0.1,alpha0p1,107,3,subject107_client3,10567,3,walking,2359.4
0.1,alpha0p1,107,3,subject107_client3,10568,3,walking,2360.68
0.1,alpha0p1,107,3,subject107_client3,10569,3,walking,2361.96
0.1,alpha0p1,107,3,subject107_client3,10570,3,walking,2363.24
0.1,alpha0p1,107,3,subject107_client3,10571,3,walking,2364.52
0.1,alpha0p1,107,3,subject107_client3,10572,3,walking,2365.8
0.1,alpha0p1,107,3,subject107_client3,10573,3,walking,2367.08
0.1,alpha0p1,107,3,subject107_client3,10574,3,walking,2368.36
0.1,alpha0p1,107,3,subject107_client3,10575,3,walking,2369.64
0.1,alpha0p1,107,3,subject107_client3,10576,3,walking,2370.92
0.1,alpha0p1,107,3,subject107_client3,10577,3,walking,2372.2
0.1,alpha0p1,107,3,subject107_client3,10578,3,walking,2373.48
0.1,alpha0p1,107,3,subject107_client3,10579,3,walking,2374.76
0.1,alpha0p1,107,3,subject107_client3,10580,3,walking,2376.04
0.1,alpha0p1,107,3,subject107_client3,10581,3,walking,2377.32
0.1,alpha0p1,107,3,subject107_client3,10582,3,walking,2378.6
0.1,alpha0p1,107,3,subject107_client3,10583,3,walking,2379.88
0.1,alpha0p1,107,3,subject107_client3,10584,3,walking,2381.16
0.1,alpha0p1,107,3,subject107_client3,10585,3,walking,2382.44
0.1,alpha0p1,107,3,subject107_client3,10586,3,walking,2383.72
0.1,alpha0p1,107,3,subject107_client3,10587,3,walking,2385.0
0.1,alpha0p1,107,0,subject107_client0,10588,6,Nordic walking,2469.24
0.1,alpha0p1,107,0,subject107_client0,10589,6,Nordic walking,2470.52
0.1,alpha0p1,107,0,subject107_client0,10590,6,Nordic walking,2471.8
0.1,alpha0p1,107,0,subject107_client0,10591,6,Nordic walking,2473.08
0.1,alpha0p1,107,0,subject107_client0,10592,6,Nordic walking,2474.36
0.1,alpha0p1,107,0,subject107_client0,10593,6,Nordic walking,2475.64
0.1,alpha0p1,107,0,subject107_client0,10594,6,Nordic walking,2476.92
0.1,alpha0p1,107,0,subject107_client0,10595,6,Nordic walking,2478.2
0.1,alpha0p1,107,0,subject107_client0,10596,6,Nordic walking,2479.48
0.1,alpha0p1,107,0,subject107_client0,10597,6,Nordic walking,2480.76
0.1,alpha0p1,107,0,subject107_client0,10598,6,Nordic walking,2482.04
0.1,alpha0p1,107,0,subject107_client0,10599,6,Nordic walking,2483.32
0.1,alpha0p1,107,0,subject107_client0,10600,6,Nordic walking,2484.6
0.1,alpha0p1,107,0,subject107_client0,10601,6,Nordic walking,2485.88
0.1,alpha0p1,107,0,subject107_client0,10602,6,Nordic walking,2487.16
0.1,alpha0p1,107,0,subject107_client0,10603,6,Nordic walking,2488.44
0.1,alpha0p1,107,0,subject107_client0,10604,6,Nordic walking,2489.72
0.1,alpha0p1,107,0,subject107_client0,10605,6,Nordic walking,2491.0
0.1,alpha0p1,107,0,subject107_client0,10606,6,Nordic walking,2492.28
0.1,alpha0p1,107,0,subject107_client0,10607,6,Nordic walking,2493.56
0.1,alpha0p1,107,0,subject107_client0,10608,6,Nordic walking,2494.84
0.1,alpha0p1,107,0,subject107_client0,10609,6,Nordic walking,2496.12
0.1,alpha0p1,107,0,subject107_client0,10610,6,Nordic walking,2497.4
0.1,alpha0p1,107,0,subject107_client0,10611,6,Nordic walking,2498.68
0.1,alpha0p1,107,0,subject107_client0,10612,6,Nordic walking,2499.96
0.1,alpha0p1,107,0,subject107_client0,10613,6,Nordic walking,2501.24
0.1,alpha0p1,107,0,subject107_client0,10614,6,Nordic walking,2502.52
0.1,alpha0p1,107,0,subject107_client0,10615,6,Nordic walking,2503.8
0.1,alpha0p1,107,0,subject107_client0,10616,6,Nordic walking,2505.08
0.1,alpha0p1,107,0,subject107_client0,10617,6,Nordic walking,2506.36
0.1,alpha0p1,107,0,subject107_client0,10618,6,Nordic walking,2507.64
0.1,alpha0p1,107,0,subject107_client0,10619,6,Nordic walking,2508.92
0.1,alpha0p1,107,0,subject107_client0,10620,6,Nordic walking,2510.2
0.1,alpha0p1,107,0,subject107_client0,10621,6,Nordic walking,2511.48
0.1,alpha0p1,107,0,subject107_client0,10622,6,Nordic walking,2512.76
0.1,alpha0p1,107,0,subject107_client0,10623,6,Nordic walking,2514.04
0.1,alpha0p1,107,0,subject107_client0,10624,6,Nordic walking,2515.32
0.1,alpha0p1,107,0,subject107_client0,10625,6,Nordic walking,2516.6
0.1,alpha0p1,107,0,subject107_client0,10626,6,Nordic walking,2517.88
0.1,alpha0p1,107,0,subject107_client0,10627,6,Nordic walking,2519.16
0.1,alpha0p1,107,0,subject107_client0,10628,6,Nordic walking,2520.44
0.1,alpha0p1,107,0,subject107_client0,10629,6,Nordic walking,2521.72
0.1,alpha0p1,107,0,subject107_client0,10630,6,Nordic walking,2523.0
0.1,alpha0p1,107,0,subject107_client0,10631,6,Nordic walking,2524.28
0.1,alpha0p1,107,0,subject107_client0,10632,6,Nordic walking,2525.56
0.1,alpha0p1,107,0,subject107_client0,10633,6,Nordic walking,2526.84
0.1,alpha0p1,107,0,subject107_client0,10634,6,Nordic walking,2528.12
0.1,alpha0p1,107,0,subject107_client0,10635,6,Nordic walking,2529.4
0.1,alpha0p1,107,0,subject107_client0,10636,6,Nordic walking,2530.68
0.1,alpha0p1,107,0,subject107_client0,10637,6,Nordic walking,2531.96
0.1,alpha0p1,107,0,subject107_client0,10638,6,Nordic walking,2533.24
0.1,alpha0p1,107,0,subject107_client0,10639,6,Nordic walking,2534.52
0.1,alpha0p1,107,0,subject107_client0,10640,6,Nordic walking,2535.8
0.1,alpha0p1,107,0,subject107_client0,10641,6,Nordic walking,2537.08
0.1,alpha0p1,107,0,subject107_client0,10642,6,Nordic walking,2538.36
0.1,alpha0p1,107,0,subject107_client0,10643,6,Nordic walking,2539.64
0.1,alpha0p1,107,0,subject107_client0,10644,6,Nordic walking,2540.92
0.1,alpha0p1,107,0,subject107_client0,10645,6,Nordic walking,2542.2
0.1,alpha0p1,107,0,subject107_client0,10646,6,Nordic walking,2543.48
0.1,alpha0p1,107,0,subject107_client0,10647,6,Nordic walking,2544.76
0.1,alpha0p1,107,0,subject107_client0,10648,6,Nordic walking,2546.04
0.1,alpha0p1,107,0,subject107_client0,10649,6,Nordic walking,2547.32
0.1,alpha0p1,107,0,subject107_client0,10650,6,Nordic walking,2548.6
0.1,alpha0p1,107,0,subject107_client0,10651,6,Nordic walking,2549.88
0.1,alpha0p1,107,0,subject107_client0,10652,6,Nordic walking,2551.16
0.1,alpha0p1,107,0,subject107_client0,10653,6,Nordic walking,2552.44
0.1,alpha0p1,107,0,subject107_client0,10654,6,Nordic walking,2553.72
0.1,alpha0p1,107,0,subject107_client0,10655,6,Nordic walking,2555.0
0.1,alpha0p1,107,0,subject107_client0,10656,6,Nordic walking,2556.28
0.1,alpha0p1,107,0,subject107_client0,10657,6,Nordic walking,2557.56
0.1,alpha0p1,107,0,subject107_client0,10658,6,Nordic walking,2558.84
0.1,alpha0p1,107,0,subject107_client0,10659,6,Nordic walking,2560.12
0.1,alpha0p1,107,0,subject107_client0,10660,6,Nordic walking,2561.4
0.1,alpha0p1,107,0,subject107_client0,10661,6,Nordic walking,2562.68
0.1,alpha0p1,107,0,subject107_client0,10662,6,Nordic walking,2563.96
0.1,alpha0p1,107,0,subject107_client0,10663,6,Nordic walking,2565.24
0.1,alpha0p1,107,0,subject107_client0,10664,6,Nordic walking,2566.52
0.1,alpha0p1,107,0,subject107_client0,10665,6,Nordic walking,2567.8
0.1,alpha0p1,107,0,subject107_client0,10666,6,Nordic walking,2569.08
0.1,alpha0p1,107,0,subject107_client0,10667,6,Nordic walking,2570.36
0.1,alpha0p1,107,0,subject107_client0,10668,6,Nordic walking,2571.64
0.1,alpha0p1,107,0,subject107_client0,10669,6,Nordic walking,2572.92
0.1,alpha0p1,107,2,subject107_client2,10671,6,Nordic walking,2575.48
0.1,alpha0p1,107,2,subject107_client2,10672,6,Nordic walking,2576.76
0.1,alpha0p1,107,2,subject107_client2,10673,6,Nordic walking,2578.04
0.1,alpha0p1,107,2,subject107_client2,10674,6,Nordic walking,2579.32
0.1,alpha0p1,107,2,subject107_client2,10675,6,Nordic walking,2580.6
0.1,alpha0p1,107,2,subject107_client2,10676,6,Nordic walking,2581.88
0.1,alpha0p1,107,2,subject107_client2,10677,6,Nordic walking,2583.16
0.1,alpha0p1,107,2,subject107_client2,10678,6,Nordic walking,2584.44
0.1,alpha0p1,107,2,subject107_client2,10679,6,Nordic walking,2585.72
0.1,alpha0p1,107,2,subject107_client2,10680,6,Nordic walking,2587.0
0.1,alpha0p1,107,2,subject107_client2,10681,6,Nordic walking,2588.28
0.1,alpha0p1,107,2,subject107_client2,10682,6,Nordic walking,2589.56
0.1,alpha0p1,107,2,subject107_client2,10683,6,Nordic walking,2590.84
0.1,alpha0p1,107,2,subject107_client2,10684,6,Nordic walking,2592.12
0.1,alpha0p1,107,2,subject107_client2,10685,6,Nordic walking,2593.4
0.1,alpha0p1,107,3,subject107_client3,10687,6,Nordic walking,2595.96
0.1,alpha0p1,107,3,subject107_client3,10688,6,Nordic walking,2597.24
0.1,alpha0p1,107,3,subject107_client3,10689,6,Nordic walking,2598.52
0.1,alpha0p1,107,3,subject107_client3,10690,6,Nordic walking,2599.8
0.1,alpha0p1,107,3,subject107_client3,10691,6,Nordic walking,2601.08
0.1,alpha0p1,107,3,subject107_client3,10692,6,Nordic walking,2602.36
0.1,alpha0p1,107,3,subject107_client3,10693,6,Nordic walking,2603.64
0.1,alpha0p1,107,3,subject107_client3,10694,6,Nordic walking,2604.92
0.1,alpha0p1,107,3,subject107_client3,10695,6,Nordic walking,2606.2
0.1,alpha0p1,107,3,subject107_client3,10696,6,Nordic walking,2607.48
0.1,alpha0p1,107,3,subject107_client3,10697,6,Nordic walking,2608.76
0.1,alpha0p1,107,3,subject107_client3,10698,6,Nordic walking,2610.04
0.1,alpha0p1,107,3,subject107_client3,10699,6,Nordic walking,2611.32
0.1,alpha0p1,107,3,subject107_client3,10700,6,Nordic walking,2612.6
0.1,alpha0p1,107,3,subject107_client3,10701,6,Nordic walking,2613.88
0.1,alpha0p1,107,3,subject107_client3,10702,6,Nordic walking,2615.16
0.1,alpha0p1,107,3,subject107_client3,10703,6,Nordic walking,2616.44
0.1,alpha0p1,107,3,subject107_client3,10704,6,Nordic walking,2617.72
0.1,alpha0p1,107,3,subject107_client3,10705,6,Nordic walking,2619.0
0.1,alpha0p1,107,3,subject107_client3,10706,6,Nordic walking,2620.28
0.1,alpha0p1,107,3,subject107_client3,10707,6,Nordic walking,2621.56
0.1,alpha0p1,107,3,subject107_client3,10708,6,Nordic walking,2622.84
0.1,alpha0p1,107,3,subject107_client3,10709,6,Nordic walking,2624.12
0.1,alpha0p1,107,3,subject107_client3,10710,6,Nordic walking,2625.4
0.1,alpha0p1,107,3,subject107_client3,10711,6,Nordic walking,2626.68
0.1,alpha0p1,107,3,subject107_client3,10712,6,Nordic walking,2627.96
0.1,alpha0p1,107,3,subject107_client3,10713,6,Nordic walking,2629.24
0.1,alpha0p1,107,3,subject107_client3,10714,6,Nordic walking,2630.52
0.1,alpha0p1,107,3,subject107_client3,10715,6,Nordic walking,2631.8
0.1,alpha0p1,107,3,subject107_client3,10716,6,Nordic walking,2633.08
0.1,alpha0p1,107,3,subject107_client3,10717,6,Nordic walking,2634.36
0.1,alpha0p1,107,3,subject107_client3,10718,6,Nordic walking,2635.64
0.1,alpha0p1,107,3,subject107_client3,10719,6,Nordic walking,2636.92
0.1,alpha0p1,107,3,subject107_client3,10720,6,Nordic walking,2638.2
0.1,alpha0p1,107,3,subject107_client3,10721,6,Nordic walking,2639.48
0.1,alpha0p1,107,3,subject107_client3,10722,6,Nordic walking,2640.76
0.1,alpha0p1,107,3,subject107_client3,10723,6,Nordic walking,2642.04
0.1,alpha0p1,107,3,subject107_client3,10724,6,Nordic walking,2643.32
0.1,alpha0p1,107,3,subject107_client3,10725,6,Nordic walking,2644.6
0.1,alpha0p1,107,3,subject107_client3,10726,6,Nordic walking,2645.88
0.1,alpha0p1,107,3,subject107_client3,10727,6,Nordic walking,2647.16
0.1,alpha0p1,107,3,subject107_client3,10728,6,Nordic walking,2648.44
0.1,alpha0p1,107,3,subject107_client3,10729,6,Nordic walking,2649.72
0.1,alpha0p1,107,3,subject107_client3,10730,6,Nordic walking,2651.0
0.1,alpha0p1,107,3,subject107_client3,10731,6,Nordic walking,2652.28
0.1,alpha0p1,107,3,subject107_client3,10732,6,Nordic walking,2653.56
0.1,alpha0p1,107,3,subject107_client3,10733,6,Nordic walking,2654.84
0.1,alpha0p1,107,3,subject107_client3,10734,6,Nordic walking,2656.12
0.1,alpha0p1,107,3,subject107_client3,10735,6,Nordic walking,2657.4
0.1,alpha0p1,107,3,subject107_client3,10736,6,Nordic walking,2658.68
0.1,alpha0p1,107,3,subject107_client3,10737,6,Nordic walking,2659.96
0.1,alpha0p1,107,3,subject107_client3,10738,6,Nordic walking,2661.24
0.1,alpha0p1,107,3,subject107_client3,10739,6,Nordic walking,2662.52
0.1,alpha0p1,107,3,subject107_client3,10740,6,Nordic walking,2663.8
0.1,alpha0p1,107,3,subject107_client3,10741,6,Nordic walking,2665.08
0.1,alpha0p1,107,3,subject107_client3,10742,6,Nordic walking,2666.36
0.1,alpha0p1,107,3,subject107_client3,10743,6,Nordic walking,2667.64
0.1,alpha0p1,107,3,subject107_client3,10744,6,Nordic walking,2668.92
0.1,alpha0p1,107,3,subject107_client3,10745,6,Nordic walking,2670.2
0.1,alpha0p1,107,3,subject107_client3,10746,6,Nordic walking,2671.48
0.1,alpha0p1,107,3,subject107_client3,10747,6,Nordic walking,2672.76
0.1,alpha0p1,107,3,subject107_client3,10748,6,Nordic walking,2674.04
0.1,alpha0p1,107,3,subject107_client3,10749,6,Nordic walking,2675.32
0.1,alpha0p1,107,3,subject107_client3,10750,6,Nordic walking,2676.6
0.1,alpha0p1,107,3,subject107_client3,10751,6,Nordic walking,2677.88
0.1,alpha0p1,107,3,subject107_client3,10752,6,Nordic walking,2679.16
0.1,alpha0p1,107,3,subject107_client3,10753,6,Nordic walking,2680.44
0.1,alpha0p1,107,3,subject107_client3,10754,6,Nordic walking,2681.72
0.1,alpha0p1,107,3,subject107_client3,10755,6,Nordic walking,2683.0
0.1,alpha0p1,107,3,subject107_client3,10756,6,Nordic walking,2684.28
0.1,alpha0p1,107,3,subject107_client3,10757,6,Nordic walking,2685.56
0.1,alpha0p1,107,3,subject107_client3,10758,6,Nordic walking,2686.84
0.1,alpha0p1,107,3,subject107_client3,10759,6,Nordic walking,2688.12
0.1,alpha0p1,107,3,subject107_client3,10760,6,Nordic walking,2689.4
0.1,alpha0p1,107,3,subject107_client3,10761,6,Nordic walking,2690.68
0.1,alpha0p1,107,3,subject107_client3,10762,6,Nordic walking,2691.96
0.1,alpha0p1,107,3,subject107_client3,10763,6,Nordic walking,2693.24
0.1,alpha0p1,107,3,subject107_client3,10764,6,Nordic walking,2694.52
0.1,alpha0p1,107,3,subject107_client3,10765,6,Nordic walking,2695.8
0.1,alpha0p1,107,3,subject107_client3,10766,6,Nordic walking,2697.08
0.1,alpha0p1,107,3,subject107_client3,10767,6,Nordic walking,2698.36
0.1,alpha0p1,107,3,subject107_client3,10768,6,Nordic walking,2699.64
0.1,alpha0p1,107,3,subject107_client3,10769,6,Nordic walking,2700.92
0.1,alpha0p1,107,3,subject107_client3,10770,6,Nordic walking,2702.2
0.1,alpha0p1,107,3,subject107_client3,10771,6,Nordic walking,2703.48
0.1,alpha0p1,107,3,subject107_client3,10772,6,Nordic walking,2704.76
0.1,alpha0p1,107,3,subject107_client3,10773,6,Nordic walking,2706.04
0.1,alpha0p1,107,3,subject107_client3,10774,6,Nordic walking,2707.32
0.1,alpha0p1,107,3,subject107_client3,10775,6,Nordic walking,2708.6
0.1,alpha0p1,107,3,subject107_client3,10776,6,Nordic walking,2709.88
0.1,alpha0p1,107,3,subject107_client3,10777,6,Nordic walking,2711.16
0.1,alpha0p1,107,3,subject107_client3,10778,6,Nordic walking,2712.44
0.1,alpha0p1,107,3,subject107_client3,10779,6,Nordic walking,2713.72
0.1,alpha0p1,107,3,subject107_client3,10780,6,Nordic walking,2715.0
0.1,alpha0p1,107,3,subject107_client3,10781,6,Nordic walking,2716.28
0.1,alpha0p1,107,3,subject107_client3,10782,6,Nordic walking,2717.56
0.1,alpha0p1,107,3,subject107_client3,10783,6,Nordic walking,2718.84
0.1,alpha0p1,107,3,subject107_client3,10784,6,Nordic walking,2720.12
0.1,alpha0p1,107,3,subject107_client3,10785,6,Nordic walking,2721.4
0.1,alpha0p1,107,3,subject107_client3,10786,6,Nordic walking,2722.68
0.1,alpha0p1,107,3,subject107_client3,10787,6,Nordic walking,2723.96
0.1,alpha0p1,107,3,subject107_client3,10788,6,Nordic walking,2725.24
0.1,alpha0p1,107,3,subject107_client3,10789,6,Nordic walking,2726.52
0.1,alpha0p1,107,3,subject107_client3,10790,6,Nordic walking,2727.8
0.1,alpha0p1,107,3,subject107_client3,10791,6,Nordic walking,2729.08
0.1,alpha0p1,107,3,subject107_client3,10792,6,Nordic walking,2730.36
0.1,alpha0p1,107,3,subject107_client3,10793,6,Nordic walking,2731.64
0.1,alpha0p1,107,3,subject107_client3,10794,6,Nordic walking,2732.92
0.1,alpha0p1,107,3,subject107_client3,10795,6,Nordic walking,2734.2
0.1,alpha0p1,107,3,subject107_client3,10796,6,Nordic walking,2735.48
0.1,alpha0p1,107,3,subject107_client3,10797,6,Nordic walking,2736.76
0.1,alpha0p1,107,3,subject107_client3,10798,6,Nordic walking,2738.04
0.1,alpha0p1,107,3,subject107_client3,10799,6,Nordic walking,2739.32
0.1,alpha0p1,107,3,subject107_client3,10800,6,Nordic walking,2740.6
0.1,alpha0p1,107,3,subject107_client3,10801,6,Nordic walking,2741.88
0.1,alpha0p1,107,3,subject107_client3,10802,6,Nordic walking,2743.16
0.1,alpha0p1,107,3,subject107_client3,10803,6,Nordic walking,2744.44
0.1,alpha0p1,107,3,subject107_client3,10804,6,Nordic walking,2745.72
0.1,alpha0p1,107,3,subject107_client3,10805,6,Nordic walking,2747.0
0.1,alpha0p1,107,3,subject107_client3,10806,6,Nordic walking,2748.28
0.1,alpha0p1,107,3,subject107_client3,10807,6,Nordic walking,2749.56
0.1,alpha0p1,107,3,subject107_client3,10808,6,Nordic walking,2750.84
0.1,alpha0p1,107,3,subject107_client3,10809,6,Nordic walking,2752.12
0.1,alpha0p1,107,3,subject107_client3,10810,6,Nordic walking,2753.4
0.1,alpha0p1,107,1,subject107_client1,10811,5,cycling,2812.9
0.1,alpha0p1,107,1,subject107_client1,10812,5,cycling,2814.18
0.1,alpha0p1,107,1,subject107_client1,10813,5,cycling,2815.46
0.1,alpha0p1,107,1,subject107_client1,10814,5,cycling,2816.74
0.1,alpha0p1,107,1,subject107_client1,10815,5,cycling,2818.02
0.1,alpha0p1,107,1,subject107_client1,10816,5,cycling,2819.3
0.1,alpha0p1,107,1,subject107_client1,10817,5,cycling,2820.58
0.1,alpha0p1,107,1,subject107_client1,10818,5,cycling,2821.86
0.1,alpha0p1,107,1,subject107_client1,10819,5,cycling,2823.14
0.1,alpha0p1,107,1,subject107_client1,10820,5,cycling,2824.42
0.1,alpha0p1,107,1,subject107_client1,10821,5,cycling,2825.7
0.1,alpha0p1,107,1,subject107_client1,10822,5,cycling,2826.98
0.1,alpha0p1,107,1,subject107_client1,10823,5,cycling,2828.26
0.1,alpha0p1,107,1,subject107_client1,10824,5,cycling,2829.54
0.1,alpha0p1,107,1,subject107_client1,10825,5,cycling,2830.82
0.1,alpha0p1,107,1,subject107_client1,10826,5,cycling,2832.1
0.1,alpha0p1,107,1,subject107_client1,10827,5,cycling,2833.38
0.1,alpha0p1,107,1,subject107_client1,10828,5,cycling,2834.66
0.1,alpha0p1,107,1,subject107_client1,10829,5,cycling,2835.94
0.1,alpha0p1,107,1,subject107_client1,10830,5,cycling,2837.22
0.1,alpha0p1,107,1,subject107_client1,10831,5,cycling,2838.5
0.1,alpha0p1,107,1,subject107_client1,10832,5,cycling,2839.78
0.1,alpha0p1,107,1,subject107_client1,10833,5,cycling,2841.06
0.1,alpha0p1,107,1,subject107_client1,10834,5,cycling,2842.34
0.1,alpha0p1,107,1,subject107_client1,10835,5,cycling,2843.62
0.1,alpha0p1,107,1,subject107_client1,10836,5,cycling,2844.9
0.1,alpha0p1,107,1,subject107_client1,10837,5,cycling,2846.18
0.1,alpha0p1,107,1,subject107_client1,10838,5,cycling,2847.46
0.1,alpha0p1,107,1,subject107_client1,10839,5,cycling,2848.74
0.1,alpha0p1,107,1,subject107_client1,10840,5,cycling,2850.02
0.1,alpha0p1,107,1,subject107_client1,10841,5,cycling,2851.3
0.1,alpha0p1,107,1,subject107_client1,10842,5,cycling,2852.58
0.1,alpha0p1,107,1,subject107_client1,10843,5,cycling,2853.86
0.1,alpha0p1,107,1,subject107_client1,10844,5,cycling,2855.14
0.1,alpha0p1,107,1,subject107_client1,10845,5,cycling,2856.42
0.1,alpha0p1,107,1,subject107_client1,10846,5,cycling,2857.7
0.1,alpha0p1,107,1,subject107_client1,10847,5,cycling,2858.98
0.1,alpha0p1,107,1,subject107_client1,10848,5,cycling,2860.26
0.1,alpha0p1,107,1,subject107_client1,10849,5,cycling,2861.54
0.1,alpha0p1,107,1,subject107_client1,10850,5,cycling,2862.82
0.1,alpha0p1,107,1,subject107_client1,10851,5,cycling,2864.1
0.1,alpha0p1,107,1,subject107_client1,10852,5,cycling,2865.38
0.1,alpha0p1,107,1,subject107_client1,10853,5,cycling,2866.66
0.1,alpha0p1,107,1,subject107_client1,10854,5,cycling,2867.94
0.1,alpha0p1,107,1,subject107_client1,10855,5,cycling,2869.22
0.1,alpha0p1,107,1,subject107_client1,10856,5,cycling,2870.5
0.1,alpha0p1,107,1,subject107_client1,10857,5,cycling,2871.78
0.1,alpha0p1,107,1,subject107_client1,10858,5,cycling,2873.06
0.1,alpha0p1,107,1,subject107_client1,10859,5,cycling,2874.34
0.1,alpha0p1,107,1,subject107_client1,10860,5,cycling,2875.62
0.1,alpha0p1,107,1,subject107_client1,10861,5,cycling,2876.9
0.1,alpha0p1,107,1,subject107_client1,10862,5,cycling,2878.18
0.1,alpha0p1,107,1,subject107_client1,10863,5,cycling,2879.46
0.1,alpha0p1,107,1,subject107_client1,10864,5,cycling,2880.74
0.1,alpha0p1,107,1,subject107_client1,10865,5,cycling,2882.02
0.1,alpha0p1,107,1,subject107_client1,10866,5,cycling,2883.3
0.1,alpha0p1,107,1,subject107_client1,10867,5,cycling,2884.58
0.1,alpha0p1,107,1,subject107_client1,10868,5,cycling,2885.86
0.1,alpha0p1,107,1,subject107_client1,10869,5,cycling,2887.14
0.1,alpha0p1,107,1,subject107_client1,10870,5,cycling,2888.42
0.1,alpha0p1,107,1,subject107_client1,10871,5,cycling,2889.7
0.1,alpha0p1,107,1,subject107_client1,10872,5,cycling,2890.98
0.1,alpha0p1,107,1,subject107_client1,10873,5,cycling,2892.26
0.1,alpha0p1,107,1,subject107_client1,10874,5,cycling,2893.54
0.1,alpha0p1,107,1,subject107_client1,10875,5,cycling,2894.82
0.1,alpha0p1,107,1,subject107_client1,10876,5,cycling,2896.1
0.1,alpha0p1,107,1,subject107_client1,10877,5,cycling,2897.38
0.1,alpha0p1,107,1,subject107_client1,10878,5,cycling,2898.66
0.1,alpha0p1,107,1,subject107_client1,10879,5,cycling,2899.94
0.1,alpha0p1,107,1,subject107_client1,10880,5,cycling,2901.22
0.1,alpha0p1,107,1,subject107_client1,10881,5,cycling,2902.5
0.1,alpha0p1,107,1,subject107_client1,10882,5,cycling,2903.78
0.1,alpha0p1,107,1,subject107_client1,10883,5,cycling,2905.06
0.1,alpha0p1,107,1,subject107_client1,10884,5,cycling,2906.34
0.1,alpha0p1,107,1,subject107_client1,10885,5,cycling,2907.62
0.1,alpha0p1,107,1,subject107_client1,10886,5,cycling,2908.9
0.1,alpha0p1,107,1,subject107_client1,10887,5,cycling,2910.18
0.1,alpha0p1,107,1,subject107_client1,10888,5,cycling,2911.46
0.1,alpha0p1,107,1,subject107_client1,10889,5,cycling,2912.74
0.1,alpha0p1,107,1,subject107_client1,10890,5,cycling,2914.02
0.1,alpha0p1,107,1,subject107_client1,10891,5,cycling,2915.3
0.1,alpha0p1,107,1,subject107_client1,10892,5,cycling,2916.58
0.1,alpha0p1,107,1,subject107_client1,10893,5,cycling,2917.86
0.1,alpha0p1,107,1,subject107_client1,10894,5,cycling,2919.14
0.1,alpha0p1,107,1,subject107_client1,10895,5,cycling,2920.42
0.1,alpha0p1,107,1,subject107_client1,10896,5,cycling,2921.7
0.1,alpha0p1,107,1,subject107_client1,10897,5,cycling,2922.98
0.1,alpha0p1,107,1,subject107_client1,10898,5,cycling,2924.26
0.1,alpha0p1,107,1,subject107_client1,10899,5,cycling,2925.54
0.1,alpha0p1,107,1,subject107_client1,10900,5,cycling,2926.82
0.1,alpha0p1,107,1,subject107_client1,10901,5,cycling,2928.1
0.1,alpha0p1,107,1,subject107_client1,10902,5,cycling,2929.38
0.1,alpha0p1,107,1,subject107_client1,10903,5,cycling,2930.66
0.1,alpha0p1,107,1,subject107_client1,10904,5,cycling,2931.94
0.1,alpha0p1,107,1,subject107_client1,10905,5,cycling,2933.22
0.1,alpha0p1,107,1,subject107_client1,10906,5,cycling,2934.5
0.1,alpha0p1,107,1,subject107_client1,10907,5,cycling,2935.78
0.1,alpha0p1,107,1,subject107_client1,10908,5,cycling,2937.06
0.1,alpha0p1,107,1,subject107_client1,10909,5,cycling,2938.34
0.1,alpha0p1,107,1,subject107_client1,10910,5,cycling,2939.62
0.1,alpha0p1,107,1,subject107_client1,10911,5,cycling,2940.9
0.1,alpha0p1,107,1,subject107_client1,10912,5,cycling,2942.18
0.1,alpha0p1,107,1,subject107_client1,10913,5,cycling,2943.46
0.1,alpha0p1,107,1,subject107_client1,10914,5,cycling,2944.74
0.1,alpha0p1,107,1,subject107_client1,10915,5,cycling,2946.02
0.1,alpha0p1,107,1,subject107_client1,10916,5,cycling,2947.3
0.1,alpha0p1,107,1,subject107_client1,10917,5,cycling,2948.58
0.1,alpha0p1,107,1,subject107_client1,10918,5,cycling,2949.86
0.1,alpha0p1,107,1,subject107_client1,10919,5,cycling,2951.14
0.1,alpha0p1,107,1,subject107_client1,10920,5,cycling,2952.42
0.1,alpha0p1,107,1,subject107_client1,10921,5,cycling,2953.7
0.1,alpha0p1,107,1,subject107_client1,10922,5,cycling,2954.98
0.1,alpha0p1,107,1,subject107_client1,10923,5,cycling,2956.26
0.1,alpha0p1,107,1,subject107_client1,10924,5,cycling,2957.54
0.1,alpha0p1,107,1,subject107_client1,10925,5,cycling,2958.82
0.1,alpha0p1,107,1,subject107_client1,10926,5,cycling,2960.1
0.1,alpha0p1,107,1,subject107_client1,10927,5,cycling,2961.38
0.1,alpha0p1,107,1,subject107_client1,10928,5,cycling,2962.66
0.1,alpha0p1,107,1,subject107_client1,10929,5,cycling,2963.94
0.1,alpha0p1,107,1,subject107_client1,10930,5,cycling,2965.22
0.1,alpha0p1,107,1,subject107_client1,10931,5,cycling,2966.5
0.1,alpha0p1,107,1,subject107_client1,10932,5,cycling,2967.78
0.1,alpha0p1,107,1,subject107_client1,10933,5,cycling,2969.06
0.1,alpha0p1,107,1,subject107_client1,10934,5,cycling,2970.34
0.1,alpha0p1,107,1,subject107_client1,10935,5,cycling,2971.62
0.1,alpha0p1,107,1,subject107_client1,10936,5,cycling,2972.9
0.1,alpha0p1,107,1,subject107_client1,10937,5,cycling,2974.18
0.1,alpha0p1,107,1,subject107_client1,10938,5,cycling,2975.46
0.1,alpha0p1,107,1,subject107_client1,10939,5,cycling,2976.74
0.1,alpha0p1,107,1,subject107_client1,10940,5,cycling,2978.02
0.1,alpha0p1,107,1,subject107_client1,10941,5,cycling,2979.3
0.1,alpha0p1,107,1,subject107_client1,10942,5,cycling,2980.58
0.1,alpha0p1,107,1,subject107_client1,10943,5,cycling,2981.86
0.1,alpha0p1,107,1,subject107_client1,10944,5,cycling,2983.14
0.1,alpha0p1,107,1,subject107_client1,10945,5,cycling,2984.42
0.1,alpha0p1,107,1,subject107_client1,10946,5,cycling,2985.7
0.1,alpha0p1,107,1,subject107_client1,10947,5,cycling,2986.98
0.1,alpha0p1,107,1,subject107_client1,10948,5,cycling,2988.26
0.1,alpha0p1,107,1,subject107_client1,10949,5,cycling,2989.54
0.1,alpha0p1,107,1,subject107_client1,10950,5,cycling,2990.82
0.1,alpha0p1,107,1,subject107_client1,10951,5,cycling,2992.1
0.1,alpha0p1,107,1,subject107_client1,10952,5,cycling,2993.38
0.1,alpha0p1,107,1,subject107_client1,10953,5,cycling,2994.66
0.1,alpha0p1,107,1,subject107_client1,10954,5,cycling,2995.94
0.1,alpha0p1,107,1,subject107_client1,10955,5,cycling,2997.22
0.1,alpha0p1,107,1,subject107_client1,10956,5,cycling,2998.5
0.1,alpha0p1,107,1,subject107_client1,10957,5,cycling,2999.78
0.1,alpha0p1,107,1,subject107_client1,10958,5,cycling,3001.06
0.1,alpha0p1,107,1,subject107_client1,10959,5,cycling,3002.34
0.1,alpha0p1,107,1,subject107_client1,10960,5,cycling,3003.62
0.1,alpha0p1,107,1,subject107_client1,10961,5,cycling,3004.9
0.1,alpha0p1,107,1,subject107_client1,10962,5,cycling,3006.18
0.1,alpha0p1,107,1,subject107_client1,10963,5,cycling,3007.46
0.1,alpha0p1,107,1,subject107_client1,10964,5,cycling,3008.74
0.1,alpha0p1,107,1,subject107_client1,10965,5,cycling,3010.02
0.1,alpha0p1,107,1,subject107_client1,10966,5,cycling,3011.3
0.1,alpha0p1,107,1,subject107_client1,10967,5,cycling,3012.58
0.1,alpha0p1,107,1,subject107_client1,10968,5,cycling,3013.86
0.1,alpha0p1,107,1,subject107_client1,10969,5,cycling,3015.14
0.1,alpha0p1,107,1,subject107_client1,10970,5,cycling,3016.42
0.1,alpha0p1,107,1,subject107_client1,10971,5,cycling,3017.7
0.1,alpha0p1,107,1,subject107_client1,10972,5,cycling,3018.98
0.1,alpha0p1,107,1,subject107_client1,10973,5,cycling,3020.26
0.1,alpha0p1,107,1,subject107_client1,10974,5,cycling,3021.54
0.1,alpha0p1,107,1,subject107_client1,10975,5,cycling,3022.82
0.1,alpha0p1,107,1,subject107_client1,10976,5,cycling,3024.1
0.1,alpha0p1,107,1,subject107_client1,10977,5,cycling,3025.38
0.1,alpha0p1,107,1,subject107_client1,10978,5,cycling,3026.66
0.1,alpha0p1,107,1,subject107_client1,10979,5,cycling,3027.94
0.1,alpha0p1,107,1,subject107_client1,10980,5,cycling,3029.22
0.1,alpha0p1,107,1,subject107_client1,10981,5,cycling,3030.5
0.1,alpha0p1,107,1,subject107_client1,10982,5,cycling,3031.78
0.1,alpha0p1,107,1,subject107_client1,10983,5,cycling,3033.06
0.1,alpha0p1,107,2,subject107_client2,10985,5,cycling,3035.62
0.1,alpha0p1,107,2,subject107_client2,10986,5,cycling,3036.9
0.1,alpha0p1,107,2,subject107_client2,10987,4,running,3104.99
0.1,alpha0p1,107,2,subject107_client2,10988,4,running,3106.27
0.1,alpha0p1,107,2,subject107_client2,10989,4,running,3107.55
0.1,alpha0p1,107,2,subject107_client2,10990,4,running,3108.83
0.1,alpha0p1,107,2,subject107_client2,10991,4,running,3110.11
0.1,alpha0p1,107,2,subject107_client2,10992,4,running,3111.39
0.1,alpha0p1,107,2,subject107_client2,10993,4,running,3112.67
0.1,alpha0p1,107,2,subject107_client2,10994,4,running,3113.95
0.1,alpha0p1,107,2,subject107_client2,10995,4,running,3115.23
0.1,alpha0p1,107,2,subject107_client2,10996,4,running,3116.51
0.1,alpha0p1,107,2,subject107_client2,10997,4,running,3117.79
0.1,alpha0p1,107,2,subject107_client2,10998,4,running,3119.07
0.1,alpha0p1,107,2,subject107_client2,10999,4,running,3120.35
0.1,alpha0p1,107,2,subject107_client2,11000,4,running,3121.63
0.1,alpha0p1,107,2,subject107_client2,11001,4,running,3122.91
0.1,alpha0p1,107,2,subject107_client2,11002,4,running,3124.19
0.1,alpha0p1,107,2,subject107_client2,11003,4,running,3125.47
0.1,alpha0p1,107,2,subject107_client2,11004,4,running,3126.75
0.1,alpha0p1,107,2,subject107_client2,11005,4,running,3128.03
0.1,alpha0p1,107,2,subject107_client2,11006,4,running,3129.31
0.1,alpha0p1,107,2,subject107_client2,11007,4,running,3130.59
0.1,alpha0p1,107,2,subject107_client2,11008,4,running,3131.87
0.1,alpha0p1,107,2,subject107_client2,11009,4,running,3133.15
0.1,alpha0p1,107,2,subject107_client2,11010,4,running,3134.43
0.1,alpha0p1,107,1,subject107_client1,11012,4,running,3136.99
0.1,alpha0p1,107,1,subject107_client1,11013,4,running,3138.27
0.1,alpha0p1,108,3,subject108_client3,12946,0,lying,67.36
0.1,alpha0p1,108,3,subject108_client3,12947,0,lying,68.64
0.1,alpha0p1,108,3,subject108_client3,12948,0,lying,69.92
0.1,alpha0p1,108,3,subject108_client3,12949,0,lying,71.2
0.1,alpha0p1,108,3,subject108_client3,12950,0,lying,72.48
0.1,alpha0p1,108,3,subject108_client3,12951,0,lying,73.76
0.1,alpha0p1,108,3,subject108_client3,12952,0,lying,75.04
0.1,alpha0p1,108,3,subject108_client3,12953,0,lying,76.32
0.1,alpha0p1,108,3,subject108_client3,12954,0,lying,77.6
0.1,alpha0p1,108,3,subject108_client3,12955,0,lying,78.88
0.1,alpha0p1,108,3,subject108_client3,12956,0,lying,80.16
0.1,alpha0p1,108,3,subject108_client3,12957,0,lying,81.44
0.1,alpha0p1,108,3,subject108_client3,12958,0,lying,82.72
0.1,alpha0p1,108,3,subject108_client3,12959,0,lying,84.0
0.1,alpha0p1,108,3,subject108_client3,12960,0,lying,85.28
0.1,alpha0p1,108,3,subject108_client3,12961,0,lying,86.56
0.1,alpha0p1,108,3,subject108_client3,12962,0,lying,87.84
0.1,alpha0p1,108,3,subject108_client3,12963,0,lying,89.12
0.1,alpha0p1,108,3,subject108_client3,12964,0,lying,90.4
0.1,alpha0p1,108,3,subject108_client3,12965,0,lying,91.68
0.1,alpha0p1,108,3,subject108_client3,12966,0,lying,92.96
0.1,alpha0p1,108,3,subject108_client3,12967,0,lying,94.24
0.1,alpha0p1,108,2,subject108_client2,12969,0,lying,96.8
0.1,alpha0p1,108,2,subject108_client2,12970,0,lying,98.08
0.1,alpha0p1,108,2,subject108_client2,12971,0,lying,99.36
0.1,alpha0p1,108,2,subject108_client2,12972,0,lying,100.64
0.1,alpha0p1,108,2,subject108_client2,12973,0,lying,101.92
0.1,alpha0p1,108,2,subject108_client2,12974,0,lying,103.2
0.1,alpha0p1,108,2,subject108_client2,12975,0,lying,104.48
0.1,alpha0p1,108,2,subject108_client2,12976,0,lying,105.76
0.1,alpha0p1,108,2,subject108_client2,12977,0,lying,107.04
0.1,alpha0p1,108,2,subject108_client2,12978,0,lying,108.32
0.1,alpha0p1,108,2,subject108_client2,12979,0,lying,109.6
0.1,alpha0p1,108,2,subject108_client2,12980,0,lying,110.88
0.1,alpha0p1,108,2,subject108_client2,12981,0,lying,112.16
0.1,alpha0p1,108,2,subject108_client2,12982,0,lying,113.44
0.1,alpha0p1,108,2,subject108_client2,12983,0,lying,114.72
0.1,alpha0p1,108,2,subject108_client2,12984,0,lying,116.0
0.1,alpha0p1,108,2,subject108_client2,12985,0,lying,117.28
0.1,alpha0p1,108,2,subject108_client2,12986,0,lying,118.56
0.1,alpha0p1,108,2,subject108_client2,12987,0,lying,119.84
0.1,alpha0p1,108,2,subject108_client2,12988,0,lying,121.12
0.1,alpha0p1,108,2,subject108_client2,12989,0,lying,122.4
0.1,alpha0p1,108,2,subject108_client2,12990,0,lying,123.68
0.1,alpha0p1,108,2,subject108_client2,12991,0,lying,124.96
0.1,alpha0p1,108,2,subject108_client2,12992,0,lying,126.24
0.1,alpha0p1,108,2,subject108_client2,12993,0,lying,127.52
0.1,alpha0p1,108,2,subject108_client2,12994,0,lying,128.8
0.1,alpha0p1,108,2,subject108_client2,12995,0,lying,130.08
0.1,alpha0p1,108,2,subject108_client2,12996,0,lying,131.36
0.1,alpha0p1,108,2,subject108_client2,12997,0,lying,132.64
0.1,alpha0p1,108,2,subject108_client2,12998,0,lying,133.92
0.1,alpha0p1,108,2,subject108_client2,12999,0,lying,135.2
0.1,alpha0p1,108,2,subject108_client2,13000,0,lying,136.48
0.1,alpha0p1,108,2,subject108_client2,13001,0,lying,137.76
0.1,alpha0p1,108,2,subject108_client2,13002,0,lying,139.04
0.1,alpha0p1,108,2,subject108_client2,13003,0,lying,140.32
0.1,alpha0p1,108,2,subject108_client2,13004,0,lying,141.6
0.1,alpha0p1,108,2,subject108_client2,13005,0,lying,142.88
0.1,alpha0p1,108,2,subject108_client2,13006,0,lying,144.16
0.1,alpha0p1,108,2,subject108_client2,13007,0,lying,145.44
0.1,alpha0p1,108,2,subject108_client2,13008,0,lying,146.72
0.1,alpha0p1,108,2,subject108_client2,13009,0,lying,148.0
0.1,alpha0p1,108,2,subject108_client2,13010,0,lying,149.28
0.1,alpha0p1,108,2,subject108_client2,13011,0,lying,150.56
0.1,alpha0p1,108,2,subject108_client2,13012,0,lying,151.84
0.1,alpha0p1,108,2,subject108_client2,13013,0,lying,153.12
0.1,alpha0p1,108,2,subject108_client2,13014,0,lying,154.4
0.1,alpha0p1,108,2,subject108_client2,13015,0,lying,155.68
0.1,alpha0p1,108,2,subject108_client2,13016,0,lying,156.96
0.1,alpha0p1,108,2,subject108_client2,13017,0,lying,158.24
0.1,alpha0p1,108,2,subject108_client2,13018,0,lying,159.52
0.1,alpha0p1,108,2,subject108_client2,13019,0,lying,160.8
0.1,alpha0p1,108,2,subject108_client2,13020,0,lying,162.08
0.1,alpha0p1,108,2,subject108_client2,13021,0,lying,163.36
0.1,alpha0p1,108,2,subject108_client2,13022,0,lying,164.64
0.1,alpha0p1,108,2,subject108_client2,13023,0,lying,165.92
0.1,alpha0p1,108,2,subject108_client2,13024,0,lying,167.2
0.1,alpha0p1,108,2,subject108_client2,13025,0,lying,168.48
0.1,alpha0p1,108,2,subject108_client2,13026,0,lying,169.76
0.1,alpha0p1,108,2,subject108_client2,13027,0,lying,171.04
0.1,alpha0p1,108,2,subject108_client2,13028,0,lying,172.32
0.1,alpha0p1,108,2,subject108_client2,13029,0,lying,173.6
0.1,alpha0p1,108,2,subject108_client2,13030,0,lying,174.88
0.1,alpha0p1,108,2,subject108_client2,13031,0,lying,176.16
0.1,alpha0p1,108,2,subject108_client2,13032,0,lying,177.44
0.1,alpha0p1,108,2,subject108_client2,13033,0,lying,178.72
0.1,alpha0p1,108,2,subject108_client2,13034,0,lying,180.0
0.1,alpha0p1,108,2,subject108_client2,13035,0,lying,181.28
0.1,alpha0p1,108,2,subject108_client2,13036,0,lying,182.56
0.1,alpha0p1,108,2,subject108_client2,13037,0,lying,183.84
0.1,alpha0p1,108,2,subject108_client2,13038,0,lying,185.12
0.1,alpha0p1,108,2,subject108_client2,13039,0,lying,186.4
0.1,alpha0p1,108,2,subject108_client2,13040,0,lying,187.68
0.1,alpha0p1,108,2,subject108_client2,13041,0,lying,188.96
0.1,alpha0p1,108,2,subject108_client2,13042,0,lying,190.24
0.1,alpha0p1,108,2,subject108_client2,13043,0,lying,191.52
0.1,alpha0p1,108,2,subject108_client2,13044,0,lying,192.8
0.1,alpha0p1,108,2,subject108_client2,13045,0,lying,194.08
0.1,alpha0p1,108,2,subject108_client2,13046,0,lying,195.36
0.1,alpha0p1,108,2,subject108_client2,13047,0,lying,196.64
0.1,alpha0p1,108,2,subject108_client2,13048,0,lying,197.92
0.1,alpha0p1,108,2,subject108_client2,13049,0,lying,199.2
0.1,alpha0p1,108,2,subject108_client2,13050,0,lying,200.48
0.1,alpha0p1,108,2,subject108_client2,13051,0,lying,201.76
0.1,alpha0p1,108,2,subject108_client2,13052,0,lying,203.04
0.1,alpha0p1,108,2,subject108_client2,13053,0,lying,204.32
0.1,alpha0p1,108,2,subject108_client2,13054,0,lying,205.6
0.1,alpha0p1,108,2,subject108_client2,13055,0,lying,206.88
0.1,alpha0p1,108,2,subject108_client2,13056,0,lying,208.16
0.1,alpha0p1,108,2,subject108_client2,13057,0,lying,209.44
0.1,alpha0p1,108,2,subject108_client2,13058,0,lying,210.72
0.1,alpha0p1,108,2,subject108_client2,13059,0,lying,212.0
0.1,alpha0p1,108,2,subject108_client2,13060,0,lying,213.28
0.1,alpha0p1,108,2,subject108_client2,13061,0,lying,214.56
0.1,alpha0p1,108,2,subject108_client2,13062,0,lying,215.84
0.1,alpha0p1,108,2,subject108_client2,13063,0,lying,217.12
0.1,alpha0p1,108,2,subject108_client2,13064,0,lying,218.4
0.1,alpha0p1,108,2,subject108_client2,13065,0,lying,219.68
0.1,alpha0p1,108,2,subject108_client2,13066,0,lying,220.96
0.1,alpha0p1,108,2,subject108_client2,13067,0,lying,222.24
0.1,alpha0p1,108,2,subject108_client2,13068,0,lying,223.52
0.1,alpha0p1,108,2,subject108_client2,13069,0,lying,224.8
0.1,alpha0p1,108,2,subject108_client2,13070,0,lying,226.08
0.1,alpha0p1,108,2,subject108_client2,13071,0,lying,227.36
0.1,alpha0p1,108,2,subject108_client2,13072,0,lying,228.64
0.1,alpha0p1,108,2,subject108_client2,13073,0,lying,229.92
0.1,alpha0p1,108,2,subject108_client2,13074,0,lying,231.2
0.1,alpha0p1,108,2,subject108_client2,13075,0,lying,232.48
0.1,alpha0p1,108,2,subject108_client2,13076,0,lying,233.76
0.1,alpha0p1,108,2,subject108_client2,13077,0,lying,235.04
0.1,alpha0p1,108,2,subject108_client2,13078,0,lying,236.32
0.1,alpha0p1,108,2,subject108_client2,13079,0,lying,237.6
0.1,alpha0p1,108,2,subject108_client2,13080,0,lying,238.88
0.1,alpha0p1,108,2,subject108_client2,13081,0,lying,240.16
0.1,alpha0p1,108,2,subject108_client2,13082,0,lying,241.44
0.1,alpha0p1,108,2,subject108_client2,13083,0,lying,242.72
0.1,alpha0p1,108,2,subject108_client2,13084,0,lying,244.0
0.1,alpha0p1,108,2,subject108_client2,13085,0,lying,245.28
0.1,alpha0p1,108,2,subject108_client2,13086,0,lying,246.56
0.1,alpha0p1,108,2,subject108_client2,13087,0,lying,247.84
0.1,alpha0p1,108,2,subject108_client2,13088,0,lying,249.12
0.1,alpha0p1,108,2,subject108_client2,13089,0,lying,250.4
0.1,alpha0p1,108,2,subject108_client2,13090,0,lying,251.68
0.1,alpha0p1,108,2,subject108_client2,13091,0,lying,252.96
0.1,alpha0p1,108,2,subject108_client2,13092,0,lying,254.24
0.1,alpha0p1,108,2,subject108_client2,13093,0,lying,255.52
0.1,alpha0p1,108,2,subject108_client2,13094,0,lying,256.8
0.1,alpha0p1,108,2,subject108_client2,13095,0,lying,258.08
0.1,alpha0p1,108,2,subject108_client2,13096,0,lying,259.36
0.1,alpha0p1,108,2,subject108_client2,13097,0,lying,260.64
0.1,alpha0p1,108,2,subject108_client2,13098,0,lying,261.92
0.1,alpha0p1,108,2,subject108_client2,13099,0,lying,263.2
0.1,alpha0p1,108,2,subject108_client2,13100,0,lying,264.48
0.1,alpha0p1,108,2,subject108_client2,13101,0,lying,265.76
0.1,alpha0p1,108,2,subject108_client2,13102,0,lying,267.04
0.1,alpha0p1,108,2,subject108_client2,13103,0,lying,268.32
0.1,alpha0p1,108,2,subject108_client2,13104,0,lying,269.6
0.1,alpha0p1,108,2,subject108_client2,13105,0,lying,270.88
0.1,alpha0p1,108,2,subject108_client2,13106,0,lying,272.16
0.1,alpha0p1,108,2,subject108_client2,13107,0,lying,273.44
0.1,alpha0p1,108,2,subject108_client2,13108,0,lying,274.72
0.1,alpha0p1,108,2,subject108_client2,13109,0,lying,276.0
0.1,alpha0p1,108,2,subject108_client2,13110,0,lying,277.28
0.1,alpha0p1,108,2,subject108_client2,13111,0,lying,278.56
0.1,alpha0p1,108,2,subject108_client2,13112,0,lying,279.84
0.1,alpha0p1,108,2,subject108_client2,13113,0,lying,281.12
0.1,alpha0p1,108,2,subject108_client2,13114,0,lying,282.4
0.1,alpha0p1,108,2,subject108_client2,13115,0,lying,283.68
0.1,alpha0p1,108,2,subject108_client2,13116,0,lying,284.96
0.1,alpha0p1,108,2,subject108_client2,13117,0,lying,286.24
0.1,alpha0p1,108,2,subject108_client2,13118,0,lying,287.52
0.1,alpha0p1,108,2,subject108_client2,13119,0,lying,288.8
0.1,alpha0p1,108,2,subject108_client2,13120,0,lying,290.08
0.1,alpha0p1,108,2,subject108_client2,13121,0,lying,291.36
0.1,alpha0p1,108,2,subject108_client2,13122,0,lying,292.64
0.1,alpha0p1,108,2,subject108_client2,13123,0,lying,293.92
0.1,alpha0p1,108,2,subject108_client2,13124,0,lying,295.2
0.1,alpha0p1,108,2,subject108_client2,13125,0,lying,296.48
0.1,alpha0p1,108,2,subject108_client2,13126,0,lying,297.76
0.1,alpha0p1,108,2,subject108_client2,13127,0,lying,299.04
0.1,alpha0p1,108,2,subject108_client2,13128,0,lying,300.32
0.1,alpha0p1,108,2,subject108_client2,13129,0,lying,301.6
0.1,alpha0p1,108,2,subject108_client2,13130,0,lying,302.88
0.1,alpha0p1,108,2,subject108_client2,13131,0,lying,304.16
0.1,alpha0p1,108,2,subject108_client2,13132,0,lying,305.44
0.1,alpha0p1,108,1,subject108_client1,13133,1,sitting,373.25
0.1,alpha0p1,108,1,subject108_client1,13134,1,sitting,374.53
0.1,alpha0p1,108,1,subject108_client1,13135,1,sitting,375.81
0.1,alpha0p1,108,1,subject108_client1,13136,1,sitting,377.09
0.1,alpha0p1,108,1,subject108_client1,13137,1,sitting,378.37
0.1,alpha0p1,108,1,subject108_client1,13138,1,sitting,379.65
0.1,alpha0p1,108,1,subject108_client1,13139,1,sitting,380.93
0.1,alpha0p1,108,1,subject108_client1,13140,1,sitting,382.21
0.1,alpha0p1,108,1,subject108_client1,13141,1,sitting,383.49
0.1,alpha0p1,108,1,subject108_client1,13142,1,sitting,384.77
0.1,alpha0p1,108,1,subject108_client1,13143,1,sitting,386.05
0.1,alpha0p1,108,1,subject108_client1,13144,1,sitting,387.33
0.1,alpha0p1,108,1,subject108_client1,13145,1,sitting,388.61
0.1,alpha0p1,108,1,subject108_client1,13146,1,sitting,389.89
0.1,alpha0p1,108,1,subject108_client1,13147,1,sitting,391.17
0.1,alpha0p1,108,1,subject108_client1,13148,1,sitting,392.45
0.1,alpha0p1,108,1,subject108_client1,13149,1,sitting,393.73
0.1,alpha0p1,108,1,subject108_client1,13150,1,sitting,395.01
0.1,alpha0p1,108,1,subject108_client1,13151,1,sitting,396.29
0.1,alpha0p1,108,1,subject108_client1,13152,1,sitting,397.57
0.1,alpha0p1,108,1,subject108_client1,13153,1,sitting,398.85
0.1,alpha0p1,108,1,subject108_client1,13154,1,sitting,400.13
0.1,alpha0p1,108,1,subject108_client1,13155,1,sitting,401.41
0.1,alpha0p1,108,1,subject108_client1,13156,1,sitting,402.69
0.1,alpha0p1,108,1,subject108_client1,13157,1,sitting,403.97
0.1,alpha0p1,108,1,subject108_client1,13158,1,sitting,405.25
0.1,alpha0p1,108,1,subject108_client1,13159,1,sitting,406.53
0.1,alpha0p1,108,1,subject108_client1,13160,1,sitting,407.81
0.1,alpha0p1,108,1,subject108_client1,13161,1,sitting,409.09
0.1,alpha0p1,108,1,subject108_client1,13162,1,sitting,410.37
0.1,alpha0p1,108,1,subject108_client1,13163,1,sitting,411.65
0.1,alpha0p1,108,1,subject108_client1,13164,1,sitting,412.93
0.1,alpha0p1,108,1,subject108_client1,13165,1,sitting,414.21
0.1,alpha0p1,108,1,subject108_client1,13166,1,sitting,415.49
0.1,alpha0p1,108,1,subject108_client1,13167,1,sitting,416.77
0.1,alpha0p1,108,1,subject108_client1,13168,1,sitting,418.05
0.1,alpha0p1,108,1,subject108_client1,13169,1,sitting,419.33
0.1,alpha0p1,108,1,subject108_client1,13170,1,sitting,420.61
0.1,alpha0p1,108,1,subject108_client1,13171,1,sitting,421.89
0.1,alpha0p1,108,1,subject108_client1,13172,1,sitting,423.17
0.1,alpha0p1,108,1,subject108_client1,13173,1,sitting,424.45
0.1,alpha0p1,108,1,subject108_client1,13174,1,sitting,425.73
0.1,alpha0p1,108,1,subject108_client1,13175,1,sitting,427.01
0.1,alpha0p1,108,1,subject108_client1,13176,1,sitting,428.29
0.1,alpha0p1,108,1,subject108_client1,13177,1,sitting,429.57
0.1,alpha0p1,108,1,subject108_client1,13178,1,sitting,430.85
0.1,alpha0p1,108,1,subject108_client1,13179,1,sitting,432.13
0.1,alpha0p1,108,1,subject108_client1,13180,1,sitting,433.41
0.1,alpha0p1,108,1,subject108_client1,13181,1,sitting,434.69
0.1,alpha0p1,108,1,subject108_client1,13182,1,sitting,435.97
0.1,alpha0p1,108,1,subject108_client1,13183,1,sitting,437.25
0.1,alpha0p1,108,1,subject108_client1,13184,1,sitting,438.53
0.1,alpha0p1,108,1,subject108_client1,13185,1,sitting,439.81
0.1,alpha0p1,108,1,subject108_client1,13186,1,sitting,441.09
0.1,alpha0p1,108,1,subject108_client1,13187,1,sitting,442.37
0.1,alpha0p1,108,1,subject108_client1,13188,1,sitting,443.65
0.1,alpha0p1,108,1,subject108_client1,13189,1,sitting,444.93
0.1,alpha0p1,108,1,subject108_client1,13190,1,sitting,446.21
0.1,alpha0p1,108,1,subject108_client1,13191,1,sitting,447.49
0.1,alpha0p1,108,1,subject108_client1,13192,1,sitting,448.77
0.1,alpha0p1,108,1,subject108_client1,13193,1,sitting,450.05
0.1,alpha0p1,108,1,subject108_client1,13194,1,sitting,451.33
0.1,alpha0p1,108,1,subject108_client1,13195,1,sitting,452.61
0.1,alpha0p1,108,1,subject108_client1,13196,1,sitting,453.89
0.1,alpha0p1,108,1,subject108_client1,13197,1,sitting,455.17
0.1,alpha0p1,108,1,subject108_client1,13198,1,sitting,456.45
0.1,alpha0p1,108,1,subject108_client1,13199,1,sitting,457.73
0.1,alpha0p1,108,1,subject108_client1,13200,1,sitting,459.01
0.1,alpha0p1,108,1,subject108_client1,13201,1,sitting,460.29
0.1,alpha0p1,108,1,subject108_client1,13202,1,sitting,461.57
0.1,alpha0p1,108,1,subject108_client1,13203,1,sitting,462.85
0.1,alpha0p1,108,1,subject108_client1,13204,1,sitting,464.13
0.1,alpha0p1,108,1,subject108_client1,13205,1,sitting,465.41
0.1,alpha0p1,108,1,subject108_client1,13206,1,sitting,466.69
0.1,alpha0p1,108,1,subject108_client1,13207,1,sitting,467.97
0.1,alpha0p1,108,1,subject108_client1,13208,1,sitting,469.25
0.1,alpha0p1,108,1,subject108_client1,13209,1,sitting,470.53
0.1,alpha0p1,108,1,subject108_client1,13210,1,sitting,471.81
0.1,alpha0p1,108,1,subject108_client1,13211,1,sitting,473.09
0.1,alpha0p1,108,1,subject108_client1,13212,1,sitting,474.37
0.1,alpha0p1,108,1,subject108_client1,13213,1,sitting,475.65
0.1,alpha0p1,108,1,subject108_client1,13214,1,sitting,476.93
0.1,alpha0p1,108,1,subject108_client1,13215,1,sitting,478.21
0.1,alpha0p1,108,1,subject108_client1,13216,1,sitting,479.49
0.1,alpha0p1,108,1,subject108_client1,13217,1,sitting,480.77
0.1,alpha0p1,108,1,subject108_client1,13218,1,sitting,482.05
0.1,alpha0p1,108,1,subject108_client1,13219,1,sitting,483.33
0.1,alpha0p1,108,1,subject108_client1,13220,1,sitting,484.61
0.1,alpha0p1,108,1,subject108_client1,13221,1,sitting,485.89
0.1,alpha0p1,108,1,subject108_client1,13222,1,sitting,487.17
0.1,alpha0p1,108,1,subject108_client1,13223,1,sitting,488.45
0.1,alpha0p1,108,1,subject108_client1,13224,1,sitting,489.73
0.1,alpha0p1,108,1,subject108_client1,13225,1,sitting,491.01
0.1,alpha0p1,108,1,subject108_client1,13226,1,sitting,492.29
0.1,alpha0p1,108,1,subject108_client1,13227,1,sitting,493.57
0.1,alpha0p1,108,1,subject108_client1,13228,1,sitting,494.85
0.1,alpha0p1,108,1,subject108_client1,13229,1,sitting,496.13
0.1,alpha0p1,108,1,subject108_client1,13230,1,sitting,497.41
0.1,alpha0p1,108,1,subject108_client1,13231,1,sitting,498.69
0.1,alpha0p1,108,1,subject108_client1,13232,1,sitting,499.97
0.1,alpha0p1,108,1,subject108_client1,13233,1,sitting,501.25
0.1,alpha0p1,108,1,subject108_client1,13234,1,sitting,502.53
0.1,alpha0p1,108,1,subject108_client1,13235,1,sitting,503.81
0.1,alpha0p1,108,1,subject108_client1,13236,1,sitting,505.09
0.1,alpha0p1,108,1,subject108_client1,13237,1,sitting,506.37
0.1,alpha0p1,108,1,subject108_client1,13238,1,sitting,507.65
0.1,alpha0p1,108,1,subject108_client1,13239,1,sitting,508.93
0.1,alpha0p1,108,1,subject108_client1,13240,1,sitting,510.21
0.1,alpha0p1,108,1,subject108_client1,13241,1,sitting,511.49
0.1,alpha0p1,108,1,subject108_client1,13242,1,sitting,512.77
0.1,alpha0p1,108,1,subject108_client1,13243,1,sitting,514.05
0.1,alpha0p1,108,1,subject108_client1,13244,1,sitting,515.33
0.1,alpha0p1,108,1,subject108_client1,13245,1,sitting,516.61
0.1,alpha0p1,108,1,subject108_client1,13246,1,sitting,517.89
0.1,alpha0p1,108,1,subject108_client1,13247,1,sitting,519.17
0.1,alpha0p1,108,1,subject108_client1,13248,1,sitting,520.45
0.1,alpha0p1,108,1,subject108_client1,13249,1,sitting,521.73
0.1,alpha0p1,108,1,subject108_client1,13250,1,sitting,523.01
0.1,alpha0p1,108,1,subject108_client1,13251,1,sitting,524.29
0.1,alpha0p1,108,1,subject108_client1,13252,1,sitting,525.57
0.1,alpha0p1,108,1,subject108_client1,13253,1,sitting,526.85
0.1,alpha0p1,108,1,subject108_client1,13254,1,sitting,528.13
0.1,alpha0p1,108,1,subject108_client1,13255,1,sitting,529.41
0.1,alpha0p1,108,1,subject108_client1,13256,1,sitting,530.69
0.1,alpha0p1,108,1,subject108_client1,13257,1,sitting,531.97
0.1,alpha0p1,108,1,subject108_client1,13258,1,sitting,533.25
0.1,alpha0p1,108,1,subject108_client1,13259,1,sitting,534.53
0.1,alpha0p1,108,1,subject108_client1,13260,1,sitting,535.81
0.1,alpha0p1,108,1,subject108_client1,13261,1,sitting,537.09
0.1,alpha0p1,108,1,subject108_client1,13262,1,sitting,538.37
0.1,alpha0p1,108,1,subject108_client1,13263,1,sitting,539.65
0.1,alpha0p1,108,1,subject108_client1,13264,1,sitting,540.93
0.1,alpha0p1,108,1,subject108_client1,13265,1,sitting,542.21
0.1,alpha0p1,108,1,subject108_client1,13266,1,sitting,543.49
0.1,alpha0p1,108,1,subject108_client1,13267,1,sitting,544.77
0.1,alpha0p1,108,1,subject108_client1,13268,1,sitting,546.05
0.1,alpha0p1,108,1,subject108_client1,13269,1,sitting,547.33
0.1,alpha0p1,108,1,subject108_client1,13270,1,sitting,548.61
0.1,alpha0p1,108,1,subject108_client1,13271,1,sitting,549.89
0.1,alpha0p1,108,1,subject108_client1,13272,1,sitting,551.17
0.1,alpha0p1,108,1,subject108_client1,13273,1,sitting,552.45
0.1,alpha0p1,108,1,subject108_client1,13274,1,sitting,553.73
0.1,alpha0p1,108,1,subject108_client1,13275,1,sitting,555.01
0.1,alpha0p1,108,1,subject108_client1,13276,1,sitting,556.29
0.1,alpha0p1,108,1,subject108_client1,13277,1,sitting,557.57
0.1,alpha0p1,108,1,subject108_client1,13278,1,sitting,558.85
0.1,alpha0p1,108,1,subject108_client1,13279,1,sitting,560.13
0.1,alpha0p1,108,1,subject108_client1,13280,1,sitting,561.41
0.1,alpha0p1,108,1,subject108_client1,13281,1,sitting,562.69
0.1,alpha0p1,108,1,subject108_client1,13282,1,sitting,563.97
0.1,alpha0p1,108,1,subject108_client1,13283,1,sitting,565.25
0.1,alpha0p1,108,1,subject108_client1,13284,1,sitting,566.53
0.1,alpha0p1,108,1,subject108_client1,13285,1,sitting,567.81
0.1,alpha0p1,108,1,subject108_client1,13286,1,sitting,569.09
0.1,alpha0p1,108,1,subject108_client1,13287,1,sitting,570.37
0.1,alpha0p1,108,1,subject108_client1,13288,1,sitting,571.65
0.1,alpha0p1,108,1,subject108_client1,13289,1,sitting,572.93
0.1,alpha0p1,108,1,subject108_client1,13290,1,sitting,574.21
0.1,alpha0p1,108,1,subject108_client1,13291,1,sitting,575.49
0.1,alpha0p1,108,1,subject108_client1,13292,1,sitting,576.77
0.1,alpha0p1,108,1,subject108_client1,13293,1,sitting,578.05
0.1,alpha0p1,108,1,subject108_client1,13294,1,sitting,579.33
0.1,alpha0p1,108,1,subject108_client1,13295,1,sitting,580.61
0.1,alpha0p1,108,1,subject108_client1,13296,1,sitting,581.89
0.1,alpha0p1,108,1,subject108_client1,13297,1,sitting,583.17
0.1,alpha0p1,108,1,subject108_client1,13298,1,sitting,584.45
0.1,alpha0p1,108,1,subject108_client1,13299,1,sitting,585.73
0.1,alpha0p1,108,1,subject108_client1,13300,1,sitting,587.01
0.1,alpha0p1,108,1,subject108_client1,13301,1,sitting,588.29
0.1,alpha0p1,108,1,subject108_client1,13302,1,sitting,589.57
0.1,alpha0p1,108,1,subject108_client1,13303,1,sitting,590.85
0.1,alpha0p1,108,1,subject108_client1,13304,1,sitting,592.13
0.1,alpha0p1,108,1,subject108_client1,13305,1,sitting,593.41
0.1,alpha0p1,108,1,subject108_client1,13306,1,sitting,594.69
0.1,alpha0p1,108,1,subject108_client1,13307,1,sitting,595.97
0.1,alpha0p1,108,1,subject108_client1,13308,1,sitting,597.25
0.1,alpha0p1,108,1,subject108_client1,13309,1,sitting,598.53
0.1,alpha0p1,108,0,subject108_client0,13310,2,standing,601.2
0.1,alpha0p1,108,0,subject108_client0,13311,2,standing,602.48
0.1,alpha0p1,108,0,subject108_client0,13312,2,standing,603.76
0.1,alpha0p1,108,0,subject108_client0,13313,2,standing,605.04
0.1,alpha0p1,108,0,subject108_client0,13314,2,standing,606.32
0.1,alpha0p1,108,0,subject108_client0,13315,2,standing,607.6
0.1,alpha0p1,108,0,subject108_client0,13316,2,standing,608.88
0.1,alpha0p1,108,0,subject108_client0,13317,2,standing,610.16
0.1,alpha0p1,108,0,subject108_client0,13318,2,standing,611.44
0.1,alpha0p1,108,0,subject108_client0,13319,2,standing,612.72
0.1,alpha0p1,108,0,subject108_client0,13320,2,standing,614.0
0.1,alpha0p1,108,0,subject108_client0,13321,2,standing,615.28
0.1,alpha0p1,108,0,subject108_client0,13322,2,standing,616.56
0.1,alpha0p1,108,0,subject108_client0,13323,2,standing,617.84
0.1,alpha0p1,108,0,subject108_client0,13324,2,standing,619.12
0.1,alpha0p1,108,0,subject108_client0,13325,2,standing,620.4
0.1,alpha0p1,108,0,subject108_client0,13326,2,standing,621.68
0.1,alpha0p1,108,0,subject108_client0,13327,2,standing,622.96
0.1,alpha0p1,108,0,subject108_client0,13328,2,standing,624.24
0.1,alpha0p1,108,0,subject108_client0,13329,2,standing,625.52
0.1,alpha0p1,108,0,subject108_client0,13330,2,standing,626.8
0.1,alpha0p1,108,0,subject108_client0,13331,2,standing,628.08
0.1,alpha0p1,108,0,subject108_client0,13332,2,standing,629.36
0.1,alpha0p1,108,2,subject108_client2,13334,2,standing,631.92
0.1,alpha0p1,108,2,subject108_client2,13335,2,standing,633.2
0.1,alpha0p1,108,2,subject108_client2,13336,2,standing,634.48
0.1,alpha0p1,108,2,subject108_client2,13337,2,standing,635.76
0.1,alpha0p1,108,2,subject108_client2,13338,2,standing,637.04
0.1,alpha0p1,108,2,subject108_client2,13339,2,standing,638.32
0.1,alpha0p1,108,2,subject108_client2,13340,2,standing,639.6
0.1,alpha0p1,108,2,subject108_client2,13341,2,standing,640.88
0.1,alpha0p1,108,2,subject108_client2,13342,2,standing,642.16
0.1,alpha0p1,108,2,subject108_client2,13343,2,standing,643.44
0.1,alpha0p1,108,2,subject108_client2,13344,2,standing,644.72
0.1,alpha0p1,108,2,subject108_client2,13345,2,standing,646.0
0.1,alpha0p1,108,2,subject108_client2,13346,2,standing,647.28
0.1,alpha0p1,108,2,subject108_client2,13347,2,standing,648.56
0.1,alpha0p1,108,2,subject108_client2,13348,2,standing,649.84
0.1,alpha0p1,108,2,subject108_client2,13349,2,standing,651.12
0.1,alpha0p1,108,2,subject108_client2,13350,2,standing,652.4
0.1,alpha0p1,108,2,subject108_client2,13351,2,standing,653.68
0.1,alpha0p1,108,2,subject108_client2,13352,2,standing,654.96
0.1,alpha0p1,108,2,subject108_client2,13353,2,standing,656.24
0.1,alpha0p1,108,2,subject108_client2,13354,2,standing,657.52
0.1,alpha0p1,108,2,subject108_client2,13355,2,standing,658.8
0.1,alpha0p1,108,2,subject108_client2,13356,2,standing,660.08
0.1,alpha0p1,108,2,subject108_client2,13357,2,standing,661.36
0.1,alpha0p1,108,2,subject108_client2,13358,2,standing,662.64
0.1,alpha0p1,108,2,subject108_client2,13359,2,standing,663.92
0.1,alpha0p1,108,2,subject108_client2,13360,2,standing,665.2
0.1,alpha0p1,108,2,subject108_client2,13361,2,standing,666.48
0.1,alpha0p1,108,2,subject108_client2,13362,2,standing,667.76
0.1,alpha0p1,108,2,subject108_client2,13363,2,standing,669.04
0.1,alpha0p1,108,2,subject108_client2,13364,2,standing,670.32
0.1,alpha0p1,108,2,subject108_client2,13365,2,standing,671.6
0.1,alpha0p1,108,2,subject108_client2,13366,2,standing,672.88
0.1,alpha0p1,108,2,subject108_client2,13367,2,standing,674.16
0.1,alpha0p1,108,2,subject108_client2,13368,2,standing,675.44
0.1,alpha0p1,108,2,subject108_client2,13369,2,standing,676.72
0.1,alpha0p1,108,2,subject108_client2,13370,2,standing,678.0
0.1,alpha0p1,108,2,subject108_client2,13371,2,standing,679.28
0.1,alpha0p1,108,2,subject108_client2,13372,2,standing,680.56
0.1,alpha0p1,108,2,subject108_client2,13373,2,standing,681.84
0.1,alpha0p1,108,2,subject108_client2,13374,2,standing,683.12
0.1,alpha0p1,108,2,subject108_client2,13375,2,standing,684.4
0.1,alpha0p1,108,2,subject108_client2,13376,2,standing,685.68
0.1,alpha0p1,108,2,subject108_client2,13377,2,standing,686.96
0.1,alpha0p1,108,2,subject108_client2,13378,2,standing,688.24
0.1,alpha0p1,108,2,subject108_client2,13379,2,standing,689.52
0.1,alpha0p1,108,2,subject108_client2,13380,2,standing,690.8
0.1,alpha0p1,108,2,subject108_client2,13381,2,standing,692.08
0.1,alpha0p1,108,2,subject108_client2,13382,2,standing,693.36
0.1,alpha0p1,108,2,subject108_client2,13383,2,standing,694.64
0.1,alpha0p1,108,2,subject108_client2,13384,2,standing,695.92
0.1,alpha0p1,108,2,subject108_client2,13385,2,standing,697.2
0.1,alpha0p1,108,2,subject108_client2,13386,2,standing,698.48
0.1,alpha0p1,108,2,subject108_client2,13387,2,standing,699.76
0.1,alpha0p1,108,2,subject108_client2,13388,2,standing,701.04
0.1,alpha0p1,108,2,subject108_client2,13389,2,standing,702.32
0.1,alpha0p1,108,2,subject108_client2,13390,2,standing,703.6
0.1,alpha0p1,108,2,subject108_client2,13391,2,standing,704.88
0.1,alpha0p1,108,2,subject108_client2,13392,2,standing,706.16
0.1,alpha0p1,108,2,subject108_client2,13393,2,standing,707.44
0.1,alpha0p1,108,2,subject108_client2,13394,2,standing,708.72
0.1,alpha0p1,108,2,subject108_client2,13395,2,standing,710.0
0.1,alpha0p1,108,2,subject108_client2,13396,2,standing,711.28
0.1,alpha0p1,108,2,subject108_client2,13397,2,standing,712.56
0.1,alpha0p1,108,2,subject108_client2,13398,2,standing,713.84
0.1,alpha0p1,108,2,subject108_client2,13399,2,standing,715.12
0.1,alpha0p1,108,2,subject108_client2,13400,2,standing,716.4
0.1,alpha0p1,108,2,subject108_client2,13401,2,standing,717.68
0.1,alpha0p1,108,2,subject108_client2,13402,2,standing,718.96
0.1,alpha0p1,108,2,subject108_client2,13403,2,standing,720.24
0.1,alpha0p1,108,2,subject108_client2,13404,2,standing,721.52
0.1,alpha0p1,108,2,subject108_client2,13405,2,standing,722.8
0.1,alpha0p1,108,2,subject108_client2,13406,2,standing,724.08
0.1,alpha0p1,108,2,subject108_client2,13407,2,standing,725.36
0.1,alpha0p1,108,2,subject108_client2,13408,2,standing,726.64
0.1,alpha0p1,108,2,subject108_client2,13409,2,standing,727.92
0.1,alpha0p1,108,2,subject108_client2,13410,2,standing,729.2
0.1,alpha0p1,108,2,subject108_client2,13411,2,standing,730.48
0.1,alpha0p1,108,2,subject108_client2,13412,2,standing,731.76
0.1,alpha0p1,108,2,subject108_client2,13413,2,standing,733.04
0.1,alpha0p1,108,2,subject108_client2,13414,2,standing,734.32
0.1,alpha0p1,108,2,subject108_client2,13415,2,standing,735.6
0.1,alpha0p1,108,2,subject108_client2,13416,2,standing,736.88
0.1,alpha0p1,108,2,subject108_client2,13417,2,standing,738.16
0.1,alpha0p1,108,2,subject108_client2,13418,2,standing,739.44
0.1,alpha0p1,108,2,subject108_client2,13419,2,standing,740.72
0.1,alpha0p1,108,2,subject108_client2,13420,2,standing,742.0
0.1,alpha0p1,108,2,subject108_client2,13421,2,standing,743.28
0.1,alpha0p1,108,2,subject108_client2,13422,2,standing,744.56
0.1,alpha0p1,108,2,subject108_client2,13423,2,standing,745.84
0.1,alpha0p1,108,2,subject108_client2,13424,2,standing,747.12
0.1,alpha0p1,108,2,subject108_client2,13425,2,standing,748.4
0.1,alpha0p1,108,2,subject108_client2,13426,2,standing,749.68
0.1,alpha0p1,108,2,subject108_client2,13427,2,standing,750.96
0.1,alpha0p1,108,2,subject108_client2,13428,2,standing,752.24
0.1,alpha0p1,108,2,subject108_client2,13429,2,standing,753.52
0.1,alpha0p1,108,2,subject108_client2,13430,2,standing,754.8
0.1,alpha0p1,108,2,subject108_client2,13431,2,standing,756.08
0.1,alpha0p1,108,2,subject108_client2,13432,2,standing,757.36
0.1,alpha0p1,108,2,subject108_client2,13433,2,standing,758.64
0.1,alpha0p1,108,2,subject108_client2,13434,2,standing,759.92
0.1,alpha0p1,108,2,subject108_client2,13435,2,standing,761.2
0.1,alpha0p1,108,2,subject108_client2,13436,2,standing,762.48
0.1,alpha0p1,108,2,subject108_client2,13437,2,standing,763.76
0.1,alpha0p1,108,2,subject108_client2,13438,2,standing,765.04
0.1,alpha0p1,108,2,subject108_client2,13439,2,standing,766.32
0.1,alpha0p1,108,2,subject108_client2,13440,2,standing,767.6
0.1,alpha0p1,108,2,subject108_client2,13441,2,standing,768.88
0.1,alpha0p1,108,2,subject108_client2,13442,2,standing,770.16
0.1,alpha0p1,108,2,subject108_client2,13443,2,standing,771.44
0.1,alpha0p1,108,2,subject108_client2,13444,2,standing,772.72
0.1,alpha0p1,108,2,subject108_client2,13445,2,standing,774.0
0.1,alpha0p1,108,2,subject108_client2,13446,2,standing,775.28
0.1,alpha0p1,108,2,subject108_client2,13447,2,standing,776.56
0.1,alpha0p1,108,2,subject108_client2,13448,2,standing,777.84
0.1,alpha0p1,108,2,subject108_client2,13449,2,standing,779.12
0.1,alpha0p1,108,2,subject108_client2,13450,2,standing,780.4
0.1,alpha0p1,108,2,subject108_client2,13451,2,standing,781.68
0.1,alpha0p1,108,2,subject108_client2,13452,2,standing,782.96
0.1,alpha0p1,108,2,subject108_client2,13453,2,standing,784.24
0.1,alpha0p1,108,2,subject108_client2,13454,2,standing,785.52
0.1,alpha0p1,108,2,subject108_client2,13455,2,standing,786.8
0.1,alpha0p1,108,2,subject108_client2,13456,2,standing,788.08
0.1,alpha0p1,108,2,subject108_client2,13457,2,standing,789.36
0.1,alpha0p1,108,2,subject108_client2,13458,2,standing,790.64
0.1,alpha0p1,108,2,subject108_client2,13459,2,standing,791.92
0.1,alpha0p1,108,2,subject108_client2,13460,2,standing,793.2
0.1,alpha0p1,108,2,subject108_client2,13461,2,standing,794.48
0.1,alpha0p1,108,2,subject108_client2,13462,2,standing,795.76
0.1,alpha0p1,108,2,subject108_client2,13463,2,standing,797.04
0.1,alpha0p1,108,2,subject108_client2,13464,2,standing,798.32
0.1,alpha0p1,108,2,subject108_client2,13465,2,standing,799.6
0.1,alpha0p1,108,2,subject108_client2,13466,2,standing,800.88
0.1,alpha0p1,108,2,subject108_client2,13467,2,standing,802.16
0.1,alpha0p1,108,2,subject108_client2,13468,2,standing,803.44
0.1,alpha0p1,108,2,subject108_client2,13469,2,standing,804.72
0.1,alpha0p1,108,2,subject108_client2,13470,2,standing,806.0
0.1,alpha0p1,108,2,subject108_client2,13471,2,standing,807.28
0.1,alpha0p1,108,2,subject108_client2,13472,2,standing,808.56
0.1,alpha0p1,108,2,subject108_client2,13473,2,standing,809.84
0.1,alpha0p1,108,2,subject108_client2,13474,2,standing,811.12
0.1,alpha0p1,108,2,subject108_client2,13475,2,standing,812.4
0.1,alpha0p1,108,2,subject108_client2,13476,2,standing,813.68
0.1,alpha0p1,108,2,subject108_client2,13477,2,standing,814.96
0.1,alpha0p1,108,2,subject108_client2,13478,2,standing,816.24
0.1,alpha0p1,108,2,subject108_client2,13479,2,standing,817.52
0.1,alpha0p1,108,2,subject108_client2,13480,2,standing,818.8
0.1,alpha0p1,108,2,subject108_client2,13481,2,standing,820.08
0.1,alpha0p1,108,2,subject108_client2,13482,2,standing,821.36
0.1,alpha0p1,108,2,subject108_client2,13483,2,standing,822.64
0.1,alpha0p1,108,2,subject108_client2,13484,2,standing,823.92
0.1,alpha0p1,108,2,subject108_client2,13485,2,standing,825.2
0.1,alpha0p1,108,2,subject108_client2,13486,2,standing,826.48
0.1,alpha0p1,108,2,subject108_client2,13487,2,standing,827.76
0.1,alpha0p1,108,2,subject108_client2,13488,2,standing,829.04
0.1,alpha0p1,108,2,subject108_client2,13489,2,standing,830.32
0.1,alpha0p1,108,2,subject108_client2,13490,2,standing,831.6
0.1,alpha0p1,108,2,subject108_client2,13491,2,standing,832.88
0.1,alpha0p1,108,2,subject108_client2,13492,2,standing,834.16
0.1,alpha0p1,108,2,subject108_client2,13493,2,standing,835.44
0.1,alpha0p1,108,2,subject108_client2,13494,2,standing,836.72
0.1,alpha0p1,108,2,subject108_client2,13495,2,standing,838.0
0.1,alpha0p1,108,2,subject108_client2,13496,2,standing,839.28
0.1,alpha0p1,108,2,subject108_client2,13497,2,standing,840.56
0.1,alpha0p1,108,2,subject108_client2,13498,2,standing,841.84
0.1,alpha0p1,108,2,subject108_client2,13499,2,standing,843.12
0.1,alpha0p1,108,2,subject108_client2,13500,2,standing,844.4
0.1,alpha0p1,108,2,subject108_client2,13501,2,standing,845.68
0.1,alpha0p1,108,2,subject108_client2,13502,2,standing,846.96
0.1,alpha0p1,108,2,subject108_client2,13503,2,standing,848.24
0.1,alpha0p1,108,2,subject108_client2,13504,2,standing,849.52
0.1,alpha0p1,108,2,subject108_client2,13505,10,ironing,852.8
0.1,alpha0p1,108,2,subject108_client2,13506,10,ironing,854.08
0.1,alpha0p1,108,2,subject108_client2,13507,10,ironing,855.36
0.1,alpha0p1,108,2,subject108_client2,13508,10,ironing,856.64
0.1,alpha0p1,108,2,subject108_client2,13509,10,ironing,857.92
0.1,alpha0p1,108,2,subject108_client2,13510,10,ironing,859.2
0.1,alpha0p1,108,2,subject108_client2,13511,10,ironing,860.48
0.1,alpha0p1,108,2,subject108_client2,13512,10,ironing,861.76
0.1,alpha0p1,108,2,subject108_client2,13513,10,ironing,863.04
0.1,alpha0p1,108,2,subject108_client2,13514,10,ironing,864.32
0.1,alpha0p1,108,2,subject108_client2,13515,10,ironing,865.6
0.1,alpha0p1,108,2,subject108_client2,13516,10,ironing,866.88
0.1,alpha0p1,108,2,subject108_client2,13517,10,ironing,868.16
0.1,alpha0p1,108,2,subject108_client2,13518,10,ironing,869.44
0.1,alpha0p1,108,2,subject108_client2,13519,10,ironing,870.72
0.1,alpha0p1,108,2,subject108_client2,13520,10,ironing,872.0
0.1,alpha0p1,108,2,subject108_client2,13521,10,ironing,873.28
0.1,alpha0p1,108,2,subject108_client2,13522,10,ironing,874.56
0.1,alpha0p1,108,2,subject108_client2,13523,10,ironing,875.84
0.1,alpha0p1,108,2,subject108_client2,13524,10,ironing,877.12
0.1,alpha0p1,108,2,subject108_client2,13525,10,ironing,878.4
0.1,alpha0p1,108,2,subject108_client2,13526,10,ironing,879.68
0.1,alpha0p1,108,2,subject108_client2,13527,10,ironing,880.96
0.1,alpha0p1,108,2,subject108_client2,13528,10,ironing,882.24
0.1,alpha0p1,108,2,subject108_client2,13529,10,ironing,883.52
0.1,alpha0p1,108,2,subject108_client2,13530,10,ironing,884.8
0.1,alpha0p1,108,2,subject108_client2,13531,10,ironing,886.08
0.1,alpha0p1,108,2,subject108_client2,13532,10,ironing,887.36
0.1,alpha0p1,108,2,subject108_client2,13533,10,ironing,888.64
0.1,alpha0p1,108,2,subject108_client2,13534,10,ironing,889.92
0.1,alpha0p1,108,2,subject108_client2,13535,10,ironing,891.2
0.1,alpha0p1,108,2,subject108_client2,13536,10,ironing,892.48
0.1,alpha0p1,108,2,subject108_client2,13537,10,ironing,893.76
0.1,alpha0p1,108,2,subject108_client2,13538,10,ironing,895.04
0.1,alpha0p1,108,2,subject108_client2,13539,10,ironing,896.32
0.1,alpha0p1,108,2,subject108_client2,13540,10,ironing,897.6
0.1,alpha0p1,108,2,subject108_client2,13541,10,ironing,898.88
0.1,alpha0p1,108,2,subject108_client2,13542,10,ironing,900.16
0.1,alpha0p1,108,2,subject108_client2,13543,10,ironing,901.44
0.1,alpha0p1,108,2,subject108_client2,13544,10,ironing,902.72
0.1,alpha0p1,108,2,subject108_client2,13545,10,ironing,904.0
0.1,alpha0p1,108,2,subject108_client2,13546,10,ironing,905.28
0.1,alpha0p1,108,2,subject108_client2,13547,10,ironing,906.56
0.1,alpha0p1,108,2,subject108_client2,13548,10,ironing,907.84
0.1,alpha0p1,108,2,subject108_client2,13549,10,ironing,909.12
0.1,alpha0p1,108,2,subject108_client2,13550,10,ironing,910.4
0.1,alpha0p1,108,2,subject108_client2,13551,10,ironing,911.68
0.1,alpha0p1,108,2,subject108_client2,13552,10,ironing,912.96
0.1,alpha0p1,108,2,subject108_client2,13553,10,ironing,914.24
0.1,alpha0p1,108,2,subject108_client2,13554,10,ironing,915.52
0.1,alpha0p1,108,2,subject108_client2,13555,10,ironing,916.8
0.1,alpha0p1,108,2,subject108_client2,13556,10,ironing,918.08
0.1,alpha0p1,108,2,subject108_client2,13557,10,ironing,919.36
0.1,alpha0p1,108,2,subject108_client2,13558,10,ironing,920.64
0.1,alpha0p1,108,2,subject108_client2,13559,10,ironing,921.92
0.1,alpha0p1,108,2,subject108_client2,13560,10,ironing,923.2
0.1,alpha0p1,108,2,subject108_client2,13561,10,ironing,924.48
0.1,alpha0p1,108,2,subject108_client2,13562,10,ironing,925.76
0.1,alpha0p1,108,2,subject108_client2,13563,10,ironing,927.04
0.1,alpha0p1,108,2,subject108_client2,13564,10,ironing,928.32
0.1,alpha0p1,108,2,subject108_client2,13565,10,ironing,929.6
0.1,alpha0p1,108,2,subject108_client2,13566,10,ironing,930.88
0.1,alpha0p1,108,2,subject108_client2,13567,10,ironing,932.16
0.1,alpha0p1,108,2,subject108_client2,13568,10,ironing,933.44
0.1,alpha0p1,108,2,subject108_client2,13569,10,ironing,934.72
0.1,alpha0p1,108,2,subject108_client2,13570,10,ironing,936.0
0.1,alpha0p1,108,2,subject108_client2,13571,10,ironing,937.28
0.1,alpha0p1,108,2,subject108_client2,13572,10,ironing,938.56
0.1,alpha0p1,108,2,subject108_client2,13573,10,ironing,939.84
0.1,alpha0p1,108,2,subject108_client2,13574,10,ironing,941.12
0.1,alpha0p1,108,2,subject108_client2,13575,10,ironing,942.4
0.1,alpha0p1,108,2,subject108_client2,13576,10,ironing,943.68
0.1,alpha0p1,108,2,subject108_client2,13577,10,ironing,944.96
0.1,alpha0p1,108,2,subject108_client2,13578,10,ironing,946.24
0.1,alpha0p1,108,2,subject108_client2,13579,10,ironing,947.52
0.1,alpha0p1,108,2,subject108_client2,13580,10,ironing,948.8
0.1,alpha0p1,108,2,subject108_client2,13581,10,ironing,950.08
0.1,alpha0p1,108,2,subject108_client2,13582,10,ironing,951.36
0.1,alpha0p1,108,2,subject108_client2,13583,10,ironing,952.64
0.1,alpha0p1,108,2,subject108_client2,13584,10,ironing,953.92
0.1,alpha0p1,108,2,subject108_client2,13585,10,ironing,955.2
0.1,alpha0p1,108,2,subject108_client2,13586,10,ironing,956.48
0.1,alpha0p1,108,2,subject108_client2,13587,10,ironing,957.76
0.1,alpha0p1,108,2,subject108_client2,13588,10,ironing,959.04
0.1,alpha0p1,108,2,subject108_client2,13589,10,ironing,960.32
0.1,alpha0p1,108,2,subject108_client2,13590,10,ironing,961.6
0.1,alpha0p1,108,2,subject108_client2,13591,10,ironing,962.88
0.1,alpha0p1,108,2,subject108_client2,13592,10,ironing,964.16
0.1,alpha0p1,108,2,subject108_client2,13593,10,ironing,965.44
0.1,alpha0p1,108,2,subject108_client2,13594,10,ironing,966.72
0.1,alpha0p1,108,2,subject108_client2,13595,10,ironing,968.0
0.1,alpha0p1,108,2,subject108_client2,13596,10,ironing,969.28
0.1,alpha0p1,108,2,subject108_client2,13597,10,ironing,970.56
0.1,alpha0p1,108,2,subject108_client2,13598,10,ironing,971.84
0.1,alpha0p1,108,2,subject108_client2,13599,10,ironing,973.12
0.1,alpha0p1,108,2,subject108_client2,13600,10,ironing,974.4
0.1,alpha0p1,108,2,subject108_client2,13601,10,ironing,975.68
0.1,alpha0p1,108,2,subject108_client2,13602,10,ironing,976.96
0.1,alpha0p1,108,2,subject108_client2,13603,10,ironing,978.24
0.1,alpha0p1,108,2,subject108_client2,13604,10,ironing,979.52
0.1,alpha0p1,108,2,subject108_client2,13605,10,ironing,980.8
0.1,alpha0p1,108,2,subject108_client2,13606,10,ironing,982.08
0.1,alpha0p1,108,2,subject108_client2,13607,10,ironing,983.36
0.1,alpha0p1,108,2,subject108_client2,13608,10,ironing,984.64
0.1,alpha0p1,108,2,subject108_client2,13609,10,ironing,985.92
0.1,alpha0p1,108,2,subject108_client2,13610,10,ironing,987.2
0.1,alpha0p1,108,2,subject108_client2,13611,10,ironing,988.48
0.1,alpha0p1,108,2,subject108_client2,13612,10,ironing,989.76
0.1,alpha0p1,108,2,subject108_client2,13613,10,ironing,991.04
0.1,alpha0p1,108,2,subject108_client2,13614,10,ironing,992.32
0.1,alpha0p1,108,2,subject108_client2,13615,10,ironing,993.6
0.1,alpha0p1,108,2,subject108_client2,13616,10,ironing,994.88
0.1,alpha0p1,108,2,subject108_client2,13617,10,ironing,996.16
0.1,alpha0p1,108,2,subject108_client2,13618,10,ironing,997.44
0.1,alpha0p1,108,2,subject108_client2,13619,10,ironing,998.72
0.1,alpha0p1,108,2,subject108_client2,13620,10,ironing,1000.0
0.1,alpha0p1,108,2,subject108_client2,13621,10,ironing,1001.28
0.1,alpha0p1,108,2,subject108_client2,13622,10,ironing,1002.56
0.1,alpha0p1,108,2,subject108_client2,13623,10,ironing,1003.84
0.1,alpha0p1,108,2,subject108_client2,13624,10,ironing,1005.12
0.1,alpha0p1,108,2,subject108_client2,13625,10,ironing,1006.4
0.1,alpha0p1,108,2,subject108_client2,13626,10,ironing,1007.68
0.1,alpha0p1,108,2,subject108_client2,13627,10,ironing,1008.96
0.1,alpha0p1,108,2,subject108_client2,13628,10,ironing,1010.24
0.1,alpha0p1,108,2,subject108_client2,13629,10,ironing,1011.52
0.1,alpha0p1,108,2,subject108_client2,13630,10,ironing,1012.8
0.1,alpha0p1,108,2,subject108_client2,13631,10,ironing,1014.08
0.1,alpha0p1,108,2,subject108_client2,13632,10,ironing,1015.36
0.1,alpha0p1,108,2,subject108_client2,13633,10,ironing,1016.64
0.1,alpha0p1,108,2,subject108_client2,13634,10,ironing,1017.92
0.1,alpha0p1,108,2,subject108_client2,13635,10,ironing,1019.2
0.1,alpha0p1,108,2,subject108_client2,13636,10,ironing,1020.48
0.1,alpha0p1,108,2,subject108_client2,13637,10,ironing,1021.76
0.1,alpha0p1,108,2,subject108_client2,13638,10,ironing,1023.04
0.1,alpha0p1,108,2,subject108_client2,13639,10,ironing,1024.32
0.1,alpha0p1,108,2,subject108_client2,13640,10,ironing,1025.6
0.1,alpha0p1,108,2,subject108_client2,13641,10,ironing,1026.88
0.1,alpha0p1,108,2,subject108_client2,13642,10,ironing,1028.16
0.1,alpha0p1,108,2,subject108_client2,13643,10,ironing,1029.44
0.1,alpha0p1,108,2,subject108_client2,13644,10,ironing,1030.72
0.1,alpha0p1,108,2,subject108_client2,13645,10,ironing,1032.0
0.1,alpha0p1,108,2,subject108_client2,13646,10,ironing,1033.28
0.1,alpha0p1,108,2,subject108_client2,13647,10,ironing,1034.56
0.1,alpha0p1,108,2,subject108_client2,13648,10,ironing,1035.84
0.1,alpha0p1,108,2,subject108_client2,13649,10,ironing,1037.12
0.1,alpha0p1,108,2,subject108_client2,13650,10,ironing,1038.4
0.1,alpha0p1,108,2,subject108_client2,13651,10,ironing,1039.68
0.1,alpha0p1,108,2,subject108_client2,13652,10,ironing,1040.96
0.1,alpha0p1,108,2,subject108_client2,13653,10,ironing,1042.24
0.1,alpha0p1,108,2,subject108_client2,13654,10,ironing,1043.52
0.1,alpha0p1,108,2,subject108_client2,13655,10,ironing,1044.8
0.1,alpha0p1,108,2,subject108_client2,13656,10,ironing,1046.08
0.1,alpha0p1,108,2,subject108_client2,13657,10,ironing,1047.36
0.1,alpha0p1,108,2,subject108_client2,13658,10,ironing,1048.64
0.1,alpha0p1,108,2,subject108_client2,13659,10,ironing,1049.92
0.1,alpha0p1,108,2,subject108_client2,13660,10,ironing,1051.2
0.1,alpha0p1,108,2,subject108_client2,13661,10,ironing,1052.48
0.1,alpha0p1,108,2,subject108_client2,13662,10,ironing,1053.76
0.1,alpha0p1,108,2,subject108_client2,13663,10,ironing,1055.04
0.1,alpha0p1,108,2,subject108_client2,13664,10,ironing,1056.32
0.1,alpha0p1,108,2,subject108_client2,13665,10,ironing,1057.6
0.1,alpha0p1,108,2,subject108_client2,13666,10,ironing,1058.88
0.1,alpha0p1,108,2,subject108_client2,13667,10,ironing,1060.16
0.1,alpha0p1,108,2,subject108_client2,13668,10,ironing,1061.44
0.1,alpha0p1,108,2,subject108_client2,13669,10,ironing,1062.72
0.1,alpha0p1,108,2,subject108_client2,13670,10,ironing,1064.0
0.1,alpha0p1,108,2,subject108_client2,13671,10,ironing,1065.28
0.1,alpha0p1,108,2,subject108_client2,13672,10,ironing,1066.56
0.1,alpha0p1,108,2,subject108_client2,13673,10,ironing,1067.84
0.1,alpha0p1,108,2,subject108_client2,13674,10,ironing,1069.12
0.1,alpha0p1,108,2,subject108_client2,13675,10,ironing,1070.4
0.1,alpha0p1,108,2,subject108_client2,13676,10,ironing,1071.68
0.1,alpha0p1,108,2,subject108_client2,13677,10,ironing,1072.96
0.1,alpha0p1,108,2,subject108_client2,13678,10,ironing,1074.24
0.1,alpha0p1,108,2,subject108_client2,13679,10,ironing,1075.52
0.1,alpha0p1,108,2,subject108_client2,13680,10,ironing,1076.8
0.1,alpha0p1,108,2,subject108_client2,13681,10,ironing,1078.08
0.1,alpha0p1,108,2,subject108_client2,13682,10,ironing,1079.36
0.1,alpha0p1,108,2,subject108_client2,13683,10,ironing,1080.64
0.1,alpha0p1,108,2,subject108_client2,13684,10,ironing,1081.92
0.1,alpha0p1,108,2,subject108_client2,13685,10,ironing,1083.2
0.1,alpha0p1,108,2,subject108_client2,13686,10,ironing,1084.48
0.1,alpha0p1,108,2,subject108_client2,13687,10,ironing,1085.76
0.1,alpha0p1,108,2,subject108_client2,13688,10,ironing,1087.04
0.1,alpha0p1,108,2,subject108_client2,13689,10,ironing,1088.32
0.1,alpha0p1,108,2,subject108_client2,13690,10,ironing,1089.6
0.1,alpha0p1,108,2,subject108_client2,13691,10,ironing,1090.88
0.1,alpha0p1,108,2,subject108_client2,13692,10,ironing,1092.16
0.1,alpha0p1,108,2,subject108_client2,13693,10,ironing,1093.44
0.1,alpha0p1,108,2,subject108_client2,13694,10,ironing,1094.72
0.1,alpha0p1,108,2,subject108_client2,13695,10,ironing,1096.0
0.1,alpha0p1,108,2,subject108_client2,13696,10,ironing,1097.28
0.1,alpha0p1,108,2,subject108_client2,13697,10,ironing,1098.56
0.1,alpha0p1,108,2,subject108_client2,13698,10,ironing,1099.84
0.1,alpha0p1,108,2,subject108_client2,13699,10,ironing,1101.12
0.1,alpha0p1,108,2,subject108_client2,13700,10,ironing,1102.4
0.1,alpha0p1,108,2,subject108_client2,13701,10,ironing,1103.68
0.1,alpha0p1,108,2,subject108_client2,13702,10,ironing,1104.96
0.1,alpha0p1,108,2,subject108_client2,13703,10,ironing,1106.24
0.1,alpha0p1,108,2,subject108_client2,13704,10,ironing,1107.52
0.1,alpha0p1,108,2,subject108_client2,13705,10,ironing,1108.8
0.1,alpha0p1,108,2,subject108_client2,13706,10,ironing,1110.08
0.1,alpha0p1,108,2,subject108_client2,13707,10,ironing,1111.36
0.1,alpha0p1,108,2,subject108_client2,13708,10,ironing,1112.64
0.1,alpha0p1,108,2,subject108_client2,13709,10,ironing,1113.92
0.1,alpha0p1,108,2,subject108_client2,13710,10,ironing,1115.2
0.1,alpha0p1,108,2,subject108_client2,13711,10,ironing,1116.48
0.1,alpha0p1,108,2,subject108_client2,13712,10,ironing,1117.76
0.1,alpha0p1,108,0,subject108_client0,13714,10,ironing,1120.32
0.1,alpha0p1,108,0,subject108_client0,13715,10,ironing,1121.6
0.1,alpha0p1,108,0,subject108_client0,13716,10,ironing,1122.88
0.1,alpha0p1,108,0,subject108_client0,13717,10,ironing,1124.16
0.1,alpha0p1,108,0,subject108_client0,13718,10,ironing,1125.44
0.1,alpha0p1,108,0,subject108_client0,13719,10,ironing,1126.72
0.1,alpha0p1,108,0,subject108_client0,13720,10,ironing,1128.0
0.1,alpha0p1,108,0,subject108_client0,13721,10,ironing,1129.28
0.1,alpha0p1,108,0,subject108_client0,13722,10,ironing,1130.56
0.1,alpha0p1,108,0,subject108_client0,13723,10,ironing,1131.84
0.1,alpha0p1,108,0,subject108_client0,13724,10,ironing,1133.12
0.1,alpha0p1,108,0,subject108_client0,13725,10,ironing,1134.4
0.1,alpha0p1,108,0,subject108_client0,13726,10,ironing,1135.68
0.1,alpha0p1,108,0,subject108_client0,13727,10,ironing,1136.96
0.1,alpha0p1,108,0,subject108_client0,13728,10,ironing,1138.24
0.1,alpha0p1,108,0,subject108_client0,13729,10,ironing,1139.52
0.1,alpha0p1,108,0,subject108_client0,13730,10,ironing,1140.8
0.1,alpha0p1,108,0,subject108_client0,13731,10,ironing,1142.08
0.1,alpha0p1,108,0,subject108_client0,13732,10,ironing,1143.36
0.1,alpha0p1,108,0,subject108_client0,13733,10,ironing,1144.64
0.1,alpha0p1,108,0,subject108_client0,13734,10,ironing,1145.92
0.1,alpha0p1,108,0,subject108_client0,13735,10,ironing,1147.2
0.1,alpha0p1,108,0,subject108_client0,13736,10,ironing,1148.48
0.1,alpha0p1,108,0,subject108_client0,13737,10,ironing,1149.76
0.1,alpha0p1,108,0,subject108_client0,13738,10,ironing,1151.04
0.1,alpha0p1,108,0,subject108_client0,13739,10,ironing,1152.32
0.1,alpha0p1,108,0,subject108_client0,13740,10,ironing,1153.6
0.1,alpha0p1,108,0,subject108_client0,13741,10,ironing,1154.88
0.1,alpha0p1,108,0,subject108_client0,13742,10,ironing,1156.16
0.1,alpha0p1,108,0,subject108_client0,13743,10,ironing,1157.44
0.1,alpha0p1,108,0,subject108_client0,13744,10,ironing,1158.72
0.1,alpha0p1,108,0,subject108_client0,13745,10,ironing,1160.0
0.1,alpha0p1,108,0,subject108_client0,13746,10,ironing,1161.28
0.1,alpha0p1,108,0,subject108_client0,13747,10,ironing,1162.56
0.1,alpha0p1,108,0,subject108_client0,13748,10,ironing,1163.84
0.1,alpha0p1,108,0,subject108_client0,13749,10,ironing,1165.12
0.1,alpha0p1,108,0,subject108_client0,13750,10,ironing,1166.4
0.1,alpha0p1,108,0,subject108_client0,13751,10,ironing,1167.68
0.1,alpha0p1,108,0,subject108_client0,13752,10,ironing,1168.96
0.1,alpha0p1,108,0,subject108_client0,13753,10,ironing,1170.24
0.1,alpha0p1,108,0,subject108_client0,13754,10,ironing,1171.52
0.1,alpha0p1,108,0,subject108_client0,13755,10,ironing,1172.8
0.1,alpha0p1,108,0,subject108_client0,13756,10,ironing,1174.08
0.1,alpha0p1,108,0,subject108_client0,13757,10,ironing,1175.36
0.1,alpha0p1,108,0,subject108_client0,13758,10,ironing,1176.64
0.1,alpha0p1,108,0,subject108_client0,13759,10,ironing,1177.92
0.1,alpha0p1,108,0,subject108_client0,13760,10,ironing,1179.2
0.1,alpha0p1,108,2,subject108_client2,13761,9,vacuum cleaning,1287.14
0.1,alpha0p1,108,2,subject108_client2,13762,9,vacuum cleaning,1288.42
0.1,alpha0p1,108,2,subject108_client2,13763,9,vacuum cleaning,1289.7
0.1,alpha0p1,108,2,subject108_client2,13764,9,vacuum cleaning,1290.98
0.1,alpha0p1,108,2,subject108_client2,13765,9,vacuum cleaning,1292.26
0.1,alpha0p1,108,2,subject108_client2,13766,9,vacuum cleaning,1293.54
0.1,alpha0p1,108,2,subject108_client2,13767,9,vacuum cleaning,1294.82
0.1,alpha0p1,108,2,subject108_client2,13768,9,vacuum cleaning,1296.1
0.1,alpha0p1,108,2,subject108_client2,13769,9,vacuum cleaning,1297.38
0.1,alpha0p1,108,2,subject108_client2,13770,9,vacuum cleaning,1298.66
0.1,alpha0p1,108,2,subject108_client2,13771,9,vacuum cleaning,1299.94
0.1,alpha0p1,108,2,subject108_client2,13772,9,vacuum cleaning,1301.22
0.1,alpha0p1,108,2,subject108_client2,13773,9,vacuum cleaning,1302.5
0.1,alpha0p1,108,2,subject108_client2,13774,9,vacuum cleaning,1303.78
0.1,alpha0p1,108,2,subject108_client2,13775,9,vacuum cleaning,1305.06
0.1,alpha0p1,108,2,subject108_client2,13776,9,vacuum cleaning,1306.34
0.1,alpha0p1,108,2,subject108_client2,13777,9,vacuum cleaning,1307.62
0.1,alpha0p1,108,2,subject108_client2,13778,9,vacuum cleaning,1308.9
0.1,alpha0p1,108,2,subject108_client2,13779,9,vacuum cleaning,1310.18
0.1,alpha0p1,108,2,subject108_client2,13780,9,vacuum cleaning,1311.46
0.1,alpha0p1,108,0,subject108_client0,13782,9,vacuum cleaning,1314.02
0.1,alpha0p1,108,0,subject108_client0,13783,9,vacuum cleaning,1315.3
0.1,alpha0p1,108,0,subject108_client0,13784,9,vacuum cleaning,1316.58
0.1,alpha0p1,108,0,subject108_client0,13785,9,vacuum cleaning,1317.86
0.1,alpha0p1,108,0,subject108_client0,13786,9,vacuum cleaning,1319.14
0.1,alpha0p1,108,0,subject108_client0,13787,9,vacuum cleaning,1320.42
0.1,alpha0p1,108,0,subject108_client0,13788,9,vacuum cleaning,1321.7
0.1,alpha0p1,108,0,subject108_client0,13789,9,vacuum cleaning,1322.98
0.1,alpha0p1,108,0,subject108_client0,13790,9,vacuum cleaning,1324.26
0.1,alpha0p1,108,0,subject108_client0,13791,9,vacuum cleaning,1325.54
0.1,alpha0p1,108,0,subject108_client0,13792,9,vacuum cleaning,1326.82
0.1,alpha0p1,108,0,subject108_client0,13793,9,vacuum cleaning,1328.1
0.1,alpha0p1,108,0,subject108_client0,13794,9,vacuum cleaning,1329.38
0.1,alpha0p1,108,0,subject108_client0,13795,9,vacuum cleaning,1330.66
0.1,alpha0p1,108,0,subject108_client0,13796,9,vacuum cleaning,1331.94
0.1,alpha0p1,108,0,subject108_client0,13797,9,vacuum cleaning,1333.22
0.1,alpha0p1,108,0,subject108_client0,13798,9,vacuum cleaning,1334.5
0.1,alpha0p1,108,0,subject108_client0,13799,9,vacuum cleaning,1335.78
0.1,alpha0p1,108,0,subject108_client0,13800,9,vacuum cleaning,1337.06
0.1,alpha0p1,108,0,subject108_client0,13801,9,vacuum cleaning,1338.34
0.1,alpha0p1,108,0,subject108_client0,13802,9,vacuum cleaning,1339.62
0.1,alpha0p1,108,0,subject108_client0,13803,9,vacuum cleaning,1340.9
0.1,alpha0p1,108,0,subject108_client0,13804,9,vacuum cleaning,1342.18
0.1,alpha0p1,108,0,subject108_client0,13805,9,vacuum cleaning,1343.46
0.1,alpha0p1,108,0,subject108_client0,13806,9,vacuum cleaning,1344.74
0.1,alpha0p1,108,0,subject108_client0,13807,9,vacuum cleaning,1346.02
0.1,alpha0p1,108,0,subject108_client0,13808,9,vacuum cleaning,1347.3
0.1,alpha0p1,108,0,subject108_client0,13809,9,vacuum cleaning,1348.58
0.1,alpha0p1,108,0,subject108_client0,13810,9,vacuum cleaning,1349.86
0.1,alpha0p1,108,0,subject108_client0,13811,9,vacuum cleaning,1351.14
0.1,alpha0p1,108,0,subject108_client0,13812,9,vacuum cleaning,1352.42
0.1,alpha0p1,108,0,subject108_client0,13813,9,vacuum cleaning,1353.7
0.1,alpha0p1,108,0,subject108_client0,13814,9,vacuum cleaning,1354.98
0.1,alpha0p1,108,0,subject108_client0,13815,9,vacuum cleaning,1356.26
0.1,alpha0p1,108,0,subject108_client0,13816,9,vacuum cleaning,1357.54
0.1,alpha0p1,108,0,subject108_client0,13817,9,vacuum cleaning,1358.82
0.1,alpha0p1,108,0,subject108_client0,13818,9,vacuum cleaning,1360.1
0.1,alpha0p1,108,0,subject108_client0,13819,9,vacuum cleaning,1361.38
0.1,alpha0p1,108,0,subject108_client0,13820,9,vacuum cleaning,1362.66
0.1,alpha0p1,108,0,subject108_client0,13821,9,vacuum cleaning,1363.94
0.1,alpha0p1,108,0,subject108_client0,13822,9,vacuum cleaning,1365.22
0.1,alpha0p1,108,0,subject108_client0,13823,9,vacuum cleaning,1366.5
0.1,alpha0p1,108,0,subject108_client0,13824,9,vacuum cleaning,1367.78
0.1,alpha0p1,108,0,subject108_client0,13825,9,vacuum cleaning,1369.06
0.1,alpha0p1,108,0,subject108_client0,13826,9,vacuum cleaning,1370.34
0.1,alpha0p1,108,0,subject108_client0,13827,9,vacuum cleaning,1371.62
0.1,alpha0p1,108,0,subject108_client0,13828,9,vacuum cleaning,1372.9
0.1,alpha0p1,108,0,subject108_client0,13829,9,vacuum cleaning,1374.18
0.1,alpha0p1,108,0,subject108_client0,13830,9,vacuum cleaning,1375.46
0.1,alpha0p1,108,0,subject108_client0,13831,9,vacuum cleaning,1376.74
0.1,alpha0p1,108,0,subject108_client0,13832,9,vacuum cleaning,1378.02
0.1,alpha0p1,108,0,subject108_client0,13833,9,vacuum cleaning,1379.3
0.1,alpha0p1,108,0,subject108_client0,13834,9,vacuum cleaning,1380.58
0.1,alpha0p1,108,0,subject108_client0,13835,9,vacuum cleaning,1381.86
0.1,alpha0p1,108,0,subject108_client0,13836,9,vacuum cleaning,1383.14
0.1,alpha0p1,108,0,subject108_client0,13837,9,vacuum cleaning,1384.42
0.1,alpha0p1,108,0,subject108_client0,13838,9,vacuum cleaning,1385.7
0.1,alpha0p1,108,0,subject108_client0,13839,9,vacuum cleaning,1386.98
0.1,alpha0p1,108,0,subject108_client0,13840,9,vacuum cleaning,1388.26
0.1,alpha0p1,108,0,subject108_client0,13841,9,vacuum cleaning,1389.54
0.1,alpha0p1,108,0,subject108_client0,13842,9,vacuum cleaning,1390.82
0.1,alpha0p1,108,0,subject108_client0,13843,9,vacuum cleaning,1392.1
0.1,alpha0p1,108,0,subject108_client0,13844,9,vacuum cleaning,1393.38
0.1,alpha0p1,108,0,subject108_client0,13845,9,vacuum cleaning,1394.66
0.1,alpha0p1,108,0,subject108_client0,13846,9,vacuum cleaning,1395.94
0.1,alpha0p1,108,0,subject108_client0,13847,9,vacuum cleaning,1397.22
0.1,alpha0p1,108,0,subject108_client0,13848,9,vacuum cleaning,1398.5
0.1,alpha0p1,108,0,subject108_client0,13849,9,vacuum cleaning,1399.78
0.1,alpha0p1,108,0,subject108_client0,13850,9,vacuum cleaning,1401.06
0.1,alpha0p1,108,0,subject108_client0,13851,9,vacuum cleaning,1402.34
0.1,alpha0p1,108,0,subject108_client0,13852,9,vacuum cleaning,1403.62
0.1,alpha0p1,108,0,subject108_client0,13853,9,vacuum cleaning,1404.9
0.1,alpha0p1,108,0,subject108_client0,13854,9,vacuum cleaning,1406.18
0.1,alpha0p1,108,0,subject108_client0,13855,9,vacuum cleaning,1407.46
0.1,alpha0p1,108,0,subject108_client0,13856,9,vacuum cleaning,1408.74
0.1,alpha0p1,108,0,subject108_client0,13857,9,vacuum cleaning,1410.02
0.1,alpha0p1,108,0,subject108_client0,13858,9,vacuum cleaning,1411.3
0.1,alpha0p1,108,0,subject108_client0,13859,9,vacuum cleaning,1412.58
0.1,alpha0p1,108,0,subject108_client0,13860,9,vacuum cleaning,1413.86
0.1,alpha0p1,108,0,subject108_client0,13861,9,vacuum cleaning,1415.14
0.1,alpha0p1,108,0,subject108_client0,13862,9,vacuum cleaning,1416.42
0.1,alpha0p1,108,0,subject108_client0,13863,9,vacuum cleaning,1417.7
0.1,alpha0p1,108,0,subject108_client0,13864,9,vacuum cleaning,1418.98
0.1,alpha0p1,108,0,subject108_client0,13865,9,vacuum cleaning,1420.26
0.1,alpha0p1,108,0,subject108_client0,13866,9,vacuum cleaning,1421.54
0.1,alpha0p1,108,0,subject108_client0,13867,9,vacuum cleaning,1422.82
0.1,alpha0p1,108,0,subject108_client0,13868,9,vacuum cleaning,1424.1
0.1,alpha0p1,108,0,subject108_client0,13869,9,vacuum cleaning,1425.38
0.1,alpha0p1,108,0,subject108_client0,13870,9,vacuum cleaning,1426.66
0.1,alpha0p1,108,0,subject108_client0,13871,9,vacuum cleaning,1427.94
0.1,alpha0p1,108,0,subject108_client0,13872,9,vacuum cleaning,1429.22
0.1,alpha0p1,108,0,subject108_client0,13873,9,vacuum cleaning,1430.5
0.1,alpha0p1,108,0,subject108_client0,13874,9,vacuum cleaning,1431.78
0.1,alpha0p1,108,0,subject108_client0,13875,9,vacuum cleaning,1433.06
0.1,alpha0p1,108,0,subject108_client0,13876,9,vacuum cleaning,1434.34
0.1,alpha0p1,108,0,subject108_client0,13877,9,vacuum cleaning,1435.62
0.1,alpha0p1,108,0,subject108_client0,13878,9,vacuum cleaning,1436.9
0.1,alpha0p1,108,0,subject108_client0,13879,9,vacuum cleaning,1438.18
0.1,alpha0p1,108,0,subject108_client0,13880,9,vacuum cleaning,1439.46
0.1,alpha0p1,108,0,subject108_client0,13881,9,vacuum cleaning,1440.74
0.1,alpha0p1,108,0,subject108_client0,13882,9,vacuum cleaning,1442.02
0.1,alpha0p1,108,0,subject108_client0,13883,9,vacuum cleaning,1443.3
0.1,alpha0p1,108,0,subject108_client0,13884,9,vacuum cleaning,1444.58
0.1,alpha0p1,108,0,subject108_client0,13885,9,vacuum cleaning,1445.86
0.1,alpha0p1,108,0,subject108_client0,13886,9,vacuum cleaning,1447.14
0.1,alpha0p1,108,0,subject108_client0,13887,9,vacuum cleaning,1448.42
0.1,alpha0p1,108,0,subject108_client0,13888,9,vacuum cleaning,1449.7
0.1,alpha0p1,108,0,subject108_client0,13889,9,vacuum cleaning,1450.98
0.1,alpha0p1,108,0,subject108_client0,13890,9,vacuum cleaning,1452.26
0.1,alpha0p1,108,0,subject108_client0,13891,9,vacuum cleaning,1453.54
0.1,alpha0p1,108,0,subject108_client0,13892,9,vacuum cleaning,1454.82
0.1,alpha0p1,108,0,subject108_client0,13893,9,vacuum cleaning,1456.1
0.1,alpha0p1,108,0,subject108_client0,13894,9,vacuum cleaning,1457.38
0.1,alpha0p1,108,0,subject108_client0,13895,9,vacuum cleaning,1458.66
0.1,alpha0p1,108,0,subject108_client0,13896,9,vacuum cleaning,1459.94
0.1,alpha0p1,108,0,subject108_client0,13897,9,vacuum cleaning,1461.22
0.1,alpha0p1,108,0,subject108_client0,13898,9,vacuum cleaning,1462.5
0.1,alpha0p1,108,0,subject108_client0,13899,9,vacuum cleaning,1463.78
0.1,alpha0p1,108,0,subject108_client0,13900,9,vacuum cleaning,1465.06
0.1,alpha0p1,108,0,subject108_client0,13901,9,vacuum cleaning,1466.34
0.1,alpha0p1,108,0,subject108_client0,13902,9,vacuum cleaning,1467.62
0.1,alpha0p1,108,0,subject108_client0,13903,9,vacuum cleaning,1468.9
0.1,alpha0p1,108,0,subject108_client0,13904,9,vacuum cleaning,1470.18
0.1,alpha0p1,108,0,subject108_client0,13905,9,vacuum cleaning,1471.46
0.1,alpha0p1,108,0,subject108_client0,13906,9,vacuum cleaning,1472.74
0.1,alpha0p1,108,0,subject108_client0,13907,9,vacuum cleaning,1474.02
0.1,alpha0p1,108,0,subject108_client0,13908,9,vacuum cleaning,1475.3
0.1,alpha0p1,108,0,subject108_client0,13909,9,vacuum cleaning,1476.58
0.1,alpha0p1,108,0,subject108_client0,13910,9,vacuum cleaning,1477.86
0.1,alpha0p1,108,0,subject108_client0,13911,9,vacuum cleaning,1479.14
0.1,alpha0p1,108,0,subject108_client0,13912,9,vacuum cleaning,1480.42
0.1,alpha0p1,108,0,subject108_client0,13913,9,vacuum cleaning,1481.7
0.1,alpha0p1,108,0,subject108_client0,13914,9,vacuum cleaning,1482.98
0.1,alpha0p1,108,0,subject108_client0,13915,9,vacuum cleaning,1484.26
0.1,alpha0p1,108,0,subject108_client0,13916,9,vacuum cleaning,1485.54
0.1,alpha0p1,108,0,subject108_client0,13917,9,vacuum cleaning,1486.82
0.1,alpha0p1,108,0,subject108_client0,13918,9,vacuum cleaning,1488.1
0.1,alpha0p1,108,0,subject108_client0,13919,9,vacuum cleaning,1489.38
0.1,alpha0p1,108,0,subject108_client0,13920,9,vacuum cleaning,1490.66
0.1,alpha0p1,108,0,subject108_client0,13921,9,vacuum cleaning,1491.94
0.1,alpha0p1,108,0,subject108_client0,13922,9,vacuum cleaning,1493.22
0.1,alpha0p1,108,0,subject108_client0,13923,9,vacuum cleaning,1494.5
0.1,alpha0p1,108,0,subject108_client0,13924,9,vacuum cleaning,1495.78
0.1,alpha0p1,108,0,subject108_client0,13925,9,vacuum cleaning,1497.06
0.1,alpha0p1,108,0,subject108_client0,13926,9,vacuum cleaning,1498.34
0.1,alpha0p1,108,0,subject108_client0,13927,9,vacuum cleaning,1499.62
0.1,alpha0p1,108,0,subject108_client0,13928,9,vacuum cleaning,1500.9
0.1,alpha0p1,108,0,subject108_client0,13929,9,vacuum cleaning,1502.18
0.1,alpha0p1,108,0,subject108_client0,13930,9,vacuum cleaning,1503.46
0.1,alpha0p1,108,0,subject108_client0,13931,9,vacuum cleaning,1504.74
0.1,alpha0p1,108,0,subject108_client0,13932,9,vacuum cleaning,1506.02
0.1,alpha0p1,108,0,subject108_client0,13933,9,vacuum cleaning,1507.3
0.1,alpha0p1,108,0,subject108_client0,13934,9,vacuum cleaning,1508.58
0.1,alpha0p1,108,0,subject108_client0,13935,9,vacuum cleaning,1509.86
0.1,alpha0p1,108,0,subject108_client0,13936,9,vacuum cleaning,1511.14
0.1,alpha0p1,108,0,subject108_client0,13937,9,vacuum cleaning,1512.42
0.1,alpha0p1,108,0,subject108_client0,13938,9,vacuum cleaning,1513.7
0.1,alpha0p1,108,0,subject108_client0,13939,9,vacuum cleaning,1514.98
0.1,alpha0p1,108,0,subject108_client0,13940,9,vacuum cleaning,1516.26
0.1,alpha0p1,108,0,subject108_client0,13941,9,vacuum cleaning,1517.54
0.1,alpha0p1,108,0,subject108_client0,13942,9,vacuum cleaning,1518.82
0.1,alpha0p1,108,0,subject108_client0,13943,9,vacuum cleaning,1520.1
0.1,alpha0p1,108,0,subject108_client0,13944,9,vacuum cleaning,1521.38
0.1,alpha0p1,108,0,subject108_client0,13945,9,vacuum cleaning,1522.66
0.1,alpha0p1,108,0,subject108_client0,13946,9,vacuum cleaning,1523.94
0.1,alpha0p1,108,0,subject108_client0,13947,9,vacuum cleaning,1525.22
0.1,alpha0p1,108,0,subject108_client0,13948,9,vacuum cleaning,1526.5
0.1,alpha0p1,108,3,subject108_client3,13949,7,ascending stairs,1663.44
0.1,alpha0p1,108,3,subject108_client3,13950,7,ascending stairs,1664.72
0.1,alpha0p1,108,3,subject108_client3,13951,7,ascending stairs,1666.0
0.1,alpha0p1,108,3,subject108_client3,13952,7,ascending stairs,1667.28
0.1,alpha0p1,108,3,subject108_client3,13953,7,ascending stairs,1668.56
0.1,alpha0p1,108,3,subject108_client3,13954,7,ascending stairs,1669.84
0.1,alpha0p1,108,3,subject108_client3,13955,7,ascending stairs,1671.12
0.1,alpha0p1,108,3,subject108_client3,13956,7,ascending stairs,1672.4
0.1,alpha0p1,108,3,subject108_client3,13957,7,ascending stairs,1673.68
0.1,alpha0p1,108,3,subject108_client3,13958,7,ascending stairs,1674.96
0.1,alpha0p1,108,3,subject108_client3,13959,7,ascending stairs,1676.24
0.1,alpha0p1,108,3,subject108_client3,13960,7,ascending stairs,1677.52
0.1,alpha0p1,108,3,subject108_client3,13961,7,ascending stairs,1678.8
0.1,alpha0p1,108,3,subject108_client3,13962,7,ascending stairs,1680.08
0.1,alpha0p1,108,3,subject108_client3,13963,7,ascending stairs,1681.36
0.1,alpha0p1,108,3,subject108_client3,13964,7,ascending stairs,1682.64
0.1,alpha0p1,108,3,subject108_client3,13965,7,ascending stairs,1683.92
0.1,alpha0p1,108,3,subject108_client3,13966,7,ascending stairs,1685.2
0.1,alpha0p1,108,3,subject108_client3,13967,7,ascending stairs,1686.48
0.1,alpha0p1,108,3,subject108_client3,13968,7,ascending stairs,1687.76
0.1,alpha0p1,108,3,subject108_client3,13969,7,ascending stairs,1689.04
0.1,alpha0p1,108,3,subject108_client3,13970,7,ascending stairs,1690.32
0.1,alpha0p1,108,3,subject108_client3,13971,7,ascending stairs,1691.6
0.1,alpha0p1,108,3,subject108_client3,13972,7,ascending stairs,1692.88
0.1,alpha0p1,108,3,subject108_client3,13973,7,ascending stairs,1694.16
0.1,alpha0p1,108,3,subject108_client3,13974,7,ascending stairs,1695.44
0.1,alpha0p1,108,3,subject108_client3,13975,7,ascending stairs,1696.72
0.1,alpha0p1,108,3,subject108_client3,13976,7,ascending stairs,1698.0
0.1,alpha0p1,108,3,subject108_client3,13977,7,ascending stairs,1699.28
0.1,alpha0p1,108,3,subject108_client3,13978,7,ascending stairs,1700.56
0.1,alpha0p1,108,3,subject108_client3,13979,7,ascending stairs,1701.84
0.1,alpha0p1,108,3,subject108_client3,13980,7,ascending stairs,1703.12
0.1,alpha0p1,108,3,subject108_client3,13981,7,ascending stairs,1704.4
0.1,alpha0p1,108,3,subject108_client3,13982,7,ascending stairs,1705.68
0.1,alpha0p1,108,3,subject108_client3,13983,7,ascending stairs,1706.96
0.1,alpha0p1,108,3,subject108_client3,13984,7,ascending stairs,1708.24
0.1,alpha0p1,108,3,subject108_client3,13985,7,ascending stairs,1709.52
0.1,alpha0p1,108,3,subject108_client3,13986,7,ascending stairs,1710.8
0.1,alpha0p1,108,3,subject108_client3,13987,7,ascending stairs,1712.08
0.1,alpha0p1,108,3,subject108_client3,13988,7,ascending stairs,1713.36
0.1,alpha0p1,108,3,subject108_client3,13989,7,ascending stairs,1714.64
0.1,alpha0p1,108,3,subject108_client3,13990,7,ascending stairs,1715.92
0.1,alpha0p1,108,3,subject108_client3,13991,7,ascending stairs,1717.2
0.1,alpha0p1,108,3,subject108_client3,13992,7,ascending stairs,1718.48
0.1,alpha0p1,108,3,subject108_client3,13993,7,ascending stairs,1719.76
0.1,alpha0p1,108,0,subject108_client0,13994,8,descending stairs,1815.34
0.1,alpha0p1,108,0,subject108_client0,13995,8,descending stairs,1816.62
0.1,alpha0p1,108,0,subject108_client0,13996,8,descending stairs,1817.9
0.1,alpha0p1,108,0,subject108_client0,13997,8,descending stairs,1819.18
0.1,alpha0p1,108,0,subject108_client0,13998,8,descending stairs,1820.46
0.1,alpha0p1,108,0,subject108_client0,13999,8,descending stairs,1821.74
0.1,alpha0p1,108,0,subject108_client0,14000,8,descending stairs,1823.02
0.1,alpha0p1,108,0,subject108_client0,14001,8,descending stairs,1824.3
0.1,alpha0p1,108,0,subject108_client0,14002,8,descending stairs,1825.58
0.1,alpha0p1,108,0,subject108_client0,14003,8,descending stairs,1826.86
0.1,alpha0p1,108,0,subject108_client0,14004,8,descending stairs,1828.14
0.1,alpha0p1,108,0,subject108_client0,14005,8,descending stairs,1829.42
0.1,alpha0p1,108,0,subject108_client0,14006,8,descending stairs,1830.7
0.1,alpha0p1,108,0,subject108_client0,14007,8,descending stairs,1831.98
0.1,alpha0p1,108,1,subject108_client1,14009,8,descending stairs,1834.54
0.1,alpha0p1,108,1,subject108_client1,14010,8,descending stairs,1835.82
0.1,alpha0p1,108,1,subject108_client1,14011,8,descending stairs,1837.1
0.1,alpha0p1,108,1,subject108_client1,14012,8,descending stairs,1838.38
0.1,alpha0p1,108,1,subject108_client1,14013,8,descending stairs,1839.66
0.1,alpha0p1,108,1,subject108_client1,14014,8,descending stairs,1840.94
0.1,alpha0p1,108,1,subject108_client1,14015,8,descending stairs,1842.22
0.1,alpha0p1,108,1,subject108_client1,14016,8,descending stairs,1843.5
0.1,alpha0p1,108,1,subject108_client1,14017,8,descending stairs,1844.78
0.1,alpha0p1,108,1,subject108_client1,14018,8,descending stairs,1846.06
0.1,alpha0p1,108,1,subject108_client1,14019,8,descending stairs,1847.34
0.1,alpha0p1,108,1,subject108_client1,14020,8,descending stairs,1848.62
0.1,alpha0p1,108,1,subject108_client1,14021,8,descending stairs,1849.9
0.1,alpha0p1,108,1,subject108_client1,14022,8,descending stairs,1851.18
0.1,alpha0p1,108,1,subject108_client1,14023,8,descending stairs,1852.46
0.1,alpha0p1,108,1,subject108_client1,14024,8,descending stairs,1853.74
0.1,alpha0p1,108,1,subject108_client1,14025,8,descending stairs,1855.02
0.1,alpha0p1,108,1,subject108_client1,14026,8,descending stairs,1856.3
0.1,alpha0p1,108,1,subject108_client1,14027,8,descending stairs,1857.58
0.1,alpha0p1,108,1,subject108_client1,14028,8,descending stairs,1858.86
0.1,alpha0p1,108,1,subject108_client1,14029,8,descending stairs,1860.14
0.1,alpha0p1,108,3,subject108_client3,14030,7,ascending stairs,1920.73
0.1,alpha0p1,108,3,subject108_client3,14031,7,ascending stairs,1922.01
0.1,alpha0p1,108,3,subject108_client3,14032,7,ascending stairs,1923.29
0.1,alpha0p1,108,3,subject108_client3,14033,7,ascending stairs,1924.57
0.1,alpha0p1,108,3,subject108_client3,14034,7,ascending stairs,1925.85
0.1,alpha0p1,108,3,subject108_client3,14035,7,ascending stairs,1927.13
0.1,alpha0p1,108,3,subject108_client3,14036,7,ascending stairs,1928.41
0.1,alpha0p1,108,3,subject108_client3,14037,7,ascending stairs,1929.69
0.1,alpha0p1,108,3,subject108_client3,14038,7,ascending stairs,1930.97
0.1,alpha0p1,108,3,subject108_client3,14039,7,ascending stairs,1932.25
0.1,alpha0p1,108,3,subject108_client3,14040,7,ascending stairs,1933.53
0.1,alpha0p1,108,3,subject108_client3,14041,7,ascending stairs,1934.81
0.1,alpha0p1,108,3,subject108_client3,14042,7,ascending stairs,1936.09
0.1,alpha0p1,108,3,subject108_client3,14043,7,ascending stairs,1937.37
0.1,alpha0p1,108,3,subject108_client3,14044,7,ascending stairs,1938.65
0.1,alpha0p1,108,3,subject108_client3,14045,7,ascending stairs,1939.93
0.1,alpha0p1,108,3,subject108_client3,14046,7,ascending stairs,1941.21
0.1,alpha0p1,108,3,subject108_client3,14047,7,ascending stairs,1942.49
0.1,alpha0p1,108,3,subject108_client3,14048,7,ascending stairs,1943.77
0.1,alpha0p1,108,3,subject108_client3,14049,7,ascending stairs,1945.05
0.1,alpha0p1,108,3,subject108_client3,14050,7,ascending stairs,1946.33
0.1,alpha0p1,108,3,subject108_client3,14051,7,ascending stairs,1947.61
0.1,alpha0p1,108,3,subject108_client3,14052,7,ascending stairs,1948.89
0.1,alpha0p1,108,3,subject108_client3,14053,7,ascending stairs,1950.17
0.1,alpha0p1,108,3,subject108_client3,14054,7,ascending stairs,1951.45
0.1,alpha0p1,108,3,subject108_client3,14055,7,ascending stairs,1952.73
0.1,alpha0p1,108,3,subject108_client3,14056,7,ascending stairs,1954.01
0.1,alpha0p1,108,3,subject108_client3,14057,7,ascending stairs,1955.29
0.1,alpha0p1,108,3,subject108_client3,14058,7,ascending stairs,1956.57
0.1,alpha0p1,108,3,subject108_client3,14059,7,ascending stairs,1957.85
0.1,alpha0p1,108,3,subject108_client3,14060,7,ascending stairs,1959.13
0.1,alpha0p1,108,3,subject108_client3,14061,7,ascending stairs,1960.41
0.1,alpha0p1,108,3,subject108_client3,14062,7,ascending stairs,1961.69
0.1,alpha0p1,108,3,subject108_client3,14063,7,ascending stairs,1962.97
0.1,alpha0p1,108,3,subject108_client3,14064,7,ascending stairs,1964.25
0.1,alpha0p1,108,3,subject108_client3,14065,7,ascending stairs,1965.53
0.1,alpha0p1,108,3,subject108_client3,14066,7,ascending stairs,1966.81
0.1,alpha0p1,108,3,subject108_client3,14067,7,ascending stairs,1968.09
0.1,alpha0p1,108,3,subject108_client3,14068,7,ascending stairs,1969.37
0.1,alpha0p1,108,2,subject108_client2,14070,7,ascending stairs,1971.93
0.1,alpha0p1,108,2,subject108_client2,14071,7,ascending stairs,1973.21
0.1,alpha0p1,108,2,subject108_client2,14072,7,ascending stairs,1974.49
0.1,alpha0p1,108,2,subject108_client2,14073,7,ascending stairs,1975.77
0.1,alpha0p1,108,1,subject108_client1,14074,8,descending stairs,1978.55
0.1,alpha0p1,108,1,subject108_client1,14075,8,descending stairs,1979.83
0.1,alpha0p1,108,1,subject108_client1,14076,8,descending stairs,1981.11
0.1,alpha0p1,108,1,subject108_client1,14077,8,descending stairs,1982.39
0.1,alpha0p1,108,1,subject108_client1,14078,8,descending stairs,1983.67
0.1,alpha0p1,108,1,subject108_client1,14079,8,descending stairs,1984.95
0.1,alpha0p1,108,1,subject108_client1,14080,8,descending stairs,1986.23
0.1,alpha0p1,108,1,subject108_client1,14081,8,descending stairs,1987.51
0.1,alpha0p1,108,1,subject108_client1,14082,8,descending stairs,1988.79
0.1,alpha0p1,108,1,subject108_client1,14083,8,descending stairs,1990.07
0.1,alpha0p1,108,1,subject108_client1,14084,8,descending stairs,1991.35
0.1,alpha0p1,108,1,subject108_client1,14085,8,descending stairs,1992.63
0.1,alpha0p1,108,1,subject108_client1,14086,8,descending stairs,1993.91
0.1,alpha0p1,108,1,subject108_client1,14087,8,descending stairs,1995.19
0.1,alpha0p1,108,1,subject108_client1,14088,8,descending stairs,1996.47
0.1,alpha0p1,108,1,subject108_client1,14089,8,descending stairs,1997.75
0.1,alpha0p1,108,1,subject108_client1,14090,8,descending stairs,1999.03
0.1,alpha0p1,108,1,subject108_client1,14091,8,descending stairs,2000.31
0.1,alpha0p1,108,1,subject108_client1,14092,8,descending stairs,2001.59
0.1,alpha0p1,108,1,subject108_client1,14093,8,descending stairs,2002.87
0.1,alpha0p1,108,1,subject108_client1,14094,8,descending stairs,2004.15
0.1,alpha0p1,108,1,subject108_client1,14095,8,descending stairs,2005.43
0.1,alpha0p1,108,1,subject108_client1,14096,8,descending stairs,2006.71
0.1,alpha0p1,108,1,subject108_client1,14097,8,descending stairs,2007.99
0.1,alpha0p1,108,1,subject108_client1,14098,8,descending stairs,2009.27
0.1,alpha0p1,108,1,subject108_client1,14099,8,descending stairs,2010.55
0.1,alpha0p1,108,1,subject108_client1,14100,8,descending stairs,2011.83
0.1,alpha0p1,108,1,subject108_client1,14101,8,descending stairs,2013.11
0.1,alpha0p1,108,1,subject108_client1,14102,8,descending stairs,2014.39
0.1,alpha0p1,108,1,subject108_client1,14103,8,descending stairs,2015.67
0.1,alpha0p1,108,2,subject108_client2,14105,8,descending stairs,2018.23
0.1,alpha0p1,108,2,subject108_client2,14106,8,descending stairs,2019.51
0.1,alpha0p1,108,2,subject108_client2,14107,8,descending stairs,2020.79
0.1,alpha0p1,108,2,subject108_client2,14108,8,descending stairs,2022.07
0.1,alpha0p1,108,2,subject108_client2,14109,8,descending stairs,2023.35
0.1,alpha0p1,108,3,subject108_client3,14110,3,walking,2254.78
0.1,alpha0p1,108,3,subject108_client3,14111,3,walking,2256.06
0.1,alpha0p1,108,3,subject108_client3,14112,3,walking,2257.34
0.1,alpha0p1,108,3,subject108_client3,14113,3,walking,2258.62
0.1,alpha0p1,108,3,subject108_client3,14114,3,walking,2259.9
0.1,alpha0p1,108,3,subject108_client3,14115,3,walking,2261.18
0.1,alpha0p1,108,3,subject108_client3,14116,3,walking,2262.46
0.1,alpha0p1,108,3,subject108_client3,14117,3,walking,2263.74
0.1,alpha0p1,108,3,subject108_client3,14118,3,walking,2265.02
0.1,alpha0p1,108,3,subject108_client3,14119,3,walking,2266.3
0.1,alpha0p1,108,3,subject108_client3,14120,3,walking,2267.58
0.1,alpha0p1,108,3,subject108_client3,14121,3,walking,2268.86
0.1,alpha0p1,108,3,subject108_client3,14122,3,walking,2270.14
0.1,alpha0p1,108,3,subject108_client3,14123,3,walking,2271.42
0.1,alpha0p1,108,3,subject108_client3,14124,3,walking,2272.7
0.1,alpha0p1,108,3,subject108_client3,14125,3,walking,2273.98
0.1,alpha0p1,108,3,subject108_client3,14126,3,walking,2275.26
0.1,alpha0p1,108,3,subject108_client3,14127,3,walking,2276.54
0.1,alpha0p1,108,3,subject108_client3,14128,3,walking,2277.82
0.1,alpha0p1,108,3,subject108_client3,14129,3,walking,2279.1
0.1,alpha0p1,108,3,subject108_client3,14130,3,walking,2280.38
0.1,alpha0p1,108,3,subject108_client3,14131,3,walking,2281.66
0.1,alpha0p1,108,3,subject108_client3,14132,3,walking,2282.94
0.1,alpha0p1,108,3,subject108_client3,14133,3,walking,2284.22
0.1,alpha0p1,108,3,subject108_client3,14134,3,walking,2285.5
0.1,alpha0p1,108,3,subject108_client3,14135,3,walking,2286.78
0.1,alpha0p1,108,3,subject108_client3,14136,3,walking,2288.06
0.1,alpha0p1,108,3,subject108_client3,14137,3,walking,2289.34
0.1,alpha0p1,108,3,subject108_client3,14138,3,walking,2290.62
0.1,alpha0p1,108,3,subject108_client3,14139,3,walking,2291.9
0.1,alpha0p1,108,3,subject108_client3,14140,3,walking,2293.18
0.1,alpha0p1,108,3,subject108_client3,14141,3,walking,2294.46
0.1,alpha0p1,108,3,subject108_client3,14142,3,walking,2295.74
0.1,alpha0p1,108,3,subject108_client3,14143,3,walking,2297.02
0.1,alpha0p1,108,3,subject108_client3,14144,3,walking,2298.3
0.1,alpha0p1,108,3,subject108_client3,14145,3,walking,2299.58
0.1,alpha0p1,108,3,subject108_client3,14146,3,walking,2300.86
0.1,alpha0p1,108,3,subject108_client3,14147,3,walking,2302.14
0.1,alpha0p1,108,3,subject108_client3,14148,3,walking,2303.42
0.1,alpha0p1,108,3,subject108_client3,14149,3,walking,2304.7
0.1,alpha0p1,108,3,subject108_client3,14150,3,walking,2305.98
0.1,alpha0p1,108,3,subject108_client3,14151,3,walking,2307.26
0.1,alpha0p1,108,3,subject108_client3,14152,3,walking,2308.54
0.1,alpha0p1,108,3,subject108_client3,14153,3,walking,2309.82
0.1,alpha0p1,108,3,subject108_client3,14154,3,walking,2311.1
0.1,alpha0p1,108,3,subject108_client3,14155,3,walking,2312.38
0.1,alpha0p1,108,3,subject108_client3,14156,3,walking,2313.66
0.1,alpha0p1,108,3,subject108_client3,14157,3,walking,2314.94
0.1,alpha0p1,108,3,subject108_client3,14158,3,walking,2316.22
0.1,alpha0p1,108,3,subject108_client3,14159,3,walking,2317.5
0.1,alpha0p1,108,3,subject108_client3,14160,3,walking,2318.78
0.1,alpha0p1,108,3,subject108_client3,14161,3,walking,2320.06
0.1,alpha0p1,108,3,subject108_client3,14162,3,walking,2321.34
0.1,alpha0p1,108,3,subject108_client3,14163,3,walking,2322.62
0.1,alpha0p1,108,3,subject108_client3,14164,3,walking,2323.9
0.1,alpha0p1,108,3,subject108_client3,14165,3,walking,2325.18
0.1,alpha0p1,108,3,subject108_client3,14166,3,walking,2326.46
0.1,alpha0p1,108,3,subject108_client3,14167,3,walking,2327.74
0.1,alpha0p1,108,3,subject108_client3,14168,3,walking,2329.02
0.1,alpha0p1,108,3,subject108_client3,14169,3,walking,2330.3
0.1,alpha0p1,108,3,subject108_client3,14170,3,walking,2331.58
0.1,alpha0p1,108,3,subject108_client3,14171,3,walking,2332.86
0.1,alpha0p1,108,3,subject108_client3,14172,3,walking,2334.14
0.1,alpha0p1,108,3,subject108_client3,14173,3,walking,2335.42
0.1,alpha0p1,108,3,subject108_client3,14174,3,walking,2336.7
0.1,alpha0p1,108,3,subject108_client3,14175,3,walking,2337.98
0.1,alpha0p1,108,3,subject108_client3,14176,3,walking,2339.26
0.1,alpha0p1,108,3,subject108_client3,14177,3,walking,2340.54
0.1,alpha0p1,108,3,subject108_client3,14178,3,walking,2341.82
0.1,alpha0p1,108,3,subject108_client3,14179,3,walking,2343.1
0.1,alpha0p1,108,3,subject108_client3,14180,3,walking,2344.38
0.1,alpha0p1,108,3,subject108_client3,14181,3,walking,2345.66
0.1,alpha0p1,108,3,subject108_client3,14182,3,walking,2346.94
0.1,alpha0p1,108,3,subject108_client3,14183,3,walking,2348.22
0.1,alpha0p1,108,3,subject108_client3,14184,3,walking,2349.5
0.1,alpha0p1,108,3,subject108_client3,14185,3,walking,2350.78
0.1,alpha0p1,108,3,subject108_client3,14186,3,walking,2352.06
0.1,alpha0p1,108,3,subject108_client3,14187,3,walking,2353.34
0.1,alpha0p1,108,3,subject108_client3,14188,3,walking,2354.62
0.1,alpha0p1,108,3,subject108_client3,14189,3,walking,2355.9
0.1,alpha0p1,108,3,subject108_client3,14190,3,walking,2357.18
0.1,alpha0p1,108,3,subject108_client3,14191,3,walking,2358.46
0.1,alpha0p1,108,3,subject108_client3,14192,3,walking,2359.74
0.1,alpha0p1,108,3,subject108_client3,14193,3,walking,2361.02
0.1,alpha0p1,108,3,subject108_client3,14194,3,walking,2362.3
0.1,alpha0p1,108,3,subject108_client3,14195,3,walking,2363.58
0.1,alpha0p1,108,3,subject108_client3,14196,3,walking,2364.86
0.1,alpha0p1,108,3,subject108_client3,14197,3,walking,2366.14
0.1,alpha0p1,108,3,subject108_client3,14198,3,walking,2367.42
0.1,alpha0p1,108,3,subject108_client3,14199,3,walking,2368.7
0.1,alpha0p1,108,3,subject108_client3,14200,3,walking,2369.98
0.1,alpha0p1,108,3,subject108_client3,14201,3,walking,2371.26
0.1,alpha0p1,108,3,subject108_client3,14202,3,walking,2372.54
0.1,alpha0p1,108,3,subject108_client3,14203,3,walking,2373.82
0.1,alpha0p1,108,3,subject108_client3,14204,3,walking,2375.1
0.1,alpha0p1,108,3,subject108_client3,14205,3,walking,2376.38
0.1,alpha0p1,108,3,subject108_client3,14206,3,walking,2377.66
0.1,alpha0p1,108,3,subject108_client3,14207,3,walking,2378.94
0.1,alpha0p1,108,3,subject108_client3,14208,3,walking,2380.22
0.1,alpha0p1,108,3,subject108_client3,14209,3,walking,2381.5
0.1,alpha0p1,108,3,subject108_client3,14210,3,walking,2382.78
0.1,alpha0p1,108,3,subject108_client3,14211,3,walking,2384.06
0.1,alpha0p1,108,3,subject108_client3,14212,3,walking,2385.34
0.1,alpha0p1,108,3,subject108_client3,14213,3,walking,2386.62
0.1,alpha0p1,108,3,subject108_client3,14214,3,walking,2387.9
0.1,alpha0p1,108,3,subject108_client3,14215,3,walking,2389.18
0.1,alpha0p1,108,3,subject108_client3,14216,3,walking,2390.46
0.1,alpha0p1,108,3,subject108_client3,14217,3,walking,2391.74
0.1,alpha0p1,108,3,subject108_client3,14218,3,walking,2393.02
0.1,alpha0p1,108,3,subject108_client3,14219,3,walking,2394.3
0.1,alpha0p1,108,3,subject108_client3,14220,3,walking,2395.58
0.1,alpha0p1,108,3,subject108_client3,14221,3,walking,2396.86
0.1,alpha0p1,108,3,subject108_client3,14222,3,walking,2398.14
0.1,alpha0p1,108,3,subject108_client3,14223,3,walking,2399.42
0.1,alpha0p1,108,3,subject108_client3,14224,3,walking,2400.7
0.1,alpha0p1,108,3,subject108_client3,14225,3,walking,2401.98
0.1,alpha0p1,108,3,subject108_client3,14226,3,walking,2403.26
0.1,alpha0p1,108,3,subject108_client3,14227,3,walking,2404.54
0.1,alpha0p1,108,3,subject108_client3,14228,3,walking,2405.82
0.1,alpha0p1,108,3,subject108_client3,14229,3,walking,2407.1
0.1,alpha0p1,108,3,subject108_client3,14230,3,walking,2408.38
0.1,alpha0p1,108,3,subject108_client3,14231,3,walking,2409.66
0.1,alpha0p1,108,3,subject108_client3,14232,3,walking,2410.94
0.1,alpha0p1,108,3,subject108_client3,14233,3,walking,2412.22
0.1,alpha0p1,108,3,subject108_client3,14234,3,walking,2413.5
0.1,alpha0p1,108,3,subject108_client3,14235,3,walking,2414.78
0.1,alpha0p1,108,3,subject108_client3,14236,3,walking,2416.06
0.1,alpha0p1,108,3,subject108_client3,14237,3,walking,2417.34
0.1,alpha0p1,108,3,subject108_client3,14238,3,walking,2418.62
0.1,alpha0p1,108,3,subject108_client3,14239,3,walking,2419.9
0.1,alpha0p1,108,3,subject108_client3,14240,3,walking,2421.18
0.1,alpha0p1,108,3,subject108_client3,14241,3,walking,2422.46
0.1,alpha0p1,108,3,subject108_client3,14242,3,walking,2423.74
0.1,alpha0p1,108,3,subject108_client3,14243,3,walking,2425.02
0.1,alpha0p1,108,3,subject108_client3,14244,3,walking,2426.3
0.1,alpha0p1,108,3,subject108_client3,14245,3,walking,2427.58
0.1,alpha0p1,108,3,subject108_client3,14246,3,walking,2428.86
0.1,alpha0p1,108,3,subject108_client3,14247,3,walking,2430.14
0.1,alpha0p1,108,3,subject108_client3,14248,3,walking,2431.42
0.1,alpha0p1,108,3,subject108_client3,14249,3,walking,2432.7
0.1,alpha0p1,108,3,subject108_client3,14250,3,walking,2433.98
0.1,alpha0p1,108,3,subject108_client3,14251,3,walking,2435.26
0.1,alpha0p1,108,3,subject108_client3,14252,3,walking,2436.54
0.1,alpha0p1,108,3,subject108_client3,14253,3,walking,2437.82
0.1,alpha0p1,108,3,subject108_client3,14254,3,walking,2439.1
0.1,alpha0p1,108,3,subject108_client3,14255,3,walking,2440.38
0.1,alpha0p1,108,3,subject108_client3,14256,3,walking,2441.66
0.1,alpha0p1,108,3,subject108_client3,14257,3,walking,2442.94
0.1,alpha0p1,108,3,subject108_client3,14258,3,walking,2444.22
0.1,alpha0p1,108,3,subject108_client3,14259,3,walking,2445.5
0.1,alpha0p1,108,3,subject108_client3,14260,3,walking,2446.78
0.1,alpha0p1,108,3,subject108_client3,14261,3,walking,2448.06
0.1,alpha0p1,108,3,subject108_client3,14262,3,walking,2449.34
0.1,alpha0p1,108,3,subject108_client3,14263,3,walking,2450.62
0.1,alpha0p1,108,3,subject108_client3,14264,3,walking,2451.9
0.1,alpha0p1,108,3,subject108_client3,14265,3,walking,2453.18
0.1,alpha0p1,108,3,subject108_client3,14266,3,walking,2454.46
0.1,alpha0p1,108,3,subject108_client3,14267,3,walking,2455.74
0.1,alpha0p1,108,3,subject108_client3,14268,3,walking,2457.02
0.1,alpha0p1,108,3,subject108_client3,14269,3,walking,2458.3
0.1,alpha0p1,108,3,subject108_client3,14270,3,walking,2459.58
0.1,alpha0p1,108,3,subject108_client3,14271,3,walking,2460.86
0.1,alpha0p1,108,3,subject108_client3,14272,3,walking,2462.14
0.1,alpha0p1,108,3,subject108_client3,14273,3,walking,2463.42
0.1,alpha0p1,108,3,subject108_client3,14274,3,walking,2464.7
0.1,alpha0p1,108,3,subject108_client3,14275,3,walking,2465.98
0.1,alpha0p1,108,3,subject108_client3,14276,3,walking,2467.26
0.1,alpha0p1,108,3,subject108_client3,14277,3,walking,2468.54
0.1,alpha0p1,108,3,subject108_client3,14278,3,walking,2469.82
0.1,alpha0p1,108,3,subject108_client3,14279,3,walking,2471.1
0.1,alpha0p1,108,3,subject108_client3,14280,3,walking,2472.38
0.1,alpha0p1,108,3,subject108_client3,14281,3,walking,2473.66
0.1,alpha0p1,108,3,subject108_client3,14282,3,walking,2474.94
0.1,alpha0p1,108,3,subject108_client3,14283,3,walking,2476.22
0.1,alpha0p1,108,3,subject108_client3,14284,3,walking,2477.5
0.1,alpha0p1,108,3,subject108_client3,14285,3,walking,2478.78
0.1,alpha0p1,108,3,subject108_client3,14286,3,walking,2480.06
0.1,alpha0p1,108,3,subject108_client3,14287,3,walking,2481.34
0.1,alpha0p1,108,3,subject108_client3,14288,3,walking,2482.62
0.1,alpha0p1,108,3,subject108_client3,14289,3,walking,2483.9
0.1,alpha0p1,108,3,subject108_client3,14290,3,walking,2485.18
0.1,alpha0p1,108,3,subject108_client3,14291,3,walking,2486.46
0.1,alpha0p1,108,3,subject108_client3,14292,3,walking,2487.74
0.1,alpha0p1,108,3,subject108_client3,14293,3,walking,2489.02
0.1,alpha0p1,108,3,subject108_client3,14294,3,walking,2490.3
0.1,alpha0p1,108,3,subject108_client3,14295,3,walking,2491.58
0.1,alpha0p1,108,3,subject108_client3,14296,3,walking,2492.86
0.1,alpha0p1,108,3,subject108_client3,14297,3,walking,2494.14
0.1,alpha0p1,108,3,subject108_client3,14298,3,walking,2495.42
0.1,alpha0p1,108,3,subject108_client3,14299,3,walking,2496.7
0.1,alpha0p1,108,3,subject108_client3,14300,3,walking,2497.98
0.1,alpha0p1,108,3,subject108_client3,14301,3,walking,2499.26
0.1,alpha0p1,108,3,subject108_client3,14302,3,walking,2500.54
0.1,alpha0p1,108,3,subject108_client3,14303,3,walking,2501.82
0.1,alpha0p1,108,3,subject108_client3,14304,3,walking,2503.1
0.1,alpha0p1,108,3,subject108_client3,14305,3,walking,2504.38
0.1,alpha0p1,108,3,subject108_client3,14306,3,walking,2505.66
0.1,alpha0p1,108,3,subject108_client3,14307,3,walking,2506.94
0.1,alpha0p1,108,0,subject108_client0,14309,3,walking,2509.5
0.1,alpha0p1,108,0,subject108_client0,14310,3,walking,2510.78
0.1,alpha0p1,108,0,subject108_client0,14311,3,walking,2512.06
0.1,alpha0p1,108,0,subject108_client0,14312,3,walking,2513.34
0.1,alpha0p1,108,0,subject108_client0,14313,3,walking,2514.62
0.1,alpha0p1,108,0,subject108_client0,14314,3,walking,2515.9
0.1,alpha0p1,108,0,subject108_client0,14315,3,walking,2517.18
0.1,alpha0p1,108,0,subject108_client0,14316,3,walking,2518.46
0.1,alpha0p1,108,0,subject108_client0,14317,3,walking,2519.74
0.1,alpha0p1,108,0,subject108_client0,14318,3,walking,2521.02
0.1,alpha0p1,108,0,subject108_client0,14319,3,walking,2522.3
0.1,alpha0p1,108,0,subject108_client0,14320,3,walking,2523.58
0.1,alpha0p1,108,0,subject108_client0,14321,3,walking,2524.86
0.1,alpha0p1,108,0,subject108_client0,14322,3,walking,2526.14
0.1,alpha0p1,108,0,subject108_client0,14323,3,walking,2527.42
0.1,alpha0p1,108,0,subject108_client0,14324,3,walking,2528.7
0.1,alpha0p1,108,0,subject108_client0,14325,3,walking,2529.98
0.1,alpha0p1,108,0,subject108_client0,14326,3,walking,2531.26
0.1,alpha0p1,108,0,subject108_client0,14327,3,walking,2532.54
0.1,alpha0p1,108,0,subject108_client0,14328,3,walking,2533.82
0.1,alpha0p1,108,0,subject108_client0,14329,3,walking,2535.1
0.1,alpha0p1,108,0,subject108_client0,14330,3,walking,2536.38
0.1,alpha0p1,108,0,subject108_client0,14331,3,walking,2537.66
0.1,alpha0p1,108,0,subject108_client0,14332,3,walking,2538.94
0.1,alpha0p1,108,0,subject108_client0,14333,3,walking,2540.22
0.1,alpha0p1,108,0,subject108_client0,14334,3,walking,2541.5
0.1,alpha0p1,108,0,subject108_client0,14335,3,walking,2542.78
0.1,alpha0p1,108,0,subject108_client0,14336,3,walking,2544.06
0.1,alpha0p1,108,0,subject108_client0,14337,3,walking,2545.34
0.1,alpha0p1,108,0,subject108_client0,14338,3,walking,2546.62
0.1,alpha0p1,108,0,subject108_client0,14339,3,walking,2547.9
0.1,alpha0p1,108,0,subject108_client0,14340,3,walking,2549.18
0.1,alpha0p1,108,0,subject108_client0,14341,3,walking,2550.46
0.1,alpha0p1,108,0,subject108_client0,14342,3,walking,2551.74
0.1,alpha0p1,108,0,subject108_client0,14343,3,walking,2553.02
0.1,alpha0p1,108,0,subject108_client0,14344,3,walking,2554.3
0.1,alpha0p1,108,0,subject108_client0,14345,3,walking,2555.58
0.1,alpha0p1,108,0,subject108_client0,14346,3,walking,2556.86
0.1,alpha0p1,108,0,subject108_client0,14347,3,walking,2558.14
0.1,alpha0p1,108,0,subject108_client0,14348,3,walking,2559.42
0.1,alpha0p1,108,0,subject108_client0,14349,3,walking,2560.7
0.1,alpha0p1,108,0,subject108_client0,14350,3,walking,2561.98
0.1,alpha0p1,108,0,subject108_client0,14351,3,walking,2563.26
0.1,alpha0p1,108,0,subject108_client0,14352,3,walking,2564.54
0.1,alpha0p1,108,0,subject108_client0,14353,3,walking,2565.82
0.1,alpha0p1,108,0,subject108_client0,14354,3,walking,2567.1
0.1,alpha0p1,108,0,subject108_client0,14355,5,cycling,2800.09
0.1,alpha0p1,108,0,subject108_client0,14356,5,cycling,2801.37
0.1,alpha0p1,108,0,subject108_client0,14357,5,cycling,2802.65
0.1,alpha0p1,108,0,subject108_client0,14358,5,cycling,2803.93
0.1,alpha0p1,108,0,subject108_client0,14359,5,cycling,2805.21
0.1,alpha0p1,108,0,subject108_client0,14360,5,cycling,2806.49
0.1,alpha0p1,108,0,subject108_client0,14361,5,cycling,2807.77
0.1,alpha0p1,108,0,subject108_client0,14362,5,cycling,2809.05
0.1,alpha0p1,108,0,subject108_client0,14363,5,cycling,2810.33
0.1,alpha0p1,108,0,subject108_client0,14364,5,cycling,2811.61
0.1,alpha0p1,108,0,subject108_client0,14365,5,cycling,2812.89
0.1,alpha0p1,108,0,subject108_client0,14366,5,cycling,2814.17
0.1,alpha0p1,108,0,subject108_client0,14367,5,cycling,2815.45
0.1,alpha0p1,108,0,subject108_client0,14368,5,cycling,2816.73
0.1,alpha0p1,108,0,subject108_client0,14369,5,cycling,2818.01
0.1,alpha0p1,108,0,subject108_client0,14370,5,cycling,2819.29
0.1,alpha0p1,108,0,subject108_client0,14371,5,cycling,2820.57
0.1,alpha0p1,108,0,subject108_client0,14372,5,cycling,2821.85
0.1,alpha0p1,108,0,subject108_client0,14373,5,cycling,2823.13
0.1,alpha0p1,108,0,subject108_client0,14374,5,cycling,2824.41
0.1,alpha0p1,108,0,subject108_client0,14375,5,cycling,2825.69
0.1,alpha0p1,108,0,subject108_client0,14376,5,cycling,2826.97
0.1,alpha0p1,108,0,subject108_client0,14377,5,cycling,2828.25
0.1,alpha0p1,108,0,subject108_client0,14378,5,cycling,2829.53
0.1,alpha0p1,108,0,subject108_client0,14379,5,cycling,2830.81
0.1,alpha0p1,108,0,subject108_client0,14380,5,cycling,2832.09
0.1,alpha0p1,108,0,subject108_client0,14381,5,cycling,2833.37
0.1,alpha0p1,108,0,subject108_client0,14382,5,cycling,2834.65
0.1,alpha0p1,108,0,subject108_client0,14383,5,cycling,2835.93
0.1,alpha0p1,108,0,subject108_client0,14384,5,cycling,2837.21
0.1,alpha0p1,108,0,subject108_client0,14385,5,cycling,2838.49
0.1,alpha0p1,108,0,subject108_client0,14386,5,cycling,2839.77
0.1,alpha0p1,108,0,subject108_client0,14387,5,cycling,2841.05
0.1,alpha0p1,108,0,subject108_client0,14388,5,cycling,2842.33
0.1,alpha0p1,108,0,subject108_client0,14389,5,cycling,2843.61
0.1,alpha0p1,108,0,subject108_client0,14390,5,cycling,2844.89
0.1,alpha0p1,108,0,subject108_client0,14391,5,cycling,2846.17
0.1,alpha0p1,108,0,subject108_client0,14392,5,cycling,2847.45
0.1,alpha0p1,108,0,subject108_client0,14393,5,cycling,2848.73
0.1,alpha0p1,108,0,subject108_client0,14394,5,cycling,2850.01
0.1,alpha0p1,108,0,subject108_client0,14395,5,cycling,2851.29
0.1,alpha0p1,108,0,subject108_client0,14396,5,cycling,2852.57
0.1,alpha0p1,108,0,subject108_client0,14397,5,cycling,2853.85
0.1,alpha0p1,108,0,subject108_client0,14398,5,cycling,2855.13
0.1,alpha0p1,108,0,subject108_client0,14399,5,cycling,2856.41
0.1,alpha0p1,108,0,subject108_client0,14400,5,cycling,2857.69
0.1,alpha0p1,108,0,subject108_client0,14401,5,cycling,2858.97
0.1,alpha0p1,108,0,subject108_client0,14402,5,cycling,2860.25
0.1,alpha0p1,108,0,subject108_client0,14403,5,cycling,2861.53
0.1,alpha0p1,108,0,subject108_client0,14404,5,cycling,2862.81
0.1,alpha0p1,108,0,subject108_client0,14405,5,cycling,2864.09
0.1,alpha0p1,108,0,subject108_client0,14406,5,cycling,2865.37
0.1,alpha0p1,108,0,subject108_client0,14407,5,cycling,2866.65
0.1,alpha0p1,108,0,subject108_client0,14408,5,cycling,2867.93
0.1,alpha0p1,108,0,subject108_client0,14409,5,cycling,2869.21
0.1,alpha0p1,108,0,subject108_client0,14410,5,cycling,2870.49
0.1,alpha0p1,108,0,subject108_client0,14411,5,cycling,2871.77
0.1,alpha0p1,108,0,subject108_client0,14412,5,cycling,2873.05
0.1,alpha0p1,108,0,subject108_client0,14413,5,cycling,2874.33
0.1,alpha0p1,108,0,subject108_client0,14414,5,cycling,2875.61
0.1,alpha0p1,108,0,subject108_client0,14415,5,cycling,2876.89
0.1,alpha0p1,108,0,subject108_client0,14416,5,cycling,2878.17
0.1,alpha0p1,108,0,subject108_client0,14417,5,cycling,2879.45
0.1,alpha0p1,108,0,subject108_client0,14418,5,cycling,2880.73
0.1,alpha0p1,108,0,subject108_client0,14419,5,cycling,2882.01
0.1,alpha0p1,108,0,subject108_client0,14420,5,cycling,2883.29
0.1,alpha0p1,108,0,subject108_client0,14421,5,cycling,2884.57
0.1,alpha0p1,108,0,subject108_client0,14422,5,cycling,2885.85
0.1,alpha0p1,108,0,subject108_client0,14423,5,cycling,2887.13
0.1,alpha0p1,108,0,subject108_client0,14424,5,cycling,2888.41
0.1,alpha0p1,108,0,subject108_client0,14425,5,cycling,2889.69
0.1,alpha0p1,108,0,subject108_client0,14426,5,cycling,2890.97
0.1,alpha0p1,108,0,subject108_client0,14427,5,cycling,2892.25
0.1,alpha0p1,108,0,subject108_client0,14428,5,cycling,2893.53
0.1,alpha0p1,108,0,subject108_client0,14429,5,cycling,2894.81
0.1,alpha0p1,108,0,subject108_client0,14430,5,cycling,2896.09
0.1,alpha0p1,108,0,subject108_client0,14431,5,cycling,2897.37
0.1,alpha0p1,108,0,subject108_client0,14432,5,cycling,2898.65
0.1,alpha0p1,108,0,subject108_client0,14433,5,cycling,2899.93
0.1,alpha0p1,108,0,subject108_client0,14434,5,cycling,2901.21
0.1,alpha0p1,108,0,subject108_client0,14435,5,cycling,2902.49
0.1,alpha0p1,108,0,subject108_client0,14436,5,cycling,2903.77
0.1,alpha0p1,108,0,subject108_client0,14437,5,cycling,2905.05
0.1,alpha0p1,108,0,subject108_client0,14438,5,cycling,2906.33
0.1,alpha0p1,108,0,subject108_client0,14439,5,cycling,2907.61
0.1,alpha0p1,108,0,subject108_client0,14440,5,cycling,2908.89
0.1,alpha0p1,108,0,subject108_client0,14441,5,cycling,2910.17
0.1,alpha0p1,108,0,subject108_client0,14442,5,cycling,2911.45
0.1,alpha0p1,108,0,subject108_client0,14443,5,cycling,2912.73
0.1,alpha0p1,108,0,subject108_client0,14444,5,cycling,2914.01
0.1,alpha0p1,108,0,subject108_client0,14445,5,cycling,2915.29
0.1,alpha0p1,108,0,subject108_client0,14446,5,cycling,2916.57
0.1,alpha0p1,108,0,subject108_client0,14447,5,cycling,2917.85
0.1,alpha0p1,108,0,subject108_client0,14448,5,cycling,2919.13
0.1,alpha0p1,108,0,subject108_client0,14449,5,cycling,2920.41
0.1,alpha0p1,108,0,subject108_client0,14450,5,cycling,2921.69
0.1,alpha0p1,108,0,subject108_client0,14451,5,cycling,2922.97
0.1,alpha0p1,108,0,subject108_client0,14452,5,cycling,2924.25
0.1,alpha0p1,108,0,subject108_client0,14453,5,cycling,2925.53
0.1,alpha0p1,108,0,subject108_client0,14454,5,cycling,2926.81
0.1,alpha0p1,108,0,subject108_client0,14455,5,cycling,2928.09
0.1,alpha0p1,108,0,subject108_client0,14456,5,cycling,2929.37
0.1,alpha0p1,108,0,subject108_client0,14457,5,cycling,2930.65
0.1,alpha0p1,108,0,subject108_client0,14458,5,cycling,2931.93
0.1,alpha0p1,108,0,subject108_client0,14459,5,cycling,2933.21
0.1,alpha0p1,108,0,subject108_client0,14460,5,cycling,2934.49
0.1,alpha0p1,108,0,subject108_client0,14461,5,cycling,2935.77
0.1,alpha0p1,108,0,subject108_client0,14462,5,cycling,2937.05
0.1,alpha0p1,108,0,subject108_client0,14463,5,cycling,2938.33
0.1,alpha0p1,108,0,subject108_client0,14464,5,cycling,2939.61
0.1,alpha0p1,108,0,subject108_client0,14465,5,cycling,2940.89
0.1,alpha0p1,108,0,subject108_client0,14466,5,cycling,2942.17
0.1,alpha0p1,108,0,subject108_client0,14467,5,cycling,2943.45
0.1,alpha0p1,108,0,subject108_client0,14468,5,cycling,2944.73
0.1,alpha0p1,108,0,subject108_client0,14469,5,cycling,2946.01
0.1,alpha0p1,108,0,subject108_client0,14470,5,cycling,2947.29
0.1,alpha0p1,108,0,subject108_client0,14471,5,cycling,2948.57
0.1,alpha0p1,108,0,subject108_client0,14472,5,cycling,2949.85
0.1,alpha0p1,108,0,subject108_client0,14473,5,cycling,2951.13
0.1,alpha0p1,108,0,subject108_client0,14474,5,cycling,2952.41
0.1,alpha0p1,108,0,subject108_client0,14475,5,cycling,2953.69
0.1,alpha0p1,108,0,subject108_client0,14476,5,cycling,2954.97
0.1,alpha0p1,108,0,subject108_client0,14477,5,cycling,2956.25
0.1,alpha0p1,108,0,subject108_client0,14478,5,cycling,2957.53
0.1,alpha0p1,108,0,subject108_client0,14479,5,cycling,2958.81
0.1,alpha0p1,108,0,subject108_client0,14480,5,cycling,2960.09
0.1,alpha0p1,108,0,subject108_client0,14481,5,cycling,2961.37
0.1,alpha0p1,108,0,subject108_client0,14482,5,cycling,2962.65
0.1,alpha0p1,108,0,subject108_client0,14483,5,cycling,2963.93
0.1,alpha0p1,108,0,subject108_client0,14484,5,cycling,2965.21
0.1,alpha0p1,108,0,subject108_client0,14485,5,cycling,2966.49
0.1,alpha0p1,108,0,subject108_client0,14486,5,cycling,2967.77
0.1,alpha0p1,108,0,subject108_client0,14487,5,cycling,2969.05
0.1,alpha0p1,108,0,subject108_client0,14488,5,cycling,2970.33
0.1,alpha0p1,108,0,subject108_client0,14489,5,cycling,2971.61
0.1,alpha0p1,108,0,subject108_client0,14490,5,cycling,2972.89
0.1,alpha0p1,108,0,subject108_client0,14491,5,cycling,2974.17
0.1,alpha0p1,108,0,subject108_client0,14492,5,cycling,2975.45
0.1,alpha0p1,108,0,subject108_client0,14493,5,cycling,2976.73
0.1,alpha0p1,108,0,subject108_client0,14494,5,cycling,2978.01
0.1,alpha0p1,108,0,subject108_client0,14495,5,cycling,2979.29
0.1,alpha0p1,108,0,subject108_client0,14496,5,cycling,2980.57
0.1,alpha0p1,108,0,subject108_client0,14497,5,cycling,2981.85
0.1,alpha0p1,108,0,subject108_client0,14498,5,cycling,2983.13
0.1,alpha0p1,108,0,subject108_client0,14499,5,cycling,2984.41
0.1,alpha0p1,108,0,subject108_client0,14500,5,cycling,2985.69
0.1,alpha0p1,108,0,subject108_client0,14501,5,cycling,2986.97
0.1,alpha0p1,108,0,subject108_client0,14502,5,cycling,2988.25
0.1,alpha0p1,108,0,subject108_client0,14503,5,cycling,2989.53
0.1,alpha0p1,108,0,subject108_client0,14504,5,cycling,2990.81
0.1,alpha0p1,108,0,subject108_client0,14505,5,cycling,2992.09
0.1,alpha0p1,108,0,subject108_client0,14506,5,cycling,2993.37
0.1,alpha0p1,108,0,subject108_client0,14507,5,cycling,2994.65
0.1,alpha0p1,108,0,subject108_client0,14508,5,cycling,2995.93
0.1,alpha0p1,108,0,subject108_client0,14509,5,cycling,2997.21
0.1,alpha0p1,108,0,subject108_client0,14510,5,cycling,2998.49
0.1,alpha0p1,108,0,subject108_client0,14511,5,cycling,2999.77
0.1,alpha0p1,108,0,subject108_client0,14512,5,cycling,3001.05
0.1,alpha0p1,108,0,subject108_client0,14513,5,cycling,3002.33
0.1,alpha0p1,108,0,subject108_client0,14514,5,cycling,3003.61
0.1,alpha0p1,108,0,subject108_client0,14515,5,cycling,3004.89
0.1,alpha0p1,108,0,subject108_client0,14516,5,cycling,3006.17
0.1,alpha0p1,108,0,subject108_client0,14517,5,cycling,3007.45
0.1,alpha0p1,108,0,subject108_client0,14518,5,cycling,3008.73
0.1,alpha0p1,108,0,subject108_client0,14519,5,cycling,3010.01
0.1,alpha0p1,108,0,subject108_client0,14520,5,cycling,3011.29
0.1,alpha0p1,108,0,subject108_client0,14521,5,cycling,3012.57
0.1,alpha0p1,108,0,subject108_client0,14522,5,cycling,3013.85
0.1,alpha0p1,108,0,subject108_client0,14523,5,cycling,3015.13
0.1,alpha0p1,108,0,subject108_client0,14524,5,cycling,3016.41
0.1,alpha0p1,108,0,subject108_client0,14525,5,cycling,3017.69
0.1,alpha0p1,108,0,subject108_client0,14526,5,cycling,3018.97
0.1,alpha0p1,108,0,subject108_client0,14527,5,cycling,3020.25
0.1,alpha0p1,108,0,subject108_client0,14528,5,cycling,3021.53
0.1,alpha0p1,108,0,subject108_client0,14529,5,cycling,3022.81
0.1,alpha0p1,108,0,subject108_client0,14530,5,cycling,3024.09
0.1,alpha0p1,108,0,subject108_client0,14531,5,cycling,3025.37
0.1,alpha0p1,108,0,subject108_client0,14532,5,cycling,3026.65
0.1,alpha0p1,108,0,subject108_client0,14533,5,cycling,3027.93
0.1,alpha0p1,108,0,subject108_client0,14534,5,cycling,3029.21
0.1,alpha0p1,108,0,subject108_client0,14535,5,cycling,3030.49
0.1,alpha0p1,108,0,subject108_client0,14536,5,cycling,3031.77
0.1,alpha0p1,108,0,subject108_client0,14537,5,cycling,3033.05
0.1,alpha0p1,108,0,subject108_client0,14538,5,cycling,3034.33
0.1,alpha0p1,108,0,subject108_client0,14539,5,cycling,3035.61
0.1,alpha0p1,108,0,subject108_client0,14540,5,cycling,3036.89
0.1,alpha0p1,108,0,subject108_client0,14541,5,cycling,3038.17
0.1,alpha0p1,108,0,subject108_client0,14542,5,cycling,3039.45
0.1,alpha0p1,108,0,subject108_client0,14543,5,cycling,3040.73
0.1,alpha0p1,108,0,subject108_client0,14544,5,cycling,3042.01
0.1,alpha0p1,108,0,subject108_client0,14545,5,cycling,3043.29
0.1,alpha0p1,108,0,subject108_client0,14546,5,cycling,3044.57
0.1,alpha0p1,108,0,subject108_client0,14547,5,cycling,3045.85
0.1,alpha0p1,108,0,subject108_client0,14548,5,cycling,3047.13
0.1,alpha0p1,108,0,subject108_client0,14549,5,cycling,3048.41
0.1,alpha0p1,108,0,subject108_client0,14550,5,cycling,3049.69
0.1,alpha0p1,108,0,subject108_client0,14551,5,cycling,3050.97
0.1,alpha0p1,108,0,subject108_client0,14552,5,cycling,3052.25
0.1,alpha0p1,108,3,subject108_client3,14553,6,Nordic walking,3120.24
0.1,alpha0p1,108,3,subject108_client3,14554,6,Nordic walking,3121.52
0.1,alpha0p1,108,3,subject108_client3,14555,6,Nordic walking,3122.8
0.1,alpha0p1,108,3,subject108_client3,14556,6,Nordic walking,3124.08
0.1,alpha0p1,108,3,subject108_client3,14557,6,Nordic walking,3125.36
0.1,alpha0p1,108,3,subject108_client3,14558,6,Nordic walking,3126.64
0.1,alpha0p1,108,3,subject108_client3,14559,6,Nordic walking,3127.92
0.1,alpha0p1,108,3,subject108_client3,14560,6,Nordic walking,3129.2
0.1,alpha0p1,108,3,subject108_client3,14561,6,Nordic walking,3130.48
0.1,alpha0p1,108,3,subject108_client3,14562,6,Nordic walking,3131.76
0.1,alpha0p1,108,3,subject108_client3,14563,6,Nordic walking,3133.04
0.1,alpha0p1,108,3,subject108_client3,14564,6,Nordic walking,3134.32
0.1,alpha0p1,108,3,subject108_client3,14565,6,Nordic walking,3135.6
0.1,alpha0p1,108,3,subject108_client3,14566,6,Nordic walking,3136.88
0.1,alpha0p1,108,3,subject108_client3,14567,6,Nordic walking,3138.16
0.1,alpha0p1,108,3,subject108_client3,14568,6,Nordic walking,3139.44
0.1,alpha0p1,108,3,subject108_client3,14569,6,Nordic walking,3140.72
0.1,alpha0p1,108,3,subject108_client3,14570,6,Nordic walking,3142.0
0.1,alpha0p1,108,3,subject108_client3,14571,6,Nordic walking,3143.28
0.1,alpha0p1,108,3,subject108_client3,14572,6,Nordic walking,3144.56
0.1,alpha0p1,108,3,subject108_client3,14573,6,Nordic walking,3145.84
0.1,alpha0p1,108,3,subject108_client3,14574,6,Nordic walking,3147.12
0.1,alpha0p1,108,3,subject108_client3,14575,6,Nordic walking,3148.4
0.1,alpha0p1,108,3,subject108_client3,14576,6,Nordic walking,3149.68
0.1,alpha0p1,108,3,subject108_client3,14577,6,Nordic walking,3150.96
0.1,alpha0p1,108,3,subject108_client3,14578,6,Nordic walking,3152.24
0.1,alpha0p1,108,3,subject108_client3,14579,6,Nordic walking,3153.52
0.1,alpha0p1,108,3,subject108_client3,14580,6,Nordic walking,3154.8
0.1,alpha0p1,108,3,subject108_client3,14581,6,Nordic walking,3156.08
0.1,alpha0p1,108,3,subject108_client3,14582,6,Nordic walking,3157.36
0.1,alpha0p1,108,3,subject108_client3,14583,6,Nordic walking,3158.64
0.1,alpha0p1,108,3,subject108_client3,14584,6,Nordic walking,3159.92
0.1,alpha0p1,108,3,subject108_client3,14585,6,Nordic walking,3161.2
0.1,alpha0p1,108,3,subject108_client3,14586,6,Nordic walking,3162.48
0.1,alpha0p1,108,3,subject108_client3,14587,6,Nordic walking,3163.76
0.1,alpha0p1,108,3,subject108_client3,14588,6,Nordic walking,3165.04
0.1,alpha0p1,108,3,subject108_client3,14589,6,Nordic walking,3166.32
0.1,alpha0p1,108,3,subject108_client3,14590,6,Nordic walking,3167.6
0.1,alpha0p1,108,3,subject108_client3,14591,6,Nordic walking,3168.88
0.1,alpha0p1,108,3,subject108_client3,14592,6,Nordic walking,3170.16
0.1,alpha0p1,108,3,subject108_client3,14593,6,Nordic walking,3171.44
0.1,alpha0p1,108,3,subject108_client3,14594,6,Nordic walking,3172.72
0.1,alpha0p1,108,3,subject108_client3,14595,6,Nordic walking,3174.0
0.1,alpha0p1,108,3,subject108_client3,14596,6,Nordic walking,3175.28
0.1,alpha0p1,108,3,subject108_client3,14597,6,Nordic walking,3176.56
0.1,alpha0p1,108,3,subject108_client3,14598,6,Nordic walking,3177.84
0.1,alpha0p1,108,3,subject108_client3,14599,6,Nordic walking,3179.12
0.1,alpha0p1,108,3,subject108_client3,14600,6,Nordic walking,3180.4
0.1,alpha0p1,108,3,subject108_client3,14601,6,Nordic walking,3181.68
0.1,alpha0p1,108,3,subject108_client3,14602,6,Nordic walking,3182.96
0.1,alpha0p1,108,3,subject108_client3,14603,6,Nordic walking,3184.24
0.1,alpha0p1,108,3,subject108_client3,14604,6,Nordic walking,3185.52
0.1,alpha0p1,108,3,subject108_client3,14605,6,Nordic walking,3186.8
0.1,alpha0p1,108,3,subject108_client3,14606,6,Nordic walking,3188.08
0.1,alpha0p1,108,3,subject108_client3,14607,6,Nordic walking,3189.36
0.1,alpha0p1,108,3,subject108_client3,14608,6,Nordic walking,3190.64
0.1,alpha0p1,108,3,subject108_client3,14609,6,Nordic walking,3191.92
0.1,alpha0p1,108,3,subject108_client3,14610,6,Nordic walking,3193.2
0.1,alpha0p1,108,3,subject108_client3,14611,6,Nordic walking,3194.48
0.1,alpha0p1,108,3,subject108_client3,14612,6,Nordic walking,3195.76
0.1,alpha0p1,108,3,subject108_client3,14613,6,Nordic walking,3197.04
0.1,alpha0p1,108,3,subject108_client3,14614,6,Nordic walking,3198.32
0.1,alpha0p1,108,3,subject108_client3,14615,6,Nordic walking,3199.6
0.1,alpha0p1,108,3,subject108_client3,14616,6,Nordic walking,3200.88
0.1,alpha0p1,108,3,subject108_client3,14617,6,Nordic walking,3202.16
0.1,alpha0p1,108,3,subject108_client3,14618,6,Nordic walking,3203.44
0.1,alpha0p1,108,3,subject108_client3,14619,6,Nordic walking,3204.72
0.1,alpha0p1,108,3,subject108_client3,14620,6,Nordic walking,3206.0
0.1,alpha0p1,108,3,subject108_client3,14621,6,Nordic walking,3207.28
0.1,alpha0p1,108,3,subject108_client3,14622,6,Nordic walking,3208.56
0.1,alpha0p1,108,3,subject108_client3,14623,6,Nordic walking,3209.84
0.1,alpha0p1,108,3,subject108_client3,14624,6,Nordic walking,3211.12
0.1,alpha0p1,108,3,subject108_client3,14625,6,Nordic walking,3212.4
0.1,alpha0p1,108,3,subject108_client3,14626,6,Nordic walking,3213.68
0.1,alpha0p1,108,3,subject108_client3,14627,6,Nordic walking,3214.96
0.1,alpha0p1,108,3,subject108_client3,14628,6,Nordic walking,3216.24
0.1,alpha0p1,108,3,subject108_client3,14629,6,Nordic walking,3217.52
0.1,alpha0p1,108,3,subject108_client3,14630,6,Nordic walking,3218.8
0.1,alpha0p1,108,3,subject108_client3,14631,6,Nordic walking,3220.08
0.1,alpha0p1,108,3,subject108_client3,14632,6,Nordic walking,3221.36
0.1,alpha0p1,108,3,subject108_client3,14633,6,Nordic walking,3222.64
0.1,alpha0p1,108,3,subject108_client3,14634,6,Nordic walking,3223.92
0.1,alpha0p1,108,3,subject108_client3,14635,6,Nordic walking,3225.2
0.1,alpha0p1,108,3,subject108_client3,14636,6,Nordic walking,3226.48
0.1,alpha0p1,108,3,subject108_client3,14637,6,Nordic walking,3227.76
0.1,alpha0p1,108,3,subject108_client3,14638,6,Nordic walking,3229.04
0.1,alpha0p1,108,3,subject108_client3,14639,6,Nordic walking,3230.32
0.1,alpha0p1,108,3,subject108_client3,14640,6,Nordic walking,3231.6
0.1,alpha0p1,108,3,subject108_client3,14641,6,Nordic walking,3232.88
0.1,alpha0p1,108,3,subject108_client3,14642,6,Nordic walking,3234.16
0.1,alpha0p1,108,3,subject108_client3,14643,6,Nordic walking,3235.44
0.1,alpha0p1,108,3,subject108_client3,14644,6,Nordic walking,3236.72
0.1,alpha0p1,108,3,subject108_client3,14645,6,Nordic walking,3238.0
0.1,alpha0p1,108,3,subject108_client3,14646,6,Nordic walking,3239.28
0.1,alpha0p1,108,3,subject108_client3,14647,6,Nordic walking,3240.56
0.1,alpha0p1,108,3,subject108_client3,14648,6,Nordic walking,3241.84
0.1,alpha0p1,108,3,subject108_client3,14649,6,Nordic walking,3243.12
0.1,alpha0p1,108,3,subject108_client3,14650,6,Nordic walking,3244.4
0.1,alpha0p1,108,3,subject108_client3,14651,6,Nordic walking,3245.68
0.1,alpha0p1,108,3,subject108_client3,14652,6,Nordic walking,3246.96
0.1,alpha0p1,108,3,subject108_client3,14653,6,Nordic walking,3248.24
0.1,alpha0p1,108,3,subject108_client3,14654,6,Nordic walking,3249.52
0.1,alpha0p1,108,3,subject108_client3,14655,6,Nordic walking,3250.8
0.1,alpha0p1,108,3,subject108_client3,14656,6,Nordic walking,3252.08
0.1,alpha0p1,108,3,subject108_client3,14657,6,Nordic walking,3253.36
0.1,alpha0p1,108,3,subject108_client3,14658,6,Nordic walking,3254.64
0.1,alpha0p1,108,3,subject108_client3,14659,6,Nordic walking,3255.92
0.1,alpha0p1,108,3,subject108_client3,14660,6,Nordic walking,3257.2
0.1,alpha0p1,108,3,subject108_client3,14661,6,Nordic walking,3258.48
0.1,alpha0p1,108,3,subject108_client3,14662,6,Nordic walking,3259.76
0.1,alpha0p1,108,3,subject108_client3,14663,6,Nordic walking,3261.04
0.1,alpha0p1,108,3,subject108_client3,14664,6,Nordic walking,3262.32
0.1,alpha0p1,108,3,subject108_client3,14665,6,Nordic walking,3263.6
0.1,alpha0p1,108,3,subject108_client3,14666,6,Nordic walking,3264.88
0.1,alpha0p1,108,3,subject108_client3,14667,6,Nordic walking,3266.16
0.1,alpha0p1,108,3,subject108_client3,14668,6,Nordic walking,3267.44
0.1,alpha0p1,108,3,subject108_client3,14669,6,Nordic walking,3268.72
0.1,alpha0p1,108,3,subject108_client3,14670,6,Nordic walking,3270.0
0.1,alpha0p1,108,3,subject108_client3,14671,6,Nordic walking,3271.28
0.1,alpha0p1,108,3,subject108_client3,14672,6,Nordic walking,3272.56
0.1,alpha0p1,108,3,subject108_client3,14673,6,Nordic walking,3273.84
0.1,alpha0p1,108,3,subject108_client3,14674,6,Nordic walking,3275.12
0.1,alpha0p1,108,3,subject108_client3,14675,6,Nordic walking,3276.4
0.1,alpha0p1,108,3,subject108_client3,14676,6,Nordic walking,3277.68
0.1,alpha0p1,108,3,subject108_client3,14677,6,Nordic walking,3278.96
0.1,alpha0p1,108,3,subject108_client3,14678,6,Nordic walking,3280.24
0.1,alpha0p1,108,3,subject108_client3,14679,6,Nordic walking,3281.52
0.1,alpha0p1,108,3,subject108_client3,14680,6,Nordic walking,3282.8
0.1,alpha0p1,108,3,subject108_client3,14681,6,Nordic walking,3284.08
0.1,alpha0p1,108,3,subject108_client3,14682,6,Nordic walking,3285.36
0.1,alpha0p1,108,3,subject108_client3,14683,6,Nordic walking,3286.64
0.1,alpha0p1,108,3,subject108_client3,14684,6,Nordic walking,3287.92
0.1,alpha0p1,108,3,subject108_client3,14685,6,Nordic walking,3289.2
0.1,alpha0p1,108,3,subject108_client3,14686,6,Nordic walking,3290.48
0.1,alpha0p1,108,3,subject108_client3,14687,6,Nordic walking,3291.76
0.1,alpha0p1,108,3,subject108_client3,14688,6,Nordic walking,3293.04
0.1,alpha0p1,108,3,subject108_client3,14689,6,Nordic walking,3294.32
0.1,alpha0p1,108,3,subject108_client3,14690,6,Nordic walking,3295.6
0.1,alpha0p1,108,3,subject108_client3,14691,6,Nordic walking,3296.88
0.1,alpha0p1,108,3,subject108_client3,14692,6,Nordic walking,3298.16
0.1,alpha0p1,108,3,subject108_client3,14693,6,Nordic walking,3299.44
0.1,alpha0p1,108,3,subject108_client3,14694,6,Nordic walking,3300.72
0.1,alpha0p1,108,3,subject108_client3,14695,6,Nordic walking,3302.0
0.1,alpha0p1,108,3,subject108_client3,14696,6,Nordic walking,3303.28
0.1,alpha0p1,108,3,subject108_client3,14697,6,Nordic walking,3304.56
0.1,alpha0p1,108,3,subject108_client3,14698,6,Nordic walking,3305.84
0.1,alpha0p1,108,3,subject108_client3,14699,6,Nordic walking,3307.12
0.1,alpha0p1,108,3,subject108_client3,14700,6,Nordic walking,3308.4
0.1,alpha0p1,108,3,subject108_client3,14701,6,Nordic walking,3309.68
0.1,alpha0p1,108,3,subject108_client3,14702,6,Nordic walking,3310.96
0.1,alpha0p1,108,3,subject108_client3,14703,6,Nordic walking,3312.24
0.1,alpha0p1,108,3,subject108_client3,14704,6,Nordic walking,3313.52
0.1,alpha0p1,108,3,subject108_client3,14705,6,Nordic walking,3314.8
0.1,alpha0p1,108,3,subject108_client3,14706,6,Nordic walking,3316.08
0.1,alpha0p1,108,3,subject108_client3,14707,6,Nordic walking,3317.36
0.1,alpha0p1,108,3,subject108_client3,14708,6,Nordic walking,3318.64
0.1,alpha0p1,108,3,subject108_client3,14709,6,Nordic walking,3319.92
0.1,alpha0p1,108,3,subject108_client3,14710,6,Nordic walking,3321.2
0.1,alpha0p1,108,3,subject108_client3,14711,6,Nordic walking,3322.48
0.1,alpha0p1,108,3,subject108_client3,14712,6,Nordic walking,3323.76
0.1,alpha0p1,108,3,subject108_client3,14713,6,Nordic walking,3325.04
0.1,alpha0p1,108,3,subject108_client3,14714,6,Nordic walking,3326.32
0.1,alpha0p1,108,3,subject108_client3,14715,6,Nordic walking,3327.6
0.1,alpha0p1,108,3,subject108_client3,14716,6,Nordic walking,3328.88
0.1,alpha0p1,108,3,subject108_client3,14717,6,Nordic walking,3330.16
0.1,alpha0p1,108,3,subject108_client3,14718,6,Nordic walking,3331.44
0.1,alpha0p1,108,3,subject108_client3,14719,6,Nordic walking,3332.72
0.1,alpha0p1,108,3,subject108_client3,14720,6,Nordic walking,3334.0
0.1,alpha0p1,108,3,subject108_client3,14721,6,Nordic walking,3335.28
0.1,alpha0p1,108,3,subject108_client3,14722,6,Nordic walking,3336.56
0.1,alpha0p1,108,3,subject108_client3,14723,6,Nordic walking,3337.84
0.1,alpha0p1,108,3,subject108_client3,14724,6,Nordic walking,3339.12
0.1,alpha0p1,108,3,subject108_client3,14725,6,Nordic walking,3340.4
0.1,alpha0p1,108,3,subject108_client3,14726,6,Nordic walking,3341.68
0.1,alpha0p1,108,3,subject108_client3,14727,6,Nordic walking,3342.96
0.1,alpha0p1,108,3,subject108_client3,14728,6,Nordic walking,3344.24
0.1,alpha0p1,108,3,subject108_client3,14729,6,Nordic walking,3345.52
0.1,alpha0p1,108,3,subject108_client3,14730,6,Nordic walking,3346.8
0.1,alpha0p1,108,3,subject108_client3,14731,6,Nordic walking,3348.08
0.1,alpha0p1,108,3,subject108_client3,14732,6,Nordic walking,3349.36
0.1,alpha0p1,108,3,subject108_client3,14733,6,Nordic walking,3350.64
0.1,alpha0p1,108,3,subject108_client3,14734,6,Nordic walking,3351.92
0.1,alpha0p1,108,3,subject108_client3,14735,6,Nordic walking,3353.2
0.1,alpha0p1,108,3,subject108_client3,14736,6,Nordic walking,3354.48
0.1,alpha0p1,108,3,subject108_client3,14737,6,Nordic walking,3355.76
0.1,alpha0p1,108,3,subject108_client3,14738,6,Nordic walking,3357.04
0.1,alpha0p1,108,3,subject108_client3,14739,6,Nordic walking,3358.32
0.1,alpha0p1,108,3,subject108_client3,14740,6,Nordic walking,3359.6
0.1,alpha0p1,108,3,subject108_client3,14741,6,Nordic walking,3360.88
0.1,alpha0p1,108,3,subject108_client3,14742,6,Nordic walking,3362.16
0.1,alpha0p1,108,3,subject108_client3,14743,6,Nordic walking,3363.44
0.1,alpha0p1,108,3,subject108_client3,14744,6,Nordic walking,3364.72
0.1,alpha0p1,108,3,subject108_client3,14745,6,Nordic walking,3366.0
0.1,alpha0p1,108,3,subject108_client3,14746,6,Nordic walking,3367.28
0.1,alpha0p1,108,3,subject108_client3,14747,6,Nordic walking,3368.56
0.1,alpha0p1,108,3,subject108_client3,14748,6,Nordic walking,3369.84
0.1,alpha0p1,108,3,subject108_client3,14749,6,Nordic walking,3371.12
0.1,alpha0p1,108,3,subject108_client3,14750,6,Nordic walking,3372.4
0.1,alpha0p1,108,3,subject108_client3,14751,6,Nordic walking,3373.68
0.1,alpha0p1,108,3,subject108_client3,14752,6,Nordic walking,3374.96
0.1,alpha0p1,108,3,subject108_client3,14753,6,Nordic walking,3376.24
0.1,alpha0p1,108,3,subject108_client3,14754,6,Nordic walking,3377.52
0.1,alpha0p1,108,2,subject108_client2,14756,6,Nordic walking,3380.08
0.1,alpha0p1,108,2,subject108_client2,14757,6,Nordic walking,3381.36
0.1,alpha0p1,108,2,subject108_client2,14758,6,Nordic walking,3382.64
0.1,alpha0p1,108,2,subject108_client2,14759,6,Nordic walking,3383.92
0.1,alpha0p1,108,2,subject108_client2,14760,6,Nordic walking,3385.2
0.1,alpha0p1,108,2,subject108_client2,14761,6,Nordic walking,3386.48
0.1,alpha0p1,108,2,subject108_client2,14762,6,Nordic walking,3387.76
0.1,alpha0p1,108,2,subject108_client2,14763,6,Nordic walking,3389.04
0.1,alpha0p1,108,2,subject108_client2,14764,6,Nordic walking,3390.32
0.1,alpha0p1,108,2,subject108_client2,14765,6,Nordic walking,3391.6
0.1,alpha0p1,108,2,subject108_client2,14766,6,Nordic walking,3392.88
0.1,alpha0p1,108,2,subject108_client2,14767,6,Nordic walking,3394.16
0.1,alpha0p1,108,2,subject108_client2,14768,6,Nordic walking,3395.44
0.1,alpha0p1,108,2,subject108_client2,14769,6,Nordic walking,3396.72
0.1,alpha0p1,108,2,subject108_client2,14770,6,Nordic walking,3398.0
0.1,alpha0p1,108,2,subject108_client2,14771,6,Nordic walking,3399.28
0.1,alpha0p1,108,2,subject108_client2,14772,6,Nordic walking,3400.56
0.1,alpha0p1,108,2,subject108_client2,14773,6,Nordic walking,3401.84
0.1,alpha0p1,108,2,subject108_client2,14774,6,Nordic walking,3403.12
0.1,alpha0p1,108,2,subject108_client2,14775,6,Nordic walking,3404.4
0.1,alpha0p1,108,1,subject108_client1,14777,4,running,3464.8
0.1,alpha0p1,108,1,subject108_client1,14778,4,running,3466.08
0.1,alpha0p1,108,1,subject108_client1,14779,4,running,3467.36
0.1,alpha0p1,108,1,subject108_client1,14780,4,running,3468.64
0.1,alpha0p1,108,1,subject108_client1,14781,4,running,3469.92
0.1,alpha0p1,108,1,subject108_client1,14782,4,running,3471.2
0.1,alpha0p1,108,1,subject108_client1,14783,4,running,3472.48
0.1,alpha0p1,108,1,subject108_client1,14784,4,running,3473.76
0.1,alpha0p1,108,1,subject108_client1,14785,4,running,3475.04
0.1,alpha0p1,108,1,subject108_client1,14786,4,running,3476.32
0.1,alpha0p1,108,1,subject108_client1,14787,4,running,3477.6
0.1,alpha0p1,108,1,subject108_client1,14788,4,running,3478.88
0.1,alpha0p1,108,1,subject108_client1,14789,4,running,3480.16
0.1,alpha0p1,108,1,subject108_client1,14790,4,running,3481.44
0.1,alpha0p1,108,1,subject108_client1,14791,4,running,3482.72
0.1,alpha0p1,108,1,subject108_client1,14792,4,running,3484.0
0.1,alpha0p1,108,1,subject108_client1,14793,4,running,3485.28
0.1,alpha0p1,108,1,subject108_client1,14794,4,running,3486.56
0.1,alpha0p1,108,1,subject108_client1,14795,4,running,3487.84
0.1,alpha0p1,108,1,subject108_client1,14796,4,running,3489.12
0.1,alpha0p1,108,1,subject108_client1,14797,4,running,3490.4
0.1,alpha0p1,108,1,subject108_client1,14798,4,running,3491.68
0.1,alpha0p1,108,1,subject108_client1,14799,4,running,3492.96
0.1,alpha0p1,108,1,subject108_client1,14800,4,running,3494.24
0.1,alpha0p1,108,1,subject108_client1,14801,4,running,3495.52
0.1,alpha0p1,108,1,subject108_client1,14802,4,running,3496.8
0.1,alpha0p1,108,1,subject108_client1,14803,4,running,3498.08
0.1,alpha0p1,108,1,subject108_client1,14804,4,running,3499.36
0.1,alpha0p1,108,1,subject108_client1,14805,4,running,3500.64
0.1,alpha0p1,108,1,subject108_client1,14806,4,running,3501.92
0.1,alpha0p1,108,1,subject108_client1,14807,4,running,3503.2
0.1,alpha0p1,108,1,subject108_client1,14808,4,running,3504.48
0.1,alpha0p1,108,1,subject108_client1,14809,4,running,3505.76
0.1,alpha0p1,108,1,subject108_client1,14810,4,running,3507.04
0.1,alpha0p1,108,1,subject108_client1,14811,4,running,3508.32
0.1,alpha0p1,108,1,subject108_client1,14812,4,running,3509.6
0.1,alpha0p1,108,1,subject108_client1,14813,4,running,3510.88
0.1,alpha0p1,108,1,subject108_client1,14814,4,running,3512.16
0.1,alpha0p1,108,1,subject108_client1,14815,4,running,3513.44
0.1,alpha0p1,108,1,subject108_client1,14816,4,running,3514.72
0.1,alpha0p1,108,1,subject108_client1,14817,4,running,3516.0
0.1,alpha0p1,108,1,subject108_client1,14818,4,running,3517.28
0.1,alpha0p1,108,1,subject108_client1,14819,4,running,3518.56
0.1,alpha0p1,108,1,subject108_client1,14820,4,running,3519.84
0.1,alpha0p1,108,1,subject108_client1,14821,4,running,3521.12
0.1,alpha0p1,108,1,subject108_client1,14822,4,running,3522.4
0.1,alpha0p1,108,1,subject108_client1,14823,4,running,3523.68
0.1,alpha0p1,108,1,subject108_client1,14824,4,running,3524.96
0.1,alpha0p1,108,1,subject108_client1,14825,4,running,3526.24
0.1,alpha0p1,108,1,subject108_client1,14826,4,running,3527.52
0.1,alpha0p1,108,1,subject108_client1,14827,4,running,3528.8
0.1,alpha0p1,108,1,subject108_client1,14828,4,running,3530.08
0.1,alpha0p1,108,1,subject108_client1,14829,4,running,3531.36
0.1,alpha0p1,108,1,subject108_client1,14830,4,running,3532.64
0.1,alpha0p1,108,1,subject108_client1,14831,4,running,3533.92
0.1,alpha0p1,108,1,subject108_client1,14832,4,running,3535.2
0.1,alpha0p1,108,1,subject108_client1,14833,4,running,3536.48
0.1,alpha0p1,108,1,subject108_client1,14834,4,running,3537.76
0.1,alpha0p1,108,1,subject108_client1,14835,4,running,3539.04
0.1,alpha0p1,108,1,subject108_client1,14836,4,running,3540.32
0.1,alpha0p1,108,1,subject108_client1,14837,4,running,3541.6
0.1,alpha0p1,108,1,subject108_client1,14838,4,running,3542.88
0.1,alpha0p1,108,1,subject108_client1,14839,4,running,3544.16
0.1,alpha0p1,108,1,subject108_client1,14840,4,running,3545.44
0.1,alpha0p1,108,1,subject108_client1,14841,4,running,3546.72
0.1,alpha0p1,108,1,subject108_client1,14842,4,running,3548.0
0.1,alpha0p1,108,1,subject108_client1,14843,4,running,3549.28
0.1,alpha0p1,108,1,subject108_client1,14844,4,running,3550.56
0.1,alpha0p1,108,1,subject108_client1,14845,4,running,3551.84
0.1,alpha0p1,108,1,subject108_client1,14846,4,running,3553.12
0.1,alpha0p1,108,1,subject108_client1,14847,4,running,3554.4
0.1,alpha0p1,108,1,subject108_client1,14848,4,running,3555.68
0.1,alpha0p1,108,1,subject108_client1,14849,4,running,3556.96
0.1,alpha0p1,108,1,subject108_client1,14850,4,running,3558.24
0.1,alpha0p1,108,1,subject108_client1,14851,4,running,3559.52
0.1,alpha0p1,108,1,subject108_client1,14852,4,running,3560.8
0.1,alpha0p1,108,1,subject108_client1,14853,4,running,3562.08
0.1,alpha0p1,108,1,subject108_client1,14854,4,running,3563.36
0.1,alpha0p1,108,1,subject108_client1,14855,4,running,3564.64
0.1,alpha0p1,108,1,subject108_client1,14856,4,running,3565.92
0.1,alpha0p1,108,1,subject108_client1,14857,4,running,3567.2
0.1,alpha0p1,108,1,subject108_client1,14858,4,running,3568.48
0.1,alpha0p1,108,1,subject108_client1,14859,4,running,3569.76
0.1,alpha0p1,108,1,subject108_client1,14860,4,running,3571.04
0.1,alpha0p1,108,1,subject108_client1,14861,4,running,3572.32
0.1,alpha0p1,108,1,subject108_client1,14862,4,running,3573.6
0.1,alpha0p1,108,1,subject108_client1,14863,4,running,3574.88
0.1,alpha0p1,108,1,subject108_client1,14864,4,running,3576.16
0.1,alpha0p1,108,1,subject108_client1,14865,4,running,3577.44
0.1,alpha0p1,108,1,subject108_client1,14866,4,running,3578.72
0.1,alpha0p1,108,1,subject108_client1,14867,4,running,3580.0
0.1,alpha0p1,108,1,subject108_client1,14868,4,running,3581.28
0.1,alpha0p1,108,1,subject108_client1,14869,4,running,3582.56
0.1,alpha0p1,108,1,subject108_client1,14870,4,running,3583.84
0.1,alpha0p1,108,1,subject108_client1,14871,4,running,3585.12
0.1,alpha0p1,108,1,subject108_client1,14872,4,running,3586.4
0.1,alpha0p1,108,1,subject108_client1,14873,4,running,3587.68
0.1,alpha0p1,108,1,subject108_client1,14874,4,running,3588.96
0.1,alpha0p1,108,1,subject108_client1,14875,4,running,3590.24
0.1,alpha0p1,108,1,subject108_client1,14876,4,running,3591.52
0.1,alpha0p1,108,1,subject108_client1,14877,4,running,3592.8
0.1,alpha0p1,108,1,subject108_client1,14878,4,running,3594.08
0.1,alpha0p1,108,1,subject108_client1,14879,4,running,3595.36
0.1,alpha0p1,108,1,subject108_client1,14880,4,running,3596.64
0.1,alpha0p1,108,1,subject108_client1,14881,4,running,3597.92
0.1,alpha0p1,108,1,subject108_client1,14882,4,running,3599.2
0.1,alpha0p1,108,1,subject108_client1,14883,4,running,3600.48
0.1,alpha0p1,108,1,subject108_client1,14884,4,running,3601.76
0.1,alpha0p1,108,1,subject108_client1,14885,4,running,3603.04
0.1,alpha0p1,108,1,subject108_client1,14886,4,running,3604.32
0.1,alpha0p1,108,1,subject108_client1,14887,4,running,3605.6
0.1,alpha0p1,108,1,subject108_client1,14888,4,running,3606.88
0.1,alpha0p1,108,1,subject108_client1,14889,4,running,3608.16
0.1,alpha0p1,108,1,subject108_client1,14890,4,running,3609.44
0.1,alpha0p1,108,1,subject108_client1,14891,4,running,3610.72
0.1,alpha0p1,108,1,subject108_client1,14892,4,running,3612.0
0.1,alpha0p1,108,1,subject108_client1,14893,4,running,3613.28
0.1,alpha0p1,108,1,subject108_client1,14894,4,running,3614.56
0.1,alpha0p1,108,1,subject108_client1,14895,4,running,3615.84
0.1,alpha0p1,108,1,subject108_client1,14896,4,running,3617.12
0.1,alpha0p1,108,1,subject108_client1,14897,4,running,3618.4
0.1,alpha0p1,108,1,subject108_client1,14898,4,running,3619.68
0.1,alpha0p1,108,1,subject108_client1,14899,4,running,3620.96
0.1,alpha0p1,108,1,subject108_client1,14900,4,running,3622.24
0.1,alpha0p1,108,1,subject108_client1,14901,4,running,3623.52
0.1,alpha0p1,108,1,subject108_client1,14902,4,running,3624.8
0.1,alpha0p1,108,2,subject108_client2,14904,4,running,3627.36
0.1,alpha0p1,108,0,subject108_client0,14905,11,rope jumping,3800.36
0.1,alpha0p1,108,0,subject108_client0,14906,11,rope jumping,3801.64
0.1,alpha0p1,108,0,subject108_client0,14907,11,rope jumping,3802.92
0.1,alpha0p1,108,0,subject108_client0,14908,11,rope jumping,3804.2
0.1,alpha0p1,108,0,subject108_client0,14909,11,rope jumping,3805.48
0.1,alpha0p1,108,0,subject108_client0,14910,11,rope jumping,3806.76
0.1,alpha0p1,108,0,subject108_client0,14911,11,rope jumping,3808.04
0.1,alpha0p1,108,0,subject108_client0,14912,11,rope jumping,3809.32
0.1,alpha0p1,108,0,subject108_client0,14913,11,rope jumping,3810.6
0.1,alpha0p1,108,0,subject108_client0,14914,11,rope jumping,3811.88
0.1,alpha0p1,108,0,subject108_client0,14915,11,rope jumping,3813.16
0.1,alpha0p1,108,0,subject108_client0,14916,11,rope jumping,3814.44
0.1,alpha0p1,108,0,subject108_client0,14917,11,rope jumping,3815.72
0.1,alpha0p1,108,0,subject108_client0,14918,11,rope jumping,3817.0
0.1,alpha0p1,108,0,subject108_client0,14919,11,rope jumping,3818.28
0.1,alpha0p1,108,0,subject108_client0,14920,11,rope jumping,3819.56
0.1,alpha0p1,108,0,subject108_client0,14921,11,rope jumping,3820.84
0.1,alpha0p1,108,0,subject108_client0,14922,11,rope jumping,3822.12
0.1,alpha0p1,108,0,subject108_client0,14923,11,rope jumping,3823.4
0.1,alpha0p1,108,0,subject108_client0,14924,11,rope jumping,3824.68
0.1,alpha0p1,108,0,subject108_client0,14925,11,rope jumping,3825.96
0.1,alpha0p1,108,0,subject108_client0,14926,11,rope jumping,3827.24
0.1,alpha0p1,108,0,subject108_client0,14927,11,rope jumping,3828.52
0.1,alpha0p1,108,0,subject108_client0,14928,11,rope jumping,3829.8
0.1,alpha0p1,108,0,subject108_client0,14929,11,rope jumping,3831.08
0.1,alpha0p1,108,0,subject108_client0,14930,11,rope jumping,3832.36
0.1,alpha0p1,108,0,subject108_client0,14931,11,rope jumping,3833.64
0.1,alpha0p1,108,0,subject108_client0,14932,11,rope jumping,3834.92
0.1,alpha0p1,108,0,subject108_client0,14933,11,rope jumping,3836.2
0.1,alpha0p1,108,0,subject108_client0,14934,11,rope jumping,3837.48
0.1,alpha0p1,108,0,subject108_client0,14935,11,rope jumping,3838.76
0.1,alpha0p1,108,0,subject108_client0,14936,11,rope jumping,3840.04
0.1,alpha0p1,108,0,subject108_client0,14937,11,rope jumping,3841.32
0.1,alpha0p1,108,0,subject108_client0,14938,11,rope jumping,3842.6
0.1,alpha0p1,108,0,subject108_client0,14939,11,rope jumping,3843.88
0.1,alpha0p1,108,0,subject108_client0,14940,11,rope jumping,3845.16
0.1,alpha0p1,108,0,subject108_client0,14941,11,rope jumping,3846.44
0.1,alpha0p1,108,0,subject108_client0,14942,11,rope jumping,3847.72
0.1,alpha0p1,108,0,subject108_client0,14943,11,rope jumping,3849.0
0.1,alpha0p1,108,0,subject108_client0,14944,11,rope jumping,3850.28
0.1,alpha0p1,108,0,subject108_client0,14945,11,rope jumping,3851.56
0.1,alpha0p1,108,0,subject108_client0,14946,11,rope jumping,3852.84
0.1,alpha0p1,108,0,subject108_client0,14947,11,rope jumping,3854.12
0.1,alpha0p1,108,0,subject108_client0,14948,11,rope jumping,3855.4
0.1,alpha0p1,108,0,subject108_client0,14949,11,rope jumping,3856.68
0.1,alpha0p1,108,0,subject108_client0,14950,11,rope jumping,3857.96
0.1,alpha0p1,108,0,subject108_client0,14951,11,rope jumping,3859.24
0.1,alpha0p1,108,0,subject108_client0,14952,11,rope jumping,3860.52
0.1,alpha0p1,108,0,subject108_client0,14953,11,rope jumping,3861.8
0.1,alpha0p1,108,0,subject108_client0,14954,11,rope jumping,3863.08
0.1,alpha0p1,108,0,subject108_client0,14955,11,rope jumping,3864.36
0.1,alpha0p1,108,0,subject108_client0,14956,11,rope jumping,3865.64
0.1,alpha0p1,108,0,subject108_client0,14957,11,rope jumping,3866.92
0.1,alpha0p1,108,0,subject108_client0,14958,11,rope jumping,3868.2
0.1,alpha0p1,108,0,subject108_client0,14959,11,rope jumping,3869.48
0.1,alpha0p1,108,0,subject108_client0,14960,11,rope jumping,3870.76
0.1,alpha0p1,108,0,subject108_client0,14961,11,rope jumping,3872.04
0.1,alpha0p1,108,0,subject108_client0,14962,11,rope jumping,3873.32
0.1,alpha0p1,108,0,subject108_client0,14963,11,rope jumping,3874.6
0.1,alpha0p1,108,0,subject108_client0,14964,11,rope jumping,3875.88
0.1,alpha0p1,108,0,subject108_client0,14965,11,rope jumping,3877.16
0.1,alpha0p1,108,0,subject108_client0,14966,11,rope jumping,3878.44
0.1,alpha0p1,108,0,subject108_client0,14967,11,rope jumping,3879.72
0.1,alpha0p1,108,0,subject108_client0,14968,11,rope jumping,3881.0
0.1,alpha0p1,108,0,subject108_client0,14969,11,rope jumping,3882.28
0.1,alpha0p1,108,0,subject108_client0,14970,11,rope jumping,3883.56
0.1,alpha0p1,108,0,subject108_client0,14971,11,rope jumping,3884.84
