run_id,run_name,scientific_optimizer_steps_accounted,run_result_binding_sha256,run_file_manifest_sha256
1,run_001__fold1__alpha1p0__clean__fedavg__seed123,6034,F2D6F4F2ACFD29EB1FC41A167CCDA75C609CD669E521CCA80765FC35E68EDD58,E75E73E24395665CA5C3AFCD683CF35C4D4FD814A562F05DC789247FF5F32A45
2,run_002__fold1__alpha1p0__clean__fedprox__seed123,6034,84A7707C2EB3CA591FF5AF759932FD36679C8A42C2DD15DC45E0F2A7EE0523FA,BDFAC939862861365EE1138C48C5B3F9F8D39A9158A3FFAFA7B315B136C28B73
3,run_003__fold1__alpha1p0__clean__random_trimmed_mean__seed123,6034,751872F9F346343D678732635D62225972771DB8315D91E17950EE6E3FE73884,314C2B7D2A342968DA32AF16C005002FB0A13FA5353F20CF09ED11E3A49CD12E
4,run_004__fold1__alpha1p0__clean__fedle_adapted__seed123,5851,ACAD52F7A05288CC9E9272CF791543B1E7DC0132D2EB319F40AA08054B14FD5C,FA1B9A3CA219B96BB309CA39C55F696F167FBEEE579DF404D5C20913DD5A1AE2
5,run_005__fold1__alpha1p0__clean__tea_fl__seed123,5143,2E9A8F989829E47D6E1C0DD8D24E444D50301ACDA7005B2D26DEC8AE15E34230,92A475FB1F6FF6A5281404298195FDC3B245D635B9BDC1680B2A52739247BE20
6,run_006__fold1__alpha1p0__clean__arl_fl__seed123,5533,7E537D9C9CFE1E46CCF67122CF04C254927F81535166ED8492E015E071EEAE63,38A7B33E099A79EBAD55B9C025BF1677CBAEB15D93F42FD4E27AFA6E5D3B36CC
7,run_007__fold1__alpha1p0__clean__fedavg__seed456,6027,0AC7E83A54250C1AB7AEDD9EA20FC7F350F9A333C6E348EB5846265721FE585E,86711134BF7253EA5DC85B2310F0A7B011A9B285E78D8F70B73B89162BAC98EA
8,run_008__fold1__alpha1p0__clean__fedprox__seed456,6027,7D5BF14EE7CF1BBB3E00B7F4F4B8BFBF3E0D0F83C2A1D0689967068A6A06763A,D1F578AABC13193BA7733C692B88BDC4C6A82D93974F9C8092FA47387A46BC97
9,run_009__fold1__alpha1p0__clean__random_trimmed_mean__seed456,6027,A4098EAF5531F41CE17149D369AE0A793B9CF7016E61EF6779F53053209DC130,54F8008172E22099C5AC4AF9ECD7E51195AF040280549F61DEAC2329D9045E8B
10,run_010__fold1__alpha1p0__clean__fedle_adapted__seed456,6051,7ACC9F1F30017B4A2FC5C7539A0A9BAA5539D20DD8CFBD18FD44DC7F36361F4E,17178938BEE1083BB36BDE2A8E7D8BAE23BC85073C24E133FFBFC8BB3379BDD1
11,run_011__fold1__alpha1p0__clean__tea_fl__seed456,5198,4C30245798B4B0FEADE7F2DB1E020A571997697132A471A9B7E33AF963BC0F3E,B0B8E62F58517697345EDF6F4DED2664717ABB41B80E0840A3F49BA527299A46
12,run_012__fold1__alpha1p0__clean__arl_fl__seed456,5551,336853419D9EA214D355E1ED69B58BFC2F123769E18605BFE40F29335C473390,251E4A78D9DD461C669BAA9CA999CCC58F342100442D47F1047B1CD5A5244B28
13,run_013__fold1__alpha1p0__signflip_mu0p2__fedavg__seed123,6034,34218F32DC854DD06866EA6229A2D46E5B93942EECD1483CEC55EC7265ADD9FB,0D7FB0B7E8F2A45CA86764741049D991D326AD5F769CA1FC04CDBECF2788D48C
14,run_014__fold1__alpha1p0__signflip_mu0p2__fedprox__seed123,6034,47EFA82DD6359CAB51F022610037698562A59EF68D416C5A6E0C9EE105DFD446,F905B91FD0CB049FB01AF71BF535DBF31A697070A94244FA9528856434F80821
15,run_015__fold1__alpha1p0__signflip_mu0p2__random_trimmed_mean__seed123,6034,A988174AC05547BDFDD1B771AA0409CAA8A6652D53CC495C8B932DD54FFEF847,5483A9A3A53F936E8E29D983AA21DE0E0EA1635CC57567622DDEA548DF4C5D68
16,run_016__fold1__alpha1p0__signflip_mu0p2__fedle_adapted__seed123,5851,D186C97F358DDA9A548B95DFF3886EBD35C0693FB569773AD246946B9289A1E8,AA97B8F553E32273451564CE33534D0525D01C22BEDDD7D189F06A79C46D77AF
17,run_017__fold1__alpha1p0__signflip_mu0p2__tea_fl__seed123,5477,2879F26C84136C835A77F0E0ABCAF5261EA46E6A5A7D7A08AC9CAA646D9C0D9D,57071E3825716DBE50914AE220D7B40BA5CDC6E2CCF0CB1612642D71DFBB7C73
18,run_018__fold1__alpha1p0__signflip_mu0p2__arl_fl__seed123,5583,FA88F1EACCBD7E2A2D67EA1AE5AF70025440BE476CDDC18A246F4A4944375B0F,C4F3CDC6F76CE5FD556DC09E59E922107B834EAD0B4F0FA54DAD051F8521FF49
19,run_019__fold1__alpha1p0__signflip_mu0p2__fedavg__seed456,6027,174899615A44C7A23B468D24CC0A554D901AC306A19D8C63236D88C4E4CEAE93,55E78CA91B8B6CEA661EA921EE4A2A5464E2D0E25D1214336AF23356C02F67AE
20,run_020__fold1__alpha1p0__signflip_mu0p2__fedprox__seed456,6027,1E8D12B43EC06C47AD287BA4083FF0312BCFEEB1144ED04F099A5FA9D9E55221,37DB58A92AC4361CB759FFE7F364F2B2613A97B6743E80F8D50C0E3FA46DD12F
21,run_021__fold1__alpha1p0__signflip_mu0p2__random_trimmed_mean__seed456,6027,7AF7093DBDD931AA81B98506A00CB1F1E4219AF4099E04C5C4FE1923BF4B0E99,72AF5DC1F7EB197B86FCA1C00FE148B1CC8A1A6C9C878108FF9376B27FC03257
22,run_022__fold1__alpha1p0__signflip_mu0p2__fedle_adapted__seed456,6051,DD77F4EF9122C771D27724309E5A3720FDA444945D70C63AFBF8345936E3043E,D0FA3E2E5CACF393F61891878B948E4D6E01BB3853098853B62E0FFE89D37DE4
23,run_023__fold1__alpha1p0__signflip_mu0p2__tea_fl__seed456,5415,353DB004881F774816B903FB7F4A6EB7D8BD5D2F547B2C16605438574E5E1AEF,CD4028074B1590CC19C5AD6F8D154CC858E4CC87B06A05ABBCC880652061ED06
24,run_024__fold1__alpha1p0__signflip_mu0p2__arl_fl__seed456,5621,A0E8F9C3C89F0D32109B89E183F6723296BC6641B4EC20DB0CDBF6B92EAFA613,4917AB51ABBDD1B7A7B0F8ED8DF1E6FCAD8513979C594F387CFC50F9B7307B3F
25,run_025__fold1__alpha1p0__signflip_mu0p4__fedavg__seed123,6034,F5ACEE49745F2906F3A0D3ECEB65E35AD13EAF1CE11EE79641394347E75E1FB9,3A508025057369D8E1943FA920F7ADC9D2FB57C44FA0F241DBB8C5C56D6FEDC3
26,run_026__fold1__alpha1p0__signflip_mu0p4__fedprox__seed123,6034,920D36BDC542486BE50D68E3FEB5A1B8374D7DF70723B45B6EACF4366956BD55,FA1DD3B33E4E75826B0FCDC4E0E27C586A66D160666832A825362CA2AFC44AA6
27,run_027__fold1__alpha1p0__signflip_mu0p4__random_trimmed_mean__seed123,6034,5917C12C685334347019181352090FA55BE0D57C508AAA809966E9A28A37C32A,3AD74A443E6E079E057B15C9224B3B011E36CCC8A999A06DA5193E19ACB2076B
28,run_028__fold1__alpha1p0__signflip_mu0p4__fedle_adapted__seed123,5851,04CB24BBD21D72243CCEF3B0126CB9202CA8870F30B836F60E6B4A93B97356C0,D376AE2DF9C13F47A464303163F437DC04652B1FB55B9FF4C304191BA88D8635
29,run_029__fold1__alpha1p0__signflip_mu0p4__tea_fl__seed123,5396,0FE79CEC6D13067BB6A8F4E3825162BE00636022A99CF873D8DEF5530913AED3,E7900B1612926C304C13C9FCCCEAD706909FB890C1799A34D58244792C8AECD3
30,run_030__fold1__alpha1p0__signflip_mu0p4__arl_fl__seed123,5601,36F12F35A58286A335F8D074846324127BC136C19F8F37BDC9BFAB4FA6CE51D0,EFDC92B971048D64ACB76474C37E6E7B4F137EF7D88C3E80603572DE59AFC386
31,run_031__fold1__alpha1p0__signflip_mu0p4__fedavg__seed456,6027,279DF084A9266227BEFACCBC72DF762E680FB6E816DD6077A902816CF92C0D8F,406C4568ADCE57E9C2EA81D54395D0AFADC1BCD8E1C9884D5182E7469E8506D9
32,run_032__fold1__alpha1p0__signflip_mu0p4__fedprox__seed456,6027,CBDDFEFBCC529A945B83B15E8BB4321B4EB020621FE056E603E073094AB9125C,026C842669B4540727EF6C449E2E1D19CFC3D4474083DDA61519CC009B4E3733
33,run_033__fold1__alpha1p0__signflip_mu0p4__random_trimmed_mean__seed456,6027,D0688051F2125EEF568E9D1979BC7C027EF5422BBD5397A9A75860F4C181148D,4BE58E63E7F1C68F57326A2DF0C927E5D6E8D1E16900FD13879E103C6610C15D
34,run_034__fold1__alpha1p0__signflip_mu0p4__fedle_adapted__seed456,6051,A14B6AEA21BBED80A264C7085E98C6C5F1879CF59385CDFD60FA296A740FDF54,1127A3B2E403A116D820E86F521FEE59AAE02115131F9E96C6438E60BBD53E7E
35,run_035__fold1__alpha1p0__signflip_mu0p4__tea_fl__seed456,5535,4BDA0A68894EBCA40EF06F17DFE2AA7905C01980D574757CE5CC621F8DBEE3A0,9D07C96FC7CED61C99FBA6F40DAF2112C19356D96D5DE13AB8120CEBA0A49558
36,run_036__fold1__alpha1p0__signflip_mu0p4__arl_fl__seed456,5723,806FA9B49345C9D40EEC45D69AD7695BE0A1B03C1EA2AA136E233ADAB367242A,DACB0624D6AE3EAAA73790D30262FDF710EDD8C18E6884A09885C369DB1E68BD
37,run_037__fold1__alpha1p0__labelflip_mu0p2__fedavg__seed123,6034,6F6A884F2C3C3A36C52DE8F843668A8445E2843FA43255E7D7A3A59DC35A3895,4901F7A82429B346FDDF5340D9D8BD8DEB32B184AE983FD6DD586263C47F3C5E
38,run_038__fold1__alpha1p0__labelflip_mu0p2__fedprox__seed123,6034,620C5D26123059397DB9F1972C951599B2205D4F7B58A537DADDE8B722484E69,0C3F67387C12AE82E9C760D82F895249A094D180F8C7A8622BA8C19EB62A08B3
39,run_039__fold1__alpha1p0__labelflip_mu0p2__random_trimmed_mean__seed123,6034,4DB3B5065907B9B6503991954CFF288D1D0423D8C4909C3FE9C223F1A2AF4FB2,0E19F52FFD492139BA6D0CA44AEDF7AE8EA70354E9AC72F30CCA62F66E88B2A8
40,run_040__fold1__alpha1p0__labelflip_mu0p2__fedle_adapted__seed123,5851,77BF634D18C74943FCDF6897CB44552B26E5039D992437722CF32C6B4440098B,3283BE5903928C35BDABF31ACABB9523B91A5564814FDB7F57D2C9187C2A3BFB
41,run_041__fold1__alpha1p0__labelflip_mu0p2__tea_fl__seed123,5378,A1222392A80C9C384C952B0C940EE5BF3DF2CF1CAD9E3D8C03800C9DA3ECF684,50C72FAE8CC0015472D8C5D9BFBAF7924A99233155D523D2BA52AFD47694CBFA
42,run_042__fold1__alpha1p0__labelflip_mu0p2__arl_fl__seed123,5564,E93575D4E4520748A5E71A5A4438E259CF12439F6D981D6406AF2676AB7AADD5,E63D1A04A8097ACA3A4B22D68DDFD8B5B6DD0F186AD4FA856B6D4D233DEFF228
43,run_043__fold1__alpha1p0__labelflip_mu0p2__fedavg__seed456,6027,69874340F334D76A5D9CC912C7C507E90F8DB21819945AF3A939271D8BEDB3C1,511382A3D187125342FDDF2F2882674DB82DF6A475D6531793B5ACA307436C05
44,run_044__fold1__alpha1p0__labelflip_mu0p2__fedprox__seed456,6027,AF52FD4C7D2E5D6CF38461AC45AC54030D753A76B957FB45CE9E914DB92EE7C1,23933D8CDF626BCAEE3BDF3610830A6C8BA4CA154FCABCED6EF8053A16C5331E
45,run_045__fold1__alpha1p0__labelflip_mu0p2__random_trimmed_mean__seed456,6027,0244A2C007282005E1F70A5C18534F692D41E5FA66A68D8C5C64B0DEF74D2238,BF0356EF31D619AE8B7169F40AC8EC3373DBC01AB96780F894817DE6D398485D
46,run_046__fold1__alpha1p0__labelflip_mu0p2__fedle_adapted__seed456,6051,7C215EAF1CDC8A1D222676AFBA206FB2291C174D862D59857ADDB1BF8CDA722B,52D5C829F467AECD5D9CC60AE3716747A4F41D99BB47746193C9C03EC1EE6C00
47,run_047__fold1__alpha1p0__labelflip_mu0p2__tea_fl__seed456,5421,50D9EA863817C753EC33B88262A30AD04029E558E85B7D65C55A5059B8732AC6,1C884E2F3541691EE0B66A8D6D73FE3C51902052292184CADAF7CF600CF3F197
48,run_048__fold1__alpha1p0__labelflip_mu0p2__arl_fl__seed456,5586,C52ACC3C0FA84F21237405A068770628C9C8C3EA6CB4DBAD8FD7D3ED017ADCA6,A2FB0927BB50A24DFEAB709BA711ACF50C3A1E5CD814BA360822238A828D8366
49,run_049__fold1__alpha1p0__labelflip_mu0p4__fedavg__seed123,6034,C03BE7F5E554354FE443B7D74AD492403496C01DA9B96DA71D7CC942F52D29C0,1129760D6B3EEB63485D67666CEF739C68A47D90FAF1380B0DB5FBEB2C98CC3C
50,run_050__fold1__alpha1p0__labelflip_mu0p4__fedprox__seed123,6034,9B4103885EFCFB59D45082F6C7527CA81DDBC5DEFFC6305EAD6DEB4BE3960C87,201BD3E1736361F3B92E212464ED419AFB4F2068A09E63E39FE0EB0B24391A1B
51,run_051__fold1__alpha1p0__labelflip_mu0p4__random_trimmed_mean__seed123,6034,44308288FAD9585646CF166B71718D62F61EB6F6AA03704B9CC1EBEBCE8F7E4B,7170186FED15686E258AC3C64216D5C42A061F1A3A5FF52D61C047B63BE7FF6B
52,run_052__fold1__alpha1p0__labelflip_mu0p4__fedle_adapted__seed123,5851,9DAC4407A73BD39D2F2CBBC4B2354D29683B14605C9159B0C31BB67B9CF5DFC9,9266EFE8E0A818A6BFACBB4EF4E176C3FF27E73C72E9D191A5E41EBC8B1B7D40
53,run_053__fold1__alpha1p0__labelflip_mu0p4__tea_fl__seed123,5384,24377F68936CB1021216318593985523403338DFB16F521C98074105602339E5,6D4C6C3BE16E84F95732CBA5789F919CEBA5DBCA66186E9A1EB804F34BB127B6
54,run_054__fold1__alpha1p0__labelflip_mu0p4__arl_fl__seed123,5660,C1BD64CBB53CF37A6029A8D24E1E69CF17BA42701C90ED5002DCFD63BC7A9107,75D3B21897DBDF460076F821D123AA0D5277BC6E5DCC70130DDAF8ADD1E15FEC
55,run_055__fold1__alpha1p0__labelflip_mu0p4__fedavg__seed456,6027,E48D5D64FAE5D4115EAF11C2222009F7E85676D3E4F19BF5827C0DBDEA653511,D47F03C27733474308B905662EA91350ACC6805421820782E1E36D6F2E1C9CA5
56,run_056__fold1__alpha1p0__labelflip_mu0p4__fedprox__seed456,6027,03C0EE06694B0F1216CC03F706C12418D08AE4935BDBACC232C950A7C17A7382,DCF4F76E036E2734B3A44743B8C663BF28DB74119D2E2509FBF06AEF635C205E
57,run_057__fold1__alpha1p0__labelflip_mu0p4__random_trimmed_mean__seed456,6027,A828E5C07665CB324943A940B37FCA701C19D99B88F42852DCD74C1AE3A866BE,16D77BB72C4E4672650A00576AACC083071359C5CCF6D62141978419EBBAB4DA
58,run_058__fold1__alpha1p0__labelflip_mu0p4__fedle_adapted__seed456,6051,09F8F7836CBDBA7A4EB751025A2C3128DC021442177A875CCC45A5A3389C2E04,383D86106AE3457BAA6FF712AA4E7C4FF74CF8508AFEBF9B243E5B6F425C7754
59,run_059__fold1__alpha1p0__labelflip_mu0p4__tea_fl__seed456,5322,0C1967BF94AD06FDDBCE9B32EBEC6961532DF192E65828DFE4C46FD496A7BF23,E136FE56B1A989C58D1D770A7B1AAF599BE16297EE696735A493F0B3ED7DAA92
60,run_060__fold1__alpha1p0__labelflip_mu0p4__arl_fl__seed456,5594,905C947B0BD2D0272E105F86A18D8DE3310A96FC68D244C1341A9B4DCA70365A,8E4621086844A7FFA83ADFD0C524EC83E2D6BE2E55C590D1D4749379FDD06BBA
61,run_061__fold1__alpha0p1__clean__fedavg__seed123,5662,3A7DC45261A69FF06D674FB1FB5C7CA12C9BD465A48087A02F794900586F6AC2,09999C967B3DD851CB95D9873770F1EDACE71A9A18BD13A2B1F3D66E8F8AD36F
62,run_062__fold1__alpha0p1__clean__fedprox__seed123,5662,482BE9B2A30F532716C581822431BA51654A3B17D3DE0998BA6BC69EF1587B17,D4C2A4DF609A1943D129CDA4546A2D3EBD9342AEE124A3AF21FD817F8E769213
63,run_063__fold1__alpha0p1__clean__random_trimmed_mean__seed123,5662,6E349F71554B4F93BCE5EC33D68F7328037B44C4DF669E4B3BF77A8209899B4B,32D5AEE795DD6C7841C798166309D839A6A5C9C13FFD88B4D558F8D2F434D920
64,run_064__fold1__alpha0p1__clean__fedle_adapted__seed123,5748,40371BB2D8A759349CFF574B57C06D569335A14CDE58F0FE179071441DE58143,765DC25927D5B31F4BAFDCC90F4F34828F58E971433E02DDA93970F9F2EB449E
65,run_065__fold1__alpha0p1__clean__tea_fl__seed123,4252,A6052B7CD3B8D80B30AE8648F4897ACD9911A2433641825A1277277D0ED107AD,D7EED122197CA166B4C3E0F298BF8DE080CCA0609CC3304D0F61B9F176F0DFBD
66,run_066__fold1__alpha0p1__clean__arl_fl__seed123,5340,FD1E113D65458D51F3F74867776A0ED5DDE182DE424C49CB5155B6ACC90B8D03,1CFCAC92A9CCCD3D866BDF1F16C0F261743856E7B7C77CF0519E22FF4A08BFF8
67,run_067__fold1__alpha0p1__clean__fedavg__seed456,5791,F29A07CBCB265187273ADB619047B9C58A8E00876BD8573F93C4F973431F158E,6D8D024015F63F4C1F41F1BE0DEE425AFAAB71FE9AFC428CDDF091BB57DF139E
68,run_068__fold1__alpha0p1__clean__fedprox__seed456,5791,F5F79ADCC79AA49127DBE6AB77AEB049A7A6A9EF5AD48706714505F5B79ED889,3434E27191ADC18C11A0B152286D6CBD1C6AEEB06B70373FFA305A46ED6DEFB2
69,run_069__fold1__alpha0p1__clean__random_trimmed_mean__seed456,5791,E832027727ECCF0F9C2AF9D6D27C9B338563B71F4FBCB1E18F5B6A29D1D9225E,74C3EB45D26CCD40373374A61120BAB017E5979392DC368057451189CE888178
70,run_070__fold1__alpha0p1__clean__fedle_adapted__seed456,5800,686407490AA7BD8BB5A1C3BBD67B01C74E7DB1E042E6A1EB2350BB2839EA8693,EDF307B8E9D1161E456478ADD84E75C253DA76101586BC27728CF5DED74D6C24
71,run_071__fold1__alpha0p1__clean__tea_fl__seed456,4451,0E33412A2DAC00FAE628595740E20744731C89AF7344B2752AAFFD15792049BB,0889A482AB5E1B58EC1230AF3B0649F4B333A47D23FFA8FD18A567ECC8A16B38
72,run_072__fold1__alpha0p1__clean__arl_fl__seed456,5413,694944AE0A8105DE505DC3ACBC5497A99F70613B952CB304AFAC786084D7C480,B150B004ECA36625401DFC6488E25ECA74DCBC671BF782526996509D70DC4090
73,run_073__fold1__alpha0p1__signflip_mu0p2__fedavg__seed123,5662,BB03A55750D4ED4CF7A49C6FF431967926A56AA0E4717D61041B2D42FEE2F637,81E921EA712B047E85AFE235AE0AFA5FC297E98BC7E48D2DC6BB753BE930AE52
74,run_074__fold1__alpha0p1__signflip_mu0p2__fedprox__seed123,5662,8B0647C8B541C212B43D1A56EBAB80BAF44174F8A263CE6082A79E805C1F6465,300D9CAF98001BBD762D4D907EA0334D6AD3BDEE1FA5EFA50F965E89FAF88827
75,run_075__fold1__alpha0p1__signflip_mu0p2__random_trimmed_mean__seed123,5662,0E194DA27FBD410089FA511B832012ED6602EB2915FF0B255F19ACF66430BC36,A0FC1C1CD955E6E696E7C909FBB1FCEC8E3DC20C57597AA2351C9120F839E462
76,run_076__fold1__alpha0p1__signflip_mu0p2__fedle_adapted__seed123,5748,8C4FF63833221CB74CADE442E21F67CEB4446514E73316ADF3E16C81A9ADFAE7,9C47D2D57ED8467142DD69A288D01A67F4DFC4D245815EE663F4C8A7EBF46D3D
77,run_077__fold1__alpha0p1__signflip_mu0p2__tea_fl__seed123,4468,E38F836D3734F8702D52BAE85F6478B579DCC178B71213DC10CCC0FFDA05C3EC,BBD62D0D2D56C32189B716CE339A7BD5FE3BC1EA8C183648F8394A21B57A5428
78,run_078__fold1__alpha0p1__signflip_mu0p2__arl_fl__seed123,5395,3FF9372CE9FC9072D432D38EC40FED1270571472599B6578B8A859B0EF4EB3F4,59579B030E5C65D03C8CA1751155068E18C480083D12A08F5E715FE6EBE18D04
79,run_079__fold1__alpha0p1__signflip_mu0p2__fedavg__seed456,5791,4E84BF3A513DDEAB2BF2875A15B394E9128340426097D4A55CD666E3E712D137,5E6CD3B4FD9A68E01C418A0102B1251055B97675B428A801AE57401972B7F4B9
80,run_080__fold1__alpha0p1__signflip_mu0p2__fedprox__seed456,5791,9FBC56400FA30370CB03AFBDF66E26FE65021EB99F87F52F23C1A506E5D40FC8,28A41F6093A3E7E18BE5E8D4751D236F8713E4F4FAA4B38131B0EA7F3E4C682C
81,run_081__fold1__alpha0p1__signflip_mu0p2__random_trimmed_mean__seed456,5791,F1F158230FE576345BB3DF4B3BD450F798FC4A54F28B9B874C377DC58CF1B2BF,57D4DDBD9A2C5DEA25CCEC2E5E0AD9488098F9F78C86CF826674D9324D3AC0F0
82,run_082__fold1__alpha0p1__signflip_mu0p2__fedle_adapted__seed456,5800,5DBED4229E626871A83966BCDA86548033E7BD1C9C5D9DB21FAE8434670DBC9F,EBDDECCA80B216D59F4C75650B7DFB68ADBCE21FEE68D7769BA30A9D1ED2D2E2
83,run_083__fold1__alpha0p1__signflip_mu0p2__tea_fl__seed456,4652,A91383B32A64B11F279F93F97104A6AD0F7B0F9CF516CA1414A96841EC3A6D85,DCB7089C84EE43E6739BFDA0A03A1C3CA662F00E9BEEA0900C9D078D4106D66A
84,run_084__fold1__alpha0p1__signflip_mu0p2__arl_fl__seed456,5346,9EC19B765D2A47B37BA8BC79BE368A6A9F510B241CA94F8FA12C55701AE186F1,89F3CE35279F6A90018F64FC7194AA062ACF04006EF4971BD1F5D9B9B454825C
85,run_085__fold1__alpha0p1__signflip_mu0p4__fedavg__seed123,5662,A648286718F25C556F64146589B64EE8102022597DEA00199DC206F35AA2E9C6,915B04F74553FA2BC2ABF73A370E88AC88FD8BEB44ED34BF6B2A1EA0D4BD4819
86,run_086__fold1__alpha0p1__signflip_mu0p4__fedprox__seed123,5662,136783B6ECB45117E436EEF2CBB046104B0A9111EBDB8CC99AED03B7980840A7,1E55E76B5E51E4426CF74D5AE753AAB43453BE83714E1D4C713E15724B967243
87,run_087__fold1__alpha0p1__signflip_mu0p4__random_trimmed_mean__seed123,5662,881E68701DBD92BD8FBC1BCAE0F01CE4B4A82C7D565079D3944AE1F550B1ED94,48C501ADF85DE4DEF1E7D4340B77965CA7B5859FF67D4419E3D30B4E18AE4DB4
88,run_088__fold1__alpha0p1__signflip_mu0p4__fedle_adapted__seed123,5748,144E5D7793AB75E8AB7322902E9801EA3CF7C99D48D6AA65652B8794BA2B06FB,224D4D3C532A218D2295F372791DD1FB8D128C3B0597DE4AA3C0083FD549FB03
89,run_089__fold1__alpha0p1__signflip_mu0p4__tea_fl__seed123,4899,653E42697CC6759EF64AECEE1F59BA7772B4019F3E19C9B2093B078D7ED7AE82,333445AEC4408380A5AC6E02AFAE0DCDE690E0B65B5CF04CA339DEBE8A5F561E
90,run_090__fold1__alpha0p1__signflip_mu0p4__arl_fl__seed123,5376,B90DC65915D64F771D4BFEBA644784E44C330987040154D8FB3A554F09A747D6,C1BD9361491E1716CB70E36F7AB4337CA7ABBD3AE5910273D1DC595A34F1DF46
91,run_091__fold1__alpha0p1__signflip_mu0p4__fedavg__seed456,5791,7A603AF8289CDDED569F0AB09BB8898CCB93301DB38F05DAE3ACFE8E436329A3,05DE53F24648EFB1D38F1B594FE0FA0AED02173F54ED831585410006D5111463
92,run_092__fold1__alpha0p1__signflip_mu0p4__fedprox__seed456,5791,BE0184E9D941173CC8BACA2FBF0372A31F3FA4B2F4EAE28B39FC3FACA695DDA3,A1E78999FCD97D140445C78A0783BE91114EA284CD25CCF221AE02E78FAA6E81
93,run_093__fold1__alpha0p1__signflip_mu0p4__random_trimmed_mean__seed456,5791,F9B634C158D56E008BE1C5E4EE0A3627507FBDCAD0EA4A281E9D4A4593EC26D4,985D43B48597A335368F4BA6936E2DD87E6BC0C95EBDE0357D9DE9E3F59EF951
94,run_094__fold1__alpha0p1__signflip_mu0p4__fedle_adapted__seed456,5800,9EA5CA6AB4B9C88A8FF31FB9232E3C6E1DD1E3516B279B0F09F9C0DD02679255,EE9E889B98100E884FE6DA714A7A55AB5415169438F44C34A3F8C0AD7653B49B
95,run_095__fold1__alpha0p1__signflip_mu0p4__tea_fl__seed456,5065,98460D0FD59B4BA5BD3DF14B1F7D9A654C79F04B58961C340D02C5B4829F78FC,ECC4091751164FB8E02CA1E96F8596BE658E22D1E7023FABE410403684401A39
96,run_096__fold1__alpha0p1__signflip_mu0p4__arl_fl__seed456,5452,BDB14A37C92E2CB6C2E88F86B6D45933A6BA7CC89CB9819E3CC009BF98BD2586,A4E7A7EB3815B1DED7ED993107E1BEE2994BA3AD1B4349A4830D38A2CF5ABCBF
97,run_097__fold1__alpha0p1__labelflip_mu0p2__fedavg__seed123,5662,AB6AC44BEC2CD505641200874558232BF6A4C437318CCB9CDF66EC7B7D969656,F0F5DBD2597B96D2B5BE86E1633B13FE146DB147A51523B59B2B4FDDAC1ABFC6
98,run_098__fold1__alpha0p1__labelflip_mu0p2__fedprox__seed123,5662,ACD860E8593FC22D15956DAF05D3E701527ED5CC204A4DA0CE6B1BA6ECE6F14B,5998B8A68E34E60FBE9966C1747BEE90756E8E88611AAD704B0EB6CB7192CB44
99,run_099__fold1__alpha0p1__labelflip_mu0p2__random_trimmed_mean__seed123,5662,77476BA6F91FAF15DAD6A1F099BCDB9616084D1E21C33E25E3CA85F9617E68E4,B9297B7051D0D2D662CF80F8BF016E37BF0806D17C610C488010C2925FB3C4BB
100,run_100__fold1__alpha0p1__labelflip_mu0p2__fedle_adapted__seed123,5748,F2646447E35B01CC36ABC2341C762F098A67822ECE9A68CA563B3CC3DFAD73FF,71F95B5A867B585C75219270DC783F15FE0BAFD4561C9222C63DF8BF036BC432
101,run_101__fold1__alpha0p1__labelflip_mu0p2__tea_fl__seed123,4310,1D8F16DA53DF195EB02398DE8EF9BF6ADD0DC4754174FDAB2D952BC38E3C3ABB,95964E214AE3737FCCAAFF18AC6ACD09958114E4D64C881AE26902285CAD0346
102,run_102__fold1__alpha0p1__labelflip_mu0p2__arl_fl__seed123,5348,96984732CAF6428C6A531A1088249E2B2A525A2C2986AB6DE872A8D88C824CC7,A7FA83FD40E8C5BE7756EA8C3E632EBE995B3668871CB683F30DB3E77BA1C1F8
103,run_103__fold1__alpha0p1__labelflip_mu0p2__fedavg__seed456,5791,FF60D0F0C9C5115D9C2761DAC828743D80B76F22D34CAE1FA525FC162C09815B,E4B428B5D134205E953426AAEA01260951714669A228EA6CB66BE020CC76A4EA
104,run_104__fold1__alpha0p1__labelflip_mu0p2__fedprox__seed456,5791,79507A284F26FF031F21850A4500A5DAD03D280A7869F0D9321F10296E8CB70B,54A5EC976CC05C42C7BB909557A0690223A4A43A3AE9C7F104E98CE0B26FBC6D
105,run_105__fold1__alpha0p1__labelflip_mu0p2__random_trimmed_mean__seed456,5791,DA6BBFBD0B83E98485BB171479B1B552E1A749399614BBBB602DF6C71E15C193,3DA12DF72BD89B047133A4FBCA9484BE73BE7C75ACD566BE51F1E6F35586C0D5
106,run_106__fold1__alpha0p1__labelflip_mu0p2__fedle_adapted__seed456,5800,5D2A2DBBEC0B3802DE7E8232E224E1484D99CD5D3C410E639305444AFE3C7644,C44E5469EE4E053E2F32B2C886990957F44D3669085916D1DB26D262DFCF95B7
107,run_107__fold1__alpha0p1__labelflip_mu0p2__tea_fl__seed456,4465,09DB5DA44D2F9B91BE2ECCB337F967574BDADE49CBB1BAD7DAD542415CEB29AA,310BCDB6CF593AEB0556F0F1F77094F98829EDC296F16C737F9E68FB603542E2
108,run_108__fold1__alpha0p1__labelflip_mu0p2__arl_fl__seed456,5407,EA94FD5CD3069C8C07DDD65077C36C5EEAE68B642F5B5DF3ABE1D64ABF8F076B,082322001C08D8219BB0469F5C69703D59BA14FC0E28CFCAE360BAD3E0CF4337
109,run_109__fold1__alpha0p1__labelflip_mu0p4__fedavg__seed123,5662,DD332F945C92673D2488A735DB7E981ACBCE58C60785E8CD3396CD5F24922861,6C45A73B210038DB3953370B2B64F3A6765B3F315298CF2F10B4B9EE3DE543F0
110,run_110__fold1__alpha0p1__labelflip_mu0p4__fedprox__seed123,5662,E748BB7EA968BE974A3FB33B978681E5E92A6591249EAF4387AAE7B92AD24721,79A5C7B099B920940749E08389714A477CCAF17B3AB812C4839D9DA0494BB7BA
111,run_111__fold1__alpha0p1__labelflip_mu0p4__random_trimmed_mean__seed123,5662,CE981C05D72DC94443EDA7C268261DC1F8B8339831AE820E3F26023014FC9BD0,1F6E1B4AA047EFDD10F37B713599C493F02717D3AE5E6B3B71A9D6CFF1819B52
112,run_112__fold1__alpha0p1__labelflip_mu0p4__fedle_adapted__seed123,5748,6E864C95374CAA624A1395FED7BEB9473AD7BD7500D45FC4029A79AB263D78CB,D6E9424817174CF1A4F4017070423A2CF02F8EAB2BE4ED833442392D8D870DBD
113,run_113__fold1__alpha0p1__labelflip_mu0p4__tea_fl__seed123,4327,A3E55890CA6F124B1CC5826979458CF8FC776C0ABDE80085D5E79A12CFECD196,B163CD312EE75A9F177256AD100FDCEC8E50408CB963D5F791BB4C1D260EDD2B
114,run_114__fold1__alpha0p1__labelflip_mu0p4__arl_fl__seed123,5368,FB4585AD059F2AE9B98EA337F9EDC8F6FD9124B9750BFA12CEC15CCCF8FD70E2,5A84EB4B0B5DE1DA0FA24D3F3DDFCB225F10E6F0D93AED6E9249FD1682CBB081
115,run_115__fold1__alpha0p1__labelflip_mu0p4__fedavg__seed456,5791,33F9809E1E46322F3CD9EAEC38992BE726FCAC5697936C30118E59F8C32C42E4,9D1D5DC1BD6758AC495AA9C72AB0C664B2B319461E7E620E48E14FE7A3C0EE89
116,run_116__fold1__alpha0p1__labelflip_mu0p4__fedprox__seed456,5791,2EB22DF68746239165C58CF1CBC9A184E437FAC2BA6D7C5DDF5E0EFBB35298C0,29B49DD074DEB042F95262F0C1B9230D02DBCE3DCD4CAC6F581A6A86F19AF39F
117,run_117__fold1__alpha0p1__labelflip_mu0p4__random_trimmed_mean__seed456,5791,7843786496630F37487EB34F3DBCE78292C31E572C93A256DAB6A4507C9EAC14,2151515C9419F9945A5A76583151786EE39B80269B56558CBF8A3D2421413515
118,run_118__fold1__alpha0p1__labelflip_mu0p4__fedle_adapted__seed456,5800,4D66C91E002A5264411EA6882B0AD5DE66AF3A6CD588AC00E4E8712C0A743800,C699D9C10C87536169C4B8FEE2E8231A95F245630B95B33D31BFDAC3289E4910
119,run_119__fold1__alpha0p1__labelflip_mu0p4__tea_fl__seed456,4404,9317411505EA9B0492A2968F325F230753575E94E34FB0979EAB3BC2EAEA24EE,97472074541124A1526237112087ED853303AFC21D840D3B58502852EF27B34C
120,run_120__fold1__alpha0p1__labelflip_mu0p4__arl_fl__seed456,5385,DE5BC0765A02224AC1EAB099C5BF2C5A16D3C0923521897D5524612344988E6E,A21C35E4578B82DD2D5B63AA6E531890353388844FC47F2601C55AC44F234344
121,run_121__fold2__alpha1p0__clean__fedavg__seed123,5904,8A551984D75A2378CA5BD3B1480CCC4868DCC34E3656FCE2EA215D77266ACC5F,57A51C9D802FF17C31C99A2E7FF5CA0EABF055123591736B25DE40008D253E9F
122,run_122__fold2__alpha1p0__clean__fedprox__seed123,5904,0BBF28CCEAA7889FFBEDCD44DC9E6D8E4BBCBA16BC40DAE4AA2DC41832233D6F,296B1270B1713C174E55291E89D344183323C8485DC7E073B235D8EB3DB2483E
123,run_123__fold2__alpha1p0__clean__random_trimmed_mean__seed123,5904,C6F6C0DC5D320BF2A411E2B5FDDADA3E96720863D6F2EC39CD896903438E047E,81BBC00BE8250D4ADFB909CBB16D25A26CFFA1A9611C40BAF7B8B9B22341443B
124,run_124__fold2__alpha1p0__clean__fedle_adapted__seed123,5934,A226C6856CFA64DE18FD4856C608EE123BFC6EFF6F1546E9E502F36F3C87B40E,6B6B60BE50468786592FCE33C5144E9B2914F261F4508D1AA4D901A31BDAD001
125,run_125__fold2__alpha1p0__clean__tea_fl__seed123,5150,AEC1C777F4A18124F568E745E074A9514121314CDB7C5D8B1DE7E8B7E6F33C33,93E68C89AEA6F9EF1097C682A14779A25FA6B3C25A0F522FC842A60DE488531D
126,run_126__fold2__alpha1p0__clean__arl_fl__seed123,5531,C77E009DD8AF523C3ED96366D8AF3451DA794060302FBCF9B97188AC24E62404,16A7632AD3D74AA8E9957097A3255AAA79DAE0D6069BCE56A45F8DD1A6F8EA84
127,run_127__fold2__alpha1p0__clean__fedavg__seed456,6104,2D295D9CD8A3C741EBAFA597DBD6A176CD675A5FB9438786328080BA85159A2C,E89500764BD5D7A6207AF305DAF8CB471116FF15F917B089A98F67396C70D674
128,run_128__fold2__alpha1p0__clean__fedprox__seed456,6104,24021F0959659946823F35FEECA08FFAAB584B5266B21D88CDCD9A8C45FA1697,CDB421CE1CB92A457D0AC048F02E4A10CC93E0646F70F1FC2B829CBCBDB43CE4
129,run_129__fold2__alpha1p0__clean__random_trimmed_mean__seed456,6104,F04E8380DF2EF31E98D4DB630AA5A71A1E486DFC458884ED6A2F8EBE02176A35,4039B0C1812623251809DBCCD63C564EE4C04D8486D6231E5B90B6A0E6654339
130,run_130__fold2__alpha1p0__clean__fedle_adapted__seed456,5980,10266B523AB25EBDD1162DF52754BD5B4859667A2F2BC403F862DE817B181031,A414228D1E626A01E3EEA5B72F43836ECAF231E02CAE34B03129F7A2176F6C34
131,run_131__fold2__alpha1p0__clean__tea_fl__seed456,5258,C1B3D45F0BA5DFD39C69E3E385AB1E4DE3802B5EE47824D71458785FFA1C4D5B,B8229B54896BA030013F4F00221B95D34BB9F632E8C7D7F01227DE8008277E17
132,run_132__fold2__alpha1p0__clean__arl_fl__seed456,5521,55CBF539FF0B2E6A67AD2B9D1271366394BDB2D5DFFA765723F1507C1B61DC85,284C6C18E1E774F2A206FF8FF24CBF89A5FAA7532D90932E55D37D97E44977FE
133,run_133__fold2__alpha1p0__signflip_mu0p2__fedavg__seed123,5904,6E5B7CBC698642D4E28AC848C6A700C0EA475C36B289A9AD12D84545B1D67201,F99122036B9AFD8FCD2F3D01D7273740F503786B5F77C97209652B38F5536009
134,run_134__fold2__alpha1p0__signflip_mu0p2__fedprox__seed123,5904,EBCB830D2237DD9A4EFEDC6B8CA0239341195BC5449541631FA4A8257FD03ADF,58B1882C915E09FC3D31CE770E7E7F4B12BC4667EF768C939997F46AE68D3F1F
135,run_135__fold2__alpha1p0__signflip_mu0p2__random_trimmed_mean__seed123,5904,A9161E73866809FBC890F9576C005598FEA16AFB04770782D612CBC57797585E,09097A51DF9034C76DD4061F0FD6A8E2AB524B594AF0CE98B05ED5CAEDAFE320
136,run_136__fold2__alpha1p0__signflip_mu0p2__fedle_adapted__seed123,5934,1A4C671C175DDA580441B5BA268744B99352FCDD55A09C622EF0EFB03A51F896,E99DE4D16EB289B816C40B44AD4C2429C52723A012E6E9367664D92265C4453D
137,run_137__fold2__alpha1p0__signflip_mu0p2__tea_fl__seed123,5453,1D8212F0EE808346BA403C255800025BCFFF912D5EE09BC546203E9641FF8104,E29F731DF915008A151FD90C47A961768DF4796D51E4CC5625A44A6DC39837FD
138,run_138__fold2__alpha1p0__signflip_mu0p2__arl_fl__seed123,5616,54978FAC16291ED01686396A2A622B3F3B8F9CF71E3087DAFBAEB9F589ED96D0,468D63BB0A2E12D92C12FE7BA7864CA6F86C949DCD57142C5E15FDF721E29E1A
139,run_139__fold2__alpha1p0__signflip_mu0p2__fedavg__seed456,6104,ED93F97E812B6FDFF505D977D3330385A813F02325C44A79C6318AD289EE9158,82AF053DEFD0FC6363BB384CBB608D978ED7491C157231F560C7299EFA519357
140,run_140__fold2__alpha1p0__signflip_mu0p2__fedprox__seed456,6104,20CF10AEB2C581838936F7369BC79489AFE7A3A6BE28259AD7470D62D1D7943B,9DD5B3CE3AF475D82CE08F827E7C0EE012B97D830267A145E371F179C139EBFF
141,run_141__fold2__alpha1p0__signflip_mu0p2__random_trimmed_mean__seed456,6104,F4BAFE8E887EBC145F55EBDCC1FBBB8FB5F9487D7697E0981A10521B8D0B67D2,4139BEE8DEE3A6488150A3ACF0A5535DD62BD15A2EF9622C834B5B2265CE1EA0
142,run_142__fold2__alpha1p0__signflip_mu0p2__fedle_adapted__seed456,5980,AB3AF618D4C676FB7C07813986D86E858BEB99707DC1FE3AA7CC4CCA2BC8A0C6,8C87BBD3A1E5FF7F3C47C90840ED87F4DD5EFBA8ACA1B49F2FF9E687E4A033C6
143,run_143__fold2__alpha1p0__signflip_mu0p2__tea_fl__seed456,5463,44CE29DF78DC3FA8EFD5AC58BFD86A69C6B0C33ACB029D5A718BCFA4FBE522E1,E1BDBB45F30E721EF77C970C73E3833D89C1FFE03A38E000D3CFD798AC4B775E
144,run_144__fold2__alpha1p0__signflip_mu0p2__arl_fl__seed456,5604,8400C2C554835D46413BE0A53F7C28136B8E3D5156B6CB3899D237C3BC7B4FB5,2F2A9ECF886BE242EF99A30FE9AD66BCA857AC6C9ABC5AE10E42146A09FB1F48
145,run_145__fold2__alpha1p0__signflip_mu0p4__fedavg__seed123,5904,7E550BAC98A87AB446C92122D2CD1CAB1DE897D75BBBA08A4C1AA0F062C22545,3EF79C0F1EB6031B9F0B697396131597639D391E44571F46468B6BE1785D688C
146,run_146__fold2__alpha1p0__signflip_mu0p4__fedprox__seed123,5904,17B564578977EA72DFC554F188EC4EFCFD2ED92133C5CBC43AE347A23B37DD16,E9F269F9D00029997EE251D5859354D05A5DF7738EF7350785DB7632AFAB2720
147,run_147__fold2__alpha1p0__signflip_mu0p4__random_trimmed_mean__seed123,5904,303C7E722453FCFAA4A42C85874BEE677755CE34A472514A2ED4C95BBFC0243A,834FEBA3F8F160FE25BB4A9D2A0E7FDB47909CFEFF1D138E16C026FFDE22730B
148,run_148__fold2__alpha1p0__signflip_mu0p4__fedle_adapted__seed123,5934,FAE17930027DD98C1FE14B061ED6417A384E7B841C61AF339F18267D065E2882,F009499EE4A1FA6E7BCCBEE5AA46602DBF8A093EF1D04AB129407BF9B8560225
149,run_149__fold2__alpha1p0__signflip_mu0p4__tea_fl__seed123,5462,9D7DC98E70B07FBEB237AB00F33B0EF507CEE0E06829BC489E768AC668DCC41D,44F6A44F8592D1572787643A33D16DA09ADA40462A9442B8EBAE876F7ACD582E
150,run_150__fold2__alpha1p0__signflip_mu0p4__arl_fl__seed123,5631,9DBC5EAA6C969EA9C09947DECF90DFE62A5CBB9D8A4C9811608CC469A9F6876E,75373A802DA0FA4CDDA884D819A2A2C457C40B19EFB8F0CB70ABD200BB12F09D
151,run_151__fold2__alpha1p0__signflip_mu0p4__fedavg__seed456,6104,076A8DDC750C64E285CA500D27208B65129786752B90C96F2C4475F0F934C606,8DCA70B49770D1CE246CC1FA3CAE62B7DA95A9298571186CB57A041D71A73592
152,run_152__fold2__alpha1p0__signflip_mu0p4__fedprox__seed456,6104,DFCA50CD4C5A48A8A782AA838367B75C53AC20C50345F98E96328C299C43E6D5,92BBEE15BB6682CFE5B85B7C821C93DD8F59CD9FD615E165B06EC881E968FEBC
153,run_153__fold2__alpha1p0__signflip_mu0p4__random_trimmed_mean__seed456,6104,B51FD836DD7A01F7497B118BD0215839B2D7DAB1FCDDAB638A3842FD818A3FF4,61037BCA9C5775AD0C8721E03B5657474A1C9C5E798FD0F3A924AE8E72072F3D
154,run_154__fold2__alpha1p0__signflip_mu0p4__fedle_adapted__seed456,5980,D38625D51B17A6065F3F0D93FBB485F1042257D75B4567B4B9B7BB1D127837B2,1D991E00A47C3EADB62899668A15AC62A44342AB75FDEEAC9B342FFC4CA00761
155,run_155__fold2__alpha1p0__signflip_mu0p4__tea_fl__seed456,5601,FDEB0A33CD736CC160A7B7BA94EF5A78744BEA12FFE8E0104B2BE24949913278,1F70D85789BBC641CBEA2CB07C14789A5932E3F68A653FEF2641246E573AC3C9
156,run_156__fold2__alpha1p0__signflip_mu0p4__arl_fl__seed456,5673,25103C0609A1D567FE255D5EFCC92116375052FEC71B593472B007A7BDD586E6,F2114BB23046FC6EABB0FF6F5837038C1D489D530FB846730F9AEF17014E15B7
157,run_157__fold2__alpha1p0__labelflip_mu0p2__fedavg__seed123,5904,3C44517F856709D7611F832271F7F35B67D1E3F4354DB7A6C0E01E198241C822,631307FF996716C1191382FF45CDC96DFECE7C10395E19643DF9307D35B0E6EA
158,run_158__fold2__alpha1p0__labelflip_mu0p2__fedprox__seed123,5904,E9A356791EF3613002BA7E2B7B9C69F461549BC77D2462D5F1027CA92EF6CF3F,8BFF3192023DAB897FB789F7ECAFE7E170540926ECE5F5645649A95979272518
159,run_159__fold2__alpha1p0__labelflip_mu0p2__random_trimmed_mean__seed123,5904,A25792574E6D9B9AC31FC8953C62272465E203B5B4A662993040B758B251BBE1,08B9796B398BD2EF4C555493EED298612A84D3580A33B8D6DB4CC312C28462D4
160,run_160__fold2__alpha1p0__labelflip_mu0p2__fedle_adapted__seed123,5934,AB856D85C49791623DDBCD92FBF34B58A73A0CE1E1EE39FEE1F8E3DAE4BFC608,48AE962C9994C2CAE75F8726D4F4AAF95AD813A8474A12760CDCDBEC2FA89802
161,run_161__fold2__alpha1p0__labelflip_mu0p2__tea_fl__seed123,5436,0DE68DB351148A11F2105359AB837618C653CFF0B6E597F86CC91683A0EF6E12,71F615905806058A7903D03A89E9E50C3E7EBEA868F3B8E06C9B85DAEA76CDD1
162,run_162__fold2__alpha1p0__labelflip_mu0p2__arl_fl__seed123,5574,93FC687D0D430E8D6E16CCBF825EA4A46AF5F6B3C9B4A7F3706E8DD03F201B39,D1725EBA8A321EE8C1957C4388718A0049E53FAF9ADA90FCEAB9B91434430BDC
163,run_163__fold2__alpha1p0__labelflip_mu0p2__fedavg__seed456,6104,2FF75A582567CC7504E685D871CAC897F864E3FD7D60B9489585565904987AF1,A5D7792B9F861875D2D0E3767E12E4957471A2D73EF4465095A89F9FB59E49CF
164,run_164__fold2__alpha1p0__labelflip_mu0p2__fedprox__seed456,6104,05F2D90327D5655D8AAB6E219144369EB2A5FEE8CA163FE180B8247A7F005788,902705642A2A365DF419D9F46DB20B609959C03A860B1952B9A6262643429D68
165,run_165__fold2__alpha1p0__labelflip_mu0p2__random_trimmed_mean__seed456,6104,232F94B6B15C38A4CF6A719D548600EDF802419B1E38B42F410F4A0A7E24ABF8,9747CC134F05565C412F0E537B0C44F0C2C635F5A7B6D6E4619EBB2CB2EB53CF
166,run_166__fold2__alpha1p0__labelflip_mu0p2__fedle_adapted__seed456,5980,3052A0C8A985C3A8612A1469A99A7BEEDA6BCCE085949F10910430D9D39289F9,8BE85F3454B9980D88C9AD3B3B25B6A849F8679E2716D5D71A89F116F12981D3
167,run_167__fold2__alpha1p0__labelflip_mu0p2__tea_fl__seed456,5508,4C970EA60B9BB32B8174E74F6A2CD8E56BC62DD7A82C533674219790EB7191C7,8A8AFFDB42356F2E7D2BB69D9D644FE9F5496FE57BD062F68407211DBCE0E1F7
168,run_168__fold2__alpha1p0__labelflip_mu0p2__arl_fl__seed456,5564,BD5E2279F5ECD241D0F511CEFCA3F29323D60C7AABB64CF4D33F3998B49EAA30,642381D4A10E7958A5B8E11790219FDDA619A8AFAC5168E9EBF5D7A93DA36E6A
169,run_169__fold2__alpha1p0__labelflip_mu0p4__fedavg__seed123,5904,B643CAF6F57649E8179B58786E34C427DA279DF555ED4F4738A79FE10E891DED,B11B7B3E3D2697F29E9312EAC6E020212380D7D2582009AEF0996436AED98AAC
170,run_170__fold2__alpha1p0__labelflip_mu0p4__fedprox__seed123,5904,19A83A97C0FD7DADBB8B518A44F68D2915BA3BECFF01C07C5FCF5F14ED911399,364BE82F66F6B279878557B106EEFECBF0BF5FC39B8044DC0DC7AACF271CD021
171,run_171__fold2__alpha1p0__labelflip_mu0p4__random_trimmed_mean__seed123,5904,870C776F89FAC19B8CBD7107BBE9861674B9F0AAFE8F6AA042CD43074DC07661,74413D8DE6E69B568270498F1CB8575A5AAC160532B8EC4BDCE50750200F767F
172,run_172__fold2__alpha1p0__labelflip_mu0p4__fedle_adapted__seed123,5934,D30592EB02AF6594681C286AB0954F468DFE7ECC2FC86544AD98F7790F65AABF,C65965FBF1912CB6E66515C783538A119F93A1B03B70CD58BFBBBC97EFE19F93
173,run_173__fold2__alpha1p0__labelflip_mu0p4__tea_fl__seed123,5398,DAA6811B0B5D32CC165C1AD28898E9F19190DA57936DD5BD8D70B82EC6A3949C,63E07446BF28CD0D8621E647B6CD922849F1B7111FA03422962A3EA071128623
174,run_174__fold2__alpha1p0__labelflip_mu0p4__arl_fl__seed123,5508,A640F63CC30606A3B17F8B28584F374B7445C5D58D6269FB5BFA93FEE5BD1ADF,000A38CADF06B00AB1B884570C493D6338A4EA974045D3C3AC4CFAA9810161E1
175,run_175__fold2__alpha1p0__labelflip_mu0p4__fedavg__seed456,6104,5962ECB9F5D2BE69180F51ED415DA65EA0EBB9B6A82F69AE482FB8BEA23A1FA6,2ED4AA37FAC08F4276F070367E0CEA9FB21C27CC970AABB0073E4D30909AEF36
176,run_176__fold2__alpha1p0__labelflip_mu0p4__fedprox__seed456,6104,74AEB411088443BC362C18FB6DEF82CE0D4080750754BFE6DF88311B8D420E5D,14C37E648824BE384293DDD756C1B1A0F167FE108A28F090A4496293F5A961AD
177,run_177__fold2__alpha1p0__labelflip_mu0p4__random_trimmed_mean__seed456,6104,5250EF76BD1E8EA23CA3B0C8AD60E9A57788704827FA311240FAF991BD32BC2C,A7A868F11D4ABD05CFB120788200D82F91BDDBC47B337395B50292254F4FD499
178,run_178__fold2__alpha1p0__labelflip_mu0p4__fedle_adapted__seed456,5980,49E4D6ACF93CF0AF8A26DE9C98E6E94AD40CEA10865E9C738911DE09546B8415,29BA557BEE747A640DC3999D863B2FF730ADBC33AA210C1D5755E8D399D658A6
179,run_179__fold2__alpha1p0__labelflip_mu0p4__tea_fl__seed456,5629,66BA430A9B832EBADFB7DBB2CAF6C4EAB1FF935AC788A25EB68957957FBEA04F,01C9AFB12B7EDD883898EF74093ABF6AA9164458CB98CE808E936FC19955740D
180,run_180__fold2__alpha1p0__labelflip_mu0p4__arl_fl__seed456,5532,952424AFD421004F99536740EA8F5DB0D3EAABD68C7B5CA1035C5F2D38CC82CA,CD316077E852A48A2CEE0A46CE93531EA53CE5881731EE60726C86FBA89E2ED3
181,run_181__fold2__alpha0p1__clean__fedavg__seed123,5754,B36BBC41175573EF82C0974BE89D8B43B3900D238106EEC5E1AD310D4FE1FC25,7296CD2EB31B9ED47D7ECC0B4004DF7C9BE673DA126BB6841CA2C70B5B7E23FC
182,run_182__fold2__alpha0p1__clean__fedprox__seed123,5754,2E6DAC4E071FDE558A4A18A661DC11F1C61283D83A544982A98293D284E06AA7,7BF3DBB81D98EA047073D2213AEA046303018CF430F644D4905A21998BB1B351
183,run_183__fold2__alpha0p1__clean__random_trimmed_mean__seed123,5754,951924244B62C58285F18305B5D91C0886511C80EEA6BD99467CBCA58C5D79D0,97BCBDB3454C8BAFD01095E754E8795520F8A95B811B68EE81A1F24E7CA47E83
184,run_184__fold2__alpha0p1__clean__fedle_adapted__seed123,5902,5564B4550304D50F435A432FADF227F1F3E5A7CCB1DDEA05A71D10B9139D18FD,DA7985D88625B801DBB2B5B41FEDFE11E19EBB6102EDF8260EE78E44A36CE80A
185,run_185__fold2__alpha0p1__clean__tea_fl__seed123,4780,D6C032760D71CEE31657AE4B6A5443D41694C60AD79FCC5AEE1DF6B6722E49E4,06235AA889B0B5C48DD76DB6371D5502CFC49304C651D0F0CA6FB9B7BB6C2D15
186,run_186__fold2__alpha0p1__clean__arl_fl__seed123,5426,AF5C9F68F0A94F28761CCC12CD5328A547C3CAD029D2E680D252440E5724119C,6E08884F3C77F6EB97395BAD8534E6D6DE054842F06060F7E6BFA1FB9B70B90F
187,run_187__fold2__alpha0p1__clean__fedavg__seed456,5812,29AD605966D3E72D0CA232E372711C867A9B3F7805440DAA99BFEA23E94C6991,D3E602982297541C2E14815893CD21F7DEED4010B7A224498C1F5899F8392E5B
188,run_188__fold2__alpha0p1__clean__fedprox__seed456,5812,5FE5A6BE747F2DDD7C51B001C5AF1B6AD65E2FC138CC699F0B5B51BAFD8C6030,DA0F554C95E534FB3CFC9FBC793DF92A79B3E2EE459DF2BDEC98E377F0D653E4
189,run_189__fold2__alpha0p1__clean__random_trimmed_mean__seed456,5812,2BA23545785A660536B3C192E7BBBBD77BC4E35D7ECBF7213F5A2DF4F936B3BF,A089CB26CA5394FC7500045A41241EDFC0F0E30AAC01BA3EA890B05AA6E66172
190,run_190__fold2__alpha0p1__clean__fedle_adapted__seed456,5857,EAFE825348676DBF2CE136E3830BE9B948EEF3859B07EA5A2627D68DA200F438,F44A4BDE385A3015A6DEA9CCF8FAA98101C024FFC0ADC8024443327425491A1F
191,run_191__fold2__alpha0p1__clean__tea_fl__seed456,4667,01AA335025F8E557F510711440D96425C910FA5E61E0779501BF732D641FD0C2,609813727722FC9AF19FE47999C2F6F17BE8600B9E222E208F5E1E9A8C758CC2
192,run_192__fold2__alpha0p1__clean__arl_fl__seed456,5405,F7E041420DE2ECD8A9FF5F8B1BAC2181B3A2C8A1384C974DB53786347917ABA4,4A4D4502B6BA46FF1F10B1F7D5DF7B1F026106ACBA4C37ACCFC798A8D56E1DDE
193,run_193__fold2__alpha0p1__signflip_mu0p2__fedavg__seed123,5754,11A248E3BE88BFFBCC3C895CBEC69AE0BD9376635A8DF91CF022A3B5E5CDDC00,79170080C8EEEB8A862C113011803A20B2631CF904DC5525BAE54104130CFBB4
194,run_194__fold2__alpha0p1__signflip_mu0p2__fedprox__seed123,5754,46820E3DC3602E240001500A9E611FE5F3C56232BB21DA4BD89E7BCA8D1393F8,6C4D842EADD36A5D827545E6C593DC6E35FA77335715807FA1D6DA9043332A25
195,run_195__fold2__alpha0p1__signflip_mu0p2__random_trimmed_mean__seed123,5754,B481952DFB0746F83830A470DE3ACE3FB45ECA5F5FB36D1CCF87581E1674B743,61FEDD8321CFE72B01C336213637049D6602B20297AD02E7B61F39354DC6F004
196,run_196__fold2__alpha0p1__signflip_mu0p2__fedle_adapted__seed123,5902,A24CB69BA9E3D4559096133A18790F7A3E80F119FA83E50A3AF139393512EF88,FCE9961E7BCCB92EBFCA2843E8F903D3ACBAE415C1F0E474182B1C56D5D3D583
197,run_197__fold2__alpha0p1__signflip_mu0p2__tea_fl__seed123,5143,6880C9D0B1827A53D95D26381DBF40471650B6ACA6C5C85DBE193E7F9147208C,D3770D1DDE26FEFAA9E77285FE635C6F4FFB31989E772C712F910CC72A4C6324
198,run_198__fold2__alpha0p1__signflip_mu0p2__arl_fl__seed123,5480,207437CA752D0809457A6836F05E4D80A0B73DC5803AE1B2D621C8A1D0CC2906,86635AF472027C582381822BB5D7BE11AAC12CAA75095B52953F73CB6DF5A404
199,run_199__fold2__alpha0p1__signflip_mu0p2__fedavg__seed456,5812,F82AEC845520D02D817BFF72E4D32A37089530D0E14F0DF3EA2E216ACEA5B162,4B628CBC133A76CAC96FAE6867E70B8666456A4BA67F872825933BE36D00D92A
200,run_200__fold2__alpha0p1__signflip_mu0p2__fedprox__seed456,5812,3107BF0B0C44F4578F62C1405E4EE31ADC5682F30DEA45C870646E324987BE33,3267FB8F823ADE641A633A19140937B73393DD50771EFF082E297E51EE7784AB
201,run_201__fold2__alpha0p1__signflip_mu0p2__random_trimmed_mean__seed456,5812,2C5B5FA51B900EB60D32AA0BA222A5ED834A44DDAB3F9EAA4455DE1A927B21E2,39F48B25FF9296E0DEB2DD4CAE4A40FB918A7FA69F374FDDBA470B24119F2C2D
202,run_202__fold2__alpha0p1__signflip_mu0p2__fedle_adapted__seed456,5857,3B200839671925DCC1E2CD8E4FCEFC13A66E295F832CB567EA8897706536A63A,8698DEDC840C21C59523C42EDA57CFDDDF94C95D71985E3766130D9DE8F77104
203,run_203__fold2__alpha0p1__signflip_mu0p2__tea_fl__seed456,4928,9B010E17C151328254E44642645A740109643B8257C304DFF71934FA51EF1FA8,3FBCEFF699B5A191E002A22FC7766C496F93C5DBF4F8756D4B9843C70F2DE1F2
204,run_204__fold2__alpha0p1__signflip_mu0p2__arl_fl__seed456,5410,9D2B2E47FCC4E6A3A07EA5117618FD995863BD034FBB92B5E842F1F11F01990C,42A476323DE7483710BA15B4B036509F09AE885856BB76726CF19E794680892B
205,run_205__fold2__alpha0p1__signflip_mu0p4__fedavg__seed123,5754,148BEA25F9389F3ADF41EA8DA00E25D210A1A1788C0D92D9087803C0ED8725C3,40FEA20A275B4062FFDB9EE308E0F34CD47B26B8CFBA5026F63E96B7D6DF5ACD
206,run_206__fold2__alpha0p1__signflip_mu0p4__fedprox__seed123,5754,5F88C1CAA833DD1FB017FADE9F2FD4F3D3B4662A71067F15C7887CF23B2AC073,DAA5FFB61AE2B9D7C14D3DD3F02CB23FD1CF9E13DB420A21BE7A300161568886
207,run_207__fold2__alpha0p1__signflip_mu0p4__random_trimmed_mean__seed123,5754,8D0BE567E92FA91AF6C28F8BF6B1ABD06ADE7653C7CCB326A44E0F645C210991,59CEC696A48C5BFC4719B4F361DE840879AC09FCD612CC83BAB93606F36483A3
208,run_208__fold2__alpha0p1__signflip_mu0p4__fedle_adapted__seed123,5902,7E53A6089F4214988CC12113ED786FAED73C7E786011A6EF7111C1F78B975273,934DD0197595ABFB2DBD896645E73C172BF74855EE369EA3DC64A763A0CE760F
209,run_209__fold2__alpha0p1__signflip_mu0p4__tea_fl__seed123,5203,0B3839BFB42283D7ECA0E9EA06D1039F245005E5F037B31F1E6289E585895ACA,6D8298608D4B911C299173DB19E71599F6FFABE889BBF5C95AE51A794FB196B0
210,run_210__fold2__alpha0p1__signflip_mu0p4__arl_fl__seed123,5523,6BCF9AA6AB7D5DB63A4FB38EA4E94D3053567A4D02F8E970658D1B69E760572F,3E57CCDC517EFE097561F6B93493C608E4AD26C352A28825B41464F14C3650D6
211,run_211__fold2__alpha0p1__signflip_mu0p4__fedavg__seed456,5812,B524F6B1EB2E16CFE211F6C731FE288F2A22E5CD1189AF3F0C25FC3BE699649E,43BD7B1D9411131354E7F109F32BAD8C59C47C52D385BA685656DADC0631DEE4
212,run_212__fold2__alpha0p1__signflip_mu0p4__fedprox__seed456,5812,4757C070564E1B7F96664C95F4E48B7B4068837EF0846346CC63DD18B9D1BD6C,994DF112FB948BE4A829D54D5F6DF0750EC6FA45FCBAE03595EA3A4B20B9832B
213,run_213__fold2__alpha0p1__signflip_mu0p4__random_trimmed_mean__seed456,5812,EB030CEE314C4A232ADC4A7AC58B81D5F92D21628C83FF8D15C48A4B03F05CA9,7A94AFB4DDD9A29FD5F500489D182834DAB3F831C99309DE4ECE2709A67ABEBC
214,run_214__fold2__alpha0p1__signflip_mu0p4__fedle_adapted__seed456,5857,87CCCF90AA59134F44EB8DDA285C1C2F7BDEB07E1F51BE23C001C719F9B3E6AD,1B5A2FA4466A1900E81D8E9DB9F19AC5B9F2ABA68C5E06828D21BBB60B817F89
215,run_215__fold2__alpha0p1__signflip_mu0p4__tea_fl__seed456,4828,FBA9277B1E8C947639EA76281E9EE69144FFEA0FF8CEE51CBDF32F4F7405F7C2,F2F949BBC717ACA1A80845E4BD24E135F8991C1F69F3DDE0B049D24082B32272
216,run_216__fold2__alpha0p1__signflip_mu0p4__arl_fl__seed456,5364,A9EB96AEA2B19215A4C6CA9D879BD85C818DB1CB0E398F8FCDD4CC37F7289ECD,C667394E01EA44F9282966E93618556193B878518F67AFFAD373CF658EE691A7
217,run_217__fold2__alpha0p1__labelflip_mu0p2__fedavg__seed123,5754,702DC626D4A96C4EFD8A4BA9057DC68A0656EC8140AEDB086B6ED1C53C7E5871,89D1AA026CDD3A2F72B0E5A0D9EB994144A322DD01BC856E8A79D8E162144F3F
218,run_218__fold2__alpha0p1__labelflip_mu0p2__fedprox__seed123,5754,743A3B1884F51DDB66DC2CB0FC48E56EB70F7B4AFCC607F5EA47D515C101E9A3,6C538F2EE8F4F21BF6E58B995E20AB687AED9FD326FF3E67951281CAFD45956D
219,run_219__fold2__alpha0p1__labelflip_mu0p2__random_trimmed_mean__seed123,5754,A9D0E00C30A6E33158A8FFD1D19112937486C7A8FEBB27AD1E5E7B72E3A5735C,C88727DC7DA5A7479865B915015A17C786C49B48F4CC8F5B4613740414D1F2A6
220,run_220__fold2__alpha0p1__labelflip_mu0p2__fedle_adapted__seed123,5902,5186A2EB565BA3D83D4BE30FCD9D1A92361BA380EF3649AD20AE6E265EBF1026,39234F720B64A4B8DD043FF1716E9E240CDBDE388B936307C8F615001FC2E43B
221,run_221__fold2__alpha0p1__labelflip_mu0p2__tea_fl__seed123,4747,D70C0FD4D1AE0B57C3C003E76E0C7AF375F911628DC5E2D61622A1F7C6A2A27D,C41F9B56BE91D6410448175B1A4FD91677DAFC545193F304A7B5789F72687D46
222,run_222__fold2__alpha0p1__labelflip_mu0p2__arl_fl__seed123,5440,EF5C3B5F798F4F5B346C2FE8758364FEFD615634E161493F8F60C373BBB55652,38812F0617E451E671B82250A92CB4DD17249F8D02CF27CEE5E129E3920D5E14
223,run_223__fold2__alpha0p1__labelflip_mu0p2__fedavg__seed456,5812,568EC3272A7EEC0AE0C2C53C7582F8D0087FEA1B408C23AA7C5CDDFEBBF20821,853064591DF9D07F2E45514E120479E0E1DEE3D9C6D2F2EE34A41C94AC359B4B
224,run_224__fold2__alpha0p1__labelflip_mu0p2__fedprox__seed456,5812,A56F417E9C23F7ADFF5364A4CA48574FA5A36B9C1DB124C7C59DE62FD5C579B3,3D60B4A2865664C8046BE2AE64B0F156D8954927834571859F875CEA0A959CCF
225,run_225__fold2__alpha0p1__labelflip_mu0p2__random_trimmed_mean__seed456,5812,FEAC45E4418CA498A5C852A3C238A72FCBCDAA0BDA228DBEB4A5F028D7D3FAFE,626ADF30FE8B805AF92994ED497FF2852EC76F7EF2503208F4C5AE7EEB4C6797
226,run_226__fold2__alpha0p1__labelflip_mu0p2__fedle_adapted__seed456,5857,D3849A6D51559A781FBDF96E6447C60EFF424CB4E160D8FC8C31688F239E8D92,EB8D9F668E672DF1BEE2EE42B7F7FCD59017630D20A128EA80355DF01BB65054
227,run_227__fold2__alpha0p1__labelflip_mu0p2__tea_fl__seed456,4663,212CCF367A0372EF713A51E6C5471EEF7E0591B7650150E73028E6059B4549E7,2072E072AB4CCE3860AB075E0A8775B35F1AB0ECE7EF4DE780751DD984702D2A
228,run_228__fold2__alpha0p1__labelflip_mu0p2__arl_fl__seed456,5471,55C589B3217E70B990CE7E5627E507D63124C3BC85744E5EAE8C35721A01F58E,03FB2DD1280F6C9668A6725120B752A82803D5E8E8AF92F11A20B257AB30DE59
229,run_229__fold2__alpha0p1__labelflip_mu0p4__fedavg__seed123,5754,97C505CD8E883C3D72780861E74D34AF86C0B58D481183B9C3AB79A8C98EB14F,DE461D1818E13768E6AABA7C1EB51C86ACDE569433CB9B9246B22782A56237AC
230,run_230__fold2__alpha0p1__labelflip_mu0p4__fedprox__seed123,5754,1542191ED6413198FAE1578C8A635949BF671DB999B95B3CC2649293A3381AC7,CD7B4FF61C43FABA70C714D7CB0C5FA938970D061D0E8B92781D6C7AA60C3817
231,run_231__fold2__alpha0p1__labelflip_mu0p4__random_trimmed_mean__seed123,5754,8E31BEAA534BB1DF910A30992B3F3ACF56329556AFCDD47F18630AE632C20341,47D3A988F2ED473DC0244FE6664D97C07C605222E210D3051995AC427954989D
232,run_232__fold2__alpha0p1__labelflip_mu0p4__fedle_adapted__seed123,5902,91D588A0DFF09832007E93045A69173BBD72FC71C33FC9CC3FF96A47CC14143D,B0171DB1CC918CA609398B0BC0C48099FB5B85B81196352F78B87AD1060FE9D0
233,run_233__fold2__alpha0p1__labelflip_mu0p4__tea_fl__seed123,4746,5B949DB3D367101F9444482278DF380B8354F0DE9F7907536BD9170D766DE07A,D455AD4D1857C17D17D70369EF681290ED0F1357D7B3A1ECC3DE4D60C676D324
234,run_234__fold2__alpha0p1__labelflip_mu0p4__arl_fl__seed123,5472,6349E59F2E15B4E8E01E295A2CCAA21A33D599C812ED8F26A156A48DBF81868C,32C1A44C17C472543823DE678C772B47B2CE7B9ABDEC1E8CD07D061CF3048ECD
235,run_235__fold2__alpha0p1__labelflip_mu0p4__fedavg__seed456,5812,2059AC7484EDECCC94E31B85A997490C6A88A0F1D26B4F529CE2E45B1C42A9CB,0AD83C94BABF2BBA0E85418F4425F473931C0756A5BF28281A15AB7B5EDE5CFA
236,run_236__fold2__alpha0p1__labelflip_mu0p4__fedprox__seed456,5812,3F23C4F09A78853634D2FA74B416AEBEB596DEE83C25BE59A16F50EDB9B95609,D9D204632B55CBF99BC1B3D9CBDDBF46129844D50A216964725C11AEA38C05A2
237,run_237__fold2__alpha0p1__labelflip_mu0p4__random_trimmed_mean__seed456,5812,17A9BF2EA6D735262328BF804927049A1C52F086E305AC37473E893B8AC44298,099C5111D98E0320FDB3161BF987711DF48F689B1138CF330F158C4F41BF32C7
238,run_238__fold2__alpha0p1__labelflip_mu0p4__fedle_adapted__seed456,5857,D008D765F2BFA389590DB587938FE7E786E971B9EDA966EA6CE467659A2D211C,E8891E1110A1FB7A9F79B585F82D2E1342F7D01E670B4AE259424F8262A23E7E
239,run_239__fold2__alpha0p1__labelflip_mu0p4__tea_fl__seed456,4703,FC2538C97E491C11A1A21F0BEA1306AA1DCD359EDBE0F9601E9B6A7201FA3B70,EB622D673E969F4DD692D28EA73B4245927C6BB1886BC2F38EC55590495A036B
240,run_240__fold2__alpha0p1__labelflip_mu0p4__arl_fl__seed456,5475,45BBC15A8C444C87350153B3E3DF3613020BE153EDD911C01E9D3E2A00DB05A3,2D11CF8AE39504A710E6692FDB02F72519A873976E5A75DA9ADC863EB2F0FDEB
241,run_241__fold3__alpha1p0__clean__fedavg__seed123,5762,1E9230A2E0070A627906853F4216C6059DB31DD60E74CD7F9DE9D5347343A28E,D8B7F6C0B4D70B02C75F1DF390E05F1A1B975D7F97E30D7EB4D07D976118CD49
242,run_242__fold3__alpha1p0__clean__fedprox__seed123,5762,3EE488937FB6FB0BDDD601D8ABBDA4F5D4BABC33A286A2B51D964761355E91E4,E6753DB46BC635C009FD471133EF83AFB67F1F117451B27D6C3FD29106597141
243,run_243__fold3__alpha1p0__clean__random_trimmed_mean__seed123,5762,8D0FF11BFF544DF3EDCB09D69ABA07B8753879FF1CAFC6522D9E29F677A65CFA,E4616EF91D71A8FDB6559DE76417159BEDA5D641F43A8AD176381F71E97A9256
244,run_244__fold3__alpha1p0__clean__fedle_adapted__seed123,5924,6988DAD0D525804DFBE2FDE920E4AC3FD740F7590FEF985EFA8E121C6A9CCF45,185D7391B2977631604E04EECFF2CE61341F5B81E7CCA16AE78A9761153E2B19
245,run_245__fold3__alpha1p0__clean__tea_fl__seed123,4894,7CEFF39327C44B089AA1708749BEB6011C6D19B94FCB7DEA80543543FD097886,0C111B84C57C2C5CC33635BF61BB1272226F76B0CC2968BB9C32F234882E2538
246,run_246__fold3__alpha1p0__clean__arl_fl__seed123,5523,819C75A3442CB8ED14A273652C94BA25EFA03C0C35000756E31F194A65636C5C,BF32C3623DFC9D3C659FA1BA2B8E7646F164BB6735919B4F9AA7C933538A414D
247,run_247__fold3__alpha1p0__clean__fedavg__seed456,5961,4745FD4971EFF649193EF4309AF564D92313AEB3656321845B72820A18AA203B,15B08D82168D7F2C0FD5B3671263BC86E1C5ABFD58F7D203322E5185768FB170
248,run_248__fold3__alpha1p0__clean__fedprox__seed456,5961,C768CCEDBC07BE5074654CA791D4DDDFB93A136AA606AF408C532DB339B91378,7C3D70440ED8CD7E91AEFA2811A103AC1492F74BF0C8A3000D43A20F1B3E09C8
249,run_249__fold3__alpha1p0__clean__random_trimmed_mean__seed456,5961,3FD63672AC1BC9BD24EDC2BAEAFB88D2FFF2139A2FA48B088825D76D86299683,D5804ACD83FD9F4B6621C788BFEFC392694370E9F46B8F12AA6CE40B765F4733
250,run_250__fold3__alpha1p0__clean__fedle_adapted__seed456,5947,E02D3E2F9D6564B28DEE259E1DC20F0770080899339473EA04AA9AD76DB3EEAD,72B24270FB9A187F90769136E6A017EAFA98E1F738C43B24BC06143665F1C0F3
251,run_251__fold3__alpha1p0__clean__tea_fl__seed456,5251,ACD6A6831DCB64F0D29472A61F74159B1AF3E1D6DB34F15EA8E32892068140A6,A1E05319F2B5E2B58DF793C028A9F32F79D0B86E457376317F4E63C5B2BF42D9
252,run_252__fold3__alpha1p0__clean__arl_fl__seed456,5443,05D4F6C8EE58062AA6B78EDEB1BCDE93750FCEEA1277F6C10080DF97DEA19B41,1E575D56CDEEFACD75FED3BCF91B4C95D98E142EE1E523DF2F45B9D40D7970D6
253,run_253__fold3__alpha1p0__signflip_mu0p2__fedavg__seed123,5762,DC14C840BE95EB06E90C267F11D3C08D4FF18C72517D23A47C98EC0735FC0290,6C73275049FC24596847B28D9E508EBEA6B1142705A908412727D34292015B40
254,run_254__fold3__alpha1p0__signflip_mu0p2__fedprox__seed123,5762,8F01C2E1940096BF20D81BFCE32F60EA708CFD02A669797A7A6D96BE8D622D27,CA9B448F6CACA31602CD854436C9CA2F32AB6FF0633AB14CC9FCB6AC7AF8C2FC
255,run_255__fold3__alpha1p0__signflip_mu0p2__random_trimmed_mean__seed123,5762,AE76CC5B37907A0C33C19806A9F24A282A657736BA74F132C7E182AE7FD7E61D,B315694508A1D48E4493784886F00FCA09CBD6155F1D98103613CF1D48FE61AE
256,run_256__fold3__alpha1p0__signflip_mu0p2__fedle_adapted__seed123,5924,EAA30590C0C8EA913203E2E8B89D94AACE4DDC2DF5C14C593854E56EF425DE75,81CD41EE3625A5EF9560E2910E45CA9B00B7024A14C8BA4D65CBB2CB0E1041FC
257,run_257__fold3__alpha1p0__signflip_mu0p2__tea_fl__seed123,5075,64F65B455F3C199AA31FF153144EFC0A0FAA0682834AC9760A0DF6B892448072,BF6EDA274D478FCF1CF52CFE8627C0B957DD3EA054D7DFECCCB795E78FC342A4
258,run_258__fold3__alpha1p0__signflip_mu0p2__arl_fl__seed123,5576,E43DA94C2F84B8ED48EEE999BEEAACFD1D7ED299A58CCDF8E09A4D66044B1392,CF99451487146D04E38FA4EB29B8177C68CA7A349BF8B58E593AD8C08C39FA31
259,run_259__fold3__alpha1p0__signflip_mu0p2__fedavg__seed456,5961,983CF62E0AA47DA0F1AE695053E838568C5743F5D616BA79C3612746CD5B4231,29940A5CDB714BD9704396B594A6A31BA7F2411FFC85ED2FDBA58920CF4A44E7
260,run_260__fold3__alpha1p0__signflip_mu0p2__fedprox__seed456,5961,D8D9F670DD83EEA91B844305ECB8483C3704A883A58B60719D47AF0756B6C84E,1C07FC4181225CF04AB8B19AB639AF3BD18BD083FBE7B550EB4B0A888A30823D
261,run_261__fold3__alpha1p0__signflip_mu0p2__random_trimmed_mean__seed456,5961,2BF6E81FE11475A1EB0905674F6CF2B1D95292906DBCD9147DC2CE3E9ADFBE61,90EFF539993526CEDBB9983ACD082FFD6D34F7B40A6C09BCFC9872455210CE66
262,run_262__fold3__alpha1p0__signflip_mu0p2__fedle_adapted__seed456,5947,2C4BE321048212A0592615EE3133F95E4785CD52737BFF5C36522988C0ADF862,B5E7310ED7940D6932B137B43F35BE5CD76DA94F380143E2AF2AEE69F77954B7
263,run_263__fold3__alpha1p0__signflip_mu0p2__tea_fl__seed456,5223,27414CE7566437B9996EC4B7FDEC8D89839AE4C7D20682C1F72A621409E43FE2,1D4AC64DBDF122AA01A0D86C35CD1D7D90DEC39D4EC435E7FAD89F992996DB2F
264,run_264__fold3__alpha1p0__signflip_mu0p2__arl_fl__seed456,5460,5EAA7DB8D175B521B2D5712C671C4AFD538A28B4F0632223C0D522573D601EB7,0294359EB059EAEC57108ACF2C9BC168079A24912678FAC47FF9739E62FD577B
265,run_265__fold3__alpha1p0__signflip_mu0p4__fedavg__seed123,5762,E603165F268859A3C4B0E84026CE4A95DA95F508C269081A63717170B3B7A04B,09BA4FA88C2F6B811A1246710B460D45D72636F702626AA4A04296BE69F2E7DC
266,run_266__fold3__alpha1p0__signflip_mu0p4__fedprox__seed123,5762,8E974054DDB28DDF6183B9463470FB53BE1BCA9B2AEF09EFE24022E13C894EF6,A3C967EE436E11961EEE02C9B89CB93FF3C8D591BE2945C56D0DE2EE8C5F0031
267,run_267__fold3__alpha1p0__signflip_mu0p4__random_trimmed_mean__seed123,5762,5BE2FB50FD09103D5316D47CBCFE1475CCB91967CBC401411F38878C44BCD3F9,FB21BA337F88576737594C91BACD27E8B934F854B7ECEF3ADA0643BC018CFF46
268,run_268__fold3__alpha1p0__signflip_mu0p4__fedle_adapted__seed123,5924,F519F1FDF74B7BDEA5DED4148F1E77CE1E2258A65A5F88D833CC815B023F6376,DD6EB45281E798E5F9474D4709DAF6B3859D0D1A8A7F4A2139FDA8DF783C1BEE
269,run_269__fold3__alpha1p0__signflip_mu0p4__tea_fl__seed123,5111,DEF31E923E64D0021D9BC1F32237F18E02BDDC81BD0B21FB8F3E5F2BE2162081,0DC2FCADBD11FAE4E5F6A4DBA42045F051E87CFFBD6BB5A5A47F3DE7C226705F
270,run_270__fold3__alpha1p0__signflip_mu0p4__arl_fl__seed123,5599,ABBE8F91C00D3A6D83F6F9F85224F01E0CDF9606E2F1AE1D9CF9E9FF430A3D60,4BB67128516252C74135137614048B14531CF4925FEFD05F6FC54C9AB8037D6F
271,run_271__fold3__alpha1p0__signflip_mu0p4__fedavg__seed456,5961,76CBA837D5552E01C4391D44507C49251A4486E904124E36933F7EBAF7A9D7CF,B5291B6490E0E32F7828ABA74A4A14816F9779F318A4484D6A715D47E99B2A60
272,run_272__fold3__alpha1p0__signflip_mu0p4__fedprox__seed456,5961,AF071E33021C382AD2CA30F4F4A43177A0435CD009445F47C3815D6E987FB111,405FAC231749371A435D88AFF6FAFBF56A9098E4FF9D3E1BDB475F5E5003A4C3
273,run_273__fold3__alpha1p0__signflip_mu0p4__random_trimmed_mean__seed456,5961,D2EBF8C0925953BEEBA88EB2A642534BC62D42B1FE1FA3E6EA224B888E3099ED,1D471B0DC34FFDE61D8DAB1061023D6F4C3F7F24B354E61E6181C20BA36F5357
274,run_274__fold3__alpha1p0__signflip_mu0p4__fedle_adapted__seed456,5947,03D9C765D03A0CE92C70832AE89B78647C1942E86D233B80CA3708F63A6E04BE,8B29CEC5C741F5429B8A02D3D9AAAFD8F8827FC09FB3A529EE6FCF262C267424
275,run_275__fold3__alpha1p0__signflip_mu0p4__tea_fl__seed456,5497,033AE18F6BAF7C936A62D21FEC198DF419C1F273C902C79D2F1637C6902E645E,6EAB679F7E3F63CE649EBE6F34790771E2DADDADD94CEE3D6FACE5D80361319A
276,run_276__fold3__alpha1p0__signflip_mu0p4__arl_fl__seed456,5538,3D74B751BA0326D2A9371E76E0282B236D17213AA78230CC13125B010E93C0FB,07BEA9B4A10131D8E393CCF8731334199C873C598E87AE8FADFD472D40B50891
277,run_277__fold3__alpha1p0__labelflip_mu0p2__fedavg__seed123,5762,691EC31F54D1238BB83AB086401E710F62D581CB7B78419CBAFA0ED074553E9B,053DCB305564773E92CDA37EEF6DFB6414FECFF4C66FE85B75E433B4BB5708B1
278,run_278__fold3__alpha1p0__labelflip_mu0p2__fedprox__seed123,5762,56E4ECB9AFF9935B05FDD1EA958CB039D66310F1A4CBAAACBC5087C43CBC9844,B30553CBED47CC2E465F5AEF19A8087445A59A266211DE461E4E646DD9C7EBC8
279,run_279__fold3__alpha1p0__labelflip_mu0p2__random_trimmed_mean__seed123,5762,64CB80C2319184806FE97CEABE8EA1DC12EBED3AB976A7EA784D9623A8524F67,F3496907A90636D1CD2B0C3BC0B9C6FA881E9D0532644521B7AC561ED67BB01F
280,run_280__fold3__alpha1p0__labelflip_mu0p2__fedle_adapted__seed123,5924,B64DE1C76325C043F5C473D4C45125B8A0EC59795C22AF96AD05A106F33FC25D,EA6ED8757D15678C46F55DC3348497C4CFF9CA7D90AA8245DF1707467BD264E8
281,run_281__fold3__alpha1p0__labelflip_mu0p2__tea_fl__seed123,5116,6FC01CA610A792042ABE0C72B1A484E51EB55F0CDD87BEA9B4AEBCCED01E5602,059594B243A474BB8370C0A1FA8A69E29B8071DAB1120FC92D0BDE27A9E47912
282,run_282__fold3__alpha1p0__labelflip_mu0p2__arl_fl__seed123,5509,E4ED2171B7DF19D8CD9475B8906C3550E336D09F9FAE82EC70CBEC421370DCD2,4ACA86A5900982557BB9D47C7E461DABB144B14F7E1E9F1A2FF0C431C803799A
283,run_283__fold3__alpha1p0__labelflip_mu0p2__fedavg__seed456,5961,3C075C989CECF2FB647571CA13F57CCC297DB2A3C8BD8B3453050DF5560C0CD2,89383286B243D5E41C47DDFA488BEA60A7205F4899595CAA9AA421AC33A78E79
284,run_284__fold3__alpha1p0__labelflip_mu0p2__fedprox__seed456,5961,C69421FFF8B96C95BAD62C222A122AC6DDA495D1C374E20DDBE6ECA7828B4CA1,C3060F8501311C1B7F78D8D8A7535734771AECF76A3038D5FE0F14B1631CE97D
285,run_285__fold3__alpha1p0__labelflip_mu0p2__random_trimmed_mean__seed456,5961,7A6FAEFE0C33CFDBE4D52F127DC9251262676CE0BEF609E0FD68419F58C3590D,9A24B6E9349E9126E0D52D9DAA182D3C84C75C79DCE326FEE90791883E499FF9
286,run_286__fold3__alpha1p0__labelflip_mu0p2__fedle_adapted__seed456,5947,54ACCAEBF498F43EC608AFB650977D1EC2A19874D8E4E239AE0EB50AD02797E7,56C7CC79DB787F405E4C5F3BDD72EDD8FF301184A759DF5639DDFBB3CCC72856
287,run_287__fold3__alpha1p0__labelflip_mu0p2__tea_fl__seed456,5206,FB05880BFB93499CD80276D07B30CC954103DC32DFCA02F1E2F070995DC5F775,6C9876E730EFE4FC134BE3F7C8405D4033E0F2D44F27735146668F547FBF91DA
288,run_288__fold3__alpha1p0__labelflip_mu0p2__arl_fl__seed456,5432,BCAE54048B10F4FF0EAA93EB9E725DC02F389038C2A5E894E05D84EC282C4012,8F385E6E5ADCAA5FF2AD3AC31E570AACACDB12E832ADD84CA11BB1D46524EAF3
289,run_289__fold3__alpha1p0__labelflip_mu0p4__fedavg__seed123,5762,56D83573245DAC8D57A070E9DD031C2D89C84E0A2DC8C6F5B6DD57FB1C3FB286,1311281772FDEE3AD972A6AEC0BC7DE73D91536C2F855ABC3F09B1C93F92445D
290,run_290__fold3__alpha1p0__labelflip_mu0p4__fedprox__seed123,5762,001A586464D6E3B402949C0C9CBF6B9FFE79586BFE29F18C7FE996CD937E65D3,5FC25BF79EF1741D94B16030BFABCC5D0EA4563CFF5F1781C10E5D8DF6C48ED5
291,run_291__fold3__alpha1p0__labelflip_mu0p4__random_trimmed_mean__seed123,5762,29EA4056E1B85A35DC796BB75BBAB197CD6D204F2B3B4BD08B6EE85C95E7D224,BF5E72084E4414928A265114C20B6E221331AF93E71B862E959C2D6839A9E366
292,run_292__fold3__alpha1p0__labelflip_mu0p4__fedle_adapted__seed123,5924,EE3EDBBC36252759F7AD594AA6AA6397B063A3E18016569A90FEC02F5415FFD0,26E9C2C9A938AC5F16801F961D7BB52454EC02F913CF8D8EC1724CABFA06F1F7
293,run_293__fold3__alpha1p0__labelflip_mu0p4__tea_fl__seed123,4961,D3B3555E535A082C0FCC58357AB4CC76E940CE5A98FD43563FEBB9195E61811E,EC42E0B55EBA78E203546808D7A0C964B4AC00EC737D085948551B7762E4C709
294,run_294__fold3__alpha1p0__labelflip_mu0p4__arl_fl__seed123,5518,34388F5BE42D5D27CCBC58CD9E5FD5379FB86ECDDB915FB552C3EDB23B5D6B8C,DC5C8DA2E06ECDFE8216D642CB59B6A650351A33052D7609DD72358E7D2D1CE9
295,run_295__fold3__alpha1p0__labelflip_mu0p4__fedavg__seed456,5961,7D84B0D19E9BDE7833BC3D709F02C6D9077347B57FF19E6FBA89B7F72D3FEC05,D13E36A986B0795F1B4578A61C06A32E9DB461F79F9579F7B4CD1A55AF35719D
296,run_296__fold3__alpha1p0__labelflip_mu0p4__fedprox__seed456,5961,223D7141C6E572BC70E70E77A25C9B7C5B4869B94C1F6C1F539545CAAC0C1A7C,3C2EC6AE5716C4A47F0FC5F6E45C55B0792DE0AE6656EB64A67F62C9728BF937
297,run_297__fold3__alpha1p0__labelflip_mu0p4__random_trimmed_mean__seed456,5961,9F0D36118D7BE7BECBC008B47E9BC9A69B5384E0E583FA5A177254FE1B6D9F4D,6EAA7090EACF3D2BEE327F3E8489308B007FC9221A80196D797B9A7C3D38A5F9
298,run_298__fold3__alpha1p0__labelflip_mu0p4__fedle_adapted__seed456,5947,017DED8A72188F0FFEF06DA9A1E7537559A6DA2FE4A6CE8166E6400DB02CA5E2,DED03A2F1FA553E3F5C589103AB05E9008E2E4F3B238EFF57FC55CA6BB9581AA
299,run_299__fold3__alpha1p0__labelflip_mu0p4__tea_fl__seed456,5465,E830DAD24A8A0DD6301DB8E1A58977ED91C14564F6D02894C24F6E3686B4875B,A7496E66D7302AA5614BFD630BF17175B20E3878E8D8A3F868AB8798EE4BB511
300,run_300__fold3__alpha1p0__labelflip_mu0p4__arl_fl__seed456,5387,FBA45E7CA53BD3EDC412D44D21BA145BF53BC636FB24AB8C8C3113C73A1C59C2,82CCED29B307BCD5100D00665C9567BD660C75B81498577DF87E9B3E15A78AF6
301,run_301__fold3__alpha0p1__clean__fedavg__seed123,5590,C907C1C2198C7C25FA4F6F7C456091FAB92398B83783DE08BD8BD4C3510F3252,F7090D26BC2A4254FDC44A15B33F8369DD187546AADDE1FCA106E7B1E4919549
302,run_302__fold3__alpha0p1__clean__fedprox__seed123,5590,A77CF052F602A1B310800C18DFC28607E5FAF03E744B50FA97EBAA332B615104,2AABA7A18872D5E2F7E6D0E49A13FD956F865658C0090B5E54C1C884D86DDBEC
303,run_303__fold3__alpha0p1__clean__random_trimmed_mean__seed123,5590,C6AB729DAC2C8005996366E0DEF1300F5298E2FF362C8F57921600BEC1A90FAE,3369BE184F054B4AE27B034E8073DE947AC3D8FEC498820552D61F6DB07A28FA
304,run_304__fold3__alpha0p1__clean__fedle_adapted__seed123,5670,736129ABA5782A468BD9D6726C9C9F377D1EBB53C7CD96475400A0454BA25D57,19FD18816E4920351BD261D6B7C52C611D215AE4017A8CBEEB44AF2A5678D325
305,run_305__fold3__alpha0p1__clean__tea_fl__seed123,4550,E6BBC9AB1523FC09EE0592F6A8977BD781D701326D05B4C7629317C0E68D60F8,6D0A9E690DB649B6F734704EB5A9162F8B2E7E453B8B4A2CD3BB51D0C46379C4
306,run_306__fold3__alpha0p1__clean__arl_fl__seed123,5307,C3E6C8DFD91A51D28926C1D9AE2D84A2EB39FAB54F544F9A30B5CD397C81B201,81EDFCFBBD9259B53894ADC2E5157A47974B9CDA2348CAB95458B7007CE4F002
307,run_307__fold3__alpha0p1__clean__fedavg__seed456,5718,AD7F8F5271ECDBF44E7A1B606F31A35A19CE4A62753F7335864E90041AB186ED,D197E5B89D0C94F2F03BFD07F701B0AC8835C17AFEE81298AE84F0ABF04885E8
308,run_308__fold3__alpha0p1__clean__fedprox__seed456,5718,D06C23A9F9B2169C7D31288809F229F821DA24D6104D745F85D49F0F3A979946,4855972E586F282E729F1AA572FFAFDE7B287A2EE65263588961BDED6017AAE6
309,run_309__fold3__alpha0p1__clean__random_trimmed_mean__seed456,5718,210A52A2D44B5525E395674002EBAD0D536B521B8C8D0ED74D74BB9BFF38C846,355277F49142B01EF91E15DD1955EFC12CBC8E6671A191C8464B199CA398E73F
310,run_310__fold3__alpha0p1__clean__fedle_adapted__seed456,5701,F4130474BE6E79CAD4106849DAED687FF6A6341F5C7517E32F9B2EAEBFF15AE8,CD8441F9FEBE0F37FC4B53EFDA2E1164356D3875BE28966169233462393E7372
311,run_311__fold3__alpha0p1__clean__tea_fl__seed456,4446,B1B62A4687F57FC0AE57B401909CCA6794215AF8C03E93E5A9B08D5D91BAFB5E,30D390B1518DEF2C9276E4647A3CB1B5205345453DCB7A40E8A247DEAE548F82
312,run_312__fold3__alpha0p1__clean__arl_fl__seed456,5426,A89328EBE65D1C51F74150C5037C198F640823758E9DFBF7BA2B5F566FF92D70,6C25D84D7DF99F3930E47962A5484994C1AF986B171706168C80CDCC26992781
313,run_313__fold3__alpha0p1__signflip_mu0p2__fedavg__seed123,5590,9EB7A68372CC969582AADF4C202C330268E6F577D1E4FF4BA7DCAE53375F892E,221016A28298FA3E0CBF7C000AB56CFEE55EA67773C47BBF3D10327A10533BC0
314,run_314__fold3__alpha0p1__signflip_mu0p2__fedprox__seed123,5590,F4CDCEDF97CA20A75CD816C4FAE20083182C97283A80338A5EB1DB3EEB175695,CE3E223FE016915A98281AC14C41C4C2DF98B9B08F90C41F6C08548148A4A918
315,run_315__fold3__alpha0p1__signflip_mu0p2__random_trimmed_mean__seed123,5590,77AE3E0A684508FB2A12580473F300D9F3F16A1E39E787CCE0B49673A5362CC7,02F18B44E20025BCCAFB3BC1791D2A1629A99F856319945D44D42886AD8F806F
316,run_316__fold3__alpha0p1__signflip_mu0p2__fedle_adapted__seed123,5670,CEA7C284A6A38BD4C8F00C1E53934CD0EB2D0A1B0022225840A5FC09F5BF535E,E9F58C87BE7901714CAECDB1BC077F3E8143D7225642E63C75C112B61F311AC8
317,run_317__fold3__alpha0p1__signflip_mu0p2__tea_fl__seed123,4763,00FC30E999AE11508B908FE5C8E633B74D2057A99761A181C6C98CB2BF312230,B9ED5062AE69DC48CD87C4B1D2AD82C3FEEF0D35956191ADA43C8C311B62F4E6
318,run_318__fold3__alpha0p1__signflip_mu0p2__arl_fl__seed123,5313,71F5D13299EBCCD18D5EC2D3D06FC12B2E128973EF65FF56C07A164F62F705ED,424F2D9870BD0335033669207F1CAF397475BA9925F77CC64720272B725603E6
319,run_319__fold3__alpha0p1__signflip_mu0p2__fedavg__seed456,5718,2ECCCBF04958C30581E8FE9845FF8B7D9A27419D0143FA5E5EB74EE35D34F7D4,B789E3CCF25B4A58AA1A0F36C18C207B048CF38791591A1C0358A9ED7D3751A2
320,run_320__fold3__alpha0p1__signflip_mu0p2__fedprox__seed456,5718,F00EDE45BCA93295663CFC1F28C7616F5DE4AA567286C08C2AFF278C42560463,62230F790E8504B67A345748E14293884D75D80BF759CADD66C0A9244EE23753
321,run_321__fold3__alpha0p1__signflip_mu0p2__random_trimmed_mean__seed456,5718,AC9CBACAA012DB2DE9F896979806C873D52F4F7410DC1832A1AE451A6647139D,540AADA086238E754B9D39B684BEA9C591AD80A4FA7DF45CD6B04FE2EE8AB677
322,run_322__fold3__alpha0p1__signflip_mu0p2__fedle_adapted__seed456,5701,A66572183628098CE95903C0BCE22A9FBCEB8A2A892ECF60CFF47BD2885E0B27,E17D63DE5CCED5BDB8A2496583CF95D526DF5D79F41E18E1912B4CE29322E98A
323,run_323__fold3__alpha0p1__signflip_mu0p2__tea_fl__seed456,4526,63172E5702C5DF0596964E51B6E8AB437899AD8022661DD0532882DE32A42651,AAA0ABBA371F19123DBA8701E6DDAB65F22A877386DA59CCD74A619281B0698A
324,run_324__fold3__alpha0p1__signflip_mu0p2__arl_fl__seed456,5384,FB2D9CC8D4059767838E319C3D206EEEE37D6F00DDA09808CECD4603CFA17C37,1498C2BF77FB7A38A04FDD837652EE286DB873F594C5B3C6397112E3BDAC82B4
325,run_325__fold3__alpha0p1__signflip_mu0p4__fedavg__seed123,5590,15216A72EBD3A597344A989A50B53594AD338EE27FA52486443DD8B11A3F774B,9AF7E0117BBCE81B579AAFC20B55240F14C2B32F89C56B7A874A74219F4FCE7D
326,run_326__fold3__alpha0p1__signflip_mu0p4__fedprox__seed123,5590,15732F664F9E7D7EEA6846F8B55A0B524E175720960C234A1022D77E8FBA8E9B,60229BD859698634F71A6A0E1F0333913076B518570C3C23D9C243B4FD914137
327,run_327__fold3__alpha0p1__signflip_mu0p4__random_trimmed_mean__seed123,5590,A1F5D0F2C1BC22D9CC0322AF8C2D5E89C09F5C2B099F194AC653174EB53F78F7,6230B6249F0480CB81DED9B748B1117702BE61670D1247D1F4D709B499DAEA8F
328,run_328__fold3__alpha0p1__signflip_mu0p4__fedle_adapted__seed123,5670,6C6B77846AA33134D1882BA1DDFA8492395FD009DAB5E010AEE7A772D9F857AD,546745D1EEC0E3AD9300398C0C3F63873EB21FA632324FD9FD527DE7930D80E2
329,run_329__fold3__alpha0p1__signflip_mu0p4__tea_fl__seed123,4847,2558FB459CCD781865FB0EC8E5721F2931C73B8D29663294F84B230D0C927867,3671AA6A1640A10DEEEE13C1C5A3BAA554B31AB05510F7904630CBF976FB522D
330,run_330__fold3__alpha0p1__signflip_mu0p4__arl_fl__seed123,5344,478845AD1BB9EA49777E1C052C76379D8F1BB408DB4C40A06F3D92E1AF2D0002,338E10DD05FBDFA7231B54209FE7423BE3E2797155438A3104CC9F87C39BD3A5
331,run_331__fold3__alpha0p1__signflip_mu0p4__fedavg__seed456,5718,047A58D8C1A4ED3E6B26B5FBE4409EC069C6AB34B7128BBCE1CC325F1B64F333,E6B3551806343243677C43576E37F5D95D5EDDDB96BCB5754C978F780B94C636
332,run_332__fold3__alpha0p1__signflip_mu0p4__fedprox__seed456,5718,0A2784F296E02B9EA1DF700A0EF677DFCE78BF6F88FA02F3611E9D529DF99165,2282203EC9FD94D18645AFE0F9B81B0A6BA0893AF13F1286FB81BD417EAFFE0E
333,run_333__fold3__alpha0p1__signflip_mu0p4__random_trimmed_mean__seed456,5718,03E641DDF6010EDF3A6CD633E2FF15B673AF3F0F075CC19A04AA4F93D9791C93,0595849460A90A2257B39074CDE4F27E30D6CAC77A84FCD12AD6C46914FCDDDA
334,run_334__fold3__alpha0p1__signflip_mu0p4__fedle_adapted__seed456,5701,E32310D2008746309BF99093650B061ACA236639780F72C2A4B1C6BB17336E6B,5E37D46E5FC9015FCC15A41AFA79F716C97F0D4B93D6B982FE1E69F9AFA089A4
335,run_335__fold3__alpha0p1__signflip_mu0p4__tea_fl__seed456,5165,8A3FCFDDFFD1692E5ADFC964053C05F000D8C668B5ED0222F948BB757CF51D60,9686BE6A74BA4B0319A385BE0F4BB0937D3821DBDE0161D5BADBBD02651F4DB6
336,run_336__fold3__alpha0p1__signflip_mu0p4__arl_fl__seed456,5393,4DCD9589CBBC57D71142A89626F6CB064A635AB483D04047637608A370BF80AF,C2E5FA0FE7C9D638ED91FC2EFCB371826A7767FE3B6CA1152A93F3035D732656
337,run_337__fold3__alpha0p1__labelflip_mu0p2__fedavg__seed123,5590,2319A6808D8801CC5873929A73275DF7F46D56E95332A8A39B6B83B9CF66D128,5C81A436214BA97C5B73C070FEDA33E1B104C544897FD7F52B73BDF2C97B8940
338,run_338__fold3__alpha0p1__labelflip_mu0p2__fedprox__seed123,5590,C9D8A37DBBF86D29D9EEAF1C740F979199B88ACD0425B3D02C6FB52254F547E9,7E56A010236076B46CE945C98122EF1D5D70099FBE7683847200915B4F291EBD
339,run_339__fold3__alpha0p1__labelflip_mu0p2__random_trimmed_mean__seed123,5590,682F4723570600691AE0C7F224BA42DD2425629AC7CB7BCC085FD5326409898F,FC11F701D72DF07D78E5E5B59A0B2716270DBE4D1A409AF1617BE643AF06B432
340,run_340__fold3__alpha0p1__labelflip_mu0p2__fedle_adapted__seed123,5670,5232141B7D8369FAD61D55EA269AEDFF6547390DD40A37CA51547733DB7766B3,73570255538BBEE5B179AF3C28333D2579D3DDD3EE8859B6B3B2172DB5FCE25E
341,run_341__fold3__alpha0p1__labelflip_mu0p2__tea_fl__seed123,4702,1979F64CD3F8DDD9BC3D8DDAC399CA4F9E6EA9DF9A424F82B8903D9904D66383,077466DF75D65BBECAE6C1313BEAD3CF4EE3F7A8B6B78660A14C9A9A0E51108C
342,run_342__fold3__alpha0p1__labelflip_mu0p2__arl_fl__seed123,5327,682D4E3EEC8FA1E8A1AEAE7DB3789B96EE4E81832D9242E437D00D84C87A567C,DED1B8AD6856AFE73CB6E2A30C5884CFCAAB50E05E37FB82106DB92CB0045843
343,run_343__fold3__alpha0p1__labelflip_mu0p2__fedavg__seed456,5718,6EF14A48644F32BAE0BE5BA732577734F8F3DE7F500B619C52655D71EA428660,6C80016A0A070EA361168EED0916266F5076D590851C0633F65FECD70DB9D636
344,run_344__fold3__alpha0p1__labelflip_mu0p2__fedprox__seed456,5718,AF3D1D9B64B178C1178CA2CAA8AB96A4FE30A7F51442ED386262035107940F7F,9767954815FBAE008AB4C1CC14E5D735ECBB6ECE7766190A5984D204C5FC97F4
345,run_345__fold3__alpha0p1__labelflip_mu0p2__random_trimmed_mean__seed456,5718,996F10F2485E36FFEE9D45347651A000EBC360130AD155AB9298F8072CE72B6A,B86C3749A7F1FF4E8E484481E13B86E414796ED716838E91BB67887EB56D7690
346,run_346__fold3__alpha0p1__labelflip_mu0p2__fedle_adapted__seed456,5701,B405A8120659B06865014CB9D942FA0A70DEEDD2E17ECDC2BB0EDEA9EB86A477,4950B28939D5D7748925C0494C9EE8303388571E35229E4DF9A3BA47353464AB
347,run_347__fold3__alpha0p1__labelflip_mu0p2__tea_fl__seed456,4504,42CA1D0F5DA118D48B7FDD057BE9070F291735EBCC06C4974018F269790A67B5,A243D7A362ED07CC64C0D65353494B1DAAC9421964E5CFC35EC22B6E86B4E2B8
348,run_348__fold3__alpha0p1__labelflip_mu0p2__arl_fl__seed456,5375,B94EB850D022491FE9C99EC247FBA0ED4528C029535DB6306A9EFA32863F5A70,73D0A76CFFB05B1774341761A708BFADDBE2E3240A1D91603652CA31D8BC6DB9
349,run_349__fold3__alpha0p1__labelflip_mu0p4__fedavg__seed123,5590,4FC49AB94BD71F701F1A6748C1AB4575460E38C31454FEF920E6A9A9B3776311,0ED46E9EB926C6ECE58EF1AC84CB774509F8E4689B18856584F393C0B8AD3FD3
350,run_350__fold3__alpha0p1__labelflip_mu0p4__fedprox__seed123,5590,34CEF37EF9D87814EF7067959FC3647F9F7C9E670983ADA42D73F332DD523AD3,FD4520C8CBA9484E935A704615981491F9B564E5EA70340C679781E8928983BC
351,run_351__fold3__alpha0p1__labelflip_mu0p4__random_trimmed_mean__seed123,5590,BA30BF13FC43D474EF22B24E74A8953FE2A72C31152F764A6573A1A0D02198FE,1B5F3D15FB7C9932B69E11F80743F294A2A6C8A9A2C325101ABDFBB3BCA94E52
352,run_352__fold3__alpha0p1__labelflip_mu0p4__fedle_adapted__seed123,5670,B8C75763C6217E9582FDF96FAF35C40E31F142ADF91D4800C0D2E9EE05850DAA,B485D83C9A1386CFD41E0D46921052C72168B65C52919EC0E3F37B47AE3BE16D
353,run_353__fold3__alpha0p1__labelflip_mu0p4__tea_fl__seed123,4617,A27C2467C000EB04247E1F1BFCE2687B0A9985738B1928DEBA960E32CAC7FD5E,C199E11D87D86BF60B23EC50F160B5BF2AAB630835B9E25B3180515F98B21A1B
354,run_354__fold3__alpha0p1__labelflip_mu0p4__arl_fl__seed123,5380,A7AF22766CBB868807B7B39D6D659D9D8E2466D6C7E9983ACBFC957FDADF0A80,42B4A278002D254F40B203842F8D0DC92B1DAE99FD818022E45A4A2E5989EDEC
355,run_355__fold3__alpha0p1__labelflip_mu0p4__fedavg__seed456,5718,04FA3E922360E671A67B5ECE3FCC27E3429B50D4818A1F99286EE27E815049C0,606D697821B88AB16ACB43352D4A91E4BE89454C0804153B9BEFCCB801FCDAF5
356,run_356__fold3__alpha0p1__labelflip_mu0p4__fedprox__seed456,5718,92A9238B8EDB768058D530E2DB356C01A3D0C10EC94A0F23B9ED654D8437B0D0,E75F0C3CC13AAE5083BABA438AB1BB7570CDAE4749CE9B2D7C1CDE82A7225DA1
357,run_357__fold3__alpha0p1__labelflip_mu0p4__random_trimmed_mean__seed456,5718,5B618CFF39B1CB1DC575DAB7A3A2A9C8B25B546BC1B1F28728A773C1379C6D21,A107FAFDA369A28BF2927E38D19BBB2D023F81B8D93B8020C7EB223EE9F44F37
358,run_358__fold3__alpha0p1__labelflip_mu0p4__fedle_adapted__seed456,5701,1BEDACFEE00BCE4F10FDBA5F65D21AD449180D6668AA80A057285FAC64AD8453,CC324F92E15ED83169E1AEA735E48A38B4BE7EC541D4AD238942AFEC992A308C
359,run_359__fold3__alpha0p1__labelflip_mu0p4__tea_fl__seed456,4483,756B9BCFD7AC37821F62C415422B5A1A27F4B82DD423AAA4E721E889ECE2D9A8,039EDE1AB2BA178C93BF380316179A05631C5FD6B1F25A298BACA428EF430821
360,run_360__fold3__alpha0p1__labelflip_mu0p4__arl_fl__seed456,5418,77004C04F2337F88B6FFA56FAEB88E6336A819C39562E596D83C8D5035AB0181,808D02D3A9F63869E785A61CCD32BDE8582109C2BEFA7B501D43843C6E3527EB
361,run_361__fold4__alpha1p0__clean__fedavg__seed123,6013,E1C5B24A9C1B898016C0499016BDBDB90C8DAA830910C0E11CD535FC5D54141A,09AFEEBA6EA4396841083CC65E941A101BB6BAF3207623899B3BB30A9C1943C1
362,run_362__fold4__alpha1p0__clean__fedprox__seed123,6013,D646BD01759EC1672F68B118E48101224E9C8D154F6E22F3410F8E23EC4E136D,5CFB98590412646C4D604409FCBD0DAC273D765B5F2D733263B1ABC7E464E534
363,run_363__fold4__alpha1p0__clean__random_trimmed_mean__seed123,6013,BBA5B1AE652DEAC51AF971165E2BE17F6AC3BDF2C3A76BDE597EE34FCDCCE3C5,2D178F7C7959A413E7E452337A73C7628D5B69F7CB38F211B02BFA0AE2ABB132
364,run_364__fold4__alpha1p0__clean__fedle_adapted__seed123,5991,4D0177D1ED5C8583C12272BA4B31A8ED12826972B29BC17332DCC3ADA5F28ADA,AD11067D73CA1DA848451C7AB36DE8F0195A7EC9940F8BA72033F06A85B9E87B
365,run_365__fold4__alpha1p0__clean__tea_fl__seed123,5301,E49465FD1B45DDD5D8AE668B85BC021E409B6D90A47C87626E30E2A9AF5F2601,4D509FA73153B1B9F6141BFD44697072A65B62F8D974568AEF8A098AC0C8D142
366,run_366__fold4__alpha1p0__clean__arl_fl__seed123,5602,D94A29BE0924800B1ADE5975521810C0B8AD1C9B16935F5175B1732598488299,5CF2990226B68C04BD5BD274315D696597125E2888F19314AC248853B9AE4A66
367,run_367__fold4__alpha1p0__clean__fedavg__seed456,6017,A023E39ABDDB01A94035D01AE553BF35171644E807882042A153CC565B15E38B,51C2823855ED416E3EA18A47DFF700EC02868FCFFE08F0E2E31C80F2A51AD64A
368,run_368__fold4__alpha1p0__clean__fedprox__seed456,6017,F2FE2AB110397068C4A0E2A87488909B960D12AF1C310A58F9CE5A19978C3BB7,BF48BACAEFDA6FB631472221DBB89897166CFBA781CE8223DE292236B34583C3
369,run_369__fold4__alpha1p0__clean__random_trimmed_mean__seed456,6017,8F2DF61966AECB9083508E8FF497714CC8F82886867FBF679B89F71D11EA3286,FE62537334F0522EB969E2F053E06707D5F7097795FE1BCF99A0B58491FBFCD4
370,run_370__fold4__alpha1p0__clean__fedle_adapted__seed456,6065,8CB846048F720FC53581FD4DB74C69693CF098B796A89348A1F47A5176657742,388265363B258569DF14512D05D1B639202440424E6DA982A5A0C6D82A86A63B
371,run_371__fold4__alpha1p0__clean__tea_fl__seed456,5327,FE21400A8C24C138CCA99CC9165E4980AC1D8F54E43EB3AFC194AE5356AC7099,5C6DBA1B2D1B3F31B9E0781E89B03EDD03E867ED9CC53D38AA13C92852BB96A9
372,run_372__fold4__alpha1p0__clean__arl_fl__seed456,5606,82AF1297DD1072D101E22AAE9E207367F3D54A7C7B187D78561060D0484EA71B,5A88F5D5FAB2CDDFD3F0FE6CE60B8F9542342E9FA74387D5105F4E7C0A4CB20A
373,run_373__fold4__alpha1p0__signflip_mu0p2__fedavg__seed123,6013,F07F37C7AD09E560368927ABB7BE0BD5AAA1080B3FDDE4492996E366C8B3946C,731E2C6EF517217E59349CB8FBCF1C1EDEF1DEAAB1F868C3732A3B9D2743847D
374,run_374__fold4__alpha1p0__signflip_mu0p2__fedprox__seed123,6013,FE8D688A0FA8AE2246E03C193F01A5CB32F2C3BD0A181D4169122634BD64EAD8,C564D43254EFAA81F6088A2A1B6D8FB849B4B8D54238E70A1857E9CBD52EA1E4
375,run_375__fold4__alpha1p0__signflip_mu0p2__random_trimmed_mean__seed123,6013,E8D13147B999E63D1196016EAAD1AB75647E055B7D24047E517EB3E65C580699,9A7B20B28D6D7B8361577CEEE3851262F8C2E9754E3E0307F7DCC8941BFE5B63
376,run_376__fold4__alpha1p0__signflip_mu0p2__fedle_adapted__seed123,5991,D5F2EB1E781A1C033ABB785907B145C88DFE3AE579AE3431DABC455B59AD49E4,C7863D6F48FB5E1B627D5BD03D8C972CF85931E46E60C81F95143F65A27872CB
377,run_377__fold4__alpha1p0__signflip_mu0p2__tea_fl__seed123,5565,22F4CF22B16DAB608983EF29E24770F5A23A3B9758A6086102566A63FA68C8E0,ECD057A8436F5BA68E5DE4464DB4F7B6DC6F23E2DB11F512A24F41C5E0D07593
378,run_378__fold4__alpha1p0__signflip_mu0p2__arl_fl__seed123,5626,FD3CAC8A26A4960FDA2F7E85A252B55A490F5496C768AD6DBA00C39A519E08FD,2BA62A97CEE7780F13B49EC4ACF73354EFD24DC3A599ECFCE499D4ACDD14E516
379,run_379__fold4__alpha1p0__signflip_mu0p2__fedavg__seed456,6017,ACDA3C09552A345D49900BD00BCB4171C22258941CECCF28B71460944DF4914D,F7AC6DD1477EF4DFC2D62EE0A48564C5D9BD5F2056AD4C892FB113F185084E8B
380,run_380__fold4__alpha1p0__signflip_mu0p2__fedprox__seed456,6017,8D7F13ED3321A725D395131283FDDD53BAA81C39D0B0663073D587FA959A0CE5,64CB91DEDBFDD47F1F1AE09F3D34CAA7821FFFE1CBEC558589C3D3F04F8BBD6B
381,run_381__fold4__alpha1p0__signflip_mu0p2__random_trimmed_mean__seed456,6017,97052290825B5BBB995372AEF3621339B3CF24903423C67EA938D6EF20202848,B704401B2559A83E5D88E44386A2DD8B016E92BBA6477F0A52062F6F7A920E26
382,run_382__fold4__alpha1p0__signflip_mu0p2__fedle_adapted__seed456,6065,F57085E77860C1C2D788327714ABCF6C5D55053FBCD9681CFBA1BCF16EFD70F2,ECE4F7D0EAF2755347951618A09751E0CFAECC05D39B2CD539AC143B43330C67
383,run_383__fold4__alpha1p0__signflip_mu0p2__tea_fl__seed456,5404,0A077F38532DFE5499B68C71966FD368A53C69569D940E51E3173459C0A99286,51321DCD748DF038822454EFF6AF6D630EA66F60CA3C1568572DA6EBFB208A49
384,run_384__fold4__alpha1p0__signflip_mu0p2__arl_fl__seed456,5640,D869CF8567A1FE093A55C238FE7D0101BDF3B27411604A26A665D899EFB38AF0,E06BCABBC503AAA6EA3B283DEC5D6B96C5B07EA4A069CFE2C028D3585FBCA64F
385,run_385__fold4__alpha1p0__signflip_mu0p4__fedavg__seed123,6013,F72886E9785DA0AB1697AB85E569141930528DA626819CABA2B4C8C96AEE3030,AD12AB05B80AABB0A39EFC5D34070436527A2D9FC0DE8D46D912CCEEC836D8F0
386,run_386__fold4__alpha1p0__signflip_mu0p4__fedprox__seed123,6013,011EBD8CF750B22BF548F5840580E0DD46E7B35B1F8F515FA59761708DFBCA2C,34192AE52E1B296EC55BFDB5E412C5750EC1F6482D89F540B1843EC58472D950
387,run_387__fold4__alpha1p0__signflip_mu0p4__random_trimmed_mean__seed123,6013,FECED1764FA7021977065295DBB1E8FE7D21E0BDC83BE5DD227D09A1BDAC233E,B7D2E679BDDB04004D8F46AC2E13269E1F9C177B800BAA1E7901C0143B389D4E
388,run_388__fold4__alpha1p0__signflip_mu0p4__fedle_adapted__seed123,5991,37658D98ED2874367CC13C71A1D4C7088C69AFC4A6CA71E44DD8C5137E2E0385,3D6A4530A6F222DA108CE71CC534B104D2C1BCA6C2C3C6AA9BEA5D693121B935
389,run_389__fold4__alpha1p0__signflip_mu0p4__tea_fl__seed123,5675,D05D14824EC9CE4116396A9781AE8B9093CDC43CF24992C41700C9E5185C674A,E82927BDD93FD5A9104DCBB32C98171D6AF43A6644261AB81E7482EF4676650D
390,run_390__fold4__alpha1p0__signflip_mu0p4__arl_fl__seed123,5664,13A46B0DAD14C7AB020498C162D47B57AEE3F4598EB4032B7A36ADEBC24BE32F,F59B5163B074C1B2D6252346D4D7BB9CF480C55BB8A25CCEE103895D3671A402
391,run_391__fold4__alpha1p0__signflip_mu0p4__fedavg__seed456,6017,CCD146A1C25686DCEA8C70430CBCCA0CE980EDDB9C406E00F8AA6CBD7AA162B0,E2AA656FEE49C968892C639EFBCA5016C702C64CBE413EC5FF36F0439A274987
392,run_392__fold4__alpha1p0__signflip_mu0p4__fedprox__seed456,6017,30B01D7A647C59956821EC5836883E8579054B3D0DA0B778B5C815E736F9BC42,AE248580079186EBB7D55477FA44AA30B697A53A625242239A4FCC718E99317E
393,run_393__fold4__alpha1p0__signflip_mu0p4__random_trimmed_mean__seed456,6017,ACA6F4F9AE6F000CED0622F443A5635662EB0FBC58575466B85A7D96BB4FE56E,DAD8E4D30DDFFE3B1518F644659F1AA127A4BC75C6BACCDB183BA70342BE0934
394,run_394__fold4__alpha1p0__signflip_mu0p4__fedle_adapted__seed456,6065,51DDB8A7F49D189D5DA02AB6F6B195D73F59E7A5C1F80E45512BDC65D1FCDC53,67BD1F177E1C007CFC77CCBA666493F0C3FE0181E7F82C0D5D808FBE45730BF1
395,run_395__fold4__alpha1p0__signflip_mu0p4__tea_fl__seed456,5674,0D9725E5AAEBD5AD3DD4F929972CD8C171EEF4C689B9BCCB184DE319016A6DCB,07AD238009A64A6492D60447CF6A27D3C1AD415CA43161B50ACCF5A98A26782B
396,run_396__fold4__alpha1p0__signflip_mu0p4__arl_fl__seed456,5779,E4A7C5DB7C66EA8D27D18DB129BDC1CEFAEDE6C1DDA31BF430F82A52D8DC81EB,A107AAFDA0960A59FDB6F423E83EB61A98656FC95883965EED231E45D14051EB
397,run_397__fold4__alpha1p0__labelflip_mu0p2__fedavg__seed123,6013,B56E492154AFCD65D7815E5E0569C9111874863944A97B9388E20F6A1E4175B9,4AF690F36D3E59CED839CC2DDB8ACA5B0C3C1D4B26EC5A714816E74B51A12242
398,run_398__fold4__alpha1p0__labelflip_mu0p2__fedprox__seed123,6013,1B4F85031E3AD3C5E62A1201981C37A73F82235B05146A3BA003D125A8BFA9A8,F6E2AC3166BA1B69B73D1F41C898E978DEED215DB307382684F5FB2E7D42AB5F
399,run_399__fold4__alpha1p0__labelflip_mu0p2__random_trimmed_mean__seed123,6013,FB3BA2A2C7A814FBAA69E001AD8FF72914AEC20EFD297B176C0E9FD9D23349B2,9F21B3FB3BF00352278BD3DE5022DAB5CF6ECFCFB7F5C177E95CC6AE441DF7A0
400,run_400__fold4__alpha1p0__labelflip_mu0p2__fedle_adapted__seed123,5991,369C9EDED1A1708126C427665AE15B31E8C053B22617C69AF83BD628EC271E0C,885B78B372943BD38BB6A5B9250D2C391CAD641B705E2D80B3BD7F0313AD0871
401,run_401__fold4__alpha1p0__labelflip_mu0p2__tea_fl__seed123,5476,055F677DAFA025CA248BF41DA26EFC8DD0709752826F93F235045D5D86147864,757D6CD6EBDCA02430C76C7A280270D4ABC16BAD91A1E33B068F29ECD80E13C2
402,run_402__fold4__alpha1p0__labelflip_mu0p2__arl_fl__seed123,5572,11C7B7102B5DDEB3215302C24F10D8C51A7DB8E9B6DAD6A4B0D69E33D2DA37DC,3C5551B7B5AEC57C5A8132E0BDB17222A3936F1FBFF4E4170ECDE5CE3855F53F
403,run_403__fold4__alpha1p0__labelflip_mu0p2__fedavg__seed456,6017,941F0023E8F0B064A72BD79C5D76AA5521D340D170519C7C8726573E9D8C3FD9,099EB117C88966B7053B8E85D666110C664D99B0B0A61EC37D45275CE837D1A9
404,run_404__fold4__alpha1p0__labelflip_mu0p2__fedprox__seed456,6017,A41DB6A470B1E8FCCE5CD7D999F3CD8AD59AF665FF03A0B38A27B3D0C8DE0522,58DDC8C4718CA46763CD50DDE845D54B6B496D583D49C94448D8B407832B25D7
405,run_405__fold4__alpha1p0__labelflip_mu0p2__random_trimmed_mean__seed456,6017,C7C9535CC06B6A14158B84AA180F386BD68FE4DBA261BA110CF4581CBFACE170,58E80BBB21F2E6A79C0D64AAE6BE6A15815CA7F213002B04A342154CD5EAC104
406,run_406__fold4__alpha1p0__labelflip_mu0p2__fedle_adapted__seed456,6065,E4B077544A92E985958F2D1EE259BEA26AA7FD5188870AF682A3E2586F1DDE4A,572416C76452C5E3030783F8B49810C455B526C2568C70E1D3A993FB56CE601A
407,run_407__fold4__alpha1p0__labelflip_mu0p2__tea_fl__seed456,5529,986C81AD0E640356D191DF30BF4FB5E9FBFE660201C173B216E280B81D0CA86A,C101B23A80063EB6137BC8B6D25A11E8A97B7939E45CD1DFBD63159E06B13AC6
408,run_408__fold4__alpha1p0__labelflip_mu0p2__arl_fl__seed456,5675,32078C2C2A29A8C662954939ECD3533C3824AF65BD3ABE649D930AFD8A479ECA,BDACD5B76D0E309901F33C7A15BAA97ECD7F4F51ACD7AE5E7529510AFE8B1B3A
409,run_409__fold4__alpha1p0__labelflip_mu0p4__fedavg__seed123,6013,6762512F0CDDA935B497774B857609A579920B8092D1F9AC4B919F5FE02D4CBA,B5333A501D41FC6F78C1EC336E463A9922AA28C7681952EC156653A9B8E6343F
410,run_410__fold4__alpha1p0__labelflip_mu0p4__fedprox__seed123,6013,F1B774CD78E8E99C039B76D30BC31708009BAD436AB345A735D5F4CC84AAD19C,AE64FDFAB6BAEC0ABD53536F041FB8F62584293757D44A63838E3902D3C95DFC
411,run_411__fold4__alpha1p0__labelflip_mu0p4__random_trimmed_mean__seed123,6013,CFBCE3048E30113A3988E13EA2FB8C9076F37EC20A6B3A052F30F4F8B5EA823C,A78061AA058B1236E4577FE5E06E6F8A8CB3F26ADB21C7FA250E0A9349BC4D19
412,run_412__fold4__alpha1p0__labelflip_mu0p4__fedle_adapted__seed123,5991,1B599705174E7AF8920C4AE8C54D2391D2F04710B41D49AA3D3074F1609832DF,2B81DEFC80F0ADA097E3471D47CEA064A45069808B2CD947463C4DF8DB96CFB7
413,run_413__fold4__alpha1p0__labelflip_mu0p4__tea_fl__seed123,5309,82FD60E4017CDC54A7A9DC273FC61E0823042AA5440DDFE692CBBA0EFB3A8BE0,CBFC15DFA4A5A645E211A62115D0D79BF0486D39DF01C8EC361B6B0D2B21D8AE
414,run_414__fold4__alpha1p0__labelflip_mu0p4__arl_fl__seed123,5622,DE1A76A6C6707506FD341FF7AE0A13C3571794343C4AD7C8B52B0651E5480C7B,23FED9C2CEBF760BA8D9A5C28CA1CE070546E31289453240A512D8B06CF5C673
415,run_415__fold4__alpha1p0__labelflip_mu0p4__fedavg__seed456,6017,90565E3C360D1DC0435AF74352D9662C2C464D448F0B3FDD8D943EE53256FE22,6CACA26FBD6FF41AD9039FF603A274255BE3F7BC412E836AF4E7D10798EADC78
416,run_416__fold4__alpha1p0__labelflip_mu0p4__fedprox__seed456,6017,F9176D9DD584C763A00A16DDD960C591EF31390CC9F60E9AFC793D4A777D4E2E,AD5B07F2379A77F41155C41D57F4D5830F45888E44F35D8938B942195FE60D82
417,run_417__fold4__alpha1p0__labelflip_mu0p4__random_trimmed_mean__seed456,6017,5890931E9ECBF70C6964F5ABEA6EB989D032940EBF729C94038683B4A75CBC06,F11902619BE15D33386D22EAA3C2F0012C029D6932B5868CA7DC33CEB8DC9327
418,run_418__fold4__alpha1p0__labelflip_mu0p4__fedle_adapted__seed456,6065,D7465BA0F09ED4D04D9D9336B1D5403096DAC13A752666292CD1FB0D879997A4,7491714724C26722D7221EDE037A1E698085A92AC23A509712596A577202085D
419,run_419__fold4__alpha1p0__labelflip_mu0p4__tea_fl__seed456,5593,84CD760DFB54D4FF85AAAF3AA8C7A6FC0D3A8288437EDFAE08158D36B8B64A71,1F09DEA5FF965DEEE13059EFF134A3F7AA91524BDA162750F572713720974B39
420,run_420__fold4__alpha1p0__labelflip_mu0p4__arl_fl__seed456,5687,74ED5228351AC3B85EB6C7B10BF91D339E8B039E9A37FFF1F7BB738E04210F94,BD6DBCD43A45589B1FA8C53979CCDD2CF80976863D2D4C5958AB6D58459AC19C
421,run_421__fold4__alpha0p1__clean__fedavg__seed123,5944,D74E8025CED819A54DF32543390B677C54F81005CEC7BEA2583A9BC31707FAAF,1E058FF2700AF69D025F5473D6B67790BAD0EC5B343045AE619716E3DC2EF212
422,run_422__fold4__alpha0p1__clean__fedprox__seed123,5944,2FF9414C1A37D12EB682D2C3C9B3F7CF349A9A26A3C9C1842129641D70BC39BF,68DADD0E06BB642EBADC6777116AD7063E81574F55E4DCC4B964672E3EB1FFCD
423,run_423__fold4__alpha0p1__clean__random_trimmed_mean__seed123,5944,0569B637FB5EEA8235E2884A7DC810B6F773AAEB927A95961492E71EA6F5FC9D,FD453031C0027C6FF5E9F103F56C132FF56E010675F536557F1475AF84047900
424,run_424__fold4__alpha0p1__clean__fedle_adapted__seed123,6003,A44865C45BEB7D6EED27D22ADBBD45570EBDE398C5FE8589E2C4662A2D2DD42C,D6E7F9B23D4C766E3A150AAE952D0AD0BDA896565A54E6BA618FA99BC9A4981A
425,run_425__fold4__alpha0p1__clean__tea_fl__seed123,4737,1D36FF2DF0C74E2B8EDF8309A2947F9164ECC669041D75342CFB25F52062CEE7,C9D4014BF538CD1515330F01DF0D891EE177B097D3D29F16CAD26A19F7344099
426,run_426__fold4__alpha0p1__clean__arl_fl__seed123,5470,C229C3A9CECA3B3C8D9000A8FBAEEAF3B1C9E85E7235E43CD469D82BEF2EA4A9,2C94719D1B143C574C086192CE0F5C510F487E264A93712DE9F8026549191CC2
427,run_427__fold4__alpha0p1__clean__fedavg__seed456,5750,5E2D389CEF543A6823D81E608B18EAC074B14AB4A76A98EA207C5B399FFDD718,02AA1C8F1E09293C01D32F1AF1D09B740C93A1FC49D553867F3BE600635A2E9D
428,run_428__fold4__alpha0p1__clean__fedprox__seed456,5750,BE0B82F6ED10C5510E6B63FB4550CA24A5F11EE5A2DBFCE2855AA552D6DC9EBB,83F770856691640B2BC6A6F656544D76231D6DE93859047FF56F39AD9845E123
429,run_429__fold4__alpha0p1__clean__random_trimmed_mean__seed456,5750,CD2BA5CE9FD4B1CC95AF3DA92DC380E50C0BA2F66B1542EB9BF274A8B3667DB3,FDC5A72A4B4E960E09CBE78166316020C17135D1D4F90825A6F393728CD7329C
430,run_430__fold4__alpha0p1__clean__fedle_adapted__seed456,5774,02A9224672BAF09437CA3E2CE64A21A0F115C98B757B120832F0B1E331FF08CD,5B99CCC5B3C6F6E52FB66846DE698A827C20F27CF2A73AE134F4E963DE855DFA
431,run_431__fold4__alpha0p1__clean__tea_fl__seed456,4757,DF3A64573662772B3BBD9B4F1FECB8821D5DC3A8202E5157249F292E810AA333,61B0ED00CF73760D2B5D282123560188FEBA305833D56F1BA9850BA8BFEC9518
432,run_432__fold4__alpha0p1__clean__arl_fl__seed456,5524,2973C6FFB34B9F95E06FB262084421E0E99BAE194E74A62D22068992C6B2471F,DDF05059ECEE6748E98D4A18F84C0C520A36905F196ED315C6DC3C3385DFFCAE
433,run_433__fold4__alpha0p1__signflip_mu0p2__fedavg__seed123,5944,8F19A22C666FE26DF40A6D8CD2804036970B4C551C8E92C53A7ED3A8D119FA6D,4918B71265EBFA17044EF2CAEE6121FF08D7D2D638EC36B278DF220A6E7AE791
434,run_434__fold4__alpha0p1__signflip_mu0p2__fedprox__seed123,5944,73198DCF9D2F26F552DF1BFE1F21DD7064C493C0B559473F65A9C61307A8BBB7,5B8D7B6B80D5B4A095EBF59848325475FDFC8748808722A3D33DFDC3059D61FC
435,run_435__fold4__alpha0p1__signflip_mu0p2__random_trimmed_mean__seed123,5944,410776980E8F8FE3E44C1A87F5222FCD26C06AD88343579007414C6F75D82A05,181DEE620C2B32766931EE41BD7AE74DBF37735E0DD1FF08C9631814FCBE3F6A
436,run_436__fold4__alpha0p1__signflip_mu0p2__fedle_adapted__seed123,5990,9DA6D0904FF0F8AB1D0A4BEA4C75358FE8FD4BC9401DAEEF13AAC4189E714DCE,5825B1D24C21B256585BEDE4A3547ED80F9A3E20A0B859D8F0BE5E12B7B521DB
437,run_437__fold4__alpha0p1__signflip_mu0p2__tea_fl__seed123,5390,9743C49BA50149106121D4847888B7E163BC4BFCA8D3584EE4163977AFBD173F,EF61BFA9D7DF65EC4D122A20601242021617D74F16D8AC4D734B32C4973359DE
438,run_438__fold4__alpha0p1__signflip_mu0p2__arl_fl__seed123,5538,E31132D9D0A4098FBAF9419C04A76E48470FF01DAF2A9D10522C6DEBCF09E3D4,4580A204701F82F07E5FD23A974718A1ED19897A92DF17DB91FE776DB25E2BBE
439,run_439__fold4__alpha0p1__signflip_mu0p2__fedavg__seed456,5750,4AEF4C19FEF16FC805B3048CDFFD435F012F19EB8EC17044E9B8E8ACCFBC1FEB,DB0A53A3F105C9ECBA52DDA3ADB297DE797708F3E57DE9F2BF6FAEA93E1058E4
440,run_440__fold4__alpha0p1__signflip_mu0p2__fedprox__seed456,5750,B9047635624A1F89A114DCCD4BC78DBE2303D4B11E4E74FC843D165781A358F9,5506C6F26D0712F25EFC7205BBFE2855635526A956EAEB12BDE88C84CB0A401A
441,run_441__fold4__alpha0p1__signflip_mu0p2__random_trimmed_mean__seed456,5750,ED24B0B5B21C598C3DF2B44F82FF9A75E355D7E0801CA19C2E685401DC4849AA,A2E23A121E10C4FDF4A64742D13253910CF230439FE5E46F30381385CA015560
442,run_442__fold4__alpha0p1__signflip_mu0p2__fedle_adapted__seed456,5774,28C47442EF2FACFF39FFC37B094C468885EF7BFA54F71BA76059A622A29110E9,AC48F66BE47127F4C27F1A2DD3EA8F659406C165241AE34BA2B9DD0035C46088
443,run_443__fold4__alpha0p1__signflip_mu0p2__tea_fl__seed456,5122,CC38F2A81CFD6C34FC68BF43824AE67142CE2A4FD56FEE5AFEEDA34C60F96C8A,B04AC0A6BC6FC79039500EBD818879794AF0BB54AB7E734216FCF4E0F974E9EB
444,run_444__fold4__alpha0p1__signflip_mu0p2__arl_fl__seed456,5465,17737E954CE510BAAE84BCB9892B6D7A37ECF69AA3A9A7355B63CE68DA6976D4,445F24452408CB840F9DF8056B8D91B82D0BFB79EA3657F009FDA242045F6DB5
445,run_445__fold4__alpha0p1__signflip_mu0p4__fedavg__seed123,5944,59AA06187B6BE7972576015EBC326F83692DFEA2A6F1856589DA4E0291C28F5F,3F8AD209CC881E808E2A99D1A1E77B79D5550A94D5E2BDB08FDCDC465C40CB14
446,run_446__fold4__alpha0p1__signflip_mu0p4__fedprox__seed123,5944,41A1D89C43D958E62EEE0F377A5A2276B46BDB341BEE7E522A8D282B02DD2457,720EF891F62F76308C86BD618ECB1D14B84ABB0F099B053F387B08DDF82582A4
447,run_447__fold4__alpha0p1__signflip_mu0p4__random_trimmed_mean__seed123,5944,5B9F3BF63511974EB802B06A2725204E8A94E51B7703C24C24DE9F3DFD01C802,3DB0A4CAD99E8FEE5F47717004E6956D38B9487B4696DC2436B310F24980AB57
448,run_448__fold4__alpha0p1__signflip_mu0p4__fedle_adapted__seed123,6003,264FBB9DCC81241C1290178FFCDA3FD0AA4F11B24C51AB116ABB52015570692F,C6CABE7769F8EB8D7B84D6C119F1BD7371DA766816B1692143ADF9D8466DD026
449,run_449__fold4__alpha0p1__signflip_mu0p4__tea_fl__seed123,5126,FF5F6D5FB2154E4203B74913CA73A2F4E00F6E88FBF6C8549682D1D919364238,C740022EEA1E81164B2869C5B9B8DA8911ED14AEEFF69152F1FC0CE246F29222
450,run_450__fold4__alpha0p1__signflip_mu0p4__arl_fl__seed123,5524,6D4B0AFE4507F4302EC6101B11AAA6A98B77F17D7683DBDD54A474B0B5281566,26AB41269D3D972C8D3DEBBBD37CE4A5932D249949D361648DE3B12F8E903CA1
451,run_451__fold4__alpha0p1__signflip_mu0p4__fedavg__seed456,5750,D41F4D0143E6A1710706F20C3AC3495CBCE0D421A6BAC2243857F4F9EDFE6E8F,B2F700D25062BEA90B5C97E3569B84A32DD4B9E00BAFAD48C345B0E1282826FB
452,run_452__fold4__alpha0p1__signflip_mu0p4__fedprox__seed456,5750,E14FFCA2B937D1AC100D8B01E7CE5CDC01615E85D8C1424C5B704FB9A22DCA8C,ADCC0D772D96FA341B8D031F22245FBBF682760CE9D80E005C48B93A329FCEF6
453,run_453__fold4__alpha0p1__signflip_mu0p4__random_trimmed_mean__seed456,5750,7E9E85618C2582C5CC5DECB0B0ED4C71FE9716F88CBCEC0B5032927052E25A89,2A4B45B31B86463D5032678BB2CB18A40E63AC921E02D9012363E179EF7E95E1
454,run_454__fold4__alpha0p1__signflip_mu0p4__fedle_adapted__seed456,5774,EDF7767B75B4D1C6D56767924168DD4D8CFFB4B4186E30854C89725AEFDA4974,839AF26AAD6EC9BD1653871A6B0FC1D9694A1DCFB1499739CC6505D0B9B341C0
455,run_455__fold4__alpha0p1__signflip_mu0p4__tea_fl__seed456,4970,FB84F6E5940EBD8443E7D3701456D6FB002D62D770BE711B607688EE4CED89D9,8A64FAF37F63635162403F70101E914A1231C74A85CDCB059C192E9DFA27BADE
456,run_456__fold4__alpha0p1__signflip_mu0p4__arl_fl__seed456,5470,F2000D8F1E7A52586C3E5FECCE26D01CD5D78D0EDEFFB475AC5032D48B9C2B91,0B3F8A4702F20C66E20A0109676521ED2F807C7CEDF807B232F7C3ECC27B2090
457,run_457__fold4__alpha0p1__labelflip_mu0p2__fedavg__seed123,5944,F9A31B7A5237A65B396ED07622AA97C0DBB89D8F916A7CE28A3F85B5C17727F8,543F68F2B9BB36669360E0CDBDACBAE1D57DD2DAAD53114A54CA68AF2A3C5D6A
458,run_458__fold4__alpha0p1__labelflip_mu0p2__fedprox__seed123,5944,D075C9A7DA234877D3F868721C7727BF16452A5C2E403ECFF6CDF91C5ADFF962,C7223BDD8522BBEB0AD708714AFA45FAD1ABD77D7988E82334F7443AA7DD013E
459,run_459__fold4__alpha0p1__labelflip_mu0p2__random_trimmed_mean__seed123,5944,29BA69FAAEF154A887CCA8C2C48A6CE0D232F4C2FC2CD01440D64FD1317B6F8D,726E66D464498C0277691EC06D61DF30D6D7509D43FC41A28B80EF5A7D05AF99
460,run_460__fold4__alpha0p1__labelflip_mu0p2__fedle_adapted__seed123,6003,837F7FCB97B57CF74D58C0F5985E14D2C750B71C9B4ACBBE7999E0E7B4CCDD5D,2D3A52E3A54F5DFE642DDC8265E2A98002ACF1210E766C7B663EFAF6CD17EC03
461,run_461__fold4__alpha0p1__labelflip_mu0p2__tea_fl__seed123,4792,E7B937EB2CDD45322CC4ABFC6A1E8DF53E0C2298694D98B1F0C7DB2FCB2D16F3,A808D86C40FE998F56E7B285C296D202B4271199C0ED067F948EBA24E2636C7B
462,run_462__fold4__alpha0p1__labelflip_mu0p2__arl_fl__seed123,5429,12962F5A7DEC7E5EC858E262A61075E9E1593D169936628155255EA4E2947859,BB9335F51DDDC661002CF0E7C294AC665FB9620AF1AAF4D644EFE2C901217F8B
463,run_463__fold4__alpha0p1__labelflip_mu0p2__fedavg__seed456,5750,8D1B3233636026948054B7FA365308203D882BFF1ED733E2AF745F50DA7DA228,AA365FCD167295062C6049F1215F399F4E361A139463D98F94AD0CAF53ADE1D3
464,run_464__fold4__alpha0p1__labelflip_mu0p2__fedprox__seed456,5750,03A4A3C594D0F480C2B3298C57B8CA0C95751441123EA70B9D56F5335C89843F,CF22C2E956D5B030174BC9E06D12AE8CFE750D41B4A6E4529492A650A9E0DFCE
465,run_465__fold4__alpha0p1__labelflip_mu0p2__random_trimmed_mean__seed456,5750,290EC179104437F2A6C9DF36BA585448D0E8CC55D576887AC94FB5F6EBAED2C0,E4B2F03A54E5C0297AEA5FE29AAD444C9F4D87639A9F7466938338531C8E6B09
466,run_466__fold4__alpha0p1__labelflip_mu0p2__fedle_adapted__seed456,5774,616AC06322FDD6566443FF4E3D61C22559B2B261DC6F1B0D4E255D6D78DC3057,78F5E787806F9C2CE7DCB53E658218FE73497893D5E0305CFB94CBD2470C4791
467,run_467__fold4__alpha0p1__labelflip_mu0p2__tea_fl__seed456,4763,EBBE8C1F196550ABBD5CEB3D74840EBCAD4784F442FDD0BA0A18B74B31280907,7053C4689866B8E2E31CAA8C4768C38737A611AB9AA2A0898A12C54E665BF8C7
468,run_468__fold4__alpha0p1__labelflip_mu0p2__arl_fl__seed456,5447,103060043BBC1D4F5676E9A7530E4D4EDFBDAA386933547FB15170EEC91F804C,38B4C5DF9A045F037D7701EB818C1B872FD27C5462AB0433CFFA0464D6884527
469,run_469__fold4__alpha0p1__labelflip_mu0p4__fedavg__seed123,5944,BA273F4818DB1DA3C4D2AF12B131AD8B63E2070F7B4CF012808094923506AABE,18B280A3A6D5D13E74C2E191902C1BA3945B836CCE4D50C9EE77161691C2F0C1
470,run_470__fold4__alpha0p1__labelflip_mu0p4__fedprox__seed123,5944,2BBB9EC107BE3F1D038A151883A3574C7613F8EFA19FC4EA387F20404B1005D9,E959F0B038C7CE0AE162ED94B83479839D384720ECFC98FFB6A5B51BAE084C5B
471,run_471__fold4__alpha0p1__labelflip_mu0p4__random_trimmed_mean__seed123,5944,DEB79902C044B20CACD65029EFAC5D17542A4CAABE8B98E2F975A0D366DADFA3,61657C3B1A310586760E88032AE358360A36F580F88C3FBA6DD1D736E219B000
472,run_472__fold4__alpha0p1__labelflip_mu0p4__fedle_adapted__seed123,6003,99A89715AFADF1F3E8BB5D6B146B9510172B5B666A7399F9301EE1B40E6BCBC8,6CA0E8506BD1208680DA4CAC3E44F2E962F28D9E25D718309EDD5CEEDA4E5FED
473,run_473__fold4__alpha0p1__labelflip_mu0p4__tea_fl__seed123,4705,2FF76171333F3D91902CA75F1053AF78F91CDD9FF0D9CF52D22BBEA5EC32227B,2CEE28BF3A74EDCA7082AF95D85684E94E533FC88A69A1F1A166CFB87769125C
474,run_474__fold4__alpha0p1__labelflip_mu0p4__arl_fl__seed123,5451,5955745A43EAF940EBA621A8961FEDDB4A268AC18742B917A429307C0717D2D9,A46C8B3E4A0C71909357437DC8FAB24B2AA6C75C79CA491C7F4BD6A19AA13712
475,run_475__fold4__alpha0p1__labelflip_mu0p4__fedavg__seed456,5750,744084784F2135D4496DC2977E9DEC879338A8B66C8586A9906061CEF49EBFE5,9C5E0867F5EF070076ACDBF93BEB9F5DE434BBD8F050F46D09F3BD5FC9E16A51
476,run_476__fold4__alpha0p1__labelflip_mu0p4__fedprox__seed456,5750,B0DC4C0BA783B0831ED5180264776E4D9599A9845A7A1883F95887D185BCDE1B,0713FE868732F8313DCC3494620B2795047E060EB7257719BFB0E1AF55911D88
477,run_477__fold4__alpha0p1__labelflip_mu0p4__random_trimmed_mean__seed456,5750,64BCF962D8A6099628918F04E1DE1FBB75EF4198F0C60D2E53839B4990631AA1,8A639F27A232E0101D5766BB8833409229C9A071F9F6CFD23FE742286F7D6392
478,run_478__fold4__alpha0p1__labelflip_mu0p4__fedle_adapted__seed456,5774,2798901B3184721E72C58B25DDEC7FE143FF32350F0D52372365D7417145613C,01DC0B4A8B53A3A04642AB8D0302A19499CB70BF77BD5F6771F136F0AEE8DCFD
479,run_479__fold4__alpha0p1__labelflip_mu0p4__tea_fl__seed456,4728,79D1E7A0929D103120EE9EAF6CC9CEF877074A5E9AFDDB6769DF8E767459FF1D,BD766D580FEBC47905F07F3C2ED2A0704FD530233308356062040F6B8C51261F
480,run_480__fold4__alpha0p1__labelflip_mu0p4__arl_fl__seed456,5477,6624B40746C72A7CD710A19BAAAEB4620223A6EE686F12E6E25E05992B6EB39E,0D4AA5D2CA725A33864B3D84640381DA39C77DEB54745ECC92F08FC9B44895C1
481,run_481__fold5__alpha1p0__clean__fedavg__seed123,5979,1C76C6D66350369BEBA7BCC970E853F48D681DA50536DFD72F17963F053E2BD7,98750149B4E1F69941AD0CE21D6AE22F83129646C96C85663FD33B4F7D393E5B
482,run_482__fold5__alpha1p0__clean__fedprox__seed123,5979,032D15F07D1EA600F0141016E630D0570F72971F8DDAC18244CF0E9DBB1F88B9,53C1A040124664C460205080ED96E57666BEA8643D0C3069269A9D63AFE303F0
483,run_483__fold5__alpha1p0__clean__random_trimmed_mean__seed123,5979,5477BD63ED7F0CBB9DB25F2EB172F2AB635C20B02A480A10FF4C78831E163676,DE53A9934C5A94D085E6E3921252B7EBDC4CFF0F41032134E4D5D18148FE2B0C
484,run_484__fold5__alpha1p0__clean__fedle_adapted__seed123,5930,F605E2793CBB033C81DEEDD48CF01377ECB79698AF4E89EB2C9BAEB8DBBDAE44,FE8219EAFF28C0D5783CA343A60F3322D6926B27DE875136A50D39FD1F8925AD
485,run_485__fold5__alpha1p0__clean__tea_fl__seed123,5029,0F3305933D4633BDD086E471FBA7A9B93A2F7BD7129DB0CE3F4339A55C6A5BE8,4B3D5E594EBC2C0503050361E607DB54D2663CA73E9E1D572DD7F937814BE28A
486,run_486__fold5__alpha1p0__clean__arl_fl__seed123,5532,29B02CE58404C4C690CE6BEF9378F15D5D4EBFA5FFE541859B49B91A48F9668B,EB5A9BCCC74E83DD210CAC8624BF3885D47AD65291469BEFE6CCC7640E76E8C9
487,run_487__fold5__alpha1p0__clean__fedavg__seed456,6038,83DC8420B278588332E87E35EB27153F167E02E026819A5AA9223061DCEA5A3C,44BB721026EC03D55C148A61071AADE2E88764B6E8921BC4B0CBEE2047DEA986
488,run_488__fold5__alpha1p0__clean__fedprox__seed456,6038,CF1276C142832DA889EA36FB20FBD4C950DECAE5F58B8E31D5AF8C9BAB838E6D,E08631573FAD25EA3FECB76774C9822B409561D0EF44FA414DE6CA2A2DA0202C
489,run_489__fold5__alpha1p0__clean__random_trimmed_mean__seed456,6038,6B4171C0DF9636F52138EF4CF7377469630139FB5BA8CD0BDDB159E2373990BE,B749E09D64314F14365A022976686BDC5DAD6B38E2B9D971B5D3EE3BFDE1D702
490,run_490__fold5__alpha1p0__clean__fedle_adapted__seed456,5873,C310598FD04D9443A6504052386478A993621267E0DB1285FB2083EA71A31AAD,BBF8D010719A3A44AF1C6C5C933E4C54B71D619BF90FA956F4E9A50657C0140F
491,run_491__fold5__alpha1p0__clean__tea_fl__seed456,5218,64D49DC6B62C3CCB1AD648E0BC6A170E405DEEDC331C10B9F341376F26E199A7,EEB22309B63A08DCE6982554F60D87401BE470959DB820EDC0A0BBC611B966EF
492,run_492__fold5__alpha1p0__clean__arl_fl__seed456,5545,7B51E8F5003F5F634E6DE7E4120970AEE62F8B17C8D3EE9E0AFC7B910AF3249B,73D734D0053F283131B01E38EC7343751139D9F9E3A4B5096A449DBEE5E57A1F
493,run_493__fold5__alpha1p0__signflip_mu0p2__fedavg__seed123,5979,BDC2C65BB3DB52034968511D15BD547166DF92D24371E3F1275A554EF60A93A3,0855F4B77240A94073CB1400D6A96571AAF067B5A51E955FC2D0857B5D2D03A1
494,run_494__fold5__alpha1p0__signflip_mu0p2__fedprox__seed123,5979,FDA13D084CACAE5518C374AE6A6EBD383E4C56287E350B6F81619B6CF790DB78,9D65422C4FC9D4465865B7DDF57ECD33C3C16C9F67393C3EE6DC12F18C282002
495,run_495__fold5__alpha1p0__signflip_mu0p2__random_trimmed_mean__seed123,5979,6B95D6B5273B123866D6843B6BAE06FEAAD7B9F71E56465F5CBE21BE36760208,BFD8CD17882F2B2C5808B9059417FF5DA9B95308732008CA7D7355F68962A66E
496,run_496__fold5__alpha1p0__signflip_mu0p2__fedle_adapted__seed123,5930,52427E7FE648710B24E05F98A9A717D37D80F3D0733318FD86935978DA7BC095,06BDD09E5107E59276BA7BD93EDCE4A406BE49B262532209616446BD42797306
497,run_497__fold5__alpha1p0__signflip_mu0p2__tea_fl__seed123,5615,ACC6E01803D4061E319EFA3DE799318899062A12B286AA2261F58C9A079958D8,1123907217E7BCC4BA8450544F6096962571017C252646BA23D614D0B91F2DF9
498,run_498__fold5__alpha1p0__signflip_mu0p2__arl_fl__seed123,5518,6A7DE3BD4A416F0888B07C8A9AC4B729903D7D4C71F167FFA146E4F9BD24256F,E2F6E523236AC5C7869BF96D01B0753A465807F362497191D3718156E1A3E327
499,run_499__fold5__alpha1p0__signflip_mu0p2__fedavg__seed456,6038,B86B8EA7D91F0AAC5CC7FF9FDCA59C019ACAAE76F2B7AB621EB9521D605AF8BC,6FB72F4D0601E7839B04AEBD7E7116137B8071E66612E32A680A1DFDF86E1BAA
500,run_500__fold5__alpha1p0__signflip_mu0p2__fedprox__seed456,6038,A7CE0D60C4FC126A336F9A723D4067EA3C4A105AA3D0782BB577996523D67B1C,1F0411424EE5AD448F65F29F089DDAC0F04AF8F27AFFD8D4FB5B1AE9FFCEC372
501,run_501__fold5__alpha1p0__signflip_mu0p2__random_trimmed_mean__seed456,6038,A347474256F0D79D3117F4D8F343325CE91C571722869C6A61A1CBBF5B29734B,3031E05657C0188FF27432EE600C57796033492ACED1CD7D42B9624632C72735
502,run_502__fold5__alpha1p0__signflip_mu0p2__fedle_adapted__seed456,5873,A0A768FB9DD9377947319DA116C245804F3E5C1901031277D48D5AE9DB35AD12,8A8C17629250960EA19DB9C61CB9CF5EF3CC632ADDF30DC5E3CF19F83611B932
503,run_503__fold5__alpha1p0__signflip_mu0p2__tea_fl__seed456,5577,4825FBF9CD722DAC9CD7598E27A2288592D8347F6DDCFF0D73283A2C222AC38B,C5919CDE1782127C8090B7DB0D7738CD8433EF00F45D57E667393F9FCD1E362F
504,run_504__fold5__alpha1p0__signflip_mu0p2__arl_fl__seed456,5625,0C8C84000F1F6FCDF047B2484AF91EF5166D855625B3FD98149CE30B33696EF2,B07218533CE6A297D035BF579E97CEFEA39179EDF59B761ECEE0E8D2D1DB4CFE
505,run_505__fold5__alpha1p0__signflip_mu0p4__fedavg__seed123,5979,F579B4F462491F8934D8CFBE4F4DD1D1DE4764E1FF24AA58D1341A4027EF7908,509F29367738BB30FB0EF303F7AB7D2B596EA47664178C1A78FF7BD591CF6C9A
506,run_506__fold5__alpha1p0__signflip_mu0p4__fedprox__seed123,5979,1E69E2414DA026B3C5A31992D9665007E4C4F3F86C5F86D882A45D71D43105C3,194C8F4FCE5A0F301D0AF092AF5E4189FCA79C9803CD59D7BA58A7BEE7F3CBEC
507,run_507__fold5__alpha1p0__signflip_mu0p4__random_trimmed_mean__seed123,5979,88578C58DFF739DD2952FF25010205FD4B2AD66E10588CA4796E1EC2E7BD2976,18C2D9A0600C2480DA5AC3D1E2ACA5612BA0E5FD928C62EC8D415F30C941BD49
508,run_508__fold5__alpha1p0__signflip_mu0p4__fedle_adapted__seed123,5930,52583AB009C26F482EAE50018BAA9112483FBC928569624C796131BA7D3FF049,F06D7EE36FCEA21153DD3664715279974EA29A062F71D9A7778B9186E93ABD04
509,run_509__fold5__alpha1p0__signflip_mu0p4__tea_fl__seed123,5366,03EBA5DA4C7C3E234C906542487120DBB21EFAA3E656EAD15AEB2CD75A9A3EDA,97EBD71EFDC5BADCE27608A6CF0A2F2F78B91D50C40B15AAAA6FBCAD97046C67
510,run_510__fold5__alpha1p0__signflip_mu0p4__arl_fl__seed123,5673,D83EE4CD2FE7C7762378C15099379053F576D8EA5A6A1743B13DBD15BE399AEE,7BF91A039E047823C8CBC4830432BC44B1F9C1A304920378875764DFEF4797DF
511,run_511__fold5__alpha1p0__signflip_mu0p4__fedavg__seed456,6038,403AA481EAE8F896901964A0D925DFA86D1EF6479E3BF8F1CC48AC2DC6DE3806,D464D10A72F1BA3D9CBC000D5A846B5DD170E83BBF308F26FAE8A3E411BE5C2E
512,run_512__fold5__alpha1p0__signflip_mu0p4__fedprox__seed456,6038,D3E2AFBEED6EB08D289B3CDC0608D92012CF5EE3BE897C24B2C0FC88F8869E8A,53016C865323C26E27E6857E77CB73CB2B962A211730F1B45A4A57A777F6AAD7
513,run_513__fold5__alpha1p0__signflip_mu0p4__random_trimmed_mean__seed456,6038,E336DDE89502C535E438DCE5228084952E6EB225CB8D31FDF20E56D5EA61665A,63C0EB654D6D8C045DB417986B8881AAF3270BFFCDBFADDAC4D148DD894F824C
514,run_514__fold5__alpha1p0__signflip_mu0p4__fedle_adapted__seed456,5873,879D1D8412E4EDD5FE90E103CF9A4E9AB6CC9AB1685973025C12F56AAD29A2EB,E9DA68064FB0CF56D3F61C3D2D71B0F029C4D447B8B4DCF96A6BC90BC372DD37
515,run_515__fold5__alpha1p0__signflip_mu0p4__tea_fl__seed456,5555,6076548FF6A96346E26DA72F406D68B0931B73616623DCDCAB08512FAEA5C946,233308B1FE7EEC20C8D14DE7CE1F0263D1A1808DEB627F6F532D11D5D43C66A2
516,run_516__fold5__alpha1p0__signflip_mu0p4__arl_fl__seed456,5676,B9C1239CFAFD069F50588EF453B7E20ED916538025E32418ABF08F5DD2E23B95,920F2D0068162A223CD66476C8B082D669E4A13912C9108614131AA3545BD06A
517,run_517__fold5__alpha1p0__labelflip_mu0p2__fedavg__seed123,5979,EA917141E27EB1398DFE84719C3C84E42F67131B0D725912E2D328DF204A9E5B,0E9830759FBC16C7B661AE1399C8F03816AE331DBA495DB79D2C088C40EBB852
518,run_518__fold5__alpha1p0__labelflip_mu0p2__fedprox__seed123,5979,B37482DA10CAC714E8A0F2922CA9A6928BE62907E88717CA9AEE2871A83A872D,A343AD9DDC20D370F134719AA878E989DE8D9B77D2DBD9423CF1EC162E883773
519,run_519__fold5__alpha1p0__labelflip_mu0p2__random_trimmed_mean__seed123,5979,5B6C3354CA77E96F18ACD8731E53E05F547C63E5DA0A6FFFA19757734C7FBE17,B7D4B3400CB8CCF431FC2ECA8164D1D59427ECD4F2FE1F68A22E3242BE6F7B5B
520,run_520__fold5__alpha1p0__labelflip_mu0p2__fedle_adapted__seed123,5930,97548CA1E20B749DA4762313AE6420C264849235B24BD487F8B28846024D71EC,991AE2CDBE74BA012638EF42DF5CF6BB2FAD0D1D3F604536126C80B3A19783D6
521,run_521__fold5__alpha1p0__labelflip_mu0p2__tea_fl__seed123,5308,01C57E7224FFF402E7A9E736FF4F6BC8A9DAD0E180740F8ED3D8B01F0DE7B4D0,58DD13E4CB61D67841B6CA48A97E54686B8808DD81CB269796769EE17648D496
522,run_522__fold5__alpha1p0__labelflip_mu0p2__arl_fl__seed123,5483,8344B9463C7CEAA2EFA1F151CC750D1F39672825B64AE6175DE80538966B2136,59B022D5C94423B146872CE761A2CA79F5E879FFADF0E675417BE7DD0696D277
523,run_523__fold5__alpha1p0__labelflip_mu0p2__fedavg__seed456,6038,E5BA17292D29FB5C6594FE3A0062174F4F507660836B7B3225658177332244E0,846B8194DE7287E177585542C1AE6C9CFA319D5697E8965A796C5CC12AF9D2CA
524,run_524__fold5__alpha1p0__labelflip_mu0p2__fedprox__seed456,6038,303FDB56068A9A900DFF8BF09B3C483EA1BBBFB50257570B9533A4B02044EBF0,A6652FDBE87CD25F71033065189D1E2DD2A044446D3CDE5DDFB0E5546D4E61A2
525,run_525__fold5__alpha1p0__labelflip_mu0p2__random_trimmed_mean__seed456,6038,5DC61A8FABE33DE5668E7B302CB76C43E9261A310494FDCF7DAE8F9F67E86B66,5149253192F655C24C49632ECED068B88E44131837F8C57E5CAD0DFE473F589E
526,run_526__fold5__alpha1p0__labelflip_mu0p2__fedle_adapted__seed456,5873,A8213B73E9FB3CFE7080D0333D9237CBAAA9F62B07790DF5196FB049F6E32756,4102C5E913B1295B78BEDCE725BE0AC9CD3F6CC3C6F16FB29C1CB119F897817C
527,run_527__fold5__alpha1p0__labelflip_mu0p2__tea_fl__seed456,5368,95A05ED34153385BA6D603D2445D136ED4BA5E392969F1AC65E707C578281604,BAE536B353BC3381FA6FE145DAA6C1D228E6CBF5C491F4A7640696F891D43221
528,run_528__fold5__alpha1p0__labelflip_mu0p2__arl_fl__seed456,5556,BA50C6502DE6B54E71279AC3CD3A88395E207E45DB2A0A7B48123AE2C6707B36,BCF4ECB6BF68855A53C3292F8172CF84BB4FC1827EAB2106373DD0BDC45A1872
529,run_529__fold5__alpha1p0__labelflip_mu0p4__fedavg__seed123,5979,23DB09AD03B59E4AF589F84CBC3C0CCA09CED659F14922A9143D34EAF95CC6FD,37B7128A94F0E9018EDA0072AB1A42C183EAE104F1631210C67E7E2F16FE7C16
530,run_530__fold5__alpha1p0__labelflip_mu0p4__fedprox__seed123,5979,B0A2A4709E07BEDA3AACB420556A3FF08F62C026147A059C805F5F19E7D2C4E6,BB36F50A4EC0F74970EE96775E885EC97127D7A65EEECB08B0E1A43E90CE5AE3
531,run_531__fold5__alpha1p0__labelflip_mu0p4__random_trimmed_mean__seed123,5979,8D6E962620753C850D3975B19CCF3943964AC09443D8D50923C947CA4261BC99,9E8A8863794469CCE5B2BB3A7706E3A5A53D0AD70B1B39D512BEAC8D9C726677
532,run_532__fold5__alpha1p0__labelflip_mu0p4__fedle_adapted__seed123,5930,AA94F83FB8E9C815C668E67E9FC66AED9F7B8C5B29119B33CB7BB2EC246FEB1C,C6DB4562418607A29E2C02B4051291DB81A20566383CCA90749749859A0ECA76
533,run_533__fold5__alpha1p0__labelflip_mu0p4__tea_fl__seed123,5400,57243D1A73541E57414F598F3F17D4B8FC4F394D501453A1678F81D4B1247ABD,382C3BA6482C4C28B31E6F69AB5640A7098643932149C91480B1BE822DF4EA00
534,run_534__fold5__alpha1p0__labelflip_mu0p4__arl_fl__seed123,5561,8D1BD33FB57C0952FA718EB0D53ADD29EA5057F07DD72445E09FC141A9C8285D,54AF995BF7FD1CE54F4D7412B34868E02578C74D24A0AF83CBC6CCAD6239B690
535,run_535__fold5__alpha1p0__labelflip_mu0p4__fedavg__seed456,6038,1CFF8741B8AFBFEBA1C8ED13D02A4E843DC3794E04B79388EDA23F1C61AA96FE,CA290076FDAE945A3599E0743141C266BD2333B8BAB094DB2B91137CEC934C64
536,run_536__fold5__alpha1p0__labelflip_mu0p4__fedprox__seed456,6038,F7B77B0EF34C18EB9FCC1F22F8AA362871A7976789A14F90F1E7E3A84E749622,EBF9359949B8258C4BBFC1F821DE77693D137E41AD9F8900A2665DB077CCB21E
537,run_537__fold5__alpha1p0__labelflip_mu0p4__random_trimmed_mean__seed456,6038,3990FD770FC7E2D7260C8C26D5E114B5DB0D3BD068C7299D3A36D59E76897985,65C942573EEA673F6333326E2D8AFF5CD644E25396DA2F840C184C05F3A2BFAF
538,run_538__fold5__alpha1p0__labelflip_mu0p4__fedle_adapted__seed456,5873,5A5FCAAC1AC82A744ED9872A7AD599A47A912E1D89A69FA6E54427CF297CCF88,3C79C790A79B2696961F30EE15B05604CB8B4128ACD5B043CEEDAC70006EBF7B
539,run_539__fold5__alpha1p0__labelflip_mu0p4__tea_fl__seed456,5488,20D8E61120DB99894A09675FE83C9D1982DE5A41822B3C7075C40692BF1EA821,A3505E0A337D3B908F589CA57FAE9A9847C25BDDCEDB58FF5EF378BA511D858D
540,run_540__fold5__alpha1p0__labelflip_mu0p4__arl_fl__seed456,5594,259149B36EFB872F97CE8BA7F4E58AC7508975F91A875D957FF1936C85E65805,C73BEE8AA6F7902E9FE754CA561F9A53C87B052142F1ADA017ADE558FA214597
541,run_541__fold5__alpha0p1__clean__fedavg__seed123,5760,A03761A87C62F34C363F482EC20B5ADEF7393BF88C21A35BB1BF801009E8C564,8DDB404139D581B36E1A88E19C2F82642483507C54FB8A7226246BDD3FBF3302
542,run_542__fold5__alpha0p1__clean__fedprox__seed123,5760,E289E47630F96043C2A0E7E0A8B52B330A1866E89A72167374BE8BF4445C88D9,9C3364BDA8773579356EE67031E64D7C06CB8FA8E8A74F32B70D5C6425C40625
543,run_543__fold5__alpha0p1__clean__random_trimmed_mean__seed123,5760,AC60D0708A86F44D4E9992361463C3B927B13CFB4842DEE9A50879F0E9B566AC,9EFE6EDBA42223B9E1BAD6AB5DE0C70608841BAF34F5BADB1DAC24A28CDDC7C3
544,run_544__fold5__alpha0p1__clean__fedle_adapted__seed123,5810,1F99E1231F1DF36E2379AF8281E4CF20BF8F1145C2AA747BBD9E6809CCBB38E8,9C50652E0831BE8B771273B6CD7A80B5DE7794C7A342D1656D3A5DF54946DE9A
545,run_545__fold5__alpha0p1__clean__tea_fl__seed123,4338,45B834AD5FD8111504CBA4FDA554DCACDC89A34F906DB425DCEF63C10644A7ED,3619937C8D4231CA4030ECA33767533D9FF2BB4B463D3BE2734FEA947268871C
546,run_546__fold5__alpha0p1__clean__arl_fl__seed123,5301,7B5EC6AD43272025C120158F6F7AED2ED7AE1CFB0470BF2E8DF85F4215A82F8A,4A3FA6205D0FE70BF16F085009C8538A9FCFE73949FF258D24F3C84847DE8F3C
547,run_547__fold5__alpha0p1__clean__fedavg__seed456,5771,7DB57E90BFC08AA886CB214EB1FFC91F7CADCBC3C35C8B1386AB54BC2AC8FE71,C2CC53819E9A48B297C8448556A0B0E2B3E021B5DDBBAB0DC8EEDCA257E6BA32
548,run_548__fold5__alpha0p1__clean__fedprox__seed456,5771,62CCA020E13A9ADC75BC9840B082E95D7C0D3676C1F668087FAB49C973E144F8,3BEAF544051006B2E7CA6F2A4587443DAD4C00247EAEB69A82E8BEFD125CECC5
549,run_549__fold5__alpha0p1__clean__random_trimmed_mean__seed456,5771,524DF7D0FBD5483B232EFC3FCAC4A088DE8C6C7D2917CB9159E2C40DD5263A12,4C725EC78AE8A613CF75358D970403835E8D2E44A92EB91D77BF70B1DB7D66A9
550,run_550__fold5__alpha0p1__clean__fedle_adapted__seed456,5687,AB4582EF9BA40E039C0A81611C623E2EDEA83E369E457341B88E1BCC028BB9AD,52D0C409586655AF317FA2EA09A0328CA4CB30A18358474BFD15CE3E44A8DB65
551,run_551__fold5__alpha0p1__clean__tea_fl__seed456,4507,AC76DE810DC9B2FCBF210CBD28365E492FE8D2AA776BC03C39BC91B646EB14D7,ED92CC9C22638EDB31A23EFEBE03D567BAF2D2BE8518751E4F6AE03C08F93091
552,run_552__fold5__alpha0p1__clean__arl_fl__seed456,5366,E07EE599CE4D951B929D6C6B6D0DE5F86EE5D135301869599C36562121934D73,01544317591AA27A9F1864BC3FCAC4FF4502994E0B14604AD686E49DECBBDE2F
553,run_553__fold5__alpha0p1__signflip_mu0p2__fedavg__seed123,5760,C062E505F5FF217508380E8317A4BCD173F615BF1AD538F3156F93B156A680D5,36990740B106F15A5AD25CBD69FE246EA6EBC96A4B6F3C6D0C0677386ED3F4A1
554,run_554__fold5__alpha0p1__signflip_mu0p2__fedprox__seed123,5760,22411D05547E4DB6CE3862AB1589FB87029C2C24E0197EE9C243ADF2D1397E5C,34E936A7557C98D98162B75E6CB0C5554526CC04FE3F699F9D295203F986B245
555,run_555__fold5__alpha0p1__signflip_mu0p2__random_trimmed_mean__seed123,5760,BD20159BE0A46E1FB8F946DCF522DCC65C68C52CBD6C90411598B185E2F90AC5,E9183C5207A0B6B861F2419CDA8FFDE438DBBB540A8E2956F578F75C3C0D1607
556,run_556__fold5__alpha0p1__signflip_mu0p2__fedle_adapted__seed123,5810,680A0D4784A2A8D2F6F23EB75BD5FF98BBD64F7B82A1CE8A6CD100A440E55957,9201DF5F45767D3D6EFB54F7D92CACDBC3C5E936A961A08A8028E2F92FA66007
557,run_557__fold5__alpha0p1__signflip_mu0p2__tea_fl__seed123,4571,83218AC1C83DA3C3E9ACBD88F011750581B50A7803A502666CBB1F6E8F9832A3,A0A2C7C99CCCB6F706BA10CD1199C0FF48AC4F94D9C37A1C8EC5E44D23822A90
558,run_558__fold5__alpha0p1__signflip_mu0p2__arl_fl__seed123,5338,D7672C9AF3C7604F26ADB41D8776F8FDA5DFA6B10ABFAE7AA6289774E80C9E9A,6409FE1D430BE2A3284639F9F2ABB44426AD21F3E0818E2E3E294EAD2D004C05
559,run_559__fold5__alpha0p1__signflip_mu0p2__fedavg__seed456,5771,6A401EC4E4E9F2BB02E71167060FEED4A2E63199289247CE1CCEB511DD766D60,FCD49AB7F6ACA1EE812288AD332C431B9FE41AD13FDC432BE77A079F626C4AEF
560,run_560__fold5__alpha0p1__signflip_mu0p2__fedprox__seed456,5771,56E781614AAB0B555ED448C768301478E4EF4972A5C1E1F9B00D88E734CFECBD,534DF7802137252268853F9C94ABF8D5252535C4702CB4F3CF698F3111D0C3EE
561,run_561__fold5__alpha0p1__signflip_mu0p2__random_trimmed_mean__seed456,5771,E13D41F4284B4085B92DFD49BBA335F4D3EF32FD2890596665B291139A540143,7C2662D7AF2313909C345B1D14C2EF701D8929782BFFE7D194C1674010C3614F
562,run_562__fold5__alpha0p1__signflip_mu0p2__fedle_adapted__seed456,5687,B96142F92FAD60B8BFCCFF511E7E8D78D0EDA52469B62E646A4ECD2FCF01D4C3,B6D88B47CC45B24D42F563BE43FE800D93F0FD54D02C8622776E2854E08089F9
563,run_563__fold5__alpha0p1__signflip_mu0p2__tea_fl__seed456,4674,220EF837AC4D0DE9DB2D4D87ABCEE5337A939C8CBF90B3E76F762EE3560F6875,0C00426FC8FCA834B15D29A8E11EECCE83D58B9163AF375FC14948E6D3106A96
564,run_564__fold5__alpha0p1__signflip_mu0p2__arl_fl__seed456,5350,EB366AEFC8272183B1A3D3A3C020ADB6AA6A1AE591B3AAC8792523A68CCE4171,3FC793AFACD6494B6F3740D71E3BEBA01CFDE022AE3D78857117627ACA23DFB8
565,run_565__fold5__alpha0p1__signflip_mu0p4__fedavg__seed123,5760,99B52B70AA5367DD20A4CCE5AA51187ECAAC955ABFAEBAD81C0936F6EA5F9BEB,A8EF5D3D7C571563CE984D18144A368C42977F1F458DCC0D827EAB96D82D19EB
566,run_566__fold5__alpha0p1__signflip_mu0p4__fedprox__seed123,5760,36091C2666B6DDAF69E97ECA4F2E06DEC5D3A829913AD7B23419452A620C6291,382FA3FC27019D5D68AD96D771746C187D38CEBE88516D754E59BF7C96B36DC5
567,run_567__fold5__alpha0p1__signflip_mu0p4__random_trimmed_mean__seed123,5760,3CF5CEFDD62579AEA78B8201ACB5AE617D5C4C6FEADA0D8029CC6E8EC86B23D1,36D8091EE5FFDA4084E9D3353F02B9AA4B9D79C9655CFB09B3930C7469F13ADC
568,run_568__fold5__alpha0p1__signflip_mu0p4__fedle_adapted__seed123,5810,419C8E129E30DDF00A7CE4AEAD2FA53F5C2CF4B4DBE5CBDF983840EE43F9E90E,D6603A39D742561D86F891494E552AAB73BD93AA389888F35A9A6894A8594BF1
569,run_569__fold5__alpha0p1__signflip_mu0p4__tea_fl__seed123,5339,F2629E84C60BE86AC282B16FA5EDC4D488F1E344122302A70D658C1169FD9036,314C426591C4F09FCDE697048F3BD2EEE9DAA1CAED706B0147D47AD645B3DBCB
570,run_570__fold5__alpha0p1__signflip_mu0p4__arl_fl__seed123,5386,B1B34C37C28E3DBF770CE7EB20ADF6CCF703C730FEE37F6EA4146EBCD6647C23,8A34C8CE417E3CECE3BF3CC620B7051F8585522F461A9E91068DD9B6FA98CD93
571,run_571__fold5__alpha0p1__signflip_mu0p4__fedavg__seed456,5771,3D4B9356D9AB79E4C8BF4962488A2D3D7875B7E2454F51BFDE8CE1A925DADFAD,D491B498CCC6C07B16030E925D304338D21B149A21C55E0EDAD7D684A7625B64
572,run_572__fold5__alpha0p1__signflip_mu0p4__fedprox__seed456,5771,C7ADAC68E1D31715C60AB9B09CEF2023579317FC7A419ED6A5B16F407EDC677E,5AAC3442822C62F217F3DD403C5A41D643E9789F94D38641F37969498001A958
573,run_573__fold5__alpha0p1__signflip_mu0p4__random_trimmed_mean__seed456,5771,ABF531FC896FF89E358B98E7FF803E891F8EC1C353C730543AE24A0E2851B86A,9F66401C1A425D00E6D162FC89FB0A6A97F284C5723BEEF77B6E1027278E6DA7
574,run_574__fold5__alpha0p1__signflip_mu0p4__fedle_adapted__seed456,5687,AF9AE95C7918A25ED246F9D09DE155F2D7D63FA5907558D82A44052F61728DB2,9041D52A3E3468A9285B4E321CB5A5799CEC31A9B584AC1B7D21698CDB8E8FC9
575,run_575__fold5__alpha0p1__signflip_mu0p4__tea_fl__seed456,4974,7D92DD886EB53442A0A1196772AD96627C9A7D633FB983F1D089B137A2643460,8852A2513E668D60CA05FAB221957104820F7A6ED6D26E4623AEE1E165A53DE1
576,run_576__fold5__alpha0p1__signflip_mu0p4__arl_fl__seed456,5350,CF2C849D29B2625F6D2FAB1B30DE7677EB1DFA1C9B8293624AEE5DD44BF94D94,A51DCD150DAF7B47C6217FAD6B7CE425CE96DA28C8BA73BB5A1AB94F2175F236
577,run_577__fold5__alpha0p1__labelflip_mu0p2__fedavg__seed123,5760,E0C33D276A1497ADAC6DA751C5FB038F52494EA3B96388437C17C697B02EA84E,EBF1EE8C99C399C2A9F5D43119E61ACBD925582424CB1B118C392049CD856B90
578,run_578__fold5__alpha0p1__labelflip_mu0p2__fedprox__seed123,5760,D98CED57A75EE4BE13756CC7E55BD3BE4197DD11F315B23897933D66AF002F96,EC9531439615F9F13F384183E214FE17CEFB1CD9C1435E12F01D7424862703D3
579,run_579__fold5__alpha0p1__labelflip_mu0p2__random_trimmed_mean__seed123,5760,D921F720965455D13F6F6B042186967CA83ECA6017A8AC60FCD7FEF8B00176B3,7BA602634F6A500EED8CBBAD2D149F5B66D1DBFA11747F14AB377A44B9A5C8AC
580,run_580__fold5__alpha0p1__labelflip_mu0p2__fedle_adapted__seed123,5810,A8CDF2196DF3B2B4B443D07DC449B58DEAE9D6ABAC69443FEAFE8CFFFEFC3EF2,2DE3AFF4191BBD4AEE00801AEA4F51BAD00F144FBC53EB09113608980407B2E1
581,run_581__fold5__alpha0p1__labelflip_mu0p2__tea_fl__seed123,4333,8FD7B0AE719326EF88168408C03B8FB74DBB4B672A11ABD1C0D220720D0CC438,A4D51E32004FF8A3C93784C87A538710E30E7D4ACC86A5561713AAC7FF81E4E5
582,run_582__fold5__alpha0p1__labelflip_mu0p2__arl_fl__seed123,5284,97BD8952ADF1A15A449F3CAA803CB5AFCE555B84F01426E28DEC1FAE0BBE37C8,18FD73EF710E0AC89CCFEF45B6CA7B804E2B8124B7EF40D447A79B15EA8805B4
583,run_583__fold5__alpha0p1__labelflip_mu0p2__fedavg__seed456,5771,EF646E7905DAB0B7CFF08C9F4CFD94BE79A2B0B0EA7712B519C33F0B67803CA1,1DB873D27853582D6CFA1BD4CD21967410D81BAFE427A09D79048AD8E690714C
584,run_584__fold5__alpha0p1__labelflip_mu0p2__fedprox__seed456,5771,58E36D8FDEA614F07190000896808C1E9A3D6E3C48B4A8B6285EE53F89D0FC62,9AD6CF3146B1F38D7DBA2F6A7238B29BD8094E155F298642CD43558BAE0C2B92
585,run_585__fold5__alpha0p1__labelflip_mu0p2__random_trimmed_mean__seed456,5771,67807AD5EB665945543BD1EC2FC6A788FAE4DA11FC062FBBCF238CCB1F78DD5E,A0216A3D14150C2979AED67B7C119BE39A11A4606BEC5BCF0C8ACB05A4578513
586,run_586__fold5__alpha0p1__labelflip_mu0p2__fedle_adapted__seed456,5687,85D8B82C374ACD87D01D3A8EEF24000F9CF6C9FA0A3649593B12768B167C7CB0,39CAE3C45DEC2B78BFFADDB4CAD53042E82F5EDCD3800AA1217B4DA21BE4316F
587,run_587__fold5__alpha0p1__labelflip_mu0p2__tea_fl__seed456,4490,2E05F8BDD4771D22AAA77780476B05F9CE16B8D31931BF0EC8B9629C9EE8231F,D10D5913FEF5452771B2E1CA26BC0A674517799A13CA69261D1BC3CC2FEB4BD6
588,run_588__fold5__alpha0p1__labelflip_mu0p2__arl_fl__seed456,5314,02DF754B82A732B1D58A2EBF3515D9B867A29EC445E5520D2E842F80BF701B4A,127C0747E7D1B3815B40167AC4F6F098AF4EDF64ECD85C28030B21D922BCBEF9
589,run_589__fold5__alpha0p1__labelflip_mu0p4__fedavg__seed123,5760,951AB46EE9EBC3527D747CDFE5409B1B9B98FAD15184D57B6863387BCFF56E85,BD8F394B82963EF0CC518BFDBCBD9BE555D355AB70195EB8EF7AF42F41FF829F
590,run_590__fold5__alpha0p1__labelflip_mu0p4__fedprox__seed123,5760,891E968B6E27133510C568A1796526DB42C1E6B27DD5E9D7285CFF75CA407B0B,9DC416581296FAC15623807C864DE358B45F6592B7CEDA010532CEBA0E5D8DF4
591,run_591__fold5__alpha0p1__labelflip_mu0p4__random_trimmed_mean__seed123,5760,4963FAD832AC0FC48D5E445AE035857E93B2179FF0026570AB20995A128FED7C,4303B6E87A3205672901605D8AD673319FC2EF70E0E3082111966C1D6C2E7025
592,run_592__fold5__alpha0p1__labelflip_mu0p4__fedle_adapted__seed123,5810,1858FBC7CDF8D2BB015044534E1578FF3786847051A35CDF9B839ED086D3AC71,D7D1019240C6BFD8EFBC191B78970E4C68353744320225417E6E9E5649239601
593,run_593__fold5__alpha0p1__labelflip_mu0p4__tea_fl__seed123,4356,794E47A46D90C7AED242D2A89490E6E6C10ACE98476A49AF9776A809CA8BCE56,83832BE18DA5721613D5146AFE1676C62BAF955493E30DCBE9239FAEF0B57247
594,run_594__fold5__alpha0p1__labelflip_mu0p4__arl_fl__seed123,5274,BC4E6941E33000D4A6A38E76C9A2F9593C7490D9FF43E6DA36C1CD069EE89F55,70DC3356841CEE7EAB908D1EEB8BE8A2343C6D30D493C232D96AE3D85B2F3CC1
595,run_595__fold5__alpha0p1__labelflip_mu0p4__fedavg__seed456,5771,74162F954AED7B53A58A700873B6162195EDDA8858F650C8035BF89D62D1C8D0,3C524A73480F46EEFB5460CD0018E53D94AF04D7F435249D5F5B8EF2F46EDC9F
596,run_596__fold5__alpha0p1__labelflip_mu0p4__fedprox__seed456,5771,DB80F18ADDFC088D28441761D5675A875A016FBE415EFC325B58C8CB004F4B4D,D514069F6FC9AD52EDC6C057A7A3FE35FDD7ED2A8AC6DD995F1BB2D22C700ACB
597,run_597__fold5__alpha0p1__labelflip_mu0p4__random_trimmed_mean__seed456,5771,39E72E61AD86D4FFA6432C9C1C381C568CAC9FF2731AA024C38E9AD484C3A9BF,BC0CE286D18DE40B8227FBF71698C4DD7DE21E04595229AA802A1D88A3AB0CEF
598,run_598__fold5__alpha0p1__labelflip_mu0p4__fedle_adapted__seed456,5687,154FF29F4EFC8A7071E164DC055834DAB13E5739EB48E14DA769F2CA1275F6DD,D7E5EDDBB498B77DCDFC0FCF1F4071F0337C327AEAC1E547C3442C9A22EC7399
599,run_599__fold5__alpha0p1__labelflip_mu0p4__tea_fl__seed456,4454,8AFB0017095C66FAD70D5F49FD8D46662EF782C888B58CDA243EE79C114A1194,FC41CAC838BF540B1E2D1555F27F2F988FDF0AD6B8490BFC0FC1C64321F78C8D
600,run_600__fold5__alpha0p1__labelflip_mu0p4__arl_fl__seed456,5372,1FF44CF2E9B6B5A99D5AE182BCB2C52D467151F7155661AD513C97B65AECE034,F1737116F1C089F5CC4B919C71BB00CA52F6F44D7B189AFB761CC3C90061AEEA
