run_id,condition_id,outer_fold,outer_test_subject,alpha,scenario,attack,malicious_count,method,fl_seed,model_seed,random_schedule_seed,early_stop_round,completed_training_rounds,loss,accuracy,balanced_accuracy,macro_f1,first_client_dropout_round,active_client_lifetime_75pct,active_client_lifetime_50pct,final_active_clients,final_mean_residual_energy,final_min_residual_energy,total_normalized_energy_consumed,jain_participation_fairness,scientific_optimizer_steps_accounted,run_result_binding_sha256,run_file_manifest_sha256,run_manifest_entries,class_00_f1,class_01_f1,class_02_f1,class_03_f1,class_04_f1,class_05_f1,class_06_f1,class_07_f1,class_08_f1,class_09_f1,class_10_f1,class_11_f1
1,1,1,101,1.0,clean,none,0,fedavg,123,466359210,904643126,,100,0.6375167236565062,0.8084886128364389,0.8153355871459693,0.8116013884444223,75,100,100,20,0.25178023100738184,0.08236896738623524,17.489808267000218,0.9695089437200058,6034,F2D6F4F2ACFD29EB1FC41A167CCDA75C609CD669E521CCA80765FC35E68EDD58,E75E73E24395665CA5C3AFCD683CF35C4D4FD814A562F05DC789247FF5F32A45,11,0.7988668555240793,0.2830188679245283,0.5889101338432122,0.9190751445086706,0.9655172413793104,0.9577464788732394,0.9240924092409241,0.825531914893617,0.8682926829268293,0.9111747851002865,0.7615062761506276,0.9354838709677419
2,1,1,101,1.0,clean,none,0,fedprox,123,466359210,904643126,,100,0.6514035336225916,0.8012422360248447,0.8088056306925426,0.804765136097887,75,100,100,20,0.25178023100738184,0.08236896738623524,17.489808267000218,0.9695089437200058,6034,84A7707C2EB3CA591FF5AF759932FD36679C8A42C2DD15DC45E0F2A7EE0523FA,BDFAC939862861365EE1138C48C5B3F9F8D39A9158A3FFAFA7B315B136C28B73,11,0.792022792022792,0.25,0.5681381957773513,0.9190751445086706,0.9622641509433962,0.96045197740113,0.9235880398671097,0.8305084745762712,0.8695652173913043,0.9048991354466859,0.746938775510204,0.9297297297297298
3,1,1,101,1.0,clean,none,0,random_trimmed_mean,123,466359210,904643126,,100,0.7556284377910583,0.7520703933747412,0.7339917600704031,0.6960220941939087,75,100,100,20,0.25178023100738184,0.08236896738623524,17.489808267000218,0.9695089437200058,6034,751872F9F346343D678732635D62225972771DB8315D91E17950EE6E3FE73884,314C2B7D2A342968DA32AF16C005002FB0A13FA5353F20CF09ED11E3A49CD12E,11,0.7977207977207977,0.09424083769633508,0.5698324022346368,0.9262536873156342,0.8774928774928775,0.9497206703910615,0.9240924092409241,0.6870748299319728,0.8815165876777251,0.8953488372093024,0.7489711934156379,0.0
4,1,1,101,1.0,clean,none,0,fedle_adapted,123,466359210,904643126,,100,0.7085541429819527,0.7883022774327122,0.7640802773654326,0.7495980142438824,70,100,100,23,0.2701642703163318,0.07588864187205663,16.97505516634962,0.8702841477742483,5851,ACAD52F7A05288CC9E9272CF791543B1E7DC0132D2EB319F40AA08054B14FD5C,FA1B9A3CA219B96BB309CA39C55F696F167FBEEE579DF404D5C20913DD5A1AE2,15,0.8378378378378378,0.5861182519280206,0.5196374622356495,0.9461077844311377,0.77,0.9505494505494505,0.9240924092409241,0.9217391304347826,0.8663594470046083,0.8925619834710744,0.7801724137931034,0.0
5,1,1,101,1.0,clean,none,0,tea_fl,123,466359210,904643126,,100,1.4253333425669936,0.6677018633540373,0.6313664618467733,0.5896406790759917,70,95,100,18,0.33894242324326745,0.08107150286372865,15.04926688439542,0.6681812107443539,5143,2E9A8F989829E47D6E1C0DD8D24E444D50301ACDA7005B2D26DEC8AE15E34230,92A475FB1F6FF6A5281404298195FDC3B245D635B9BDC1680B2A52739247BE20,11,0.8011363636363636,0.1568627450980392,0.398989898989899,0.8518518518518519,0.8415300546448088,0.9545454545454546,0.6666666666666666,0.6389776357827476,0.20634920634920634,0.8733850129198967,0.6853932584269663,0.0
6,1,1,101,1.0,clean,none,0,arl_fl,123,466359210,904643126,,100,0.8113387144994044,0.7743271221532091,0.7466064289218594,0.7244255553841593,85,100,100,25,0.2996506930657363,0.07998633130534386,16.149435329366295,0.830987524799784,5533,7E537D9C9CFE1E46CCF67122CF04C254927F81535166ED8492E015E071EEAE63,38A7B33E099A79EBAD55B9C025BF1677CBAEB15D93F42FD4E27AFA6E5D3B36CC,11,0.8264462809917356,0.6160337552742616,0.358974358974359,0.9384164222873901,0.8717948717948718,0.957983193277311,0.9042904290429042,0.8489795918367347,0.6482213438735178,0.9157303370786517,0.8062360801781737,0.0
7,2,1,101,1.0,clean,none,0,fedavg,456,1039791761,2129548108,,100,0.623133386961545,0.8493788819875776,0.849687081159712,0.8564331189329115,70,100,100,19,0.2219962195158867,0.07399594345523339,17.511807157818943,0.9805724091438377,6027,0AC7E83A54250C1AB7AEDD9EA20FC7F350F9A333C6E348EB5846265721FE585E,86711134BF7253EA5DC85B2310F0A7B011A9B285E78D8F70B73B89162BAC98EA,11,0.8222222222222222,0.7034482758620689,0.6694736842105263,0.9408284023668639,0.9595015576323987,0.9637883008356546,0.9121621621621622,0.8171206225680934,0.845771144278607,0.9159420289855073,0.8208616780045351,0.9060773480662984
8,2,1,101,1.0,clean,none,0,fedprox,456,1039791761,2129548108,,100,0.6442303937044203,0.8084886128364389,0.8138302545951239,0.8067825205614851,70,100,100,19,0.2219962195158867,0.07399594345523339,17.511807157818943,0.9805724091438377,6027,7D5BF14EE7CF1BBB3E00B7F4F4B8BFBF3E0D0F83C2A1D0689967068A6A06763A,D1F578AABC13193BA7733C692B88BDC4C6A82D93974F9C8092FA47387A46BC97,11,0.8156424581005587,0.1941747572815534,0.5787545787545788,0.9248554913294798,0.9595015576323987,0.9637883008356546,0.92,0.847457627118644,0.8436018957345972,0.927536231884058,0.8,0.9060773480662984
9,2,1,101,1.0,clean,none,0,random_trimmed_mean,456,1039791761,2129548108,,100,0.819930347658339,0.7665631469979296,0.7461910940996402,0.7278559332991041,70,100,100,19,0.2219962195158867,0.07399594345523339,17.511807157818943,0.9805724091438377,6027,A4098EAF5531F41CE17149D369AE0A793B9CF7016E61EF6779F53053209DC130,54F8008172E22099C5AC4AF9ECD7E51195AF040280549F61DEAC2329D9045E8B,11,0.7202380952380952,0.5969387755102041,0.4657534246575342,0.9436201780415431,0.9595015576323987,0.953168044077135,0.9306930693069307,0.8666666666666667,0.6305084745762712,0.9014925373134328,0.7656903765690377,0.0
10,2,1,101,1.0,clean,none,0,fedle_adapted,456,1039791761,2129548108,,100,0.6374865953596482,0.8260869565217391,0.8290067712079213,0.83464959571285,90,100,100,24,0.21785867215511054,0.0744176579573751,17.627658483920676,0.9553265425538267,6051,7ACC9F1F30017B4A2FC5C7539A0A9BAA5539D20DD8CFBD18FD44DC7F36361F4E,17178938BEE1083BB36BDE2A8E7D8BAE23BC85073C24E133FFBFC8BB3379BDD1,15,0.8351648351648352,0.6018099547511312,0.3888888888888889,0.9560117302052786,0.9595015576323987,0.969187675070028,0.9140893470790378,0.8770491803278688,0.8990825688073395,0.9261363636363636,0.7827956989247312,0.9060773480662984
11,2,1,101,1.0,clean,none,0,tea_fl,456,1039791761,2129548108,,100,1.26880170087143,0.7365424430641822,0.7153031117778289,0.6733226431029312,65,90,100,17,0.30018273670363305,0.08441747316846648,15.322584676562045,0.6962273182193986,5198,4C30245798B4B0FEADE7F2DB1E020A571997697132A471A9B7E33AF963BC0F3E,B0B8E62F58517697345EDF6F4DED2664717ABB41B80E0840A3F49BA527299A46,11,0.7977207977207977,0.0,0.5475728155339806,0.9217391304347826,0.9625,0.9545454545454546,0.8050314465408805,0.6752411575562701,0.8042328042328042,0.8688946015424165,0.742393509127789,0.0
12,2,1,101,1.0,clean,none,0,arl_fl,456,1039791761,2129548108,,100,0.8432463733614355,0.7541407867494824,0.732548042217119,0.707173444599524,85,100,100,25,0.2660509388565563,0.07965005700707298,16.278275016280194,0.850213616171063,5551,336853419D9EA214D355E1ED69B58BFC2F123769E18605BFE40F29335C473390,251E4A78D9DD461C669BAA9CA999CCC58F342100442D47F1047B1CD5A5244B28,11,0.8089887640449438,0.6257928118393234,0.34854771784232363,0.8456375838926175,0.9655172413793104,0.9427792915531336,0.8111455108359134,0.8605577689243028,0.6423841059602649,0.9041916167664671,0.7305389221556886,0.0
13,3,1,101,1.0,signflip_mu0p2,sign_flip,6,fedavg,123,466359210,904643126,,100,23.059723826422207,0.09472049689440994,0.08333333333333333,0.01442080378250591,75,100,100,20,0.25178023100738184,0.08236896738623524,17.489808267000218,0.9695089437200058,6034,34218F32DC854DD06866EA6229A2D46E5B93942EECD1483CEC55EC7265ADD9FB,0D7FB0B7E8F2A45CA86764741049D991D326AD5F769CA1FC04CDBECF2788D48C,11,0.0,0.0,0.0,0.0,0.0,0.0,0.0,0.0,0.0,0.0,0.17304964539007092,0.0
14,3,1,101,1.0,signflip_mu0p2,sign_flip,6,fedprox,123,466359210,904643126,,100,20.45372498109474,0.09472049689440994,0.08333333333333333,0.01442080378250591,75,100,100,20,0.25178023100738184,0.08236896738623524,17.489808267000218,0.9695089437200058,6034,47EFA82DD6359CAB51F022610037698562A59EF68D416C5A6E0C9EE105DFD446,F905B91FD0CB049FB01AF71BF535DBF31A697070A94244FA9528856434F80821,11,0.0,0.0,0.0,0.0,0.0,0.0,0.0,0.0,0.0,0.0,0.17304964539007092,0.0
15,3,1,101,1.0,signflip_mu0p2,sign_flip,6,random_trimmed_mean,123,466359210,904643126,,100,1.2146205805843662,0.6071428571428571,0.5946320927981831,0.5322786342804551,75,100,100,20,0.25178023100738184,0.08236896738623524,17.489808267000218,0.9695089437200058,6034,A988174AC05547BDFDD1B771AA0409CAA8A6652D53CC495C8B932DD54FFEF847,5483A9A3A53F936E8E29D983AA21DE0E0EA1635CC57567622DDEA548DF4C5D68,11,0.11607142857142858,0.0,0.4588235294117647,0.7297921478060047,0.9589905362776026,0.9418282548476454,0.42790697674418604,0.65,0.4594594594594595,0.8797653958944281,0.7647058823529411,0.0
16,3,1,101,1.0,signflip_mu0p2,sign_flip,6,fedle_adapted,123,466359210,904643126,,100,25.54361365565849,0.09472049689440994,0.08333333333333333,0.01442080378250591,70,100,100,23,0.2701642703163318,0.07588864187205663,16.97505516634962,0.8702841477742483,5851,D186C97F358DDA9A548B95DFF3886EBD35C0693FB569773AD246946B9289A1E8,AA97B8F553E32273451564CE33534D0525D01C22BEDDD7D189F06A79C46D77AF,15,0.0,0.0,0.0,0.0,0.0,0.17304964539007092,0.0,0.0,0.0,0.0,0.0,0.0
17,3,1,101,1.0,signflip_mu0p2,sign_flip,6,tea_fl,123,466359210,904643126,,100,0.8332630764870417,0.703416149068323,0.6785437596340601,0.6526422559066017,55,80,100,15,0.3045316134110469,0.08001233555495152,16.012769559697595,0.703037120359955,5477,2879F26C84136C835A77F0E0ABCAF5261EA46E6A5A7D7A08AC9CAA646D9C0D9D,57071E3825716DBE50914AE220D7B40BA5CDC6E2CCF0CB1612642D71DFBB7C73,11,0.6681818181818182,0.2598870056497175,0.3183673469387755,0.913946587537092,0.8169761273209549,0.9577464788732394,0.8686868686868687,0.7342657342657343,0.7027027027027027,0.8651399491094147,0.7258064516129032,0.0
18,3,1,101,1.0,signflip_mu0p2,sign_flip,6,arl_fl,123,466359210,904643126,,100,1.1283391620308223,0.6423395445134575,0.6255827732872509,0.5747212538573877,85,100,100,23,0.2932279466758248,0.07818047195206762,16.329272228283813,0.8383635144198525,5583,FA88F1EACCBD7E2A2D67EA1AE5AF70025440BE476CDDC18A246F4A4944375B0F,C4F3CDC6F76CE5FD556DC09E59E922107B834EAD0B4F0FA54DAD051F8521FF49,11,0.0,0.47865853658536583,0.18357487922705315,0.8760330578512396,0.9589905362776026,0.9144385026737968,0.7985347985347986,0.6808510638297872,0.4094488188976378,0.8537313432835821,0.742393509127789,0.0
19,4,1,101,1.0,signflip_mu0p2,sign_flip,6,fedavg,456,1039791761,2129548108,,100,11.833992493603047,0.10921325051759834,0.08333333333333333,0.02555717054263566,70,100,100,19,0.2219962195158867,0.07399594345523339,17.511807157818943,0.9805724091438377,6027,174899615A44C7A23B468D24CC0A554D901AC306A19D8C63236D88C4E4CEAE93,55E78CA91B8B6CEA661EA921EE4A2A5464E2D0E25D1214336AF23356C02F67AE,11,0.3066860465116279,0.0,0.0,0.0,0.0,0.0,0.0,0.0,0.0,0.0,0.0,0.0
20,4,1,101,1.0,signflip_mu0p2,sign_flip,6,fedprox,456,1039791761,2129548108,,100,8.595624804249955,0.12629399585921325,0.09970760146542916,0.052025208846256575,70,100,100,19,0.2219962195158867,0.07399594345523339,17.511807157818943,0.9805724091438377,6027,1E8D12B43EC06C47AD287BA4083FF0312BCFEEB1144ED04F099A5FA9D9E55221,37DB58A92AC4361CB759FFE7F364F2B2613A97B6743E80F8D50C0E3FA46DD12F,11,0.4369942196531792,0.03056768558951965,0.0,0.0,0.0,0.05930470347648262,0.0,0.0,0.0,0.0,0.09743589743589744,0.0
21,4,1,101,1.0,signflip_mu0p2,sign_flip,6,random_trimmed_mean,456,1039791761,2129548108,,100,1.5194056512899774,0.5807453416149069,0.5631449064733746,0.5112576912813941,70,100,100,19,0.2219962195158867,0.07399594345523339,17.511807157818943,0.9805724091438377,6027,7AF7093DBDD931AA81B98506A00CB1F1E4219AF4099E04C5C4FE1923BF4B0E99,72AF5DC1F7EB197B86FCA1C00FE148B1CC8A1A6C9C878108FF9376B27FC03257,11,0.09049773755656108,0.4748427672955975,0.1919191919191919,0.23478260869565218,0.9622641509433962,0.9418282548476454,0.5165289256198347,0.6403940886699507,0.44866920152091255,0.8864265927977839,0.746938775510204,0.0
22,4,1,101,1.0,signflip_mu0p2,sign_flip,6,fedle_adapted,456,1039791761,2129548108,,100,10.85077961236547,0.11024844720496894,0.08471074380165289,0.027969744053554724,90,100,100,24,0.21785867215511054,0.0744176579573751,17.627658483920676,0.9553265425538267,6051,DD77F4EF9122C771D27724309E5A3720FDA444945D70C63AFBF8345936E3043E,D0FA3E2E5CACF393F61891878B948E4D6E01BB3853098853B62E0FFE89D37DE4,15,0.3033788641265277,0.0,0.0,0.0,0.0,0.0,0.0,0.03225806451612903,0.0,0.0,0.0,0.0
23,4,1,101,1.0,signflip_mu0p2,sign_flip,6,tea_fl,456,1039791761,2129548108,,100,1.200603859518379,0.7298136645962733,0.7019479682003885,0.6778524178335558,40,80,100,14,0.28592643197099765,0.07691765795737737,15.721761209075837,0.7065140596297866,5415,353DB004881F774816B903FB7F4A6EB7D8BD5D2F547B2C16605438574E5E1AEF,CD4028074B1590CC19C5AD6F8D154CC858E4CC87B06A05ABBCC880652061ED06,11,0.8342541436464088,0.7267441860465116,0.6442577030812325,0.36792452830188677,0.8555555555555555,0.8963730569948186,0.5978947368421053,0.8244897959183674,0.73224043715847,0.9014084507042254,0.7530864197530864,0.0
24,4,1,101,1.0,signflip_mu0p2,sign_flip,6,arl_fl,456,1039791761,2129548108,,100,1.3082391685395507,0.6490683229813664,0.6415410490343559,0.5912789150613037,80,100,100,23,0.2604660362462145,0.08046345353982731,16.434652289369765,0.8577432774370631,5621,A0E8F9C3C89F0D32109B89E183F6723296BC6641B4EC20DB0CDBF6B92EAFA613,4917AB51ABBDD1B7A7B0F8ED8DF1E6FCAD8513979C594F387CFC50F9B7307B3F,11,0.27049180327868855,0.49411764705882355,0.1932367149758454,0.4675324675324675,0.9655172413793104,0.9322493224932249,0.674937965260546,0.8699186991869918,0.6068965517241379,0.8913649025069638,0.7290836653386454,0.0
25,5,1,101,1.0,signflip_mu0p4,sign_flip,11,fedavg,123,466359210,904643126,,100,236.42423170891362,0.09420289855072464,0.08333333333333333,0.014348785871964679,75,100,100,20,0.25178023100738184,0.08236896738623524,17.489808267000218,0.9695089437200058,6034,F5ACEE49745F2906F3A0D3ECEB65E35AD13EAF1CE11EE79641394347E75E1FB9,3A508025057369D8E1943FA920F7ADC9D2FB57C44FA0F241DBB8C5C56D6FEDC3,11,0.0,0.17218543046357615,0.0,0.0,0.0,0.0,0.0,0.0,0.0,0.0,0.0,0.0
26,5,1,101,1.0,signflip_mu0p4,sign_flip,11,fedprox,123,466359210,904643126,,100,228.99496936995544,0.09420289855072464,0.08333333333333333,0.014348785871964679,75,100,100,20,0.25178023100738184,0.08236896738623524,17.489808267000218,0.9695089437200058,6034,920D36BDC542486BE50D68E3FEB5A1B8374D7DF70723B45B6EACF4366956BD55,FA1DD3B33E4E75826B0FCDC4E0E27C586A66D160666832A825362CA2AFC44AA6,11,0.0,0.17218543046357615,0.0,0.0,0.0,0.0,0.0,0.0,0.0,0.0,0.0,0.0
27,5,1,101,1.0,signflip_mu0p4,sign_flip,11,random_trimmed_mean,123,466359210,904643126,,100,57.03076051826556,0.09420289855072464,0.08333333333333333,0.014348785871964679,75,100,100,20,0.25178023100738184,0.08236896738623524,17.489808267000218,0.9695089437200058,6034,5917C12C685334347019181352090FA55BE0D57C508AAA809966E9A28A37C32A,3AD74A443E6E079E057B15C9224B3B011E36CCC8A999A06DA5193E19ACB2076B,11,0.0,0.17218543046357615,0.0,0.0,0.0,0.0,0.0,0.0,0.0,0.0,0.0,0.0
28,5,1,101,1.0,signflip_mu0p4,sign_flip,11,fedle_adapted,123,466359210,904643126,,100,165.57119556687633,0.09420289855072464,0.08333333333333333,0.014348785871964679,70,100,100,23,0.2701642703163318,0.07588864187205663,16.97505516634962,0.8702841477742483,5851,04CB24BBD21D72243CCEF3B0126CB9202CA8870F30B836F60E6B4A93B97356C0,D376AE2DF9C13F47A464303163F437DC04652B1FB55B9FF4C304191BA88D8635,15,0.0,0.17218543046357615,0.0,0.0,0.0,0.0,0.0,0.0,0.0,0.0,0.0,0.0
29,5,1,101,1.0,signflip_mu0p4,sign_flip,11,tea_fl,123,466359210,904643126,,100,0.8074533138462722,0.7091097308488613,0.6876836805444015,0.6704212238603846,50,80,100,18,0.319123362105529,0.0761557510137102,15.604200596252095,0.7251171517398279,5396,0FE79CEC6D13067BB6A8F4E3825162BE00636022A99CF873D8DEF5530913AED3,E7900B1612926C304C13C9FCCCEAD706909FB890C1799A34D58244792C8AECD3,11,0.815,0.1238390092879257,0.3431372549019608,0.8293963254593176,0.7777777777777778,0.9606741573033708,0.7364341085271318,0.8451882845188284,0.8584905660377359,0.8972972972972973,0.8578199052132701,0.0
30,5,1,101,1.0,signflip_mu0p4,sign_flip,11,arl_fl,123,466359210,904643126,,100,9.576945647443056,0.09420289855072464,0.08333333333333333,0.014348785871964679,75,100,100,26,0.2914736103199212,0.09144979940930052,16.378393646249116,0.8661289449466789,5601,36F12F35A58286A335F8D074846324127BC136C19F8F37BDC9BFAB4FA6CE51D0,EFDC92B971048D64ACB76474C37E6E7B4F137EF7D88C3E80603572DE59AFC386,11,0.0,0.17218543046357615,0.0,0.0,0.0,0.0,0.0,0.0,0.0,0.0,0.0,0.0
31,6,1,101,1.0,signflip_mu0p4,sign_flip,11,fedavg,456,1039791761,2129548108,,100,154.86765763182078,0.09420289855072464,0.08333333333333333,0.014348785871964679,70,100,100,19,0.2219962195158867,0.07399594345523339,17.511807157818943,0.9805724091438377,6027,279DF084A9266227BEFACCBC72DF762E680FB6E816DD6077A902816CF92C0D8F,406C4568ADCE57E9C2EA81D54395D0AFADC1BCD8E1C9884D5182E7469E8506D9,11,0.0,0.17218543046357615,0.0,0.0,0.0,0.0,0.0,0.0,0.0,0.0,0.0,0.0
32,6,1,101,1.0,signflip_mu0p4,sign_flip,11,fedprox,456,1039791761,2129548108,,100,147.58819543747674,0.09420289855072464,0.08333333333333333,0.014348785871964679,70,100,100,19,0.2219962195158867,0.07399594345523339,17.511807157818943,0.9805724091438377,6027,CBDDFEFBCC529A945B83B15E8BB4321B4EB020621FE056E603E073094AB9125C,026C842669B4540727EF6C449E2E1D19CFC3D4474083DDA61519CC009B4E3733,11,0.0,0.17218543046357615,0.0,0.0,0.0,0.0,0.0,0.0,0.0,0.0,0.0,0.0
33,6,1,101,1.0,signflip_mu0p4,sign_flip,11,random_trimmed_mean,456,1039791761,2129548108,,100,36.57556242182635,0.09472049689440994,0.08333333333333333,0.01442080378250591,70,100,100,19,0.2219962195158867,0.07399594345523339,17.511807157818943,0.9805724091438377,6027,D0688051F2125EEF568E9D1979BC7C027EF5422BBD5397A9A75860F4C181148D,4BE58E63E7F1C68F57326A2DF0C927E5D6E8D1E16900FD13879E103C6610C15D,11,0.0,0.0,0.0,0.0,0.0,0.0,0.0,0.0,0.0,0.0,0.17304964539007092,0.0
34,6,1,101,1.0,signflip_mu0p4,sign_flip,11,fedle_adapted,456,1039791761,2129548108,,100,173.04546845872457,0.08902691511387163,0.08333333333333333,0.013624841571609633,90,100,100,24,0.21785867215511054,0.0744176579573751,17.627658483920676,0.9553265425538267,6051,A14B6AEA21BBED80A264C7085E98C6C5F1879CF59385CDFD60FA296A740FDF54,1127A3B2E403A116D820E86F521FEE59AAE02115131F9E96C6438E60BBD53E7E,15,0.0,0.0,0.0,0.1634980988593156,0.0,0.0,0.0,0.0,0.0,0.0,0.0,0.0
35,6,1,101,1.0,signflip_mu0p4,sign_flip,11,tea_fl,456,1039791761,2129548108,,100,1.6675500060213773,0.5248447204968945,0.5100516411932615,0.44102761375446625,55,85,100,14,0.26692122268300966,0.07502527835557457,16.2539070691395,0.7615493721977363,5535,4BDA0A68894EBCA40EF06F17DFE2AA7905C01980D574757CE5CC621F8DBEE3A0,9D07C96FC7CED61C99FBA6F40DAF2112C19356D96D5DE13AB8120CEBA0A49558,11,0.29838709677419356,0.07317073170731707,0.5476190476190477,0.24242424242424243,0.7719298245614035,0.7046843177189409,0.5652173913043478,0.75,0.1774193548387097,0.3930131004366812,0.7484662576687117,0.02
36,6,1,101,1.0,signflip_mu0p4,sign_flip,11,arl_fl,456,1039791761,2129548108,,100,18.607734061175993,0.08695652173913043,0.08333333333333333,0.013333333333333334,60,100,100,23,0.2510301654232419,0.07528219812258496,16.698856672412997,0.9006676198732311,5723,806FA9B49345C9D40EEC45D69AD7695BE0A1B03C1EA2AA136E233ADAB367242A,DACB0624D6AE3EAAA73790D30262FDF710EDD8C18E6884A09885C369DB1E68BD,11,0.0,0.0,0.16,0.0,0.0,0.0,0.0,0.0,0.0,0.0,0.0,0.0
37,7,1,101,1.0,labelflip_mu0p2,label_flip,6,fedavg,123,466359210,904643126,,100,0.702005532340727,0.7743271221532091,0.7762650529393986,0.759167950020998,75,100,100,20,0.25178023100738184,0.08236896738623524,17.489808267000218,0.9695089437200058,6034,6F6A884F2C3C3A36C52DE8F843668A8445E2843FA43255E7D7A3A59DC35A3895,4901F7A82429B346FDDF5340D9D8BD8DEB32B184AE983FD6DD586263C47F3C5E,11,0.7942857142857143,0.0,0.5474060822898033,0.8945868945868946,0.9655172413793104,0.958217270194986,0.8996763754045307,0.7449392712550608,0.6923076923076923,0.9137931034482759,0.7695560253699789,0.9297297297297298
38,7,1,101,1.0,labelflip_mu0p2,label_flip,6,fedprox,123,466359210,904643126,,100,0.7123370212550982,0.7732919254658385,0.7746078076648298,0.7577288104496019,75,100,100,20,0.25178023100738184,0.08236896738623524,17.489808267000218,0.9695089437200058,6034,620C5D26123059397DB9F1972C951599B2205D4F7B58A537DADDE8B722484E69,0C3F67387C12AE82E9C760D82F895249A094D180F8C7A8622BA8C19EB62A08B3,11,0.7977207977207977,0.0,0.5523465703971119,0.8907563025210085,0.9655172413793104,0.9529085872576177,0.9084967320261438,0.7166666666666667,0.7032967032967034,0.9080459770114943,0.7615062761506276,0.9354838709677419
39,7,1,101,1.0,labelflip_mu0p2,label_flip,6,random_trimmed_mean,123,466359210,904643126,,100,0.6818200147423438,0.7784679089026915,0.7834037834103941,0.7649897727204663,75,100,100,20,0.25178023100738184,0.08236896738623524,17.489808267000218,0.9695089437200058,6034,4DB3B5065907B9B6503991954CFF288D1D0423D8C4909C3FE9C223F1A2AF4FB2,0E19F52FFD492139BA6D0CA44AEDF7AE8EA70354E9AC72F30CCA62F66E88B2A8,11,0.7873563218390804,0.0,0.548951048951049,0.9404761904761905,0.9655172413793104,0.9526462395543176,0.9090909090909091,0.7681159420289855,0.6956521739130435,0.8927536231884058,0.789587852494577,0.9297297297297298
40,7,1,101,1.0,labelflip_mu0p2,label_flip,6,fedle_adapted,123,466359210,904643126,,100,0.813638252624567,0.7334368530020704,0.7221189586631994,0.7040295897856801,70,100,100,23,0.2701642703163318,0.07588864187205663,16.97505516634962,0.8702841477742483,5851,77BF634D18C74943FCDF6897CB44552B26E5039D992437722CF32C6B4440098B,3283BE5903928C35BDABF31ACABB9523B91A5564814FDB7F57D2C9187C2A3BFB,15,0.8011204481792717,0.032432432432432434,0.46540880503144655,0.9085714285714286,0.9655172413793104,0.947075208913649,0.852112676056338,0.8,0.6459143968871596,0.9005524861878453,0.6765249537892791,0.453125
41,7,1,101,1.0,labelflip_mu0p2,label_flip,6,tea_fl,123,466359210,904643126,,100,0.8026052866416441,0.7494824016563147,0.7323153377873961,0.691377882026251,55,85,100,15,0.3163436986867344,0.08107150286372865,15.682031171978347,0.6941552131056504,5378,A1222392A80C9C384C952B0C940EE5BF3DF2CF1CAD9E3D8C03800C9DA3ECF684,50C72FAE8CC0015472D8C5D9BFBAF7924A99233155D523D2BA52AFD47694CBFA,11,0.8179271708683473,0.041666666666666664,0.558766859344894,0.8853503184713376,0.8126649076517151,0.936986301369863,0.8792569659442725,0.896551724137931,0.8135593220338984,0.8913043478260869,0.7625,0.0
42,7,1,101,1.0,labelflip_mu0p2,label_flip,6,arl_fl,123,466359210,904643126,,100,0.8641428890682402,0.7148033126293996,0.7033951154259452,0.6794890837751167,85,100,100,25,0.29495021759840157,0.08198633130534419,16.281048642451665,0.8440599282549061,5564,E93575D4E4520748A5E71A5A4438E259CF12439F6D981D6406AF2676AB7AADD5,E63D1A04A8097ACA3A4B22D68DDFD8B5B6DD0F186AD4FA856B6D4D233DEFF228,11,0.4074074074074074,0.5056179775280899,0.4,0.9134328358208955,0.8914956011730205,0.8976377952755905,0.9215686274509803,0.8868778280542986,0.6829268292682927,0.8370607028753994,0.8098434004474273,0.0
43,8,1,101,1.0,labelflip_mu0p2,label_flip,6,fedavg,456,1039791761,2129548108,,100,0.7491342219259921,0.7587991718426501,0.7696961761025755,0.7692296083463291,70,100,100,19,0.2219962195158867,0.07399594345523339,17.511807157818943,0.9805724091438377,6027,69874340F334D76A5D9CC912C7C507E90F8DB21819945AF3A939271D8BEDB3C1,511382A3D187125342FDDF2F2882674DB82DF6A475D6531793B5ACA307436C05,11,0.653968253968254,0.5546875,0.35555555555555557,0.6111111111111112,0.9625,0.9550561797752809,0.7282051282051282,0.8820960698689956,0.8867924528301887,0.9171270718232044,0.7939262472885033,0.9297297297297298
44,8,1,101,1.0,labelflip_mu0p2,label_flip,6,fedprox,456,1039791761,2129548108,,100,0.7995579427813891,0.7531055900621118,0.7667596180892843,0.7661983491965038,70,100,100,19,0.2219962195158867,0.07399594345523339,17.511807157818943,0.9805724091438377,6027,AF52FD4C7D2E5D6CF38461AC45AC54030D753A76B957FB45CE9E914DB92EE7C1,23933D8CDF626BCAEE3BDF3610830A6C8BA4CA154FCABCED6EF8053A16C5331E,11,0.4620938628158845,0.5239005736137667,0.46853146853146854,0.7054545454545454,0.9565217391304348,0.9577464788732394,0.7717391304347826,0.8849557522123894,0.8807339449541285,0.9187675070028011,0.7689075630252101,0.8950276243093923
45,8,1,101,1.0,labelflip_mu0p2,label_flip,6,random_trimmed_mean,456,1039791761,2129548108,,100,0.7588313242910318,0.760351966873706,0.764058728017187,0.765425218900576,70,100,100,19,0.2219962195158867,0.07399594345523339,17.511807157818943,0.9805724091438377,6027,0244A2C007282005E1F70A5C18534F692D41E5FA66A68D8C5C64B0DEF74D2238,BF0356EF31D619AE8B7169F40AC8EC3373DBC01AB96780F894817DE6D398485D,11,0.519298245614035,0.5128205128205128,0.43795620437956206,0.8722741433021807,0.9595015576323987,0.9447513812154696,0.8650306748466258,0.8888888888888888,0.7815126050420168,0.8937329700272479,0.7625,0.7468354430379747
46,8,1,101,1.0,labelflip_mu0p2,label_flip,6,fedle_adapted,456,1039791761,2129548108,,100,0.929425745523741,0.6889233954451346,0.6748774864297369,0.642245108711239,90,100,100,24,0.21785867215511054,0.0744176579573751,17.627658483920676,0.9553265425538267,6051,7C215EAF1CDC8A1D222676AFBA206FB2291C174D862D59857ADDB1BF8CDA722B,52D5C829F467AECD5D9CC60AE3716747A4F41D99BB47746193C9C03EC1EE6C00,15,0.508833922261484,0.5235404896421846,0.35687732342007433,0.868421052631579,0.9592476489028213,0.9542857142857143,0.5381526104417671,0.7050847457627119,0.616822429906542,0.9051490514905149,0.7705263157894737,0.0
47,8,1,101,1.0,labelflip_mu0p2,label_flip,6,tea_fl,456,1039791761,2129548108,,100,0.975657123833216,0.7432712215320911,0.712426076217211,0.6736003506531018,50,80,100,14,0.28768380604261595,0.07341765795737776,15.672554735070525,0.7120161627668948,5421,50D9EA863817C753EC33B88262A30AD04029E558E85B7D65C55A5059B8732AC6,1C884E2F3541691EE0B66A8D6D73FE3C51902052292184CADAF7CF600CF3F197,11,0.8342541436464088,0.5988700564971752,0.0,0.9006211180124224,0.9595015576323987,0.9550561797752809,0.8473520249221184,0.622478386167147,0.711864406779661,0.8954423592493298,0.7577639751552795,0.0
48,8,1,101,1.0,labelflip_mu0p2,label_flip,6,arl_fl,456,1039791761,2129548108,,100,0.8084739065626887,0.7437888198757764,0.7206020719768317,0.6962380388068753,85,100,100,25,0.2628163413410458,0.0882394341288622,16.36884374671449,0.8667858497210033,5586,C52ACC3C0FA84F21237405A068770628C9C8C3EA6CB4DBAD8FD7D3ED017ADCA6,A2FB0927BB50A24DFEAB709BA711ACF50C3A1E5CD814BA360822238A828D8366,11,0.7806122448979592,0.5490196078431373,0.33613445378151263,0.8821752265861027,0.8851351351351351,0.9427792915531336,0.8504983388704319,0.8340425531914893,0.591715976331361,0.8938547486033519,0.8088888888888889,0.0
49,9,1,101,1.0,labelflip_mu0p4,label_flip,11,fedavg,123,466359210,904643126,,100,2.7422675054759464,0.12939958592132506,0.15159511265288347,0.12979513665002854,75,100,100,20,0.25178023100738184,0.08236896738623524,17.489808267000218,0.9695089437200058,6034,C03BE7F5E554354FE443B7D74AD492403496C01DA9B96DA71D7CC942F52D29C0,1129760D6B3EEB63485D67666CEF739C68A47D90FAF1380B0DB5FBEB2C98CC3C,11,0.0,0.0,0.3741339491916859,0.0,0.0,0.0,0.0,0.15593220338983052,0.6133333333333333,0.30493273542600896,0.07303370786516854,0.03617571059431524
50,9,1,101,1.0,labelflip_mu0p4,label_flip,11,fedprox,123,466359210,904643126,,100,2.7518811309806557,0.14233954451345757,0.1645995837305586,0.1273342342807486,75,100,100,20,0.25178023100738184,0.08236896738623524,17.489808267000218,0.9695089437200058,6034,9B4103885EFCFB59D45082F6C7527CA81DDBC5DEFFC6305EAD6DEB4BE3960C87,201BD3E1736361F3B92E212464ED419AFB4F2068A09E63E39FE0EB0B24391A1B,11,0.0,0.0,0.484472049689441,0.0,0.0,0.0,0.0,0.21864951768488747,0.5266457680250783,0.20276497695852536,0.05994550408719346,0.03553299492385787
51,9,1,101,1.0,labelflip_mu0p4,label_flip,11,random_trimmed_mean,123,466359210,904643126,,100,2.4275327012652443,0.2417184265010352,0.277506933947891,0.21251105975152132,75,100,100,20,0.25178023100738184,0.08236896738623524,17.489808267000218,0.9695089437200058,6034,44308288FAD9585646CF166B71718D62F61EB6F6AA03704B9CC1EBEBCE8F7E4B,7170186FED15686E258AC3C64216D5C42A061F1A3A5FF52D61C047B63BE7FF6B,11,0.0,0.48868778280542985,0.69377990430622,0.0,0.0,0.0,0.0,0.3119266055045872,0.6666666666666666,0.16326530612244897,0.0,0.22580645161290322
52,9,1,101,1.0,labelflip_mu0p4,label_flip,11,fedle_adapted,123,466359210,904643126,,100,0.9176799461214685,0.7267080745341615,0.7014464582771959,0.6801012238379646,70,100,100,23,0.2701642703163318,0.07588864187205663,16.97505516634962,0.8702841477742483,5851,9DAC4407A73BD39D2F2CBBC4B2354D29683B14605C9159B0C31BB67B9CF5DFC9,9266EFE8E0A818A6BFACBB4EF4E176C3FF27E73C72E9D191A5E41EBC8B1B7D40,15,0.7638483965014577,0.5651105651105651,0.5084745762711864,0.9320987654320988,0.804177545691906,0.96045197740113,0.680161943319838,0.6212121212121212,0.7137546468401487,0.9080779944289693,0.7038461538461539,0.0
53,9,1,101,1.0,labelflip_mu0p4,label_flip,11,tea_fl,123,466359210,904643126,,100,0.7792653548791542,0.782608695652174,0.7572945221470655,0.7415439452124176,50,90,100,16,0.31989594524879134,0.08115575101370942,15.582568268240754,0.7088805004696334,5384,24377F68936CB1021216318593985523403338DFB16F521C98074105602339E5,6D4C6C3BE16E84F95732CBA5789F919CEBA5DBCA66186E9A1EB804F34BB127B6,11,0.842391304347826,0.6085011185682326,0.4155844155844156,0.9164265129682997,0.7707808564231738,0.9575070821529745,0.9084745762711864,0.8771929824561403,0.8778280542986425,0.8756476683937824,0.8481927710843373,0.0
54,9,1,101,1.0,labelflip_mu0p4,label_flip,11,arl_fl,123,466359210,904643126,,100,1.2503971093436452,0.5398550724637681,0.5275907979243963,0.4969908564135601,80,100,100,24,0.2868224582582529,0.0756557510137083,16.508625903975826,0.8908388361190606,5660,C1BD64CBB53CF37A6029A8D24E1E69CF17BA42701C90ED5002DCFD63BC7A9107,75D3B21897DBDF460076F821D123AA0D5277BC6E5DCC70130DDAF8ADD1E15FEC,11,0.6501128668171557,0.33725490196078434,0.038834951456310676,0.7211895910780669,0.837465564738292,0.7814569536423841,0.0,0.5204819277108433,0.5664335664335665,0.9032258064516129,0.597864768683274,0.009569377990430622
55,10,1,101,1.0,labelflip_mu0p4,label_flip,11,fedavg,456,1039791761,2129548108,,100,0.739350466254335,0.7971014492753623,0.789705232183814,0.7926713802932667,70,100,100,19,0.2219962195158867,0.07399594345523339,17.511807157818943,0.9805724091438377,6027,E48D5D64FAE5D4115EAF11C2222009F7E85676D3E4F19BF5827C0DBDEA653511,D47F03C27733474308B905662EA91350ACC6805421820782E1E36D6F2E1C9CA5,11,0.7696793002915452,0.6797066014669927,0.5402298850574713,0.9464285714285714,0.9655172413793104,0.9611111111111111,0.833922261484099,0.6996699669966997,0.5185185185185185,0.9106628242074928,0.7685774946921444,0.9180327868852459
56,10,1,101,1.0,labelflip_mu0p4,label_flip,11,fedprox,456,1039791761,2129548108,,100,0.7632659505859912,0.7862318840579711,0.7768483602006814,0.7769390610495815,70,100,100,19,0.2219962195158867,0.07399594345523339,17.511807157818943,0.9805724091438377,6027,03C0EE06694B0F1216CC03F706C12418D08AE4935BDBACC232C950A7C17A7382,DCF4F76E036E2734B3A44743B8C663BF28DB74119D2E2509FBF06AEF635C205E,11,0.7696793002915452,0.6776470588235294,0.5059523809523809,0.9313432835820895,0.9655172413793104,0.9637883008356546,0.8056537102473498,0.6751592356687898,0.43137254901960786,0.9022988505747126,0.776824034334764,0.9180327868852459
57,10,1,101,1.0,labelflip_mu0p4,label_flip,11,random_trimmed_mean,456,1039791761,2129548108,,100,0.7771894381406638,0.7639751552795031,0.747529190156492,0.740567615740038,70,100,100,19,0.2219962195158867,0.07399594345523339,17.511807157818943,0.9805724091438377,6027,A828E5C07665CB324943A940B37FCA701C19D99B88F42852DCD74C1AE3A866BE,16D77BB72C4E4672650A00576AACC083071359C5CCF6D62141978419EBBAB4DA,11,0.6975308641975309,0.6403712296983759,0.5337078651685393,0.8853503184713376,0.9655172413793104,0.9376693766937669,0.8106312292358804,0.8045977011494253,0.610909090909091,0.8901734104046243,0.802660753880266,0.3076923076923077
58,10,1,101,1.0,labelflip_mu0p4,label_flip,11,fedle_adapted,456,1039791761,2129548108,,100,1.0382202772373492,0.6118012422360248,0.6412319740705644,0.6033654588469658,90,100,100,24,0.21785867215511054,0.0744176579573751,17.627658483920676,0.9553265425538267,6051,09F8F7836CBDBA7A4EB751025A2C3128DC021442177A875CCC45A5A3389C2E04,383D86106AE3457BAA6FF712AA4E7C4FF74CF8508AFEBF9B243E5B6F425C7754,15,0.0,0.17391304347826086,0.6092184368737475,0.9316770186335404,0.9625,0.5182186234817814,0.13240418118466898,0.5853658536585366,0.8558558558558559,0.8764705882352941,0.7261904761904762,0.8685714285714285
59,10,1,101,1.0,labelflip_mu0p4,label_flip,11,tea_fl,456,1039791761,2129548108,,100,0.9434530182161193,0.7194616977225673,0.7371689234888309,0.7132180276058704,60,80,100,16,0.28386723197984437,0.08225084929160395,15.77941880882813,0.7259923407808048,5322,0C1967BF94AD06FDDBCE9B32EBEC6961532DF192E65828DFE4C46FD496A7BF23,E136FE56B1A989C58D1D770A7B1AAF599BE16297EE696735A493F0B3ED7DAA92,11,0.009433962264150943,0.4735202492211838,0.16080402010050251,0.9512195121951219,0.9625,0.9548022598870056,0.9023569023569024,0.8514056224899599,0.806282722513089,0.88268156424581,0.690566037735849,0.9130434782608695
60,10,1,101,1.0,labelflip_mu0p4,label_flip,11,arl_fl,456,1039791761,2129548108,,100,1.1191568912679857,0.6635610766045549,0.6715240153726545,0.6569051171713839,85,100,100,25,0.2626445244305452,0.08694205026056687,16.373654620208505,0.8680367179531694,5594,905C947B0BD2D0272E105F86A18D8DE3310A96FC68D244C1341A9B4DCA70365A,8E4621086844A7FFA83ADFD0C524EC83E2D6BE2E55C590D1D4749379FDD06BBA,11,0.7803468208092486,0.7453416149068323,0.7300771208226221,0.8456375838926175,0.9625,0.03225806451612903,0.2857142857142857,0.5768194070080862,0.7090909090909091,0.7602739726027398,0.6524064171122995,0.8023952095808383
61,11,1,101,0.1,clean,none,0,fedavg,123,466359210,904643126,,100,1.2952045377490438,0.687888198757764,0.6450139388581613,0.6107907148196913,45,100,100,20,0.25322524267724095,0.058712037064530376,17.449347940244163,0.9434963616421554,5662,3A7DC45261A69FF06D674FB1FB5C7CA12C9BD465A48087A02F794900586F6AC2,09999C967B3DD851CB95D9873770F1EDACE71A9A18BD13A2B1F3D66E8F8AD36F,11,0.8324607329842932,0.5761124121779859,0.29535864978902954,0.9287925696594427,0.8380281690140845,0.9485714285714286,0.8721311475409836,0.4421906693711968,0.0,0.8619718309859155,0.7338709677419355,0.0
62,11,1,101,0.1,clean,none,0,fedprox,123,466359210,904643126,,100,1.3067824815864642,0.639751552795031,0.6131683523426436,0.5561185812342054,45,100,100,20,0.25322524267724095,0.058712037064530376,17.449347940244163,0.9434963616421554,5662,482BE9B2A30F532716C581822431BA51654A3B17D3DE0998BA6BC69EF1587B17,D4C2A4DF609A1943D129CDA4546A2D3EBD9342AEE124A3AF21FD817F8E769213,11,0.4734982332155477,0.0,0.4253075571177504,0.9361702127659575,0.9589905362776026,0.9425287356321839,0.869281045751634,0.4801762114537445,0.0,0.8767908309455588,0.7106796116504854,0.0
63,11,1,101,0.1,clean,none,0,random_trimmed_mean,123,466359210,904643126,,100,1.4174633490126078,0.6185300207039337,0.576813924921355,0.5293322352011244,45,100,100,20,0.25322524267724095,0.058712037064530376,17.449347940244163,0.9434963616421554,5662,6E349F71554B4F93BCE5EC33D68F7328037B44C4DF669E4B3BF77A8209899B4B,32D5AEE795DD6C7841C798166309D839A6A5C9C13FFD88B4D558F8D2F434D920,11,0.5472972972972973,0.11976047904191617,0.0,0.9096209912536443,0.9622641509433962,0.9033942558746736,0.5353728489483748,0.6824644549763034,0.06837606837606838,0.8106508875739645,0.8127853881278538,0.0
64,11,1,101,0.1,clean,none,0,fedle_adapted,123,466359210,904643126,,100,1.2741119723389114,0.6180124223602484,0.5940561690680298,0.5242452625434241,55,100,100,22,0.24359236354959782,0.07544269872939724,17.71906855581817,0.9131898864220078,5748,40371BB2D8A759349CFF574B57C06D569335A14CDE58F0FE179071441DE58143,765DC25927D5B31F4BAFDCC90F4F34828F58E971433E02DDA93970F9F2EB449E,15,0.1572052401746725,0.4357976653696498,0.0,0.9325153374233128,0.7688442211055276,0.9553072625698324,0.844311377245509,0.01639344262295082,0.6052631578947368,0.8028503562945368,0.7724550898203593,0.0
65,11,1,101,0.1,clean,none,0,tea_fl,123,466359210,904643126,,100,1.745206514007063,0.5491718426501035,0.5407527269854209,0.46462110669110906,70,100,100,21,0.3945328928226695,0.0903334244295626,13.49273373617216,0.5654909168021489,4252,A6052B7CD3B8D80B30AE8648F4897ACD9911A2433641825A1277277D0ED107AD,D7EED122197CA166B4C3E0F298BF8DE080CCA0609CC3304D0F61B9F176F0DFBD,11,0.0,0.42355889724310775,0.0,0.9085714285714286,0.754257907542579,0.6553030303030303,0.8226950354609929,0.6236559139784946,0.6324110671936759,0.0,0.755,0.0
66,11,1,101,0.1,clean,none,0,arl_fl,123,466359210,904643126,,100,1.201916796326884,0.6216356107660456,0.5996664490642504,0.5485955985579317,75,100,100,22,0.2814237144906715,0.0745944601854133,16.659790729468106,0.8791885090061873,5340,FD1E113D65458D51F3F74867776A0ED5DDE182DE424C49CB5155B6ACC90B8D03,1CFCAC92A9CCCD3D866BDF1F16C0F261743856E7B7C77CF0519E22FF4A08BFF8,11,0.49829351535836175,0.5270506108202443,0.24166666666666667,0.9365558912386707,0.0,0.9502762430939227,0.8873720136518771,0.5538461538461539,0.30959752321981426,0.8571428571428571,0.8213457076566125,0.0
67,12,1,101,0.1,clean,none,0,fedavg,456,1039791761,2129548108,,100,1.6432997826833902,0.522256728778468,0.5149338864777283,0.4373845544332851,65,90,100,17,0.2155035920701447,0.07453468281374012,17.69360072629972,0.9615153481887455,5791,F29A07CBCB265187273ADB619047B9C58A8E00876BD8573F93C4F973431F158E,6D8D024015F63F4C1F41F1BE0DEE425AFAAB71FE9AFC428CDDF091BB57DF139E,11,0.814621409921671,0.423500611995104,0.0,0.0,0.7623762376237624,0.7315010570824524,0.5772357723577236,0.7522935779816514,0.8584474885844748,0.3286384976525822,0.0,0.0
68,12,1,101,0.1,clean,none,0,fedprox,456,1039791761,2129548108,,100,1.562598659138255,0.5486542443064182,0.5409546343052755,0.4715630504962432,65,90,100,17,0.2155035920701447,0.07453468281374012,17.69360072629972,0.9615153481887455,5791,F5F79ADCC79AA49127DBE6AB77AEB049A7A6A9EF5AD48706714505F5B79ED889,3434E27191ADC18C11A0B152286D6CBD1C6AEEB06B70373FFA305A46ED6DEFB2,11,0.7979539641943734,0.4157706093189964,0.0,0.06741573033707865,0.7579462102689487,0.7972350230414746,0.5987261146496815,0.7982062780269058,0.8609865470852018,0.5645161290322581,0.0,0.0
69,12,1,101,0.1,clean,none,0,random_trimmed_mean,456,1039791761,2129548108,,100,1.6515534585553913,0.42339544513457555,0.4186546146648383,0.3376860146130048,65,90,100,17,0.2155035920701447,0.07453468281374012,17.69360072629972,0.9615153481887455,5791,E832027727ECCF0F9C2AF9D6D27C9B338563B71F4FBCB1E18F5B6A29D1D9225E,74C3EB45D26CCD40373374A61120BAB017E5979392DC368057451189CE888178,11,0.13202933985330073,0.3592938733125649,0.0,0.38497652582159625,0.8539944903581267,0.9293478260869565,0.645320197044335,0.5552699228791774,0.192,0.0,0.0,0.0
70,12,1,101,0.1,clean,none,0,fedle_adapted,456,1039791761,2129548108,,100,1.391827062050008,0.644927536231884,0.6122611560615355,0.5629720905883191,75,100,100,22,0.20936619459974073,0.07566609518735642,17.865447855471032,0.9407780234253728,5800,686407490AA7BD8BB5A1C3BBD67B01C74E7DB1E042E6A1EB2350BB2839EA8693,EDF307B8E9D1161E456478ADD84E75C253DA76101586BC27728CF5DED74D6C24,15,0.7722222222222223,0.0,0.4458874458874459,0.8794788273615635,0.9655172413793104,0.9080118694362018,0.8417910447761194,0.44813278008298757,0.0,0.8387096774193549,0.6559139784946236,0.0
71,12,1,101,0.1,clean,none,0,tea_fl,456,1039791761,2129548108,,100,1.564166230506285,0.5031055900621118,0.47109373362406654,0.39121455186198034,70,95,100,19,0.33834393488143183,0.08503657276970705,14.254071127583678,0.6080321040950962,4451,0E33412A2DAC00FAE628595740E20744731C89AF7344B2752AAFFD15792049BB,0889A482AB5E1B58EC1230AF3B0649F4B333A47D23FFA8FD18A567ECC8A16B38,11,0.7571801566579635,0.41134751773049644,0.0,0.0,0.6526315789473685,0.8781725888324873,0.5440613026819924,0.6697247706422018,0.0,0.7386759581881533,0.0427807486631016,0.0
72,12,1,101,0.1,clean,none,0,arl_fl,456,1039791761,2129548108,,100,1.529588008272475,0.4663561076604555,0.4768708457843907,0.40104152441732294,80,95,100,19,0.24632885515140485,0.07046424482599906,16.830493360024434,0.8580652773159718,5413,694944AE0A8105DE505DC3ACBC5497A99F70613B952CB304AFAC786084D7C480,B150B004ECA36625401DFC6488E25ECA74DCBC671BF782526996509D70DC4090,11,0.0,0.030612244897959183,0.34055727554179566,0.7931034482758621,0.9622641509433962,0.7790432801822323,0.6260869565217392,0.6486486486486487,0.4604651162790698,0.1717171717171717,0.0,0.0
73,13,1,101,0.1,signflip_mu0p2,sign_flip,6,fedavg,123,466359210,904643126,,100,46.864626558671084,0.06262939958592133,0.08333333333333333,0.009823023218054878,45,100,100,20,0.25322524267724095,0.058712037064530376,17.449347940244163,0.9434963616421554,5662,BB03A55750D4ED4CF7A49C6FF431967926A56AA0E4717D61041B2D42FEE2F637,81E921EA712B047E85AFE235AE0AFA5FC297E98BC7E48D2DC6BB753BE930AE52,11,0.0,0.0,0.0,0.0,0.0,0.0,0.0,0.11787627861665854,0.0,0.0,0.0,0.0
74,13,1,101,0.1,signflip_mu0p2,sign_flip,6,fedprox,123,466359210,904643126,,100,45.69376637871468,0.06262939958592133,0.08333333333333333,0.009823023218054878,45,100,100,20,0.25322524267724095,0.058712037064530376,17.449347940244163,0.9434963616421554,5662,8B0647C8B541C212B43D1A56EBAB80BAF44174F8A263CE6082A79E805C1F6465,300D9CAF98001BBD762D4D907EA0334D6AD3BDEE1FA5EFA50F965E89FAF88827,11,0.0,0.0,0.0,0.0,0.0,0.0,0.0,0.11787627861665854,0.0,0.0,0.0,0.0
75,13,1,101,0.1,signflip_mu0p2,sign_flip,6,random_trimmed_mean,123,466359210,904643126,,100,2.5412023748670305,0.17132505175983437,0.1582351081605925,0.08289397703056464,45,100,100,20,0.25322524267724095,0.058712037064530376,17.449347940244163,0.9434963616421554,5662,0E194DA27FBD410089FA511B832012ED6602EB2915FF0B255F19ACF66430BC36,A0FC1C1CD955E6E696E7C909FBB1FCEC8E3DC20C57597AA2351C9120F839E462,11,0.0,0.0,0.0,0.19838523644752018,0.09248554913294797,0.6160520607375272,0.0,0.08780487804878048,0.0,0.0,0.0,0.0
76,13,1,101,0.1,signflip_mu0p2,sign_flip,6,fedle_adapted,123,466359210,904643126,,100,42.950051949384545,0.06262939958592133,0.08333333333333333,0.009823023218054878,55,100,100,22,0.24359236354959782,0.07544269872939724,17.71906855581817,0.9131898864220078,5748,8C4FF63833221CB74CADE442E21F67CEB4446514E73316ADF3E16C81A9ADFAE7,9C47D2D57ED8467142DD69A288D01A67F4DFC4D245815EE663F4C8A7EBF46D3D,15,0.0,0.0,0.0,0.0,0.0,0.0,0.0,0.11787627861665854,0.0,0.0,0.0,0.0
77,13,1,101,0.1,signflip_mu0p2,sign_flip,6,tea_fl,123,466359210,904643126,,100,1.8058508247075367,0.36853002070393376,0.37669882744195665,0.28863154037467115,70,100,100,18,0.36470501341710093,0.08065851714193345,14.327914359528085,0.5808971957187876,4468,E38F836D3734F8702D52BAE85F6478B579DCC178B71213DC10CCC0FFDA05C3EC,BBD62D0D2D56C32189B716CE339A7BD5FE3BC1EA8C183648F8394A21B57A5428,11,0.0,0.00881057268722467,0.3192307692307692,0.7490909090909091,0.0,0.9395604395604396,0.5044722719141324,0.4895833333333333,0.4528301886792453,0.0,0.0,0.0
78,13,1,101,0.1,signflip_mu0p2,sign_flip,6,arl_fl,123,466359210,904643126,,100,1.8815164785701048,0.43737060041407866,0.4292031935584399,0.3400048396624162,50,100,100,23,0.2729940137795741,0.056212037064530984,16.895822349378832,0.8849753313126396,5395,3FF9372CE9FC9072D432D38EC40FED1270571472599B6578B8A859B0EF4EB3F4,59579B030E5C65D03C8CA1751155068E18C480083D12A08F5E715FE6EBE18D04,11,0.3828623518687329,0.0,0.0,0.022988505747126436,0.8257372654155496,0.7494553376906318,0.5529411764705883,0.8571428571428571,0.5658536585365853,0.0,0.12307692307692308,0.0
79,14,1,101,0.1,signflip_mu0p2,sign_flip,6,fedavg,456,1039791761,2129548108,,100,44.690541514205144,0.09472049689440994,0.08333333333333333,0.01442080378250591,65,90,100,17,0.2155035920701447,0.07453468281374012,17.69360072629972,0.9615153481887455,5791,4E84BF3A513DDEAB2BF2875A15B394E9128340426097D4A55CD666E3E712D137,5E6CD3B4FD9A68E01C418A0102B1251055B97675B428A801AE57401972B7F4B9,11,0.0,0.0,0.0,0.0,0.0,0.0,0.0,0.0,0.0,0.0,0.17304964539007092,0.0
80,14,1,101,0.1,signflip_mu0p2,sign_flip,6,fedprox,456,1039791761,2129548108,,100,45.94201550375107,0.09472049689440994,0.08333333333333333,0.01442080378250591,65,90,100,17,0.2155035920701447,0.07453468281374012,17.69360072629972,0.9615153481887455,5791,9FBC56400FA30370CB03AFBDF66E26FE65021EB99F87F52F23C1A506E5D40FC8,28A41F6093A3E7E18BE5E8D4751D236F8713E4F4FAA4B38131B0EA7F3E4C682C,11,0.0,0.0,0.0,0.0,0.0,0.0,0.0,0.0,0.0,0.0,0.17304964539007092,0.0
81,14,1,101,0.1,signflip_mu0p2,sign_flip,6,random_trimmed_mean,456,1039791761,2129548108,,100,2.675908114352335,0.2489648033126294,0.2647518353424125,0.166286080411585,65,90,100,17,0.2155035920701447,0.07453468281374012,17.69360072629972,0.9615153481887455,5791,F1F158230FE576345BB3DF4B3BD450F798FC4A54F28B9B874C377DC58CF1B2BF,57D4DDBD9A2C5DEA25CCEC2E5E0AD9488098F9F78C86CF826674D9324D3AC0F0,11,0.0,0.11175337186897881,0.0,0.0,0.0,0.34146341463414637,0.43143297380585516,0.6008230452674898,0.5099601593625498,0.0,0.0,0.0
82,14,1,101,0.1,signflip_mu0p2,sign_flip,6,fedle_adapted,456,1039791761,2129548108,,100,32.74543589242497,0.09213250517598344,0.08333333333333333,0.014060031595576618,75,100,100,22,0.20936619459974073,0.07566609518735642,17.865447855471032,0.9407780234253728,5800,5DBED4229E626871A83966BCDA86548033E7BD1C9C5D9DB21FAE8434670DBC9F,EBDDECCA80B216D59F4C75650B7DFB68ADBCE21FEE68D7769BA30A9D1ED2D2E2,15,0.0,0.0,0.0,0.0,0.0,0.0,0.0,0.0,0.0,0.16872037914691942,0.0,0.0
83,14,1,101,0.1,signflip_mu0p2,sign_flip,6,tea_fl,456,1039791761,2129548108,,100,1.915731546548089,0.5134575569358178,0.49741765166178237,0.40647061595016526,70,100,100,18,0.3214670961894678,0.08615465304342365,14.726622610958673,0.6105984628183698,4652,A91383B32A64B11F279F93F97104A6AD0F7B0F9CF516CA1414A96841EC3A6D85,DCB7089C84EE43E6739BFDA0A03A1C3CA662F00E9BEEA0900C9D078D4106D66A,11,0.5135566188197768,0.0,0.5604838709677419,0.0,0.9166666666666666,0.7292110874200426,0.5623762376237624,0.2583732057416268,0.624561403508772,0.0,0.7124183006535948,0.0
84,14,1,101,0.1,signflip_mu0p2,sign_flip,6,arl_fl,456,1039791761,2129548108,,100,2.3471583999215198,0.29865424430641824,0.30435090103007023,0.23618903784105152,65,100,100,22,0.25480310995000716,0.07490232395460109,16.593214225663573,0.8220219685371092,5346,9EC19B765D2A47B37BA8BC79BE368A6A9F510B241CA94F8FA12C55701AE186F1,89F3CE35279F6A90018F64FC7194AA062ACF04006EF4971BD1F5D9B9B454825C,11,0.23134328358208955,0.03225806451612903,0.0,0.8378378378378378,0.0,0.6143106457242583,0.7592067988668555,0.02710843373493976,0.33220338983050846,0.0,0.0,0.0
85,15,1,101,0.1,signflip_mu0p4,sign_flip,11,fedavg,123,466359210,904643126,,100,123.9827674453303,0.09472049689440994,0.08333333333333333,0.01442080378250591,45,100,100,20,0.25322524267724095,0.058712037064530376,17.449347940244163,0.9434963616421554,5662,A648286718F25C556F64146589B64EE8102022597DEA00199DC206F35AA2E9C6,915B04F74553FA2BC2ABF73A370E88AC88FD8BEB44ED34BF6B2A1EA0D4BD4819,11,0.0,0.0,0.0,0.0,0.0,0.17304964539007092,0.0,0.0,0.0,0.0,0.0,0.0
86,15,1,101,0.1,signflip_mu0p4,sign_flip,11,fedprox,123,466359210,904643126,,100,130.2857527144207,0.09472049689440994,0.08333333333333333,0.01442080378250591,45,100,100,20,0.25322524267724095,0.058712037064530376,17.449347940244163,0.9434963616421554,5662,136783B6ECB45117E436EEF2CBB046104B0A9111EBDB8CC99AED03B7980840A7,1E55E76B5E51E4426CF74D5AE753AAB43453BE83714E1D4C713E15724B967243,11,0.0,0.0,0.0,0.0,0.0,0.17304964539007092,0.0,0.0,0.0,0.0,0.0,0.0
87,15,1,101,0.1,signflip_mu0p4,sign_flip,11,random_trimmed_mean,123,466359210,904643126,,100,16.735606726652346,0.13457556935817805,0.14380530973451328,0.03848447490416495,45,100,100,20,0.25322524267724095,0.058712037064530376,17.449347940244163,0.9434963616421554,5662,881E68701DBD92BD8FBC1BCAE0F01CE4B4A82C7D565079D3944AE1F550B1ED94,48C501ADF85DE4DEF1E7D4340B77965CA7B5859FF67D4419E3D30B4E18AE4DB4,11,0.0,0.0,0.0,0.0,0.0,0.0,0.0,0.0,0.2219215155615697,0.2398921832884097,0.0,0.0
88,15,1,101,0.1,signflip_mu0p4,sign_flip,11,fedle_adapted,123,466359210,904643126,,100,128.5608878424449,0.09213250517598344,0.08333333333333333,0.014060031595576618,55,100,100,22,0.24359236354959782,0.07544269872939724,17.71906855581817,0.9131898864220078,5748,144E5D7793AB75E8AB7322902E9801EA3CF7C99D48D6AA65652B8794BA2B06FB,224D4D3C532A218D2295F372791DD1FB8D128C3B0597DE4AA3C0083FD549FB03,15,0.0,0.0,0.0,0.0,0.0,0.0,0.0,0.0,0.0,0.16872037914691942,0.0,0.0
89,15,1,101,0.1,signflip_mu0p4,sign_flip,11,tea_fl,123,466359210,904643126,,100,2.0365175855332525,0.4720496894409938,0.46211734666384147,0.380421306243083,70,85,100,19,0.33293946475965724,0.0881585171419326,15.217349721936504,0.659467480009892,4899,653E42697CC6759EF64AECEE1F59BA7772B4019F3E19C9B2093B078D7ED7AE82,333445AEC4408380A5AC6E02AFAE0DCDE690E0B65B5CF04CA339DEBE8A5F561E,11,0.0,0.0,0.4054726368159204,0.6184738955823293,0.0,0.9635854341736695,0.592,0.0,0.327212020033389,0.8628571428571429,0.7954545454545454,0.0
90,15,1,101,0.1,signflip_mu0p4,sign_flip,11,arl_fl,123,466359210,904643126,,100,15.86107085210196,0.09472049689440994,0.08333333333333333,0.01442080378250591,70,100,100,21,0.2806659483162765,0.07508338595299036,16.681008182351167,0.8530694505166402,5376,B90DC65915D64F771D4BFEBA644784E44C330987040154D8FB3A554F09A747D6,C1BD9361491E1716CB70E36F7AB4337CA7ABBD3AE5910273D1DC595A34F1DF46,11,0.0,0.0,0.0,0.0,0.0,0.17304964539007092,0.0,0.0,0.0,0.0,0.0,0.0
91,16,1,101,0.1,signflip_mu0p4,sign_flip,11,fedavg,456,1039791761,2129548108,,100,64.30013753563227,0.09472049689440994,0.08333333333333333,0.01442080378250591,65,90,100,17,0.2155035920701447,0.07453468281374012,17.69360072629972,0.9615153481887455,5791,7A603AF8289CDDED569F0AB09BB8898CCB93301DB38F05DAE3ACFE8E436329A3,05DE53F24648EFB1D38F1B594FE0FA0AED02173F54ED831585410006D5111463,11,0.0,0.0,0.0,0.0,0.0,0.17304964539007092,0.0,0.0,0.0,0.0,0.0,0.0
92,16,1,101,0.1,signflip_mu0p4,sign_flip,11,fedprox,456,1039791761,2129548108,,100,67.69832371727527,0.09472049689440994,0.08333333333333333,0.01442080378250591,65,90,100,17,0.2155035920701447,0.07453468281374012,17.69360072629972,0.9615153481887455,5791,BE0184E9D941173CC8BACA2FBF0372A31F3FA4B2F4EAE28B39FC3FACA695DDA3,A1E78999FCD97D140445C78A0783BE91114EA284CD25CCF221AE02E78FAA6E81,11,0.0,0.0,0.0,0.0,0.0,0.17304964539007092,0.0,0.0,0.0,0.0,0.0,0.0
93,16,1,101,0.1,signflip_mu0p4,sign_flip,11,random_trimmed_mean,456,1039791761,2129548108,,100,15.543259700139364,0.09472049689440994,0.08333333333333333,0.01442080378250591,65,90,100,17,0.2155035920701447,0.07453468281374012,17.69360072629972,0.9615153481887455,5791,F9B634C158D56E008BE1C5E4EE0A3627507FBDCAD0EA4A281E9D4A4593EC26D4,985D43B48597A335368F4BA6936E2DD87E6BC0C95EBDE0357D9DE9E3F59EF951,11,0.0,0.0,0.0,0.0,0.0,0.0,0.0,0.0,0.0,0.0,0.17304964539007092,0.0
94,16,1,101,0.1,signflip_mu0p4,sign_flip,11,fedle_adapted,456,1039791761,2129548108,,100,64.1343283401513,0.09213250517598344,0.08333333333333333,0.014060031595576618,75,100,100,22,0.20936619459974073,0.07566609518735642,17.865447855471032,0.9407780234253728,5800,9EA5CA6AB4B9C88A8FF31FB9232E3C6E1DD1E3516B279B0F09F9C0DD02679255,EE9E889B98100E884FE6DA714A7A55AB5415169438F44C34A3F8C0AD7653B49B,15,0.0,0.0,0.0,0.0,0.0,0.0,0.0,0.0,0.0,0.16872037914691942,0.0,0.0
95,16,1,101,0.1,signflip_mu0p4,sign_flip,11,tea_fl,456,1039791761,2129548108,97,96,1.236900119801239,0.5916149068322981,0.5661282590928438,0.5285155930369168,55,80,100,13,0.2805310849317247,0.07403468281374123,15.872830926175482,0.7168428114456835,5065,98460D0FD59B4BA5BD3DF14B1F7D9A654C79F04B58961C340D02C5B4829F78FC,ECC4091751164FB8E02CA1E96F8596BE658E22D1E7023FABE410403684401A39,11,0.3769230769230769,0.4483695652173913,0.0,0.8646864686468647,0.6403326403326404,0.8141176470588235,0.7100977198697068,0.9017857142857143,0.1437125748502994,0.6914285714285714,0.750733137829912,0.0
96,16,1,101,0.1,signflip_mu0p4,sign_flip,11,arl_fl,456,1039791761,2129548108,,100,15.690966342546925,0.09472049689440994,0.08333333333333333,0.01442080378250591,75,100,100,21,0.2430710232122189,0.07496424482599895,16.92171265432164,0.8635112526310108,5452,BDB14A37C92E2CB6C2E88F86B6D45933A6BA7CC89CB9819E3CC009BF98BD2586,A4E7A7EB3815B1DED7ED993107E1BEE2994BA3AD1B4349A4830D38A2CF5ABCBF,11,0.0,0.0,0.0,0.0,0.0,0.17304964539007092,0.0,0.0,0.0,0.0,0.0,0.0
97,17,1,101,0.1,labelflip_mu0p2,label_flip,6,fedavg,123,466359210,904643126,,100,1.3157799969548765,0.6112836438923396,0.5820927700508632,0.5084391620202872,45,100,100,20,0.25322524267724095,0.058712037064530376,17.449347940244163,0.9434963616421554,5662,AB6AC44BEC2CD505641200874558232BF6A4C437318CCB9CDF66EC7B7D969656,F0F5DBD2597B96D2B5BE86E1633B13FE146DB147A51523B59B2B4FDDAC1ABFC6,11,0.009433962264150943,0.4730878186968839,0.0,0.8764044943820225,0.9589905362776026,0.9428571428571428,0.714828897338403,0.44803695150115475,0.0,0.907103825136612,0.7705263157894737,0.0
98,17,1,101,0.1,labelflip_mu0p2,label_flip,6,fedprox,123,466359210,904643126,,100,1.2786399661630825,0.6557971014492754,0.6150964998785212,0.5690182786815154,45,100,100,20,0.25322524267724095,0.058712037064530376,17.449347940244163,0.9434963616421554,5662,ACD860E8593FC22D15956DAF05D3E701527ED5CC204A4DA0CE6B1BA6ECE6F14B,5998B8A68E34E60FBE9966C1747BEE90756E8E88611AAD704B0EB6CB7192CB44,11,0.6811145510835913,0.5672727272727273,0.06593406593406594,0.9090909090909091,0.9,0.9425287356321839,0.7142857142857143,0.42650103519668736,0.0,0.8967391304347826,0.7247524752475247,0.0
99,17,1,101,0.1,labelflip_mu0p2,label_flip,6,random_trimmed_mean,123,466359210,904643126,,100,1.670677648074385,0.40631469979296064,0.39266609440117,0.33711920394226297,45,100,100,20,0.25322524267724095,0.058712037064530376,17.449347940244163,0.9434963616421554,5662,77476BA6F91FAF15DAD6A1F099BCDB9616084D1E21C33E25E3CA85F9617E68E4,B9297B7051D0D2D662CF80F8BF016E37BF0806D17C610C488010C2925FB3C4BB,11,0.00823045267489712,0.31314878892733566,0.0,0.6666666666666666,0.9622641509433962,0.9315068493150684,0.18723404255319148,0.41739130434782606,0.37988826815642457,0.11594202898550725,0.06315789473684211,0.0
100,17,1,101,0.1,labelflip_mu0p2,label_flip,6,fedle_adapted,123,466359210,904643126,,100,2.0111528380810597,0.4606625258799172,0.44562806318519876,0.3304127711949801,55,100,100,22,0.24359236354959782,0.07544269872939724,17.71906855581817,0.9131898864220078,5748,F2646447E35B01CC36ABC2341C762F098A67822ECE9A68CA563B3CC3DFAD73FF,71F95B5A867B585C75219270DC783F15FE0BAFD4561C9222C63DF8BF036BC432,15,0.0,0.4796747967479675,0.7225130890052356,0.0,0.48811410459587956,0.9473684210526315,0.0,0.5255474452554745,0.0847457627118644,0.14285714285714285,0.5741324921135647,0.0
101,17,1,101,0.1,labelflip_mu0p2,label_flip,6,tea_fl,123,466359210,904643126,,100,1.986343773255437,0.327639751552795,0.32500982921792654,0.23342958765277036,70,100,100,21,0.3838939555731865,0.08796088367178218,13.790623979157687,0.5858402413661794,4310,1D8F16DA53DF195EB02398DE8EF9BF6ADD0DC4754174FDAB2D952BC38E3C3ABB,95964E214AE3737FCCAAFF18AC6ACD09958114E4D64C881AE26902285CAD0346,11,0.019801980198019802,0.010869565217391304,0.3485653560042508,0.0,0.4725609756097561,0.7571115973741794,0.16822429906542055,0.8301886792452831,0.0,0.0,0.19383259911894274,0.0
102,17,1,101,0.1,labelflip_mu0p2,label_flip,6,arl_fl,123,466359210,904643126,,100,1.62843988845067,0.453416149068323,0.4042953836047698,0.3312147265805017,60,100,100,21,0.2801212461899584,0.08139352817777476,16.696259841888075,0.8786477610956738,5348,96984732CAF6428C6A531A1088249E2B2A525A2C2986AB6DE872A8D88C824CC7,A7FA83FD40E8C5BE7756EA8C3E632EBE995B3668871CB683F30DB3E77BA1C1F8,11,0.5427286356821589,0.10358565737051793,0.16744186046511628,0.7523364485981309,0.0,0.7881548974943052,0.2948328267477204,0.1925925925925926,0.0,0.3744292237442922,0.7584745762711864,0.0
103,18,1,101,0.1,labelflip_mu0p2,label_flip,6,fedavg,456,1039791761,2129548108,,100,2.0235324150286846,0.386128364389234,0.37208985805598616,0.28206858829699744,65,90,100,17,0.2155035920701447,0.07453468281374012,17.69360072629972,0.9615153481887455,5791,FF60D0F0C9C5115D9C2761DAC828743D80B76F22D34CAE1FA525FC162C09815B,E4B428B5D134205E953426AAEA01260951714669A228EA6CB66BE020CC76A4EA,11,0.45925925925925926,0.225140712945591,0.0,0.0,0.7749077490774908,0.6183745583038869,0.5720524017467249,0.47754137115839246,0.16129032258064516,0.0962566844919786,0.0,0.0
104,18,1,101,0.1,labelflip_mu0p2,label_flip,6,fedprox,456,1039791761,2129548108,,100,1.980789665850053,0.37111801242236025,0.35472683568199564,0.2531775895549976,65,90,100,17,0.2155035920701447,0.07453468281374012,17.69360072629972,0.9615153481887455,5791,79507A284F26FF031F21850A4500A5DAD03D280A7869F0D9321F10296E8CB70B,54A5EC976CC05C42C7BB909557A0690223A4A43A3AE9C7F104E98CE0B26FBC6D,11,0.46481178396072015,0.36721311475409835,0.0,0.0,0.4954954954954955,0.5700164744645799,0.575107296137339,0.4376470588235294,0.11666666666666667,0.0111731843575419,0.0,0.0
105,18,1,101,0.1,labelflip_mu0p2,label_flip,6,random_trimmed_mean,456,1039791761,2129548108,,100,1.9805416192080416,0.38250517598343686,0.38903333345205743,0.2952675936453118,65,90,100,17,0.2155035920701447,0.07453468281374012,17.69360072629972,0.9615153481887455,5791,DA6BBFBD0B83E98485BB171479B1B552E1A749399614BBBB602DF6C71E15C193,3DA12DF72BD89B047133A4FBCA9484BE73BE7C75ACD566BE51F1E6F35586C0D5,11,0.047151277013752456,0.45161290322580644,0.0,0.0,0.9595015576323987,0.7257383966244726,0.3854166666666667,0.5625,0.4112903225806452,0.0,0.0,0.0
106,18,1,101,0.1,labelflip_mu0p2,label_flip,6,fedle_adapted,456,1039791761,2129548108,,100,1.5922145280778779,0.4865424430641822,0.4647307935447544,0.4192477741254954,75,100,100,22,0.20936619459974073,0.07566609518735642,17.865447855471032,0.9407780234253728,5800,5D2A2DBBEC0B3802DE7E8232E224E1484D99CD5D3C410E639305444AFE3C7644,C44E5469EE4E053E2F32B2C886990957F44D3669085916D1DB26D262DFCF95B7,15,0.5498281786941581,0.0,0.4320388349514563,0.8721311475409836,0.9180327868852459,0.5,0.0,0.291497975708502,0.0,0.874251497005988,0.593192868719611,0.0
107,18,1,101,0.1,labelflip_mu0p2,label_flip,6,tea_fl,456,1039791761,2129548108,,100,1.166775367768408,0.6061076604554866,0.5848629138698959,0.5184853699643832,70,100,100,19,0.3368437823985559,0.0833977590487292,14.296075397104204,0.6194347657762292,4465,09DB5DA44D2F9B91BE2ECCB337F967574BDADE49CBB1BAD7DAD542415CEB29AA,310BCDB6CF593AEB0556F0F1F77094F98829EDC296F16C737F9E68FB603542E2,11,0.0,0.47305389221556887,0.21367521367521367,0.9024390243902439,0.7416267942583732,0.8952879581151832,0.8819875776397516,0.09448818897637795,0.5986394557823129,0.7046263345195729,0.716,0.0
108,18,1,101,0.1,labelflip_mu0p2,label_flip,6,arl_fl,456,1039791761,2129548108,,100,1.3681437663163212,0.5678053830227743,0.5638320366411921,0.48363793731072535,85,100,100,17,0.2463163886332857,0.06752092072673313,16.830842422531774,0.8556241243221853,5407,EA94FD5CD3069C8C07DDD65077C36C5EEAE68B642F5B5DF3ABE1D64ABF8F076B,082322001C08D8219BB0469F5C69703D59BA14FC0E28CFCAE360BAD3E0CF4337,11,0.0,0.460431654676259,0.0,0.9226190476190477,0.9194029850746268,0.870026525198939,0.7840531561461794,0.6914893617021277,0.5648414985590778,0.0111731843575419,0.5796178343949044,0.0
109,19,1,101,0.1,labelflip_mu0p4,label_flip,11,fedavg,123,466359210,904643126,,100,2.102092793269187,0.4135610766045549,0.41614357192728474,0.3431785903585158,45,100,100,20,0.25322524267724095,0.058712037064530376,17.449347940244163,0.9434963616421554,5662,DD332F945C92673D2488A735DB7E981ACBCE58C60785E8CD3396CD5F24922861,6C45A73B210038DB3953370B2B64F3A6765B3F315298CF2F10B4B9EE3DE543F0,11,0.0,0.0,0.4,0.34615384615384615,0.0,0.2670299727520436,0.5070422535211268,0.4533333333333333,0.5727699530516432,0.8541666666666666,0.7176470588235294,0.0
110,19,1,101,0.1,labelflip_mu0p4,label_flip,11,fedprox,123,466359210,904643126,,100,2.104570039310811,0.42650103519668736,0.4279954788768861,0.34433576345019495,45,100,100,20,0.25322524267724095,0.058712037064530376,17.449347940244163,0.9434963616421554,5662,E748BB7EA968BE974A3FB33B978681E5E92A6591249EAF4387AAE7B92AD24721,79A5C7B099B920940749E08389714A477CCAF17B3AB812C4839D9DA0494BB7BA,11,0.009389671361502348,0.0,0.40610687022900765,0.08888888888888889,0.0,0.3894230769230769,0.6060606060606061,0.41379310344827586,0.648936170212766,0.8489583333333334,0.7204724409448819,0.0
111,19,1,101,0.1,labelflip_mu0p4,label_flip,11,random_trimmed_mean,123,466359210,904643126,,100,1.9062090285322928,0.38405797101449274,0.391185800337371,0.33022410179996214,45,100,100,20,0.25322524267724095,0.058712037064530376,17.449347940244163,0.9434963616421554,5662,CE981C05D72DC94443EDA7C268261DC1F8B8339831AE820E3F26023014FC9BD0,1F6E1B4AA047EFDD10F37B713599C493F02717D3AE5E6B3B71A9D6CFF1819B52,11,0.03067484662576687,0.0,0.33034825870646767,0.901840490797546,0.0,0.6181818181818182,0.7376425855513308,0.2905982905982906,0.6416382252559727,0.4117647058823529,0.0,0.0
112,19,1,101,0.1,labelflip_mu0p4,label_flip,11,fedle_adapted,123,466359210,904643126,,100,2.0480092800922276,0.36542443064182195,0.3578256905315538,0.2853169869926848,55,100,100,22,0.24359236354959782,0.07544269872939724,17.71906855581817,0.9131898864220078,5748,6E864C95374CAA624A1395FED7BEB9473AD7BD7500D45FC4029A79AB263D78CB,D6E9424817174CF1A4F4017070423A2CF02F8EAB2BE4ED833442392D8D870DBD,15,0.0,0.4783861671469741,0.16501650165016502,0.0,0.0,0.5590551181102362,0.0,0.35514018691588783,0.3631578947368421,0.65234375,0.8507042253521127,0.0
113,19,1,101,0.1,labelflip_mu0p4,label_flip,11,tea_fl,123,466359210,904643126,,100,2.246808354158579,0.3581780538302277,0.38500302080983334,0.30129891784961016,70,100,100,21,0.3834615539253791,0.0903334244295626,13.802731225296293,0.5806020843614829,4327,A3E55890CA6F124B1CC5826979458CF8FC776C0ABDE80085D5E79A12CFECD196,B163CD312EE75A9F177256AD100FDCEC8E50408CB963D5F791BB4C1D260EDD2B,11,0.0,0.0,0.28865979381443296,0.9009584664536742,0.7948051948051948,0.26905829596412556,0.0,0.52,0.8421052631578947,0.0,0.0,0.0
114,19,1,101,0.1,labelflip_mu0p4,label_flip,11,arl_fl,123,466359210,904643126,,100,1.8924717710625312,0.2520703933747412,0.25377576094434756,0.14643198628493195,85,100,100,22,0.279598017034009,0.0745944601854133,16.710910258254657,0.867443751694226,5368,FB4585AD059F2AE9B98EA337F9EDC8F6FD9124B9750BFA12CEC15CCCF8FD70E2,5A84EB4B0B5DE1DA0FA24D3F3DDFCB225F10E6F0D93AED6E9249FD1682CBB081,11,0.05732484076433121,0.021164021164021163,0.35319148936170214,0.022988505747126436,0.0,0.596551724137931,0.0,0.37545126353790614,0.06837606837606838,0.2621359223300971,0.0,0.0
115,20,1,101,0.1,labelflip_mu0p4,label_flip,11,fedavg,456,1039791761,2129548108,,100,1.5001969470740846,0.4508281573498965,0.4437537357286223,0.37322352230496075,65,90,100,17,0.2155035920701447,0.07453468281374012,17.69360072629972,0.9615153481887455,5791,33F9809E1E46322F3CD9EAEC38992BE726FCAC5697936C30118E59F8C32C42E4,9D1D5DC1BD6758AC495AA9C72AB0C664B2B319461E7E620E48E14FE7A3C0EE89,11,0.7237163814180929,0.11570247933884298,0.43824701195219123,0.0,0.7475728155339806,0.711864406779661,0.42790697674418604,0.3958333333333333,0.624,0.2938388625592417,0.0,0.0
116,20,1,101,0.1,labelflip_mu0p4,label_flip,11,fedprox,456,1039791761,2129548108,,100,1.7119419767249444,0.36024844720496896,0.3567964714155812,0.27578565973070895,65,90,100,17,0.2155035920701447,0.07453468281374012,17.69360072629972,0.9615153481887455,5791,2EB22DF68746239165C58CF1CBC9A184E437FAC2BA6D7C5DDF5E0EFBB35298C0,29B49DD074DEB042F95262F0C1B9230D02DBCE3DCD4CAC6F581A6A86F19AF39F,11,0.709480122324159,0.06818181818181818,0.40636474908200737,0.03428571428571429,0.7213114754098361,0.06349206349206349,0.3631647211413748,0.1871345029239766,0.5294117647058824,0.22660098522167488,0.0,0.0
117,20,1,101,0.1,labelflip_mu0p4,label_flip,11,random_trimmed_mean,456,1039791761,2129548108,,100,1.579764203255221,0.4353002070393375,0.43628462841450205,0.3552408841362252,65,90,100,17,0.2155035920701447,0.07453468281374012,17.69360072629972,0.9615153481887455,5791,7843786496630F37487EB34F3DBCE78292C31E572C93A256DAB6A4507C9EAC14,2151515C9419F9945A5A76583151786EE39B80269B56558CBF8A3D2421413515,11,0.0,0.0106951871657754,0.338368580060423,0.5606694560669456,0.7868020304568528,0.8666666666666667,0.6648648648648648,0.01092896174863388,0.5053763440860215,0.5185185185185185,0.0,0.0
118,20,1,101,0.1,labelflip_mu0p4,label_flip,11,fedle_adapted,456,1039791761,2129548108,,100,1.9458162320573384,0.46532091097308487,0.43436718977457306,0.37258681540930255,75,100,100,22,0.20936619459974073,0.07566609518735642,17.865447855471032,0.9407780234253728,5800,4D66C91E002A5264411EA6882B0AD5DE66AF3A6CD588AC00E4E8712C0A743800,C699D9C10C87536169C4B8FEE2E8231A95F245630B95B33D31BFDAC3289E4910,15,0.7873563218390804,0.010101010101010102,0.5170940170940171,0.416289592760181,0.0,0.9391304347826087,0.0,0.27,0.0,0.8545454545454545,0.6765249537892791,0.0
119,20,1,101,0.1,labelflip_mu0p4,label_flip,11,tea_fl,456,1039791761,2129548108,,100,2.2426001556665014,0.25,0.23543920297334567,0.12538696594560936,55,95,100,17,0.34054192774238995,0.08289775904872948,14.192527327476853,0.6127263257865874,4404,9317411505EA9B0492A2968F325F230753575E94E34FB0979EAB3BC2EAEA24EE,97472074541124A1526237112087ED853303AFC21D840D3B58502852EF27B34C,11,0.036036036036036036,0.0,0.3416666666666667,0.0,0.0,0.48945147679324896,0.5382830626450116,0.0,0.0,0.0992063492063492,0.0,0.0
120,20,1,101,0.1,labelflip_mu0p4,label_flip,11,arl_fl,456,1039791761,2129548108,,100,1.5949547162460738,0.38509316770186336,0.36103617903926205,0.2850026506127421,75,100,100,21,0.24911658571526654,0.07702092072673244,16.75243690423631,0.8548561170298025,5385,DE5BC0765A02224AC1EAB099C5BF2C5A16D3C0923521897D5524612344988E6E,A21C35E4578B82DD2D5B63AA6E531890353388844FC47F2601C55AC44F234344,11,0.40310077519379844,0.0,0.0,0.2268041237113402,0.0,0.9202127659574468,0.481994459833795,0.5034965034965035,0.011695906432748537,0.8727272727272727,0.0,0.0
121,21,2,102,1.0,clean,none,0,fedavg,123,1609500700,1673688556,,100,0.6974775695631068,0.7560137457044673,0.7749917261605948,0.7614730457613597,70,95,100,19,0.21951293040646738,0.07990369384546944,17.377660275470713,0.9727271621900953,5904,8A551984D75A2378CA5BD3B1480CCC4868DCC34E3656FCE2EA215D77266ACC5F,57A51C9D802FF17C31C99A2E7FF5CA0EABF055123591736B25DE40008D253E9F,11,0.9421965317919075,0.49530956848030017,0.032520325203252036,0.8125,0.918918918918919,0.9549071618037135,0.6815642458100558,0.8821292775665399,0.8702928870292888,0.8178913738019169,0.8503253796095445,0.8791208791208791
122,21,2,102,1.0,clean,none,0,fedprox,123,1609500700,1673688556,,100,0.6314284302400326,0.771232204221895,0.7868982886526529,0.7728893182183044,70,95,100,19,0.21951293040646738,0.07990369384546944,17.377660275470713,0.9727271621900953,5904,0BBF28CCEAA7889FFBEDCD44DC9E6D8E4BBCBA16BC40DAE4AA2DC41832233D6F,296B1270B1713C174E55291E89D344183323C8485DC7E073B235D8EB3DB2483E,11,0.9479768786127167,0.48940269749518306,0.03292181069958848,0.8517241379310345,0.918918918918919,0.9576719576719577,0.7772020725388601,0.8821292775665399,0.875,0.8159509202453987,0.8466522678185745,0.8791208791208791
123,21,2,102,1.0,clean,none,0,random_trimmed_mean,123,1609500700,1673688556,,100,0.8624131882679363,0.6946489936180658,0.6916069285581724,0.6478868266607551,70,95,100,19,0.21951293040646738,0.07990369384546944,17.377660275470713,0.9727271621900953,5904,C6F6C0DC5D320BF2A411E2B5FDDADA3E96720863D6F2EC39CD896903438E047E,81BBC00BE8250D4ADFB909CBB16D25A26CFFA1A9611C40BAF7B8B9B22341443B,11,0.9510086455331412,0.48221343873517786,0.04081632653061224,0.7585139318885449,0.8874172185430463,0.9578947368421052,0.5095541401273885,0.676056338028169,0.8545454545454545,0.8218390804597702,0.8347826086956521,0.0
124,21,2,102,1.0,clean,none,0,fedle_adapted,123,1609500700,1673688556,,100,1.0372229311624372,0.6715758468335787,0.685740902464418,0.6848979778429731,45,100,100,20,0.21469244078506594,0.07932858967161599,17.512633984869954,0.9324117996713248,5934,A226C6856CFA64DE18FD4856C608EE123BFC6EFF6F1546E9E502F36F3C87B40E,6B6B60BE50468786592FCE33C5144E9B2914F261F4508D1AA4D901A31BDAD001,15,0.9510086455331412,0.28846153846153844,0.06691449814126393,0.751145038167939,0.9436619718309859,0.9574468085106383,0.5266457680250783,0.8136882129277566,0.8258706467661692,0.6761565836298933,0.5325301204819277,0.8852459016393442
125,21,2,102,1.0,clean,none,0,tea_fl,123,1609500700,1673688556,,100,1.4619537056714047,0.6784486990672558,0.6610263142759537,0.6119831980532248,50,80,100,14,0.2851943425119104,0.07909350103115537,15.538580736518309,0.7080460583960987,5150,AEC1C777F4A18124F568E745E074A9514121314CDB7C5D8B1DE7E8B7E6F33C33,93E68C89AEA6F9EF1097C682A14779A25FA6B3C25A0F522FC842A60DE488531D,11,0.9510086455331412,0.0,0.6581352833638026,0.7057142857142857,0.9710144927536232,0.9572192513368984,0.22813688212927757,0.587378640776699,0.7252747252747253,0.7718120805369127,0.7881040892193308,0.0
126,21,2,102,1.0,clean,none,0,arl_fl,123,1609500700,1673688556,,100,0.8694216575789931,0.6887579774177712,0.6754002053529266,0.6434777288219861,85,100,100,24,0.25107686453524203,0.07716617318160401,16.493870119865022,0.8449335670982869,5531,C77E009DD8AF523C3ED96366D8AF3451DA794060302FBCF9B97188AC24E62404,16A7632AD3D74AA8E9957097A3255AAA79DAE0D6069BCE56A45F8DD1A6F8EA84,11,0.9510086455331412,0.4673684210526316,0.09166666666666666,0.7954545454545454,0.8933333333333333,0.9576719576719577,0.6275659824046921,0.6487935656836461,0.8341708542713567,0.7158671586715867,0.738831615120275,0.0
127,22,2,102,1.0,clean,none,0,fedavg,456,2090734901,6174703,,100,0.8655075239503155,0.7457044673539519,0.7626145560481744,0.7612302377797667,90,100,100,20,0.24574700440557207,0.07480793607319838,17.30677986358465,0.9816673620143814,6104,2D295D9CD8A3C741EBAFA597DBD6A176CD675A5FB9438786328080BA85159A2C,E89500764BD5D7A6207AF305DAF8CB471116FF15F917B089A98F67396C70D674,11,0.9510086455331412,0.41042345276872966,0.5562913907284768,0.7329376854599406,0.9714285714285714,0.9629629629629629,0.3732394366197183,0.8602150537634409,0.8383838383838383,0.7643312101910829,0.8063241106719368,0.9072164948453608
128,22,2,102,1.0,clean,none,0,fedprox,456,2090734901,6174703,,100,0.790537538865529,0.7432498772704959,0.7618118142407048,0.764703932523178,90,100,100,20,0.24574700440557207,0.07480793607319838,17.30677986358465,0.9816673620143814,6104,24021F0959659946823F35FEECA08FFAAB584B5266B21D88CDCD9A8C45FA1697,CDB421CE1CB92A457D0AC048F02E4A10CC93E0646F70F1FC2B829CBCBDB43CE4,11,0.9510086455331412,0.39444444444444443,0.43,0.7530487804878049,0.9784172661870504,0.9562982005141388,0.47019867549668876,0.8602150537634409,0.8725490196078431,0.7766990291262136,0.8169014084507042,0.9166666666666666
129,22,2,102,1.0,clean,none,0,random_trimmed_mean,456,2090734901,6174703,,100,0.8733243908601455,0.7064310260186549,0.705289571600365,0.6910531176623724,90,100,100,20,0.24574700440557207,0.07480793607319838,17.30677986358465,0.9816673620143814,6104,F04E8380DF2EF31E98D4DB630AA5A71A1E486DFC458884ED6A2F8EBE02176A35,4039B0C1812623251809DBCCD63C564EE4C04D8486D6231E5B90B6A0E6654339,11,0.9540229885057471,0.4547945205479452,0.4648910411622276,0.7256637168141593,0.9577464788732394,0.9576719576719577,0.35,0.6918604651162791,0.8952380952380953,0.7987616099071208,0.8158995815899581,0.22608695652173913
130,22,2,102,1.0,clean,none,0,fedle_adapted,456,2090734901,6174703,,100,0.7396457930903372,0.7584683357879234,0.7403690062766723,0.7192649141926898,75,100,100,24,0.25636626209738217,0.07681530026673988,17.00944064821397,0.9155308362229775,5980,10266B523AB25EBDD1162DF52754BD5B4859667A2F2BC403F862DE817B181031,A414228D1E626A01E3EEA5B72F43836ECAF231E02CAE34B03129F7A2176F6C34,15,0.9455587392550143,0.36123348017621143,0.6517690875232774,0.8131147540983606,0.8774193548387097,0.9578947368421052,0.6723646723646723,0.7777777777777778,0.8,0.7542087542087542,0.825147347740668,0.19469026548672566
131,22,2,102,1.0,clean,none,0,tea_fl,456,2090734901,6174703,,100,1.573554545196544,0.5792832596956309,0.5657103607691659,0.5278777780424924,55,85,100,16,0.3107809226503844,0.07480793607320066,15.485830152729907,0.7588188983846643,5258,C1B3D45F0BA5DFD39C69E3E385AB1E4DE3802B5EE47824D71458785FFA1C4D5B,B8229B54896BA030013F4F00221B95D34BB9F632E8C7D7F01227DE8008277E17,11,0.22439024390243903,0.3717171717171717,0.26535626535626533,0.6767123287671233,0.7090909090909091,0.9553805774278216,0.09836065573770492,0.8429752066115702,0.5816023738872403,0.7909604519774012,0.8179871520342612,0.0
132,22,2,102,1.0,clean,none,0,arl_fl,456,2090734901,6174703,,100,1.0887144063697707,0.6529209621993127,0.6448321925170823,0.6009695772909611,80,100,100,25,0.2937374184665556,0.09240799551006644,15.963048269877115,0.8394719721295305,5521,55CBF539FF0B2E6A67AD2B9D1271366394BDB2D5DFFA765723F1507C1B61DC85,284C6C18E1E774F2A206FF8FF24CBF89A5FAA7532D90932E55D37D97E44977FE,11,0.9485714285714286,0.4887063655030801,0.15555555555555556,0.7192982456140351,0.7861271676300579,0.9629629629629629,0.29927007299270075,0.6876790830945558,0.7553191489361702,0.6536964980544747,0.7544483985765125,0.0
133,23,2,102,1.0,signflip_mu0p2,sign_flip,6,fedavg,123,1609500700,1673688556,,100,16.904104785820874,0.21649484536082475,0.16291538574147268,0.060920977880403904,70,95,100,19,0.21951293040646738,0.07990369384546944,17.377660275470713,0.9727271621900953,5904,6E5B7CBC698642D4E28AC848C6A700C0EA475C36B289A9AD12D84545B1D67201,F99122036B9AFD8FCD2F3D01D7273740F503786B5F77C97209652B38F5536009,11,0.0,0.0,0.4106382978723404,0.32041343669250644,0.0,0.0,0.0,0.0,0.0,0.0,0.0,0.0
134,23,2,102,1.0,signflip_mu0p2,sign_flip,6,fedprox,123,1609500700,1673688556,,100,16.33885312595377,0.0039273441335297005,0.0027265407700190307,0.0011139072147029706,70,95,100,19,0.21951293040646738,0.07990369384546944,17.377660275470713,0.9727271621900953,5904,EBCB830D2237DD9A4EFEDC6B8CA0239341195BC5449541631FA4A8257FD03ADF,58B1882C915E09FC3D31CE770E7E7F4B12BC4667EF768C939997F46AE68D3F1F,11,0.0,0.0,0.0015325670498084292,0.011834319526627219,0.0,0.0,0.0,0.0,0.0,0.0,0.0,0.0
135,23,2,102,1.0,signflip_mu0p2,sign_flip,6,random_trimmed_mean,123,1609500700,1673688556,,100,2.131511787540578,0.5115365733922435,0.4929861653123258,0.4259624554044392,70,95,100,19,0.21951293040646738,0.07990369384546944,17.377660275470713,0.9727271621900953,5904,A9161E73866809FBC890F9576C005598FEA16AFB04770782D612CBC57797585E,09097A51DF9034C76DD4061F0FD6A8E2AB524B594AF0CE98B05ED5CAEDAFE320,11,0.0,0.3688760806916426,0.045283018867924525,0.6795580110497238,0.027777777777777776,0.9546666666666667,0.008620689655172414,0.7062314540059347,0.46215139442231074,0.28421052631578947,0.6889279437609842,0.8852459016393442
136,23,2,102,1.0,signflip_mu0p2,sign_flip,6,fedle_adapted,123,1609500700,1673688556,,100,13.330364470512304,0.12420225822287678,0.08333333333333333,0.01841339155749636,45,100,100,20,0.21469244078506594,0.07932858967161599,17.512633984869954,0.9324117996713248,5934,1A4C671C175DDA580441B5BA268744B99352FCDD55A09C622EF0EFB03A51F896,E99DE4D16EB289B816C40B44AD4C2429C52723A012E6E9367664D92265C4453D,15,0.0,0.0,0.0,0.22096069868995633,0.0,0.0,0.0,0.0,0.0,0.0,0.0,0.0
137,23,2,102,1.0,signflip_mu0p2,sign_flip,6,tea_fl,123,1609500700,1673688556,,100,0.984822665790629,0.7206676485027,0.7432552163104131,0.7383680456859903,45,80,100,15,0.26039205021741413,0.07775807166898857,16.2330449207642,0.7477474109245896,5453,1D8212F0EE808346BA403C255800025BCFFF912D5EE09BC546203E9641FF8104,E29F731DF915008A151FD90C47A961768DF4796D51E4CC5625A44A6DC39837FD,11,0.9510086455331412,0.3854748603351955,0.43478260869565216,0.70995670995671,0.9710144927536232,0.9549071618037135,0.2556390977443609,0.8275862068965517,0.8543689320388349,0.7854785478547854,0.8038834951456311,0.9263157894736842
138,23,2,102,1.0,signflip_mu0p2,sign_flip,6,arl_fl,123,1609500700,1673688556,,100,1.360315938051799,0.7064310260186549,0.7262459991917471,0.6965491266678675,75,100,100,25,0.2420549262122176,0.07182858967161598,16.746484392909707,0.8826514850611236,5616,54978FAC16291ED01686396A2A622B3F3B8F9CF71E3087DAFBAEB9F589ED96D0,468D63BB0A2E12D92C12FE7BA7864CA6F86C949DCD57142C5E15FDF721E29E1A,11,0.9166666666666666,0.14432989690721648,0.6423357664233577,0.6613119143239625,0.951048951048951,0.9576719576719577,0.00851063829787234,0.8253968253968254,0.8055555555555556,0.7535211267605634,0.7683823529411765,0.9238578680203046
139,24,2,102,1.0,signflip_mu0p2,sign_flip,6,fedavg,456,2090734901,6174703,,100,27.982648679071275,0.08934707903780069,0.08333333333333333,0.013669821240799159,90,100,100,20,0.24574700440557207,0.07480793607319838,17.30677986358465,0.9816673620143814,6104,ED93F97E812B6FDFF505D977D3330385A813F02325C44A79C6318AD289EE9158,82AF053DEFD0FC6363BB384CBB608D978ED7491C157231F560C7299EFA519357,11,0.1640378548895899,0.0,0.0,0.0,0.0,0.0,0.0,0.0,0.0,0.0,0.0,0.0
140,24,2,102,1.0,signflip_mu0p2,sign_flip,6,fedprox,456,2090734901,6174703,,100,30.43897688523425,0.09572901325478646,0.08333333333333333,0.014560931899641577,90,100,100,20,0.24574700440557207,0.07480793607319838,17.30677986358465,0.9816673620143814,6104,20CF10AEB2C581838936F7369BC79489AFE7A3A6BE28259AD7470D62D1D7943B,9DD5B3CE3AF475D82CE08F827E7C0EE012B97D830267A145E371F179C139EBFF,11,0.0,0.0,0.0,0.0,0.0,0.17473118279569894,0.0,0.0,0.0,0.0,0.0,0.0
141,24,2,102,1.0,signflip_mu0p2,sign_flip,6,random_trimmed_mean,456,2090734901,6174703,,100,1.4084651152995151,0.6543937162493864,0.6423657020958288,0.6021288390397662,90,100,100,20,0.24574700440557207,0.07480793607319838,17.30677986358465,0.9816673620143814,6104,F4BAFE8E887EBC145F55EBDCC1FBBB8FB5F9487D7697E0981A10521B8D0B67D2,4139BEE8DEE3A6488150A3ACF0A5535DD62BD15A2EF9622C834B5B2265CE1EA0,11,0.8333333333333334,0.3291139240506329,0.6139359698681732,0.6785714285714286,0.9323308270676691,0.9120879120879121,0.04219409282700422,0.6296296296296297,0.726457399103139,0.7323943661971831,0.7954971857410882,0.0
142,24,2,102,1.0,signflip_mu0p2,sign_flip,6,fedle_adapted,456,2090734901,6174703,,100,22.002361791064825,0.06529209621993128,0.08333333333333333,0.010215053763440859,75,100,100,24,0.25636626209738217,0.07681530026673988,17.00944064821397,0.9155308362229775,5980,AB3AF618D4C676FB7C07813986D86E858BEB99707DC1FE3AA7CC4CCA2BC8A0C6,8C87BBD3A1E5FF7F3C47C90840ED87F4DD5EFBA8ACA1B49F2FF9E687E4A033C6,15,0.0,0.0,0.0,0.0,0.0,0.0,0.0,0.12258064516129032,0.0,0.0,0.0,0.0
143,24,2,102,1.0,signflip_mu0p2,sign_flip,6,tea_fl,456,2090734901,6174703,,100,1.0878414485199404,0.6666666666666666,0.6683419862882441,0.6178839659184975,55,80,100,16,0.29814185141567917,0.08083486262696907,15.839724147301654,0.7668123610152595,5463,44CE29DF78DC3FA8EFD5AC58BFD86A69C6B0C33ACB029D5A718BCFA4FBE522E1,E1BDBB45F30E721EF77C970C73E3833D89C1FFE03A38E000D3CFD798AC4B775E,11,0.9512893982808023,0.5,0.138996138996139,0.6987270155586988,0.9315068493150684,0.93717277486911,0.19455252918287938,0.8394160583941606,0.6784452296819788,0.7492260061919505,0.7952755905511811,0.0
144,24,2,102,1.0,signflip_mu0p2,sign_flip,6,arl_fl,456,2090734901,6174703,,100,1.1591774413383176,0.6426116838487973,0.6032681300775299,0.5772429530459506,95,100,100,26,0.2883589585434719,0.08600971484624745,16.11364514772346,0.8523695874531196,5604,8400C2C554835D46413BE0A53F7C28136B8E3D5156B6CB3899D237C3BC7B4FB5,2F2A9ECF886BE242EF99A30FE9AD66BCA857AC6C9ABC5AE10E42146A09FB1F48,11,0.9512893982808023,0.39747634069400634,0.5375854214123007,0.7321428571428571,0.58,0.926829268292683,0.36619718309859156,0.6595744680851063,0.6461538461538462,0.41706161137440756,0.7126050420168067,0.0
145,25,2,102,1.0,signflip_mu0p4,sign_flip,11,fedavg,123,1609500700,1673688556,,100,168.11152072133066,0.12420225822287678,0.08333333333333333,0.01841339155749636,70,95,100,19,0.21951293040646738,0.07990369384546944,17.377660275470713,0.9727271621900953,5904,7E550BAC98A87AB446C92122D2CD1CAB1DE897D75BBBA08A4C1AA0F062C22545,3EF79C0F1EB6031B9F0B697396131597639D391E44571F46468B6BE1785D688C,11,0.0,0.0,0.0,0.22096069868995633,0.0,0.0,0.0,0.0,0.0,0.0,0.0,0.0
146,25,2,102,1.0,signflip_mu0p4,sign_flip,11,fedprox,123,1609500700,1673688556,,100,190.32185054398894,0.06529209621993128,0.08333333333333333,0.010215053763440859,70,95,100,19,0.21951293040646738,0.07990369384546944,17.377660275470713,0.9727271621900953,5904,17B564578977EA72DFC554F188EC4EFCFD2ED92133C5CBC43AE347A23B37DD16,E9F269F9D00029997EE251D5859354D05A5DF7738EF7350785DB7632AFAB2720,11,0.0,0.0,0.0,0.0,0.0,0.0,0.0,0.12258064516129032,0.0,0.0,0.0,0.0
147,25,2,102,1.0,signflip_mu0p4,sign_flip,11,random_trimmed_mean,123,1609500700,1673688556,,100,36.58803443927418,0.12420225822287678,0.08333333333333333,0.01841339155749636,70,95,100,19,0.21951293040646738,0.07990369384546944,17.377660275470713,0.9727271621900953,5904,303C7E722453FCFAA4A42C85874BEE677755CE34A472514A2ED4C95BBFC0243A,834FEBA3F8F160FE25BB4A9D2A0E7FDB47909CFEFF1D138E16C026FFDE22730B,11,0.0,0.0,0.0,0.22096069868995633,0.0,0.0,0.0,0.0,0.0,0.0,0.0,0.0
148,25,2,102,1.0,signflip_mu0p4,sign_flip,11,fedle_adapted,123,1609500700,1673688556,,100,143.86891583314875,0.056455571919489446,0.08333333333333333,0.008906443618339529,45,100,100,20,0.21469244078506594,0.07932858967161599,17.512633984869954,0.9324117996713248,5934,FAE17930027DD98C1FE14B061ED6417A384E7B841C61AF339F18267D065E2882,F009499EE4A1FA6E7BCCBEE5AA46602DBF8A093EF1D04AB129407BF9B8560225,15,0.0,0.0,0.0,0.0,0.0,0.0,0.0,0.0,0.10687732342007435,0.0,0.0,0.0
149,25,2,102,1.0,signflip_mu0p4,sign_flip,11,tea_fl,123,1609500700,1673688556,99,98,4.602107687387387,0.2768777614138439,0.2157485559375949,0.12645861584613205,45,80,100,13,0.2709827252690575,0.08240369384547172,15.93650601931819,0.7566002619425105,5462,9D7DC98E70B07FBEB237AB00F33B0EF507CEE0E06829BC489E768AC668DCC41D,44F6A44F8592D1572787643A33D16DA09ADA40462A9442B8EBAE876F7ACD582E,11,0.0,0.0,0.0,0.7050359712230215,0.0547945205479452,0.0,0.0,0.08633093525179857,0.0,0.2126642771804062,0.45867768595041325,0.0
150,25,2,102,1.0,signflip_mu0p4,sign_flip,11,arl_fl,123,1609500700,1673688556,,100,19.07306831165102,0.12420225822287678,0.08333333333333333,0.01841339155749636,55,100,100,26,0.2431166286263783,0.09765311627815842,16.716756725313207,0.8831971737690439,5631,9DBC5EAA6C969EA9C09947DECF90DFE62A5CBB9D8A4C9811608CC469A9F6876E,75373A802DA0FA4CDDA884D819A2A2C457C40B19EFB8F0CB70ABD200BB12F09D,11,0.0,0.0,0.0,0.22096069868995633,0.0,0.0,0.0,0.0,0.0,0.0,0.0,0.0
151,26,2,102,1.0,signflip_mu0p4,sign_flip,11,fedavg,456,2090734901,6174703,,100,179.067864269618,0.1134020618556701,0.08333333333333333,0.016975308641975308,90,100,100,20,0.24574700440557207,0.07480793607319838,17.30677986358465,0.9816673620143814,6104,076A8DDC750C64E285CA500D27208B65129786752B90C96F2C4475F0F934C606,8DCA70B49770D1CE246CC1FA3CAE62B7DA95A9298571186CB57A041D71A73592,11,0.0,0.0,0.0,0.0,0.0,0.0,0.2037037037037037,0.0,0.0,0.0,0.0,0.0
152,26,2,102,1.0,signflip_mu0p4,sign_flip,11,fedprox,456,2090734901,6174703,,100,179.08041506183457,0.1134020618556701,0.08333333333333333,0.016975308641975308,90,100,100,20,0.24574700440557207,0.07480793607319838,17.30677986358465,0.9816673620143814,6104,DFCA50CD4C5A48A8A782AA838367B75C53AC20C50345F98E96328C299C43E6D5,92BBEE15BB6682CFE5B85B7C821C93DD8F59CD9FD615E165B06EC881E968FEBC,11,0.0,0.0,0.0,0.0,0.0,0.0,0.2037037037037037,0.0,0.0,0.0,0.0,0.0
153,26,2,102,1.0,signflip_mu0p4,sign_flip,11,random_trimmed_mean,456,2090734901,6174703,,100,47.06137909512339,0.056455571919489446,0.08333333333333333,0.008906443618339529,90,100,100,20,0.24574700440557207,0.07480793607319838,17.30677986358465,0.9816673620143814,6104,B51FD836DD7A01F7497B118BD0215839B2D7DAB1FCDDAB638A3842FD818A3FF4,61037BCA9C5775AD0C8721E03B5657474A1C9C5E798FD0F3A924AE8E72072F3D,11,0.0,0.0,0.0,0.0,0.0,0.0,0.0,0.0,0.10687732342007435,0.0,0.0,0.0
154,26,2,102,1.0,signflip_mu0p4,sign_flip,11,fedle_adapted,456,2090734901,6174703,,100,165.96354881290367,0.1134020618556701,0.08333333333333333,0.016975308641975308,75,100,100,24,0.25636626209738217,0.07681530026673988,17.00944064821397,0.9155308362229775,5980,D38625D51B17A6065F3F0D93FBB485F1042257D75B4567B4B9B7BB1D127837B2,1D991E00A47C3EADB62899668A15AC62A44342AB75FDEEAC9B342FFC4CA00761,15,0.0,0.0,0.0,0.0,0.0,0.0,0.2037037037037037,0.0,0.0,0.0,0.0,0.0
155,26,2,102,1.0,signflip_mu0p4,sign_flip,11,tea_fl,456,2090734901,6174703,,100,1.0572891564171982,0.6475208640157094,0.6432305094121309,0.628466632540373,50,80,100,15,0.29267002408394516,0.08278613606001956,15.992935312590207,0.7650670389992923,5601,FDEB0A33CD736CC160A7B7BA94EF5A78744BEA12FFE8E0104B2BE24949913278,1F70D85789BBC641CBEA2CB07C14789A5932E3F68A653FEF2641246E573AC3C9,11,0.8181818181818182,0.11353711790393013,0.0,0.863716814159292,0.6732673267326733,0.9574468085106383,0.8,0.8621908127208481,0.631578947368421,0.6190476190476191,0.46971307120085015,0.7329192546583851
156,26,2,102,1.0,signflip_mu0p4,sign_flip,11,arl_fl,456,2090734901,6174703,,100,15.240299483286615,0.03485517918507609,0.08333333333333333,0.005613535736875396,80,100,100,25,0.28127132347355016,0.08627450702469791,16.312098929681266,0.8918120506103339,5673,25103C0609A1D567FE255D5EFCC92116375052FEC71B593472B007A7BDD586E6,F2114BB23046FC6EABB0FF6F5837038C1D489D530FB846730F9AEF17014E15B7,11,0.0,0.0,0.0,0.0,0.06736242884250475,0.0,0.0,0.0,0.0,0.0,0.0,0.0
157,27,2,102,1.0,labelflip_mu0p2,label_flip,6,fedavg,123,1609500700,1673688556,,100,1.2210005760544003,0.6450662739322534,0.6748662970945749,0.659596227283175,70,95,100,19,0.21951293040646738,0.07990369384546944,17.377660275470713,0.9727271621900953,5904,3C44517F856709D7611F832271F7F35B67D1E3F4354DB7A6C0E01E198241C822,631307FF996716C1191382FF45CDC96DFECE7C10395E19643DF9307D35B0E6EA,11,0.6859205776173285,0.41637010676156583,0.1527777777777778,0.6795048143053645,0.9640287769784173,0.9574468085106383,0.058333333333333334,0.8214285714285714,0.8095238095238095,0.6741573033707865,0.7807692307692308,0.9148936170212766
158,27,2,102,1.0,labelflip_mu0p2,label_flip,6,fedprox,123,1609500700,1673688556,,100,1.126576446380812,0.6740304369170349,0.7028163935907977,0.6830221152109637,70,95,100,19,0.21951293040646738,0.07990369384546944,17.377660275470713,0.9727271621900953,5904,E9A356791EF3613002BA7E2B7B9C69F461549BC77D2462D5F1027CA92EF6CF3F,8BFF3192023DAB897FB789F7ECAFE7E170540926ECE5F5645649A95979272518,11,0.9069069069069069,0.4641509433962264,0.08823529411764706,0.6851595006934813,0.9640287769784173,0.9574468085106383,0.09836065573770492,0.8363636363636363,0.8272727272727273,0.6959706959706959,0.7810650887573964,0.8913043478260869
159,27,2,102,1.0,labelflip_mu0p2,label_flip,6,random_trimmed_mean,123,1609500700,1673688556,,100,1.0267884596838457,0.6323024054982818,0.6409053044683567,0.6323657494092291,70,95,100,19,0.21951293040646738,0.07990369384546944,17.377660275470713,0.9727271621900953,5904,A25792574E6D9B9AC31FC8953C62272465E203B5B4A662993040B758B251BBE1,08B9796B398BD2EF4C555493EED298612A84D3580A33B8D6DB4CC312C28462D4,11,0.7317073170731707,0.41605839416058393,0.15593220338983052,0.7079136690647482,0.9710144927536232,0.9518716577540107,0.22137404580152673,0.6834733893557423,0.7564766839378239,0.676923076923077,0.7832699619771863,0.5323741007194245
160,27,2,102,1.0,labelflip_mu0p2,label_flip,6,fedle_adapted,123,1609500700,1673688556,,100,0.8020409929968881,0.7407952871870398,0.7379001665162845,0.7202676322036106,45,100,100,20,0.21469244078506594,0.07932858967161599,17.512633984869954,0.9324117996713248,5934,AB856D85C49791623DDBCD92FBF34B58A73A0CE1E1EE39FEE1F8E3DAE4BFC608,48AE962C9994C2CAE75F8726D4F4AAF95AD813A8474A12760CDCDBEC2FA89802,15,0.9198813056379822,0.010869565217391304,0.6344827586206897,0.8296041308089501,0.7928994082840237,0.9572192513368984,0.7342465753424657,0.8787878787878788,0.8666666666666667,0.4824561403508772,0.7018121911037891,0.8342857142857143
161,27,2,102,1.0,labelflip_mu0p2,label_flip,6,tea_fl,123,1609500700,1673688556,,100,0.917384518029705,0.7461953853706431,0.7599835410851795,0.7365471958077615,50,75,100,14,0.2605428180334943,0.07716617318160585,16.228823421913958,0.7471607890017932,5436,0DE68DB351148A11F2105359AB837618C653CFF0B6E597F86CC91683A0EF6E12,71F615905806058A7903D03A89E9E50C3E7EBEA868F3B8E06C9B85DAEA76CDD1,11,0.9510086455331412,0.0,0.6408450704225352,0.7288888888888889,0.9710144927536232,0.9518716577540107,0.3649122807017544,0.8530465949820788,0.8514851485148515,0.7834394904458599,0.8045540796963947,0.9375
162,27,2,102,1.0,labelflip_mu0p2,label_flip,6,arl_fl,123,1609500700,1673688556,,100,1.004850598106094,0.7133038782523319,0.7315157925640882,0.7254222525427326,80,100,100,25,0.2459892135582856,0.08016617318160363,16.6363243472198,0.8668515950069348,5574,93FC687D0D430E8D6E16CCBF825EA4A46AF5F6B3C9B4A7F3706E8DD03F201B39,D1725EBA8A321EE8C1957C4388718A0049E53FAF9ADA90FCEAB9B91434430BDC,11,0.9387755102040817,0.4036697247706422,0.5321100917431193,0.6997167138810199,0.9558823529411765,0.9498680738786279,0.15873015873015872,0.8530465949820788,0.7939698492462312,0.7132867132867133,0.774074074074074,0.9319371727748691
163,28,2,102,1.0,labelflip_mu0p2,label_flip,6,fedavg,456,2090734901,6174703,,100,1.0478607915345513,0.6872852233676976,0.7094937658434045,0.6884895102293175,90,100,100,20,0.24574700440557207,0.07480793607319838,17.30677986358465,0.9816673620143814,6104,2FF75A582567CC7504E685D871CAC897F864E3FD7D60B9489585565904987AF1,A5D7792B9F861875D2D0E3767E12E4957471A2D73EF4465095A89F9FB59E49CF,11,0.7619047619047619,0.2463768115942029,0.6336996336996337,0.71071953010279,0.9305555555555556,0.9546666666666667,0.11428571428571428,0.821917808219178,0.8940092165898618,0.5338983050847458,0.7279029462738301,0.9319371727748691
164,28,2,102,1.0,labelflip_mu0p2,label_flip,6,fedprox,456,2090734901,6174703,,100,1.0392134883383881,0.6995581737849779,0.7164707137464991,0.6792122243680896,90,100,100,20,0.24574700440557207,0.07480793607319838,17.30677986358465,0.9816673620143814,6104,05F2D90327D5655D8AAB6E219144369EB2A5FEE8CA163FE180B8247A7F005788,902705642A2A365DF419D9F46DB20B609959C03A860B1952B9A6262643429D68,11,0.9203539823008849,0.01098901098901099,0.6235489220563848,0.7055393586005831,0.8920863309352518,0.9503916449086162,0.09090909090909091,0.8013245033112583,0.8715596330275229,0.6104417670682731,0.7527675276752768,0.9206349206349206
165,28,2,102,1.0,labelflip_mu0p2,label_flip,6,random_trimmed_mean,456,2090734901,6174703,,100,0.8439097958244292,0.7201767304860088,0.7379516738679027,0.7378679205914129,90,100,100,20,0.24574700440557207,0.07480793607319838,17.30677986358465,0.9816673620143814,6104,232F94B6B15C38A4CF6A719D548600EDF802419B1E38B42F410F4A0A7E24ABF8,9747CC134F05565C412F0E537B0C44F0C2C635F5A7B6D6E4619EBB2CB2EB53CF,11,0.930635838150289,0.38064516129032255,0.5145228215767634,0.723781388478582,0.9710144927536232,0.9602122015915119,0.3381294964028777,0.8327645051194539,0.848780487804878,0.6563706563706564,0.7769230769230769,0.9206349206349206
166,28,2,102,1.0,labelflip_mu0p2,label_flip,6,fedle_adapted,456,2090734901,6174703,,100,0.6493798333549827,0.8016691212567502,0.8056947367672386,0.8061531354502995,75,100,100,24,0.25636626209738217,0.07681530026673988,17.00944064821397,0.9155308362229775,5980,3052A0C8A985C3A8612A1469A99A7BEEDA6BCCE085949F10910430D9D39289F9,8BE85F3454B9980D88C9AD3B3B25B6A849F8679E2716D5D71A89F116F12981D3,15,0.9378531073446328,0.3333333333333333,0.6578449905482041,0.8387096774193549,0.9710144927536232,0.9501312335958005,0.7419354838709677,0.88,0.8767123287671232,0.7508532423208191,0.8148148148148148,0.9206349206349206
167,28,2,102,1.0,labelflip_mu0p2,label_flip,6,tea_fl,456,2090734901,6174703,,100,1.0562441518962764,0.6843397152675503,0.6895917117929695,0.6593197923647026,50,85,100,15,0.29797869404584415,0.08743370792042487,15.844292553657036,0.764095168053181,5508,4C970EA60B9BB32B8174E74F6A2CD8E56BC62DD7A82C533674219790EB7191C7,8A8AFFDB42356F2E7D2BB69D9D644FE9F5496FE57BD062F68407211DBCE0E1F7,11,0.9418604651162791,0.4624277456647399,0.5,0.7008547008547008,0.9710144927536232,0.9399477806788512,0.1796875,0.7854785478547854,0.6394557823129252,0.7580645161290323,0.7916666666666666,0.2413793103448276
168,28,2,102,1.0,labelflip_mu0p2,label_flip,6,arl_fl,456,2090734901,6174703,,100,0.7835858621299413,0.7118311242022582,0.679100412296581,0.6638071332997133,75,100,100,25,0.2906908639446435,0.09428718663283579,16.048351796490653,0.8365838100118167,5564,BD5E2279F5ECD241D0F511CEFCA3F29323D60C7AABB64CF4D33F3998B49EAA30,642381D4A10E7958A5B8E11790219FDDA619A8AFAC5168E9EBF5D7A93DA36E6A,11,0.9540229885057471,0.45,0.22377622377622378,0.8868613138686131,0.9051094890510949,0.7233201581027668,0.8472906403940886,0.8612099644128114,0.6390532544378699,0.7046979865771812,0.7703435804701627,0.0
169,29,2,102,1.0,labelflip_mu0p4,label_flip,11,fedavg,123,1609500700,1673688556,,100,1.1474888605643092,0.5954835542464408,0.5858543207067436,0.5608670197519569,70,95,100,19,0.21951293040646738,0.07990369384546944,17.377660275470713,0.9727271621900953,5904,B643CAF6F57649E8179B58786E34C427DA279DF555ED4F4738A79FE10E891DED,B11B7B3E3D2697F29E9312EAC6E020212380D7D2582009AEF0996436AED98AAC,11,0.0,0.13008130081300814,0.6385135135135135,0.6711772665764547,0.6346153846153846,0.8746928746928747,0.06639004149377593,0.7909090909090909,0.7407407407407407,0.625,0.7653846153846153,0.7928994082840237
170,29,2,102,1.0,labelflip_mu0p4,label_flip,11,fedprox,123,1609500700,1673688556,,100,1.1628513301068448,0.5930289641629848,0.5648920967085046,0.5305275274478324,70,95,100,19,0.21951293040646738,0.07990369384546944,17.377660275470713,0.9727271621900953,5904,19A83A97C0FD7DADBB8B518A44F68D2915BA3BECFF01C07C5FCF5F14ED911399,364BE82F66F6B279878557B106EEFECBF0BF5FC39B8044DC0DC7AACF271CD021,11,0.0,0.17754569190600522,0.6539792387543253,0.6803840877914952,0.225,0.8314087759815243,0.09795918367346938,0.8177777777777778,0.7401574803149606,0.647887323943662,0.7692307692307693,0.725
171,29,2,102,1.0,labelflip_mu0p4,label_flip,11,random_trimmed_mean,123,1609500700,1673688556,,100,1.3821576690346105,0.5272459499263623,0.4897601951425535,0.4570487824282074,70,95,100,19,0.21951293040646738,0.07990369384546944,17.377660275470713,0.9727271621900953,5904,870C776F89FAC19B8CBD7107BBE9861674B9F0AAFE8F6AA042CD43074DC07661,74413D8DE6E69B568270498F1CB8575A5AAC160532B8EC4BDCE50750200F767F,11,0.0,0.3790446841294299,0.37572254335260113,0.6841379310344827,0.0,0.7670588235294118,0.09053497942386832,0.848,0.7475728155339806,0.45136186770428016,0.7103825136612022,0.4307692307692308
172,29,2,102,1.0,labelflip_mu0p4,label_flip,11,fedle_adapted,123,1609500700,1673688556,,100,1.4170032229912766,0.45459008345606283,0.41480244840367675,0.37002108238699966,45,100,100,20,0.21469244078506594,0.07932858967161599,17.512633984869954,0.9324117996713248,5934,D30592EB02AF6594681C286AB0954F468DFE7ECC2FC86544AD98F7790F65AABF,C65965FBF1912CB6E66515C783538A119F93A1B03B70CD58BFBBBC97EFE19F93,15,0.0,0.0,0.06228373702422145,0.7522935779816514,0.4732824427480916,0.861244019138756,0.37630662020905925,0.757679180887372,0.4090909090909091,0.26217228464419473,0.48590021691973967,0.0
173,29,2,102,1.0,labelflip_mu0p4,label_flip,11,tea_fl,123,1609500700,1673688556,,100,1.3034345909375213,0.65586647029946,0.6382865308564173,0.6150893851318175,45,80,100,15,0.2757564931209736,0.0786531162781604,15.802840519464539,0.7328826105278587,5398,DAA6811B0B5D32CC165C1AD28898E9F19190DA57936DD5BD8D70B82EC6A3949C,63E07446BF28CD0D8621E647B6CD922849F1B7111FA03422962A3EA071128623,11,0.8780487804878049,0.2967741935483871,0.5248508946322068,0.7237237237237237,0.9305555555555556,0.9226519337016574,0.3381294964028777,0.5910165484633569,0.588957055214724,0.757679180887372,0.8286852589641435,0.0
174,29,2,102,1.0,labelflip_mu0p4,label_flip,11,arl_fl,123,1609500700,1673688556,,100,0.8802025709657851,0.7201767304860088,0.7003991166268472,0.6876859734488487,95,100,100,25,0.24930852394895012,0.09019907656540671,16.543383656281193,0.8569714628502871,5508,A640F63CC30606A3B17F8B28584F374B7445C5D58D6269FB5BFA93FEE5BD1ADF,000A38CADF06B00AB1B884570C493D6338A4EA974045D3C3AC4CFAA9810161E1,11,0.9235294117647059,0.0,0.626465661641541,0.8285229202037352,0.8992248062015504,0.9136490250696379,0.707774798927614,0.7911111111111111,0.6521739130434783,0.6470588235294118,0.7591240875912408,0.5035971223021583
175,30,2,102,1.0,labelflip_mu0p4,label_flip,11,fedavg,456,2090734901,6174703,,100,1.469225296976523,0.4884634266077565,0.4633205131218454,0.4069796482763978,90,100,100,20,0.24574700440557207,0.07480793607319838,17.30677986358465,0.9816673620143814,6104,5962ECB9F5D2BE69180F51ED415DA65EA0EBB9B6A82F69AE482FB8BEA23A1FA6,2ED4AA37FAC08F4276F070367E0CEA9FB21C27CC970AABB0073E4D30909AEF36,11,0.7317073170731707,0.0,0.6382252559726962,0.7704918032786885,0.5527638190954773,0.017699115044247787,0.19827586206896552,0.6363636363636364,0.37748344370860926,0.2755905511811024,0.6851549755301795,0.0
176,30,2,102,1.0,labelflip_mu0p4,label_flip,11,fedprox,456,2090734901,6174703,,100,1.4628370756253226,0.4742268041237113,0.4439564488749977,0.38962461586810443,90,100,100,20,0.24574700440557207,0.07480793607319838,17.30677986358465,0.9816673620143814,6104,74AEB411088443BC362C18FB6DEF82CE0D4080750754BFE6DF88311B8D420E5D,14C37E648824BE384293DDD756C1B1A0F167FE108A28F090A4496293F5A961AD,11,0.7092198581560284,0.0,0.6296296296296297,0.7899159663865546,0.423963133640553,0.016877637130801686,0.175054704595186,0.6262626262626263,0.38127090301003347,0.24793388429752067,0.6753670473083198,0.0
177,30,2,102,1.0,labelflip_mu0p4,label_flip,11,random_trimmed_mean,456,2090734901,6174703,,100,1.1950146665044081,0.6057928325969563,0.5806383945858739,0.5466070979978604,90,100,100,20,0.24574700440557207,0.07480793607319838,17.30677986358465,0.9816673620143814,6104,5250EF76BD1E8EA23CA3B0C8AD60E9A57788704827FA311240FAF991BD32BC2C,A7A868F11D4ABD05CFB120788200D82F91BDDBC47B337395B50292254F4FD499,11,0.9387755102040817,0.0,0.62,0.7340590979782271,0.7027027027027027,0.504950495049505,0.3422982885085575,0.8290598290598291,0.8240740740740741,0.36771300448430494,0.6956521739130435,0.0
178,30,2,102,1.0,labelflip_mu0p4,label_flip,11,fedle_adapted,456,2090734901,6174703,,100,2.4241720762800574,0.24889543446244478,0.26286826287991366,0.19481936845621853,75,100,100,24,0.25636626209738217,0.07681530026673988,17.00944064821397,0.9155308362229775,5980,49E4D6ACF93CF0AF8A26DE9C98E6E94AD40CEA10865E9C738911DE09546B8415,29BA557BEE747A640DC3999D863B2FF730ADBC33AA210C1D5755E8D399D658A6,15,0.0,0.0,0.5992217898832685,0.006389776357827476,0.019704433497536946,0.0,0.0,0.6312292358803987,0.42677824267782427,0.12429378531073447,0.4883303411131059,0.041884816753926704
179,30,2,102,1.0,labelflip_mu0p4,label_flip,11,tea_fl,456,2090734901,6174703,,100,1.0662168324081467,0.6357388316151202,0.6267029615321378,0.5859988704203843,45,85,100,14,0.2898468392757124,0.0823684290799844,16.071984487220725,0.7613971637955649,5629,66BA430A9B832EBADFB7DBB2CAF6C4EAB1FF935AC788A25EB68957957FBEA04F,01C9AFB12B7EDD883898EF74093ABF6AA9164458CB98CE808E936FC19955740D,11,0.8834355828220859,0.0,0.6056782334384858,0.8416833667334669,0.9558823529411765,0.7463917525773196,0.31654676258992803,0.7602739726027398,0.43304843304843305,0.6153846153846154,0.7345309381237525,0.1391304347826087
180,30,2,102,1.0,labelflip_mu0p4,label_flip,11,arl_fl,456,2090734901,6174703,,100,1.667995722082004,0.4054982817869416,0.3426388692437381,0.28303289102562623,90,100,100,26,0.29227073429832096,0.09578718663283585,16.00411542658769,0.8590973035083386,5532,952424AFD421004F99536740EA8F5DB0D3EAABD68C7B5CA1035C5F2D38CC82CA,CD316077E852A48A2CEE0A46CE93531EA53CE5881731EE60726C86FBA89E2ED3,11,0.0,0.005865102639296188,0.6548672566371682,0.7048710601719198,0.0,0.04149377593360996,0.11162790697674418,0.6368159203980099,0.2620689655172414,0.28313253012048195,0.6956521739130435,0.0
181,31,2,102,0.1,clean,none,0,fedavg,123,1609500700,1673688556,,100,0.9077009624807519,0.6907216494845361,0.6889387492828413,0.653157340369228,55,90,100,16,0.20936227821809755,0.06876389072345093,17.661878536745068,0.9542895314438401,5754,B36BBC41175573EF82C0974BE89D8B43B3900D238106EEC5E1AD310D4FE1FC25,7296CD2EB31B9ED47D7ECC0B4004DF7C9BE673DA126BB6841CA2C70B5B7E23FC,11,0.0,0.0,0.4967148488830486,0.924901185770751,0.9710144927536232,0.9351351351351351,0.8817204301075269,0.6633165829145728,0.7619047619047619,0.6153846153846154,0.7412844036697248,0.8465116279069768
182,31,2,102,0.1,clean,none,0,fedprox,123,1609500700,1673688556,,100,0.8894953845790279,0.7270495827196858,0.7234794396766494,0.7069358133914445,55,90,100,16,0.20936227821809755,0.06876389072345093,17.661878536745068,0.9542895314438401,5754,2E6DAC4E071FDE558A4A18A661DC11F1C61283D83A544982A98293D284E06AA7,7BF3DBB81D98EA047073D2213AEA046303018CF430F644D4905A21998BB1B351,11,0.6,0.0,0.5529411764705883,0.8981132075471698,0.9640287769784173,0.9574468085106383,0.8466819221967964,0.649746192893401,0.7453874538745388,0.6515151515151515,0.7588785046728972,0.8584905660377359
183,31,2,102,0.1,clean,none,0,random_trimmed_mean,123,1609500700,1673688556,,100,1.2494867388149893,0.570446735395189,0.5015560192192731,0.43662238736426434,55,90,100,16,0.20936227821809755,0.06876389072345093,17.661878536745068,0.9542895314438401,5754,951924244B62C58285F18305B5D91C0886511C80EEA6BD99467CBCA58C5D79D0,97BCBDB3454C8BAFD01095E754E8795520F8A95B811B68EE81A1F24E7CA47E83,11,0.0,0.0,0.5192582025677603,0.8998109640831758,0.0,0.5481481481481482,0.6607142857142857,0.660377358490566,0.49038461538461536,0.6813186813186813,0.7409948542024014,0.038461538461538464
184,31,2,102,0.1,clean,none,0,fedle_adapted,123,1609500700,1673688556,,100,1.2194843512644766,0.6219931271477663,0.6042155118920095,0.5422994568583056,55,100,100,16,0.1926863462402891,0.060763890723451314,18.128804632123703,0.9522222486728402,5902,5564B4550304D50F435A432FADF227F1F3E5A7CCB1DDEA05A71D10B9139D18FD,DA7985D88625B801DBB2B5B41FEDFE11E19EBB6102EDF8260EE78E44A36CE80A,15,0.9385474860335196,0.5208333333333334,0.0,0.6997167138810199,0.9710144927536232,0.9253731343283582,0.15384615384615385,0.6170212765957447,0.06722689075630252,0.7342657342657343,0.7862903225806451,0.09345794392523364
185,31,2,102,0.1,clean,none,0,tea_fl,123,1609500700,1673688556,,100,1.3341326463526817,0.5297005400098184,0.5135943014002587,0.4363761423979284,65,85,100,17,0.2904844446764607,0.07879436573743842,15.3904578759109,0.6917184014387743,4780,D6C032760D71CEE31657AE4B6A5443D41694C60AD79FCC5AEE1DF6B6722E49E4,06235AA889B0B5C48DD76DB6371D5502CFC49304C651D0F0CA6FB9B7BB6C2D15,11,0.0,0.38028169014084506,0.0,0.7330316742081447,0.50187265917603,0.9521276595744681,0.3838383838383838,0.40718562874251496,0.46545454545454545,0.6715867158671587,0.7411347517730497,0.0
186,31,2,102,0.1,clean,none,0,arl_fl,123,1609500700,1673688556,,100,1.2533457458867825,0.5365733922434953,0.471361003065446,0.42369138532904743,90,100,100,26,0.23384434549491506,0.08169950730648398,16.976380652994177,0.8957262660530941,5426,AF5C9F68F0A94F28761CCC12CD5328A547C3CAD029D2E680D252440E5724119C,6E08884F3C77F6EB97395BAD8534E6D6DE054842F06060F7E6BFA1FB9B70B90F,11,0.08421052631578947,0.0,0.44495412844036697,0.8255613126079447,0.38636363636363635,0.9521276595744681,0.7306666666666667,0.4575645756457565,0.01694915254237288,0.6083333333333333,0.5775656324582339,0.0
187,32,2,102,0.1,clean,none,0,fedavg,456,2090734901,6174703,,100,1.5208446996969573,0.5679921453117329,0.554541920588381,0.5000275140971038,55,95,100,18,0.24180246255434495,0.06592552292017231,17.41722703541901,0.9642736608649535,5812,29AD605966D3E72D0CA232E372711C867A9B3F7805440DAA99BFEA23E94C6991,D3E602982297541C2E14815893CD21F7DEED4010B7A224498C1F5899F8392E5B,11,0.9005847953216374,0.0,0.5139072847682119,0.6851595006934813,0.58,0.927461139896373,0.041666666666666664,0.13986013986013987,0.49767441860465117,0.2222222222222222,0.631578947368421,0.8602150537634409
188,32,2,102,0.1,clean,none,0,fedprox,456,2090734901,6174703,,100,1.2599751999419755,0.6401570937653411,0.663549628364586,0.6269929042761274,55,95,100,18,0.24180246255434495,0.06592552292017231,17.41722703541901,0.9642736608649535,5812,5FE5A6BE747F2DDD7C51B001C5AF1B6AD65E2FC138CC699F0B5B51BAFD8C6030,DA0F554C95E534FB3CFC9FBC793DF92A79B3E2EE459DF2BDEC98E377F0D653E4,11,0.9455587392550143,0.0,0.529331514324693,0.6940509915014165,0.9710144927536232,0.8921568627450981,0.13688212927756654,0.6761904761904762,0.7016393442622951,0.43478260869565216,0.6256410256410256,0.9166666666666666
189,32,2,102,0.1,clean,none,0,random_trimmed_mean,456,2090734901,6174703,,100,1.614697962977398,0.5262641138929799,0.5273817417030682,0.469991918599104,55,95,100,18,0.24180246255434495,0.06592552292017231,17.41722703541901,0.9642736608649535,5812,2BA23545785A660536B3C192E7BBBBD77BC4E35D7ECBF7213F5A2DF4F936B3BF,A089CB26CA5394FC7500045A41241EDFC0F0E30AAC01BA3EA890B05AA6E66172,11,0.0,0.0,0.4229934924078091,0.6961483594864479,0.950354609929078,0.8480725623582767,0.15849056603773584,0.6204986149584487,0.7979274611398963,0.540084388185654,0.5859154929577465,0.019417475728155338
190,32,2,102,0.1,clean,none,0,fedle_adapted,456,2090734901,6174703,,100,1.0906134084430348,0.6509572901325479,0.6701594721677772,0.6414721876178608,55,100,100,20,0.23637832181731153,0.06670901500707352,17.569102976055945,0.9389230552556218,5857,EAFE825348676DBF2CE136E3830BE9B948EEF3859B07EA5A2627D68DA200F438,F44A4BDE385A3015A6DEA9CCF8FAA98101C024FFC0ADC8024443327425491A1F,15,0.3148148148148148,0.0,0.5163934426229508,0.7136563876651982,0.9710144927536232,0.9230769230769231,0.27956989247311825,0.7878787878787878,0.8387096774193549,0.6933333333333334,0.7862903225806451,0.8729281767955801
191,32,2,102,0.1,clean,none,0,tea_fl,456,2090734901,6174703,,100,1.5819889610165994,0.4722631320569465,0.4517526487930365,0.35038239097139895,60,100,100,20,0.3443100647869651,0.08511893635065909,14.547014172905651,0.6570410157854104,4667,01AA335025F8E557F510711440D96425C910FA5E61E0779501BF732D641FD0C2,609813727722FC9AF19FE47999C2F6F17BE8600B9E222E208F5E1E9A8C758CC2,11,0.0,0.3785310734463277,0.0,0.8368794326241135,0.2918454935622318,0.0,0.7538461538461538,0.8549019607843137,0.0,0.39322033898305087,0.695364238410596,0.0
192,32,2,102,0.1,clean,none,0,arl_fl,456,2090734901,6174703,,100,1.2661492365303142,0.5743740795287187,0.563621724082495,0.5029474478740202,80,100,100,25,0.27350546134149073,0.05954943903448598,16.52954306937893,0.8849068082517559,5405,F7E041420DE2ECD8A9FF5F8B1BAC2181B3A2C8A1384C974DB53786347917ABA4,4A4D4502B6BA46FF1F10B1F7D5DF7B1F026106ACBA4C37ACCFC798A8D56E1DDE,11,0.0,0.39058171745152354,0.0,0.7445482866043613,0.9640287769784173,0.9493333333333334,0.4169014084507042,0.581151832460733,0.4027777777777778,0.7736842105263158,0.8123620309050773,0.0
193,33,2,102,0.1,signflip_mu0p2,sign_flip,6,fedavg,123,1609500700,1673688556,,100,11.900026489018106,0.15316642120765833,0.1561186974789916,0.04197301410104882,55,90,100,16,0.20936227821809755,0.06876389072345093,17.661878536745068,0.9542895314438401,5754,11A248E3BE88BFFBCC3C895CBEC69AE0BD9376635A8DF91CF022A3B5E5CDDC00,79170080C8EEEB8A862C113011803A20B2631CF904DC5525BAE54104130CFBB4,11,0.0,0.0,0.0,0.0,0.0,0.0,0.0,0.0,0.0,0.0,0.314002828854314,0.18967334035827185
194,33,2,102,0.1,signflip_mu0p2,sign_flip,6,fedprox,123,1609500700,1673688556,,100,12.304634301991339,0.15365733922434954,0.15604575163398693,0.04199802027340275,55,90,100,16,0.20936227821809755,0.06876389072345093,17.661878536745068,0.9542895314438401,5754,46820E3DC3602E240001500A9E611FE5F3C56232BB21DA4BD89E7BCA8D1393F8,6C4D842EADD36A5D827545E6C593DC6E35FA77335715807FA1D6DA9043332A25,11,0.0,0.0,0.0,0.0,0.0,0.0,0.0,0.0,0.0,0.0,0.31154381084840055,0.19243243243243244
195,33,2,102,0.1,signflip_mu0p2,sign_flip,6,random_trimmed_mean,123,1609500700,1673688556,,100,4.082989943747317,0.32056946489936183,0.28668071059375405,0.1805636877259034,55,90,100,16,0.20936227821809755,0.06876389072345093,17.661878536745068,0.9542895314438401,5754,B481952DFB0746F83830A470DE3ACE3FB45ECA5F5FB36D1CCF87581E1674B743,61FEDD8321CFE72B01C336213637049D6602B20297AD02E7B61F39354DC6F004,11,0.2848101265822785,0.0,0.0,0.73,0.0,0.0,0.7886323268206039,0.0,0.3633217993079585,0.0,0.0,0.0
196,33,2,102,0.1,signflip_mu0p2,sign_flip,6,fedle_adapted,123,1609500700,1673688556,,100,8.884403407368874,0.1134020618556701,0.08333333333333333,0.016975308641975308,55,100,100,16,0.1926863462402891,0.060763890723451314,18.128804632123703,0.9522222486728402,5902,A24CB69BA9E3D4559096133A18790F7A3E80F119FA83E50A3AF139393512EF88,FCE9961E7BCCB92EBFCA2843E8F903D3ACBAE415C1F0E474182B1C56D5D3D583,15,0.0,0.0,0.0,0.0,0.0,0.0,0.2037037037037037,0.0,0.0,0.0,0.0,0.0
197,33,2,102,0.1,signflip_mu0p2,sign_flip,6,tea_fl,123,1609500700,1673688556,,100,1.83864573756883,0.5041728031418753,0.4561264210312703,0.37959127657412295,65,80,100,15,0.26073369230872845,0.07346878635601847,16.2234789422074,0.7307270734380709,5143,6880C9D0B1827A53D95D26381DBF40471650B6ACA6C5C85DBE193E7F9147208C,D3770D1DDE26FEFAA9E77285FE635C6F4FFB31989E772C712F910CC72A4C6324,11,0.3148148148148148,0.0,0.19477434679334918,0.6910112359550562,0.0,0.6074313408723748,0.1214574898785425,0.5964912280701754,0.4896265560165975,0.742671009771987,0.7402135231316725,0.05660377358490566
198,33,2,102,0.1,signflip_mu0p2,sign_flip,6,arl_fl,123,1609500700,1673688556,,100,1.9316313875968045,0.5606283750613648,0.49176177123474035,0.4244830712692719,70,100,100,22,0.23142029227827451,0.07085278718918689,17.04425414306011,0.896499170738267,5480,207437CA752D0809457A6836F05E4D80A0B73DC5803AE1B2D621C8A1D0CC2906,86635AF472027C582381822BB5D7BE11AAC12CAA75095B52953F73CB6DF5A404,11,0.8231511254019293,0.0,0.6228373702422145,0.6786206896551724,0.0,0.8571428571428571,0.0411522633744856,0.46680080482897385,0.3333333333333333,0.5498281786941581,0.7209302325581395,0.0
199,34,2,102,0.1,signflip_mu0p2,sign_flip,6,fedavg,456,2090734901,6174703,,100,19.358323924495828,0.12420225822287678,0.08333333333333333,0.01841339155749636,55,95,100,18,0.24180246255434495,0.06592552292017231,17.41722703541901,0.9642736608649535,5812,F82AEC845520D02D817BFF72E4D32A37089530D0E14F0DF3EA2E216ACEA5B162,4B628CBC133A76CAC96FAE6867E70B8666456A4BA67F872825933BE36D00D92A,11,0.0,0.0,0.0,0.22096069868995633,0.0,0.0,0.0,0.0,0.0,0.0,0.0,0.0
200,34,2,102,0.1,signflip_mu0p2,sign_flip,6,fedprox,456,2090734901,6174703,,100,17.657840726887063,0.1134020618556701,0.08333333333333333,0.016975308641975308,55,95,100,18,0.24180246255434495,0.06592552292017231,17.41722703541901,0.9642736608649535,5812,3107BF0B0C44F4578F62C1405E4EE31ADC5682F30DEA45C870646E324987BE33,3267FB8F823ADE641A633A19140937B73393DD50771EFF082E297E51EE7784AB,11,0.0,0.0,0.0,0.0,0.0,0.0,0.2037037037037037,0.0,0.0,0.0,0.0,0.0
201,34,2,102,0.1,signflip_mu0p2,sign_flip,6,random_trimmed_mean,456,2090734901,6174703,,100,3.1698734684242416,0.41973490427098675,0.34903581520592625,0.2602924377808102,55,95,100,18,0.24180246255434495,0.06592552292017231,17.41722703541901,0.9642736608649535,5812,2C5B5FA51B900EB60D32AA0BA222A5ED834A44DDAB3F9EAA4455DE1A927B21E2,39F48B25FF9296E0DEB2DD4CAE4A40FB918A7FA69F374FDDBA470B24119F2C2D,11,0.0,0.40053404539385845,0.0,0.6457516339869281,0.0,0.7079303675048356,0.0056657223796034,0.3645320197044335,0.0,0.3070539419087137,0.6920415224913494,0.0
202,34,2,102,0.1,signflip_mu0p2,sign_flip,6,fedle_adapted,456,2090734901,6174703,,100,14.761499362771396,0.1948944526264114,0.16316564176029494,0.06239609895431813,55,100,100,20,0.23637832181731153,0.06670901500707352,17.569102976055945,0.9389230552556218,5857,3B200839671925DCC1E2CD8E4FCEFC13A66E295F832CB567EA8897706536A63A,8698DEDC840C21C59523C42EDA57CFDDDF94C95D71985E3766130D9DE8F77104,15,0.0,0.32093933463796476,0.0,0.0,0.0,0.0,0.38614718614718613,0.0,0.0,0.0,0.041666666666666664,0.0
203,34,2,102,0.1,signflip_mu0p2,sign_flip,6,tea_fl,456,2090734901,6174703,,100,1.6892271660593836,0.44477172312223856,0.38960665190284754,0.2636354331159053,70,95,100,19,0.32361775173462165,0.08760237202085086,15.126398938371267,0.6847146023947893,4928,9B010E17C151328254E44642645A740109643B8257C304DFF71934FA51EF1FA8,3FBCEFF699B5A191E002A22FC7766C496F93C5DBF4F8756D4B9843C70F2DE1F2,11,0.4444444444444444,0.0,0.037914691943127965,0.6740947075208914,0.0,0.8258928571428571,0.03404255319148936,0.0,0.41325536062378165,0.0,0.7339805825242719,0.0
204,34,2,102,0.1,signflip_mu0p2,sign_flip,6,arl_fl,456,2090734901,6174703,,100,2.9650579754502737,0.36917034855179187,0.3186228079528102,0.22141012292292206,60,100,100,22,0.2759439433246852,0.06054943903448609,16.461265573849488,0.8572928833974517,5410,9D2B2E47FCC4E6A3A07EA5117618FD995863BD034FBB92B5E842F1F11F01990C,42A476323DE7483710BA15B4B036509F09AE885856BB76726CF19E794680892B,11,0.0,0.3601190476190476,0.0,0.6861111111111111,0.0,0.0,0.020151133501259445,0.2897196261682243,0.0,0.5121495327102804,0.7886710239651417,0.0
205,35,2,102,0.1,signflip_mu0p4,sign_flip,11,fedavg,123,1609500700,1673688556,,100,49.384478672497636,0.12420225822287678,0.08333333333333333,0.01841339155749636,55,90,100,16,0.20936227821809755,0.06876389072345093,17.661878536745068,0.9542895314438401,5754,148BEA25F9389F3ADF41EA8DA00E25D210A1A1788C0D92D9087803C0ED8725C3,40FEA20A275B4062FFDB9EE308E0F34CD47B26B8CFBA5026F63E96B7D6DF5ACD,11,0.0,0.0,0.0,0.22096069868995633,0.0,0.0,0.0,0.0,0.0,0.0,0.0,0.0
206,35,2,102,0.1,signflip_mu0p4,sign_flip,11,fedprox,123,1609500700,1673688556,,100,56.753419669164884,0.056455571919489446,0.08333333333333333,0.008906443618339529,55,90,100,16,0.20936227821809755,0.06876389072345093,17.661878536745068,0.9542895314438401,5754,5F88C1CAA833DD1FB017FADE9F2FD4F3D3B4662A71067F15C7887CF23B2AC073,DAA5FFB61AE2B9D7C14D3DD3F02CB23FD1CF9E13DB420A21BE7A300161568886,11,0.0,0.0,0.0,0.0,0.0,0.0,0.0,0.0,0.10687732342007435,0.0,0.0,0.0
207,35,2,102,0.1,signflip_mu0p4,sign_flip,11,random_trimmed_mean,123,1609500700,1673688556,,100,27.003485123901665,0.08934707903780069,0.08333333333333333,0.013669821240799159,55,90,100,16,0.20936227821809755,0.06876389072345093,17.661878536745068,0.9542895314438401,5754,8D0BE567E92FA91AF6C28F8BF6B1ABD06ADE7653C7CCB326A44E0F645C210991,59CEC696A48C5BFC4719B4F361DE840879AC09FCD612CC83BAB93606F36483A3,11,0.1640378548895899,0.0,0.0,0.0,0.0,0.0,0.0,0.0,0.0,0.0,0.0,0.0
208,35,2,102,0.1,signflip_mu0p4,sign_flip,11,fedle_adapted,123,1609500700,1673688556,,100,51.33496991711382,0.10996563573883161,0.08333333333333333,0.01651186790505676,55,100,100,16,0.1926863462402891,0.060763890723451314,18.128804632123703,0.9522222486728402,5902,7E53A6089F4214988CC12113ED786FAED73C7E786011A6EF7111C1F78B975273,934DD0197595ABFB2DBD896645E73C172BF74855EE369EA3DC64A763A0CE760F,15,0.0,0.0,0.0,0.0,0.0,0.0,0.0,0.0,0.0,0.0,0.19814241486068113,0.0
209,35,2,102,0.1,signflip_mu0p4,sign_flip,11,tea_fl,123,1609500700,1673688556,98,97,3.607926250597719,0.43053510063819345,0.4196695525530593,0.3119548572708277,55,80,100,13,0.2713845510829347,0.07485278718918822,15.925254896529628,0.7381851346978003,5203,0B3839BFB42283D7ECA0E9EA06D1039F245005E5F037B31F1E6289E585895ACA,6D8298608D4B911C299173DB19E71599F6FFABE889BBF5C95AE51A794FB196B0,11,0.9325513196480938,0.0,0.0,0.6693877551020408,0.6767676767676768,0.0,0.0,0.28125,0.24242424242424243,0.48911222780569513,0.4519650655021834,0.0
210,35,2,102,0.1,signflip_mu0p4,sign_flip,11,arl_fl,123,1609500700,1673688556,,100,18.709208796992275,0.08934707903780069,0.08333333333333333,0.013669821240799159,65,100,100,20,0.23461498186057309,0.07290941757759986,16.954802834755753,0.8698204907962119,5523,6BCF9AA6AB7D5DB63A4FB38EA4E94D3053567A4D02F8E970658D1B69E760572F,3E57CCDC517EFE097561F6B93493C608E4AD26C352A28825B41464F14C3650D6,11,0.1640378548895899,0.0,0.0,0.0,0.0,0.0,0.0,0.0,0.0,0.0,0.0,0.0
211,36,2,102,0.1,signflip_mu0p4,sign_flip,11,fedavg,456,2090734901,6174703,,100,281.5376507436521,0.08492881688757978,0.08333333333333333,0.013046757164404224,55,95,100,18,0.24180246255434495,0.06592552292017231,17.41722703541901,0.9642736608649535,5812,B524F6B1EB2E16CFE211F6C731FE288F2A22E5CD1189AF3F0C25FC3BE699649E,43BD7B1D9411131354E7F109F32BAD8C59C47C52D385BA685656DADC0631DEE4,11,0.0,0.15656108597285068,0.0,0.0,0.0,0.0,0.0,0.0,0.0,0.0,0.0,0.0
212,36,2,102,0.1,signflip_mu0p4,sign_flip,11,fedprox,456,2090734901,6174703,,100,264.4301987630688,0.1134020618556701,0.08333333333333333,0.016975308641975308,55,95,100,18,0.24180246255434495,0.06592552292017231,17.41722703541901,0.9642736608649535,5812,4757C070564E1B7F96664C95F4E48B7B4068837EF0846346CC63DD18B9D1BD6C,994DF112FB948BE4A829D54D5F6DF0750EC6FA45FCBAE03595EA3A4B20B9832B,11,0.0,0.0,0.0,0.0,0.0,0.0,0.2037037037037037,0.0,0.0,0.0,0.0,0.0
213,36,2,102,0.1,signflip_mu0p4,sign_flip,11,random_trimmed_mean,456,2090734901,6174703,,100,45.88029130533974,0.1134020618556701,0.08333333333333333,0.016975308641975308,55,95,100,18,0.24180246255434495,0.06592552292017231,17.41722703541901,0.9642736608649535,5812,EB030CEE314C4A232ADC4A7AC58B81D5F92D21628C83FF8D15C48A4B03F05CA9,7A94AFB4DDD9A29FD5F500489D182834DAB3F831C99309DE4ECE2709A67ABEBC,11,0.0,0.0,0.0,0.0,0.0,0.0,0.2037037037037037,0.0,0.0,0.0,0.0,0.0
214,36,2,102,0.1,signflip_mu0p4,sign_flip,11,fedle_adapted,456,2090734901,6174703,,100,241.73548179780028,0.07854688267059401,0.08333333333333333,0.012137763617053557,55,100,100,20,0.23637832181731153,0.06670901500707352,17.569102976055945,0.9389230552556218,5857,87CCCF90AA59134F44EB8DDA285C1C2F7BDEB07E1F51BE23C001C719F9B3E6AD,1B5A2FA4466A1900E81D8E9DB9F19AC5B9F2ABA68C5E06828D21BBB60B817F89,15,0.0,0.0,0.0,0.0,0.0,0.0,0.0,0.0,0.0,0.14565316340464268,0.0,0.0
215,36,2,102,0.1,signflip_mu0p4,sign_flip,11,tea_fl,456,2090734901,6174703,,100,1.423690642044131,0.5385370643102602,0.5478050051872323,0.4750108068531466,60,85,100,17,0.3254402178087254,0.0830299611420442,15.07536988829636,0.6763268687756793,4828,FBA9277B1E8C947639EA76281E9EE69144FFEA0FF8CEE51CBDF32F4F7405F7C2,F2F949BBC717ACA1A80845E4BD24E135F8991C1F69F3DDE0B049D24082B32272,11,0.0,0.3770739064856712,0.05511811023622047,0.7044410413476263,0.9710144927536232,0.8433179723502304,0.3411371237458194,0.6894586894586895,0.0,0.1694915254237288,0.6988352745424293,0.8502415458937198
216,36,2,102,0.1,signflip_mu0p4,sign_flip,11,arl_fl,456,2090734901,6174703,,100,15.365709382058595,0.1134020618556701,0.08333333333333333,0.016975308641975308,75,100,100,24,0.2774619387294123,0.06154943903448598,16.418761702517127,0.8547921786515653,5364,A9EB96AEA2B19215A4C6CA9D879BD85C818DB1CB0E398F8FCDD4CC37F7289ECD,C667394E01EA44F9282966E93618556193B878518F67AFFAD373CF658EE691A7,11,0.0,0.0,0.0,0.0,0.0,0.0,0.2037037037037037,0.0,0.0,0.0,0.0,0.0
217,37,2,102,0.1,labelflip_mu0p2,label_flip,6,fedavg,123,1609500700,1673688556,,100,1.2943314148271323,0.6038291605301914,0.5590148962329312,0.4931775309726532,55,90,100,16,0.20936227821809755,0.06876389072345093,17.661878536745068,0.9542895314438401,5754,702DC626D4A96C4EFD8A4BA9057DC68A0656EC8140AEDB086B6ED1C53C7E5871,89D1AA026CDD3A2F72B0E5A0D9EB994144A322DD01BC856E8A79D8E162144F3F,11,0.0,0.0,0.5020242914979757,0.8698884758364313,0.32941176470588235,0.9498680738786279,0.7981438515081206,0.14864864864864866,0.6139817629179332,0.3163265306122449,0.6839546191247974,0.7058823529411765
218,37,2,102,0.1,labelflip_mu0p2,label_flip,6,fedprox,123,1609500700,1673688556,,100,1.3647109248735299,0.5984290623465881,0.590306602004807,0.5284299944246423,55,90,100,16,0.20936227821809755,0.06876389072345093,17.661878536745068,0.9542895314438401,5754,743A3B1884F51DDB66DC2CB0FC48E56EB70F7B4AFCC607F5EA47D515C101E9A3,6C538F2EE8F4F21BF6E58B995E20AB687AED9FD326FF3E67951281CAFD45956D,11,0.0,0.0,0.5040650406504065,0.7946577629382304,0.9076923076923077,0.9583333333333334,0.6117021276595744,0.32098765432098764,0.7560975609756098,0.13559322033898305,0.672926447574335,0.6791044776119403
219,37,2,102,0.1,labelflip_mu0p2,label_flip,6,random_trimmed_mean,123,1609500700,1673688556,,100,1.5571291869214545,0.5709376534118802,0.4924259954544565,0.4230077871694627,55,90,100,16,0.20936227821809755,0.06876389072345093,17.661878536745068,0.9542895314438401,5754,A9D0E00C30A6E33158A8FFD1D19112937486C7A8FEBB27AD1E5E7B72E3A5735C,C88727DC7DA5A7479865B915015A17C786C49B48F4CC8F5B4613740414D1F2A6,11,0.0,0.0,0.49732620320855614,0.9090909090909091,0.0,0.9166666666666666,0.9094827586206896,0.5925925925925926,0.46325167037861914,0.1702127659574468,0.6174698795180723,0.0
220,37,2,102,0.1,labelflip_mu0p2,label_flip,6,fedle_adapted,123,1609500700,1673688556,,100,0.9460370092340469,0.6504663721158567,0.6454896384325407,0.6317356553005261,55,100,100,16,0.1926863462402891,0.060763890723451314,18.128804632123703,0.9522222486728402,5902,5186A2EB565BA3D83D4BE30FCD9D1A92361BA380EF3649AD20AE6E265EBF1026,39234F720B64A4B8DD043FF1716E9E240CDBDE388B936307C8F615001FC2E43B,15,0.0,0.0,0.5948717948717949,0.8506151142355008,0.950354609929078,0.9436997319034852,0.6423982869379015,0.8145161290322581,0.6105263157894737,0.5702127659574469,0.7123287671232876,0.8913043478260869
221,37,2,102,0.1,labelflip_mu0p2,label_flip,6,tea_fl,123,1609500700,1673688556,,100,1.6193927888651953,0.4879725085910653,0.4983319274742044,0.39856072418575317,65,90,100,18,0.29322877102905165,0.08128386774531648,15.313616738038354,0.7010103311397552,4747,D70C0FD4D1AE0B57C3C003E76E0C7AF375F911628DC5E2D61622A1F7C6A2A27D,C41F9B56BE91D6410448175B1A4FD91677DAFC545193F304A7B5789F72687D46,11,0.0,0.0,0.5162200282087447,0.0,0.6634146341463415,0.6148409893992933,0.5638432364096081,0.0,0.5172413793103449,0.5934718100890207,0.7422680412371134,0.5714285714285714
222,37,2,102,0.1,labelflip_mu0p2,label_flip,6,arl_fl,123,1609500700,1673688556,,100,1.0103702890445745,0.6828669612174767,0.6114082707010339,0.5597082419529743,85,100,100,19,0.23289516560707993,0.071352787189187,17.002957689853563,0.889037061732511,5440,EF5C3B5F798F4F5B346C2FE8758364FEFD615634E161493F8F60C373BBB55652,38812F0617E451E671B82250A92CB4DD17249F8D02CF27CEE5E129E3920D5E14,11,0.8982035928143712,0.0,0.594679186228482,0.952,0.0,0.6411149825783972,0.9087048832271762,0.7142857142857143,0.49282296650717705,0.6941747572815534,0.8205128205128205,0.0
223,38,2,102,0.1,labelflip_mu0p2,label_flip,6,fedavg,456,2090734901,6174703,,100,1.7710165872933983,0.524300441826215,0.49708302100700136,0.4480177898327413,55,95,100,18,0.24180246255434495,0.06592552292017231,17.41722703541901,0.9642736608649535,5812,568EC3272A7EEC0AE0C2C53C7582F8D0087FEA1B408C23AA7C5CDDFEBBF20821,853064591DF9D07F2E45514E120479E0E1DEE3D9C6D2F2EE34A41C94AC359B4B,11,0.3211009174311927,0.0,0.6690909090909091,0.5790697674418605,0.0,0.895774647887324,0.025,0.3614457831325301,0.47191011235955055,0.41379310344827586,0.7280334728033473,0.9109947643979057
224,38,2,102,0.1,labelflip_mu0p2,label_flip,6,fedprox,456,2090734901,6174703,,100,1.6496519122490358,0.5822287677957781,0.5484959716474305,0.4898448025099715,55,95,100,18,0.24180246255434495,0.06592552292017231,17.41722703541901,0.9642736608649535,5812,A56F417E9C23F7ADFF5364A4CA48574FA5A36B9C1DB124C7C59DE62FD5C579B3,3D60B4A2865664C8046BE2AE64B0F156D8954927834571859F875CEA0A959CCF,11,0.9294117647058824,0.0,0.6753731343283582,0.5992779783393501,0.0,0.8895184135977338,0.03187250996015936,0.34782608695652173,0.44490644490644493,0.2978723404255319,0.7529880478087649,0.9090909090909091
225,38,2,102,0.1,labelflip_mu0p2,label_flip,6,random_trimmed_mean,456,2090734901,6174703,,100,2.091792180746516,0.4172803141875307,0.36260321552441116,0.2523376234766391,55,95,100,18,0.24180246255434495,0.06592552292017231,17.41722703541901,0.9642736608649535,5812,FEAC45E4418CA498A5C852A3C238A72FCBCDAA0BDA228DBEB4A5F028D7D3FAFE,626ADF30FE8B805AF92994ED497FF2852EC76F7EF2503208F4C5AE7EEB4C6797,11,0.0,0.0,0.49933598937583,0.5893491124260355,0.0,0.8608247422680413,0.031496062992125984,0.0,0.36769759450171824,0.07228915662650602,0.6070588235294118,0.0
226,38,2,102,0.1,labelflip_mu0p2,label_flip,6,fedle_adapted,456,2090734901,6174703,,100,1.3040463023169344,0.5301914580265096,0.4711812830550306,0.4036628086041181,55,100,100,20,0.23637832181731153,0.06670901500707352,17.569102976055945,0.9389230552556218,5857,D3849A6D51559A781FBDF96E6447C60EFF424CB4E160D8FC8C31688F239E8D92,EB8D9F668E672DF1BEE2EE42B7F7FCD59017630D20A128EA80355DF01BB65054,15,0.01092896174863388,0.0070921985815602835,0.56,0.7245508982035929,0.0,0.9260273972602739,0.35789473684210527,0.315018315018315,0.5210918114143921,0.6476868327402135,0.7736625514403292,0.0
227,38,2,102,0.1,labelflip_mu0p2,label_flip,6,tea_fl,456,2090734901,6174703,,100,2.2130133522766795,0.4477172312223859,0.4445663010426379,0.3124972841707097,60,100,100,20,0.3451965482817445,0.08435677218509344,14.522192635051825,0.6479516628059547,4663,212CCF367A0372EF713A51E6C5471EEF7E0591B7650150E73028E6059B4549E7,2072E072AB4CCE3860AB075E0A8775B35F1AB0ECE7EF4DE780751DD984702D2A,11,0.0,0.3951612903225806,0.0,0.6804407713498623,0.591304347826087,0.8114285714285714,0.036101083032490974,0.0,0.5938375350140056,0.0,0.6416938110749185,0.0
228,38,2,102,0.1,labelflip_mu0p2,label_flip,6,arl_fl,456,2090734901,6174703,,100,1.8333056681169033,0.5169366715758469,0.44442557801541155,0.3845343935169783,85,100,100,23,0.2687992131013048,0.06004943903448587,16.661318020104137,0.8960774210891821,5471,55C589B3217E70B990CE7E5627E507D63124C3BC85744E5EAE8C35721A01F58E,03FB2DD1280F6C9668A6725120B752A82803D5E8E8AF92F11A20B257AB30DE59,11,0.9069069069069069,0.46865671641791046,0.0,0.8647619047619047,0.0,0.7154811715481172,0.6371681415929203,0.040268456375838924,0.020618556701030927,0.4301994301994302,0.5303514376996805,0.0
229,39,2,102,0.1,labelflip_mu0p4,label_flip,11,fedavg,123,1609500700,1673688556,,100,1.917957858004638,0.49386352479135986,0.4741990737500312,0.39198469504499855,55,90,100,16,0.20936227821809755,0.06876389072345093,17.661878536745068,0.9542895314438401,5754,97C505CD8E883C3D72780861E74D34AF86C0B58D481183B9C3AB79A8C98EB14F,DE461D1818E13768E6AABA7C1EB51C86ACDE569433CB9B9246B22782A56237AC,11,0.9540229885057471,0.0,0.018518518518518517,0.6815642458100558,0.0,0.782608695652174,0.008620689655172414,0.21746880570409982,0.5785123966942148,0.0,0.6083333333333333,0.8541666666666666
230,39,2,102,0.1,labelflip_mu0p4,label_flip,11,fedprox,123,1609500700,1673688556,,100,1.4324191616163222,0.5925380461462936,0.5572420453444143,0.4753086884772477,55,90,100,16,0.20936227821809755,0.06876389072345093,17.661878536745068,0.9542895314438401,5754,1542191ED6413198FAE1578C8A635949BF671DB999B95B3CC2649293A3381AC7,CD7B4FF61C43FABA70C714D7CB0C5FA938970D061D0E8B92781D6C7AA60C3817,11,0.9540229885057471,0.0,0.6501766784452296,0.6806136680613668,0.0,0.9014084507042254,0.0,0.494949494949495,0.6190476190476191,0.0,0.611032531824611,0.7924528301886793
231,39,2,102,0.1,labelflip_mu0p4,label_flip,11,random_trimmed_mean,123,1609500700,1673688556,,100,1.81972886782156,0.3956799214531173,0.34196319521333823,0.25631909904909583,55,90,100,16,0.20936227821809755,0.06876389072345093,17.661878536745068,0.9542895314438401,5754,8E31BEAA534BB1DF910A30992B3F3ACF56329556AFCDD47F18630AE632C20341,47D3A988F2ED473DC0244FE6664D97C07C605222E210D3051995AC427954989D,11,0.0,0.0,0.41594827586206895,0.6751054852320675,0.0,0.803680981595092,0.0,0.2545454545454545,0.5375,0.0,0.38904899135446686,0.0
232,39,2,102,0.1,labelflip_mu0p4,label_flip,11,fedle_adapted,123,1609500700,1673688556,,100,2.376445574566144,0.2920962199312715,0.307895386000343,0.21745830812509506,55,100,100,16,0.1926863462402891,0.060763890723451314,18.128804632123703,0.9522222486728402,5902,91D588A0DFF09832007E93045A69173BBD72FC71C33FC9CC3FF96A47CC14143D,B0171DB1CC918CA609398B0BC0C48099FB5B85B81196352F78B87AD1060FE9D0,15,0.0,0.0,0.5067750677506775,0.0,0.160188457008245,0.3983739837398374,0.0,0.3373493975903614,0.31521739130434784,0.2122905027932961,0.6793048973143759,0.0
233,39,2,102,0.1,labelflip_mu0p4,label_flip,11,tea_fl,123,1609500700,1673688556,,100,3.567515790608799,0.20225822287677958,0.20118677385765327,0.13903126669968874,60,85,100,16,0.2983333068228022,0.08449918783769717,15.170689735813339,0.6921373200442967,4746,5B949DB3D367101F9444482278DF380B8354F0DE9F7907536BD9170D766DE07A,D455AD4D1857C17D17D70369EF681290ED0F1357D7B3A1ECC3DE4D60C676D324,11,0.0,0.0,0.4169381107491857,0.0,0.07701863354037267,0.4429530201342282,0.0,0.022857142857142857,0.3776223776223776,0.0,0.33098591549295775,0.0
234,39,2,102,0.1,labelflip_mu0p4,label_flip,11,arl_fl,123,1609500700,1673688556,,100,2.472777078475915,0.16691212567501226,0.17812224416125866,0.10459138788138618,70,100,100,23,0.22920416375939484,0.07135278718918683,17.10630574158874,0.9110787172011662,5472,6349E59F2E15B4E8E01E295A2CCAA21A33D599C812ED8F26A156A48DBF81868C,32C1A44C17C472543823DE678C772B47B2CE7B9ABDEC1E8CD07D061CF3048ECD,11,0.0,0.10497237569060773,0.6642599277978339,0.0,0.0,0.0,0.0,0.012658227848101266,0.314410480349345,0.0,0.12568306010928962,0.033112582781456956
235,40,2,102,0.1,labelflip_mu0p4,label_flip,11,fedavg,456,2090734901,6174703,,100,3.271466262327671,0.3014236622484045,0.3306371530105596,0.2386646524820245,55,95,100,18,0.24180246255434495,0.06592552292017231,17.41722703541901,0.9642736608649535,5812,2059AC7484EDECCC94E31B85A997490C6A88A0F1D26B4F529CE2E45B1C42A9CB,0AD83C94BABF2BBA0E85418F4425F473931C0756A5BF28281A15AB7B5EDE5CFA,11,0.0,0.0,0.5913312693498453,0.0,0.1640530759951749,0.0,0.009302325581395349,0.014925373134328358,0.5833333333333334,0.7062706270627063,0.7947598253275109,0.0
236,40,2,102,0.1,labelflip_mu0p4,label_flip,11,fedprox,456,2090734901,6174703,,100,3.2239023925746606,0.3112420225822288,0.35620684243228484,0.2625006402990379,55,95,100,18,0.24180246255434495,0.06592552292017231,17.41722703541901,0.9642736608649535,5812,3F23C4F09A78853634D2FA74B416AEBEB596DEE83C25BE59A16F50EDB9B95609,D9D204632B55CBF99BC1B3D9CBDDBF46129844D50A216964725C11AEA38C05A2,11,0.0,0.03296703296703297,0.463768115942029,0.0,0.18181818181818182,0.0,0.009779951100244499,0.0,0.2903225806451613,0.6139817629179332,0.7505518763796909,0.8068181818181818
237,40,2,102,0.1,labelflip_mu0p4,label_flip,11,random_trimmed_mean,456,2090734901,6174703,,100,3.085674275120626,0.2027491408934708,0.22619426019166566,0.11964419958365198,55,95,100,18,0.24180246255434495,0.06592552292017231,17.41722703541901,0.9642736608649535,5812,17A9BF2EA6D735262328BF804927049A1C52F086E305AC37473E893B8AC44298,099C5111D98E0320FDB3161BF987711DF48F689B1138CF330F158C4F41BF32C7,11,0.0,0.0,0.3907815631262525,0.0,0.17280813214739518,0.0,0.21774193548387097,0.08633093525179857,0.0,0.3227848101265823,0.24528301886792453,0.0
238,40,2,102,0.1,labelflip_mu0p4,label_flip,11,fedle_adapted,456,2090734901,6174703,,100,2.6938841543071224,0.20913107511045656,0.1697829586648836,0.1298215655407782,55,100,100,20,0.23637832181731153,0.06670901500707352,17.569102976055945,0.9389230552556218,5857,D008D765F2BFA389590DB587938FE7E786E971B9EDA966EA6CE467659A2D211C,E8891E1110A1FB7A9F79B585F82D2E1342F7D01E670B4AE259424F8262A23E7E,15,0.0,0.0058823529411764705,0.017937219730941704,0.022508038585209004,0.0,0.0,0.6981132075471698,0.029197080291970802,0.0,0.2183406113537118,0.5161290322580645,0.04975124378109453
239,40,2,102,0.1,labelflip_mu0p4,label_flip,11,tea_fl,456,2090734901,6174703,,100,2.5704659864079678,0.36720667648502703,0.3589629948947539,0.2356048936274787,60,100,100,20,0.33916356758113336,0.08252996114204425,14.691116094668935,0.6573811578125642,4703,FC2538C97E491C11A1A21F0BEA1306AA1DCD359EDBE0F9601E9B6A7201FA3B70,EB622D673E969F4DD692D28EA73B4245927C6BB1886BC2F38EC55590495A036B,11,0.0,0.0,0.4578884934756821,0.0,0.4263322884012539,0.06930693069306931,0.595460614152203,0.0,0.38323353293413176,0.2457831325301205,0.6492537313432836,0.0
240,40,2,102,0.1,labelflip_mu0p4,label_flip,11,arl_fl,456,2090734901,6174703,,100,2.2181376378560804,0.28276877761413843,0.24992443506480558,0.15622248293577676,85,100,100,23,0.2680922694820437,0.06004943903448609,16.681112441443446,0.8866918634937876,5475,45BBC15A8C444C87350153B3E3DF3613020BE153EDD911C01E9D3E2A00DB05A3,2D11CF8AE39504A710E6692FDB02F72519A873976E5A75DA9ADC863EB2F0FDEB,11,0.0,0.0,0.40290758047767394,0.6944045911047346,0.0,0.0,0.0,0.34844868735083534,0.12972972972972974,0.26976744186046514,0.0,0.029411764705882353
241,41,3,105,1.0,clean,none,0,fedavg,123,1400829696,2129437073,98,97,0.7190856236980376,0.7579496915045087,0.7729249590617951,0.7764408337594578,65,90,100,12,0.1779288855355418,0.07257023593012707,17.722634938293567,0.9867079149516294,5762,1E9230A2E0070A627906853F4216C6059DB31DD60E74CD7F9DE9D5347343A28E,D8B7F6C0B4D70B02C75F1DF390E05F1A1B975D7F97E30D7EB4D07D976118CD49,11,0.8918205804749341,0.5537459283387622,0.2393617021276596,0.7804878048780488,0.9758713136729222,0.9054441260744985,0.8247422680412371,0.8909090909090909,0.8333333333333334,0.7488151658767772,0.7078464106844741,0.9649122807017544
242,41,3,105,1.0,clean,none,0,fedprox,123,1400829696,2129437073,98,97,0.7401692914662906,0.7508305647840532,0.7687157911382586,0.77011217302482,65,90,100,12,0.1779288855355418,0.07257023593012707,17.722634938293567,0.9867079149516294,5762,3EE488937FB6FB0BDDD601D8ABBDA4F5D4BABC33A286A2B51D964761355E91E4,E6753DB46BC635C009FD471133EF83AFB67F1F117451B27D6C3FD29106597141,11,0.8894736842105263,0.5830721003134797,0.22841225626740946,0.7230769230769231,0.9758713136729222,0.9054441260744985,0.7952286282306164,0.8909090909090909,0.8397790055248618,0.74364896073903,0.7015177065767285,0.9649122807017544
243,41,3,105,1.0,clean,none,0,random_trimmed_mean,123,1400829696,2129437073,98,97,0.7345495922734062,0.7584242999525391,0.771815163806938,0.7714178950740441,65,90,100,12,0.1779288855355418,0.07257023593012707,17.722634938293567,0.9867079149516294,5762,8D0FF11BFF544DF3EDCB09D69ABA07B8753879FF1CAFC6522D9E29F677A65CFA,E4616EF91D71A8FDB6559DE76417159BEDA5D641F43A8AD176381F71E97A9256,11,0.824390243902439,0.49382716049382713,0.2469879518072289,0.847926267281106,0.9731182795698925,0.8837209302325582,0.8695652173913043,0.9090909090909091,0.8342245989304813,0.7248908296943232,0.6935201401050788,0.9557522123893806
244,41,3,105,1.0,clean,none,0,fedle_adapted,123,1400829696,2129437073,,100,0.7290194036980969,0.7247271001423825,0.7470951681990922,0.733694169778098,60,95,100,16,0.15900463179040764,0.07964021778004712,18.25251404315732,0.9235955575053684,5924,6988DAD0D525804DFBE2FDE920E4AC3FD740F7590FEF985EFA8E121C6A9CCF45,185D7391B2977631604E04EECFF2CE61341F5B81E7CCA16AE78A9761153E2B19,15,0.8814432989690721,0.0,0.2012847965738758,0.7455919395465995,0.9731182795698925,0.9340659340659341,0.8064516129032258,0.9259259259259259,0.8449197860962567,0.8156424581005587,0.7109737248840804,0.9649122807017544
245,41,3,105,1.0,clean,none,0,tea_fl,123,1400829696,2129437073,93,92,1.0320801858971003,0.7066919791172283,0.6696702368589844,0.6469744704375707,45,70,95,13,0.26066747779436433,0.09178647708480694,15.405954355046532,0.7617247702293769,4894,7CEFF39327C44B089AA1708749BEB6011C6D19B94FCB7DEA80543543FD097886,0C111B84C57C2C5CC33635BF61BB1272226F76B0CC2968BB9C32F234882E2538,11,0.896,0.1423487544483986,0.17066666666666666,0.950207468879668,0.9675675675675676,0.8597014925373134,0.961352657004831,0.7132352941176471,0.7978142076502732,0.6705653021442495,0.6342342342342342,0.0
246,41,3,105,1.0,clean,none,0,arl_fl,123,1400829696,2129437073,,100,1.0227041469403335,0.717607973421927,0.7260121440495432,0.7249160148687226,85,100,100,22,0.19492542333354138,0.08482446725873702,17.246731879949575,0.8489504849629645,5523,819C75A3442CB8ED14A273652C94BA25EFA03C0C35000756E31F194A65636C5C,BF32C3623DFC9D3C659FA1BA2B8E7646F164BB6735919B4F9AA7C933538A414D,11,0.8941798941798942,0.5492537313432836,0.17142857142857143,0.5178571428571429,0.9731182795698925,0.9307479224376731,0.7168458781362007,0.8451882845188284,0.8260869565217391,0.7621951219512195,0.692090395480226,0.82
247,42,3,105,1.0,clean,none,0,fedavg,456,884573031,1066517935,,100,0.6318408975993846,0.7859515899383009,0.7954010538047399,0.7961851302482162,55,95,100,16,0.20192913767673784,0.07582673889583252,17.825935601926933,0.9770515028273428,5961,4745FD4971EFF649193EF4309AF564D92313AEB3656321845B72820A18AA203B,15B08D82168D7F2C0FD5B3671263BC86E1C5ABFD58F7D203322E5185768FB170,11,0.8877284595300261,0.4290657439446367,0.3333333333333333,0.9795918367346939,0.9476584022038568,0.9273743016759777,0.9900990099009901,0.8928571428571429,0.8040201005025126,0.7610208816705336,0.6741996233521658,0.9272727272727272
248,42,3,105,1.0,clean,none,0,fedprox,456,884573031,1066517935,,100,0.6094572937030276,0.7897484575225439,0.7982911151488841,0.8030442336962963,55,95,100,16,0.20192913767673784,0.07582673889583252,17.825935601926933,0.9770515028273428,5961,C768CCEDBC07BE5074654CA791D4DDDFB93A136AA606AF408C532DB339B91378,7C3D70440ED8CD7E91AEFA2811A103AC1492F74BF0C8A3000D43A20F1B3E09C8,11,0.9002695417789758,0.5153374233128835,0.295,0.9795918367346939,0.9591280653950953,0.9273743016759777,0.9875930521091811,0.8959276018099548,0.8247422680412371,0.7517084282460137,0.6629213483146067,0.9369369369369369
249,42,3,105,1.0,clean,none,0,random_trimmed_mean,456,884573031,1066517935,,100,0.6643077644285683,0.775984812529663,0.7676253572903936,0.7692144986505786,55,95,100,16,0.20192913767673784,0.07582673889583252,17.825935601926933,0.9770515028273428,5961,3FD63672AC1BC9BD24EDC2BAEAFB88D2FFF2139A2FA48B088825D76D86299683,D5804ACD83FD9F4B6621C788BFEFC392694370E9F46B8F12AA6CE40B765F4733,11,0.8936170212765957,0.5257142857142857,0.28901734104046245,0.9775051124744376,0.9418282548476454,0.9285714285714286,0.9875930521091811,0.8032128514056225,0.7777777777777778,0.7359307359307359,0.638623326959847,0.7311827956989247
250,42,3,105,1.0,clean,none,0,fedle_adapted,456,884573031,1066517935,,100,0.740187886106951,0.7555766492643569,0.7576587902371331,0.7525055965368256,65,100,100,20,0.2012246599845249,0.08162036687277535,17.845660977308896,0.93623096817985,5947,E02D3E2F9D6564B28DEE259E1DC20F0770080899339473EA04AA9AD76DB3EEAD,72B24270FB9A187F90769136E6A017EAFA98E1F738C43B24BC06143665F1C0F3,15,0.8941798941798942,0.07407407407407407,0.1926605504587156,0.9358178053830227,0.9705093833780161,0.9183098591549296,0.9070294784580499,0.8761061946902655,0.7643312101910829,0.8172043010752689,0.7149321266968326,0.9649122807017544
251,42,3,105,1.0,clean,none,0,tea_fl,456,884573031,1066517935,,100,0.8250700647252739,0.7005220692928334,0.6714759509715006,0.6419727356861145,55,75,100,14,0.26006775834127227,0.07783452932692259,16.198054223319968,0.7541122684639676,5251,ACD6A6831DCB64F0D29472A61F74159B1AF3E1D6DB34F15EA8E32892068140A6,A1E05319F2B5E2B58DF793C028A9F32F79D0B86E457376317F4E63C5B2BF42D9,11,0.8997289972899729,0.0,0.19491525423728814,0.8552036199095022,0.9703504043126685,0.9303621169916435,0.8791208791208791,0.7935222672064778,0.8253968253968254,0.7122153209109731,0.6428571428571429,0.0
252,42,3,105,1.0,clean,none,0,arl_fl,456,884573031,1066517935,,100,0.6651865662586989,0.7821547223540579,0.7565386814068592,0.7643139453712338,85,100,100,25,0.2488964996599027,0.09067855349970111,16.51084946639832,0.8187828792499949,5443,05D4F6C8EE58062AA6B78EDEB1BCDE93750FCEEA1277F6C10080DF97DEA19B41,1E575D56CDEEFACD75FED3BCF91B4C95D98E142EE1E523DF2F45B9D40D7970D6,11,0.8894736842105263,0.5214723926380368,0.17699115044247787,0.9591836734693877,0.9703504043126685,0.9293478260869565,0.966183574879227,0.8132780082987552,0.8279569892473119,0.819672131147541,0.7026194144838213,0.5952380952380952
253,43,3,105,1.0,signflip_mu0p2,sign_flip,6,fedavg,123,1400829696,2129437073,98,97,36.685050225959436,0.08970099667774087,0.08333333333333333,0.013719512195121951,65,90,100,12,0.1779288855355418,0.07257023593012707,17.722634938293567,0.9867079149516294,5762,DC14C840BE95EB06E90C267F11D3C08D4FF18C72517D23A47C98EC0735FC0290,6C73275049FC24596847B28D9E508EBEA6B1142705A908412727D34292015B40,11,0.0,0.0,0.0,0.0,0.0,0.0,0.0,0.0,0.0,0.16463414634146342,0.0,0.0
254,43,3,105,1.0,signflip_mu0p2,sign_flip,6,fedprox,123,1400829696,2129437073,98,97,37.459895405205835,0.08970099667774087,0.08333333333333333,0.013719512195121951,65,90,100,12,0.1779288855355418,0.07257023593012707,17.722634938293567,0.9867079149516294,5762,8F01C2E1940096BF20D81BFCE32F60EA708CFD02A669797A7A6D96BE8D622D27,CA9B448F6CACA31602CD854436C9CA2F32AB6FF0633AB14CC9FCB6AC7AF8C2FC,11,0.0,0.0,0.0,0.0,0.0,0.0,0.0,0.0,0.0,0.16463414634146342,0.0,0.0
255,43,3,105,1.0,signflip_mu0p2,sign_flip,6,random_trimmed_mean,123,1400829696,2129437073,98,97,1.4533856819606132,0.5980066445182725,0.6045944185543687,0.5430238303021415,65,90,100,12,0.1779288855355418,0.07257023593012707,17.722634938293567,0.9867079149516294,5762,AE76CC5B37907A0C33C19806A9F24A282A657736BA74F132C7E182AE7FD7E61D,B315694508A1D48E4493784886F00FCA09CBD6155F1D98103613CF1D48FE61AE,11,0.7824074074074074,0.0,0.13622291021671826,0.36721311475409835,0.9680851063829787,0.7734138972809668,0.6568627450980392,0.18461538461538463,0.5478260869565217,0.7006109979633401,0.6330708661417322,0.7659574468085106
256,43,3,105,1.0,signflip_mu0p2,sign_flip,6,fedle_adapted,123,1400829696,2129437073,,100,42.51638560726227,0.08970099667774087,0.08333333333333333,0.013719512195121951,60,95,100,16,0.15900463179040764,0.07964021778004712,18.25251404315732,0.9235955575053684,5924,EAA30590C0C8EA913203E2E8B89D94AACE4DDC2DF5C14C593854E56EF425DE75,81CD41EE3625A5EF9560E2910E45CA9B00B7024A14C8BA4D65CBB2CB0E1041FC,15,0.0,0.0,0.0,0.0,0.0,0.0,0.0,0.0,0.0,0.16463414634146342,0.0,0.0
257,43,3,105,1.0,signflip_mu0p2,sign_flip,6,tea_fl,123,1400829696,2129437073,95,94,0.7947099920579704,0.7242524916943521,0.7353639508950226,0.7177776307171357,40,70,95,13,0.25065690563659215,0.0725702359301284,15.686250375464153,0.7525363823150544,5075,64F65B455F3C199AA31FF153144EFC0A0FAA0682834AC9760A0DF6B892448072,BF6EDA274D478FCF1CF52CFE8627C0B957DD3EA054D7DFECCCB795E78FC342A4,11,0.8144578313253013,0.0,0.27601809954751133,0.973305954825462,0.9680851063829787,0.899135446685879,0.9802955665024631,0.8200836820083682,0.7664670658682635,0.662962962962963,0.5553235908141962,0.897196261682243
258,43,3,105,1.0,signflip_mu0p2,sign_flip,6,arl_fl,123,1400829696,2129437073,,100,0.8111784270605206,0.7826293308020883,0.7787709368035763,0.7768363372001917,70,100,100,24,0.1910691185315963,0.07405410211227767,17.354708414404037,0.8631851532153647,5576,E43DA94C2F84B8ED48EEE999BEEAACFD1D7ED299A58CCDF8E09A4D66044B1392,CF99451487146D04E38FA4EB29B8177C68CA7A349BF8B58E593AD8C08C39FA31,11,0.8941798941798942,0.5552238805970149,0.0842911877394636,0.9313304721030042,0.9758713136729222,0.9289617486338798,0.9324009324009324,0.825,0.7564102564102564,0.8020050125313283,0.6714490674318508,0.9649122807017544
259,44,3,105,1.0,signflip_mu0p2,sign_flip,6,fedavg,456,884573031,1066517935,,100,45.1441318709306,0.08970099667774087,0.08333333333333333,0.013719512195121951,55,95,100,16,0.20192913767673784,0.07582673889583252,17.825935601926933,0.9770515028273428,5961,983CF62E0AA47DA0F1AE695053E838568C5743F5D616BA79C3612746CD5B4231,29940A5CDB714BD9704396B594A6A31BA7F2411FFC85ED2FDBA58920CF4A44E7,11,0.0,0.0,0.0,0.0,0.0,0.0,0.0,0.0,0.0,0.16463414634146342,0.0,0.0
260,44,3,105,1.0,signflip_mu0p2,sign_flip,6,fedprox,456,884573031,1066517935,,100,45.30356784561657,0.08970099667774087,0.08333333333333333,0.013719512195121951,55,95,100,16,0.20192913767673784,0.07582673889583252,17.825935601926933,0.9770515028273428,5961,D8D9F670DD83EEA91B844305ECB8483C3704A883A58B60719D47AF0756B6C84E,1C07FC4181225CF04AB8B19AB639AF3BD18BD083FBE7B550EB4B0A888A30823D,11,0.0,0.0,0.0,0.0,0.0,0.0,0.0,0.0,0.0,0.16463414634146342,0.0,0.0
261,44,3,105,1.0,signflip_mu0p2,sign_flip,6,random_trimmed_mean,456,884573031,1066517935,,100,0.8089731068310152,0.7294731846226863,0.7465002526685697,0.7284706724082771,55,95,100,16,0.20192913767673784,0.07582673889583252,17.825935601926933,0.9770515028273428,5961,2BF6E81FE11475A1EB0905674F6CF2B1D95292906DBCD9147DC2CE3E9ADFBE61,90EFF539993526CEDBB9983ACD082FFD6D34F7B40A6C09BCFC9872455210CE66,11,0.6443202979515829,0.13013698630136986,0.33444816053511706,0.9754098360655737,0.9562841530054644,0.8863636363636364,0.9295039164490861,0.8846153846153846,0.6919831223628692,0.7296703296703296,0.6419753086419753,0.9369369369369369
262,44,3,105,1.0,signflip_mu0p2,sign_flip,6,fedle_adapted,456,884573031,1066517935,,100,37.78070847593216,0.08970099667774087,0.08333333333333333,0.013719512195121951,65,100,100,20,0.2012246599845249,0.08162036687277535,17.845660977308896,0.93623096817985,5947,2C4BE321048212A0592615EE3133F95E4785CD52737BFF5C36522988C0ADF862,B5E7310ED7940D6932B137B43F35BE5CD76DA94F380143E2AF2AEE69F77954B7,15,0.0,0.0,0.0,0.0,0.0,0.0,0.0,0.0,0.0,0.16463414634146342,0.0,0.0
263,44,3,105,1.0,signflip_mu0p2,sign_flip,6,tea_fl,456,884573031,1066517935,,100,0.7265277794881856,0.7612719506407214,0.7775564286901074,0.7723438210441992,50,80,100,15,0.2663488025526389,0.07802063927951045,16.022184985401704,0.7283520125276546,5223,27414CE7566437B9996EC4B7FDEC8D89839AE4C7D20682C1F72A621409E43FE2,1D4AC64DBDF122AA01A0D86C35CD1D7D90DEC39D4EC435E7FAD89F992996DB2F,11,0.7643020594965675,0.26582278481012656,0.34560906515580736,0.96,0.9703504043126685,0.8997134670487106,0.9876543209876543,0.9142857142857143,0.8494623655913979,0.7169811320754716,0.6290322580645161,0.9649122807017544
264,44,3,105,1.0,signflip_mu0p2,sign_flip,6,arl_fl,456,884573031,1066517935,,100,0.996236342245445,0.7138111058376839,0.6956332182117029,0.6772971443960903,90,100,100,25,0.24625071285458294,0.08515361491748338,16.58493149694727,0.8231468905626209,5460,5EAA7DB8D175B521B2D5712C671C4AFD538A28B4F0632223C0D522573D601EB7,0294359EB059EAEC57108ACF2C9BC168079A24912678FAC47FF9739E62FD577B,11,0.7990543735224587,0.5346534653465347,0.2140221402214022,0.9754098360655737,0.9562841530054644,0.8613569321533924,0.9800995024875622,0.7322834645669292,0.7884615384615384,0.5773524720893142,0.418732782369146,0.2898550724637681
265,45,3,105,1.0,signflip_mu0p4,sign_flip,11,fedavg,123,1400829696,2129437073,98,97,167.12237206283882,0.12197437114380635,0.08333333333333333,0.0181190073322053,65,90,100,12,0.1779288855355418,0.07257023593012707,17.722634938293567,0.9867079149516294,5762,E603165F268859A3C4B0E84026CE4A95DA95F508C269081A63717170B3B7A04B,09BA4FA88C2F6B811A1246710B460D45D72636F702626AA4A04296BE69F2E7DC,11,0.0,0.0,0.0,0.0,0.0,0.0,0.0,0.0,0.0,0.0,0.21742808798646363,0.0
266,45,3,105,1.0,signflip_mu0p4,sign_flip,11,fedprox,123,1400829696,2129437073,98,97,170.33334719925398,0.12197437114380635,0.08333333333333333,0.0181190073322053,65,90,100,12,0.1779288855355418,0.07257023593012707,17.722634938293567,0.9867079149516294,5762,8E974054DDB28DDF6183B9463470FB53BE1BCA9B2AEF09EFE24022E13C894EF6,A3C967EE436E11961EEE02C9B89CB93FF3C8D591BE2945C56D0DE2EE8C5F0031,11,0.0,0.0,0.0,0.0,0.0,0.0,0.0,0.0,0.0,0.0,0.21742808798646363,0.0
267,45,3,105,1.0,signflip_mu0p4,sign_flip,11,random_trimmed_mean,123,1400829696,2129437073,98,97,43.71500931908635,0.12197437114380635,0.08333333333333333,0.0181190073322053,65,90,100,12,0.1779288855355418,0.07257023593012707,17.722634938293567,0.9867079149516294,5762,5BE2FB50FD09103D5316D47CBCFE1475CCB91967CBC401411F38878C44BCD3F9,FB21BA337F88576737594C91BACD27E8B934F854B7ECEF3ADA0643BC018CFF46,11,0.0,0.0,0.0,0.0,0.0,0.0,0.0,0.0,0.0,0.0,0.21742808798646363,0.0
268,45,3,105,1.0,signflip_mu0p4,sign_flip,11,fedle_adapted,123,1400829696,2129437073,,100,198.84225310337843,0.11817750355956336,0.08333333333333333,0.01761460101867572,60,95,100,16,0.15900463179040764,0.07964021778004712,18.25251404315732,0.9235955575053684,5924,F519F1FDF74B7BDEA5DED4148F1E77CE1E2258A65A5F88D833CC815B023F6376,DD6EB45281E798E5F9474D4709DAF6B3859D0D1A8A7F4A2139FDA8DF783C1BEE,15,0.0,0.0,0.0,0.21137521222410866,0.0,0.0,0.0,0.0,0.0,0.0,0.0,0.0
269,45,3,105,1.0,signflip_mu0p4,sign_flip,11,tea_fl,123,1400829696,2129437073,94,93,0.7114717644936789,0.7940199335548173,0.7955706810654838,0.7776252547703556,40,70,95,13,0.24516735704266848,0.07488794917151598,15.839957736094016,0.776295564954954,5111,DEF31E923E64D0021D9BC1F32237F18E02BDDC81BD0B21FB8F3E5F2BE2162081,0DC2FCADBD11FAE4E5F6A4DBA42045F051E87CFFBD6BB5A5A47F3DE7C226705F,11,0.8789473684210526,0.6483704974271012,0.0,0.9449152542372882,0.9572192513368984,0.8837209302325582,0.9453681710213777,0.8468468468468469,0.801980198019802,0.7724550898203593,0.6867671691792295,0.9649122807017544
270,45,3,105,1.0,signflip_mu0p4,sign_flip,11,arl_fl,123,1400829696,2129437073,,100,20.945762187992162,0.09682012339819648,0.08333333333333333,0.014712245781047165,70,100,100,21,0.18950100012587495,0.0835933750452828,17.398615729764234,0.887449248996073,5599,ABBE8F91C00D3A6D83F6F9F85224F01E0CDF9606E2F1AE1D9CF9E9FF430A3D60,4BB67128516252C74135137614048B14531CF4925FEFD05F6FC54C9AB8037D6F,11,0.0,0.0,0.0,0.0,0.0,0.0,0.176546949372566,0.0,0.0,0.0,0.0,0.0
271,46,3,105,1.0,signflip_mu0p4,sign_flip,11,fedavg,456,884573031,1066517935,,100,180.34398038816158,0.051257712387280496,0.08333333333333333,0.008126410835214447,55,95,100,16,0.20192913767673784,0.07582673889583252,17.825935601926933,0.9770515028273428,5961,76CBA837D5552E01C4391D44507C49251A4486E904124E36933F7EBAF7A9D7CF,B5291B6490E0E32F7828ABA74A4A14816F9779F318A4484D6A715D47E99B2A60,11,0.0,0.0,0.0,0.0,0.0,0.0,0.0,0.09751693002257336,0.0,0.0,0.0,0.0
272,46,3,105,1.0,signflip_mu0p4,sign_flip,11,fedprox,456,884573031,1066517935,,100,177.7855238731178,0.051257712387280496,0.08333333333333333,0.008126410835214447,55,95,100,16,0.20192913767673784,0.07582673889583252,17.825935601926933,0.9770515028273428,5961,AF071E33021C382AD2CA30F4F4A43177A0435CD009445F47C3815D6E987FB111,405FAC231749371A435D88AFF6FAFBF56A9098E4FF9D3E1BDB475F5E5003A4C3,11,0.0,0.0,0.0,0.0,0.0,0.0,0.0,0.09751693002257336,0.0,0.0,0.0,0.0
273,46,3,105,1.0,signflip_mu0p4,sign_flip,11,random_trimmed_mean,456,884573031,1066517935,,100,9.166221320233076,0.08732795443758899,0.08333333333333333,0.013385712207187546,55,95,100,16,0.20192913767673784,0.07582673889583252,17.825935601926933,0.9770515028273428,5961,D2EBF8C0925953BEEBA88EB2A642534BC62D42B1FE1FA3E6EA224B888E3099ED,1D471B0DC34FFDE61D8DAB1061023D6F4C3F7F24B354E61E6181C20BA36F5357,11,0.16062854648625055,0.0,0.0,0.0,0.0,0.0,0.0,0.0,0.0,0.0,0.0,0.0
274,46,3,105,1.0,signflip_mu0p4,sign_flip,11,fedle_adapted,456,884573031,1066517935,,100,125.35566993137644,0.11817750355956336,0.08333333333333333,0.01761460101867572,65,100,100,20,0.2012246599845249,0.08162036687277535,17.845660977308896,0.93623096817985,5947,03D9C765D03A0CE92C70832AE89B78647C1942E86D233B80CA3708F63A6E04BE,8B29CEC5C741F5429B8A02D3D9AAAFD8F8827FC09FB3A529EE6FCF262C267424,15,0.0,0.0,0.0,0.21137521222410866,0.0,0.0,0.0,0.0,0.0,0.0,0.0,0.0
275,46,3,105,1.0,signflip_mu0p4,sign_flip,11,tea_fl,456,884573031,1066517935,,100,2.5843607038471674,0.5083056478405316,0.46519678946798404,0.3832935061902724,50,80,100,15,0.24973001894173147,0.07883452932692248,16.487510926507113,0.7832080200501254,5497,033AE18F6BAF7C936A62D21FEC198DF419C1F273C902C79D2F1637C6902E645E,6EAB679F7E3F63CE649EBE6F34790771E2DADDADD94CEE3D6FACE5D80361319A,11,0.48655913978494625,0.0,0.09606986899563319,0.9284332688588007,0.0,0.6917808219178082,0.8934010152284264,0.34295415959252973,0.0,0.6834381551362684,0.4768856447688564,0.0
276,46,3,105,1.0,signflip_mu0p4,sign_flip,11,arl_fl,456,884573031,1066517935,,100,5.150674672589576,0.21547223540579022,0.1764600879508862,0.09374478424110426,70,100,100,23,0.2414128873374697,0.07815331058355471,16.720390611426442,0.8541533205210335,5538,3D74B751BA0326D2A9371E76E0282B236D17213AA78230CC13125B010E93C0FB,07BEA9B4A10131D8E393CCF8731334199C873C598E87AE8FADFD472D40B50891,11,0.5434782608695652,0.0,0.0,0.38839645447219984,0.0,0.14903846153846154,0.007259528130671506,0.0,0.0,0.03676470588235294,0.0,0.0
277,47,3,105,1.0,labelflip_mu0p2,label_flip,6,fedavg,123,1400829696,2129437073,98,97,0.7448743584176404,0.7327954437588989,0.7488176577098721,0.7372253454114331,65,90,100,12,0.1779288855355418,0.07257023593012707,17.722634938293567,0.9867079149516294,5762,691EC31F54D1238BB83AB086401E710F62D581CB7B78419CBAFA0ED074553E9B,053DCB305564773E92CDA37EEF6DFB6414FECFF4C66FE85B75E433B4BB5708B1,11,0.9056603773584906,0.05555555555555555,0.22641509433962265,0.8577981651376146,0.9651474530831099,0.9126760563380282,0.8864142538975501,0.8506787330316742,0.8540540540540541,0.7353760445682451,0.7026194144838213,0.8943089430894309
278,47,3,105,1.0,labelflip_mu0p2,label_flip,6,fedprox,123,1400829696,2129437073,98,97,0.7275039965952523,0.7593735168485999,0.7704319850362755,0.7717701527777064,65,90,100,12,0.1779288855355418,0.07257023593012707,17.722634938293567,0.9867079149516294,5762,56E4ECB9AFF9935B05FDD1EA958CB039D66310F1A4CBAAACBC5087C43CBC9844,B30553CBED47CC2E465F5AEF19A8087445A59A266211DE461E4E646DD9C7EBC8,11,0.9056603773584906,0.3132530120481928,0.26548672566371684,0.89086859688196,0.9706666666666667,0.9121813031161473,0.9234338747099768,0.8416289592760181,0.8216216216216217,0.75,0.7091757387247278,0.9572649572649573
279,47,3,105,1.0,labelflip_mu0p2,label_flip,6,random_trimmed_mean,123,1400829696,2129437073,98,97,0.7408803406772198,0.7688656858092074,0.7809049956961239,0.7810467721225587,65,90,100,12,0.1779288855355418,0.07257023593012707,17.722634938293567,0.9867079149516294,5762,64CB80C2319184806FE97CEABE8EA1DC12EBED3AB976A7EA784D9623A8524F67,F3496907A90636D1CD2B0C3BC0B9C6FA881E9D0532644521B7AC561ED67BB01F,11,0.8304668304668305,0.45018450184501846,0.323943661971831,0.9290322580645162,0.9731182795698925,0.8895348837209303,0.943127962085308,0.848780487804878,0.7960199004975125,0.738255033557047,0.6851851851851852,0.9649122807017544
280,47,3,105,1.0,labelflip_mu0p2,label_flip,6,fedle_adapted,123,1400829696,2129437073,,100,0.6472995494234658,0.7555766492643569,0.7674157122650822,0.7564153577593494,60,95,100,16,0.15900463179040764,0.07964021778004712,18.25251404315732,0.9235955575053684,5924,B64DE1C76325C043F5C473D4C45125B8A0EC59795C22AF96AD05A106F33FC25D,EA6ED8757D15678C46F55DC3348497C4CFF9CA7D90AA8245DF1707467BD264E8,15,0.8769230769230769,0.046948356807511735,0.24116424116424118,0.9173913043478261,0.964769647696477,0.9035812672176309,0.9571428571428572,0.8407079646017699,0.8082901554404145,0.828169014084507,0.726984126984127,0.9649122807017544
281,47,3,105,1.0,labelflip_mu0p2,label_flip,6,tea_fl,123,1400829696,2129437073,96,95,0.7200908869024018,0.7503559563360228,0.7635832226896433,0.7427356929929596,45,70,95,13,0.24690076894332832,0.07405410211227922,15.791422202875541,0.7490947573742257,5116,6FC01CA610A792042ABE0C72B1A484E51EB55F0CDD87BEA9B4AEBCCED01E5602,059594B243A474BB8370C0A1FA8A69E29B8071DAB1120FC92D0BDE27A9E47912,11,0.7612612612612613,0.0,0.25,0.9795081967213115,0.9703504043126685,0.899135446685879,0.9875930521091811,0.8722466960352423,0.8176795580110497,0.7352297592997812,0.6749116607773852,0.9649122807017544
282,47,3,105,1.0,labelflip_mu0p2,label_flip,6,arl_fl,123,1400829696,2129437073,,100,0.7202478218089928,0.7351684859990508,0.7515292106298005,0.7384340123445488,85,100,100,20,0.19643584930244992,0.07255410211227772,17.204439952820135,0.8420077675216554,5509,E4ED2171B7DF19D8CD9475B8906C3550E336D09F9FAE82EC70CBEC421370DCD2,4ACA86A5900982557BB9D47C7E461DABB144B14F7E1E9F1A2FF0C431C803799A,11,0.8894736842105263,0.0,0.22077922077922077,0.8309859154929577,0.9553805774278216,0.9090909090909091,0.847457627118644,0.9023255813953488,0.8295454545454546,0.8088235294117647,0.7108239095315024,0.9565217391304348
283,48,3,105,1.0,labelflip_mu0p2,label_flip,6,fedavg,456,884573031,1066517935,,100,0.6284959852752042,0.804935927859516,0.8120930353066855,0.814507822017216,55,95,100,16,0.20192913767673784,0.07582673889583252,17.825935601926933,0.9770515028273428,5961,3C075C989CECF2FB647571CA13F57CCC297DB2A3C8BD8B3453050DF5560C0CD2,89383286B243D5E41C47DDFA488BEA60A7205F4899595CAA9AA421AC33A78E79,11,0.9178470254957507,0.6365914786967418,0.24516129032258063,0.9795081967213115,0.9703504043126685,0.9090909090909091,0.9901477832512315,0.9166666666666666,0.8350515463917526,0.7444933920704846,0.6642728904847397,0.9649122807017544
284,48,3,105,1.0,labelflip_mu0p2,label_flip,6,fedprox,456,884573031,1066517935,,100,0.6278868143627527,0.8011390602752729,0.8126876403301543,0.8137800079188054,55,95,100,16,0.20192913767673784,0.07582673889583252,17.825935601926933,0.9770515028273428,5961,C69421FFF8B96C95BAD62C222A122AC6DDA495D1C374E20DDBE6ECA7828B4CA1,C3060F8501311C1B7F78D8D8A7535734771AECF76A3038D5FE0F14B1631CE97D,11,0.9106145251396648,0.624113475177305,0.3281733746130031,0.9815950920245399,0.9591280653950953,0.9028571428571428,0.9925925925925926,0.9295774647887324,0.8118811881188119,0.7319148936170212,0.628,0.9649122807017544
285,48,3,105,1.0,labelflip_mu0p2,label_flip,6,random_trimmed_mean,456,884573031,1066517935,,100,0.619610106090714,0.8020882771713337,0.810321713444258,0.8086285674657968,55,95,100,16,0.20192913767673784,0.07582673889583252,17.825935601926933,0.9770515028273428,5961,7A6FAEFE0C33CFDBE4D52F127DC9251262676CE0BEF609E0FD68419F58C3590D,9A24B6E9349E9126E0D52D9DAA182D3C84C75C79DCE326FEE90791883E499FF9,11,0.8808290155440415,0.5882352941176471,0.31746031746031744,0.973305954825462,0.9619565217391305,0.905982905982906,0.9850746268656716,0.9124423963133641,0.7757009345794392,0.7857142857142857,0.6704119850187266,0.9464285714285714
286,48,3,105,1.0,labelflip_mu0p2,label_flip,6,fedle_adapted,456,884573031,1066517935,,100,0.8079531267745041,0.7864261983863313,0.7810750449765079,0.7862717108646273,65,100,100,20,0.2012246599845249,0.08162036687277535,17.845660977308896,0.93623096817985,5947,54ACCAEBF498F43EC608AFB650977D1EC2A19874D8E4E239AE0EB50AD02797E7,56C7CC79DB787F405E4C5F3BDD72EDD8FF301184A759DF5639DDFBB3CCC72856,15,0.9213483146067416,0.5714285714285714,0.07942238267148015,0.9655172413793104,0.9731182795698925,0.896551724137931,0.9302325581395349,0.8981481481481481,0.7875,0.7637231503579952,0.6833578792341679,0.9649122807017544
287,48,3,105,1.0,labelflip_mu0p2,label_flip,6,tea_fl,456,884573031,1066517935,,100,0.9341976030013207,0.7157095396298054,0.6835744235170459,0.6613095821707842,50,80,100,16,0.27475853209885104,0.0813345293269222,15.786712558107764,0.7352400558782443,5206,FB05880BFB93499CD80276D07B30CC954103DC32DFCA02F1E2F070995DC5F775,6C9876E730EFE4FC134BE3F7C8405D4033E0F2D44F27735146668F547FBF91DA,11,0.835,0.3883495145631068,0.16891891891891891,0.863013698630137,0.9703504043126685,0.936986301369863,0.881578947368421,0.7886178861788617,0.8571428571428571,0.6457564575645757,0.6,0.0
288,48,3,105,1.0,labelflip_mu0p2,label_flip,6,arl_fl,456,884573031,1066517935,,100,0.761630790347899,0.7560512577123872,0.7619005230498467,0.7526904107716031,90,100,100,25,0.2494471060445986,0.08515361491748383,16.495432487626832,0.8114577839087922,5432,BCAE54048B10F4FF0EAA93EB9E725DC02F389038C2A5E894E05D84EC282C4012,8F385E6E5ADCAA5FF2AD3AC31E570AACACDB12E832ADD84CA11BB1D46524EAF3,11,0.7253218884120172,0.16176470588235295,0.1848184818481848,0.96,0.9591280653950953,0.9243243243243243,0.9875930521091811,0.9282296650717703,0.8105263157894737,0.7378048780487805,0.6878612716763006,0.9649122807017544
289,49,3,105,1.0,labelflip_mu0p4,label_flip,11,fedavg,123,1400829696,2129437073,98,97,0.9192305423096565,0.6763170384432843,0.6765671832583245,0.67748866141792,65,90,100,12,0.1779288855355418,0.07257023593012707,17.722634938293567,0.9867079149516294,5762,56D83573245DAC8D57A070E9DD031C2D89C84E0A2DC8C6F5B6DD57FB1C3FB286,1311281772FDEE3AD972A6AEC0BC7DE73D91536C2F855ABC3F09B1C93F92445D,11,0.9111747851002865,0.7836538461538461,0.24281150159744408,0.6929133858267716,0.96,0.78125,0.7236363636363636,0.7272727272727273,0.6766169154228856,0.1459227467811159,0.5819567979669632,0.9026548672566371
290,49,3,105,1.0,labelflip_mu0p4,label_flip,11,fedprox,123,1400829696,2129437073,98,97,0.9003316211542022,0.6948267679164689,0.6922669958114468,0.6969352263276934,65,90,100,12,0.1779288855355418,0.07257023593012707,17.722634938293567,0.9867079149516294,5762,001A586464D6E3B402949C0C9CBF6B9FFE79586BFE29F18C7FE996CD937E65D3,5FC25BF79EF1741D94B16030BFABCC5D0EA4563CFF5F1781C10E5D8DF6C48ED5,11,0.9178470254957507,0.8009708737864077,0.2206896551724138,0.746268656716418,0.9602122015915119,0.808641975308642,0.7674418604651163,0.7472527472527473,0.6903553299492385,0.192,0.5842696629213483,0.9272727272727272
291,49,3,105,1.0,labelflip_mu0p4,label_flip,11,random_trimmed_mean,123,1400829696,2129437073,98,97,0.9161890221818907,0.6639772187944946,0.6174760716183123,0.6132372164604217,65,90,100,12,0.1779288855355418,0.07257023593012707,17.722634938293567,0.9867079149516294,5762,29EA4056E1B85A35DC796BB75BBAB197CD6D204F2B3B4BD08B6EE85C95E7D224,BF5E72084E4414928A265114C20B6E221331AF93E71B862E959C2D6839A9E366,11,0.8766404199475065,0.7448275862068966,0.21323529411764705,0.9471458773784355,0.4262295081967213,0.6369426751592356,0.9565217391304348,0.3,0.5327868852459017,0.45141065830721006,0.6294277929155313,0.6436781609195402
292,49,3,105,1.0,labelflip_mu0p4,label_flip,11,fedle_adapted,123,1400829696,2129437073,,100,0.9804789463688426,0.6369245372567631,0.6671003743072966,0.6625074977862317,60,95,100,16,0.15900463179040764,0.07964021778004712,18.25251404315732,0.9235955575053684,5924,EE3EDBBC36252759F7AD594AA6AA6397B063A3E18016569A90FEC02F5415FFD0,26E9C2C9A938AC5F16801F961D7BB52454EC02F913CF8D8EC1724CABFA06F1F7,15,0.8816568047337278,0.09282700421940929,0.19574468085106383,0.672,0.959349593495935,0.6933333333333334,0.6948853615520282,0.8789237668161435,0.8367346938775511,0.46215139442231074,0.6175710594315246,0.9649122807017544
293,49,3,105,1.0,labelflip_mu0p4,label_flip,11,tea_fl,123,1400829696,2129437073,93,92,0.9459515580872987,0.6905552918841955,0.674094971070609,0.6713408871010649,40,70,95,13,0.2590062470225768,0.0768879491715167,15.452468816656584,0.7458665168588833,4961,D3B3555E535A082C0FCC58357AB4CC76E940CE5A98FD43563FEBB9195E61811E,EC42E0B55EBA78E203546808D7A0C964B4AC00EC737D085948551B7762E4C709,11,0.9213483146067416,0.8298368298368298,0.21782178217821782,0.6504065040650406,0.946236559139785,0.8797653958944281,0.7622950819672131,0.8756218905472637,0.0,0.37701149425287356,0.6308345120226309,0.9649122807017544
294,49,3,105,1.0,labelflip_mu0p4,label_flip,11,arl_fl,123,1400829696,2129437073,,100,0.7724745579958527,0.7323208353108686,0.7444982479843878,0.7422103640698591,75,100,100,24,0.19564660799454833,0.0833244672587374,17.226538709441378,0.8589036095424191,5518,34388F5BE42D5D27CCBC58CD9E5FD5379FB86ECDDB915FB552C3EDB23B5D6B8C,DC5C8DA2E06ECDFE8216D642CB59B6A650351A33052D7609DD72358E7D2D1CE9,11,0.907103825136612,0.046511627906976744,0.1689497716894977,0.8808988764044944,0.9731182795698925,0.9157303370786517,0.8903803131991052,0.8975609756097561,0.8571428571428571,0.7339449541284404,0.6702702702702703,0.9649122807017544
295,50,3,105,1.0,labelflip_mu0p4,label_flip,11,fedavg,456,884573031,1066517935,,100,0.9955565499422049,0.6317038443284291,0.5904997990777164,0.5504110008180038,55,95,100,16,0.20192913767673784,0.07582673889583252,17.825935601926933,0.9770515028273428,5961,7D84B0D19E9BDE7833BC3D709F02C6D9077347B57FF19E6FBA89B7F72D3FEC05,D13E36A986B0795F1B4578A61C06A32E9DB461F79F9579F7B4CD1A55AF35719D,11,0.7980295566502463,0.009478672985781991,0.15668202764976957,0.9626556016597511,0.14563106796116504,0.6625514403292181,0.9658536585365853,0.9282296650717703,0.6627906976744186,0.6547619047619048,0.658267716535433,0.0
296,50,3,105,1.0,labelflip_mu0p4,label_flip,11,fedprox,456,884573031,1066517935,,100,0.9827047270171496,0.6468913146654011,0.6065375980482662,0.5683383185551688,55,95,100,16,0.20192913767673784,0.07582673889583252,17.825935601926933,0.9770515028273428,5961,223D7141C6E572BC70E70E77A25C9B7C5B4869B94C1F6C1F539545CAAC0C1A7C,3C2EC6AE5716C4A47F0FC5F6E45C55B0792DE0AE6656EB64A67F62C9728BF937,11,0.8298969072164949,0.0,0.12254901960784313,0.9710743801652892,0.35344827586206895,0.7721822541966427,0.972972972972973,0.9282296650717703,0.5765765765765766,0.648854961832061,0.6442748091603053,0.0
297,50,3,105,1.0,labelflip_mu0p4,label_flip,11,random_trimmed_mean,456,884573031,1066517935,,100,1.1704345840269432,0.5766492643569056,0.5432183197030988,0.5001024204863099,55,95,100,16,0.20192913767673784,0.07582673889583252,17.825935601926933,0.9770515028273428,5961,9F0D36118D7BE7BECBC008B47E9BC9A69B5384E0E583FA5A177254FE1B6D9F4D,6EAA7090EACF3D2BEE327F3E8489308B007FC9221A80196D797B9A7C3D38A5F9,11,0.8556962025316456,0.0,0.21691973969631237,0.8309859154929577,0.06060606060606061,0.6228239845261122,0.853448275862069,0.9,0.5098039215686274,0.560126582278481,0.590818363273453,0.0
298,50,3,105,1.0,labelflip_mu0p4,label_flip,11,fedle_adapted,456,884573031,1066517935,,100,1.0548916282278133,0.6302800189843379,0.619004035868413,0.6067922031106979,65,100,100,20,0.2012246599845249,0.08162036687277535,17.845660977308896,0.93623096817985,5947,017DED8A72188F0FFEF06DA9A1E7537559A6DA2FE4A6CE8166E6400DB02CA5E2,DED03A2F1FA553E3F5C589103AB05E9008E2E4F3B238EFF57FC55CA6BB9581AA,15,0.9111747851002865,0.03686635944700461,0.14578587699316628,0.8705357142857143,0.6556291390728477,0.728538283062645,0.8898876404494382,0.8468468468468469,0.7389162561576355,0.5693950177935944,0.5768194070080862,0.3111111111111111
299,50,3,105,1.0,labelflip_mu0p4,label_flip,11,tea_fl,456,884573031,1066517935,,100,2.957961452476889,0.15662078785002373,0.14385824458834096,0.10843829348421478,50,75,100,14,0.25434380759250097,0.08244429513600272,16.358324844285566,0.798028868694325,5465,E830DAD24A8A0DD6301DB8E1A58977ED91C14564F6D02894C24F6E3686B4875B,A7496E66D7302AA5614BFD630BF17175B20E3878E8D8A3F868AB8798EE4BB511,11,0.0,0.05235602094240838,0.13043478260869565,0.005698005698005698,0.0,0.3391304347826087,0.4873417721518987,0.0,0.009900990099009901,0.27639751552795033,0.0,0.0
300,50,3,105,1.0,labelflip_mu0p4,label_flip,11,arl_fl,456,884573031,1066517935,,100,1.1930224405514103,0.5690555291884195,0.5591766898610319,0.5636107671623084,95,100,100,25,0.2515755688714821,0.09140037703756686,16.435835528474094,0.7994244144216165,5387,FBA45E7CA53BD3EDC412D44D21BA145BF53BC636FB24AB8C8C3113C73A1C59C2,82CCED29B307BCD5100D00665C9567BD660C75B81498577DF87E9B3E15A78AF6,11,0.7589743589743589,0.11290322580645161,0.23938223938223938,0.7654320987654321,0.8588235294117647,0.5667752442996743,0.7092198581560284,0.8387096774193549,0.81,0.643598615916955,0.4595103578154426,0.0
301,51,3,105,0.1,clean,none,0,fedavg,123,1400829696,2129437073,,100,1.1561493205130242,0.6198386331276696,0.6044209831858557,0.5609230598764322,50,75,100,14,0.1793032400517513,0.06882194151517007,17.684153011839697,0.9524603240746252,5590,C907C1C2198C7C25FA4F6F7C456091FAB92398B83783DE08BD8BD4C3510F3252,F7090D26BC2A4254FDC44A15B33F8369DD187546AADDE1FCA106E7B1E4919549,11,0.7824074074074074,0.3969795037756203,0.0,0.7611940298507462,0.9604221635883905,0.9276139410187667,0.7821011673151751,0.728744939271255,0.7657142857142857,0.6258992805755396,0.0,0.0
302,51,3,105,0.1,clean,none,0,fedprox,123,1400829696,2129437073,,100,1.1073678578026893,0.6274323682961557,0.6121777626150577,0.5663556502251165,50,75,100,14,0.1793032400517513,0.06882194151517007,17.684153011839697,0.9524603240746252,5590,A77CF052F602A1B310800C18DFC28607E5FAF03E744B50FA97EBAA332B615104,2AABA7A18872D5E2F7E6D0E49A13FD956F865658C0090B5E54C1C884D86DDBEC,11,0.7915690866510539,0.4064864864864865,0.0,0.7853658536585366,0.9731182795698925,0.9202127659574468,0.7992047713717694,0.72,0.7717391304347826,0.6285714285714286,0.0,0.0
303,51,3,105,0.1,clean,none,0,random_trimmed_mean,123,1400829696,2129437073,,100,1.2344142853167026,0.5291884195538681,0.5088877343900932,0.4496481817822892,50,75,100,14,0.1793032400517513,0.06882194151517007,17.684153011839697,0.9524603240746252,5590,C6AB729DAC2C8005996366E0DEF1300F5298E2FF362C8F57921600BEC1A90FAE,3369BE184F054B4AE27B034E8073DE947AC3D8FEC498820552D61F6DB07A28FA,11,0.00909090909090909,0.3894839337877313,0.0,0.7064935064935065,0.9137055837563451,0.7746478873239436,0.7430683918669131,0.567741935483871,0.5909090909090909,0.7006369426751592,0.0,0.0
304,51,3,105,0.1,clean,none,0,fedle_adapted,123,1400829696,2129437073,,100,1.3304721372468131,0.6131941148552444,0.5859983773492375,0.5452608676476894,50,95,100,15,0.1673920763924799,0.06628581198457953,18.017665594299295,0.9212132378342277,5670,736129ABA5782A468BD9D6726C9C9F377D1EBB53C7CD96475400A0454BA25D57,19FD18816E4920351BD261D6B7C52C611D215AE4017A8CBEEB44AF2A5678D325,15,0.5907590759075908,0.08,0.22033898305084745,0.38311688311688313,0.9597855227882037,0.8588235294117647,0.5851528384279476,0.6911764705882353,0.6933333333333334,0.7888198757763976,0.6918238993710691,0.0
305,51,3,105,0.1,clean,none,0,tea_fl,123,1400829696,2129437073,,100,1.292824086104177,0.5182724252491694,0.4861443606969165,0.45061239229947,60,90,100,17,0.27675568702247066,0.08405704037842535,14.955484496659555,0.6875569383089537,4550,E6BBC9AB1523FC09EE0592F6A8977BD781D701326D05B4C7629317C0E68D60F8,6D0A9E690DB649B6F734704EB5A9162F8B2E7E453B8B4A2CD3BB51D0C46379C4,11,0.0,0.015209125475285171,0.18156028368794327,0.639344262295082,0.8578199052132701,0.884393063583815,0.7069271758436945,0.0,0.5020576131687243,0.6882591093117408,0.59375,0.3380281690140845
306,51,3,105,0.1,clean,none,0,arl_fl,123,1400829696,2129437073,,100,0.9047260644824006,0.7323208353108686,0.6896021978343416,0.6570142675237509,80,100,100,21,0.19835422996697405,0.05871022004564061,17.15072529421346,0.88000088000088,5307,C3E6C8DFD91A51D28926C1D9AE2D84A2EB39FAB54F544F9A30B5CD397C81B201,81EDFCFBBD9259B53894ADC2E5157A47974B9CDA2348CAB95458B7007CE4F002,11,0.8585858585858586,0.6292517006802721,0.020942408376963352,0.7733990147783252,0.9451697127937336,0.9418282548476454,0.804040404040404,0.6974789915966386,0.7932960893854749,0.759090909090909,0.6610878661087866,0.0
307,52,3,105,0.1,clean,none,0,fedavg,456,884573031,1066517935,,100,1.0128703212421202,0.6160417655434267,0.5869036597979863,0.5542440693943406,60,95,100,16,0.21365525323648196,0.07132271809068896,17.497604366254098,0.9543692215926036,5718,AD7F8F5271ECDBF44E7A1B606F31A35A19CE4A62753F7335864E90041AB186ED,D197E5B89D0C94F2F03BFD07F701B0AC8835C17AFEE81298AE84F0ABF04885E8,11,0.5975395430579965,0.0,0.2698706099815157,0.9426751592356688,0.5078125,0.9264305177111717,0.9178082191780822,0.4869109947643979,0.7745664739884393,0.5481481481481482,0.6791666666666667,0.0
308,52,3,105,0.1,clean,none,0,fedprox,456,884573031,1066517935,,100,0.9553029709480133,0.6777408637873754,0.6452106885104748,0.6204693162408151,60,95,100,16,0.21365525323648196,0.07132271809068896,17.497604366254098,0.9543692215926036,5718,D06C23A9F9B2169C7D31288809F229F821DA24D6104D745F85D49F0F3A979946,4855972E586F282E729F1AA572FFAFDE7B287A2EE65263588961BDED6017AAE6,11,0.6003552397868561,0.0,0.29577464788732394,0.9710743801652892,0.9703504043126685,0.9213483146067416,0.9241379310344827,0.7037037037037037,0.7784431137724551,0.6351351351351351,0.6453089244851259,0.0
309,52,3,105,0.1,clean,none,0,random_trimmed_mean,456,884573031,1066517935,,100,1.143818587616376,0.5719031798766018,0.5506261122344408,0.5329602430407604,60,95,100,16,0.21365525323648196,0.07132271809068896,17.497604366254098,0.9543692215926036,5718,210A52A2D44B5525E395674002EBAD0D536B521B8C8D0ED74D74BB9BFF38C846,355277F49142B01EF91E15DD1955EFC12CBC8E6671A191C8464B199CA398E73F,11,0.15196078431372548,0.0,0.23418573351278602,0.973630831643002,0.9418282548476454,0.8173374613003096,0.9136363636363637,0.6223776223776224,0.719626168224299,0.4549019607843137,0.5660377358490566,0.0
310,52,3,105,0.1,clean,none,0,fedle_adapted,456,884573031,1066517935,,100,1.0764039274522577,0.6559088751779781,0.6341914690021349,0.6119435578395911,75,100,100,20,0.20834678389409284,0.07337360894402256,17.646241507840994,0.9097732390201743,5701,F4130474BE6E79CAD4106849DAED687FF6A6341F5C7517E32F9B2EAEBFF15AE8,CD8441F9FEBE0F37FC4B53EFDA2E1164356D3875BE28966169233462393E7372,15,0.8133971291866029,0.5329949238578681,0.40764331210191085,0.7518796992481203,0.9675675675675676,0.9336870026525199,0.7858546168958742,0.6346153846153846,0.6187050359712231,0.5934065934065934,0.30357142857142855,0.0
311,52,3,105,0.1,clean,none,0,tea_fl,456,884573031,1066517935,,100,1.1954366840567134,0.6587565258661604,0.5542388458727365,0.5045149508039612,55,100,100,18,0.3262600621547122,0.0835716441331079,14.34466971654365,0.6300552085876525,4446,B1B62A4687F57FC0AE57B401909CCA6794215AF8C03E93E5A9B08D5D91BAFB5E,30D390B1518DEF2C9276E4647A3CB1B5205345453DCB7A40E8A247DEAE548F82,11,0.7854785478547854,0.6207951070336392,0.0,0.9734151329243353,0.7368421052631579,0.8173374613003096,0.7096774193548387,0.10526315789473684,0.0,0.6698564593301436,0.6355140186915887,0.0
312,52,3,105,0.1,clean,none,0,arl_fl,456,884573031,1066517935,,100,1.227914186382837,0.6041765543426673,0.5665082123353751,0.5134032165872963,75,100,100,23,0.24015974314855953,0.08226449974305351,16.755478648715926,0.9138470676932215,5426,A89328EBE65D1C51F74150C5037C198F640823758E9DFBF7BA2B5F566FF92D70,6C25D84D7DF99F3930E47962A5484994C1AF986B171706168C80CDCC26992781,11,0.9222222222222223,0.6461538461538462,0.0297029702970297,0.8495575221238938,0.15458937198067632,0.8409090909090909,0.5480427046263345,0.32367149758454106,0.5266457680250783,0.7268722466960352,0.5924713584288053,0.0
313,53,3,105,0.1,signflip_mu0p2,sign_flip,6,fedavg,123,1400829696,2129437073,,100,24.44468095487025,0.08732795443758899,0.08333333333333333,0.013385712207187546,50,75,100,14,0.1793032400517513,0.06882194151517007,17.684153011839697,0.9524603240746252,5590,9EB7A68372CC969582AADF4C202C330268E6F577D1E4FF4BA7DCAE53375F892E,221016A28298FA3E0CBF7C000AB56CFEE55EA67773C47BBF3D10327A10533BC0,11,0.16062854648625055,0.0,0.0,0.0,0.0,0.0,0.0,0.0,0.0,0.0,0.0,0.0
314,53,3,105,0.1,signflip_mu0p2,sign_flip,6,fedprox,123,1400829696,2129437073,,100,27.02547526042723,0.051257712387280496,0.08333333333333333,0.008126410835214447,50,75,100,14,0.1793032400517513,0.06882194151517007,17.684153011839697,0.9524603240746252,5590,F4CDCEDF97CA20A75CD816C4FAE20083182C97283A80338A5EB1DB3EEB175695,CE3E223FE016915A98281AC14C41C4C2DF98B9B08F90C41F6C08548148A4A918,11,0.0,0.0,0.0,0.0,0.0,0.0,0.0,0.09751693002257336,0.0,0.0,0.0,0.0
315,53,3,105,0.1,signflip_mu0p2,sign_flip,6,random_trimmed_mean,123,1400829696,2129437073,,100,2.0960467803744156,0.5068818224964404,0.477195946689185,0.39032966150831805,50,75,100,14,0.1793032400517513,0.06882194151517007,17.684153011839697,0.9524603240746252,5590,77AE3E0A684508FB2A12580473F300D9F3F16A1E39E787CCE0B49673A5362CC7,02F18B44E20025BCCAFB3BC1791D2A1629A99F856319945D44D42886AD8F806F,11,0.0,0.38926174496644295,0.0,0.5632183908045977,0.8490566037735849,0.9018567639257294,0.685025817555938,0.6211180124223602,0.0,0.6666666666666666,0.007751937984496124,0.0
316,53,3,105,0.1,signflip_mu0p2,sign_flip,6,fedle_adapted,123,1400829696,2129437073,,100,16.14235135979374,0.09682012339819648,0.08333333333333333,0.014712245781047165,50,95,100,15,0.1673920763924799,0.06628581198457953,18.017665594299295,0.9212132378342277,5670,CEA7C284A6A38BD4C8F00C1E53934CD0EB2D0A1B0022225840A5FC09F5BF535E,E9F58C87BE7901714CAECDB1BC077F3E8143D7225642E63C75C112B61F311AC8,15,0.0,0.0,0.0,0.0,0.0,0.0,0.176546949372566,0.0,0.0,0.0,0.0,0.0
317,53,3,105,0.1,signflip_mu0p2,sign_flip,6,tea_fl,123,1400829696,2129437073,,100,1.327889749378065,0.5325106786900807,0.48246053698192265,0.42273193092456723,60,80,100,15,0.26317971249967725,0.0763633772223227,15.335611783297772,0.6807989175297211,4763,00FC30E999AE11508B908FE5C8E633B74D2057A99761A181C6C98CB2BF312230,B9ED5062AE69DC48CD87C4B1D2AD82C3FEEF0D35956191ADA43C8C311B62F4E6,11,0.7522522522522522,0.140625,0.2184873949579832,0.7309644670050761,0.8878048780487805,0.0,0.7775628626692457,0.6619718309859155,0.0,0.17307692307692307,0.6030534351145038,0.12698412698412698
318,53,3,105,0.1,signflip_mu0p2,sign_flip,6,arl_fl,123,1400829696,2129437073,,100,1.3962798430900412,0.5704793545325106,0.5196050528666819,0.4504141924861556,70,95,100,19,0.1998027971130937,0.06928581198458014,17.110165414122108,0.8664572728257338,5313,71F5D13299EBCCD18D5EC2D3D06FC12B2E128973EF65FF56C07A164F62F705ED,424F2D9870BD0335033669207F1CAF397475BA9925F77CC64720272B725603E6,11,0.629695885509839,0.26440677966101694,0.0,0.4909090909090909,0.9562841530054644,0.8246153846153846,0.6232558139534884,0.49876543209876545,0.0,0.4418604651162791,0.675177304964539,0.0
319,54,3,105,0.1,signflip_mu0p2,sign_flip,6,fedavg,456,884573031,1066517935,,100,65.30557494849235,0.11817750355956336,0.08333333333333333,0.01761460101867572,60,95,100,16,0.21365525323648196,0.07132271809068896,17.497604366254098,0.9543692215926036,5718,2ECCCBF04958C30581E8FE9845FF8B7D9A27419D0143FA5E5EB74EE35D34F7D4,B789E3CCF25B4A58AA1A0F36C18C207B048CF38791591A1C0358A9ED7D3751A2,11,0.0,0.0,0.0,0.21137521222410866,0.0,0.0,0.0,0.0,0.0,0.0,0.0,0.0
320,54,3,105,0.1,signflip_mu0p2,sign_flip,6,fedprox,456,884573031,1066517935,,100,66.3173270042213,0.11817750355956336,0.08333333333333333,0.01761460101867572,60,95,100,16,0.21365525323648196,0.07132271809068896,17.497604366254098,0.9543692215926036,5718,F00EDE45BCA93295663CFC1F28C7616F5DE4AA567286C08C2AFF278C42560463,62230F790E8504B67A345748E14293884D75D80BF759CADD66C0A9244EE23753,11,0.0,0.0,0.0,0.21137521222410866,0.0,0.0,0.0,0.0,0.0,0.0,0.0,0.0
321,54,3,105,0.1,signflip_mu0p2,sign_flip,6,random_trimmed_mean,456,884573031,1066517935,,100,1.4662967622138676,0.4632178452776459,0.45226368074261797,0.3800859388544468,60,95,100,16,0.21365525323648196,0.07132271809068896,17.497604366254098,0.9543692215926036,5718,AC9CBACAA012DB2DE9F896979806C873D52F4F7410DC1832A1AE451A6647139D,540AADA086238E754B9D39B684BEA9C591AD80A4FA7DF45CD6B04FE2EE8AB677,11,0.0,0.3797235023041475,0.0,0.9504950495049505,0.6641651031894934,0.5819397993311036,0.2711864406779661,0.782608695652174,0.43243243243243246,0.49848024316109424,0.0,0.0
322,54,3,105,0.1,signflip_mu0p2,sign_flip,6,fedle_adapted,456,884573031,1066517935,,100,44.067700749955364,0.051257712387280496,0.08333333333333333,0.008126410835214447,75,100,100,20,0.20834678389409284,0.07337360894402256,17.646241507840994,0.9097732390201743,5701,A66572183628098CE95903C0BCE22A9FBCEB8A2A892ECF60CFF47BD2885E0B27,E17D63DE5CCED5BDB8A2496583CF95D526DF5D79F41E18E1912B4CE29322E98A,15,0.0,0.0,0.0,0.0,0.0,0.0,0.0,0.09751693002257336,0.0,0.0,0.0,0.0
323,54,3,105,0.1,signflip_mu0p2,sign_flip,6,tea_fl,456,884573031,1066517935,,100,1.6959576371669995,0.5562411010915994,0.507754131144076,0.4262608304777802,55,90,100,19,0.32437008132460365,0.09104569339481437,14.397589179786689,0.6380755640986784,4526,63172E5702C5DF0596964E51B6E8AB437899AD8022661DD0532882DE32A42651,AAA0ABBA371F19123DBA8701E6DDAB65F22A877386DA59CCD74A619281B0698A,11,0.0,0.4181256436663234,0.0,0.9073724007561437,0.9703504043126685,0.868421052631579,0.8345679012345679,0.5013054830287206,0.0,0.6149870801033591,0.0,0.0
324,54,3,105,0.1,signflip_mu0p2,sign_flip,6,arl_fl,456,884573031,1066517935,,100,1.9987094718016998,0.5472235405790223,0.5067753011844882,0.44743062647835813,70,100,100,23,0.24227304109942888,0.06837360894402289,16.696306306091586,0.893415527561869,5384,FB2D9CC8D4059767838E319C3D206EEEE37D6F00DDA09808CECD4603CFA17C37,1498C2BF77FB7A38A04FDD837652EE286DB873F594C5B3C6397112E3BDAC82B4,11,0.0,0.37683823529411764,0.0,0.9795918367346939,0.7904967602591793,0.6287015945330297,0.9473684210526315,0.7704918032786885,0.34710743801652894,0.5285714285714286,0.0,0.0
325,55,3,105,0.1,signflip_mu0p4,sign_flip,11,fedavg,123,1400829696,2129437073,,100,129.4204949124141,0.09065021357380161,0.08333333333333333,0.013852625471424428,50,75,100,14,0.1793032400517513,0.06882194151517007,17.684153011839697,0.9524603240746252,5590,15216A72EBD3A597344A989A50B53594AD338EE27FA52486443DD8B11A3F774B,9AF7E0117BBCE81B579AAFC20B55240F14C2B32F89C56B7A874A74219F4FCE7D,11,0.0,0.0,0.0,0.0,0.0,0.16623150565709313,0.0,0.0,0.0,0.0,0.0,0.0
326,55,3,105,0.1,signflip_mu0p4,sign_flip,11,fedprox,123,1400829696,2129437073,,100,124.78338821838408,0.09065021357380161,0.08333333333333333,0.013852625471424428,50,75,100,14,0.1793032400517513,0.06882194151517007,17.684153011839697,0.9524603240746252,5590,15732F664F9E7D7EEA6846F8B55A0B524E175720960C234A1022D77E8FBA8E9B,60229BD859698634F71A6A0E1F0333913076B518570C3C23D9C243B4FD914137,11,0.0,0.0,0.0,0.0,0.0,0.16623150565709313,0.0,0.0,0.0,0.0,0.0,0.0
327,55,3,105,0.1,signflip_mu0p4,sign_flip,11,random_trimmed_mean,123,1400829696,2129437073,,100,19.23897059460528,0.09065021357380161,0.08333333333333333,0.013852625471424428,50,75,100,14,0.1793032400517513,0.06882194151517007,17.684153011839697,0.9524603240746252,5590,A1F5D0F2C1BC22D9CC0322AF8C2D5E89C09F5C2B099F194AC653174EB53F78F7,6230B6249F0480CB81DED9B748B1117702BE61670D1247D1F4D709B499DAEA8F,11,0.0,0.0,0.0,0.0,0.0,0.16623150565709313,0.0,0.0,0.0,0.0,0.0,0.0
328,55,3,105,0.1,signflip_mu0p4,sign_flip,11,fedle_adapted,123,1400829696,2129437073,,100,167.6664632789094,0.09065021357380161,0.08333333333333333,0.013852625471424428,50,95,100,15,0.1673920763924799,0.06628581198457953,18.017665594299295,0.9212132378342277,5670,6C6B77846AA33134D1882BA1DDFA8492395FD009DAB5E010AEE7A772D9F857AD,546745D1EEC0E3AD9300398C0C3F63873EB21FA632324FD9FD527DE7930D80E2,15,0.0,0.0,0.0,0.0,0.0,0.16623150565709313,0.0,0.0,0.0,0.0,0.0,0.0
329,55,3,105,0.1,signflip_mu0p4,sign_flip,11,tea_fl,123,1400829696,2129437073,99,98,3.7211995156500426,0.3488372093023256,0.342660586531853,0.24971144083686447,55,75,100,13,0.25215943587489537,0.058285811984582686,15.644179528791662,0.7136540962288687,4847,2558FB459CCD781865FB0EC8E5721F2931C73B8D29663294F84B230D0C927867,3671AA6A1640A10DEEEE13C1C5A3BAA554B31AB05510F7904630CBF976FB522D,11,0.0,0.0,0.24516129032258063,0.0,0.86810551558753,0.8737373737373737,0.0,0.0,0.20640569395017794,0.1553398058252427,0.647787610619469,0.0
330,55,3,105,0.1,signflip_mu0p4,sign_flip,11,arl_fl,123,1400829696,2129437073,,100,21.644022915903065,0.09065021357380161,0.08333333333333333,0.013852625471424428,55,100,100,19,0.19633448229979325,0.05878581198458052,17.207278228894523,0.864949022067012,5344,478845AD1BB9EA49777E1C052C76379D8F1BB408DB4C40A06F3D92E1AF2D0002,338E10DD05FBDFA7231B54209FE7423BE3E2797155438A3104CC9F87C39BD3A5,11,0.0,0.0,0.0,0.0,0.0,0.16623150565709313,0.0,0.0,0.0,0.0,0.0,0.0
331,56,3,105,0.1,signflip_mu0p4,sign_flip,11,fedavg,456,884573031,1066517935,,100,76.4024735918303,0.12197437114380635,0.08333333333333333,0.0181190073322053,60,95,100,16,0.21365525323648196,0.07132271809068896,17.497604366254098,0.9543692215926036,5718,047A58D8C1A4ED3E6B26B5FBE4409EC069C6AB34B7128BBCE1CC325F1B64F333,E6B3551806343243677C43576E37F5D95D5EDDDB96BCB5754C978F780B94C636,11,0.0,0.0,0.0,0.0,0.0,0.0,0.0,0.0,0.0,0.0,0.21742808798646363,0.0
332,56,3,105,0.1,signflip_mu0p4,sign_flip,11,fedprox,456,884573031,1066517935,,100,80.0905738453985,0.12197437114380635,0.08333333333333333,0.0181190073322053,60,95,100,16,0.21365525323648196,0.07132271809068896,17.497604366254098,0.9543692215926036,5718,0A2784F296E02B9EA1DF700A0EF677DFCE78BF6F88FA02F3611E9D529DF99165,2282203EC9FD94D18645AFE0F9B81B0A6BA0893AF13F1286FB81BD417EAFFE0E,11,0.0,0.0,0.0,0.0,0.0,0.0,0.0,0.0,0.0,0.0,0.21742808798646363,0.0
333,56,3,105,0.1,signflip_mu0p4,sign_flip,11,random_trimmed_mean,456,884573031,1066517935,,100,33.481644935951905,0.09682012339819648,0.08333333333333333,0.014712245781047165,60,95,100,16,0.21365525323648196,0.07132271809068896,17.497604366254098,0.9543692215926036,5718,03E641DDF6010EDF3A6CD633E2FF15B673AF3F0F075CC19A04AA4F93D9791C93,0595849460A90A2257B39074CDE4F27E30D6CAC77A84FCD12AD6C46914FCDDDA,11,0.0,0.0,0.0,0.0,0.0,0.0,0.176546949372566,0.0,0.0,0.0,0.0,0.0
334,56,3,105,0.1,signflip_mu0p4,sign_flip,11,fedle_adapted,456,884573031,1066517935,,100,78.28935008146325,0.051257712387280496,0.08333333333333333,0.008126410835214447,75,100,100,20,0.20834678389409284,0.07337360894402256,17.646241507840994,0.9097732390201743,5701,E32310D2008746309BF99093650B061ACA236639780F72C2A4B1C6BB17336E6B,5E37D46E5FC9015FCC15A41AFA79F716C97F0D4B93D6B982FE1E69F9AFA089A4,15,0.0,0.0,0.0,0.0,0.0,0.0,0.0,0.09751693002257336,0.0,0.0,0.0,0.0
335,56,3,105,0.1,signflip_mu0p4,sign_flip,11,tea_fl,456,884573031,1066517935,,100,2.8583105319927924,0.37731371618414805,0.32854903280886966,0.24435925038422765,65,85,100,15,0.26907101675253287,0.06632271809069051,15.945962987804673,0.7214551750881528,5165,8A3FCFDDFFD1692E5ADFC964053C05F000D8C668B5ED0222F948BB757CF51D60,9686BE6A74BA4B0319A385BE0F4BB0937D3821DBDE0161D5BADBBD02651F4DB6,11,0.0,0.0,0.06652806652806653,0.9258517034068137,0.0,0.0,0.4253731343283582,0.3404255319148936,0.018433179723502304,0.5631067961165048,0.5925925925925926,0.0
336,56,3,105,0.1,signflip_mu0p4,sign_flip,11,arl_fl,456,884573031,1066517935,,100,17.090461353923,0.12197437114380635,0.08333333333333333,0.0181190073322053,75,100,100,20,0.24307006340971032,0.0822644997430534,16.673989681403704,0.8864855281237534,5393,4DCD9589CBBC57D71142A89626F6CB064A635AB483D04047637608A370BF80AF,C2E5FA0FE7C9D638ED91FC2EFCB371826A7767FE3B6CA1152A93F3035D732656,11,0.0,0.0,0.0,0.0,0.0,0.0,0.0,0.0,0.0,0.0,0.21742808798646363,0.0
337,57,3,105,0.1,labelflip_mu0p2,label_flip,6,fedavg,123,1400829696,2129437073,,100,1.1956608371820616,0.5628856193640247,0.5383836580682017,0.5004298122746799,50,75,100,14,0.1793032400517513,0.06882194151517007,17.684153011839697,0.9524603240746252,5590,2319A6808D8801CC5873929A73275DF7F46D56E95332A8A39B6B83B9CF66D128,5C81A436214BA97C5B73C070FEDA33E1B104C544897FD7F52B73BDF2C97B8940,11,0.8217821782178217,0.3600867678958785,0.0,0.5395894428152492,0.9254498714652957,0.9080779944289693,0.667779632721202,0.5398230088495575,0.525,0.7098765432098766,0.007692307692307693,0.0
338,57,3,105,0.1,labelflip_mu0p2,label_flip,6,fedprox,123,1400829696,2129437073,,100,1.3208648426927658,0.5533934504034171,0.5328296190200722,0.49481209204807536,50,75,100,14,0.1793032400517513,0.06882194151517007,17.684153011839697,0.9524603240746252,5590,C9D8A37DBBF86D29D9EEAF1C740F979199B88ACD0425B3D02C6FB52254F547E9,7E56A010236076B46CE945C98122EF1D5D70099FBE7683847200915B4F291EBD,11,0.8220551378446115,0.40540540540540543,0.0,0.4817073170731707,0.8960396039603961,0.8900804289544236,0.6482982171799028,0.5765765765765766,0.46153846153846156,0.5714285714285714,0.0,0.18461538461538463
339,57,3,105,0.1,labelflip_mu0p2,label_flip,6,random_trimmed_mean,123,1400829696,2129437073,,100,1.3917910269667992,0.5187470336971998,0.5013842877326957,0.4410035055949694,50,75,100,14,0.1793032400517513,0.06882194151517007,17.684153011839697,0.9524603240746252,5590,682F4723570600691AE0C7F224BA42DD2425629AC7CB7BCC085FD5326409898F,FC11F701D72DF07D78E5E5B59A0B2716270DBE4D1A409AF1617BE643AF06B432,11,0.0,0.37300843486410495,0.0,0.5294117647058824,0.935064935064935,0.815347721822542,0.667779632721202,0.7228915662650602,0.5,0.7485380116959064,0.0,0.0
340,57,3,105,0.1,labelflip_mu0p2,label_flip,6,fedle_adapted,123,1400829696,2129437073,,100,0.9482749304502114,0.6763170384432843,0.6239368332531906,0.5950871002521475,50,95,100,15,0.1673920763924799,0.06628581198457953,18.017665594299295,0.9212132378342277,5670,5232141B7D8369FAD61D55EA269AEDFF6547390DD40A37CA51547733DB7766B3,73570255538BBEE5B179AF3C28333D2579D3DDD3EE8859B6B3B2172DB5FCE25E,15,0.8931506849315068,0.6613226452905812,0.07758620689655173,0.543859649122807,0.9758713136729222,0.9121813031161473,0.7153024911032029,0.5865102639296188,0.43902439024390244,0.6597222222222222,0.6765140324963073,0.0
341,57,3,105,0.1,labelflip_mu0p2,label_flip,6,tea_fl,123,1400829696,2129437073,,100,1.3157155466803907,0.5723777883246322,0.5321485776404411,0.4529212035756187,60,90,100,13,0.2653784247337119,0.08218801284927378,15.2740478407448,0.6807583648184077,4702,1979F64CD3F8DDD9BC3D8DDAC399CA4F9E6EA9DF9A424F82B8903D9904D66383,077466DF75D65BBECAE6C1313BEAD3CF4EE3F7A8B6B78660A14C9A9A0E51108C,11,0.6705653021442495,0.0,0.11583011583011583,0.9339019189765458,0.0,0.5363984674329502,0.9061784897025171,0.6374501992031872,0.3835616438356164,0.576271186440678,0.6748971193415638,0.0
342,57,3,105,0.1,labelflip_mu0p2,label_flip,6,arl_fl,123,1400829696,2129437073,,100,1.0424073750677412,0.5942097769340294,0.5553122894658782,0.5134641484504606,75,100,100,18,0.19619406218690452,0.0592858119845803,17.21120999205541,0.8802042073761113,5327,682D4E3EEC8FA1E8A1AEAE7DB3789B96EE4E81832D9242E437D00D84C87A567C,DED1B8AD6856AFE73CB6E2A30C5884CFCAAB50E05E37FB82106DB92CB0045843,11,0.0,0.44756756756756755,0.011428571428571429,0.703125,0.9655172413793104,0.8562874251497006,0.7272727272727273,0.6254071661237784,0.5230769230769231,0.7810026385224275,0.5208845208845209,0.0
343,58,3,105,0.1,labelflip_mu0p2,label_flip,6,fedavg,456,884573031,1066517935,,100,1.094940036860585,0.5923113431419079,0.5974158299961688,0.6046813146592099,60,95,100,16,0.21365525323648196,0.07132271809068896,17.497604366254098,0.9543692215926036,5718,6EF14A48644F32BAE0BE5BA732577734F8F3DE7F500B619C52655D71EA428660,6C80016A0A070EA361168EED0916266F5076D590851C0633F65FECD70DB9D636,11,0.0091324200913242,0.04150943396226415,0.24338624338624337,0.9731958762886598,0.9703504043126685,0.7962382445141066,0.9778869778869779,0.3472222222222222,0.6044776119402985,0.6857142857142857,0.6606334841628959,0.9464285714285714
344,58,3,105,0.1,labelflip_mu0p2,label_flip,6,fedprox,456,884573031,1066517935,,100,1.0401390272121493,0.5946843853820598,0.5978754543948467,0.6023721908493388,60,95,100,16,0.21365525323648196,0.07132271809068896,17.497604366254098,0.9543692215926036,5718,AF3D1D9B64B178C1178CA2CAA8AB96A4FE30A7F51442ED386262035107940F7F,9767954815FBAE008AB4C1CC14E5D735ECBB6ECE7766190A5984D204C5FC97F4,11,0.0,0.05791505791505792,0.25140712945590993,0.9753086419753086,0.9703504043126685,0.8398791540785498,0.9800995024875622,0.26277372262773724,0.622568093385214,0.6495726495726496,0.6536796536796536,0.9649122807017544
345,58,3,105,0.1,labelflip_mu0p2,label_flip,6,random_trimmed_mean,456,884573031,1066517935,,100,1.2080541110231122,0.5628856193640247,0.5381679595117804,0.529398560852839,60,95,100,16,0.21365525323648196,0.07132271809068896,17.497604366254098,0.9543692215926036,5718,996F10F2485E36FFEE9D45347651A000EBC360130AD155AB9298F8072CE72B6A,B86C3749A7F1FF4E8E484481E13B86E414796ED716838E91BB67887EB56D7690,11,0.007352941176470588,0.026200873362445413,0.19518716577540107,0.963855421686747,0.9456521739130435,0.7181208053691275,0.9535452322738386,0.5446428571428571,0.5957446808510638,0.5243445692883895,0.6134301270417423,0.2647058823529412
346,58,3,105,0.1,labelflip_mu0p2,label_flip,6,fedle_adapted,456,884573031,1066517935,,100,1.2575292829432982,0.5272899857617466,0.5158315471407451,0.4661080877417205,75,100,100,20,0.20834678389409284,0.07337360894402256,17.646241507840994,0.9097732390201743,5701,B405A8120659B06865014CB9D942FA0A70DEEDD2E17ECDC2BB0EDEA9EB86A477,4950B28939D5D7748925C0494C9EE8303388571E35229E4DF9A3BA47353464AB,15,0.016666666666666666,0.4878836833602585,0.36048526863084923,0.7794117647058824,0.9523809523809523,0.7830188679245284,0.7827788649706457,0.6494464944649446,0.72,0.061224489795918366,0.0,0.0
347,58,3,105,0.1,labelflip_mu0p2,label_flip,6,tea_fl,456,884573031,1066517935,,100,1.4778537789848556,0.5268153773137162,0.46040057544225377,0.38069329062481577,55,95,100,20,0.32285088278169144,0.08426804581697828,14.440126738988234,0.6347795727933475,4504,42CA1D0F5DA118D48B7FDD057BE9070F291735EBCC06C4974018F269790A67B5,A243D7A362ED07CC64C0D65353494B1DAAC9421964E5CFC35EC22B6E86B4E2B8,11,0.0,0.48816936488169366,0.0,0.25874125874125875,0.801762114537445,0.7641509433962265,0.6327503974562798,0.0,0.31654676258992803,0.6637744034707158,0.6424242424242425,0.0
348,58,3,105,0.1,labelflip_mu0p2,label_flip,6,arl_fl,456,884573031,1066517935,,100,1.372132606058252,0.47698149027052683,0.4484892737142266,0.3962646460759071,75,100,100,22,0.2427864681055841,0.08026449974305352,16.681930349919238,0.90315879789564,5375,B94EB850D022491FE9C99EC247FBA0ED4528C029535DB6306A9EFA32863F5A70,73D0A76CFFB05B1774341761A708BFADDBE2E3240A1D91603652CA31D8BC6DB9,11,0.42732919254658386,0.3475609756097561,0.0,0.967741935483871,0.05102040816326531,0.8726287262872628,0.7893175074183977,0.2810368349249659,0.48854961832061067,0.03125,0.4987405541561713,0.0
349,59,3,105,0.1,labelflip_mu0p4,label_flip,11,fedavg,123,1400829696,2129437073,,100,1.7679553297836745,0.3032747982914096,0.3202950299761984,0.27404368360252584,50,75,100,14,0.1793032400517513,0.06882194151517007,17.684153011839697,0.9524603240746252,5590,4FC49AB94BD71F701F1A6748C1AB4575460E38C31454FEF920E6A9A9B3776311,0ED46E9EB926C6ECE58EF1AC84CB774509F8E4689B18856584F393C0B8AD3FD3,11,0.0,0.05627705627705628,0.3347732181425486,0.7864077669902912,0.028409090909090908,0.45614035087719296,0.32679738562091504,0.5493562231759657,0.7437185929648241,0.0,0.006644518272425249,0.0
350,59,3,105,0.1,labelflip_mu0p4,label_flip,11,fedprox,123,1400829696,2129437073,,100,1.624828276500693,0.3749406739439962,0.38075487294110427,0.31583160499677193,50,75,100,14,0.1793032400517513,0.06882194151517007,17.684153011839697,0.9524603240746252,5590,34CEF37EF9D87814EF7067959FC3647F9F7C9E670983ADA42D73F332DD523AD3,FD4520C8CBA9484E935A704615981491F9B564E5EA70340C679781E8928983BC,11,0.0,0.054279749478079335,0.3615819209039548,0.863013698630137,0.05,0.5526315789473685,0.5384615384615384,0.6196078431372549,0.7380952380952381,0.0,0.012307692307692308,0.0
351,59,3,105,0.1,labelflip_mu0p4,label_flip,11,random_trimmed_mean,123,1400829696,2129437073,,100,2.086930757345155,0.3046986236355007,0.29156501143319347,0.20896094818506672,50,75,100,14,0.1793032400517513,0.06882194151517007,17.684153011839697,0.9524603240746252,5590,BA30BF13FC43D474EF22B24E74A8953FE2A72C31152F764A6573A1A0D02198FE,1B5F3D15FB7C9932B69E11F80743F294A2A6C8A9A2C325101ABDFBB3BCA94E52,11,0.0,0.01904761904761905,0.32,0.31186440677966104,0.03761755485893417,0.44794188861985473,0.8109243697478992,0.09655172413793103,0.4,0.0,0.06358381502890173,0.0
352,59,3,105,0.1,labelflip_mu0p4,label_flip,11,fedle_adapted,123,1400829696,2129437073,,100,2.927299299792311,0.23588039867109634,0.2424111444804584,0.16718968941215495,50,95,100,15,0.1673920763924799,0.06628581198457953,18.017665594299295,0.9212132378342277,5670,B8C75763C6217E9582FDF96FAF35C40E31F142ADF91D4800C0D2E9EE05850DAA,B485D83C9A1386CFD41E0D46921052C72168B65C52919EC0E3F37B47AE3BE16D,15,0.0,0.5490753911806543,0.0,0.006097560975609756,0.0,0.5989304812834224,0.0,0.096,0.5833333333333334,0.0,0.1728395061728395,0.0
353,59,3,105,0.1,labelflip_mu0p4,label_flip,11,tea_fl,123,1400829696,2129437073,,100,3.51968741020887,0.2349311817750356,0.24394066993110006,0.166716392332696,60,85,100,17,0.27161644058812556,0.0880570403784249,15.099383396821217,0.686771914462558,4617,A27C2467C000EB04247E1F1BFCE2687B0A9985738B1928DEBA960E32CAC7FD5E,C199E11D87D86BF60B23EC50F160B5BF2AAB630835B9E25B3180515F98B21A1B,11,0.0,0.47058823529411764,0.4066115702479339,0.0,0.0,0.7637540453074434,0.0,0.0025,0.35714285714285715,0.0,0.0,0.0
354,59,3,105,0.1,labelflip_mu0p4,label_flip,11,arl_fl,123,1400829696,2129437073,,100,2.1216615562366545,0.1741813004271476,0.1947441692630544,0.1049288427711041,70,95,100,18,0.192750200247594,0.0607858119845803,17.307638126356103,0.8969917140390415,5380,A7AF22766CBB868807B7B39D6D659D9D8E2466D6C7E9983ACBFC957FDADF0A80,42B4A278002D254F40B203842F8D0DC92B1DAE99FD818022E45A4A2E5989EDEC,11,0.0,0.0,0.1661631419939577,0.14788732394366197,0.04938271604938271,0.631578947368421,0.0,0.1739879414298019,0.04040404040404041,0.010526315789473684,0.0392156862745098,0.0
355,60,3,105,0.1,labelflip_mu0p4,label_flip,11,fedavg,456,884573031,1066517935,,100,1.960659040225644,0.3564309444708116,0.3544261229632797,0.2721327424223847,60,95,100,16,0.21365525323648196,0.07132271809068896,17.497604366254098,0.9543692215926036,5718,04FA3E922360E671A67B5ECE3FCC27E3429B50D4818A1F99286EE27E815049C0,606D697821B88AB16ACB43352D4A91E4BE89454C0804153B9BEFCCB801FCDAF5,11,0.6010928961748634,0.1984126984126984,0.48427672955974843,0.20640569395017794,0.0,0.7138047138047138,0.0,0.32078559738134205,0.13043478260869565,0.00851063829787234,0.6018691588785047,0.0
356,60,3,105,0.1,labelflip_mu0p4,label_flip,11,fedprox,456,884573031,1066517935,,100,1.6040979497626204,0.4470811580446132,0.4323855055302517,0.3778985031074759,60,95,100,16,0.21365525323648196,0.07132271809068896,17.497604366254098,0.9543692215926036,5718,92A9238B8EDB768058D530E2DB356C01A3D0C10EC94A0F23B9ED654D8437B0D0,E75F0C3CC13AAE5083BABA438AB1BB7570CDAE4749CE9B2D7C1CDE82A7225DA1,11,0.5480769230769231,0.0,0.4864864864864865,0.5074626865671642,0.0,0.7987421383647799,0.7407407407407407,0.3829787234042553,0.23404255319148937,0.1976284584980237,0.638623326959847,0.0
357,60,3,105,0.1,labelflip_mu0p4,label_flip,11,random_trimmed_mean,456,884573031,1066517935,,100,2.1940225430105214,0.12719506407214048,0.12120951474434787,0.09971761386482063,60,95,100,16,0.21365525323648196,0.07132271809068896,17.497604366254098,0.9543692215926036,5718,5B618CFF39B1CB1DC575DAB7A3A2A9C8B25B546BC1B1F28728A773C1379C6D21,A107FAFDA369A28BF2927E38D19BBB2D023F81B8D93B8020C7EB223EE9F44F37,11,0.0,0.3027027027027027,0.03571428571428571,0.0,0.026465028355387523,0.3949579831932773,0.0,0.27906976744186046,0.08658008658008658,0.04856512141280353,0.022556390977443608,0.0
358,60,3,105,0.1,labelflip_mu0p4,label_flip,11,fedle_adapted,456,884573031,1066517935,,100,2.3434481061800545,0.3678215472235406,0.36690568573449195,0.2801016669044002,75,100,100,20,0.20834678389409284,0.07337360894402256,17.646241507840994,0.9097732390201743,5701,1BEDACFEE00BCE4F10FDBA5F65D21AD449180D6668AA80A057285FAC64AD8453,CC324F92E15ED83169E1AEA735E48A38B4BE7EC541D4AD238942AFEC992A308C,15,0.8674698795180723,0.02666666666666667,0.39904420549581837,0.5294117647058824,0.0,0.5868465430016864,0.0,0.2574772431729519,0.0,0.358974358974359,0.33532934131736525,0.0
359,60,3,105,0.1,labelflip_mu0p4,label_flip,11,tea_fl,456,884573031,1066517935,,100,1.7923784744813083,0.4950166112956811,0.45535304440199104,0.3992354641701626,60,95,100,18,0.3278553546885798,0.08579962242366602,14.30000152559536,0.6221323586593047,4483,756B9BCFD7AC37821F62C415422B5A1A27F4B82DD423AAA4E721E889ECE2D9A8,039EDE1AB2BA178C93BF380316179A05631C5FD6B1F25A298BACA428EF430821,11,0.7044025157232704,0.0,0.1414141414141414,0.0,0.7669902912621359,0.7207792207792207,0.5788712011577424,0.4523809523809524,0.4779874213836478,0.3526170798898072,0.5953827460510328,0.0
360,60,3,105,0.1,labelflip_mu0p4,label_flip,11,arl_fl,456,884573031,1066517935,,100,1.9881703576376273,0.37636449928808735,0.33617386885429057,0.2470572080438811,75,100,100,22,0.23781856954319322,0.08026449974305368,16.821031509666184,0.9063101846607001,5418,77004C04F2337F88B6FFA56FAEB88E6336A819C39562E596D83C8D5035AB0181,808D02D3A9F63869E785A61CCD32BDE8582109C2BEFA7B501D43843C6E3527EB,11,0.0,0.47417840375586856,0.0,0.9006622516556292,0.0,0.3902439024390244,0.0,0.2188365650969529,0.0,0.5289747399702823,0.45179063360881544,0.0
361,61,4,106,1.0,clean,none,0,fedavg,123,213424618,686063111,,100,0.5036427072421356,0.8282462493533368,0.7618572747096116,0.7643016103741238,80,100,100,23,0.2371750735367968,0.08399092364374805,17.3821354857643,0.9910311679302314,6013,E1C5B24A9C1B898016C0499016BDBDB90C8DAA830910C0E11CD535FC5D54141A,09AFEEBA6EA4396841083CC65E941A101BB6BAF3207623899B3BB30A9C1943C1,11,0.9318181818181818,0.5582655826558266,0.46568627450980393,0.9821882951653944,0.9623188405797102,0.9440993788819876,0.9712918660287081,0.8877551020408163,0.8383233532934131,0.7816091954022989,0.8482632541133455,0.0
362,61,4,106,1.0,clean,none,0,fedprox,123,213424618,686063111,,100,0.5162727654219229,0.8210036213140196,0.7542199303183871,0.7555556205230114,80,100,100,23,0.2371750735367968,0.08399092364374805,17.3821354857643,0.9910311679302314,6013,D646BD01759EC1672F68B118E48101224E9C8D154F6E22F3410F8E23EC4E136D,5CFB98590412646C4D604409FCBD0DAC273D765B5F2D733263B1ABC7E464E534,11,0.9041095890410958,0.5412371134020618,0.43315508021390375,0.9794871794871794,0.9501466275659824,0.926829268292683,0.9620853080568721,0.8775510204081632,0.8484848484848485,0.7859237536656891,0.8576576576576577,0.0
363,61,4,106,1.0,clean,none,0,random_trimmed_mean,123,213424618,686063111,,100,0.5065733117841096,0.8225556130367304,0.754934901961664,0.756177024421004,80,100,100,23,0.2371750735367968,0.08399092364374805,17.3821354857643,0.9910311679302314,6013,BBA5B1AE652DEAC51AF971165E2BE17F6AC3BDF2C3A76BDE597EE34FCDCCE3C5,2D178F7C7959A413E7E452337A73C7628D5B69F7CB38F211B02BFA0AE2ABB132,11,0.8975069252077562,0.5352798053527981,0.38953488372093026,0.9689119170984456,0.967930029154519,0.9202453987730062,0.973621103117506,0.87,0.8674698795180723,0.8220858895705522,0.8615384615384616,0.0
364,61,4,106,1.0,clean,none,0,fedle_adapted,123,213424618,686063111,,100,0.6116113427253628,0.7723745473357475,0.7243159075894812,0.699650753466505,80,100,100,21,0.23805527549541514,0.0827338390358747,17.357489830922987,0.917810105089257,5991,4D0177D1ED5C8583C12272BA4B31A8ED12826972B29BC17332DCC3ADA5F28ADA,AD11067D73CA1DA848451C7AB36DE8F0195A7EC9940F8BA72033F06A85B9E87B,15,0.9005524861878453,0.0,0.5511551155115512,0.9795918367346939,0.9649122807017544,0.9235668789808917,0.964200477326969,0.9035532994923858,0.8674698795180723,0.6555819477434679,0.6852248394004282,0.0
365,61,4,106,1.0,clean,none,0,tea_fl,123,213424618,686063111,,100,0.5740585172355206,0.7982410760475944,0.735213089604569,0.7374395574805748,40,80,100,15,0.2992371333640525,0.08173383903587716,15.644397810601141,0.7520776144098071,5301,E49465FD1B45DDD5D8AE668B85BC021E409B6D90A47C87626E30E2A9AF5F2601,4D509FA73153B1B9F6141BFD44697072A65B62F8D974568AEF8A098AC0C8D142,11,0.9252873563218391,0.4928909952606635,0.3413173652694611,0.9717223650385605,0.9649122807017544,0.8993288590604027,0.9759615384615384,0.8585858585858586,0.8695652173913043,0.7139364303178484,0.8357664233576643,0.0
366,61,4,106,1.0,clean,none,0,arl_fl,123,213424618,686063111,,100,0.5195505079199968,0.8101396792550439,0.7453630988252025,0.727074118871892,70,100,100,25,0.27369514425908836,0.08601335611255384,16.35957350554014,0.8841537543378793,5602,D94A29BE0924800B1ADE5975521810C0B8AD1C9B16935F5175B1732598488299,5CF2990226B68C04BD5BD274315D696597125E2888F19314AC248853B9AE4A66,11,0.8919667590027701,0.0,0.5723577235772358,0.9769820971867008,0.967930029154519,0.9308176100628931,0.9783132530120482,0.8756218905472637,0.8903225806451613,0.8091168091168092,0.8314606741573034,0.0
367,62,4,106,1.0,clean,none,0,fedavg,456,19602983,791551251,,100,0.5814412632293178,0.7889291257113296,0.725322743985824,0.7157006777370624,100,100,100,23,0.23099929687122125,0.07540523582393893,17.106355157979383,0.9832720836764544,6017,A023E39ABDDB01A94035D01AE553BF35171644E807882042A153CC565B15E38B,51C2823855ED416E3EA18A47DFF700EC02868FCFFE08F0E2E31C80F2A51AD64A,11,0.9302325581395349,0.06091370558375635,0.5445378151260504,0.96,0.967930029154519,0.8191881918819188,0.9802955665024631,0.8775510204081632,0.8974358974358975,0.7216981132075472,0.8286252354048964,0.0
368,62,4,106,1.0,clean,none,0,fedprox,456,19602983,791551251,,100,0.5770595037545556,0.8132436627004656,0.7457072484984657,0.7493568427851925,100,100,100,23,0.23099929687122125,0.07540523582393893,17.106355157979383,0.9832720836764544,6017,F2FE2AB110397068C4A0E2A87488909B960D12AF1C310A58F9CE5A19978C3BB7,BF48BACAEFDA6FB631472221DBB89897166CFBA781CE8223DE292236B34583C3,11,0.9333333333333333,0.42323651452282157,0.5905797101449275,0.9672544080604534,0.9649122807017544,0.8104089219330854,0.9828009828009828,0.864321608040201,0.8961038961038961,0.7203791469194313,0.8389513108614233,0.0
369,62,4,106,1.0,clean,none,0,random_trimmed_mean,456,19602983,791551251,,100,0.5889760605640135,0.7811691670977755,0.716764667949846,0.7087496256287982,100,100,100,23,0.23099929687122125,0.07540523582393893,17.106355157979383,0.9832720836764544,6017,8F2DF61966AECB9083508E8FF497714CC8F82886867FBF679B89F71D11EA3286,FE62537334F0522EB969E2F053E06707D5F7097795FE1BCF99A0B58491FBFCD4,11,0.9302325581395349,0.09326424870466321,0.5486111111111112,0.964824120603015,0.967930029154519,0.754863813229572,0.9802955665024631,0.875,0.8974358974358975,0.6859688195991092,0.8065693430656934,0.0
370,62,4,106,1.0,clean,none,0,fedle_adapted,456,19602983,791551251,,100,0.6012299400433875,0.793067770305225,0.7341749131655634,0.7317838830016203,75,95,100,19,0.22852827980552923,0.0802136589062136,17.175543635818762,0.9131169246221978,6065,8CB846048F720FC53581FD4DB74C69693CF098B796A89348A1F47A5176657742,388265363B258569DF14512D05D1B639202440424E6DA982A5A0C6D82A86A63B,15,0.935672514619883,0.5574572127139364,0.42487046632124353,0.912,0.967930029154519,0.9205298013245033,0.9754901960784313,0.8137254901960784,0.7526881720430108,0.7085427135678392,0.8125,0.0
371,62,4,106,1.0,clean,none,0,tea_fl,456,19602983,791551251,,100,0.6123736277800795,0.793585100879462,0.7217444887151587,0.7028332551658423,45,80,100,15,0.2859179768606574,0.0815912953835028,15.568632118275172,0.7671726809808302,5327,FE21400A8C24C138CCA99CC9165E4980AC1D8F54E43EB3AFC194AE5356AC7099,5C6DBA1B2D1B3F31B9E0781E89B03EDD03E867ED9CC53D38AA13C92852BB96A9,11,0.8895184135977338,0.0,0.5618729096989966,0.9721518987341772,0.9649122807017544,0.9446254071661238,0.9828850855745721,0.7926267281105991,0.7428571428571429,0.7570332480818415,0.8255159474671669,0.0
372,62,4,106,1.0,clean,none,0,arl_fl,456,19602983,791551251,,100,0.5246743971334488,0.8060010346611485,0.7419903467830982,0.7432780714403663,90,100,100,26,0.26915817049307816,0.08672943195002264,16.03790669656739,0.8452460194195273,5606,82AF1297DD1072D101E22AAE9E207367F3D54A7C7B187D78561060D0484EA71B,5A88F5D5FAB2CDDFD3F0FE6CE60B8F9542342E9FA74387D5105F4E7C0A4CB20A,11,0.9310344827586207,0.5475638051044084,0.3601108033240997,0.9448818897637795,0.9649122807017544,0.9255663430420712,0.964200477326969,0.85,0.8070175438596491,0.7830985915492957,0.8409506398537477,0.0
373,63,4,106,1.0,signflip_mu0p2,sign_flip,6,fedavg,123,213424618,686063111,,100,10.476995893913541,0.10294878427315055,0.08333333333333333,0.015556597873671044,80,100,100,23,0.2371750735367968,0.08399092364374805,17.3821354857643,0.9910311679302314,6013,F07F37C7AD09E560368927ABB7BE0BD5AAA1080B3FDDE4492996E366C8B3946C,731E2C6EF517217E59349CB8FBCF1C1EDEF1DEAAB1F868C3732A3B9D2743847D,11,0.0,0.0,0.0,0.18667917448405252,0.0,0.0,0.0,0.0,0.0,0.0,0.0,0.0
374,63,4,106,1.0,signflip_mu0p2,sign_flip,6,fedprox,123,213424618,686063111,,100,9.835330561535752,0.10294878427315055,0.08333333333333333,0.015556597873671044,80,100,100,23,0.2371750735367968,0.08399092364374805,17.3821354857643,0.9910311679302314,6013,FE8D688A0FA8AE2246E03C193F01A5CB32F2C3BD0A181D4169122634BD64EAD8,C564D43254EFAA81F6088A2A1B6D8FB849B4B8D54238E70A1857E9CBD52EA1E4,11,0.0,0.0,0.0,0.18667917448405252,0.0,0.0,0.0,0.0,0.0,0.0,0.0,0.0
375,63,4,106,1.0,signflip_mu0p2,sign_flip,6,random_trimmed_mean,123,213424618,686063111,,100,0.851410043945722,0.7123642007242628,0.648555306263564,0.6396458057472719,80,100,100,23,0.2371750735367968,0.08399092364374805,17.3821354857643,0.9910311679302314,6013,E8D13147B999E63D1196016EAAD1AB75647E055B7D24047E517EB3E65C580699,9A7B20B28D6D7B8361577CEEE3851262F8C2E9754E3E0307F7DCC8941BFE5B63,11,0.5240464344941956,0.17670682730923695,0.22140221402214022,0.9768637532133676,0.88,0.7933884297520661,0.9575471698113207,0.8527918781725888,0.7681159420289855,0.712166172106825,0.8127208480565371,0.0
376,63,4,106,1.0,signflip_mu0p2,sign_flip,6,fedle_adapted,123,213424618,686063111,,100,14.837742234657789,0.10294878427315055,0.08333333333333333,0.015556597873671044,80,100,100,21,0.23805527549541514,0.0827338390358747,17.357489830922987,0.917810105089257,5991,D5F2EB1E781A1C033ABB785907B145C88DFE3AE579AE3431DABC455B59AD49E4,C7863D6F48FB5E1B627D5BD03D8C972CF85931E46E60C81F95143F65A27872CB,15,0.0,0.0,0.0,0.18667917448405252,0.0,0.0,0.0,0.0,0.0,0.0,0.0,0.0
377,63,4,106,1.0,signflip_mu0p2,sign_flip,6,tea_fl,123,213424618,686063111,,100,0.5899568402699343,0.7961717537506466,0.7357776577944025,0.7408809351371585,40,80,100,14,0.2814119385551223,0.08512777828149386,16.143503265251184,0.7678943377391271,5565,22F4CF22B16DAB608983EF29E24770F5A23A3B9758A6086102566A63FA68C8E0,ECD057A8436F5BA68E5DE4464DB4F7B6DC6F23E2DB11F512A24F41C5E0D07593,11,0.8753462603878116,0.5280898876404494,0.46325167037861914,0.9742268041237113,0.9649122807017544,0.8471337579617835,0.9783132530120482,0.8529411764705882,0.881578947368421,0.732620320855615,0.792156862745098,0.0
378,63,4,106,1.0,signflip_mu0p2,sign_flip,6,arl_fl,123,213424618,686063111,,100,0.7166883460117386,0.7449560269011899,0.6748538318477784,0.6665741767985325,80,100,100,25,0.2730456640011648,0.08107423791736157,16.377758952761997,0.8856611460455229,5626,FD3CAC8A26A4960FDA2F7E85A252B55A490F5496C768AD6DBA00C39A519E08FD,2BA62A97CEE7780F13B49EC4ACF73354EFD24DC3A599ECFCE499D4ACDD14E516,11,0.8963414634146342,0.19004524886877827,0.5343511450381679,0.9386666666666666,0.9649122807017544,0.6390041493775933,0.9829683698296837,0.7206477732793523,0.7114093959731543,0.6422018348623854,0.7783417935702199,0.0
379,64,4,106,1.0,signflip_mu0p2,sign_flip,6,fedavg,456,19602983,791551251,,100,31.810021023027527,0.04397309881013968,0.08333333333333333,0.007020151965642551,100,100,100,23,0.23099929687122125,0.07540523582393893,17.106355157979383,0.9832720836764544,6017,ACDA3C09552A345D49900BD00BCB4171C22258941CECCF28B71460944DF4914D,F7AC6DD1477EF4DFC2D62EE0A48564C5D9BD5F2056AD4C892FB113F185084E8B,11,0.0,0.0,0.0,0.0,0.0,0.0,0.0,0.0,0.08424182358771061,0.0,0.0,0.0
380,64,4,106,1.0,signflip_mu0p2,sign_flip,6,fedprox,456,19602983,791551251,,100,30.135366397389955,0.04397309881013968,0.08333333333333333,0.007020151965642551,100,100,100,23,0.23099929687122125,0.07540523582393893,17.106355157979383,0.9832720836764544,6017,8D7F13ED3321A725D395131283FDDD53BAA81C39D0B0663073D587FA959A0CE5,64CB91DEDBFDD47F1F1AE09F3D34CAA7821FFFE1CBEC558589C3D3F04F8BBD6B,11,0.0,0.0,0.0,0.0,0.0,0.0,0.0,0.0,0.08424182358771061,0.0,0.0,0.0
381,64,4,106,1.0,signflip_mu0p2,sign_flip,6,random_trimmed_mean,456,19602983,791551251,,100,0.9288378713418336,0.6492498706673564,0.6007491364277101,0.5607073299243389,100,100,100,23,0.23099929687122125,0.07540523582393893,17.106355157979383,0.9832720836764544,6017,97052290825B5BBB995372AEF3621339B3CF24903423C67EA938D6EF20202848,B704401B2559A83E5D88E44386A2DD8B016E92BBA6477F0A52062F6F7A920E26,11,0.0,0.4528301886792453,0.06278026905829596,0.9259259259259259,0.9618768328445748,0.4292682926829268,0.9592326139088729,0.7665198237885462,0.7810650887573964,0.6085011185682326,0.7804878048780488,0.0
382,64,4,106,1.0,signflip_mu0p2,sign_flip,6,fedle_adapted,456,19602983,791551251,,100,37.56101239831474,0.05225038799793068,0.08333333333333333,0.008275975090134382,75,95,100,19,0.22852827980552923,0.0802136589062136,17.175543635818762,0.9131169246221978,6065,F57085E77860C1C2D788327714ABCF6C5D55053FBCD9681CFBA1BCF16EFD70F2,ECE4F7D0EAF2755347951618A09751E0CFAECC05D39B2CD539AC143B43330C67,15,0.0,0.0,0.0,0.0,0.0,0.0,0.0,0.09931170108161258,0.0,0.0,0.0,0.0
383,64,4,106,1.0,signflip_mu0p2,sign_flip,6,tea_fl,456,19602983,791551251,,100,0.624282805562266,0.7858251422659079,0.7265120044752216,0.7230739442999914,45,90,100,14,0.28078863890806083,0.08143989163512744,15.712253580947877,0.7519291682723488,5404,0A077F38532DFE5499B68C71966FD368A53C69569D940E51E3173459C0A99286,51321DCD748DF038822454EFF6AF6D630EA66F60CA3C1568572DA6EBFB208A49,11,0.9037900874635568,0.5225225225225225,0.3684210526315789,0.9276139410187667,0.9557522123893806,0.9113149847094801,0.9598108747044918,0.7049808429118773,0.8819875776397516,0.711864406779661,0.8288288288288288,0.0
384,64,4,106,1.0,signflip_mu0p2,sign_flip,6,arl_fl,456,19602983,791551251,,100,0.8674831868944795,0.7216761510605276,0.6812932180526187,0.66070940394884,100,100,100,26,0.2655050941018721,0.09838659791262933,16.14019283552116,0.8601318152006795,5640,D869CF8567A1FE093A55C238FE7D0101BDF3B27411604A26A665D899EFB38AF0,E06BCABBC503AAA6EA3B283DEC5D6B96C5B07EA4A069CFE2C028D3585FBCA64F,11,0.8971428571428571,0.56672760511883,0.1826086956521739,0.8635097493036211,0.9074074074074074,0.8058608058608059,0.9653465346534653,0.8018433179723502,0.6574074074074074,0.6026200873362445,0.6780383795309168,0.0
385,65,4,106,1.0,signflip_mu0p4,sign_flip,11,fedavg,123,213424618,686063111,,100,157.6551712517657,0.05225038799793068,0.08333333333333333,0.008275975090134382,80,100,100,23,0.2371750735367968,0.08399092364374805,17.3821354857643,0.9910311679302314,6013,F72886E9785DA0AB1697AB85E569141930528DA626819CABA2B4C8C96AEE3030,AD12AB05B80AABB0A39EFC5D34070436527A2D9FC0DE8D46D912CCEEC836D8F0,11,0.0,0.0,0.0,0.0,0.0,0.0,0.0,0.09931170108161258,0.0,0.0,0.0,0.0
386,65,4,106,1.0,signflip_mu0p4,sign_flip,11,fedprox,123,213424618,686063111,,100,164.2017821870933,0.05225038799793068,0.08333333333333333,0.008275975090134382,80,100,100,23,0.2371750735367968,0.08399092364374805,17.3821354857643,0.9910311679302314,6013,011EBD8CF750B22BF548F5840580E0DD46E7B35B1F8F515FA59761708DFBCA2C,34192AE52E1B296EC55BFDB5E412C5750EC1F6482D89F540B1843EC58472D950,11,0.0,0.0,0.0,0.0,0.0,0.0,0.0,0.09931170108161258,0.0,0.0,0.0,0.0
387,65,4,106,1.0,signflip_mu0p4,sign_flip,11,random_trimmed_mean,123,213424618,686063111,,100,45.07292462826022,0.05225038799793068,0.08333333333333333,0.008275975090134382,80,100,100,23,0.2371750735367968,0.08399092364374805,17.3821354857643,0.9910311679302314,6013,FECED1764FA7021977065295DBB1E8FE7D21E0BDC83BE5DD227D09A1BDAC233E,B7D2E679BDDB04004D8F46AC2E13269E1F9C177B800BAA1E7901C0143B389D4E,11,0.0,0.0,0.0,0.0,0.0,0.0,0.0,0.09931170108161258,0.0,0.0,0.0,0.0
388,65,4,106,1.0,signflip_mu0p4,sign_flip,11,fedle_adapted,123,213424618,686063111,,100,142.91741226598876,0.09260217278841179,0.08333333333333333,0.014125631313131312,80,100,100,21,0.23805527549541514,0.0827338390358747,17.357489830922987,0.917810105089257,5991,37658D98ED2874367CC13C71A1D4C7088C69AFC4A6CA71E44DD8C5137E2E0385,3D6A4530A6F222DA108CE71CC534B104D2C1BCA6C2C3C6AA9BEA5D693121B935,15,0.0,0.16950757575757575,0.0,0.0,0.0,0.0,0.0,0.0,0.0,0.0,0.0,0.0
389,65,4,106,1.0,signflip_mu0p4,sign_flip,11,tea_fl,123,213424618,686063111,100,99,4.651798570951648,0.19710294878427315,0.186699966765985,0.10096514672905503,40,80,100,13,0.27242891850801726,0.07871233703832808,16.39502782657013,0.8214390478984201,5675,D05D14824EC9CE4116396A9781AE8B9093CDC43CF24992C41700C9E5185C674A,E82927BDD93FD5A9104DCBB32C98171D6AF43A6644261AB81E7482EF4676650D,11,0.2575976845151954,0.0,0.0,0.0,0.0,0.6410256410256411,0.0,0.0,0.0,0.31295843520782396,0.0,0.0
390,65,4,106,1.0,signflip_mu0p4,sign_flip,11,arl_fl,123,213424618,686063111,,100,25.226992905602454,0.09260217278841179,0.08333333333333333,0.014125631313131312,70,100,100,23,0.2684116602333005,0.07922087301566702,16.507511058262196,0.8984019675003089,5664,13A46B0DAD14C7AB020498C162D47B57AEE3F4598EB4032B7A36ADEBC24BE32F,F59B5163B074C1B2D6252346D4D7BB9CF480C55BB8A25CCEE103895D3671A402,11,0.0,0.16950757575757575,0.0,0.0,0.0,0.0,0.0,0.0,0.0,0.0,0.0,0.0
391,66,4,106,1.0,signflip_mu0p4,sign_flip,11,fedavg,456,19602983,791551251,,100,142.3924446638791,0.08225556130367305,0.08333333333333333,0.012667304015296367,100,100,100,23,0.23099929687122125,0.07540523582393893,17.106355157979383,0.9832720836764544,6017,CCD146A1C25686DCEA8C70430CBCCA0CE980EDDB9C406E00F8AA6CBD7AA162B0,E2AA656FEE49C968892C639EFBCA5016C702C64CBE413EC5FF36F0439A274987,11,0.0,0.0,0.0,0.0,0.0,0.15200764818355642,0.0,0.0,0.0,0.0,0.0,0.0
392,66,4,106,1.0,signflip_mu0p4,sign_flip,11,fedprox,456,19602983,791551251,,100,140.10441002843297,0.08225556130367305,0.08333333333333333,0.012667304015296367,100,100,100,23,0.23099929687122125,0.07540523582393893,17.106355157979383,0.9832720836764544,6017,30B01D7A647C59956821EC5836883E8579054B3D0DA0B778B5C815E736F9BC42,AE248580079186EBB7D55477FA44AA30B697A53A625242239A4FCC718E99317E,11,0.0,0.0,0.0,0.0,0.0,0.15200764818355642,0.0,0.0,0.0,0.0,0.0,0.0
393,66,4,106,1.0,signflip_mu0p4,sign_flip,11,random_trimmed_mean,456,19602983,791551251,,100,51.06709233109839,0.15106052767718572,0.08333333333333333,0.02187265917602996,100,100,100,23,0.23099929687122125,0.07540523582393893,17.106355157979383,0.9832720836764544,6017,ACA6F4F9AE6F000CED0622F443A5635662EB0FBC58575466B85A7D96BB4FE56E,DAD8E4D30DDFFE3B1518F644659F1AA127A4BC75C6BACCDB183BA70342BE0934,11,0.0,0.0,0.0,0.0,0.0,0.0,0.0,0.0,0.0,0.0,0.26247191011235954,0.0
394,66,4,106,1.0,signflip_mu0p4,sign_flip,11,fedle_adapted,456,19602983,791551251,,100,142.53098946387325,0.05225038799793068,0.08333333333333333,0.008275975090134382,75,95,100,19,0.22852827980552923,0.0802136589062136,17.175543635818762,0.9131169246221978,6065,51DDB8A7F49D189D5DA02AB6F6B195D73F59E7A5C1F80E45512BDC65D1FCDC53,67BD1F177E1C007CFC77CCBA666493F0C3FE0181E7F82C0D5D808FBE45730BF1,15,0.0,0.0,0.0,0.0,0.0,0.0,0.0,0.09931170108161258,0.0,0.0,0.0,0.0
395,66,4,106,1.0,signflip_mu0p4,sign_flip,11,tea_fl,456,19602983,791551251,,100,0.7199948283593641,0.760993274702535,0.7122005163481675,0.7048476739542733,50,75,100,15,0.27342948769991954,0.08176625338111373,15.918309814775832,0.7736644617229508,5674,0D9725E5AAEBD5AD3DD4F929972CD8C171EEF4C689B9BCCB184DE319016A6DCB,07AD238009A64A6492D60447CF6A27D3C1AD415CA43161B50ACCF5A98A26782B,11,0.8901098901098901,0.5398058252427185,0.24561403508771928,0.9591836734693877,0.9651162790697675,0.8287671232876712,0.9710144927536232,0.8301886792452831,0.8734177215189873,0.6346153846153846,0.7203389830508474,0.0
396,66,4,106,1.0,signflip_mu0p4,sign_flip,11,arl_fl,456,19602983,791551251,,100,3.685116369491159,0.2007242628039317,0.14189917920273412,0.05482677501087024,85,100,100,23,0.25872714000109714,0.08647661359310169,16.32997555034286,0.8942544153811759,5779,E4A7C5DB7C66EA8D27D18DB129BDC1CEFAEDE6C1DDA31BF430F82A52D8DC81EB,A107AAFDA0960A59FDB6F423E83EB61A98656FC95883965EED231E45D14051EB,11,0.0,0.0,0.0,0.0,0.0,0.0,0.0,0.0,0.0,0.22276029055690072,0.4351610095735422,0.0
397,67,4,106,1.0,labelflip_mu0p2,label_flip,6,fedavg,123,213424618,686063111,,100,0.5129529419829669,0.8422141748577341,0.7693111220256231,0.7731546568672291,80,100,100,23,0.2371750735367968,0.08399092364374805,17.3821354857643,0.9910311679302314,6013,B56E492154AFCD65D7815E5E0569C9111874863944A97B9388E20F6A1E4175B9,4AF690F36D3E59CED839CC2DDB8ACA5B0C3C1D4B26EC5A714816E74B51A12242,11,0.9181286549707602,0.6740331491712708,0.5458937198067633,0.9821882951653944,0.967930029154519,0.9265175718849841,0.9689737470167065,0.8301886792452831,0.8375,0.7673716012084593,0.8591304347826086,0.0
398,67,4,106,1.0,labelflip_mu0p2,label_flip,6,fedprox,123,213424618,686063111,,100,0.5060709836380628,0.8230729436109674,0.7507738914135812,0.7477626481465475,80,100,100,23,0.2371750735367968,0.08399092364374805,17.3821354857643,0.9910311679302314,6013,1B4F85031E3AD3C5E62A1201981C37A73F82235B05146A3BA003D125A8BFA9A8,F6E2AC3166BA1B69B73D1F41C898E978DEED215DB307382684F5FB2E7D42AB5F,11,0.9149560117302052,0.2894736842105263,0.5740740740740741,0.9821882951653944,0.967930029154519,0.9329073482428115,0.9666666666666667,0.8436018957345972,0.8607594936708861,0.7781155015197568,0.8624787775891342,0.0
399,67,4,106,1.0,labelflip_mu0p2,label_flip,6,random_trimmed_mean,123,213424618,686063111,,100,0.5110323962866797,0.8163476461458872,0.7448417783304274,0.7398577762057931,80,100,100,23,0.2371750735367968,0.08399092364374805,17.3821354857643,0.9910311679302314,6013,FB3BA2A2C7A814FBAA69E001AD8FF72914AEC20EFD297B176C0E9FD9D23349B2,9F21B3FB3BF00352278BD3DE5022DAB5CF6ECFCFB7F5C177E95CC6AE441DF7A0,11,0.9176470588235294,0.20909090909090908,0.5739750445632799,0.9718670076726342,0.967930029154519,0.9278996865203761,0.9685230024213075,0.8285714285714286,0.8717948717948718,0.7828746177370031,0.8581196581196581,0.0
400,67,4,106,1.0,labelflip_mu0p2,label_flip,6,fedle_adapted,123,213424618,686063111,,100,1.0987981319180808,0.727884117951371,0.6578620211909866,0.6361088021790685,80,100,100,21,0.23805527549541514,0.0827338390358747,17.357489830922987,0.917810105089257,5991,369C9EDED1A1708126C427665AE15B31E8C053B22617C69AF83BD628EC271E0C,885B78B372943BD38BB6A5B9250D2C391CAD641B705E2D80B3BD7F0313AD0871,15,0.8996960486322189,0.563573883161512,0.6125,0.9717223650385605,0.0,0.4976303317535545,0.9178082191780822,0.7927927927927928,0.8028169014084507,0.7249357326478149,0.8498293515358362,0.0
401,67,4,106,1.0,labelflip_mu0p2,label_flip,6,tea_fl,123,213424618,686063111,,100,0.5317116459292941,0.8137609932747025,0.74741183548453,0.7506505143172074,40,85,100,16,0.287909461085823,0.08443608146904605,15.961572634391567,0.772670639481538,5476,055F677DAFA025CA248BF41DA26EFC8DD0709752826F93F235045D5D86147864,757D6CD6EBDCA02430C76C7A280270D4ABC16BAD91A1E33B068F29ECD80E13C2,11,0.88,0.5198019801980198,0.44854881266490765,0.9794871794871794,0.967930029154519,0.896969696969697,0.9829683698296837,0.8380952380952381,0.8695652173913043,0.7823343848580442,0.8421052631578947,0.0
402,67,4,106,1.0,labelflip_mu0p2,label_flip,6,arl_fl,123,213424618,686063111,,100,0.6543107331569985,0.7506466632177962,0.6878903028285377,0.6803187386882721,75,100,100,26,0.2759368701774151,0.09350617449483556,16.29680517982699,0.8777030511152314,5572,11C7B7102B5DDEB3215302C24F10D8C51A7DB8E9B6DAD6A4B0D69E33D2DA37DC,3C5551B7B5AEC57C5A8132E0BDB17222A3936F1FBFF4E4170ECDE5CE3855F53F,11,0.8702702702702703,0.5436507936507936,0.18248175182481752,0.9581151832460733,0.6641509433962264,0.7237163814180929,0.9759615384615384,0.8036529680365296,0.8053691275167785,0.8051948051948052,0.8312611012433393,0.0
403,68,4,106,1.0,labelflip_mu0p2,label_flip,6,fedavg,456,19602983,791551251,,100,0.7033854927106404,0.801345059493016,0.7361900152841558,0.7437735311068462,100,100,100,23,0.23099929687122125,0.07540523582393893,17.106355157979383,0.9832720836764544,6017,941F0023E8F0B064A72BD79C5D76AA5521D340D170519C7C8726573E9D8C3FD9,099EB117C88966B7053B8E85D666110C664D99B0B0A61EC37D45275CE837D1A9,11,0.9129129129129129,0.6578947368421053,0.5234899328859061,0.9081081081081082,0.8078175895765473,0.89937106918239,0.9802955665024631,0.8253968253968254,0.7486631016042781,0.8258426966292135,0.8354898336414048,0.0
404,68,4,106,1.0,labelflip_mu0p2,label_flip,6,fedprox,456,19602983,791551251,,100,0.7744397027962453,0.7511639937920331,0.6892068801228644,0.6962266875633308,100,100,100,23,0.23099929687122125,0.07540523582393893,17.106355157979383,0.9832720836764544,6017,A41DB6A470B1E8FCCE5CD7D999F3CD8AD59AF665FF03A0B38A27B3D0C8DE0522,58DDC8C4718CA46763CD50DDE845D54B6B496D583D49C94448D8B407832B25D7,11,0.9333333333333333,0.6628895184135978,0.534521158129176,0.8975069252077562,0.22009569377990432,0.9003215434083601,0.9828009828009828,0.8167539267015707,0.7407407407407407,0.8291316526610645,0.8366247755834829,0.0
405,68,4,106,1.0,labelflip_mu0p2,label_flip,6,random_trimmed_mean,456,19602983,791551251,,100,0.6389494470161166,0.7822038282462493,0.7200569518458783,0.7123017244242463,100,100,100,23,0.23099929687122125,0.07540523582393893,17.106355157979383,0.9832720836764544,6017,C7C9535CC06B6A14158B84AA180F386BD68FE4DBA261BA110CF4581CBFACE170,58E80BBB21F2E6A79C0D64AAE6BE6A15815CA7F213002B04A342154CD5EAC104,11,0.9101796407185628,0.09569377990430622,0.5305466237942122,0.9197860962566845,0.9271137026239067,0.9435215946843853,0.9752475247524752,0.8297872340425532,0.7821229050279329,0.8328767123287671,0.8007448789571695,0.0
406,68,4,106,1.0,labelflip_mu0p2,label_flip,6,fedle_adapted,456,19602983,791551251,,100,0.7017704023330618,0.7744438696326953,0.7097990308234295,0.7110282800138434,75,95,100,19,0.22852827980552923,0.0802136589062136,17.175543635818762,0.9131169246221978,6065,E4B077544A92E985958F2D1EE259BEA26AA7FD5188870AF682A3E2586F1DDE4A,572416C76452C5E3030783F8B49810C455B526C2568C70E1D3A993FB56CE601A,15,0.9171597633136095,0.5885416666666666,0.4050632911392405,0.717948717948718,0.9618768328445748,0.9473684210526315,0.9852941176470589,0.5508196721311476,0.8104575163398693,0.8130563798219584,0.8347529812606473,0.0
407,68,4,106,1.0,labelflip_mu0p2,label_flip,6,tea_fl,456,19602983,791551251,,100,0.7368206051513129,0.7490946714950854,0.7027375645726209,0.6828307874024088,45,75,100,15,0.2709145617361089,0.07212932341843067,15.98872774176253,0.7676364473785215,5529,986C81AD0E640356D191DF30BF4FB5E9FBFE660201C173B216E280B81D0CA86A,C101B23A80063EB6137BC8B6D25A11E8A97B7939E45CD1DFBD63159E06B13AC6,11,0.9401709401709402,0.0,0.5329249617151608,0.9772151898734177,0.967930029154519,0.8333333333333334,0.9878345498783455,0.8804347826086957,0.8284023668639053,0.6271186440677966,0.6186046511627907,0.0
408,68,4,106,1.0,labelflip_mu0p2,label_flip,6,arl_fl,456,19602983,791551251,,100,0.6032207376033114,0.7966890843248836,0.7335510201997922,0.7292081084072696,,100,100,28,0.26267468414065537,0.14869994778231282,16.21944431443523,0.8778378852885343,5675,32078C2C2A29A8C662954939ECD3533C3824AF65BD3ABE649D930AFD8A479ECA,BDACD5B76D0E309901F33C7A15BAA97ECD7F4F51ACD7AE5E7529510AFE8B1B3A,11,0.9329446064139941,0.5841584158415841,0.3814713896457766,0.8497109826589595,0.9649122807017544,0.9396825396825397,0.9829683698296837,0.7601809954751131,0.7329842931937173,0.7953216374269005,0.8261617900172117,0.0
409,69,4,106,1.0,labelflip_mu0p4,label_flip,11,fedavg,123,213424618,686063111,,100,0.8219300044119451,0.7284014485256078,0.6636090912569331,0.6409145148542609,80,100,100,23,0.2371750735367968,0.08399092364374805,17.3821354857643,0.9910311679302314,6013,6762512F0CDDA935B497774B857609A579920B8092D1F9AC4B919F5FE02D4CBA,B5333A501D41FC6F78C1EC336E463A9922AA28C7681952EC156653A9B8E6343F,11,0.9425287356321839,0.5868945868945868,0.4925373134328358,0.9721518987341772,0.0223463687150838,0.614406779661017,0.9282051282051282,0.7183673469387755,0.881578947368421,0.7030716723549488,0.8288854003139717,0.0
410,69,4,106,1.0,labelflip_mu0p4,label_flip,11,fedprox,123,213424618,686063111,,100,0.8117198729478073,0.718572167615106,0.6559491618775367,0.6390202762772141,80,100,100,23,0.2371750735367968,0.08399092364374805,17.3821354857643,0.9910311679302314,6013,F1B774CD78E8E99C039B76D30BC31708009BAD436AB345A735D5F4CC84AAD19C,AE64FDFAB6BAEC0ABD53536F041FB8F62584293757D44A63838E3902D3C95DFC,11,0.9121813031161473,0.5647668393782384,0.42391304347826086,0.9692307692307692,0.17435897435897435,0.6301969365426696,0.8900804289544236,0.7035573122529645,0.8701298701298701,0.7013888888888888,0.8284389489953632,0.0
411,69,4,106,1.0,labelflip_mu0p4,label_flip,11,random_trimmed_mean,123,213424618,686063111,,100,0.7422196773809284,0.7387480600103467,0.6811244761066754,0.6729579800411739,80,100,100,23,0.2371750735367968,0.08399092364374805,17.3821354857643,0.9910311679302314,6013,CFBCE3048E30113A3988E13EA2FB8C9076F37EC20A6B3A052F30F4F8B5EA823C,A78061AA058B1236E4577FE5E06E6F8A8CB3F26ADB21C7FA250E0A9349BC4D19,11,0.8925619834710744,0.5633802816901409,0.36470588235294116,0.9041095890410958,0.4794007490636704,0.7159904534606205,0.927461139896373,0.7355371900826446,0.8679245283018868,0.7857142857142857,0.8387096774193549,0.0
412,69,4,106,1.0,labelflip_mu0p4,label_flip,11,fedle_adapted,123,213424618,686063111,,100,0.6537582478372778,0.7692705638903259,0.7031978831184161,0.7015819177676107,80,100,100,21,0.23805527549541514,0.0827338390358747,17.357489830922987,0.917810105089257,5991,1B599705174E7AF8920C4AE8C54D2391D2F04710B41D49AA3D3074F1609832DF,2B81DEFC80F0ADA097E3471D47CEA064A45069808B2CD947463C4DF8DB96CFB7,15,0.8983050847457628,0.44360902255639095,0.5380116959064327,0.9795918367346939,0.5896414342629482,0.7295285359801489,0.9711538461538461,0.8018433179723502,0.8666666666666667,0.7791411042944786,0.8214904679376083,0.0
413,69,4,106,1.0,labelflip_mu0p4,label_flip,11,tea_fl,123,213424618,686063111,,100,0.7055815466314909,0.759958613554061,0.7162232812113182,0.7024265030214029,50,80,100,17,0.2993349723273186,0.07998835492605488,15.641658319629693,0.752473757477708,5309,82FD60E4017CDC54A7A9DC273FC61E0823042AA5440DDFE692CBBA0EFB3A8BE0,CBFC15DFA4A5A645E211A62115D0D79BF0486D39DF01C8EC361B6B0D2B21D8AE,11,0.9101796407185628,0.5568760611205433,0.1951219512195122,0.9689119170984456,0.9649122807017544,0.9009009009009009,0.9758454106280193,0.8097560975609757,0.8068181818181818,0.6836158192090396,0.6561797752808989,0.0
414,69,4,106,1.0,labelflip_mu0p4,label_flip,11,arl_fl,123,213424618,686063111,,100,1.041367593480094,0.5633729953440249,0.5199914449972171,0.46717838481475593,90,100,100,27,0.27087195710285505,0.09739229663387093,16.43862274591467,0.8996041741633681,5622,DE1A76A6C6707506FD341FF7AE0A13C3571794343C4AD7C8B52B0651E5480C7B,23FED9C2CEBF760BA8D9A5C28CA1CE070546E31289453240A512D8B06CF5C673,11,0.0,0.023323615160349854,0.5477308294209703,0.9715762273901809,0.0,0.6127659574468085,0.5833333333333334,0.5,0.821917808219178,0.7311827956989247,0.8143100511073254,0.0
415,70,4,106,1.0,labelflip_mu0p4,label_flip,11,fedavg,456,19602983,791551251,,100,0.7141588651881092,0.7796171753750647,0.7096114291913359,0.7105714391296508,100,100,100,23,0.23099929687122125,0.07540523582393893,17.106355157979383,0.9832720836764544,6017,90565E3C360D1DC0435AF74352D9662C2C464D448F0B3FDD8D943EE53256FE22,6CACA26FBD6FF41AD9039FF603A274255BE3F7BC412E836AF4E7D10798EADC78,11,0.9384164222873901,0.6842105263157895,0.4494949494949495,0.9226666666666666,0.9455587392550143,0.6666666666666666,0.9576059850374065,0.7156862745098039,0.7428571428571429,0.6795180722891566,0.8241758241758241,0.0
416,70,4,106,1.0,labelflip_mu0p4,label_flip,11,fedprox,456,19602983,791551251,,100,0.6786395485883417,0.7878944645628556,0.7202218197721515,0.7194809514215912,100,100,100,23,0.23099929687122125,0.07540523582393893,17.106355157979383,0.9832720836764544,6017,F9176D9DD584C763A00A16DDD960C591EF31390CC9F60E9AFC793D4A777D4E2E,AD5B07F2379A77F41155C41D57F4D5830F45888E44F35D8938B942195FE60D82,11,0.9298245614035088,0.6577777777777778,0.3701657458563536,0.9202127659574468,0.9567723342939481,0.7881040892193308,0.9601990049751243,0.7211538461538461,0.7657142857142857,0.7286821705426356,0.8351648351648352,0.0
417,70,4,106,1.0,labelflip_mu0p4,label_flip,11,random_trimmed_mean,456,19602983,791551251,,100,0.8620578083298827,0.6756337299534403,0.6241735238919084,0.5982639093128262,100,100,100,23,0.23099929687122125,0.07540523582393893,17.106355157979383,0.9832720836764544,6017,5890931E9ECBF70C6964F5ABEA6EB989D032940EBF729C94038683B4A75CBC06,F11902619BE15D33386D22EAA3C2F0012C029D6932B5868CA7DC33CEB8DC9327,11,0.9096385542168675,0.5605536332179931,0.581532416502947,0.07582938388625593,0.6379647749510763,0.7035573122529645,0.8181818181818182,0.5909090909090909,0.7674418604651163,0.6945169712793734,0.839041095890411,0.0
418,70,4,106,1.0,labelflip_mu0p4,label_flip,11,fedle_adapted,456,19602983,791551251,,100,1.0219171531941689,0.5742369374030005,0.5187225629015514,0.4989507005422152,75,95,100,19,0.22852827980552923,0.0802136589062136,17.175543635818762,0.9131169246221978,6065,D7465BA0F09ED4D04D9D9336B1D5403096DAC13A752666292CD1FB0D879997A4,7491714724C26722D7221EDE037A1E698085A92AC23A509712596A577202085D,15,0.9289940828402367,0.5470588235294118,0.463768115942029,0.3657587548638132,0.44966442953020136,0.5950413223140496,0.47096774193548385,0.296028880866426,0.46511627906976744,0.6153846153846154,0.7896253602305475,0.0
419,70,4,106,1.0,labelflip_mu0p4,label_flip,11,tea_fl,456,19602983,791551251,100,99,0.915054626558583,0.6849456802897051,0.5928596394374829,0.5858251849539942,50,80,100,13,0.27968908642778234,0.07908619558934246,15.743041050395675,0.7730257320319432,5593,84CD760DFB54D4FF85AAAF3AA8C7A6FC0D3A8288437EDFAE08158D36B8B64A71,1F09DEA5FF965DEEE13059EFF134A3F7AA91524BDA162750F572713720974B39,11,0.9065934065934066,0.02197802197802198,0.5457364341085271,0.864406779661017,0.967930029154519,0.5429864253393665,0.9830508474576272,0.7159090909090909,0.07633587786259542,0.6363636363636364,0.7686116700201208,0.0
420,70,4,106,1.0,labelflip_mu0p4,label_flip,11,arl_fl,456,19602983,791551251,,100,0.5919924951006696,0.8065183652353854,0.7411022201452061,0.7383685120002864,90,100,100,26,0.26030863901744417,0.08239158359102017,16.285693577885144,0.8984019675003089,5687,74ED5228351AC3B85EB6C7B10BF91D339E8B039E9A37FFF1F7BB738E04210F94,BD6DBCD43A45589B1FA8C53979CCDD2CF80976863D2D4C5958AB6D58459AC19C,11,0.9112426035502958,0.6206896551724138,0.3343465045592705,0.9722921914357683,0.9651162790697675,0.9419354838709677,0.9731051344743277,0.8324324324324325,0.7513227513227513,0.7456647398843931,0.8122743682310469,0.0
421,71,4,106,0.1,clean,none,0,fedavg,123,213424618,686063111,,100,0.7579342177107861,0.7713398861872737,0.697696825931108,0.6995066469056272,75,95,100,17,0.22236328871256758,0.0679137867150316,17.796865460842717,0.981751690453692,5944,D74E8025CED819A54DF32543390B677C54F81005CEC7BEA2583A9BC31707FAAF,1E058FF2700AF69D025F5473D6B67790BAD0EC5B343045AE619716E3DC2EF212,11,0.9036144578313253,0.5804066543438078,0.17647058823529413,0.9662337662337662,0.9090909090909091,0.8986486486486487,0.8319672131147541,0.8068181818181818,0.7567567567567568,0.7508090614886731,0.8132635253054101,0.0
422,71,4,106,0.1,clean,none,0,fedprox,123,213424618,686063111,,100,0.6802685219376308,0.7816864976720124,0.7087271057711094,0.7095728860391789,75,95,100,17,0.22236328871256758,0.0679137867150316,17.796865460842717,0.981751690453692,5944,2FF9414C1A37D12EB682D2C3C9B3F7CF349A9A26A3C9C1842129641D70BC39BF,68DADD0E06BB642EBADC6777116AD7063E81574F55E4DCC4B964672E3EB1FFCD,11,0.9166666666666666,0.5767790262172284,0.1908713692946058,0.9768637532133676,0.9192200557103064,0.8813559322033898,0.8787878787878788,0.7745664739884393,0.8271604938271605,0.742671009771987,0.8299319727891157,0.0
423,71,4,106,0.1,clean,none,0,random_trimmed_mean,123,213424618,686063111,,100,1.1090986487304861,0.6249353336782204,0.5368209589338949,0.5104378741134773,75,95,100,17,0.22236328871256758,0.0679137867150316,17.796865460842717,0.981751690453692,5944,0569B637FB5EEA8235E2884A7DC810B6F773AAEB927A95961492E71EA6F5FC9D,FD453031C0027C6FF5E9F103F56C132FF56E010675F536557F1475AF84047900,11,0.0,0.43322475570032576,0.08411214953271028,0.8919667590027701,0.9131652661064426,0.8819444444444444,0.6869712351945855,0.390625,0.40425531914893614,0.6690647482014388,0.7699248120300752,0.0
424,71,4,106,0.1,clean,none,0,fedle_adapted,123,213424618,686063111,,100,1.080735738158411,0.6580444904293844,0.629579429209693,0.6033675535386843,70,90,100,18,0.2151648374788501,0.06491378671503203,17.998422095386807,0.9436521698102079,6003,A44865C45BEB7D6EED27D22ADBBD45570EBDE398C5FE8589E2C4662A2D2DD42C,D6E7F9B23D4C766E3A150AAE952D0AD0BDA896565A54E6BA618FA99BC9A4981A,15,0.8955223880597015,0.4541935483870968,0.0,0.9768637532133676,0.9620991253644315,0.8175182481751825,0.8261758691206544,0.8522727272727273,0.696969696969697,0.6068965517241379,0.1518987341772152,0.0
425,71,4,106,0.1,clean,none,0,tea_fl,123,213424618,686063111,,100,1.5898194786679603,0.5038799793067771,0.4316458876923375,0.3691810251291197,60,95,100,17,0.3326730839643156,0.08091421141217495,14.708191193793777,0.6667777962993833,4737,1D36FF2DF0C74E2B8EDF8309A2947F9164ECC669041D75342CFB25F52062CEE7,C9D4014BF538CD1515330F01DF0D891EE177B097D3D29F16CAD26A19F7344099,11,0.0,0.39085714285714285,0.01020408163265306,0.5785714285714286,0.6435452793834296,0.7563451776649747,0.78515625,0.0,0.1391304347826087,0.549618320610687,0.5767441860465117,0.0
426,71,4,106,0.1,clean,none,0,arl_fl,123,213424618,686063111,,100,0.9246129380318394,0.7009829280910502,0.6047417873638767,0.5811881627514736,100,100,100,26,0.260056864604623,0.0847709363831747,16.741445335865166,0.8821064702509593,5470,C229C3A9CECA3B3C8D9000A8FBAEEAF3B1C9E85E7235E43CD469D82BEF2EA4A9,2C94719D1B143C574C086192CE0F5C510F487E264A93712DE9F8026549191CC2,11,0.8672566371681416,0.022099447513812154,0.49206349206349204,0.9689119170984456,0.9651162790697675,0.43478260869565216,0.9485981308411215,0.12962962962962962,0.8271604938271605,0.5668662674650699,0.75177304964539,0.0
427,72,4,106,0.1,clean,none,0,fedavg,456,19602983,791551251,,100,0.7799349071692138,0.7232281427832384,0.6721832802057821,0.6545673837699292,60,95,100,17,0.22543963408607,0.07125318053497151,17.26202571596362,0.9625681317755772,5750,5E2D389CEF543A6823D81E608B18EAC074B14AB4A76A98EA207C5B399FFDD718,02AA1C8F1E09293C01D32F1AF1D09B740C93A1FC49D553867F3BE600635A2E9D,11,0.9149560117302052,0.0,0.4861878453038674,0.9417989417989417,0.9352112676056338,0.8988095238095238,0.9333333333333333,0.782608695652174,0.7007299270072993,0.6876790830945558,0.5734939759036145,0.0
428,72,4,106,0.1,clean,none,0,fedprox,456,19602983,791551251,,100,0.8124773804921285,0.7113295395757889,0.6448034136945339,0.6336916025277234,60,95,100,17,0.22543963408607,0.07125318053497151,17.26202571596362,0.9625681317755772,5750,BE0B82F6ED10C5510E6B63FB4550CA24A5F11EE5A2DBFCE2855AA552D6DC9EBB,83F770856691640B2BC6A6F656544D76231D6DE93859047FF56F39AD9845E123,11,0.9080118694362018,0.0,0.4811188811188811,0.93048128342246,0.9540229885057471,0.877906976744186,0.90625,0.76,0.43478260869565216,0.7261538461538461,0.6255707762557078,0.0
429,72,4,106,0.1,clean,none,0,random_trimmed_mean,456,19602983,791551251,,100,1.2834099746712488,0.5654423176409726,0.5180539297956501,0.4811911721847922,60,95,100,17,0.22543963408607,0.07125318053497151,17.26202571596362,0.9625681317755772,5750,CD2BA5CE9FD4B1CC95AF3DA92DC380E50C0BA2F66B1542EB9BF274A8B3667DB3,FDC5A72A4B4E960E09CBE78166316020C17135D1D4F90825A6F393728CD7329C,11,0.0,0.0,0.3994943109987358,0.5579710144927537,0.8713910761154856,0.7958115183246073,0.793713163064833,0.5146198830409356,0.6923076923076923,0.5472154963680388,0.6017699115044248,0.0
430,72,4,106,0.1,clean,none,0,fedle_adapted,456,19602983,791551251,,100,1.0539510643241692,0.6704604242110709,0.6222923221807967,0.5912390835759778,60,100,100,22,0.22057604638659373,0.06375318053497189,17.398206171548956,0.9127522904377788,5774,02A9224672BAF09437CA3E2CE64A21A0F115C98B757B120832F0B1E331FF08CD,5B99CCC5B3C6F6E52FB66846DE698A827C20F27CF2A73AE134F4E963DE855DFA,15,0.8774928774928775,0.0,0.46153846153846156,0.9234828496042217,0.8847184986595175,0.926984126984127,0.9683698296836983,0.5384615384615384,0.5051903114186851,0.4690265486725664,0.5396039603960396,0.0
431,72,4,106,0.1,clean,none,0,tea_fl,456,19602983,791551251,,100,1.6905873765368198,0.45525090532850493,0.39078528782196176,0.3468034227087721,60,95,100,19,0.32754301474225145,0.08925706710906456,14.403131057590537,0.6458644491987244,4757,DF3A64573662772B3BBD9B4F1FECB8821D5DC3A8202E5157249F292E810AA333,61B0ED00CF73760D2B5D282123560188FEBA305833D56F1BA9850BA8BFEC9518,11,0.0,0.0,0.40389294403892945,0.8418708240534521,0.0,0.7977839335180056,0.8011363636363636,0.0,0.25,0.5644444444444444,0.5025125628140703,0.0
432,72,4,106,0.1,clean,none,0,arl_fl,456,19602983,791551251,,100,1.009052729766972,0.6601138127263321,0.6187076748607572,0.5935864254388072,65,100,100,19,0.2454090494170073,0.07724303152319931,16.702882086697375,0.8947444945252822,5524,2973C6FFB34B9F95E06FB262084421E0E99BAE194E74A62D22068992C6B2471F,DDF05059ECEE6748E98D4A18F84C0C520A36905F196ED315C6DC3C3385DFFCAE,11,0.83,0.37669376693766937,0.009523809523809525,0.9494949494949495,0.9590643274853801,0.896774193548387,0.9512195121951219,0.45390070921985815,0.5593869731800766,0.6814814814814815,0.45549738219895286,0.0
433,73,4,106,0.1,signflip_mu0p2,sign_flip,6,fedavg,123,213424618,686063111,,100,4.3689621327395765,0.16399379203310915,0.18934302585831583,0.08592090369198803,75,95,100,17,0.22236328871256758,0.0679137867150316,17.796865460842717,0.981751690453692,5944,8F19A22C666FE26DF40A6D8CD2804036970B4C551C8E92C53A7ED3A8D119FA6D,4918B71265EBFA17044EF2CAEE6121FF08D7D2D638EC36B278DF220A6E7AE791,11,0.333976833976834,0.0,0.0,0.0,0.0,0.5542168674698795,0.0,0.0,0.14285714285714285,0.0,0.0,0.0
434,73,4,106,0.1,signflip_mu0p2,sign_flip,6,fedprox,123,213424618,686063111,,100,3.611085441281496,0.1619244697361614,0.18717252980625168,0.0901747786483124,75,95,100,17,0.22236328871256758,0.0679137867150316,17.796865460842717,0.981751690453692,5944,73198DCF9D2F26F552DF1BFE1F21DD7064C493C0B559473F65A9C61307A8BBB7,5B8D7B6B80D5B4A095EBF59848325475FDFC8748808722A3D33DFDC3059D61FC,11,0.3786848072562358,0.0,0.0,0.0,0.0,0.5647058823529412,0.0,0.0,0.1387066541705717,0.0,0.0,0.0
435,73,4,106,0.1,signflip_mu0p2,sign_flip,6,random_trimmed_mean,123,213424618,686063111,,100,1.3819857661241826,0.49353336782203827,0.4499193333436719,0.37179244103507875,75,95,100,17,0.22236328871256758,0.0679137867150316,17.796865460842717,0.981751690453692,5944,410776980E8F8FE3E44C1A87F5222FCD26C06AD88343579007414C6F75D82A05,181DEE620C2B32766931EE41BD7AE74DBF37735E0DD1FF08C9631814FCBE3F6A,11,0.8225806451612904,0.0,0.37916666666666665,0.7354596622889306,0.6962025316455697,0.8165680473372781,0.5802047781569966,0.0,0.4177215189873418,0.0,0.013605442176870748,0.0
436,73,4,106,0.1,signflip_mu0p2,sign_flip,6,fedle_adapted,123,213424618,686063111,,100,6.525918564892654,0.24418003103983446,0.2000415979053727,0.10912322410027864,80,95,100,20,0.2156585365557568,0.07196408567077184,17.98459852123342,0.9543692215926036,5990,9DA6D0904FF0F8AB1D0A4BEA4C75358FE8FD4BC9401DAEEF13AAC4189E714DCE,5825B1D24C21B256585BEDE4A3547ED80F9A3E20A0B859D8F0BE5E12B7B521DB,15,0.43626806833114323,0.0,0.0,0.0,0.0,0.23420647149460708,0.0,0.0,0.0,0.0,0.6390041493775933,0.0
437,73,4,106,0.1,signflip_mu0p2,sign_flip,6,tea_fl,123,213424618,686063111,,100,0.8821868943970745,0.7128815312984997,0.6319976236008897,0.5951634176106633,70,90,100,15,0.2725778020289065,0.08070753836422005,16.390859087985227,0.7625147737237409,5390,9743C49BA50149106121D4847888B7E163BC4BFCA8D3584EE4163977AFBD173F,EF61BFA9D7DF65EC4D122A20601242021617D74F16D8AC4D734B32C4973359DE,11,0.7857142857142857,0.0,0.5391849529780565,0.8725212464589235,0.9534883720930233,0.8546511627906976,0.9414519906323185,0.6046511627906976,0.1308411214953271,0.7011070110701108,0.7583497053045186,0.0
438,73,4,106,0.1,signflip_mu0p2,sign_flip,6,arl_fl,123,213424618,686063111,,100,2.4411599121744993,0.35178479048111744,0.31294169612509243,0.21296570031507714,85,100,100,25,0.25659570451198715,0.07846408567077184,16.838357818458974,0.8873114463176575,5538,E31132D9D0A4098FBAF9419C04A76E48470FF01DAF2A9D10522C6DEBCF09E3D4,4580A204701F82F07E5FD23A974718A1ED19897A92DF17DB91FE776DB25E2BBE,11,0.3737024221453287,0.0,0.20967741935483872,0.649746192893401,0.0,0.0125,0.0,0.4055299539170507,0.3047619047619048,0.0,0.5996705107084019,0.0
439,74,4,106,0.1,signflip_mu0p2,sign_flip,6,fedavg,456,19602983,791551251,,100,16.7305469125648,0.15106052767718572,0.08333333333333333,0.02187265917602996,60,95,100,17,0.22543963408607,0.07125318053497151,17.26202571596362,0.9625681317755772,5750,4AEF4C19FEF16FC805B3048CDFFD435F012F19EB8EC17044E9B8E8ACCFBC1FEB,DB0A53A3F105C9ECBA52DDA3ADB297DE797708F3E57DE9F2BF6FAEA93E1058E4,11,0.0,0.0,0.0,0.0,0.0,0.0,0.0,0.0,0.0,0.0,0.26247191011235954,0.0
440,74,4,106,0.1,signflip_mu0p2,sign_flip,6,fedprox,456,19602983,791551251,,100,16.789745782239414,0.15106052767718572,0.08333333333333333,0.02187265917602996,60,95,100,17,0.22543963408607,0.07125318053497151,17.26202571596362,0.9625681317755772,5750,B9047635624A1F89A114DCCD4BC78DBE2303D4B11E4E74FC843D165781A358F9,5506C6F26D0712F25EFC7205BBFE2855635526A956EAEB12BDE88C84CB0A401A,11,0.0,0.0,0.0,0.0,0.0,0.0,0.0,0.0,0.0,0.0,0.26247191011235954,0.0
441,74,4,106,0.1,signflip_mu0p2,sign_flip,6,random_trimmed_mean,456,19602983,791551251,,100,3.1550457318459406,0.3460941541645111,0.25924975086923185,0.21139759603057282,60,95,100,17,0.22543963408607,0.07125318053497151,17.26202571596362,0.9625681317755772,5750,ED24B0B5B21C598C3DF2B44F82FF9A75E355D7E0801CA19C2E685401DC4849AA,A2E23A121E10C4FDF4A64742D13253910CF230439FE5E46F30381385CA015560,11,0.0,0.4511691884456671,0.0,0.6404494382022472,0.0,0.0,0.2825278810408922,0.0,0.0,0.34459459459459457,0.8180300500834724,0.0
442,74,4,106,0.1,signflip_mu0p2,sign_flip,6,fedle_adapted,456,19602983,791551251,,100,11.199406934166843,0.15106052767718572,0.08333333333333333,0.02187265917602996,60,100,100,22,0.22057604638659373,0.06375318053497189,17.398206171548956,0.9127522904377788,5774,28C47442EF2FACFF39FFC37B094C468885EF7BFA54F71BA76059A622A29110E9,AC48F66BE47127F4C27F1A2DD3EA8F659406C165241AE34BA2B9DD0035C46088,15,0.0,0.0,0.0,0.0,0.0,0.0,0.0,0.0,0.0,0.0,0.26247191011235954,0.0
443,74,4,106,0.1,signflip_mu0p2,sign_flip,6,tea_fl,456,19602983,791551251,,100,1.5838121886828127,0.5276771857216761,0.45971512765224726,0.37928029352808695,50,90,100,17,0.28881865667873324,0.08228358070051936,15.487413083369049,0.6782534972445952,5122,CC38F2A81CFD6C34FC68BF43824AE67142CE2A4FD56FEE5AFEEDA34C60F96C8A,B04AC0A6BC6FC79039500EBD818879794AF0BB54AB7E734216FCF4E0F974E9EB,11,0.0,0.0,0.3988684582743989,0.0,0.82,0.6532258064516129,0.6403785488958991,0.0,0.5274725274725275,0.7028423772609819,0.8085758039816233,0.0
444,74,4,106,0.1,signflip_mu0p2,sign_flip,6,arl_fl,456,19602983,791551251,,100,2.1740477414434585,0.45576823590274185,0.3820866468152038,0.33299164077749305,70,100,100,20,0.2503222083893047,0.0772430315231998,16.56531363547305,0.8492659157740527,5465,17737E954CE510BAAE84BCB9892B6D7A37ECF69AA3A9A7355B63CE68DA6976D4,445F24452408CB840F9DF8056B8D91B82D0BFB79EA3657F009FDA242045F6DB5,11,0.88,0.0,0.49586776859504134,0.6466666666666666,0.0,0.784,0.04411764705882353,0.0,0.1391304347826087,0.3564356435643564,0.6496815286624203,0.0
445,75,4,106,0.1,signflip_mu0p4,sign_flip,11,fedavg,123,213424618,686063111,,100,156.74102070389543,0.10708742886704604,0.08333333333333333,0.016121495327102803,75,95,100,17,0.22236328871256758,0.0679137867150316,17.796865460842717,0.981751690453692,5944,59AA06187B6BE7972576015EBC326F83692DFEA2A6F1856589DA4E0291C28F5F,3F8AD209CC881E808E2A99D1A1E77B79D5550A94D5E2BDB08FDCDC465C40CB14,11,0.0,0.0,0.0,0.0,0.0,0.0,0.19345794392523363,0.0,0.0,0.0,0.0,0.0
446,75,4,106,0.1,signflip_mu0p4,sign_flip,11,fedprox,123,213424618,686063111,,100,163.27801845213077,0.10708742886704604,0.08333333333333333,0.016121495327102803,75,95,100,17,0.22236328871256758,0.0679137867150316,17.796865460842717,0.981751690453692,5944,41A1D89C43D958E62EEE0F377A5A2276B46BDB341BEE7E522A8D282B02DD2457,720EF891F62F76308C86BD618ECB1D14B84ABB0F099B053F387B08DDF82582A4,11,0.0,0.0,0.0,0.0,0.0,0.0,0.19345794392523363,0.0,0.0,0.0,0.0,0.0
447,75,4,106,0.1,signflip_mu0p4,sign_flip,11,random_trimmed_mean,123,213424618,686063111,,100,29.444755956784963,0.1976202793585101,0.16425120772946858,0.0561332896605092,75,95,100,17,0.22236328871256758,0.0679137867150316,17.796865460842717,0.981751690453692,5944,5B9F3BF63511974EB802B06A2725204E8A94E51B7703C24C24DE9F3DFD01C802,3DB0A4CAD99E8FEE5F47717004E6956D38B9487B4696DC2436B310F24980AB57,11,0.27675840978593275,0.0,0.0,0.0,0.0,0.0,0.39684106614017767,0.0,0.0,0.0,0.0,0.0
448,75,4,106,0.1,signflip_mu0p4,sign_flip,11,fedle_adapted,123,213424618,686063111,,100,143.28466553744786,0.10708742886704604,0.08333333333333333,0.016121495327102803,70,90,100,18,0.2151648374788501,0.06491378671503203,17.998422095386807,0.9436521698102079,6003,264FBB9DCC81241C1290178FFCDA3FD0AA4F11B24C51AB116ABB52015570692F,C6CABE7769F8EB8D7B84D6C119F1BD7371DA766816B1692143ADF9D8466DD026,15,0.0,0.0,0.0,0.0,0.0,0.0,0.19345794392523363,0.0,0.0,0.0,0.0,0.0
449,75,4,106,0.1,signflip_mu0p4,sign_flip,11,tea_fl,123,213424618,686063111,98,97,3.0616707550356934,0.31195033626487323,0.2771896854212736,0.1897102159982613,65,85,100,13,0.2978602088452019,0.06691378671503392,15.682951697128958,0.7482529300078531,5126,FF5F6D5FB2154E4203B74913CA73A2F4E00F6E88FBF6C8549682D1D919364238,C740022EEA1E81164B2869C5B9B8DA8911ED14AEEFF69152F1FC0CE246F29222,11,0.43112244897959184,0.0,0.27293064876957496,0.0,0.0,0.8950617283950617,0.38734419942473636,0.0,0.06557377049180328,0.22448979591836735,0.0,0.0
450,75,4,106,0.1,signflip_mu0p4,sign_flip,11,arl_fl,123,213424618,686063111,,100,18.211275141163927,0.09777547853078117,0.08333333333333333,0.014844486333647502,50,100,100,20,0.26111386739963466,0.06996408567077211,16.711849257604843,0.8681685983417979,5524,6D4B0AFE4507F4302EC6101B11AAA6A98B77F17D7683DBDD54A474B0B5281566,26AB41269D3D972C8D3DEBBBD37CE4A5932D249949D361648DE3B12F8E903CA1,11,0.0,0.0,0.17813383600377003,0.0,0.0,0.0,0.0,0.0,0.0,0.0,0.0,0.0
451,76,4,106,0.1,signflip_mu0p4,sign_flip,11,fedavg,456,19602983,791551251,,100,244.9223127370046,0.09260217278841179,0.08333333333333333,0.014125631313131312,60,95,100,17,0.22543963408607,0.07125318053497151,17.26202571596362,0.9625681317755772,5750,D41F4D0143E6A1710706F20C3AC3495CBCE0D421A6BAC2243857F4F9EDFE6E8F,B2F700D25062BEA90B5C97E3569B84A32DD4B9E00BAFAD48C345B0E1282826FB,11,0.0,0.16950757575757575,0.0,0.0,0.0,0.0,0.0,0.0,0.0,0.0,0.0,0.0
452,76,4,106,0.1,signflip_mu0p4,sign_flip,11,fedprox,456,19602983,791551251,,100,247.90101993756164,0.09260217278841179,0.08333333333333333,0.014125631313131312,60,95,100,17,0.22543963408607,0.07125318053497151,17.26202571596362,0.9625681317755772,5750,E14FFCA2B937D1AC100D8B01E7CE5CDC01615E85D8C1424C5B704FB9A22DCA8C,ADCC0D772D96FA341B8D031F22245FBBF682760CE9D80E005C48B93A329FCEF6,11,0.0,0.16950757575757575,0.0,0.0,0.0,0.0,0.0,0.0,0.0,0.0,0.0,0.0
453,76,4,106,0.1,signflip_mu0p4,sign_flip,11,random_trimmed_mean,456,19602983,791551251,,100,4.422946344554209,0.09260217278841179,0.08333333333333333,0.014405279253178818,60,95,100,17,0.22543963408607,0.07125318053497151,17.26202571596362,0.9625681317755772,5750,7E9E85618C2582C5CC5DECB0B0ED4C71FE9716F88CBCEC0B5032927052E25A89,2A4B45B31B86463D5032678BB2CB18A40E63AC921E02D9012363E179EF7E95E1,11,0.0,0.17286335103814582,0.0,0.0,0.0,0.0,0.0,0.0,0.0,0.0,0.0,0.0
454,76,4,106,0.1,signflip_mu0p4,sign_flip,11,fedle_adapted,456,19602983,791551251,,100,238.83944370607236,0.08432488360062079,0.08333333333333333,0.01296119592875318,60,100,100,22,0.22057604638659373,0.06375318053497189,17.398206171548956,0.9127522904377788,5774,EDF7767B75B4D1C6D56767924168DD4D8CFFB4B4186E30854C89725AEFDA4974,839AF26AAD6EC9BD1653871A6B0FC1D9694A1DCFB1499739CC6505D0B9B341C0,15,0.0,0.0,0.0,0.0,0.0,0.0,0.0,0.0,0.0,0.15553435114503816,0.0,0.0
455,76,4,106,0.1,signflip_mu0p4,sign_flip,11,tea_fl,456,19602983,791551251,,100,2.4216235857042574,0.45525090532850493,0.37011558042728887,0.28695780899059353,60,90,100,17,0.3046330174043211,0.08078358070051952,15.044610983052591,0.7127266247939774,4970,FB84F6E5940EBD8443E7D3701456D6FB002D62D770BE711B607688EE4CED89D9,8A64FAF37F63635162403F70101E914A1231C74A85CDCB059C192E9DFA27BADE,11,0.0,0.0,0.40294840294840295,0.0,0.7728337236533958,0.5784313725490197,0.6292834890965732,0.24193548387096775,0.0,0.11926605504587157,0.6987951807228916,0.0
456,76,4,106,0.1,signflip_mu0p4,sign_flip,11,arl_fl,456,19602983,791551251,,100,15.303124352803948,0.17382307294361096,0.1572506232864483,0.054335327078595036,80,100,100,23,0.2499976606816814,0.07474303152320003,16.5744009712865,0.8904223941232122,5470,F2000D8F1E7A52586C3E5FECCE26D01CD5D78D0EDEFFB475AC5032D48B9C2B91,0B3F8A4702F20C66E20A0109676521ED2F807C7CEDF807B232F7C3ECC27B2090,11,0.0,0.4139650872817955,0.0,0.0,0.22884224779959378,0.0,0.009216589861751152,0.0,0.0,0.0,0.0,0.0
457,77,4,106,0.1,labelflip_mu0p2,label_flip,6,fedavg,123,213424618,686063111,,100,0.7723982643723426,0.7485773409208484,0.6535029710778194,0.6285850250205589,75,95,100,17,0.22236328871256758,0.0679137867150316,17.796865460842717,0.981751690453692,5944,F9A31B7A5237A65B396ED07622AA97C0DBB89D8F916A7CE28A3F85B5C17727F8,543F68F2B9BB36669360E0CDBDACBAE1D57DD2DAAD53114A54CA68AF2A3C5D6A,11,0.9096385542168675,0.6003898635477583,0.21621621621621623,0.9794871794871794,0.9005524861878453,0.9012345679012346,0.888402625820569,0.0761904761904762,0.6027397260273972,0.6744186046511628,0.79375,0.0
458,77,4,106,0.1,labelflip_mu0p2,label_flip,6,fedprox,123,213424618,686063111,,100,0.7164261752746294,0.7640972581479566,0.6778875678829003,0.6791621880327163,75,95,100,17,0.22236328871256758,0.0679137867150316,17.796865460842717,0.981751690453692,5944,D075C9A7DA234877D3F868721C7727BF16452A5C2E403ECFF6CDF91C5ADFF962,C7223BDD8522BBEB0AD708714AFA45FAD1ABD77D7988E82334F7443AA7DD013E,11,0.9074626865671642,0.5491990846681922,0.30498533724340177,0.9742268041237113,0.9442815249266863,0.912621359223301,0.9002217294900222,0.48120300751879697,0.638095238095238,0.7216494845360825,0.816,0.0
459,77,4,106,0.1,labelflip_mu0p2,label_flip,6,random_trimmed_mean,123,213424618,686063111,,100,0.9475214866795073,0.6306259699948267,0.5187618519176481,0.4822179132838817,75,95,100,17,0.22236328871256758,0.0679137867150316,17.796865460842717,0.981751690453692,5944,29BA69FAAEF154A887CCA8C2C48A6CE0D232F4C2FC2CD01440D64FD1317B6F8D,726E66D464498C0277691EC06D61DF30D6D7509D43FC41A28B80EF5A7D05AF99,11,0.0,0.4595879556259905,0.2222222222222222,0.9822784810126582,0.712742980561555,0.8957055214723927,0.9481132075471698,0.4461538461538462,0.0,0.41346153846153844,0.7063492063492064,0.0
460,77,4,106,0.1,labelflip_mu0p2,label_flip,6,fedle_adapted,123,213424618,686063111,,100,0.9463648857135447,0.6647697878944646,0.6170630659542755,0.5812035156967417,70,90,100,18,0.2151648374788501,0.06491378671503203,17.998422095386807,0.9436521698102079,6003,837F7FCB97B57CF74D58C0F5985E14D2C750B71C9B4ACBBE7999E0E7B4CCDD5D,2D3A52E3A54F5DFE642DDC8265E2A98002ACF1210E766C7B663EFAF6CD17EC03,15,0.8953488372093024,0.4609271523178808,0.03007518796992481,0.9795918367346939,0.9565217391304348,0.8713450292397661,0.964200477326969,0.18018018018018017,0.568,0.6836363636363636,0.38461538461538464,0.0
461,77,4,106,0.1,labelflip_mu0p2,label_flip,6,tea_fl,123,213424618,686063111,,100,1.3982975595181184,0.586652871184687,0.48239649360040393,0.42137788603976495,70,100,100,19,0.32741833464600895,0.08728505426888454,14.855324174706363,0.6781327614413711,4792,E7B937EB2CDD45322CC4ABFC6A1E8DF53E0C2298694D98B1F0C7DB2FCB2D16F3,A808D86C40FE998F56E7B285C296D202B4271199C0ED067F948EBA24E2636C7B,11,0.0,0.43615494978479197,0.0,0.9669211195928753,0.6151012891344383,0.6932270916334662,0.9471153846153846,0.0,0.06382978723404255,0.6084905660377359,0.7256944444444444,0.0
462,77,4,106,0.1,labelflip_mu0p2,label_flip,6,arl_fl,123,213424618,686063111,,100,1.0579780993286465,0.6342472840144853,0.5687634517169559,0.5278079369170415,95,100,100,26,0.26403570427626616,0.08942467257947236,16.630037825059162,0.8592910848549946,5429,12962F5A7DEC7E5EC858E262A61075E9E1593D169936628155255EA4E2947859,BB9335F51DDDC661002CF0E7C294AC665FB9620AF1AAF4D644EFE2C901217F8B,11,0.6597510373443983,0.0,0.4124783362218371,0.6323024054982818,0.9649122807017544,0.8853503184713376,0.9804878048780488,0.0196078431372549,0.39779005524861877,0.6898954703832753,0.6911196911196911,0.0
463,78,4,106,0.1,labelflip_mu0p2,label_flip,6,fedavg,456,19602983,791551251,,100,1.361713100947436,0.5685463010863943,0.4990417252666597,0.4629636058090609,60,95,100,17,0.22543963408607,0.07125318053497151,17.26202571596362,0.9625681317755772,5750,8D1B3233636026948054B7FA365308203D882BFF1ED733E2AF745F50DA7DA228,AA365FCD167295062C6049F1215F399F4E361A139463D98F94AD0CAF53ADE1D3,11,0.0,0.43322475570032576,0.0,0.5384615384615384,0.7922437673130194,0.9090909090909091,0.8836104513064132,0.22939068100358423,0.2912621359223301,0.7301587301587301,0.7481203007518797,0.0
464,78,4,106,0.1,labelflip_mu0p2,label_flip,6,fedprox,456,19602983,791551251,,100,1.338491970309925,0.5483704086911536,0.487200468414146,0.46121583128265353,60,95,100,17,0.22543963408607,0.07125318053497151,17.26202571596362,0.9625681317755772,5750,03A4A3C594D0F480C2B3298C57B8CA0C95751441123EA70B9D56F5335C89843F,CF22C2E956D5B030174BC9E06D12AE8CFE750D41B4A6E4529492A650A9E0DFCE,11,0.0,0.0,0.4600389863547758,0.4117647058823529,0.8787061994609164,0.8996539792387543,0.8736141906873615,0.22033898305084745,0.3333333333333333,0.7378048780487805,0.7193347193347194,0.0
465,78,4,106,0.1,labelflip_mu0p2,label_flip,6,random_trimmed_mean,456,19602983,791551251,,100,1.140799550151677,0.6466632177961718,0.5588346010640722,0.5082193000135095,60,95,100,17,0.22543963408607,0.07125318053497151,17.26202571596362,0.9625681317755772,5750,290EC179104437F2A6C9DF36BA585448D0E8CC55D576887AC94FB5F6EBAED2C0,E4B2F03A54E5C0297AEA5FE29AAD444C9F4D87639A9F7466938338531C8E6B09,11,0.9107142857142857,0.593186372745491,0.0,0.9198966408268734,0.0,0.8723404255319149,0.975609756097561,0.33634719710669075,0.022727272727272728,0.6962962962962963,0.771513353115727,0.0
466,78,4,106,0.1,labelflip_mu0p2,label_flip,6,fedle_adapted,456,19602983,791551251,,100,1.0127360508716976,0.7165028453181583,0.637410314805627,0.5956026187842298,60,100,100,22,0.22057604638659373,0.06375318053497189,17.398206171548956,0.9127522904377788,5774,616AC06322FDD6566443FF4E3D61C22559B2B261DC6F1B0D4E255D6D78DC3057,78F5E787806F9C2CE7DCB53E658218FE73497893D5E0305CFB94CBD2470C4791,15,0.9194029850746268,0.0,0.5016393442622951,0.8278867102396514,0.9401197604790419,0.9435215946843853,0.9576059850374065,0.0,0.4899328859060403,0.797583081570997,0.7695390781563126,0.0
467,78,4,106,0.1,labelflip_mu0p2,label_flip,6,tea_fl,456,19602983,791551251,,100,1.9662931339147482,0.45318158303155714,0.38725212448571633,0.31648546464906463,60,95,100,17,0.3236457531087192,0.07678358070051995,14.512254383329443,0.6427406461150345,4763,EBBE8C1F196550ABBD5CEB3D74840EBCAD4784F442FDD0BA0A18B74B31280907,7053C4689866B8E2E31CAA8C4768C38737A611AB9AA2A0898A12C54E665BF8C7,11,0.0,0.0,0.40186915887850466,0.5037593984962406,0.0,0.5181347150259067,0.7052631578947368,0.0,0.42857142857142855,0.576530612244898,0.6636971046770601,0.0
468,78,4,106,0.1,labelflip_mu0p2,label_flip,6,arl_fl,456,19602983,791551251,,100,1.314121876611527,0.4769787894464563,0.44262733119001524,0.37502760849128586,75,100,100,20,0.2527265938538442,0.07474303152319975,16.497990842465942,0.8647526807333102,5447,103060043BBC1D4F5676E9A7530E4D4EDFBDAA386933547FB15170EEC91F804C,38B4C5DF9A045F037D7701EB818C1B872FD27C5462AB0433CFFA0464D6884527,11,0.0,0.0,0.40718562874251496,0.8854961832061069,0.0,0.8264984227129337,0.5161290322580645,0.14615384615384616,0.36363636363636365,0.6942148760330579,0.6610169491525424,0.0
469,79,4,106,0.1,labelflip_mu0p4,label_flip,11,fedavg,123,213424618,686063111,,100,1.418981179756879,0.512674599068805,0.47911361770738975,0.4656119813314012,75,95,100,17,0.22236328871256758,0.0679137867150316,17.796865460842717,0.981751690453692,5944,BA273F4818DB1DA3C4D2AF12B131AD8B63E2070F7B4CF012808094923506AABE,18B280A3A6D5D13E74C2E191902C1BA3945B836CCE4D50C9EE77161691C2F0C1,11,0.8683473389355743,0.49076517150395776,0.367816091954023,0.9718670076726342,0.0,0.5736434108527132,0.9829683698296837,0.41237113402061853,0.7218045112781954,0.03614457831325301,0.16161616161616163,0.0
470,79,4,106,0.1,labelflip_mu0p4,label_flip,11,fedprox,123,213424618,686063111,,100,1.4319241058006227,0.4842214174857734,0.44205584720443336,0.43271462738123595,75,95,100,17,0.22236328871256758,0.0679137867150316,17.796865460842717,0.981751690453692,5944,2BBB9EC107BE3F1D038A151883A3574C7613F8EFA19FC4EA387F20404B1005D9,E959F0B038C7CE0AE162ED94B83479839D384720ECFC98FFB6A5B51BAE084C5B,11,0.7053571428571429,0.3553008595988539,0.3047091412742382,0.9692307692307692,0.0,0.5753424657534246,0.9783132530120482,0.2994652406417112,0.559322033898305,0.2513089005235602,0.1942257217847769,0.0
471,79,4,106,0.1,labelflip_mu0p4,label_flip,11,random_trimmed_mean,123,213424618,686063111,,100,1.74844068328889,0.45421624418003104,0.41699636646602545,0.3588717454440035,75,95,100,17,0.22236328871256758,0.0679137867150316,17.796865460842717,0.981751690453692,5944,DEB79902C044B20CACD65029EFAC5D17542A4CAABE8B98E2F975A0D366DADFA3,61657C3B1A310586760E88032AE358360A36F580F88C3FBA6DD1D736E219B000,11,0.6419753086419753,0.0,0.430062630480167,0.9720101781170484,0.0,0.5872689938398358,0.9828850855745721,0.6434782608695652,0.0,0.0,0.04878048780487805,0.0
472,79,4,106,0.1,labelflip_mu0p4,label_flip,11,fedle_adapted,123,213424618,686063111,,100,1.8834706591129056,0.4640455250905329,0.4132776713551267,0.34046215896609117,70,90,100,18,0.2151648374788501,0.06491378671503203,17.998422095386807,0.9436521698102079,6003,99A89715AFADF1F3E8BB5D6B146B9510172B5B666A7399F9301EE1B40E6BCBC8,6CA0E8506BD1208680DA4CAC3E44F2E962F28D9E25D718309EDD5CEEDA4E5FED,15,0.05263157894736842,0.0,0.48118279569892475,0.8757062146892656,0.0,0.5685483870967742,0.9758454106280193,0.0,0.5433962264150943,0.0,0.5882352941176471,0.0
473,79,4,106,0.1,labelflip_mu0p4,label_flip,11,tea_fl,123,213424618,686063111,,100,1.7803697545356967,0.4231764097258148,0.40706397046831744,0.33893110403486326,70,90,100,17,0.33468035968955806,0.08384898000691772,14.651987473486985,0.670336760430021,4705,2FF76171333F3D91902CA75F1053AF78F91CDD9FF0D9CF52D22BBEA5EC32227B,2CEE28BF3A74EDCA7082AF95D85684E94E533FC88A69A1F1A166CFB87769125C,11,0.007518796992481203,0.4269081500646831,0.010256410256410256,0.9746192893401016,0.06837606837606838,0.3621495327102804,0.9728395061728395,0.8791208791208791,0.36538461538461536,0.0,0.0,0.0
474,79,4,106,0.1,labelflip_mu0p4,label_flip,11,arl_fl,123,213424618,686063111,,100,1.55749765184958,0.446456285566477,0.4233136789309349,0.33407754383607785,85,100,100,25,0.26265611726170607,0.09955573632879758,16.668666261466843,0.8670488907193254,5451,5955745A43EAF940EBA621A8961FEDDB4A268AC18742B917A429307C0717D2D9,A46C8B3E4A0C71909357437DC8FAB24B2AA6C75C79CA491C7F4BD6A19AA13712,11,0.38283828382838286,0.0,0.20918367346938777,0.9665809768637532,0.0,0.605427974947808,0.9805825242718447,0.0,0.5,0.28125,0.08306709265175719,0.0
475,80,4,106,0.1,labelflip_mu0p4,label_flip,11,fedavg,456,19602983,791551251,,100,1.2657272986531936,0.5876875323331608,0.4952183594690596,0.4420166156015599,60,95,100,17,0.22543963408607,0.07125318053497151,17.26202571596362,0.9625681317755772,5750,744084784F2135D4496DC2977E9DEC879338A8B66C8586A9906061CEF49EBFE5,9C5E0867F5EF070076ACDBF93BEB9F5DE434BBD8F050F46D09F3BD5FC9E16A51,11,0.0,0.0,0.4113636363636364,0.9251336898395722,0.8972972972972973,0.8020833333333334,0.9754901960784313,0.038834951456310676,0.08333333333333333,0.511520737327189,0.6591422121896162,0.0
476,80,4,106,0.1,labelflip_mu0p4,label_flip,11,fedprox,456,19602983,791551251,,100,1.293905568443551,0.55406104500776,0.47241599383563765,0.43036667953809044,60,95,100,17,0.22543963408607,0.07125318053497151,17.26202571596362,0.9625681317755772,5750,B0DC4C0BA783B0831ED5180264776E4D9599A9845A7A1883F95887D185BCDE1B,0713FE868732F8313DCC3494620B2795047E060EB7257719BFB0E1AF55911D88,11,0.0,0.0,0.4108352144469526,0.8975069252077562,0.6625,0.8728323699421965,0.9782082324455206,0.057692307692307696,0.2,0.4857685009487666,0.5990566037735849,0.0
477,80,4,106,0.1,labelflip_mu0p4,label_flip,11,random_trimmed_mean,456,19602983,791551251,,100,1.4399190138981124,0.5390584583548887,0.47256662091469276,0.42657434598954785,60,95,100,17,0.22543963408607,0.07125318053497151,17.26202571596362,0.9625681317755772,5750,64BCF962D8A6099628918F04E1DE1FBB75EF4198F0C60D2E53839B4990631AA1,8A639F27A232E0101D5766BB8833409229C9A071F9F6CFD23FE742286F7D6392,11,0.0,0.0,0.4064665127020785,0.8463768115942029,0.7245119305856833,0.8362369337979094,0.9665071770334929,0.2583732057416268,0.0,0.7012987012987013,0.3791208791208791,0.0
478,80,4,106,0.1,labelflip_mu0p4,label_flip,11,fedle_adapted,456,19602983,791551251,,100,1.2279928180755757,0.6270046559751681,0.536247928641816,0.510771508000817,60,100,100,22,0.22057604638659373,0.06375318053497189,17.398206171548956,0.9127522904377788,5774,2798901B3184721E72C58B25DDEC7FE143FF32350F0D52372365D7417145613C,01DC0B4A8B53A3A04642AB8D0302A19499CB70BF77BD5F6771F136F0AEE8DCFD,15,0.01098901098901099,0.0,0.41309823677581864,0.9308510638297872,0.8759894459102903,0.8264984227129337,0.936768149882904,0.48826291079812206,0.23008849557522124,0.6459143968871596,0.7707979626485568,0.0
479,80,4,106,0.1,labelflip_mu0p4,label_flip,11,tea_fl,456,19602983,791551251,,100,1.6005669906542699,0.4112778065183652,0.3720117985914331,0.2999290721083663,60,90,100,20,0.32975582520104185,0.082480670679359,14.34117236474441,0.6521668242736492,4728,79D1E7A0929D103120EE9EAF6CC9CEF877074A5E9AFDDB6769DF8E767459FF1D,BD766D580FEBC47905F07F3C2ED2A0704FD530233308356062040F6B8C51261F,11,0.0,0.145748987854251,0.3782312925170068,0.0,0.780373831775701,0.6842105263157895,0.7175843694493783,0.3263157894736842,0.0,0.4031620553359684,0.16352201257861634,0.0
480,80,4,106,0.1,labelflip_mu0p4,label_flip,11,arl_fl,456,19602983,791551251,,100,1.3609604159600366,0.49042938437661665,0.46411743536543687,0.3920346273634148,80,100,100,23,0.2501076586870995,0.07774303152319942,16.571321027134793,0.8651454525792149,5477,6624B40746C72A7CD710A19BAAAEB4620223A6EE686F12E6E25E05992B6EB39E,0D4AA5D2CA725A33864B3D84640381DA39C77DEB54745ECC92F08FC9B44895C1,11,0.0,0.0,0.398576512455516,0.0,0.599640933572711,0.7003610108303249,0.9802955665024631,0.4217687074829932,0.5846153846153846,0.5936254980079682,0.425531914893617,0.0
481,81,5,108,1.0,clean,none,0,fedavg,123,1526525708,701496434,,100,0.553705723012953,0.8218163869693978,0.8071982937638723,0.8160893670856774,75,100,100,22,0.2673227074728961,0.07367758115695655,16.593020123728166,0.9747182455071581,5979,1C76C6D66350369BEBA7BCC970E853F48D681DA50536DFD72F17963F053E2BD7,98750149B4E1F69941AD0CE21D6AE22F83129646C96C85663FD33B4F7D393E5B,11,0.9613259668508287,0.5754527162977867,0.2978723404255319,0.9631147540983607,0.9465020576131687,0.9558441558441558,0.9752808988764045,0.8765432098765432,0.7870967741935484,0.8316326530612245,0.8747433264887063,0.7476635514018691
482,81,5,108,1.0,clean,none,0,fedprox,123,1526525708,701496434,,100,0.5345890864009094,0.8282329713721619,0.8128507094419865,0.8216416538437891,75,100,100,22,0.2673227074728961,0.07367758115695655,16.593020123728166,0.9747182455071581,5979,032D15F07D1EA600F0141016E630D0570F72971F8DDAC18244CF0E9DBB1F88B9,53C1A040124664C460205080ED96E57666BEA8643D0C3069269A9D63AFE303F0,11,0.9558011049723757,0.5877551020408164,0.3212121212121212,0.9650924024640657,0.9465020576131687,0.9585492227979274,0.9753914988814317,0.8888888888888888,0.7870967741935484,0.8418367346938775,0.8839103869653768,0.7476635514018691
483,81,5,108,1.0,clean,none,0,random_trimmed_mean,123,1526525708,701496434,,100,0.5792564635274441,0.8124383020730503,0.7946294420056988,0.7967637150506741,75,100,100,22,0.2673227074728961,0.07367758115695655,16.593020123728166,0.9747182455071581,5979,5477BD63ED7F0CBB9DB25F2EB172F2AB635C20B02A480A10FF4C78831E163676,DE53A9934C5A94D085E6E3921252B7EBDC4CFF0F41032134E4D5D18148FE2B0C,11,0.9623655913978495,0.5725190839694656,0.23684210526315788,0.9730848861283644,0.9465020576131687,0.9581151832460733,0.972972972972973,0.7785234899328859,0.7159090909090909,0.8476454293628809,0.8645418326693227,0.7321428571428571
484,81,5,108,1.0,clean,none,0,fedle_adapted,123,1526525708,701496434,,100,0.5243163480692766,0.8257650542941757,0.8147190977538256,0.8208780001850576,85,100,100,25,0.2659347623248206,0.08249063498439677,16.63188258787428,0.9217333195073335,5930,F605E2793CBB033C81DEEDD48CF01377ECB79698AF4E89EB2C9BAEB8DBBDAE44,FE8219EAFF28C0D5783CA343A60F3322D6926B27DE875136A50D39FD1F8925AD,15,0.9668508287292817,0.5793650793650794,0.32142857142857145,0.9688149688149689,0.9465020576131687,0.961439588688946,0.968609865470852,0.8461538461538461,0.8026315789473685,0.8493150684931506,0.8801652892561983,0.7592592592592593
485,81,5,108,1.0,clean,none,0,tea_fl,123,1526525708,701496434,,100,0.739912682509846,0.7981243830207305,0.7534645125442229,0.736857450322542,45,95,100,18,0.3433386951062584,0.0819331476067108,14.464572469994023,0.6741326861659546,5029,0F3305933D4633BDD086E471FBA7A9B93A2F7BD7129DB0CE3F4339A55C6A5BE8,4B3D5E594EBC2C0503050361E607DB54D2663CA73E9E1D572DD7F937814BE28A,11,0.9696969696969697,0.53125,0.2981366459627329,0.9609856262833676,0.9465020576131687,0.9043062200956937,0.9752808988764045,0.7715736040609137,0.8194444444444444,0.7903614457831325,0.8747514910536779,0.0
486,81,5,108,1.0,clean,none,0,arl_fl,123,1526525708,701496434,,100,0.5761275051670979,0.8173741362290227,0.8015058236355558,0.801066475476829,85,100,100,25,0.3021185226584252,0.0736775811569566,15.61873729853335,0.8342631891796064,5532,29B02CE58404C4C690CE6BEF9378F15D5D4EBFA5FFE541859B49B91A48F9668B,EB5A9BCCC74E83DD210CAC8624BF3885D47AD65291469BEFE6CCC7640E76E8C9,11,0.9623655913978495,0.5741444866920152,0.21305841924398625,0.9666666666666667,0.9465020576131687,0.9591836734693877,0.9662921348314607,0.8571428571428571,0.8076923076923077,0.8426966292134831,0.8705882352941177,0.6464646464646465
487,82,5,108,1.0,clean,none,0,fedavg,456,1988577654,788639995,,100,0.5366261196042331,0.8079960513326753,0.7959133899654202,0.8176702336963625,70,100,100,17,0.2073250241853733,0.08218066632901652,17.275637900176392,0.9778875184881859,6038,83DC8420B278588332E87E35EB27153F167E02E026819A5AA9223061DCEA5A3C,44BB721026EC03D55C148A61071AADE2E88764B6E8921BC4B0CBEE2047DEA986,11,0.9649595687331537,0.43915343915343913,0.3514644351464435,0.9691991786447639,0.905511811023622,0.9642857142857143,0.9774774774774775,0.9005847953216374,0.8759124087591241,0.8635097493036211,0.8523206751054853,0.7476635514018691
488,82,5,108,1.0,clean,none,0,fedprox,456,1988577654,788639995,,100,0.5197350494600355,0.8168805528134254,0.8029771981690561,0.8217814029564289,70,100,100,17,0.2073250241853733,0.08218066632901652,17.275637900176392,0.9778875184881859,6038,CF1276C142832DA889EA36FB20FBD4C950DECAE5F58B8E31D5AF8C9BAB838E6D,E08631573FAD25EA3FECB76774C9822B409561D0EF44FA414DE6CA2A2DA0202C,11,0.9675675675675676,0.47668393782383417,0.39045553145336226,0.9691991786447639,0.9090909090909091,0.9642857142857143,0.9796839729119639,0.8700564971751412,0.8676470588235294,0.859504132231405,0.859538784067086,0.7476635514018691
489,82,5,108,1.0,clean,none,0,random_trimmed_mean,456,1988577654,788639995,,100,0.6202374694377978,0.8020730503455084,0.7969475220105079,0.8106934388648712,70,100,100,17,0.2073250241853733,0.08218066632901652,17.275637900176392,0.9778875184881859,6038,6B4171C0DF9636F52138EF4CF7377469630139FB5BA8CD0BDDB159E2373990BE,B749E09D64314F14365A022976686BDC5DAD6B38E2B9D971B5D3EE3BFDE1D702,11,0.9675675675675676,0.5514223194748359,0.32036613272311215,0.973305954825462,0.9465020576131687,0.9567430025445293,0.9749430523917996,0.8587570621468926,0.8133333333333334,0.8524590163934426,0.7652582159624414,0.7476635514018691
490,82,5,108,1.0,clean,none,0,fedle_adapted,456,1988577654,788639995,,100,0.5636035053156913,0.815893385982231,0.7922439386037808,0.7959452843273837,70,100,100,22,0.2179690737104568,0.08196342706186821,16.977604513474056,0.907677819757877,5873,C310598FD04D9443A6504052386478A993621267E0DB1285FB2083EA71A31AAD,BBF8D010719A3A44AF1C6C5C933E4C54B71D619BF90FA956F4E9A50657C0140F,15,0.967391304347826,0.5828970331588132,0.09716599190283401,0.959349593495935,0.8812260536398467,0.9569620253164557,0.9536423841059603,0.9101796407185628,0.8,0.8429752066115702,0.888015717092338,0.7115384615384616
491,82,5,108,1.0,clean,none,0,tea_fl,456,1988577654,788639995,,100,0.7450903499938423,0.797137216189536,0.7538553266639507,0.7340896784001848,40,75,100,13,0.27852256453486474,0.08246056655822115,15.28210677039063,0.7207726683004181,5218,64D49DC6B62C3CCB1AD648E0BC6A170E405DEEDC331C10B9F341376F26E199A7,EEB22309B63A08DCE6982554F60D87401BE470959DB820EDC0A0BBC611B966EF,11,0.958904109589041,0.2938388625592417,0.5658682634730539,0.9710743801652892,0.9311740890688259,0.9565217391304348,0.9563218390804598,0.7053571428571429,0.8082191780821918,0.8522727272727273,0.8095238095238095,0.0
492,82,5,108,1.0,clean,none,0,arl_fl,456,1988577654,788639995,,100,0.630203563157333,0.8045409674234946,0.7920645896176238,0.7911734816881015,85,100,100,26,0.24507476529347713,0.08024559654816946,16.218645149149484,0.8671146759158899,5545,7B51E8F5003F5F634E6DE7E4120970AEE62F8B17C8D3EE9E0AFC7B910AF3249B,73D734D0053F283131B01E38EC7343751139D9F9E3A4B5096A449DBEE5E57A1F,11,0.9516129032258065,0.5555555555555556,0.18243243243243243,0.9710743801652892,0.9387755102040817,0.9356435643564357,0.9610983981693364,0.8735632183908046,0.7544910179640718,0.8323699421965318,0.8641975308641975,0.6732673267326733
493,83,5,108,1.0,signflip_mu0p2,sign_flip,6,fedavg,123,1526525708,701496434,,100,2.200102609801975,0.35538005923000987,0.31102138535423784,0.20919341732576455,75,100,100,22,0.2673227074728961,0.07367758115695655,16.593020123728166,0.9747182455071581,5979,BDC2C65BB3DB52034968511D15BD547166DF92D24371E3F1275A554EF60A93A3,0855F4B77240A94073CB1400D6A96571AAF067B5A51E955FC2D0857B5D2D03A1,11,0.0,0.30614115490375804,0.0,0.5072463768115942,0.7009063444108762,0.0,0.8875,0.0,0.0,0.10852713178294573,0.0,0.0
494,83,5,108,1.0,signflip_mu0p2,sign_flip,6,fedprox,123,1526525708,701496434,,100,1.8780100782202356,0.3923988153998026,0.3298950996622053,0.22179888441655046,75,100,100,22,0.2673227074728961,0.07367758115695655,16.593020123728166,0.9747182455071581,5979,FDA13D084CACAE5518C374AE6A6EBD383E4C56287E350B6F81619B6CF790DB78,9D65422C4FC9D4465865B7DDF57ECD33C3C16C9F67393C3EE6DC12F18C282002,11,0.46622516556291393,0.0,0.0,0.5079702444208289,0.6321525885558583,0.0,0.0,0.0,0.0,0.45962732919254656,0.5956112852664577,0.0
495,83,5,108,1.0,signflip_mu0p2,sign_flip,6,random_trimmed_mean,123,1526525708,701496434,,100,0.7296946200543071,0.7843040473840079,0.7437188729896013,0.7492853174720824,75,100,100,22,0.2673227074728961,0.07367758115695655,16.593020123728166,0.9747182455071581,5979,6B95D6B5273B123866D6843B6BAE06FEAAD7B9F71E56465F5CBE21BE36760208,BFD8CD17882F2B2C5808B9059417FF5DA9B95308732008CA7D7355F68962A66E,11,0.7651006711409396,0.6370023419203747,0.2408026755852843,0.9669421487603306,0.9465020576131687,0.9259259259259259,0.8940677966101694,0.8026315789473685,0.38028169014084506,0.8184281842818428,0.875,0.7387387387387387
496,83,5,108,1.0,signflip_mu0p2,sign_flip,6,fedle_adapted,123,1526525708,701496434,,100,7.817864734587523,0.16781836130306022,0.15941220238095238,0.05718788029974478,85,100,100,25,0.2659347623248206,0.08249063498439677,16.63188258787428,0.9217333195073335,5930,52427E7FE648710B24E05F98A9A717D37D80F3D0733318FD86935978DA7BC095,06BDD09E5107E59276BA7BD93EDCE4A406BE49B262532209616446BD42797306,15,0.0,0.0,0.0,0.0,0.44612476370510395,0.0,0.24012979989183342,0.0,0.0,0.0,0.0,0.0
497,83,5,108,1.0,signflip_mu0p2,sign_flip,6,tea_fl,123,1526525708,701496434,,100,0.6168352877987808,0.7744323790720632,0.7299540696155787,0.711498595452781,45,80,100,16,0.2965780313353779,0.07467758115695772,15.773871055578676,0.7702750844895483,5615,ACC6E01803D4061E319EFA3DE799318899062A12B286AA2261F58C9A079958D8,1123907217E7BCC4BA8450544F6096962571017C252646BA23D614D0B91F2DF9,11,0.8368794326241135,0.4229607250755287,0.3106796116504854,0.949290060851927,0.9465020576131687,0.9583333333333334,0.9710467706013363,0.6866952789699571,0.7142857142857143,0.8295454545454546,0.8823529411764706,0.029411764705882353
498,83,5,108,1.0,signflip_mu0p2,sign_flip,6,arl_fl,123,1526525708,701496434,,100,0.7139965995984393,0.7601184600197434,0.7244251766110033,0.7168139639972163,90,100,100,26,0.3042501228294799,0.09674754970814867,15.55905249374382,0.8318342986077173,5518,6A7DE3BD4A416F0888B07C8A9AC4B729903D7D4C71F167FFA146E4F9BD24256F,E2F6E523236AC5C7869BF96D01B0753A465807F362497191D3718156E1A3E327,11,0.9553072625698324,0.5512605042016807,0.109375,0.9559748427672956,0.8984375,0.9105691056910569,0.9157667386609071,0.5985401459854015,0.4625,0.8235294117647058,0.832271762208068,0.5882352941176471
499,84,5,108,1.0,signflip_mu0p2,sign_flip,6,fedavg,456,1988577654,788639995,,100,12.864853719615278,0.1263573543928924,0.08333333333333333,0.018697049371895997,70,100,100,17,0.2073250241853733,0.08218066632901652,17.275637900176392,0.9778875184881859,6038,B86B8EA7D91F0AAC5CC7FF9FDCA59C019ACAAE76F2B7AB621EB9521D605AF8BC,6FB72F4D0601E7839B04AEBD7E7116137B8071E66612E32A680A1DFDF86E1BAA,11,0.0,0.0,0.0,0.0,0.0,0.0,0.0,0.0,0.0,0.0,0.22436459246275198,0.0
500,84,5,108,1.0,signflip_mu0p2,sign_flip,6,fedprox,456,1988577654,788639995,,100,12.6632058983494,0.1263573543928924,0.08333333333333333,0.018697049371895997,70,100,100,17,0.2073250241853733,0.08218066632901652,17.275637900176392,0.9778875184881859,6038,A7CE0D60C4FC126A336F9A723D4067EA3C4A105AA3D0782BB577996523D67B1C,1F0411424EE5AD448F65F29F089DDAC0F04AF8F27AFFD8D4FB5B1AE9FFCEC372,11,0.0,0.0,0.0,0.0,0.0,0.0,0.0,0.0,0.0,0.0,0.22436459246275198,0.0
501,84,5,108,1.0,signflip_mu0p2,sign_flip,6,random_trimmed_mean,456,1988577654,788639995,,100,0.9478095286219635,0.71964461994077,0.7101381744755336,0.6797141687535674,70,100,100,17,0.2073250241853733,0.08218066632901652,17.275637900176392,0.9778875184881859,6038,A347474256F0D79D3117F4D8F343325CE91C571722869C6A61A1CBBF5B29734B,3031E05657C0188FF27432EE600C57796033492ACED1CD7D42B9624632C72735,11,0.7578947368421053,0.5882352941176471,0.0,0.970954356846473,0.9090909090909091,0.9308510638297872,0.7014492753623188,0.7132867132867133,0.44765342960288806,0.7688787185354691,0.7788018433179723,0.5894736842105263
502,84,5,108,1.0,signflip_mu0p2,sign_flip,6,fedle_adapted,456,1988577654,788639995,,100,3.0038500232263474,0.1263573543928924,0.08333333333333333,0.018697049371895997,70,100,100,22,0.2179690737104568,0.08196342706186821,16.977604513474056,0.907677819757877,5873,A0A768FB9DD9377947319DA116C245804F3E5C1901031277D48D5AE9DB35AD12,8A8C17629250960EA19DB9C61CB9CF5EF3CC632ADDF30DC5E3CF19F83611B932,15,0.0,0.0,0.0,0.0,0.0,0.0,0.0,0.0,0.0,0.0,0.22436459246275198,0.0
503,84,5,108,1.0,signflip_mu0p2,sign_flip,6,tea_fl,456,1988577654,788639995,,100,0.725422071210253,0.8149062191510366,0.7677783965240798,0.7507648903487074,40,80,100,13,0.24948100235565343,0.07867377287781346,16.095270511408547,0.7677395827335368,5577,4825FBF9CD722DAC9CD7598E27A2288592D8347F6DDCFF0D73283A2C222AC38B,C5919CDE1782127C8090B7DB0D7738CD8433EF00F45D57E667393F9FCD1E362F,11,0.954177897574124,0.5449871465295629,0.4387755102040816,0.9672131147540983,0.9426229508196722,0.9637305699481865,0.9515011547344111,0.7031963470319634,0.7792207792207793,0.8637532133676092,0.9,0.0
504,84,5,108,1.0,signflip_mu0p2,sign_flip,6,arl_fl,456,1988577654,788639995,,100,0.8100096023800578,0.7625863770977295,0.7534048226711065,0.7410257542675498,75,100,100,24,0.23691551463507007,0.07867377287781202,16.447104167584882,0.8996749924089923,5625,0C8C84000F1F6FCDF047B2484AF91EF5166D855625B3FD98149CE30B33696EF2,B07218533CE6A297D035BF579E97CEFEA39179EDF59B761ECEE0E8D2D1DB4CFE,11,0.6438848920863309,0.5270588235294118,0.035555555555555556,0.9518072289156626,0.888030888030888,0.9356435643564357,0.910411622276029,0.8342857142857143,0.8053691275167785,0.8146067415730337,0.8466257668711656,0.6990291262135923
505,85,5,108,1.0,signflip_mu0p4,sign_flip,11,fedavg,123,1526525708,701496434,,100,146.66657045445342,0.09772951628825272,0.08333333333333333,0.014838129496402877,75,100,100,22,0.2673227074728961,0.07367758115695655,16.593020123728166,0.9747182455071581,5979,F579B4F462491F8934D8CFBE4F4DD1D1DE4764E1FF24AA58D1341A4027EF7908,509F29367738BB30FB0EF303F7AB7D2B596EA47664178C1A78FF7BD591CF6C9A,11,0.0,0.0,0.0,0.0,0.0,0.17805755395683454,0.0,0.0,0.0,0.0,0.0,0.0
506,85,5,108,1.0,signflip_mu0p4,sign_flip,11,fedprox,123,1526525708,701496434,,100,149.64398963830314,0.09772951628825272,0.08333333333333333,0.014838129496402877,75,100,100,22,0.2673227074728961,0.07367758115695655,16.593020123728166,0.9747182455071581,5979,1E69E2414DA026B3C5A31992D9665007E4C4F3F86C5F86D882A45D71D43105C3,194C8F4FCE5A0F301D0AF092AF5E4189FCA79C9803CD59D7BA58A7BEE7F3CBEC,11,0.0,0.0,0.0,0.0,0.0,0.17805755395683454,0.0,0.0,0.0,0.0,0.0,0.0
507,85,5,108,1.0,signflip_mu0p4,sign_flip,11,random_trimmed_mean,123,1526525708,701496434,,100,27.71771867418807,0.09772951628825272,0.08333333333333333,0.014838129496402877,75,100,100,22,0.2673227074728961,0.07367758115695655,16.593020123728166,0.9747182455071581,5979,88578C58DFF739DD2952FF25010205FD4B2AD66E10588CA4796E1EC2E7BD2976,18C2D9A0600C2480DA5AC3D1E2ACA5612BA0E5FD928C62EC8D415F30C941BD49,11,0.0,0.0,0.0,0.0,0.0,0.17805755395683454,0.0,0.0,0.0,0.0,0.0,0.0
508,85,5,108,1.0,signflip_mu0p4,sign_flip,11,fedle_adapted,123,1526525708,701496434,,100,155.18645450934724,0.08736426456071077,0.08333333333333333,0.013390830685428961,85,100,100,25,0.2659347623248206,0.08249063498439677,16.63188258787428,0.9217333195073335,5930,52583AB009C26F482EAE50018BAA9112483FBC928569624C796131BA7D3FF049,F06D7EE36FCEA21153DD3664715279974EA29A062F71D9A7778B9186E93ABD04,15,0.0,0.16068996822514753,0.0,0.0,0.0,0.0,0.0,0.0,0.0,0.0,0.0,0.0
509,85,5,108,1.0,signflip_mu0p4,sign_flip,11,tea_fl,123,1526525708,701496434,,100,0.6359919265780491,0.7976307996051333,0.7816440557381599,0.7862155825663927,45,85,100,15,0.3208335462835147,0.08007824242300665,15.094716637030846,0.6769678609508014,5366,03EBA5DA4C7C3E234C906542487120DBB21EFAA3E656EAD15AEB2CD75A9A3EDA,97EBD71EFDC5BADCE27608A6CF0A2F2F78B91D50C40B15AAAA6FBCAD97046C67,11,0.9513513513513514,0.5226130653266332,0.3425414364640884,0.959830866807611,0.9387755102040817,0.9043062200956937,0.9434782608695652,0.810126582278481,0.7159090909090909,0.7885117493472585,0.8333333333333334,0.7238095238095238
510,85,5,108,1.0,signflip_mu0p4,sign_flip,11,arl_fl,123,1526525708,701496434,,100,13.215304513085865,0.035538005923000986,0.08333333333333333,0.005719733079122974,75,100,100,25,0.2899020917377609,0.07508150004592287,15.960797364311953,0.8864855281237534,5673,D83EE4CD2FE7C7762378C15099379053F576D8EA5A6A1743B13DBD15BE399AEE,7BF91A039E047823C8CBC4830432BC44B1F9C1A304920378875764DFEF4797DF,11,0.0,0.0,0.0,0.0,0.0,0.0,0.0,0.0,0.06863679694947569,0.0,0.0,0.0
511,86,5,108,1.0,signflip_mu0p4,sign_flip,11,fedavg,456,1988577654,788639995,,100,139.9594431855483,0.09772951628825272,0.08333333333333333,0.014838129496402877,70,100,100,17,0.2073250241853733,0.08218066632901652,17.275637900176392,0.9778875184881859,6038,403AA481EAE8F896901964A0D925DFA86D1EF6479E3BF8F1CC48AC2DC6DE3806,D464D10A72F1BA3D9CBC000D5A846B5DD170E83BBF308F26FAE8A3E411BE5C2E,11,0.0,0.0,0.0,0.0,0.0,0.17805755395683454,0.0,0.0,0.0,0.0,0.0,0.0
512,86,5,108,1.0,signflip_mu0p4,sign_flip,11,fedprox,456,1988577654,788639995,,100,139.9472572047995,0.09772951628825272,0.08333333333333333,0.014838129496402877,70,100,100,17,0.2073250241853733,0.08218066632901652,17.275637900176392,0.9778875184881859,6038,D3E2AFBEED6EB08D289B3CDC0608D92012CF5EE3BE897C24B2C0FC88F8869E8A,53016C865323C26E27E6857E77CB73CB2B962A211730F1B45A4A57A777F6AAD7,11,0.0,0.0,0.0,0.0,0.0,0.17805755395683454,0.0,0.0,0.0,0.0,0.0,0.0
513,86,5,108,1.0,signflip_mu0p4,sign_flip,11,random_trimmed_mean,456,1988577654,788639995,,100,27.62333953345281,0.043928923988154,0.08333333333333333,0.0070133963750985025,70,100,100,17,0.2073250241853733,0.08218066632901652,17.275637900176392,0.9778875184881859,6038,E336DDE89502C535E438DCE5228084952E6EB225CB8D31FDF20E56D5EA61665A,63C0EB654D6D8C045DB417986B8881AAF3270BFFCDBFADDAC4D148DD894F824C,11,0.0,0.0,0.0,0.0,0.0,0.0,0.0,0.08416075650118203,0.0,0.0,0.0,0.0
514,86,5,108,1.0,signflip_mu0p4,sign_flip,11,fedle_adapted,456,1988577654,788639995,,100,121.39880428333038,0.09772951628825272,0.08333333333333333,0.014838129496402877,70,100,100,22,0.2179690737104568,0.08196342706186821,16.977604513474056,0.907677819757877,5873,879D1D8412E4EDD5FE90E103CF9A4E9AB6CC9AB1685973025C12F56AAD29A2EB,E9DA68064FB0CF56D3F61C3D2D71B0F029C4D447B8B4DCF96A6BC90BC372DD37,15,0.0,0.0,0.0,0.0,0.0,0.17805755395683454,0.0,0.0,0.0,0.0,0.0,0.0
515,86,5,108,1.0,signflip_mu0p4,sign_flip,11,tea_fl,456,1988577654,788639995,,100,1.9520776549837784,0.5498519249753209,0.4638664232530929,0.42355063808670873,45,75,100,14,0.255445931914008,0.07797873801926608,15.92825248377462,0.7986981220610405,5555,6076548FF6A96346E26DA72F406D68B0931B73616623DCDCAB08512FAEA5C946,233308B1FE7EEC20C8D14DE7CE1F0263D1A1808DEB627F6F532D11D5D43C66A2,11,0.48021108179419525,0.09364548494983277,0.0,0.862453531598513,0.0,0.9276139410187667,0.6147308781869688,0.6231884057971014,0.0,0.8176795580110497,0.5504087193460491,0.11267605633802817
516,86,5,108,1.0,signflip_mu0p4,sign_flip,11,arl_fl,456,1988577654,788639995,,100,11.04884764190252,0.1209279368213228,0.08333333333333333,0.017980331718772936,80,100,100,21,0.234705096819093,0.08054810710111573,16.50899586643224,0.8969917140390415,5676,B9C1239CFAFD069F50588EF453B7E20ED916538025E32418ABF08F5DD2E23B95,920F2D0068162A223CD66476C8B082D669E4A13912C9108614131AA3545BD06A,11,0.0,0.0,0.0,0.21576398062527521,0.0,0.0,0.0,0.0,0.0,0.0,0.0,0.0
517,87,5,108,1.0,labelflip_mu0p2,label_flip,6,fedavg,123,1526525708,701496434,,100,0.5366313792875465,0.815893385982231,0.7992425058658625,0.8076181888689146,75,100,100,22,0.2673227074728961,0.07367758115695655,16.593020123728166,0.9747182455071581,5979,EA917141E27EB1398DFE84719C3C84E42F67131B0D725912E2D328DF204A9E5B,0E9830759FBC16C7B661AE1399C8F03816AE331DBA495DB79D2C088C40EBB852,11,0.9668508287292817,0.5766871165644172,0.26380368098159507,0.9572301425661914,0.9465020576131687,0.9470899470899471,0.970917225950783,0.8571428571428571,0.7564102564102564,0.8253968253968254,0.87109375,0.7522935779816514
518,87,5,108,1.0,labelflip_mu0p2,label_flip,6,fedprox,123,1526525708,701496434,,100,0.5671674570938442,0.8139190523198421,0.7984417180248351,0.804220476920679,75,100,100,22,0.2673227074728961,0.07367758115695655,16.593020123728166,0.9747182455071581,5979,B37482DA10CAC714E8A0F2922CA9A6928BE62907E88717CA9AEE2871A83A872D,A343AD9DDC20D370F134719AA878E989DE8D9B77D2DBD9423CF1EC162E883773,11,0.9698630136986301,0.5828343313373253,0.23974763406940064,0.9591836734693877,0.9465020576131687,0.9358288770053476,0.96875,0.84472049689441,0.7283950617283951,0.8328912466843501,0.8712871287128713,0.7706422018348624
519,87,5,108,1.0,labelflip_mu0p2,label_flip,6,random_trimmed_mean,123,1526525708,701496434,,100,0.5660453123966304,0.8020730503455084,0.7831524920807605,0.7861184107949146,75,100,100,22,0.2673227074728961,0.07367758115695655,16.593020123728166,0.9747182455071581,5979,5B6C3354CA77E96F18ACD8731E53E05F547C63E5DA0A6FFFA19757734C7FBE17,B7D4B3400CB8CCF431FC2ECA8164D1D59427ECD4F2FE1F68A22E3242BE6F7B5B,11,0.9476584022038568,0.5764705882352941,0.25925925925925924,0.9648033126293996,0.9465020576131687,0.9556135770234987,0.9707865168539326,0.7132867132867133,0.7159090909090909,0.8199445983379502,0.8452380952380952,0.717948717948718
520,87,5,108,1.0,labelflip_mu0p2,label_flip,6,fedle_adapted,123,1526525708,701496434,,100,0.6068350824528361,0.7833168805528135,0.7645391429268767,0.7456601770968724,85,100,100,25,0.2659347623248206,0.08249063498439677,16.63188258787428,0.9217333195073335,5930,97548CA1E20B749DA4762313AE6420C264849235B24BD487F8B28846024D71EC,991AE2CDBE74BA012638EF42DF5CF6BB2FAD0D1D3F604536126C80B3A19783D6,15,0.9553072625698324,0.5811965811965812,0.104,0.9557894736842105,0.9465020576131687,0.9209809264305178,0.9555555555555556,0.4881889763779528,0.6927374301675978,0.8023255813953488,0.8565965583173997,0.6887417218543046
521,87,5,108,1.0,labelflip_mu0p2,label_flip,6,tea_fl,123,1526525708,701496434,,100,0.5582977073213778,0.8035538005923001,0.7850710411137033,0.7847358591859113,45,85,100,19,0.32553429424192604,0.08399063498439854,14.96309569419533,0.7001943039193376,5308,01C57E7224FFF402E7A9E736FF4F6BC8A9DAD0E180740F8ED3D8B01F0DE7B4D0,58DD13E4CB61D67841B6CA48A97E54686B8808DD81CB269796769EE17648D496,11,0.9553072625698324,0.01932367149758454,0.541795665634675,0.9635627530364372,0.9387755102040817,0.9347258485639687,0.9774774774774775,0.861878453038674,0.8055555555555556,0.8023952095808383,0.8683693516699411,0.7476635514018691
522,87,5,108,1.0,labelflip_mu0p2,label_flip,6,arl_fl,123,1526525708,701496434,,100,0.6142438332396692,0.8104639684106614,0.8006717111560956,0.7987673870530841,85,100,100,25,0.3062735890462766,0.09139481002166598,15.502395439673512,0.8154528311502981,5483,8344B9463C7CEAA2EFA1F151CC750D1F39672825B64AE6175DE80538966B2136,59B022D5C94423B146872CE761A2CA79F5E879FFADF0E675417BE7DD0696D277,11,0.8056206088992974,0.6417582417582418,0.2360248447204969,0.9690721649484536,0.9465020576131687,0.9536082474226805,0.9751693002257337,0.8850574712643678,0.7560975609756098,0.8455284552845529,0.8469601677148847,0.7238095238095238
523,88,5,108,1.0,labelflip_mu0p2,label_flip,6,fedavg,456,1988577654,788639995,,100,1.0433510027656667,0.6011846001974334,0.6327271929707503,0.6026162210888506,70,100,100,17,0.2073250241853733,0.08218066632901652,17.275637900176392,0.9778875184881859,6038,E5BA17292D29FB5C6594FE3A0062174F4F507660836B7B3225658177332244E0,846B8194DE7287E177585542C1AE6C9CFA319D5697E8965A796C5CC12AF9D2CA,11,0.9645776566757494,0.6061705989110708,0.2099125364431487,0.5545722713864307,0.6051282051282051,0.8214285714285714,0.5375722543352601,0.7151515151515152,0.4105960264900662,0.41064638783269963,0.6666666666666666,0.7289719626168224
524,88,5,108,1.0,labelflip_mu0p2,label_flip,6,fedprox,456,1988577654,788639995,,100,1.0174586481073649,0.6021717670286278,0.6314096505318331,0.6064305276654048,70,100,100,17,0.2073250241853733,0.08218066632901652,17.275637900176392,0.9778875184881859,6038,303FDB56068A9A900DFF8BF09B3C483EA1BBBFB50257570B9533A4B02044EBF0,A6652FDBE87CD25F71033065189D1E2DD2A044446D3CDE5DDFB0E5546D4E61A2,11,0.967391304347826,0.5871559633027523,0.21195652173913043,0.5459940652818991,0.6082474226804123,0.8284023668639053,0.608,0.6956521739130435,0.4412811387900356,0.42748091603053434,0.638623326959847,0.7169811320754716
525,88,5,108,1.0,labelflip_mu0p2,label_flip,6,random_trimmed_mean,456,1988577654,788639995,,100,0.8859038761314023,0.6771964461994077,0.6949008957936574,0.6852601670983227,70,100,100,17,0.2073250241853733,0.08218066632901652,17.275637900176392,0.9778875184881859,6038,5DC61A8FABE33DE5668E7B302CB76C43E9261A310494FDCF7DAE8F9F67E86B66,5149253192F655C24C49632ECED068B88E44131837F8C57E5CAD0DFE473F589E,11,0.9278350515463918,0.5450819672131147,0.2803738317757009,0.6630434782608695,0.6536312849162011,0.9180327868852459,0.8226221079691517,0.7307692307692307,0.5470085470085471,0.7582089552238805,0.6728110599078341,0.7037037037037037
526,88,5,108,1.0,labelflip_mu0p2,label_flip,6,fedle_adapted,456,1988577654,788639995,,100,0.6340700398545863,0.7788746298124383,0.7710529626176537,0.7682275233408612,70,100,100,22,0.2179690737104568,0.08196342706186821,16.977604513474056,0.907677819757877,5873,A8213B73E9FB3CFE7080D0333D9237CBAAA9F62B07790DF5196FB049F6E32756,4102C5E913B1295B78BEDCE725BE0AC9CD3F6CC3C6F16FB29C1CB119F897817C,15,0.9591280653950953,0.5782312925170068,0.10038610038610038,0.859122401847575,0.8698884758364313,0.961439588688946,0.865979381443299,0.8554216867469879,0.8413793103448276,0.8092485549132948,0.8452380952380952,0.6732673267326733
527,88,5,108,1.0,labelflip_mu0p2,label_flip,6,tea_fl,456,1988577654,788639995,,100,0.8281100208173264,0.8035538005923001,0.7596690629831965,0.741138287276315,40,80,100,16,0.26766691331908105,0.08266288834784143,15.586065004432577,0.7439507504603196,5368,95A05ED34153385BA6D603D2445D136ED4BA5E392969F1AC65E707C578281604,BAE536B353BC3381FA6FE145DAA6C1D228E6CBF5C491F4A7640696F891D43221,11,0.9645776566757494,0.5642201834862385,0.3905325443786982,0.9491525423728814,0.92,0.9414893617021277,0.9279279279279279,0.7272727272727273,0.8053691275167785,0.7972350230414746,0.9058823529411765,0.0
528,88,5,108,1.0,labelflip_mu0p2,label_flip,6,arl_fl,456,1988577654,788639995,,100,0.5606498679427498,0.8198420533070089,0.8050426837242789,0.8122859836887386,80,100,100,25,0.24519345064692702,0.08224559654816974,16.21532195925289,0.8642948974189993,5556,BA50C6502DE6B54E71279AC3CD3A88395E207E45DB2A0A7B48123AE2C6707B36,BCF4ECB6BF68855A53C3292F8172CF84BB4FC1827EAB2106373DD0BDC45A1872,11,0.9698630136986301,0.579476861167002,0.2847682119205298,0.9493670886075949,0.9311740890688259,0.961038961038961,0.9532293986636972,0.8651685393258427,0.8450704225352113,0.8091168091168092,0.8633093525179856,0.7358490566037735
529,89,5,108,1.0,labelflip_mu0p4,label_flip,11,fedavg,123,1526525708,701496434,,100,0.6304789269664798,0.7857847976307996,0.7567145381705824,0.7636577722190706,75,100,100,22,0.2673227074728961,0.07367758115695655,16.593020123728166,0.9747182455071581,5979,23DB09AD03B59E4AF589F84CBC3C0CCA09CED659F14922A9143D34EAF95CC6FD,37B7128A94F0E9018EDA0072AB1A42C183EAE104F1631210C67E7E2F16FE7C16,11,0.9553072625698324,0.5732758620689655,0.3532608695652174,0.9730848861283644,0.9426229508196722,0.912568306010929,0.9655172413793104,0.5401459854014599,0.6528497409326425,0.7313019390581718,0.8401486988847584,0.7238095238095238
530,89,5,108,1.0,labelflip_mu0p4,label_flip,11,fedprox,123,1526525708,701496434,,100,0.6098308769171471,0.797137216189536,0.7798002948589481,0.7894482764346521,75,100,100,22,0.2673227074728961,0.07367758115695655,16.593020123728166,0.9747182455071581,5979,B0A2A4709E07BEDA3AACB420556A3FF08F62C026147A059C805F5F19E7D2C4E6,BB36F50A4EC0F74970EE96775E885EC97127D7A65EEECB08B0E1A43E90CE5AE3,11,0.9553072625698324,0.5806451612903226,0.34710743801652894,0.9710743801652892,0.9465020576131687,0.9184782608695652,0.9519450800915332,0.7407407407407407,0.7455621301775148,0.7377521613832853,0.8306010928961749,0.7476635514018691
531,89,5,108,1.0,labelflip_mu0p4,label_flip,11,random_trimmed_mean,123,1526525708,701496434,,100,0.6310981184332416,0.7946692991115498,0.7743843680705172,0.7810588148224972,75,100,100,22,0.2673227074728961,0.07367758115695655,16.593020123728166,0.9747182455071581,5979,8D6E962620753C850D3975B19CCF3943964AC09443D8D50923C947CA4261BC99,9E8A8863794469CCE5B2BB3A7706E3A5A53D0AD70B1B39D512BEAC8D9C726677,11,0.9553072625698324,0.5811623246492986,0.2654320987654321,0.966804979253112,0.9465020576131687,0.9301075268817204,0.9728506787330317,0.7631578947368421,0.72,0.7181008902077152,0.8362989323843416,0.7169811320754716
532,89,5,108,1.0,labelflip_mu0p4,label_flip,11,fedle_adapted,123,1526525708,701496434,,100,1.4218948506414597,0.39190523198420535,0.38654393661904957,0.3298890939047734,85,100,100,25,0.2659347623248206,0.08249063498439677,16.63188258787428,0.9217333195073335,5930,AA94F83FB8E9C815C668E67E9FC66AED9F7B8C5B29119B33CB7BB2EC246FEB1C,C6DB4562418607A29E2C02B4051291DB81A20566383CCA90749749859A0ECA76,15,0.7956989247311828,0.28653295128939826,0.3745583038869258,0.4380952380952381,0.5243243243243243,0.0,0.4627151051625239,0.045871559633027525,0.5422222222222223,0.01990049751243781,0.46875,0.0
533,89,5,108,1.0,labelflip_mu0p4,label_flip,11,tea_fl,123,1526525708,701496434,,100,0.6249444862755947,0.7685093780848964,0.7492749658554327,0.7559446348891448,45,85,100,15,0.3151446675967124,0.07458150004592293,15.25400524026131,0.6980132797026464,5400,57243D1A73541E57414F598F3F17D4B8FC4F394D501453A1678F81D4B1247ABD,382C3BA6482C4C28B31E6F69AB5640A7098643932149C91480B1BE822DF4EA00,11,0.9555555555555556,0.49740932642487046,0.40404040404040403,0.9533898305084746,0.9206349206349206,0.9287469287469288,0.9536423841059603,0.544,0.7792207792207793,0.8,0.7159904534606205,0.6187050359712231
534,89,5,108,1.0,labelflip_mu0p4,label_flip,11,arl_fl,123,1526525708,701496434,,100,0.7065479089335887,0.7522211253701876,0.6992165183548867,0.66987277595107,100,100,100,27,0.2991408485002464,0.08551650986336462,15.702112174962357,0.8607148236610505,5561,8D1BD33FB57C0952FA718EB0D53ADD29EA5057F07DD72445E09FC141A9C8285D,54AF995BF7FD1CE54F4D7412B34868E02578C74D24A0AF83CBC6CCAD6239B690,11,0.9553072625698324,0.0,0.562874251497006,0.966804979253112,0.9421487603305785,0.9457364341085271,0.9684684684684685,0.0851063829787234,0.5203252032520326,0.6775244299674267,0.7956204379562044,0.6185567010309279
535,90,5,108,1.0,labelflip_mu0p4,label_flip,11,fedavg,456,1988577654,788639995,,100,0.6436156388684768,0.7843040473840079,0.771939267291557,0.7776283610276097,70,100,100,17,0.2073250241853733,0.08218066632901652,17.275637900176392,0.9778875184881859,6038,1CFF8741B8AFBFEBA1C8ED13D02A4E843DC3794E04B79388EDA23F1C61AA96FE,CA290076FDAE945A3599E0743141C266BD2333B8BAB094DB2B91137CEC934C64,11,0.9553072625698324,0.08333333333333333,0.5098634294385432,0.9543568464730291,0.8949416342412452,0.9565217391304348,0.9534368070953437,0.8651685393258427,0.8923076923076924,0.8,0.7698744769874477,0.6964285714285714
536,90,5,108,1.0,labelflip_mu0p4,label_flip,11,fedprox,456,1988577654,788639995,,100,0.6481759817673212,0.7561697926949654,0.7487703281529731,0.7729327743002422,70,100,100,17,0.2073250241853733,0.08218066632901652,17.275637900176392,0.9778875184881859,6038,F7B77B0EF34C18EB9FCC1F22F8AA362871A7976789A14F90F1E7E3A84E749622,EBF9359949B8258C4BBFC1F821DE77693D137E41AD9F8900A2665DB077CCB21E,11,0.9668508287292817,0.2849462365591398,0.276,0.9561586638830898,0.8949416342412452,0.9479166666666666,0.9532293986636972,0.8522727272727273,0.8854961832061069,0.7942857142857143,0.7666666666666667,0.6964285714285714
537,90,5,108,1.0,labelflip_mu0p4,label_flip,11,random_trimmed_mean,456,1988577654,788639995,,100,0.8137284198376881,0.7467917077986179,0.7528176946610877,0.7473075285651296,70,100,100,17,0.2073250241853733,0.08218066632901652,17.275637900176392,0.9778875184881859,6038,3990FD770FC7E2D7260C8C26D5E114B5DB0D3BD068C7299D3A36D59E76897985,65C942573EEA673F6333326E2D8AFF5CD644E25396DA2F840C184C05F3A2BFAF,11,0.9553072625698324,0.5800711743772242,0.13333333333333333,0.9623430962343096,0.9349593495934959,0.9538461538461539,0.8790123456790123,0.6728110599078341,0.7643312101910829,0.8539944903581267,0.6169665809768637,0.6607142857142857
538,90,5,108,1.0,labelflip_mu0p4,label_flip,11,fedle_adapted,456,1988577654,788639995,,100,0.8552194135916316,0.7043435340572557,0.6911809992018844,0.6812930369816891,70,100,100,22,0.2179690737104568,0.08196342706186821,16.977604513474056,0.907677819757877,5873,5A5FCAAC1AC82A744ED9872A7AD599A47A912E1D89A69FA6E54427CF297CCF88,3C79C790A79B2696961F30EE15B05604CB8B4128ACD5B043CEEDAC70006EBF7B,15,0.9553072625698324,0.6028880866425993,0.1510791366906475,0.8707482993197279,0.7931034482758621,0.9222520107238605,0.751219512195122,0.5588235294117647,0.6153846153846154,0.47619047619047616,0.742671009771987,0.7358490566037735
539,90,5,108,1.0,labelflip_mu0p4,label_flip,11,tea_fl,456,1988577654,788639995,,100,0.8734292616848884,0.6915103652517275,0.6998802897696518,0.6692946020148615,45,80,100,13,0.25750232557095554,0.07893823476352396,15.87067346138009,0.7825644637477012,5488,20D8E61120DB99894A09675FE83C9D1982DE5A41822B3C7075C40692BF1EA821,A3505E0A337D3B908F589CA57FAE9A9847C25BDDCEDB58FF5EF378BA511D858D,11,0.9645776566757494,0.03125,0.5514157973174366,0.6557377049180327,0.8539325842696629,0.926829268292683,0.7272727272727273,0.7019230769230769,0.7317073170731707,0.8102564102564103,0.6368421052631579,0.4397905759162304
540,90,5,108,1.0,labelflip_mu0p4,label_flip,11,arl_fl,456,1988577654,788639995,,100,0.789857863909165,0.7847976307996052,0.754918118275652,0.7274170300884943,80,100,100,25,0.2402094225727744,0.08243823476352116,16.354874745329163,0.8840853584413575,5594,259149B36EFB872F97CE8BA7F4E58AC7508975F91A875D957FF1936C85E65805,C73BEE8AA6F7902E9FE754CA561F9A53C87B052142F1ADA017ADE558FA214597,11,0.8509615384615384,0.6238532110091743,0.02459016393442623,0.9585062240663901,0.9421487603305785,0.9567430025445293,0.9327146171693735,0.6919431279620853,0.7712418300653595,0.8469387755102041,0.8473118279569892,0.28205128205128205
541,91,5,108,0.1,clean,none,0,fedavg,123,1526525708,701496434,,100,0.737855802283706,0.771964461994077,0.726836736255187,0.6965758057360794,65,95,100,20,0.26045642228088745,0.06733924522053822,16.78527610910441,0.9624870665800428,5760,A03761A87C62F34C363F482EC20B5ADEF7393BF88C21A35BB1BF801009E8C564,8DDB404139D581B36E1A88E19C2F82642483507C54FB8A7226246BDD3FBF3302,11,0.9555555555555556,0.5253456221198156,0.0,0.948,0.8914728682170543,0.9347258485639687,0.954954954954955,0.7184466019417476,0.7111111111111111,0.8222222222222222,0.8391038696537678,0.057971014492753624
542,91,5,108,0.1,clean,none,0,fedprox,123,1526525708,701496434,,100,0.7254883314520562,0.7749259624876604,0.7525260163707649,0.7438256771813251,65,95,100,20,0.26045642228088745,0.06733924522053822,16.78527610910441,0.9624870665800428,5760,E289E47630F96043C2A0E7E0A8B52B330A1866E89A72167374BE8BF4445C88D9,9C3364BDA8773579356EE67031E64D7C06CB8FA8E8A74F32B70D5C6425C40625,11,0.9586776859504132,0.5126676602086438,0.0,0.9349112426035503,0.8984375,0.9509043927648578,0.9379310344827586,0.7590361445783133,0.7162162162162162,0.8221574344023324,0.814968814968815,0.62
543,91,5,108,0.1,clean,none,0,random_trimmed_mean,123,1526525708,701496434,,100,1.0695313305868919,0.6643632773938796,0.6160003812690141,0.573347125108008,65,95,100,20,0.26045642228088745,0.06733924522053822,16.78527610910441,0.9624870665800428,5760,AC60D0708A86F44D4E9992361463C3B927B13CFB4842DEE9A50879F0E9B566AC,9EFE6EDBA42223B9E1BAD6AB5DE0C70608841BAF34F5BADB1DAC24A28CDDC7C3,11,0.7303609341825902,0.4554794520547945,0.0,0.8350877192982457,0.9382716049382716,0.9506493506493506,0.7680798004987531,0.2463768115942029,0.5622119815668203,0.6782006920415224,0.7154471544715447,0.0
544,91,5,108,0.1,clean,none,0,fedle_adapted,123,1526525708,701496434,,100,1.004245171071511,0.6865745310957552,0.6993711864547366,0.6717775043472662,80,100,100,22,0.2510704409241392,0.06683924522053794,17.04808358709336,0.9305138762881802,5810,1F99E1231F1DF36E2379AF8281E4CF20BF8F1145C2AA747BBD9E6809CCBB38E8,9C50652E0831BE8B771273B6CD7A80B5DE7794C7A342D1656D3A5DF54946DE9A,15,0.9553072625698324,0.39464882943143814,0.0,0.9666666666666667,0.9387755102040817,0.9376558603491272,0.9752808988764045,0.6906474820143885,0.7469879518072289,0.8103448275862069,0.023166023166023165,0.6218487394957983
545,91,5,108,0.1,clean,none,0,tea_fl,123,1526525708,701496434,,100,1.8416393253316061,0.5044422507403751,0.43145427340244263,0.37346990625401494,65,100,100,21,0.3773561787049635,0.08950831556939709,13.512082929230278,0.5877383095176872,4338,45B834AD5FD8111504CBA4FDA554DCACDC89A34F906DB425DCEF63C10644A7ED,3619937C8D4231CA4030ECA33767533D9FF2BB4B463D3BE2734FEA947268871C,11,0.0,0.37139807897545357,0.0,0.9652351738241309,0.5467625899280576,0.68,0.895397489539749,0.022222222222222223,0.15,0.3951367781155015,0.4554865424430642,0.0
546,91,5,108,0.1,clean,none,0,arl_fl,123,1526525708,701496434,,100,1.223071561513978,0.6362290227048372,0.6287754049093844,0.5699318254280664,85,100,100,25,0.2957830697731629,0.09583495909466055,15.796129979320696,0.8308666978241679,5301,7B5EC6AD43272025C120158F6F7AED2ED7AE1CFB0470BF2E8DF85F4215A82F8A,4A3FA6205D0FE70BF16F085009C8538A9FCFE73949FF258D24F3C84847DE8F3C,11,0.9526462395543176,0.40276179516685845,0.0,0.9754098360655737,0.8142857142857143,0.7670682730923695,0.9818181818181818,0.7701863354037267,0.7151515151515152,0.45985401459854014,0.0,0.0
547,92,5,108,0.1,clean,none,0,fedavg,456,1988577654,788639995,,100,1.1410781553443539,0.6451135241855873,0.6436267565387025,0.60817560410758,50,80,100,15,0.20336808037875567,0.07162644434433374,17.386432326761685,0.9585315296965049,5771,7DB57E90BFC08AA886CB214EB1FFC91F7CADCBC3C35C8B1386AB54BC2AC8FE71,C2CC53819E9A48B297C8448556A0B0E2B3E021B5DDBBAB0DC8EEDCA257E6BA32,11,0.9451697127937336,0.4570673712021136,0.0070921985815602835,0.9367588932806324,0.8394160583941606,0.8051391862955032,0.9508196721311475,0.49586776859504134,0.6069651741293532,0.5767790262172284,0.10256410256410256,0.574468085106383
548,92,5,108,0.1,clean,none,0,fedprox,456,1988577654,788639995,,100,1.1716054935681266,0.648568608094768,0.653108226680426,0.6205716517232449,50,80,100,15,0.20336808037875567,0.07162644434433374,17.386432326761685,0.9585315296965049,5771,62CCA020E13A9ADC75BC9840B082E95D7C0D3676C1F668087FAB49C973E144F8,3BEAF544051006B2E7CA6F2A4587443DAD4C00247EAEB69A82E8BEFD125CECC5,11,0.9473684210526315,0.43016069221260816,0.0,0.9094412331406551,0.905511811023622,0.8102345415778252,0.9077669902912622,0.512396694214876,0.6113989637305699,0.6644067796610169,0.0749063670411985,0.6732673267326733
549,92,5,108,0.1,clean,none,0,random_trimmed_mean,456,1988577654,788639995,,100,1.4750240792879818,0.5143139190523198,0.5264650765473875,0.47290835369601814,50,80,100,15,0.20336808037875567,0.07162644434433374,17.386432326761685,0.9585315296965049,5771,524DF7D0FBD5483B232EFC3FCAC4A088DE8C6C7D2917CB9159E2C40DD5263A12,4C725EC78AE8A613CF75358D970403835E8D2E44A92EB91D77BF70B1DB7D66A9,11,0.02888086642599278,0.33688286544046464,0.0,0.8353982300884956,0.8265682656826568,0.8784119106699751,0.6862170087976539,0.75,0.6524064171122995,0.6801346801346801,0.0,0.0
550,92,5,108,0.1,clean,none,0,fedle_adapted,456,1988577654,788639995,,100,1.31381358234221,0.5424481737413623,0.48823294334121053,0.4342046709239324,90,100,100,19,0.20293338343045988,0.06443029272582149,17.398603841313967,0.9086881950044866,5687,AB4582EF9BA40E039C0A81611C623E2EDEA83E369E457341B88E1BCC028BB9AD,52D0C409586655AF317FA2EA09A0328CA4CB30A18358474BFD15CE3E44A8DB65,15,0.928,0.3208955223880597,0.4281150159744409,0.6918604651162791,0.0,0.8623853211009175,0.21232876712328766,0.1836734693877551,0.32891246684350134,0.608058608058608,0.6462264150943396,0.0
551,92,5,108,0.1,clean,none,0,tea_fl,456,1988577654,788639995,,100,1.925680740446823,0.4491609081934847,0.43289468019948646,0.35640321138444264,60,95,100,18,0.31156031964265724,0.08225532235777051,14.357049627372444,0.6364410218060605,4507,AC76DE810DC9B2FCBF210CBD28365E492FE8D2AA776BC03C39BC91B646EB14D7,ED92CC9C22638EDB31A23EFEBE03D567BAF2D2BE8518751E4F6AE03C08F93091,11,0.0,0.0,0.36770428015564205,0.9731958762886598,0.9300411522633745,0.8860103626943006,0.0,0.0,0.2423076923076923,0.51985559566787,0.35772357723577236,0.0
552,92,5,108,0.1,clean,none,0,arl_fl,456,1988577654,788639995,,100,0.8356463316044709,0.7324777887462981,0.6609164303831924,0.6352236792562899,75,100,100,21,0.23284615317775098,0.06593029272582226,16.561046288389818,0.86547303510575,5366,E07EE599CE4D951B929D6C6B6D0DE5F86EE5D135301869599C36562121934D73,01544317591AA27A9F1864BC3FCAC4FF4502994E0B14604AD686E49DECBBDE2F,11,0.9613259668508287,0.10638297872340426,0.5700787401574803,0.9166666666666666,0.9311740890688259,0.7439024390243902,0.8421052631578947,0.6820276497695853,0.15384615384615385,0.6965811965811965,0.8542094455852156,0.1643835616438356
553,93,5,108,0.1,signflip_mu0p2,sign_flip,6,fedavg,123,1526525708,701496434,,100,16.788295608400006,0.1263573543928924,0.08333333333333333,0.018697049371895997,65,95,100,20,0.26045642228088745,0.06733924522053822,16.78527610910441,0.9624870665800428,5760,C062E505F5FF217508380E8317A4BCD173F615BF1AD538F3156F93B156A680D5,36990740B106F15A5AD25CBD69FE246EA6EBC96A4B6F3C6D0C0677386ED3F4A1,11,0.0,0.0,0.0,0.0,0.0,0.0,0.0,0.0,0.0,0.0,0.22436459246275198,0.0
554,93,5,108,0.1,signflip_mu0p2,sign_flip,6,fedprox,123,1526525708,701496434,,100,14.286541093137163,0.184106614017769,0.15950520833333334,0.051175869120654395,65,95,100,20,0.26045642228088745,0.06733924522053822,16.78527610910441,0.9624870665800428,5760,22411D05547E4DB6CE3862AB1589FB87029C2C24E0197EE9C243ADF2D1397E5C,34E936A7557C98D98162B75E6CB0C5554526CC04FE3F699F9D295203F986B245,11,0.0,0.0,0.0,0.0,0.3,0.0,0.0,0.0,0.0,0.0,0.3141104294478528,0.0
555,93,5,108,0.1,signflip_mu0p2,sign_flip,6,random_trimmed_mean,123,1526525708,701496434,,100,1.5839465704745626,0.5325765054294176,0.4931529107228698,0.4320735642220807,65,95,100,20,0.26045642228088745,0.06733924522053822,16.78527610910441,0.9624870665800428,5760,BD20159BE0A46E1FB8F946DCF522DCC65C68C52CBD6C90411598B185E2F90AC5,E9183C5207A0B6B861F2419CDA8FFDE438DBBB540A8E2956F578F75C3C0D1607,11,0.0,0.42089093701996927,0.0,0.7906976744186046,0.8398268398268398,0.0,0.6666666666666666,0.5851063829787234,0.5079365079365079,0.5240847784200385,0.7373134328358208,0.11235955056179775
556,93,5,108,0.1,signflip_mu0p2,sign_flip,6,fedle_adapted,123,1526525708,701496434,,100,16.83517172847307,0.18311944718657452,0.15950520833333334,0.049610576771414956,80,100,100,22,0.2510704409241392,0.06683924522053794,17.04808358709336,0.9305138762881802,5810,680A0D4784A2A8D2F6F23EB75BD5FF98BBD64F7B82A1CE8A6CD100A440E55957,9201DF5F45767D3D6EFB54F7D92CACDBC3C5E936A961A08A8028E2F92FA66007,15,0.0,0.0,0.0,0.0,0.24064711830131447,0.0,0.0,0.0,0.0,0.0,0.35467980295566504,0.0
557,93,5,108,0.1,signflip_mu0p2,sign_flip,6,tea_fl,123,1526525708,701496434,,100,1.2833726530837637,0.6238894373149062,0.5934757541039178,0.5532191010062114,65,100,100,18,0.35883471062092326,0.08247886027815826,14.030684035583405,0.6066442713823148,4571,83218AC1C83DA3C3E9ACBD88F011750581B50A7803A502666CBB1F6E8F9832A3,A0A2C7C99CCCB6F706BA10CD1199C0FF48AC4F94D9C37A1C8EC5E44D23822A90,11,0.0,0.0,0.43537414965986393,0.8814814814814815,0.9344262295081968,0.6666666666666666,0.8477157360406091,0.7431693989071039,0.7239263803680982,0.5388349514563107,0.7543581616481775,0.11267605633802817
558,93,5,108,0.1,signflip_mu0p2,sign_flip,6,arl_fl,123,1526525708,701496434,,100,1.6361142494600829,0.48124383020730505,0.4903656692239276,0.4001604001582011,85,100,100,24,0.2936585845256077,0.06583924522053866,15.85561556625224,0.8297205915907818,5338,D7672C9AF3C7604F26ADB41D8776F8FDA5DFA6B10ABFAE7AA6289774E80C9E9A,6409FE1D430BE2A3284639F9F2ABB44426AD21F3E0818E2E3E294EAD2D004C05,11,0.0,0.0,0.40801001251564456,0.0,0.0,0.8190954773869347,0.6082036775106082,0.5739130434782609,0.7453416149068323,0.6416184971098265,0.7213822894168467,0.2843601895734597
559,94,5,108,0.1,signflip_mu0p2,sign_flip,6,fedavg,456,1988577654,788639995,,100,16.100516047435356,0.1209279368213228,0.08333333333333333,0.017980331718772936,50,80,100,15,0.20336808037875567,0.07162644434433374,17.386432326761685,0.9585315296965049,5771,6A401EC4E4E9F2BB02E71167060FEED4A2E63199289247CE1CCEB511DD766D60,FCD49AB7F6ACA1EE812288AD332C431B9FE41AD13FDC432BE77A079F626C4AEF,11,0.0,0.0,0.0,0.21576398062527521,0.0,0.0,0.0,0.0,0.0,0.0,0.0,0.0
560,94,5,108,0.1,signflip_mu0p2,sign_flip,6,fedprox,456,1988577654,788639995,,100,17.607333837586353,0.12339585389930899,0.09278452954215394,0.038930817610062896,50,80,100,15,0.20336808037875567,0.07162644434433374,17.386432326761685,0.9585315296965049,5771,56E781614AAB0B555ED448C768301478E4EF4972A5C1E1F9B00D88E734CFECBD,534DF7802137252268853F9C94ABF8D5252535C4702CB4F3CF698F3111D0C3EE,11,0.0,0.0,0.0,0.44716981132075473,0.0,0.0,0.0,0.02,0.0,0.0,0.0,0.0
561,94,5,108,0.1,signflip_mu0p2,sign_flip,6,random_trimmed_mean,456,1988577654,788639995,,100,2.1189126354097025,0.4960513326752221,0.48350074993722353,0.3977961997746638,50,80,100,15,0.20336808037875567,0.07162644434433374,17.386432326761685,0.9585315296965049,5771,E13D41F4284B4085B92DFD49BBA335F4D3EF32FD2890596665B291139A540143,7C2662D7AF2313909C345B1D14C2EF701D8929782BFFE7D194C1674010C3614F,11,0.0,0.4343302990897269,0.0,0.5794621026894865,0.8669201520912547,0.8645833333333334,0.5253164556962026,0.5992217898832685,0.20930232558139536,0.65625,0.03816793893129771,0.0
562,94,5,108,0.1,signflip_mu0p2,sign_flip,6,fedle_adapted,456,1988577654,788639995,,100,18.26472048933626,0.12240868706811452,0.08971948329893754,0.030789215686274508,90,100,100,19,0.20293338343045988,0.06443029272582149,17.398603841313967,0.9086881950044866,5687,B96142F92FAD60B8BFCCFF511E7E8D78D0EDA52469B62E646A4ECD2FCF01D4C3,B6D88B47CC45B24D42F563BE43FE800D93F0FD54D02C8622776E2854E08089F9,15,0.0,0.0,0.0,0.3514705882352941,0.0,0.0,0.0,0.018,0.0,0.0,0.0,0.0
563,94,5,108,0.1,signflip_mu0p2,sign_flip,6,tea_fl,456,1988577654,788639995,,100,1.3644303630629273,0.6426456071076012,0.6574121830261143,0.611118464180514,60,90,100,17,0.3007871862472849,0.08281873212485046,14.658697362442867,0.6478047516478533,4674,220EF837AC4D0DE9DB2D4D87ABCEE5337A939C8CBF90B3E76F762EE3560F6875,0C00426FC8FCA834B15D29A8E11EECCE83D58B9163AF375FC14948E6D3106A96,11,0.953168044077135,0.0,0.4261904761904762,0.9551020408163265,0.9387755102040817,0.6812386156648452,0.962800875273523,0.7632850241545893,0.7407407407407407,0.0,0.17627118644067796,0.7358490566037735
564,94,5,108,0.1,signflip_mu0p2,sign_flip,6,arl_fl,456,1988577654,788639995,,100,2.471066208488261,0.464461994076999,0.3792854951475703,0.36523698644930486,80,100,100,23,0.23696944526453612,0.06843029272582205,16.445594109959835,0.8524967498561412,5350,EB366AEFC8272183B1A3D3A3C020ADB6AA6A1AE591B3AAC8792523A68CCE4171,3FC793AFACD6494B6F3740D71E3BEBA01CFDE022AE3D78857117627ACA23DFB8,11,0.9523809523809523,0.3259668508287293,0.0,0.9707112970711297,0.0,0.3187250996015936,0.35453100158982515,0.47863247863247865,0.0,0.4305177111716621,0.5513784461152882,0.0
565,95,5,108,0.1,signflip_mu0p4,sign_flip,11,fedavg,123,1526525708,701496434,,100,71.0092956979795,0.11056268509378085,0.08333333333333333,0.016592592592592593,65,95,100,20,0.26045642228088745,0.06733924522053822,16.78527610910441,0.9624870665800428,5760,99B52B70AA5367DD20A4CCE5AA51187ECAAC955ABFAEBAD81C0936F6EA5F9BEB,A8EF5D3D7C571563CE984D18144A368C42977F1F458DCC0D827EAB96D82D19EB,11,0.0,0.0,0.0,0.0,0.0,0.0,0.1991111111111111,0.0,0.0,0.0,0.0,0.0
566,95,5,108,0.1,signflip_mu0p4,sign_flip,11,fedprox,123,1526525708,701496434,,100,75.65516070622918,0.11056268509378085,0.08333333333333333,0.016592592592592593,65,95,100,20,0.26045642228088745,0.06733924522053822,16.78527610910441,0.9624870665800428,5760,36091C2666B6DDAF69E97ECA4F2E06DEC5D3A829913AD7B23419452A620C6291,382FA3FC27019D5D68AD96D771746C187D38CEBE88516D754E59BF7C96B36DC5,11,0.0,0.0,0.0,0.0,0.0,0.0,0.1991111111111111,0.0,0.0,0.0,0.0,0.0
567,95,5,108,0.1,signflip_mu0p4,sign_flip,11,random_trimmed_mean,123,1526525708,701496434,,100,11.274174764619998,0.1263573543928924,0.08333333333333333,0.018697049371895997,65,95,100,20,0.26045642228088745,0.06733924522053822,16.78527610910441,0.9624870665800428,5760,3CF5CEFDD62579AEA78B8201ACB5AE617D5C4C6FEADA0D8029CC6E8EC86B23D1,36D8091EE5FFDA4084E9D3353F02B9AA4B9D79C9655CFB09B3930C7469F13ADC,11,0.0,0.0,0.0,0.0,0.0,0.0,0.0,0.0,0.0,0.0,0.22436459246275198,0.0
568,95,5,108,0.1,signflip_mu0p4,sign_flip,11,fedle_adapted,123,1526525708,701496434,,100,79.70801514816661,0.043928923988154,0.08333333333333333,0.0070133963750985025,80,100,100,22,0.2510704409241392,0.06683924522053794,17.04808358709336,0.9305138762881802,5810,419C8E129E30DDF00A7CE4AEAD2FA53F5C2CF4B4DBE5CBDF983840EE43F9E90E,D6603A39D742561D86F891494E552AAB73BD93AA389888F35A9A6894A8594BF1,15,0.0,0.0,0.0,0.0,0.0,0.0,0.0,0.08416075650118203,0.0,0.0,0.0,0.0
569,95,5,108,0.1,signflip_mu0p4,sign_flip,11,tea_fl,123,1526525708,701496434,,100,2.0403703141733196,0.5572556762092794,0.4987417100863866,0.4235800311086921,60,80,100,13,0.2971421572658744,0.07143348557775836,15.758075529524774,0.7402403930676488,5339,F2629E84C60BE86AC282B16FA5EDC4D488F1E344122302A70D658C1169FD9036,314C426591C4F09FCDE697048F3BD2EEE9DAA1CAED706B0147D47AD645B3DBCB,11,0.0,0.0,0.4190751445086705,0.920704845814978,0.8310502283105022,0.0,0.8725099601593626,0.0,0.5454545454545454,0.5103668261562998,0.7704654895666132,0.21333333333333335
570,95,5,108,0.1,signflip_mu0p4,sign_flip,11,arl_fl,123,1526525708,701496434,,100,12.527922567233869,0.1263573543928924,0.08333333333333333,0.018697049371895997,55,100,100,21,0.2935049568867597,0.06832787513009447,15.859917140139984,0.8417596986500279,5386,B1B34C37C28E3DBF770CE7EB20ADF6CCF703C730FEE37F6EA4146EBCD6647C23,8A34C8CE417E3CECE3BF3CC620B7051F8585522F461A9E91068DD9B6FA98CD93,11,0.0,0.0,0.0,0.0,0.0,0.0,0.0,0.0,0.0,0.0,0.22436459246275198,0.0
571,96,5,108,0.1,signflip_mu0p4,sign_flip,11,fedavg,456,1988577654,788639995,,100,48.090593760128904,0.09230009871668311,0.08333333333333333,0.014083446302153938,50,80,100,15,0.20336808037875567,0.07162644434433374,17.386432326761685,0.9585315296965049,5771,3D4B9356D9AB79E4C8BF4962488A2D3D7875B7E2454F51BFDE8CE1A925DADFAD,D491B498CCC6C07B16030E925D304338D21B149A21C55E0EDAD7D684A7625B64,11,0.16900135562584725,0.0,0.0,0.0,0.0,0.0,0.0,0.0,0.0,0.0,0.0,0.0
572,96,5,108,0.1,signflip_mu0p4,sign_flip,11,fedprox,456,1988577654,788639995,,100,51.19423429600284,0.09230009871668311,0.08333333333333333,0.014083446302153938,50,80,100,15,0.20336808037875567,0.07162644434433374,17.386432326761685,0.9585315296965049,5771,C7ADAC68E1D31715C60AB9B09CEF2023579317FC7A419ED6A5B16F407EDC677E,5AAC3442822C62F217F3DD403C5A41D643E9789F94D38641F37969498001A958,11,0.16900135562584725,0.0,0.0,0.0,0.0,0.0,0.0,0.0,0.0,0.0,0.0,0.0
573,96,5,108,0.1,signflip_mu0p4,sign_flip,11,random_trimmed_mean,456,1988577654,788639995,,100,18.746583628866304,0.15350444225074036,0.15885416666666666,0.044045027939859836,50,80,100,15,0.20336808037875567,0.07162644434433374,17.386432326761685,0.9585315296965049,5771,ABF531FC896FF89E358B98E7FF803E891F8EC1C353C730543AE24A0E2851B86A,9F66401C1A425D00E6D162FC89FB0A6A97F284C5723BEEF77B6E1027278E6DA7,11,0.0,0.0,0.26639344262295084,0.0,0.2621468926553672,0.0,0.0,0.0,0.0,0.0,0.0,0.0
574,96,5,108,0.1,signflip_mu0p4,sign_flip,11,fedle_adapted,456,1988577654,788639995,,100,39.977759215344555,0.096248766041461,0.08333333333333333,0.014633048176497075,90,100,100,19,0.20293338343045988,0.06443029272582149,17.398603841313967,0.9086881950044866,5687,AF9AE95C7918A25ED246F9D09DE155F2D7D63FA5907558D82A44052F61728DB2,9041D52A3E3468A9285B4E321CB5A5799CEC31A9B584AC1B7D21698CDB8E8FC9,15,0.0,0.0,0.1755965781179649,0.0,0.0,0.0,0.0,0.0,0.0,0.0,0.0,0.0
575,96,5,108,0.1,signflip_mu0p4,sign_flip,11,tea_fl,456,1988577654,788639995,95,94,2.4413137419437962,0.3647581441263574,0.3331477525290522,0.2286307687036787,55,80,95,13,0.281700521101185,0.06593029272582404,15.193123986533667,0.7536034115138592,4974,7D92DD886EB53442A0A1196772AD96627C9A7D633FB983F1D089B137A2643460,8852A2513E668D60CA05FAB221957104820F7A6ED6D26E4623AEE1E165A53DE1,11,0.5319148936170213,0.0,0.18351477449455678,0.9094922737306843,0.1037037037037037,0.0,0.540272614622057,0.0,0.3178082191780822,0.1568627450980392,0.0,0.0
576,96,5,108,0.1,signflip_mu0p4,sign_flip,11,arl_fl,456,1988577654,788639995,,100,19.74861274749364,0.09772951628825272,0.08333333333333333,0.014838129496402877,70,100,100,21,0.2400602953901136,0.06313270884934816,16.359050306443663,0.8439975946068554,5350,CF2C849D29B2625F6D2FAB1B30DE7677EB1DFA1C9B8293624AEE5DD44BF94D94,A51DCD150DAF7B47C6217FAD6B7CE425CE96DA28C8BA73BB5A1AB94F2175F236,11,0.0,0.0,0.0,0.0,0.0,0.17805755395683454,0.0,0.0,0.0,0.0,0.0,0.0
577,97,5,108,0.1,labelflip_mu0p2,label_flip,6,fedavg,123,1526525708,701496434,,100,0.9281873060473097,0.6826258637709773,0.6780587953325988,0.6603583829577429,65,95,100,20,0.26045642228088745,0.06733924522053822,16.78527610910441,0.9624870665800428,5760,E0C33D276A1497ADAC6DA751C5FB038F52494EA3B96388437C17C697B02EA84E,EBF1EE8C99C399C2A9F5D43119E61ACBD925582424CB1B118C392049CD856B90,11,0.0,0.40762812872467225,0.0,0.9260700389105059,0.9311740890688259,0.8530259365994236,0.9330254041570438,0.8304093567251462,0.7887323943661971,0.7493670886075949,0.8316008316008316,0.6732673267326733
578,97,5,108,0.1,labelflip_mu0p2,label_flip,6,fedprox,123,1526525708,701496434,,100,0.9689393791959411,0.6796643632773939,0.676182262085065,0.6585838861346716,65,95,100,20,0.26045642228088745,0.06733924522053822,16.78527610910441,0.9624870665800428,5760,D98CED57A75EE4BE13756CC7E55BD3BE4197DD11F315B23897933D66AF002F96,EC9531439615F9F13F384183E214FE17CEFB1CD9C1435E12F01D7424862703D3,11,0.0,0.4013921113689095,0.0,0.9596774193548387,0.9387755102040817,0.8294117647058824,0.9678899082568807,0.8409090909090909,0.8,0.7171717171717171,0.8151260504201681,0.6326530612244898
579,97,5,108,0.1,labelflip_mu0p2,label_flip,6,random_trimmed_mean,123,1526525708,701496434,,100,1.29610603677085,0.5473840078973347,0.5037597623676529,0.43932271828388436,65,95,100,20,0.26045642228088745,0.06733924522053822,16.78527610910441,0.9624870665800428,5760,D921F720965455D13F6F6B042186967CA83ECA6017A8AC60FCD7FEF8B00176B3,7BA602634F6A500EED8CBBAD2D149F5B66D1DBFA11747F14AB377A44B9A5C8AC,11,0.0,0.41624365482233505,0.01020408163265306,0.7115097159940209,0.9421487603305785,0.9144385026737968,0.40390879478827363,0.10101010101010101,0.4330708661417323,0.6170212765957447,0.7223168654173765,0.0
580,97,5,108,0.1,labelflip_mu0p2,label_flip,6,fedle_adapted,123,1526525708,701496434,,100,1.3201458110508066,0.5760118460019743,0.598200264511433,0.568614868036932,80,100,100,22,0.2510704409241392,0.06683924522053794,17.04808358709336,0.9305138762881802,5810,A8CDF2196DF3B2B4B443D07DC449B58DEAE9D6ABAC69443FEAFE8CFFFEFC3EF2,2DE3AFF4191BBD4AEE00801AEA4F51BAD00F144FBC53EB09113608980407B2E1,15,0.0,0.3277777777777778,0.0,0.9497907949790795,0.9169960474308301,0.8294117647058824,0.8803245436105477,0.7,0.7108433734939759,0.7988826815642458,0.023076923076923078,0.6862745098039216
581,97,5,108,0.1,labelflip_mu0p2,label_flip,6,tea_fl,123,1526525708,701496434,,100,1.5632095033301066,0.5276406712734452,0.471351840210459,0.39308718495893263,65,100,100,20,0.381429357802587,0.08592056360639705,13.39803391449682,0.5766763259951271,4333,8FD7B0AE719326EF88168408C03B8FB74DBB4B672A11ABD1C0D220720D0CC438,A4D51E32004FF8A3C93784C87A538710E30E7D4ACC86A5561713AAC7FF81E4E5,11,0.0,0.42513368983957217,0.08256880733944955,0.968421052631579,0.6350974930362117,0.0,0.8461538461538461,0.0,0.7424242424242424,0.30663615560640733,0.7106109324758842,0.0
582,97,5,108,0.1,labelflip_mu0p2,label_flip,6,arl_fl,123,1526525708,701496434,,100,1.2914915193103966,0.5631786771964462,0.5300544541278854,0.4660272262402158,85,100,100,24,0.2967561311620143,0.07143348557775636,15.768884260432856,0.8242748956777085,5284,97BD8952ADF1A15A449F3CAA803CB5AFCE555B84F01426E28DEC1FAE0BBE37C8,18FD73EF710E0AC89CCFEF45B6CA7B804E2B8124B7EF40D447A79B15EA8805B4,11,0.0,0.0,0.42160737812911725,0.9519832985386222,0.7301587301587301,0.5857142857142857,0.48231511254019294,0.5733333333333334,0.35714285714285715,0.6609808102345416,0.8290909090909091,0.0
583,98,5,108,0.1,labelflip_mu0p2,label_flip,6,fedavg,456,1988577654,788639995,,100,1.2653643588323114,0.5380059230009872,0.582585736578054,0.5408069511745123,50,80,100,15,0.20336808037875567,0.07162644434433374,17.386432326761685,0.9585315296965049,5771,EF646E7905DAB0B7CFF08C9F4CFD94BE79A2B0B0EA7712B519C33F0B67803CA1,1DB873D27853582D6CFA1BD4CD21967410D81BAFE427A09D79048AD8E690714C,11,0.0,0.42659974905897113,0.0330188679245283,0.9688149688149689,0.9349593495934959,0.8695652173913043,0.5211726384364821,0.8047337278106509,0.40131578947368424,0.7080745341614907,0.10989010989010989,0.7115384615384616
584,98,5,108,0.1,labelflip_mu0p2,label_flip,6,fedprox,456,1988577654,788639995,,100,1.2766215549404976,0.5483711747285291,0.5826896968854881,0.5467317890033573,50,80,100,15,0.20336808037875567,0.07162644434433374,17.386432326761685,0.9585315296965049,5771,58E36D8FDEA614F07190000896808C1E9A3D6E3C48B4A8B6285EE53F89D0FC62,9AD6CF3146B1F38D7DBA2F6A7238B29BD8094E155F298642CD43558BAE0C2B92,11,0.0,0.4356687898089172,0.030973451327433628,0.944,0.9426229508196722,0.8957345971563981,0.672566371681416,0.6715328467153284,0.4452296819787986,0.7559523809523809,0.03065134099616858,0.7358490566037735
585,98,5,108,0.1,labelflip_mu0p2,label_flip,6,random_trimmed_mean,456,1988577654,788639995,,100,1.4717496472308806,0.5360315893385982,0.5370766052538111,0.4997408684796358,50,80,100,15,0.20336808037875567,0.07162644434433374,17.386432326761685,0.9585315296965049,5771,67807AD5EB665945543BD1EC2FC6A788FAE4DA11FC062FBBCF238CCB1F78DD5E,A0216A3D14150C2979AED67B7C119BE39A11A4606BEC5BCF0C8ACB05A4578513,11,0.0,0.3118942731277533,0.0,0.9620253164556962,0.9090909090909091,0.8932038834951457,0.891566265060241,0.3364485981308411,0.6703910614525139,0.5625,0.0,0.45977011494252873
586,98,5,108,0.1,labelflip_mu0p2,label_flip,6,fedle_adapted,456,1988577654,788639995,,100,0.9924373063024388,0.7087857847976308,0.7023075291927325,0.6834954375968693,90,100,100,19,0.20293338343045988,0.06443029272582149,17.398603841313967,0.9086881950044866,5687,85D8B82C374ACD87D01D3A8EEF24000F9CF6C9FA0A3649593B12768B167C7CB0,39CAE3C45DEC2B78BFFADDB4CAD53042E82F5EDCD3800AA1217B4DA21BE4316F,15,0.921832884097035,0.45992115637319314,0.0,0.9554655870445344,0.9421487603305785,0.8926014319809069,0.9534883720930233,0.5625,0.7100591715976331,0.6621160409556314,0.5560975609756098,0.5857142857142857
587,98,5,108,0.1,labelflip_mu0p2,label_flip,6,tea_fl,456,1988577654,788639995,,100,1.6401057497534794,0.4605133267522211,0.4773558894770146,0.362254549111983,60,90,100,18,0.3156480241100032,0.0857545366175258,14.242593902286755,0.629084132139122,4490,2E05F8BDD4771D22AAA77780476B05F9CE16B8D31931BF0EC8B9629C9EE8231F,D10D5913FEF5452771B2E1CA26BC0A674517799A13CA69261D1BC3CC2FEB4BD6,11,0.8530120481927711,0.0,0.37045203969129,0.7337461300309598,0.0,0.8111587982832618,0.15637860082304528,0.6013986013986014,0.4669260700389105,0.0,0.0,0.35398230088495575
588,98,5,108,0.1,labelflip_mu0p2,label_flip,6,arl_fl,456,1988577654,788639995,,100,1.0790489040028308,0.6692991115498519,0.6501877889924969,0.609621560754145,80,100,100,22,0.23906111952898587,0.06293029272582204,16.38702723055524,0.8540894872260241,5314,02DF754B82A732B1D58A2EBF3515D9B867A29EC445E5520D2E842F80BF701B4A,127C0747E7D1B3815B40167AC4F6F098AF4EDF64ECD85C28030B21D922BCBEF9,11,0.7109826589595376,0.0,0.46078431372549017,0.9557894736842105,0.9149797570850202,0.9148936170212766,0.883054892601432,0.6666666666666666,0.5818181818181818,0.7914438502673797,0.4350453172205438,0.0
589,99,5,108,0.1,labelflip_mu0p4,label_flip,11,fedavg,123,1526525708,701496434,,100,1.0764419698291563,0.6219151036525172,0.5544997248964549,0.4914942914736031,65,95,100,20,0.26045642228088745,0.06733924522053822,16.78527610910441,0.9624870665800428,5760,951AB46EE9EBC3527D747CDFE5409B1B9B98FAD15184D57B6863387BCFF56E85,BD8F394B82963EF0CC518BFDBCBD9BE555D355AB70195EB8EF7AF42F41FF829F,11,0.0,0.4351145038167939,0.0,0.9631147540983607,0.75,0.6843853820598007,0.7890909090909091,0.696078431372549,0.05333333333333334,0.7168674698795181,0.8099467140319716,0.0
590,99,5,108,0.1,labelflip_mu0p4,label_flip,11,fedprox,123,1526525708,701496434,,100,1.0593289728814264,0.629812438302073,0.5666297280396032,0.5167035246562475,65,95,100,20,0.26045642228088745,0.06733924522053822,16.78527610910441,0.9624870665800428,5760,891E968B6E27133510C568A1796526DB42C1E6B27DD5E9D7285CFF75CA407B0B,9DC416581296FAC15623807C864DE358B45F6592B7CEDA010532CEBA0E5D8DF4,11,0.0,0.427307206068268,0.08181818181818182,0.9471544715447154,0.8351648351648352,0.7398119122257053,0.7791741472172352,0.6952380952380952,0.12048192771084337,0.7610619469026548,0.8132295719844358,0.0
591,99,5,108,0.1,labelflip_mu0p4,label_flip,11,random_trimmed_mean,123,1526525708,701496434,,100,1.284447827673382,0.5863770977295163,0.5076143064502375,0.45310948129949,65,95,100,20,0.26045642228088745,0.06733924522053822,16.78527610910441,0.9624870665800428,5760,4963FAD832AC0FC48D5E445AE035857E93B2179FF0026570AB20995A128FED7C,4303B6E87A3205672901605D8AD673319FC2EF70E0E3082111966C1D6C2E7025,11,0.0,0.43037974683544306,0.0,0.9518072289156626,0.4773662551440329,0.6375838926174496,0.6825396825396826,0.7021276595744681,0.0,0.7409638554216867,0.8145454545454546,0.0
592,99,5,108,0.1,labelflip_mu0p4,label_flip,11,fedle_adapted,123,1526525708,701496434,,100,1.6991961084725473,0.38351431391905233,0.35101049017208236,0.3050012241818646,80,100,100,22,0.2510704409241392,0.06683924522053794,17.04808358709336,0.9305138762881802,5810,1858FBC7CDF8D2BB015044534E1578FF3786847051A35CDF9B839ED086D3AC71,D7D1019240C6BFD8EFBC191B78970E4C68353744320225417E6E9E5649239601,15,0.0,0.011049723756906077,0.5176908752327747,0.5997322623828648,0.028985507246376812,0.5707762557077626,0.48501362397820164,0.32996632996632996,0.6016260162601627,0.16393442622950818,0.3512396694214876,0.0
593,99,5,108,0.1,labelflip_mu0p4,label_flip,11,tea_fl,123,1526525708,701496434,,100,1.6629368359809567,0.47482724580454094,0.4188997887886002,0.3459772042991467,60,100,100,22,0.3804654885741828,0.08542381919565795,13.42502225289214,0.5853601428278749,4356,794E47A46D90C7AED242D2A89490E6E6C10ACE98476A49AF9776A809CA8BCE56,83832BE18DA5721613D5146AFE1676C62BAF955493E30DCBE9239FAEF0B57247,11,0.0,0.4075471698113208,0.10638297872340426,0.9649484536082474,0.0,0.0,0.9358974358974359,0.0,0.7549668874172185,0.4028950542822678,0.579088471849866,0.0
594,99,5,108,0.1,labelflip_mu0p4,label_flip,11,arl_fl,123,1526525708,701496434,,100,1.492218790496796,0.5646594274432379,0.5210992128088027,0.4346174397707358,80,100,100,25,0.29808222403772405,0.09783495909466056,15.731753659912982,0.8279773548193456,5274,BC4E6941E33000D4A6A38E76C9A2F9593C7490D9FF43E6DA36C1CD069EE89F55,70DC3356841CEE7EAB908D1EEB8BE8A2343C6D30D493C232D96AE3D85B2F3CC1,11,0.0,0.4074074074074074,0.0,0.9672131147540983,0.0,0.6616822429906543,0.9409190371991247,0.7731958762886598,0.6993865030674846,0.1,0.6656050955414012,0.0
595,100,5,108,0.1,labelflip_mu0p4,label_flip,11,fedavg,456,1988577654,788639995,,100,1.6353535967541588,0.552319842053307,0.5292099233569426,0.4865827518329777,50,80,100,15,0.20336808037875567,0.07162644434433374,17.386432326761685,0.9585315296965049,5771,74162F954AED7B53A58A700873B6162195EDDA8858F650C8035BF89D62D1C8D0,3C524A73480F46EEFB5460CD0018E53D94AF04D7F435249D5F5B8EF2F46EDC9F,11,0.0,0.36476683937823834,0.013289036544850499,0.9509594882729211,0.6344086021505376,0.926829268292683,0.935064935064935,0.6756756756756757,0.5714285714285714,0.7665706051873199,0.0,0.0
596,100,5,108,0.1,labelflip_mu0p4,label_flip,11,fedprox,456,1988577654,788639995,,100,1.4790148313753932,0.5577492596248766,0.5453143822717752,0.5164344722038864,50,80,100,15,0.20336808037875567,0.07162644434433374,17.386432326761685,0.9585315296965049,5771,DB80F18ADDFC088D28441761D5675A875A016FBE415EFC325B58C8CB004F4B4D,D514069F6FC9AD52EDC6C057A7A3FE35FDD7ED2A8AC6DD995F1BB2D22C700ACB,11,0.0,0.36102564102564105,0.007042253521126761,0.9509594882729211,0.6555555555555556,0.9222520107238605,0.9184549356223176,0.631578947368421,0.5871559633027523,0.7584269662921348,0.0,0.40476190476190477
597,100,5,108,0.1,labelflip_mu0p4,label_flip,11,random_trimmed_mean,456,1988577654,788639995,,100,1.550599544210707,0.4605133267522211,0.4518711525335462,0.371981096294091,50,80,100,15,0.20336808037875567,0.07162644434433374,17.386432326761685,0.9585315296965049,5771,39E72E61AD86D4FFA6432C9C1C381C568CAC9FF2731AA024C38E9AD484C3A9BF,BC0CE286D18DE40B8227FBF71698C4DD7DE21E04595229AA802A1D88A3AB0CEF,11,0.0,0.3404669260700389,0.0,0.96,0.7958477508650519,0.0,0.592896174863388,0.4745762711864407,0.5697674418604651,0.7147147147147147,0.015503875968992248,0.0
598,100,5,108,0.1,labelflip_mu0p4,label_flip,11,fedle_adapted,456,1988577654,788639995,,100,1.7992243201923277,0.3262586377097729,0.366686113261651,0.27683267442858767,90,100,100,19,0.20293338343045988,0.06443029272582149,17.398603841313967,0.9086881950044866,5687,154FF29F4EFC8A7071E164DC055834DAB13E5739EB48E14DA769F2CA1275F6DD,D7E5EDDBB498B77DCDFC0FCF1F4071F0337C327AEAC1E547C3442C9A22EC7399,15,0.0,0.0,0.34445446348061315,0.836104513064133,0.5140388768898488,0.0,0.14012738853503184,0.5657370517928287,0.762589928057554,0.14218009478672985,0.01675977653631285,0.0
599,100,5,108,0.1,labelflip_mu0p4,label_flip,11,tea_fl,456,1988577654,788639995,,100,1.5863085868681053,0.5207305034550839,0.4530920145188673,0.3722537678591093,60,90,100,18,0.3137511707189934,0.08350600990418715,14.29570579723503,0.6300899453396972,4454,8AFB0017095C66FAD70D5F49FD8D46662EF782C888B58CDA243EE79C114A1194,FC41CAC838BF540B1E2D1555F27F2F988FDF0AD6B8490BFC0FC1C64321F78C8D,11,0.0,0.3737024221453287,0.16119402985074627,0.9515789473684211,0.5989583333333334,0.8047619047619048,0.8888888888888888,0.0,0.0,0.687960687960688,0.0,0.0
600,100,5,108,0.1,labelflip_mu0p4,label_flip,11,arl_fl,456,1988577654,788639995,,100,1.5669583285784556,0.4807502467917078,0.4599695634749738,0.38668478281751667,80,100,100,22,0.23400801067537916,0.05993029272582204,16.52851427845623,0.8532605217688091,5372,1FF44CF2E9B6B5A99D5AE182BCB2C52D467151F7155661AD513C97B65AECE034,F1737116F1C089F5CC4B919C71BB00CA52F6F44D7B189AFB761CC3C90061AEEA,11,0.07035175879396985,0.4157160963244613,0.02247191011235955,0.9556025369978859,0.5074626865671642,0.8048048048048048,0.9260869565217391,0.6180257510729614,0.05363984674329502,0.26605504587155965,0.0,0.0
