run_index,run_directory,filename,size_bytes,sha256
1,run_001__alpha_0p1_seed_123__FEDAVG__CLEAN,BEST_STATE.pt,179065,E6F4C23DFBDD6A91BE98A967D68B1E5BC6994535CAADEF915736CD8368D95CFF
1,run_001__alpha_0p1_seed_123__FEDAVG__CLEAN,ROUND_CHECKPOINT.pt,179329,997F2B75518FB3A4D7D80689B5508B53F33500E9E8C1CB2C0B39A40DB3567DFC
1,run_001__alpha_0p1_seed_123__FEDAVG__CLEAN,ROUND_VALIDATION_METRICS.csv,1663,2DF400161AC960776BAE85DEEA1728F2DF0189C0A3CC3385EC1C3CBCF1113841
1,run_001__alpha_0p1_seed_123__FEDAVG__CLEAN,RUN_COMPLETE.json,1095,434863399233616EEC88517A39C5BF1DCAD93F48098C523EBD343AB36B100E84
1,run_001__alpha_0p1_seed_123__FEDAVG__CLEAN,RUN_CONTRACT.json,418,743B855EC69596EADD3F159C047C20E0A7DE64BFEAE044BB117C403A1E260CE2
1,run_001__alpha_0p1_seed_123__FEDAVG__CLEAN,RUN_STATE.json,239,32A5264F7EAAF2000E71C52CF3CEB3E08E873E7864E2804E29B3F39016904CF3
2,run_002__alpha_0p1_seed_123__FEDAVG__SIGNFLIP_MU0P2,BEST_STATE.pt,179065,DFFAEA1F686B3F558A88D0CE17C91482B31FBE7A6B642E155AFCC320B645EC5E
2,run_002__alpha_0p1_seed_123__FEDAVG__SIGNFLIP_MU0P2,ROUND_CHECKPOINT.pt,179329,052028E68D7FEB44880C9B1CFE19A6CB0137828D5DFE3884E89E907B85DBE4BC
2,run_002__alpha_0p1_seed_123__FEDAVG__SIGNFLIP_MU0P2,ROUND_VALIDATION_METRICS.csv,1667,F0D43AD3C5D955747D81F8515D6C8388C28DBAA187E5FE3D8ACE88AC98CB463C
2,run_002__alpha_0p1_seed_123__FEDAVG__SIGNFLIP_MU0P2,RUN_COMPLETE.json,1102,7AA2FD331B982D8F0C2C2FE3BF5AF38008EE57320A815CEFCFAAB7F13E7AAB25
2,run_002__alpha_0p1_seed_123__FEDAVG__SIGNFLIP_MU0P2,RUN_CONTRACT.json,427,79C698FEEF67E7D0236F5DDE4BCA82EF018A2CC8B41243BC267C4D9E3D81BF2E
2,run_002__alpha_0p1_seed_123__FEDAVG__SIGNFLIP_MU0P2,RUN_STATE.json,238,AA2E7510BEF3B7ADAB7DFAB45144BF52A7F1C4C6FB1AD6CD480B5797B2122064
3,run_003__alpha_0p1_seed_123__FEDAVG__SIGNFLIP_MU0P4,BEST_STATE.pt,179065,DFFAEA1F686B3F558A88D0CE17C91482B31FBE7A6B642E155AFCC320B645EC5E
3,run_003__alpha_0p1_seed_123__FEDAVG__SIGNFLIP_MU0P4,ROUND_CHECKPOINT.pt,179329,807D94336A58F3EEB2452E8F7A4F76833FB950C5F4B34C54A49280FD97D00712
3,run_003__alpha_0p1_seed_123__FEDAVG__SIGNFLIP_MU0P4,ROUND_VALIDATION_METRICS.csv,1752,6C3E34A4EA1D234595C9AD0331775A76BC83AE383AC57BA1D325B89DA4848343
3,run_003__alpha_0p1_seed_123__FEDAVG__SIGNFLIP_MU0P4,RUN_COMPLETE.json,1102,792B450DF80E82877D86E8ED265A7DD25D842C7E21801388E93F9BBE3E50D166
3,run_003__alpha_0p1_seed_123__FEDAVG__SIGNFLIP_MU0P4,RUN_CONTRACT.json,427,E48DF1A5D6E9DA871248C831913367625E12432E599307A80DD66018C88FC046
3,run_003__alpha_0p1_seed_123__FEDAVG__SIGNFLIP_MU0P4,RUN_STATE.json,238,AA2E7510BEF3B7ADAB7DFAB45144BF52A7F1C4C6FB1AD6CD480B5797B2122064
4,run_004__alpha_0p1_seed_123__FEDPROX__CLEAN,BEST_STATE.pt,179065,6D7664CF28A0C56218A0EB060038CCD32E43D8EC5882D7FF61FA2FAB538387E0
4,run_004__alpha_0p1_seed_123__FEDPROX__CLEAN,ROUND_CHECKPOINT.pt,179329,8A682FA1F1019AA5FCD2E293E33B3EDDDF831604E4DF66A6B3CD2E05F8ED4D1B
4,run_004__alpha_0p1_seed_123__FEDPROX__CLEAN,ROUND_VALIDATION_METRICS.csv,1673,2BDC6CA3BF961A8693479E1EFA043B601A0B60E20D4FE7896BAF53A8A1AE447E
4,run_004__alpha_0p1_seed_123__FEDPROX__CLEAN,RUN_COMPLETE.json,1093,283416BEEFA0AC7127868CB57B1F60489D46B0E16EA2A806C9D094EB5A17656D
4,run_004__alpha_0p1_seed_123__FEDPROX__CLEAN,RUN_CONTRACT.json,419,17170EAABE319F8873997A86FD64E4DE05D881BC7C4970F76C16793C73BA9B82
4,run_004__alpha_0p1_seed_123__FEDPROX__CLEAN,RUN_STATE.json,238,B8F24D62A7BDFF7E578489A17423642C2C9DD7BF83AE03C0E079BE6791AE7524
5,run_005__alpha_0p1_seed_123__FEDPROX__SIGNFLIP_MU0P2,BEST_STATE.pt,179065,9284177765C9B84A19CFB0680195511E815E8A1345EC0341B989CBBB69609667
5,run_005__alpha_0p1_seed_123__FEDPROX__SIGNFLIP_MU0P2,ROUND_CHECKPOINT.pt,179329,BAB407B090323DD4DE18FA1698A3351382FCBA14B31C04414F1128D60007A8C4
5,run_005__alpha_0p1_seed_123__FEDPROX__SIGNFLIP_MU0P2,ROUND_VALIDATION_METRICS.csv,1670,942236700A4FEF1FA2B66440EAD0C50B99ECE54704145FDA2896210FF604F9BF
5,run_005__alpha_0p1_seed_123__FEDPROX__SIGNFLIP_MU0P2,RUN_COMPLETE.json,1103,2C97D444575F3DEB5D7D77D50DD84C9927FFD6931EE231951E8F85615BC675EA
5,run_005__alpha_0p1_seed_123__FEDPROX__SIGNFLIP_MU0P2,RUN_CONTRACT.json,428,67045DD285F6E36FF0D132A861F2099ED55761F56E80F83ACA560E9333E5608E
5,run_005__alpha_0p1_seed_123__FEDPROX__SIGNFLIP_MU0P2,RUN_STATE.json,238,D6146E01ED63BAB2098EB94B11B0D2DD745BDA6C3D45538E97518FCB1631B834
6,run_006__alpha_0p1_seed_123__FEDPROX__SIGNFLIP_MU0P4,BEST_STATE.pt,179065,9284177765C9B84A19CFB0680195511E815E8A1345EC0341B989CBBB69609667
6,run_006__alpha_0p1_seed_123__FEDPROX__SIGNFLIP_MU0P4,ROUND_CHECKPOINT.pt,179329,91D8055E2C2530972F3CF114D7EA652D37EF35B45891BCD31052AD488511EFFE
6,run_006__alpha_0p1_seed_123__FEDPROX__SIGNFLIP_MU0P4,ROUND_VALIDATION_METRICS.csv,1668,8C8DBF2513711A0ADBCB0F21C108BAEE1111C1E5CDEAFDC4129FA57591D989D8
6,run_006__alpha_0p1_seed_123__FEDPROX__SIGNFLIP_MU0P4,RUN_COMPLETE.json,1103,892E14482123D651186A98CCC5388903701BD67109AAC6FD63A77390A5A75E6D
6,run_006__alpha_0p1_seed_123__FEDPROX__SIGNFLIP_MU0P4,RUN_CONTRACT.json,428,8116DE886B94F58DEC1BBA0BEF2FEEE669986CF4511691BC5FB4F43AA9182804
6,run_006__alpha_0p1_seed_123__FEDPROX__SIGNFLIP_MU0P4,RUN_STATE.json,238,D6146E01ED63BAB2098EB94B11B0D2DD745BDA6C3D45538E97518FCB1631B834
7,run_007__alpha_0p1_seed_123__RANDOM_TRIMMED_MEAN__CLEAN,BEST_STATE.pt,179065,F27ECBAC338D611925E7781EF10C3AE7D34A77C8E0A44F5CF98F4D8CE8533DE8
7,run_007__alpha_0p1_seed_123__RANDOM_TRIMMED_MEAN__CLEAN,ROUND_CHECKPOINT.pt,179329,EAEC0215F5BA11BB17F3992909E10847712573095CA1730ED00BE654E04FCF1E
7,run_007__alpha_0p1_seed_123__RANDOM_TRIMMED_MEAN__CLEAN,ROUND_VALIDATION_METRICS.csv,1674,BD77FFBB456907F194C22D8E3A82ED75D9B469DBD91DC3CCCBD207CC71B02A08
7,run_007__alpha_0p1_seed_123__RANDOM_TRIMMED_MEAN__CLEAN,RUN_COMPLETE.json,1105,1F3604726DE9D001963119813CCFC2382BBC1C8CD190144C9142F2317ECF085E
7,run_007__alpha_0p1_seed_123__RANDOM_TRIMMED_MEAN__CLEAN,RUN_CONTRACT.json,431,7B06CA4733A732CEA1F4C68DE05A82B81943957A49690D2B278A1145DD2B9183
7,run_007__alpha_0p1_seed_123__RANDOM_TRIMMED_MEAN__CLEAN,RUN_STATE.json,239,F689EC099A963A2ABC350DAFB504E74EE2A0700B45CA6C9484B1D21B6C0F05B4
8,run_008__alpha_0p1_seed_123__RANDOM_TRIMMED_MEAN__SIGNFLIP_MU0P2,BEST_STATE.pt,179065,F164A71E16CC52B21B24D8AE0549412D858610FB77D4981F84B5AFA6B0469555
8,run_008__alpha_0p1_seed_123__RANDOM_TRIMMED_MEAN__SIGNFLIP_MU0P2,ROUND_CHECKPOINT.pt,179329,928C1701A5EDAC21DEFAC4EFBC56409211FE93800139A2F70CFF0A18E61362C6
8,run_008__alpha_0p1_seed_123__RANDOM_TRIMMED_MEAN__SIGNFLIP_MU0P2,ROUND_VALIDATION_METRICS.csv,1672,2138A540DEF26ADEC3CCDEACCFF6FF1F37AE412DE8581E7BDD6B4550C6E29C01
8,run_008__alpha_0p1_seed_123__RANDOM_TRIMMED_MEAN__SIGNFLIP_MU0P2,RUN_COMPLETE.json,1115,BC5B95479006AEB2573C90DDB742B0ECE05715B84FE84441F215BD317572F6F1
8,run_008__alpha_0p1_seed_123__RANDOM_TRIMMED_MEAN__SIGNFLIP_MU0P2,RUN_CONTRACT.json,440,6048938992173F26EAF57006088255D8232E1D2F7CF9408FD31EBB3DFF7AFA9F
8,run_008__alpha_0p1_seed_123__RANDOM_TRIMMED_MEAN__SIGNFLIP_MU0P2,RUN_STATE.json,238,FE5156B29A5A66EFCA36A07C9BCF08182D467A0164C9C36E15BA83F137DE1D4C
9,run_009__alpha_0p1_seed_123__RANDOM_TRIMMED_MEAN__SIGNFLIP_MU0P4,BEST_STATE.pt,179065,F164A71E16CC52B21B24D8AE0549412D858610FB77D4981F84B5AFA6B0469555
9,run_009__alpha_0p1_seed_123__RANDOM_TRIMMED_MEAN__SIGNFLIP_MU0P4,ROUND_CHECKPOINT.pt,179329,4E6433B5AEE09B22B1E94F02FD52B1A5F137309E8FD519A8B910A5EB64C91C03
9,run_009__alpha_0p1_seed_123__RANDOM_TRIMMED_MEAN__SIGNFLIP_MU0P4,ROUND_VALIDATION_METRICS.csv,1668,4A956FE26D6F10BF9F3061E0F423A95CD18E40FBB16471043F51A36634CFA166
9,run_009__alpha_0p1_seed_123__RANDOM_TRIMMED_MEAN__SIGNFLIP_MU0P4,RUN_COMPLETE.json,1115,6B58FB689E12A6B8CE3DFFD844A3FD5097674076572E83DC9D17C099173ED7B1
9,run_009__alpha_0p1_seed_123__RANDOM_TRIMMED_MEAN__SIGNFLIP_MU0P4,RUN_CONTRACT.json,440,E66E87D3DA64D5B128FDAE197D21870603FB900C3AAA417DFF18EEAABF3E19DB
9,run_009__alpha_0p1_seed_123__RANDOM_TRIMMED_MEAN__SIGNFLIP_MU0P4,RUN_STATE.json,238,FE5156B29A5A66EFCA36A07C9BCF08182D467A0164C9C36E15BA83F137DE1D4C
10,run_010__alpha_0p1_seed_123__FEDLE_ADAPTED__CLEAN,BEST_STATE.pt,179065,CC0FF158609A00820B7BF8C70B9BCE812CBA6D81599BECFE2B8AFF3C1ACB19B7
10,run_010__alpha_0p1_seed_123__FEDLE_ADAPTED__CLEAN,ROUND_CHECKPOINT.pt,179329,CA96C837A9025FCC7C16D193B23B72B03436106DB2913904C859294F4BDBF270
10,run_010__alpha_0p1_seed_123__FEDLE_ADAPTED__CLEAN,ROUND_VALIDATION_METRICS.csv,1661,0DDCA6A66B9164FF30A03D173D1C24CCFB8E0630F0CF4ACEE136C3ADA62ED516
10,run_010__alpha_0p1_seed_123__FEDLE_ADAPTED__CLEAN,RUN_COMPLETE.json,1101,8C352658DAEF808865A00A1E333586B65178788C713D54DDA7E53ADA7FDCB604
10,run_010__alpha_0p1_seed_123__FEDLE_ADAPTED__CLEAN,RUN_CONTRACT.json,426,39555198551293BACAD287516428173AE79EDB537348B50C3B4A1131F57C7744
10,run_010__alpha_0p1_seed_123__FEDLE_ADAPTED__CLEAN,RUN_STATE.json,238,2F184575517A5A184C514CC72EBC2B3CE004F1C8226081EE67CBA39F558A5A44
11,run_011__alpha_0p1_seed_123__FEDLE_ADAPTED__SIGNFLIP_MU0P2,BEST_STATE.pt,179065,6204BE9867DF727C14F9DB8E2FFA4E38C32550603B980DBC4A00E5581E219A13
11,run_011__alpha_0p1_seed_123__FEDLE_ADAPTED__SIGNFLIP_MU0P2,ROUND_CHECKPOINT.pt,179329,DE17DEC8968DB2154CC3F50F3C338B1BD913DCE22E36B44BC3FFAAB6647A0EB4
11,run_011__alpha_0p1_seed_123__FEDLE_ADAPTED__SIGNFLIP_MU0P2,ROUND_VALIDATION_METRICS.csv,1669,24E95EEEA93CCA06E9494D17C61B7C638039D4804C67CC6A4BB375990FB5B5FA
11,run_011__alpha_0p1_seed_123__FEDLE_ADAPTED__SIGNFLIP_MU0P2,RUN_COMPLETE.json,1110,74E6E7FBB353411D595932BC8E1EABE5642D376BE48A7A96353737F6F9E977B3
11,run_011__alpha_0p1_seed_123__FEDLE_ADAPTED__SIGNFLIP_MU0P2,RUN_CONTRACT.json,435,B90651C2992B79A0E5176B0EA974267015C225507500651025B1E8B432110347
11,run_011__alpha_0p1_seed_123__FEDLE_ADAPTED__SIGNFLIP_MU0P2,RUN_STATE.json,238,4B0996F7D17C526CBE370BB30E147FF3F9193393D9F7F653251B7B0DF9C36BFA
12,run_012__alpha_0p1_seed_123__FEDLE_ADAPTED__SIGNFLIP_MU0P4,BEST_STATE.pt,179065,6204BE9867DF727C14F9DB8E2FFA4E38C32550603B980DBC4A00E5581E219A13
12,run_012__alpha_0p1_seed_123__FEDLE_ADAPTED__SIGNFLIP_MU0P4,ROUND_CHECKPOINT.pt,179329,649427FBB231E99EB6B91075F8DF24527C58C5DB04E6E0B40E212EC1B295742B
12,run_012__alpha_0p1_seed_123__FEDLE_ADAPTED__SIGNFLIP_MU0P4,ROUND_VALIDATION_METRICS.csv,1748,3349FDB4B6086087A9340D38320CB37EC1F5D9454C01D10683EAF9E9701C1DF8
12,run_012__alpha_0p1_seed_123__FEDLE_ADAPTED__SIGNFLIP_MU0P4,RUN_COMPLETE.json,1110,0F9BD2F35E3D6D40C32B5C7010F770E35D9C5F4F61D0C89BDEDF490EA640948F
12,run_012__alpha_0p1_seed_123__FEDLE_ADAPTED__SIGNFLIP_MU0P4,RUN_CONTRACT.json,435,C91A977909842F55738DAD60C8813224949B0300AFB6215EEF0167C0B0EEBB1C
12,run_012__alpha_0p1_seed_123__FEDLE_ADAPTED__SIGNFLIP_MU0P4,RUN_STATE.json,238,4B0996F7D17C526CBE370BB30E147FF3F9193393D9F7F653251B7B0DF9C36BFA
13,run_013__alpha_0p1_seed_123__TEA_FL__CLEAN,BEST_STATE.pt,179065,7C167EEF220B76700E4FABD86183E5287E732FC45B5BEB0B17DD5D249228B39A
13,run_013__alpha_0p1_seed_123__TEA_FL__CLEAN,ROUND_CHECKPOINT.pt,180161,2517536A81D92559D04049C6028B52A575BEB3F6B076C67ACFC0A318EC735EF2
13,run_013__alpha_0p1_seed_123__TEA_FL__CLEAN,ROUND_VALIDATION_METRICS.csv,1671,3F6AC616D6FD67B4F5DBA1C3787A66D1ABDF5EE29359C7A633FCF7EFA2AE37D4
13,run_013__alpha_0p1_seed_123__TEA_FL__CLEAN,RUN_COMPLETE.json,1092,05E6CD9F89B10475AA9015E6FEAA481E67588F94D7866EB5B73111A3F3C51F13
13,run_013__alpha_0p1_seed_123__TEA_FL__CLEAN,RUN_CONTRACT.json,419,A031707C8463AAC6EA60E628A2CB58FA4F0731405BAE54BD791F16ECF8D82CA4
13,run_013__alpha_0p1_seed_123__TEA_FL__CLEAN,RUN_STATE.json,237,74D3880E58550C82262A4B1B4757E67B1CAD29F4A7E157CFB11995A9BF191725
14,run_014__alpha_0p1_seed_123__TEA_FL__SIGNFLIP_MU0P2,BEST_STATE.pt,179065,7C167EEF220B76700E4FABD86183E5287E732FC45B5BEB0B17DD5D249228B39A
14,run_014__alpha_0p1_seed_123__TEA_FL__SIGNFLIP_MU0P2,ROUND_CHECKPOINT.pt,180161,785AE49A93B13240EB6AEC0FE3BE6EEDEFDB8993B3EB48DAFF33008CB7F8D7B1
14,run_014__alpha_0p1_seed_123__TEA_FL__SIGNFLIP_MU0P2,ROUND_VALIDATION_METRICS.csv,1664,B632D46D0ADB8A7E3C9366F0DC974272D69A3AFC7D8AF05BD9D63C6638452151
14,run_014__alpha_0p1_seed_123__TEA_FL__SIGNFLIP_MU0P2,RUN_COMPLETE.json,1101,4B3965F6F339FE1F2DAEC92F7AB95906C9FDD98121019EF179BE550AB95A17EB
14,run_014__alpha_0p1_seed_123__TEA_FL__SIGNFLIP_MU0P2,RUN_CONTRACT.json,428,D82A55EC66DEDF53589FCBD5EC556936F27829CCB2898064E56079DA0F5131A1
14,run_014__alpha_0p1_seed_123__TEA_FL__SIGNFLIP_MU0P2,RUN_STATE.json,237,74D3880E58550C82262A4B1B4757E67B1CAD29F4A7E157CFB11995A9BF191725
15,run_015__alpha_0p1_seed_123__TEA_FL__SIGNFLIP_MU0P4,BEST_STATE.pt,179065,7C167EEF220B76700E4FABD86183E5287E732FC45B5BEB0B17DD5D249228B39A
15,run_015__alpha_0p1_seed_123__TEA_FL__SIGNFLIP_MU0P4,ROUND_CHECKPOINT.pt,180161,6F978DA5621D519DFE0C59AD4AC6914992AC5D31E2C96041E6DD59382D6C9082
15,run_015__alpha_0p1_seed_123__TEA_FL__SIGNFLIP_MU0P4,ROUND_VALIDATION_METRICS.csv,1689,864A1CFD8FAD757636B9611BF9983B09D5EFD5BD8F7322A58B4DC0188711E930
15,run_015__alpha_0p1_seed_123__TEA_FL__SIGNFLIP_MU0P4,RUN_COMPLETE.json,1101,6513BD2155B5AE3A1DF7A725D3607527503DB7BC4864516AAC7F990F2CB85DB4
15,run_015__alpha_0p1_seed_123__TEA_FL__SIGNFLIP_MU0P4,RUN_CONTRACT.json,428,7BD0CE359E2A674B9D0A6EAD4A1E6DCF73403B5CA2819952C759BC6662222F40
15,run_015__alpha_0p1_seed_123__TEA_FL__SIGNFLIP_MU0P4,RUN_STATE.json,237,74D3880E58550C82262A4B1B4757E67B1CAD29F4A7E157CFB11995A9BF191725
16,run_016__alpha_0p1_seed_123__ARL_FL__CLEAN,BEST_STATE.pt,179065,F917FD7CE9C81782C923E9A39461F430B1910A461C87DD828742D4A0E0C3B926
16,run_016__alpha_0p1_seed_123__ARL_FL__CLEAN,ROUND_CHECKPOINT.pt,13931559,173CA417B5F29563725AFF439AEDF913E5DA8C523DA98BBC90047201DEB0FE23
16,run_016__alpha_0p1_seed_123__ARL_FL__CLEAN,ROUND_VALIDATION_METRICS.csv,1667,D4E295631EE5B6AEAAF034F075296087C0E34CD51E834D4EA8BDFD1B265506AC
16,run_016__alpha_0p1_seed_123__ARL_FL__CLEAN,RUN_COMPLETE.json,1094,C4DCD9DF7FE16B7012F7902EA9EBC324CBF42F069B33A2BD92F010F5B810D261
16,run_016__alpha_0p1_seed_123__ARL_FL__CLEAN,RUN_CONTRACT.json,419,D5D7DF9611C024CAF8E01CBE6402105D98344E1D79052DECB817A9C718BFE8DD
16,run_016__alpha_0p1_seed_123__ARL_FL__CLEAN,RUN_STATE.json,239,5C6EFC68615B4384D38DA39B55BE54CEF6118CA3BB3B4E0C1B7B0E931B13BED8
17,run_017__alpha_0p1_seed_123__ARL_FL__SIGNFLIP_MU0P2,BEST_STATE.pt,179065,97DE0B560EEF7B37C405EE9FB215F46EFBA79AA94724C542F5EE886FD8FEB40E
17,run_017__alpha_0p1_seed_123__ARL_FL__SIGNFLIP_MU0P2,ROUND_CHECKPOINT.pt,13931559,88F4B5F69294B2D6418C1E66954C265B18CAE40B87CA9D5461A53440017ED688
17,run_017__alpha_0p1_seed_123__ARL_FL__SIGNFLIP_MU0P2,ROUND_VALIDATION_METRICS.csv,1666,C73D84D5C76124CB76761883D0B19B3B660262DD1BBCD24C38A0E2351A8B89CA
17,run_017__alpha_0p1_seed_123__ARL_FL__SIGNFLIP_MU0P2,RUN_COMPLETE.json,1102,133BC1DE6C2C3CCB4A0E4E4D3A6FB6594FF7F0B0E27F59E10A37440EA2121E1A
17,run_017__alpha_0p1_seed_123__ARL_FL__SIGNFLIP_MU0P2,RUN_CONTRACT.json,428,6415DA8D5A4223160234F5994E0B111B03314FD63BC6E747EF7ECCDEBBD55BA6
17,run_017__alpha_0p1_seed_123__ARL_FL__SIGNFLIP_MU0P2,RUN_STATE.json,238,6AD469FF839CA6760F91ADB339A7BF7796058B4E7511E6E16FFD4447103579A6
18,run_018__alpha_0p1_seed_123__ARL_FL__SIGNFLIP_MU0P4,BEST_STATE.pt,179065,97DE0B560EEF7B37C405EE9FB215F46EFBA79AA94724C542F5EE886FD8FEB40E
18,run_018__alpha_0p1_seed_123__ARL_FL__SIGNFLIP_MU0P4,ROUND_CHECKPOINT.pt,13931559,E7842572145F0C22CC87693AEFFF80C0D85669639E9FA150A5CFC8E3FEC46C1C
18,run_018__alpha_0p1_seed_123__ARL_FL__SIGNFLIP_MU0P4,ROUND_VALIDATION_METRICS.csv,1668,C1BED181861CD15BF470C7564702279491A7DA3016C02B3746F785F670677704
18,run_018__alpha_0p1_seed_123__ARL_FL__SIGNFLIP_MU0P4,RUN_COMPLETE.json,1102,FB6065FC172F929392B84E9F0048C2CE7393FB2E6AE2BDDB9AA52890D66AB6DE
18,run_018__alpha_0p1_seed_123__ARL_FL__SIGNFLIP_MU0P4,RUN_CONTRACT.json,428,5C11E035991C16D4561A953F69D91DF0470763261AA7293EE889AAA72163A8A6
18,run_018__alpha_0p1_seed_123__ARL_FL__SIGNFLIP_MU0P4,RUN_STATE.json,238,6AD469FF839CA6760F91ADB339A7BF7796058B4E7511E6E16FFD4447103579A6
19,run_019__alpha_0p1_seed_42__FEDAVG__CLEAN,BEST_STATE.pt,179065,84241EF691E3A9E350A693F041622F4D3F44FC9CDC0FAB2D6A45789D04F6A0DC
19,run_019__alpha_0p1_seed_42__FEDAVG__CLEAN,ROUND_CHECKPOINT.pt,179329,ABD936EF8FFEE895021C410E2B69E0163FD0C058A08958836DB37534905C11B6
19,run_019__alpha_0p1_seed_42__FEDAVG__CLEAN,ROUND_VALIDATION_METRICS.csv,1653,CA29B7AB0BB5170873D7A3FD5CC09C479C892907E73D3804EFB17D94B58C0F9C
19,run_019__alpha_0p1_seed_42__FEDAVG__CLEAN,RUN_COMPLETE.json,1090,8A5134AC05E012508F7E1035FE379FB9CD193E425CA605190F4DF627448AFA77
19,run_019__alpha_0p1_seed_42__FEDAVG__CLEAN,RUN_CONTRACT.json,417,388FD9280A239D6E38102D0A6839A3C9F4255CB0848889742EF7F1501F581E08
19,run_019__alpha_0p1_seed_42__FEDAVG__CLEAN,RUN_STATE.json,237,148A9D0332C79C7FF708AF4B234FAB2710494CAEB728F2C7E9AD0E952DE2494A
20,run_020__alpha_0p1_seed_42__FEDAVG__SIGNFLIP_MU0P2,BEST_STATE.pt,179065,2D579B178C81911050A556D2A618B8BE5B9E1B6806ABAFA6C2582DF44F3223BB
20,run_020__alpha_0p1_seed_42__FEDAVG__SIGNFLIP_MU0P2,ROUND_CHECKPOINT.pt,179329,C30F28E12999D5E92D6ACC5A164EBEE37C3B66087FD50D9DF418C379BA9C5260
20,run_020__alpha_0p1_seed_42__FEDAVG__SIGNFLIP_MU0P2,ROUND_VALIDATION_METRICS.csv,1683,AB909907E0A376F3EFA919B0015C30F5A2CA4C1FA94AE56FAF8A28C5220DD7A4
20,run_020__alpha_0p1_seed_42__FEDAVG__SIGNFLIP_MU0P2,RUN_COMPLETE.json,1098,CCB39E864BCC6457F53495653877BCD450BA0FAA2E5412E0AD327842558F709D
20,run_020__alpha_0p1_seed_42__FEDAVG__SIGNFLIP_MU0P2,RUN_CONTRACT.json,426,D5B935CCEE6E3A2F70515FEAD49F53BE2455E35FB4D27E43230F59A78F4F23B6
20,run_020__alpha_0p1_seed_42__FEDAVG__SIGNFLIP_MU0P2,RUN_STATE.json,237,3AB2EE3F6C34A8CEF0258F6217BA64EB8936371A942848D9C1B71B66834E7C8D
21,run_021__alpha_0p1_seed_42__FEDAVG__SIGNFLIP_MU0P4,BEST_STATE.pt,179065,CE936AC01D93F914D2530B76DBF713C714F446DAB4F6371B8AC424941F2C9F23
21,run_021__alpha_0p1_seed_42__FEDAVG__SIGNFLIP_MU0P4,ROUND_CHECKPOINT.pt,179329,7988313C71E9ED244DDA6715D428799BABCE40E0971AE9B077C6BB82A4EF9273
21,run_021__alpha_0p1_seed_42__FEDAVG__SIGNFLIP_MU0P4,ROUND_VALIDATION_METRICS.csv,1742,66D39A015D59607DA42E49CE53FBBD275C9DC6F169B1931BC8937F25821A33A5
21,run_021__alpha_0p1_seed_42__FEDAVG__SIGNFLIP_MU0P4,RUN_COMPLETE.json,1101,D4D8AEFFEDF13DEEE1FF3DCDBEA482A170CBB949B940AEE5D205A81420CB3D77
21,run_021__alpha_0p1_seed_42__FEDAVG__SIGNFLIP_MU0P4,RUN_CONTRACT.json,426,9AC7C9EEE15F5CE382E0AB2D85828C78C9CA499330BF890848D567CC764A651C
21,run_021__alpha_0p1_seed_42__FEDAVG__SIGNFLIP_MU0P4,RUN_STATE.json,238,E1C84081A1A1027E05FA14EF83D56B6EAE8FCA7E5C3697DF5B3CB71EA6A18ABB
22,run_022__alpha_0p1_seed_42__FEDPROX__CLEAN,BEST_STATE.pt,179065,0BA9FA8A271C91CCE110E317D18E80B3E060944D1DAD2C41950F774C240AF381
22,run_022__alpha_0p1_seed_42__FEDPROX__CLEAN,ROUND_CHECKPOINT.pt,179329,8F94FCEBB39DF77304601B0CCA2359C3FCEE6AD2A47F9BC469AED673E586C6A4
22,run_022__alpha_0p1_seed_42__FEDPROX__CLEAN,ROUND_VALIDATION_METRICS.csv,1655,F855C4DA8572128301B61BF10F09CA7CDF708DD7FA4F684B96F0600D910D3CDA
22,run_022__alpha_0p1_seed_42__FEDPROX__CLEAN,RUN_COMPLETE.json,1095,BFE98E6F934E8572FE2E13E821CD445FA9DE379CCC7E292F19F5338AE51ACABE
22,run_022__alpha_0p1_seed_42__FEDPROX__CLEAN,RUN_CONTRACT.json,418,836B8F0047AF6FC5985CE4D7F86B8D7DC98CFB1FEEF0693B83F4CEA4FF0A9490
22,run_022__alpha_0p1_seed_42__FEDPROX__CLEAN,RUN_STATE.json,239,4CCD362B2C26E97E87F4B98D14B51EECA6BE71DAEDE93F346E90A28A677CE315
23,run_023__alpha_0p1_seed_42__FEDPROX__SIGNFLIP_MU0P2,BEST_STATE.pt,179065,0D50AEBCB62D764D61E6F86267E044A508B35FD067A3BB5A249CF01CFC37FCF0
23,run_023__alpha_0p1_seed_42__FEDPROX__SIGNFLIP_MU0P2,ROUND_CHECKPOINT.pt,179329,109A9A40DF2CCB4A9F1D4841F7CC16F72F4D14AA9A0E0679AF7B194A430E2172
23,run_023__alpha_0p1_seed_42__FEDPROX__SIGNFLIP_MU0P2,ROUND_VALIDATION_METRICS.csv,1678,A4E8F95528B0AC86000C062F51ED9AE44BC6385872C58D9CED6BDBD6641A8264
23,run_023__alpha_0p1_seed_42__FEDPROX__SIGNFLIP_MU0P2,RUN_COMPLETE.json,1100,EF479AC619160281D746A713EC0DC8B0E43E1D843D3F042B9AA20B1EE2D30AC0
23,run_023__alpha_0p1_seed_42__FEDPROX__SIGNFLIP_MU0P2,RUN_CONTRACT.json,427,C1AF84144DD7239830D9377B8552ADF0347703AE0BA6910CCC432E4322BB1141
23,run_023__alpha_0p1_seed_42__FEDPROX__SIGNFLIP_MU0P2,RUN_STATE.json,237,4647400CADA2BF4A6B42DC8E93B96FEF3BE0D97B86CA633C5CC8021A805434D9
24,run_024__alpha_0p1_seed_42__FEDPROX__SIGNFLIP_MU0P4,BEST_STATE.pt,179065,555CA740831E573BF1DF98294C32CECA51C7108D2934742E8307A233DCDE8632
24,run_024__alpha_0p1_seed_42__FEDPROX__SIGNFLIP_MU0P4,ROUND_CHECKPOINT.pt,179329,3565CD34798B3FD955E7233BD90F074D553E5ADF3188851ED8964C01CD5FCF4E
24,run_024__alpha_0p1_seed_42__FEDPROX__SIGNFLIP_MU0P4,ROUND_VALIDATION_METRICS.csv,1737,B8DD854357B3DFB97990C0AF302D4F20F81D9FDF42054A8FAECDFB900616558C
24,run_024__alpha_0p1_seed_42__FEDPROX__SIGNFLIP_MU0P4,RUN_COMPLETE.json,1101,FC68964A3D2498F5648DB35784011BF4E47C04996325E782ADD986DA8209D548
24,run_024__alpha_0p1_seed_42__FEDPROX__SIGNFLIP_MU0P4,RUN_CONTRACT.json,427,62CD4AA2045229C6DA7DF427C9A909BF6DB4F1A942C83400AAB62B477E849DCC
24,run_024__alpha_0p1_seed_42__FEDPROX__SIGNFLIP_MU0P4,RUN_STATE.json,238,F2C4B395518D83258D73E96CEA6F04D8C5EB2C2212CA6ED156A7343B7416D655
25,run_025__alpha_0p1_seed_42__RANDOM_TRIMMED_MEAN__CLEAN,BEST_STATE.pt,179065,224F7E216FA08877F82A522269C237AD152D7F2CB09ABA26D85F7B59F4D44877
25,run_025__alpha_0p1_seed_42__RANDOM_TRIMMED_MEAN__CLEAN,ROUND_CHECKPOINT.pt,179329,C5320EA06A82527E148E74CF7C93B4A46A4A3EC4B50842189D921FB3186C87A1
25,run_025__alpha_0p1_seed_42__RANDOM_TRIMMED_MEAN__CLEAN,ROUND_VALIDATION_METRICS.csv,1657,826A993BA5B71E2DE83F7DF22BD50643F90C4C68EA8A0DBB377355708A4E47E3
25,run_025__alpha_0p1_seed_42__RANDOM_TRIMMED_MEAN__CLEAN,RUN_COMPLETE.json,1104,6D7213C4F5FAE8AE1DB2813E561471526856610BF15034158844151C80D5CA68
25,run_025__alpha_0p1_seed_42__RANDOM_TRIMMED_MEAN__CLEAN,RUN_CONTRACT.json,430,05A70176702832314A386CE52042CA5BFBA8A3080C707DF038CA69222598D054
25,run_025__alpha_0p1_seed_42__RANDOM_TRIMMED_MEAN__CLEAN,RUN_STATE.json,238,02C257FED6E783832F1C7808257E831FF53BEA95AD0D63CB3808D511D49DEEF0
26,run_026__alpha_0p1_seed_42__RANDOM_TRIMMED_MEAN__SIGNFLIP_MU0P2,BEST_STATE.pt,179065,550DEF4674D9DEC7162E46DB60B44C67EE83DE7B33FB7DD88584C0873D735EA1
26,run_026__alpha_0p1_seed_42__RANDOM_TRIMMED_MEAN__SIGNFLIP_MU0P2,ROUND_CHECKPOINT.pt,179329,61C59219AFFF683D9FB6D783350621130C96F02B530CFB4A8301E9710E0531BE
26,run_026__alpha_0p1_seed_42__RANDOM_TRIMMED_MEAN__SIGNFLIP_MU0P2,ROUND_VALIDATION_METRICS.csv,1664,92975C6E14D7BD10AD8EEB564D04E22DCE156DEFF1F444854A72804646508C04
26,run_026__alpha_0p1_seed_42__RANDOM_TRIMMED_MEAN__SIGNFLIP_MU0P2,RUN_COMPLETE.json,1113,5312F87ACE4F07F3086E2D574ECA8CB2CBF7F6F69D103C3FBB25AE4455299459
26,run_026__alpha_0p1_seed_42__RANDOM_TRIMMED_MEAN__SIGNFLIP_MU0P2,RUN_CONTRACT.json,439,A89731355013E66880FBC17431896AC5CB0399A89E47BE01A95D70075B6FA183
26,run_026__alpha_0p1_seed_42__RANDOM_TRIMMED_MEAN__SIGNFLIP_MU0P2,RUN_STATE.json,237,F848583B0F01B0C2BC3425676A74FCA55FE5504DF47BD9B86E541CC3CAC4421E
27,run_027__alpha_0p1_seed_42__RANDOM_TRIMMED_MEAN__SIGNFLIP_MU0P4,BEST_STATE.pt,179065,A32EA3C495F54A2FC354574531783DDAC451A8269CAB12E4C6E437ABE4C2788A
27,run_027__alpha_0p1_seed_42__RANDOM_TRIMMED_MEAN__SIGNFLIP_MU0P4,ROUND_CHECKPOINT.pt,179329,2F0423754984068A18423F1AF9350B2B0B0961C89C3DBF4809BFCC9644A0EBFA
27,run_027__alpha_0p1_seed_42__RANDOM_TRIMMED_MEAN__SIGNFLIP_MU0P4,ROUND_VALIDATION_METRICS.csv,1699,29B4624BB94921DBE75A2DCA8548F26DA5E7EF7962C88C0C456A0794269466AD
27,run_027__alpha_0p1_seed_42__RANDOM_TRIMMED_MEAN__SIGNFLIP_MU0P4,RUN_COMPLETE.json,1112,04CAF966A27822AC23AE57A7858B7AF06D9F903E9837AE4C1ABD71EF9C94360F
27,run_027__alpha_0p1_seed_42__RANDOM_TRIMMED_MEAN__SIGNFLIP_MU0P4,RUN_CONTRACT.json,439,E2FD9C2764EB36261E0F242D305E000537261B98E2DF978BFDD03A07D8E71A43
27,run_027__alpha_0p1_seed_42__RANDOM_TRIMMED_MEAN__SIGNFLIP_MU0P4,RUN_STATE.json,237,C45353CFA4507B72B7326A088BBC877BD01AFF7A48300C369D44FAA924808B35
28,run_028__alpha_0p1_seed_42__FEDLE_ADAPTED__CLEAN,BEST_STATE.pt,179065,372EF9E19D28BE871E11A477A72517CA80A56E443727CA39BCA9B942FA50A72C
28,run_028__alpha_0p1_seed_42__FEDLE_ADAPTED__CLEAN,ROUND_CHECKPOINT.pt,179329,9EDF866A5152FEF5512E3B5835D9A0393C76047AB91F279DCFD84C964DBC7716
28,run_028__alpha_0p1_seed_42__FEDLE_ADAPTED__CLEAN,ROUND_VALIDATION_METRICS.csv,1653,A001CE96918B6487674075388EB5B23354ECFA32004A0E8456ABE97ADB5AA769
28,run_028__alpha_0p1_seed_42__FEDLE_ADAPTED__CLEAN,RUN_COMPLETE.json,1099,76B2D90504F9543BD94A9D8A76CE212A4712123D4224066163D599078F3213D1
28,run_028__alpha_0p1_seed_42__FEDLE_ADAPTED__CLEAN,RUN_CONTRACT.json,424,F78051AF2E65584776A4B0CAC8D34C45F1E3C4E8EF4FAFC66F6A55A9B68C0DE6
28,run_028__alpha_0p1_seed_42__FEDLE_ADAPTED__CLEAN,RUN_STATE.json,239,350B936356705600372C3121F380ED681F99AD6BC54CDF8C90F1BE141E46EE33
29,run_029__alpha_0p1_seed_42__FEDLE_ADAPTED__SIGNFLIP_MU0P2,BEST_STATE.pt,179065,DEF61FE45B5DA499778E1D1209F94FDBADE0AF961F16867ABE0E31DDF2854037
29,run_029__alpha_0p1_seed_42__FEDLE_ADAPTED__SIGNFLIP_MU0P2,ROUND_CHECKPOINT.pt,179329,03AA7A70135CCE455A30D88F65F1DE9DC2110D2A186CDCA7FF4B17DDD05F2D14
29,run_029__alpha_0p1_seed_42__FEDLE_ADAPTED__SIGNFLIP_MU0P2,ROUND_VALIDATION_METRICS.csv,1688,52E522E92CCDC003FA214E53713477C67C8AEFD588BEF8DAC7B574B6A33325CE
29,run_029__alpha_0p1_seed_42__FEDLE_ADAPTED__SIGNFLIP_MU0P2,RUN_COMPLETE.json,1107,E6C0E045BD809767787E0C2CA5A8AD3417BC7DE4D42231B455DA13767DC6F0E4
29,run_029__alpha_0p1_seed_42__FEDLE_ADAPTED__SIGNFLIP_MU0P2,RUN_CONTRACT.json,433,99B359E89CE5D98D4BE776674E314DE0298DA3DA0992BA54727269310888FE8E
29,run_029__alpha_0p1_seed_42__FEDLE_ADAPTED__SIGNFLIP_MU0P2,RUN_STATE.json,237,37AE51BBAF97A61E3086C29469595AFCC6A4DAD5B44596C02DD3F6B8F13EEA5F
30,run_030__alpha_0p1_seed_42__FEDLE_ADAPTED__SIGNFLIP_MU0P4,BEST_STATE.pt,179065,6EBAF2623816C18FAE02BE8D47C949C05D062E2DE2359BCFDAE72D82C79094FB
30,run_030__alpha_0p1_seed_42__FEDLE_ADAPTED__SIGNFLIP_MU0P4,ROUND_CHECKPOINT.pt,179329,5715E16E2FAAC1D81F07633E7A09AEA831F9D5A99A948F9CA1E17FB28511F6D3
30,run_030__alpha_0p1_seed_42__FEDLE_ADAPTED__SIGNFLIP_MU0P4,ROUND_VALIDATION_METRICS.csv,1716,896837CD703F4251F27056CF35BFDC088968BA9872A46CD912CEB5FA3A41400B
30,run_030__alpha_0p1_seed_42__FEDLE_ADAPTED__SIGNFLIP_MU0P4,RUN_COMPLETE.json,1108,371EB1C4774F9271930939189C5101DECB0324C862912A54F508690476613F29
30,run_030__alpha_0p1_seed_42__FEDLE_ADAPTED__SIGNFLIP_MU0P4,RUN_CONTRACT.json,433,F5FA14B63A4C8ACE76B5C6D00FB9E2ECBD42972EDBE46B4E2EA10183D8A10A25
30,run_030__alpha_0p1_seed_42__FEDLE_ADAPTED__SIGNFLIP_MU0P4,RUN_STATE.json,238,3C4BCFA86323CF08161738949537485A6E3825B3BD4D244B782772FF7F4EF4FB
31,run_031__alpha_0p1_seed_42__TEA_FL__CLEAN,BEST_STATE.pt,179065,20FBFAA5418A59A29632D934B11757462B8563A43EFF9F86ADF4000EA3BD53A0
31,run_031__alpha_0p1_seed_42__TEA_FL__CLEAN,ROUND_CHECKPOINT.pt,180161,FE42DF56E4A1002D756B54439BAF52F4AA0FD6DB313BC75F774E7DB48AD36392
31,run_031__alpha_0p1_seed_42__TEA_FL__CLEAN,ROUND_VALIDATION_METRICS.csv,1666,E3E87A1ACDFE6C74E15BA2D9C9F1D66CED15CAECBB6330A36FC9897F24340B31
31,run_031__alpha_0p1_seed_42__TEA_FL__CLEAN,RUN_COMPLETE.json,1091,1F3DBA3ED9470E9F62868DF0A1CD7799437DA587961B1966F95D0B12485AB71A
31,run_031__alpha_0p1_seed_42__TEA_FL__CLEAN,RUN_CONTRACT.json,417,C98CCECBAF0973795CE374ED3AE5697C4AAE315A2A8D7E94E6047177E5996F3D
31,run_031__alpha_0p1_seed_42__TEA_FL__CLEAN,RUN_STATE.json,237,EF543D6A2D1D1A41EC435C412E16916671A61895DA5D9CDE6DF2305397EBFFBE
32,run_032__alpha_0p1_seed_42__TEA_FL__SIGNFLIP_MU0P2,BEST_STATE.pt,179065,BA03EFB7A64F11F91E2179745130735FAB7EDBADBECF4591027BB0EEBCCDCB43
32,run_032__alpha_0p1_seed_42__TEA_FL__SIGNFLIP_MU0P2,ROUND_CHECKPOINT.pt,180161,CDB313D663A92FAB963CFBB34DEB692F99C6D0A246A67D6335447F66D1FC2CA1
32,run_032__alpha_0p1_seed_42__TEA_FL__SIGNFLIP_MU0P2,ROUND_VALIDATION_METRICS.csv,1664,99F91D4F0F73106C532013D44C6D794252074CEA4231EC6691621B38FA20723E
32,run_032__alpha_0p1_seed_42__TEA_FL__SIGNFLIP_MU0P2,RUN_COMPLETE.json,1097,4D729A6F006A9259175C9FB85C6B2DAEE4BF3AB32028F1CE8265B2EDA6563E21
32,run_032__alpha_0p1_seed_42__TEA_FL__SIGNFLIP_MU0P2,RUN_CONTRACT.json,426,1F535F4A57D1CE7DFDDA9E6882F39FC450E235741E2940563CC7570C1A08A0F2
32,run_032__alpha_0p1_seed_42__TEA_FL__SIGNFLIP_MU0P2,RUN_STATE.json,236,D9674C2296971BE2EB12332F5139230948B2304140A6AB4CFB78C1A772A5B043
33,run_033__alpha_0p1_seed_42__TEA_FL__SIGNFLIP_MU0P4,BEST_STATE.pt,179065,BF4AABEB27EBA8627337CBC5D0BC020A70973AA798BE7C30EABB8FA3CACE610E
33,run_033__alpha_0p1_seed_42__TEA_FL__SIGNFLIP_MU0P4,ROUND_CHECKPOINT.pt,180161,EEA4A751BB720282E4E095BB339AF87D044967346B7C7D154A5DE1AA42F043E1
33,run_033__alpha_0p1_seed_42__TEA_FL__SIGNFLIP_MU0P4,ROUND_VALIDATION_METRICS.csv,1684,637F7F36612108C11EA059CBAFF3D71677A7281FABEAC3C161719CB1EB990550
33,run_033__alpha_0p1_seed_42__TEA_FL__SIGNFLIP_MU0P4,RUN_COMPLETE.json,1100,E6ECFC0F38B56836B3B0A677281CFEE0AAD62A5707D98640D337E6286B4520E1
33,run_033__alpha_0p1_seed_42__TEA_FL__SIGNFLIP_MU0P4,RUN_CONTRACT.json,426,5F4AF858A84DA02DACE58C6DE7339A4A8F8DC3AAA892AE9012B24DD3BD32970B
33,run_033__alpha_0p1_seed_42__TEA_FL__SIGNFLIP_MU0P4,RUN_STATE.json,238,CB2211F32CBD041E31F3260D94C9F9C2D28DF6A6BC4BD4938E47EC46621C2D43
34,run_034__alpha_0p1_seed_42__ARL_FL__CLEAN,BEST_STATE.pt,179065,9B6D2135F7AEA3A3B3655683BCBC32B84F50255072D3D84D01F95C95117CB21F
34,run_034__alpha_0p1_seed_42__ARL_FL__CLEAN,ROUND_CHECKPOINT.pt,13931559,362389F52BBD08FF4032F2D0AA01CCCC2EE6B49896D88BC6FF5D2A4E678BDEF7
34,run_034__alpha_0p1_seed_42__ARL_FL__CLEAN,ROUND_VALIDATION_METRICS.csv,1657,5189742E4BBBBFCC3DFD4DE27D16CA21D22F92B1D24EF3C721017C804B6972FD
34,run_034__alpha_0p1_seed_42__ARL_FL__CLEAN,RUN_COMPLETE.json,1088,D670ED93B104543C9149B6915D72020E5DB72D6E7215E6FF311B35A1FB961456
34,run_034__alpha_0p1_seed_42__ARL_FL__CLEAN,RUN_CONTRACT.json,417,DCD19001271EC20A3401F81D8B258B8FCA4394D57A47471E9AA04E851EA32B6F
34,run_034__alpha_0p1_seed_42__ARL_FL__CLEAN,RUN_STATE.json,235,0254F4430C499E1544AB1CFFA29FFB7CD51BD467B3FCE4A3CFEB11B9559C5D39
35,run_035__alpha_0p1_seed_42__ARL_FL__SIGNFLIP_MU0P2,BEST_STATE.pt,179065,675D2F72359E887C2E005455831A9C346C9FD536CA467908CFCDD56DFC651BBA
35,run_035__alpha_0p1_seed_42__ARL_FL__SIGNFLIP_MU0P2,ROUND_CHECKPOINT.pt,13931559,3F74400A506E14B166A5EA9F929EEE9FD1095B26F577BF3ADCF2375CBEE45244
35,run_035__alpha_0p1_seed_42__ARL_FL__SIGNFLIP_MU0P2,ROUND_VALIDATION_METRICS.csv,1662,6FA9F42E51794E54E78ECAC1EC68AE982F2970840A799274073A66B99BE6E5D1
35,run_035__alpha_0p1_seed_42__ARL_FL__SIGNFLIP_MU0P2,RUN_COMPLETE.json,1099,8DDCD7008BDFEF64D804A39B53FBC0BEFA3C2A0583A6F0AA9CD8D327DE7EF516
35,run_035__alpha_0p1_seed_42__ARL_FL__SIGNFLIP_MU0P2,RUN_CONTRACT.json,426,5D4E929FD9ACA9889F9E3819178CB63B8167BCD9C4CED94C04A19A75DFB693C9
35,run_035__alpha_0p1_seed_42__ARL_FL__SIGNFLIP_MU0P2,RUN_STATE.json,237,98CE69ABB27A0CAB46AFFE07EB08700AE0C1CE99360F75D88F9E63E53DFC3C4F
36,run_036__alpha_0p1_seed_42__ARL_FL__SIGNFLIP_MU0P4,BEST_STATE.pt,179065,5A6DE076DFAAB2B5613CDF415A3591929D949340CB54D9E79895F2B59AB7FB97
36,run_036__alpha_0p1_seed_42__ARL_FL__SIGNFLIP_MU0P4,ROUND_CHECKPOINT.pt,13931559,2929E212F2CEF061A3AE95606D18C2EC28C2DF3054264E9AD6D5968B24225165
36,run_036__alpha_0p1_seed_42__ARL_FL__SIGNFLIP_MU0P4,ROUND_VALIDATION_METRICS.csv,1730,E9B9883E0107B17A3445FA5DD5A8721288E19E662B07ED87D9B3536655227B28
36,run_036__alpha_0p1_seed_42__ARL_FL__SIGNFLIP_MU0P4,RUN_COMPLETE.json,1100,81599D3287B4BE6D0D3FF4EFA0D17DDEA2B5D49614F9748A760D7EB14742663B
36,run_036__alpha_0p1_seed_42__ARL_FL__SIGNFLIP_MU0P4,RUN_CONTRACT.json,426,BA23CF7D3DECA38E70D3B9C3DDBB356C284F3DA20AF2F5EECB948FDF7C7DA3F3
36,run_036__alpha_0p1_seed_42__ARL_FL__SIGNFLIP_MU0P4,RUN_STATE.json,238,1A85B7CC3A0C434D118E687993B090F90D084E692E0B76AC33D143B2A12C0F98
37,run_037__alpha_0p1_seed_456__FEDAVG__CLEAN,BEST_STATE.pt,179065,3C6F0D4E1342BE37AB817B8E9523F48BA04BF3232583BB3EE168C00D83BA2F56
37,run_037__alpha_0p1_seed_456__FEDAVG__CLEAN,ROUND_CHECKPOINT.pt,179329,8374E4CA67F6AF520B74DD0D5D8A4BEA93610BCF6E4B02E3F4A41A945324FA97
37,run_037__alpha_0p1_seed_456__FEDAVG__CLEAN,ROUND_VALIDATION_METRICS.csv,1664,0E68A110E82B84D2D5DB77C46B30BE8F426CC3A76BD5A10FD443B65F14929CAA
37,run_037__alpha_0p1_seed_456__FEDAVG__CLEAN,RUN_COMPLETE.json,1091,5E7A5E26E98AB71EC816E4539FAE204022003C2456C0CB80050AC2FC8A45A5CE
37,run_037__alpha_0p1_seed_456__FEDAVG__CLEAN,RUN_CONTRACT.json,419,A6C6270009EF6007942916B61E166830DD783486774A387B7D109B580E00EEB6
37,run_037__alpha_0p1_seed_456__FEDAVG__CLEAN,RUN_STATE.json,239,A025F3DBD01F56AD6D01D8C2067EB9994DE9CB95693544B6883802808E48EFEA
38,run_038__alpha_0p1_seed_456__FEDAVG__SIGNFLIP_MU0P2,BEST_STATE.pt,179065,42731EAE9BE60889C07977B91DD9581F807278610CAAE8DD6C799D9CCB6A6DC3
38,run_038__alpha_0p1_seed_456__FEDAVG__SIGNFLIP_MU0P2,ROUND_CHECKPOINT.pt,179329,ADB2C9F3663754DD1F1D3001591EC6AD700EB84728C6448574CA8650B1F3E0D4
38,run_038__alpha_0p1_seed_456__FEDAVG__SIGNFLIP_MU0P2,ROUND_VALIDATION_METRICS.csv,1669,93AC06767AE044A906FF24E79BD2F619940B7AC9309044035E4496F566A6E566
38,run_038__alpha_0p1_seed_456__FEDAVG__SIGNFLIP_MU0P2,RUN_COMPLETE.json,1101,42985A1F06A54FBC469E123BFEF870C852FCC8BF3C1C01711F770FF9609C98E6
38,run_038__alpha_0p1_seed_456__FEDAVG__SIGNFLIP_MU0P2,RUN_CONTRACT.json,428,B2A2FCE38F460769F8BFD3A6AF956DA0CEA42CCEECABF12291C4B16585443FBD
38,run_038__alpha_0p1_seed_456__FEDAVG__SIGNFLIP_MU0P2,RUN_STATE.json,237,0D78185F6FD6A19212A583CB10846088682B6B91D70926CEC8E8273F8C0C57FE
39,run_039__alpha_0p1_seed_456__FEDAVG__SIGNFLIP_MU0P4,BEST_STATE.pt,179065,7FC65CC1FFE404EC9FC1414ADC3A984CAC6A547805D1F086469F56C022D58A91
39,run_039__alpha_0p1_seed_456__FEDAVG__SIGNFLIP_MU0P4,ROUND_CHECKPOINT.pt,179329,DF798ABFC7ABFCF3792676605874020686F99C198764E6EEE0D19B862D241EEA
39,run_039__alpha_0p1_seed_456__FEDAVG__SIGNFLIP_MU0P4,ROUND_VALIDATION_METRICS.csv,1697,B45BF48A07C7B465E24EADB8F2024C406D27F0537E2501C4248E0E114B3992F7
39,run_039__alpha_0p1_seed_456__FEDAVG__SIGNFLIP_MU0P4,RUN_COMPLETE.json,1100,D8C2463D326C723916EE66279E3453D691051ABE04AB65054D69A05452DA1871
39,run_039__alpha_0p1_seed_456__FEDAVG__SIGNFLIP_MU0P4,RUN_CONTRACT.json,428,1E16BA4BE751510F9AF7C4A11188C290CAD886EBE2D8AD05F792F4FBD4ECCCCB
39,run_039__alpha_0p1_seed_456__FEDAVG__SIGNFLIP_MU0P4,RUN_STATE.json,236,1D7C737F1DD09758B49E63F1CE056A420921CFCB7068C912239C27ABDDE5E305
40,run_040__alpha_0p1_seed_456__FEDPROX__CLEAN,BEST_STATE.pt,179065,F56BBB23078BFE2A423C2FEFA6A14D7F1902D38AF0483E5750FE22588CA53C99
40,run_040__alpha_0p1_seed_456__FEDPROX__CLEAN,ROUND_CHECKPOINT.pt,179329,02931D5BC46E7A61F842E9D725AA68130C2C858FC3376A5D2DB416A0ABF0D0C4
40,run_040__alpha_0p1_seed_456__FEDPROX__CLEAN,ROUND_VALIDATION_METRICS.csv,1664,A4DE73FD4C1C8A7136EE7D17F0DDAD7425456ED57CDEA690D3DBD0BCC362D8B8
40,run_040__alpha_0p1_seed_456__FEDPROX__CLEAN,RUN_COMPLETE.json,1095,2CF908F76DD83C375B5237EECED3F5C6E57291D9632DA3563CC1A2EF5FD1E823
40,run_040__alpha_0p1_seed_456__FEDPROX__CLEAN,RUN_CONTRACT.json,420,889734D797B7482E884E3A39852F7B3A142A5C59355AEFE54FF45E7114A248EE
40,run_040__alpha_0p1_seed_456__FEDPROX__CLEAN,RUN_STATE.json,239,59A454AFA5D148E5354012A288438E34EB55056EF329BD64EC5C3C1DA3542568
41,run_041__alpha_0p1_seed_456__FEDPROX__SIGNFLIP_MU0P2,BEST_STATE.pt,179065,389237F5F4FEC1820C4B96389EB38BD8584261AD9BF8C1F8757722E6014CC184
41,run_041__alpha_0p1_seed_456__FEDPROX__SIGNFLIP_MU0P2,ROUND_CHECKPOINT.pt,179329,91C408F494186ABC84B364FBF75A2B520F92DA858192583845F4B893918AE322
41,run_041__alpha_0p1_seed_456__FEDPROX__SIGNFLIP_MU0P2,ROUND_VALIDATION_METRICS.csv,1663,ADFCEDF3E12D6A64214CCD8F8FAF237C0509E41E5E55E0064AA50EC825315C46
41,run_041__alpha_0p1_seed_456__FEDPROX__SIGNFLIP_MU0P2,RUN_COMPLETE.json,1105,9E5177DED50177C7FFB7EB8C84DC3805CE106489E2E0812774AA0349DF8B326C
41,run_041__alpha_0p1_seed_456__FEDPROX__SIGNFLIP_MU0P2,RUN_CONTRACT.json,429,AA783166AF227E7FE5F31E9242DAB6F7586738E235BC9B3082A1F963A5FBCB8D
41,run_041__alpha_0p1_seed_456__FEDPROX__SIGNFLIP_MU0P2,RUN_STATE.json,239,11ECD17A9B1C407E284C7AC0A5FFFE0EF79F2BD6F7282BFFFB5DC5230AC11A13
42,run_042__alpha_0p1_seed_456__FEDPROX__SIGNFLIP_MU0P4,BEST_STATE.pt,179065,A036E3E83513A6D25EEC4997E677044F6484B4466B8615EA13D1F468ADF2C86E
42,run_042__alpha_0p1_seed_456__FEDPROX__SIGNFLIP_MU0P4,ROUND_CHECKPOINT.pt,179329,E9C77CD22FC4FDF63A22F9876ABC628753D6B7917B2C9A58B13090B464A8FCC6
42,run_042__alpha_0p1_seed_456__FEDPROX__SIGNFLIP_MU0P4,ROUND_VALIDATION_METRICS.csv,1668,A09E9392FE07384DCA090EEDA54D31FCB20E7AF1486AD700E4A57428EBA287B2
42,run_042__alpha_0p1_seed_456__FEDPROX__SIGNFLIP_MU0P4,RUN_COMPLETE.json,1104,FAFD4645BBC25BBC5BE428DBFD4FB0AD65D016E18FBC894F832A5F9A1A82A5AE
42,run_042__alpha_0p1_seed_456__FEDPROX__SIGNFLIP_MU0P4,RUN_CONTRACT.json,429,BDA449766883B39651A942B6FC76CE244449FE1AEF231AD0BFEB562F11895697
42,run_042__alpha_0p1_seed_456__FEDPROX__SIGNFLIP_MU0P4,RUN_STATE.json,238,4D87BFED460FE6323EC38B98AA894E7C1BC6FDEBC12091361080C9A7FBECFCA6
43,run_043__alpha_0p1_seed_456__RANDOM_TRIMMED_MEAN__CLEAN,BEST_STATE.pt,179065,A9A87A069CEEAA0C282D584459EABE954AA07708E5B6B7095492482961CADF48
43,run_043__alpha_0p1_seed_456__RANDOM_TRIMMED_MEAN__CLEAN,ROUND_CHECKPOINT.pt,179329,43195003D5BF38DE68877889EF51530A4DC68F77369322DC6BE8F12C6665B504
43,run_043__alpha_0p1_seed_456__RANDOM_TRIMMED_MEAN__CLEAN,ROUND_VALIDATION_METRICS.csv,1663,3174565DD2F10744428B41111B95308140BC90FFB3702211B5BD06C5FAA6178B
43,run_043__alpha_0p1_seed_456__RANDOM_TRIMMED_MEAN__CLEAN,RUN_COMPLETE.json,1107,59E52F723C5AAAEAA74F3FD6312271930F3AFAA47F0E7C15640F39E2953F059D
43,run_043__alpha_0p1_seed_456__RANDOM_TRIMMED_MEAN__CLEAN,RUN_CONTRACT.json,432,E5836F5A6A4B89DD7B2A499BD16A5C033EB621956228F95F63414F928D8FF90C
43,run_043__alpha_0p1_seed_456__RANDOM_TRIMMED_MEAN__CLEAN,RUN_STATE.json,239,0EBCD30F7CBD24FE13E714E62B96B62A74442B7167681C5327AD9CF68DE0FC55
44,run_044__alpha_0p1_seed_456__RANDOM_TRIMMED_MEAN__SIGNFLIP_MU0P2,BEST_STATE.pt,179065,D827DA565E9F82F62802ED453C1A5D5E826E81F37E0D965EE403985C24D614DC
44,run_044__alpha_0p1_seed_456__RANDOM_TRIMMED_MEAN__SIGNFLIP_MU0P2,ROUND_CHECKPOINT.pt,179329,A1747688E056C1B29B6EA3BAB44C038E92E902F90FD2FD2271FE4AFE3A9D75AA
44,run_044__alpha_0p1_seed_456__RANDOM_TRIMMED_MEAN__SIGNFLIP_MU0P2,ROUND_VALIDATION_METRICS.csv,1658,8488157E3C7D0F08BB226F56348283D893E70CD52AF81EF49D4ECD099FE959E8
44,run_044__alpha_0p1_seed_456__RANDOM_TRIMMED_MEAN__SIGNFLIP_MU0P2,RUN_COMPLETE.json,1114,7781AB8C2D4ECF25CEDBAC7872E76CD0F7C216E7BB6219413774C5C1843F7215
44,run_044__alpha_0p1_seed_456__RANDOM_TRIMMED_MEAN__SIGNFLIP_MU0P2,RUN_CONTRACT.json,441,AD89ECF15C94AF1AF7B7B18FA1238DCA7E2E7CA3FC842556C76DD838BE195E17
44,run_044__alpha_0p1_seed_456__RANDOM_TRIMMED_MEAN__SIGNFLIP_MU0P2,RUN_STATE.json,238,4D35F0CC1484941CB324FEA1904AEDB87EE83D2DB4DB05A94B2C00F1A79F55BA
45,run_045__alpha_0p1_seed_456__RANDOM_TRIMMED_MEAN__SIGNFLIP_MU0P4,BEST_STATE.pt,179065,995ACAFA9E90938C606B5EAF79381E0DC70F420D0BB141CDA0B0C18A499FD1B0
45,run_045__alpha_0p1_seed_456__RANDOM_TRIMMED_MEAN__SIGNFLIP_MU0P4,ROUND_CHECKPOINT.pt,179329,CC630C0C5A16A6FB1E70C404A360909E0CD7046826F2F1DD215F0FAE2F8ACD8E
45,run_045__alpha_0p1_seed_456__RANDOM_TRIMMED_MEAN__SIGNFLIP_MU0P4,ROUND_VALIDATION_METRICS.csv,1683,1637B1CC25F8D7BF35E63214613E94D58855FB406B8DFE7C06F184B510CC38B3
45,run_045__alpha_0p1_seed_456__RANDOM_TRIMMED_MEAN__SIGNFLIP_MU0P4,RUN_COMPLETE.json,1114,06F06416D2074F26B8DB43AED33F97A311315015EBA7AF9CE6BC33995B5F52A8
45,run_045__alpha_0p1_seed_456__RANDOM_TRIMMED_MEAN__SIGNFLIP_MU0P4,RUN_CONTRACT.json,441,DA485613AC604F323F7F126E00B32A805565FF348C50E5C14063BBDA9FA2521B
45,run_045__alpha_0p1_seed_456__RANDOM_TRIMMED_MEAN__SIGNFLIP_MU0P4,RUN_STATE.json,236,F0B169245A297D4BF81004EA15FBA016CE33680E46DEB73E04356CA2A1CC939E
46,run_046__alpha_0p1_seed_456__FEDLE_ADAPTED__CLEAN,BEST_STATE.pt,179065,2F97F2B7453E517FE940529B6E0FCB4BDCFEB455EE9C3A0555FECD01A01DB291
46,run_046__alpha_0p1_seed_456__FEDLE_ADAPTED__CLEAN,ROUND_CHECKPOINT.pt,179329,10EDAA6F5E96CE74F011B0D47510A142225D4242946137EC2EDF98EEC03031C5
46,run_046__alpha_0p1_seed_456__FEDLE_ADAPTED__CLEAN,ROUND_VALIDATION_METRICS.csv,1658,A095DF00CB8100EBC61EA3CDC1A7FDFEFCE467A1F783EFFAB023A8080659CB9C
46,run_046__alpha_0p1_seed_456__FEDLE_ADAPTED__CLEAN,RUN_COMPLETE.json,1099,C2346D1FCD4579ED95EFC2E2B1F2F240FBB82312440E56D6A0F741DD2D1D90A9
46,run_046__alpha_0p1_seed_456__FEDLE_ADAPTED__CLEAN,RUN_CONTRACT.json,426,81E47FB49D77394182B96D11CD7738388BC7639EAFF6926FB3DCDAC1EDD03324
46,run_046__alpha_0p1_seed_456__FEDLE_ADAPTED__CLEAN,RUN_STATE.json,237,825F15D0C75F3F1F6570CC2C581BB1CA022280E118AA3BA8EA28FA75F9B9B0B5
47,run_047__alpha_0p1_seed_456__FEDLE_ADAPTED__SIGNFLIP_MU0P2,BEST_STATE.pt,179065,DA0AC98E6CB15926D9460F8690E96CC68E997FC483CD36F497B262745A920DE3
47,run_047__alpha_0p1_seed_456__FEDLE_ADAPTED__SIGNFLIP_MU0P2,ROUND_CHECKPOINT.pt,179329,1133E874D8E8BE88306B14BB2923C7A8077EE275C031C7B8FBE9736DF9588BD9
47,run_047__alpha_0p1_seed_456__FEDLE_ADAPTED__SIGNFLIP_MU0P2,ROUND_VALIDATION_METRICS.csv,1666,8BBDD7BF849A5A1ABB046DF206306ABE9CBA3D9022E8857E853B46057FFE28DF
47,run_047__alpha_0p1_seed_456__FEDLE_ADAPTED__SIGNFLIP_MU0P2,RUN_COMPLETE.json,1110,5C7BAFB5438299EA9A3E439765C36DD117F0300B03AA79CEE641428C69BDD66F
47,run_047__alpha_0p1_seed_456__FEDLE_ADAPTED__SIGNFLIP_MU0P2,RUN_CONTRACT.json,435,60A595E5622FCD1B383E3244348F90914A70D2B830B9AE01F261515F721285CB
47,run_047__alpha_0p1_seed_456__FEDLE_ADAPTED__SIGNFLIP_MU0P2,RUN_STATE.json,238,3D9B6DFFB91313A20494F280F3086F2965D715EF95CDE8BBB5DC3227756F5BDE
48,run_048__alpha_0p1_seed_456__FEDLE_ADAPTED__SIGNFLIP_MU0P4,BEST_STATE.pt,179065,E881699E3097FA7320C50072AC5B7419F961DF28DC126EEFD4DDB129BB06F3BC
48,run_048__alpha_0p1_seed_456__FEDLE_ADAPTED__SIGNFLIP_MU0P4,ROUND_CHECKPOINT.pt,179329,0A0A3642DDDD9A975FF85D53AAB6CC24CC9E2F4B08EA2F7B7C27B73136F63E48
48,run_048__alpha_0p1_seed_456__FEDLE_ADAPTED__SIGNFLIP_MU0P4,ROUND_VALIDATION_METRICS.csv,1701,8363C3AF0981A96506D9DD52FD51890AE7B017A3E5BA8E96AF9250104E20CE2A
48,run_048__alpha_0p1_seed_456__FEDLE_ADAPTED__SIGNFLIP_MU0P4,RUN_COMPLETE.json,1108,A86C85723D10362697DE44441619F09C5258276CD0E7201F1B1E2FC156E19D61
48,run_048__alpha_0p1_seed_456__FEDLE_ADAPTED__SIGNFLIP_MU0P4,RUN_CONTRACT.json,435,924DAC6E50762DD6BB5CAD9ADDB648AA8470E21B94C43CE0016D41DDADB1737C
48,run_048__alpha_0p1_seed_456__FEDLE_ADAPTED__SIGNFLIP_MU0P4,RUN_STATE.json,236,7B9F2DFC6AD266A899E2DC6C32A39C8A0147F10F7D151384D2F874FB6B92F97B
49,run_049__alpha_0p1_seed_456__TEA_FL__CLEAN,BEST_STATE.pt,179065,1CB20ABE4F56AE014E3B812CC2799A7D413BF73E27CCE74DDC9D20BD7DDC5F7D
49,run_049__alpha_0p1_seed_456__TEA_FL__CLEAN,ROUND_CHECKPOINT.pt,180161,C22E37A6BCB91F513565A006CF1C10E3C91479B5ECB3DCD63D563B7FA3A84F57
49,run_049__alpha_0p1_seed_456__TEA_FL__CLEAN,ROUND_VALIDATION_METRICS.csv,1663,53AB7FD25D6EBDAAE7FC2D8CD12AFD2BB41E3B776C0B93CDC10EDAAAE4DEB405
49,run_049__alpha_0p1_seed_456__TEA_FL__CLEAN,RUN_COMPLETE.json,1092,8BC4FF610BF1CCD0E56692D772361D4662E835AB0CED67BF5FE43FFB11410427
49,run_049__alpha_0p1_seed_456__TEA_FL__CLEAN,RUN_CONTRACT.json,419,9B4DF227E8CECB04B96E80D9C9ADFD76FC5DB9A27F3D1614FA4FDD3D6ABAEF83
49,run_049__alpha_0p1_seed_456__TEA_FL__CLEAN,RUN_STATE.json,238,7DD8C5EDFF2EE5273569E3D738DEE54D879DB784C28CC700E6E6DC06AE03EDEC
50,run_050__alpha_0p1_seed_456__TEA_FL__SIGNFLIP_MU0P2,BEST_STATE.pt,179065,A251152FFDA24E4BDCEE63783806D79E763C346B72EBC96852ECB1BCB542808F
50,run_050__alpha_0p1_seed_456__TEA_FL__SIGNFLIP_MU0P2,ROUND_CHECKPOINT.pt,180161,1BA2C0A347C6EDE81A3823B529C8A123C2014F18B93B31723965D66C3EBC5E26
50,run_050__alpha_0p1_seed_456__TEA_FL__SIGNFLIP_MU0P2,ROUND_VALIDATION_METRICS.csv,1655,33C5D3BC02F2519DDFF2DAA9D4F1E581869042DF7D1FCC4AEF3DA33AECE9874F
50,run_050__alpha_0p1_seed_456__TEA_FL__SIGNFLIP_MU0P2,RUN_COMPLETE.json,1102,6152F3F2BB89C47CBFDA940E248A4671638DA2D033ABC05895057B21DBC06C05
50,run_050__alpha_0p1_seed_456__TEA_FL__SIGNFLIP_MU0P2,RUN_CONTRACT.json,428,0E53D150AFA17531A29F4E54FE60A4ED06067D5A11FAE0DDD2758366C72BA140
50,run_050__alpha_0p1_seed_456__TEA_FL__SIGNFLIP_MU0P2,RUN_STATE.json,237,69F40F43DEA531BA90E49D9B849CAAE38214A3D6F005E52B1EDB3495992485F3
51,run_051__alpha_0p1_seed_456__TEA_FL__SIGNFLIP_MU0P4,BEST_STATE.pt,179065,DD1A7E40A545C07789587D7BA1587FB01615F7BA13DA2D13E3A4B88DE40B7F5A
51,run_051__alpha_0p1_seed_456__TEA_FL__SIGNFLIP_MU0P4,ROUND_CHECKPOINT.pt,180161,9B5A69A30AA272F0E392D2DC902D87483955DE2289E092C55ABBA773544AA467
51,run_051__alpha_0p1_seed_456__TEA_FL__SIGNFLIP_MU0P4,ROUND_VALIDATION_METRICS.csv,1687,F09D668B8B06857953F928885B1454DED0F35DCB6E16510BB3A7FB362C6530F3
51,run_051__alpha_0p1_seed_456__TEA_FL__SIGNFLIP_MU0P4,RUN_COMPLETE.json,1103,2E0E8FBF015F102834DF462B3EACA6FEEB7922BE457D64FF1591CE4ACD9C7D98
51,run_051__alpha_0p1_seed_456__TEA_FL__SIGNFLIP_MU0P4,RUN_CONTRACT.json,428,DF6A6E2E7867C83D9DC515535A8C45486969F9CBA6BF710B6EBAE09D5FCBFF5E
51,run_051__alpha_0p1_seed_456__TEA_FL__SIGNFLIP_MU0P4,RUN_STATE.json,238,997A98606F4AD921B9B437BE099F022FFFAA9F943208F6EF9FDC18EF509147FC
52,run_052__alpha_0p1_seed_456__ARL_FL__CLEAN,BEST_STATE.pt,179065,4B3B3FECF41B10B012A6C5E76C2443C17B84980140D277FACDE59375C461C1E3
52,run_052__alpha_0p1_seed_456__ARL_FL__CLEAN,ROUND_CHECKPOINT.pt,13931559,A19F7C1A3498A179957E0E0C4B5851C8EA38633C433CA8CE5945ED5E5040E697
52,run_052__alpha_0p1_seed_456__ARL_FL__CLEAN,ROUND_VALIDATION_METRICS.csv,1669,CC753D61E87FD62F3474E9CC16B22CF8FDD6A57FC3E4625D92FAFB1E6455FE34
52,run_052__alpha_0p1_seed_456__ARL_FL__CLEAN,RUN_COMPLETE.json,1094,662027919D2940A153311BF73A14C2AFCFEA435550ADD611A8F17828EE1D6222
52,run_052__alpha_0p1_seed_456__ARL_FL__CLEAN,RUN_CONTRACT.json,419,C4F593B79089C9FD012067A6A3EB5955109B6FD71852D3C33F705BA84E2518CF
52,run_052__alpha_0p1_seed_456__ARL_FL__CLEAN,RUN_STATE.json,239,470D904FE7EFC2576DA16F20BDF65952B11D3A3235108D10860F6E0FA738F9D3
53,run_053__alpha_0p1_seed_456__ARL_FL__SIGNFLIP_MU0P2,BEST_STATE.pt,179065,E0F6201C9CD47DE36D90A06E76E09DD919C058F02A9E62C6BC5828A380CB3B5D
53,run_053__alpha_0p1_seed_456__ARL_FL__SIGNFLIP_MU0P2,ROUND_CHECKPOINT.pt,13931559,5E83778C8A5C86FFBA511C597ED36489DC92ECAF74CE8D52517EB8C62B65C9BC
53,run_053__alpha_0p1_seed_456__ARL_FL__SIGNFLIP_MU0P2,ROUND_VALIDATION_METRICS.csv,1654,C1B7DBC65D369ED974609EE35F50991A4CF00A0EEEC7ADE8F65F3CFA04654C59
53,run_053__alpha_0p1_seed_456__ARL_FL__SIGNFLIP_MU0P2,RUN_COMPLETE.json,1101,2654117F1019421F0A260D3C65841B209D3D2D03F0C0F8DC9E1869701792C531
53,run_053__alpha_0p1_seed_456__ARL_FL__SIGNFLIP_MU0P2,RUN_CONTRACT.json,428,D4B0B369E63F8996EE72BC7F6C2CF3DD232ACBCB0556433184112D876D9C406F
53,run_053__alpha_0p1_seed_456__ARL_FL__SIGNFLIP_MU0P2,RUN_STATE.json,238,D57E1E54476DE792A76C5A057717505024DC867A7AF1077821FC17E05D904995
54,run_054__alpha_0p1_seed_456__ARL_FL__SIGNFLIP_MU0P4,BEST_STATE.pt,179065,6F106D7157042802035F8B9BBB0D13E2AC36A4CF790AAD29A516999F6A6C505E
54,run_054__alpha_0p1_seed_456__ARL_FL__SIGNFLIP_MU0P4,ROUND_CHECKPOINT.pt,13931559,FEBB9323AD28349FF74391B08C10E4ACC39DA548C406DF9504AD03BA2FB26E47
54,run_054__alpha_0p1_seed_456__ARL_FL__SIGNFLIP_MU0P4,ROUND_VALIDATION_METRICS.csv,1692,6707A786CA0574ADCBEB7D22E96A4F6A597F723721DA5D70D0A0B605D2FB7F2B
54,run_054__alpha_0p1_seed_456__ARL_FL__SIGNFLIP_MU0P4,RUN_COMPLETE.json,1101,207790A6DF16B746D72AD276D6E181745132BC7DA22819BDA1503AB763D60941
54,run_054__alpha_0p1_seed_456__ARL_FL__SIGNFLIP_MU0P4,RUN_CONTRACT.json,428,2CC60F60AE2994DE015A3B4FD33BF1772C44E361674BAB1288460ED7F3A0EF81
54,run_054__alpha_0p1_seed_456__ARL_FL__SIGNFLIP_MU0P4,RUN_STATE.json,236,D1F2E857730721810DD879DA6474466B494279EEC20BAEEDF1A979EBEBD2B285
55,run_055__alpha_0p1_seed_789__FEDAVG__CLEAN,BEST_STATE.pt,179065,B72EE638E081870E96EF4F9105256E813C4278715B65AD80255A68FC877C740C
55,run_055__alpha_0p1_seed_789__FEDAVG__CLEAN,ROUND_CHECKPOINT.pt,179329,6B0E84A0027772EF5E645D4A965AE70EDF622EA5C1E9194A2F9AD08C6725601D
55,run_055__alpha_0p1_seed_789__FEDAVG__CLEAN,ROUND_VALIDATION_METRICS.csv,1669,6EB9DA50BC6B22275AB363CB7C1C27AFD24C6B286A088F2171C72B7116EC85B4
55,run_055__alpha_0p1_seed_789__FEDAVG__CLEAN,RUN_COMPLETE.json,1093,4E67073287203DF9FC77B52059921E96E37276401CB6533B11E30A8B84103133
55,run_055__alpha_0p1_seed_789__FEDAVG__CLEAN,RUN_CONTRACT.json,419,7C1F12929B580353019DCF56B751472AB01031ACF04B5D5D007E748F03BBDDAA
55,run_055__alpha_0p1_seed_789__FEDAVG__CLEAN,RUN_STATE.json,239,98E86167A7432CB4A9012D32064DAFAE3EEAB2AB800A58F5F070BABE0E6A8684
56,run_056__alpha_0p1_seed_789__FEDAVG__SIGNFLIP_MU0P2,BEST_STATE.pt,179065,C080724335E43F40D7D973628076BDC5A8A73DF9A9D73ABA7ED36629835F6AE6
56,run_056__alpha_0p1_seed_789__FEDAVG__SIGNFLIP_MU0P2,ROUND_CHECKPOINT.pt,179329,7092B1CF009F1E45EA1BF3084E74920D322DC43A22917C3BDEB07D0B491885F9
56,run_056__alpha_0p1_seed_789__FEDAVG__SIGNFLIP_MU0P2,ROUND_VALIDATION_METRICS.csv,1700,3CC7F05DF634BFCCA9722E29B424471D46768FFF8E5483AC20F9D608FD7A4A61
56,run_056__alpha_0p1_seed_789__FEDAVG__SIGNFLIP_MU0P2,RUN_COMPLETE.json,1100,F1C1DF7FF495E1ABFE6E76543D36BA354DC157D5AC2CAAB4E40A5B377E8C4979
56,run_056__alpha_0p1_seed_789__FEDAVG__SIGNFLIP_MU0P2,RUN_CONTRACT.json,428,CFA4CFBD3B04885846DD6B66EDC18101E5B31164CA7ED9CD0282A525107EF78D
56,run_056__alpha_0p1_seed_789__FEDAVG__SIGNFLIP_MU0P2,RUN_STATE.json,236,DD03E32302E2E0F8127419E561DA427CD68FF253C08ADA41C819443620C898D7
57,run_057__alpha_0p1_seed_789__FEDAVG__SIGNFLIP_MU0P4,BEST_STATE.pt,179065,343171E99AA29C1521055BB765E8432FD319854C68E0F1B1150809990C2D5838
57,run_057__alpha_0p1_seed_789__FEDAVG__SIGNFLIP_MU0P4,ROUND_CHECKPOINT.pt,179329,CA56AE1C142D4A6B729C3AC6A81C061C0221D4E0FA805B4C30A46F65A543DA23
57,run_057__alpha_0p1_seed_789__FEDAVG__SIGNFLIP_MU0P4,ROUND_VALIDATION_METRICS.csv,1696,6CC4F2B04BCF1F8616EC9478E30887D1741FEB06EC06ADE0BFC0DF9553B1DB6E
57,run_057__alpha_0p1_seed_789__FEDAVG__SIGNFLIP_MU0P4,RUN_COMPLETE.json,1100,CF05F16105A569F4AB610F174324341720D9BD1B8C655014A4C89EFE4D39600D
57,run_057__alpha_0p1_seed_789__FEDAVG__SIGNFLIP_MU0P4,RUN_CONTRACT.json,428,A43471A200604F19B380FAFFFEB763B843D234D5D7B755079524580CEE0E9DEA
57,run_057__alpha_0p1_seed_789__FEDAVG__SIGNFLIP_MU0P4,RUN_STATE.json,238,1966662AF34C8AD637E117D4E221C22E388C2B08070503FD1E49A8B82DE9B288
58,run_058__alpha_0p1_seed_789__FEDPROX__CLEAN,BEST_STATE.pt,179065,308FF49E20B247F6AE12388FC59B54E19A67274EF2E9A46C076DBDF0232270B4
58,run_058__alpha_0p1_seed_789__FEDPROX__CLEAN,ROUND_CHECKPOINT.pt,179329,0C474D7BA640B13A672B2D020D9873C9CF975CB69E2D8FDCF0A79F56664DCF7A
58,run_058__alpha_0p1_seed_789__FEDPROX__CLEAN,ROUND_VALIDATION_METRICS.csv,1658,5441DA00D35FBA26F6622C6AC0252727C16D0CB868C458641737EECE39BBBA56
58,run_058__alpha_0p1_seed_789__FEDPROX__CLEAN,RUN_COMPLETE.json,1094,A96B1E951BE9A11100E4E38838CB6666232782D232567AE9D6C3BF873F127C3C
58,run_058__alpha_0p1_seed_789__FEDPROX__CLEAN,RUN_CONTRACT.json,420,C46B6931CEF83D377C99E7A0B2C24D0976FB7DF65B2EEBC5A0571506F8BD2748
58,run_058__alpha_0p1_seed_789__FEDPROX__CLEAN,RUN_STATE.json,236,180179AE9C749FDE149217AACB2977A37EBBD8FB66AA816B7181A3D423AB6842
59,run_059__alpha_0p1_seed_789__FEDPROX__SIGNFLIP_MU0P2,BEST_STATE.pt,179065,6AE41E9730EA5B1609537916B25FE595217FE21EF52DACAE8F82154D80A1C58E
59,run_059__alpha_0p1_seed_789__FEDPROX__SIGNFLIP_MU0P2,ROUND_CHECKPOINT.pt,179329,79B72E46F2634A6156714131940B6B0E5AB2CCB27421A73CE9468B6C2C9D83E3
59,run_059__alpha_0p1_seed_789__FEDPROX__SIGNFLIP_MU0P2,ROUND_VALIDATION_METRICS.csv,1692,31D422F2579D684B113928E487D4F9744219D5725E834A623BB798276E5A28B7
59,run_059__alpha_0p1_seed_789__FEDPROX__SIGNFLIP_MU0P2,RUN_COMPLETE.json,1101,2D857F839A52648B4B835BF3D881BD6CA6F889997C93E78593FAD97FA30D70BF
59,run_059__alpha_0p1_seed_789__FEDPROX__SIGNFLIP_MU0P2,RUN_CONTRACT.json,429,46E27E2385FBE4B11DACDC6559E6A2BEA989EFFDA72C3C4D90D93FBF5E9B2F2A
59,run_059__alpha_0p1_seed_789__FEDPROX__SIGNFLIP_MU0P2,RUN_STATE.json,237,4B7E91F8D7E0037A8F644DF1AD1C7CD42DDBA8CA84C974EAD11DA5748D75659E
60,run_060__alpha_0p1_seed_789__FEDPROX__SIGNFLIP_MU0P4,BEST_STATE.pt,179065,3F7A592F717BCB99700C076FD27EB926522496C317F91A7914825B0CE2631508
60,run_060__alpha_0p1_seed_789__FEDPROX__SIGNFLIP_MU0P4,ROUND_CHECKPOINT.pt,179329,A099964B22A20CAFB2013D1FC4FB940E1ACDAAF397C7CDC748A4AE2CB6BEE3FE
60,run_060__alpha_0p1_seed_789__FEDPROX__SIGNFLIP_MU0P4,ROUND_VALIDATION_METRICS.csv,1700,CA7B21D77F2FC6951B175C952698CBB446D144F9BEE69CA9AFB8DBA7927256FD
60,run_060__alpha_0p1_seed_789__FEDPROX__SIGNFLIP_MU0P4,RUN_COMPLETE.json,1100,793DD6808F5F8D461AE0718439B301A854408F2CE1223D311E45CABBCF86B55E
60,run_060__alpha_0p1_seed_789__FEDPROX__SIGNFLIP_MU0P4,RUN_CONTRACT.json,429,BCBED69EDC40FBE07320361BE63231B44B6F601364364E61F4D57CA7A4AD2F12
60,run_060__alpha_0p1_seed_789__FEDPROX__SIGNFLIP_MU0P4,RUN_STATE.json,237,1363135450CE2E044D3D8B9FADDA34E9E68FDB1997A8D9B0CF24F3CDE8CB7110
61,run_061__alpha_0p1_seed_789__RANDOM_TRIMMED_MEAN__CLEAN,BEST_STATE.pt,179065,7863BE919FE1C7F145CC9A05133F8639D0CBE2838BE7A1852630042C8132F3B8
61,run_061__alpha_0p1_seed_789__RANDOM_TRIMMED_MEAN__CLEAN,ROUND_CHECKPOINT.pt,179329,DD256808C855324A5E86D2414A3B9838BFAF15FF2F12B71B1EC24F2357566896
61,run_061__alpha_0p1_seed_789__RANDOM_TRIMMED_MEAN__CLEAN,ROUND_VALIDATION_METRICS.csv,1660,9B13A82728D93C7CBACE0AC4E2D2A7D71AA1AD07E35F7951CFBCE170E367B041
61,run_061__alpha_0p1_seed_789__RANDOM_TRIMMED_MEAN__CLEAN,RUN_COMPLETE.json,1107,5C69D142FE01BE59DAE01D3D25E57F3012DC8FBE345C3B8576C302C474A8731C
61,run_061__alpha_0p1_seed_789__RANDOM_TRIMMED_MEAN__CLEAN,RUN_CONTRACT.json,432,3B7033C83ED8FE148B42026E636D8DB35F4730F0C45D20765B7265BF1483D55E
61,run_061__alpha_0p1_seed_789__RANDOM_TRIMMED_MEAN__CLEAN,RUN_STATE.json,239,996083FE9F32BE428E499565B8FB907078EC0D4BA2711B64BF7A493B08A35E7F
62,run_062__alpha_0p1_seed_789__RANDOM_TRIMMED_MEAN__SIGNFLIP_MU0P2,BEST_STATE.pt,179065,765AB5B4728BC6A68F7F53BCBCBF971F96572D6E892E2D7FDB59DD30BFD54C2C
62,run_062__alpha_0p1_seed_789__RANDOM_TRIMMED_MEAN__SIGNFLIP_MU0P2,ROUND_CHECKPOINT.pt,179329,3DB7F267B66F4069EB274E7E28CB565FC1863FAE2F3AE0C66D3577B9F7803DCE
62,run_062__alpha_0p1_seed_789__RANDOM_TRIMMED_MEAN__SIGNFLIP_MU0P2,ROUND_VALIDATION_METRICS.csv,1651,7CA0CA379D772C628F336A2668116324E9BFCC432CC269B835AB676BD2B70541
62,run_062__alpha_0p1_seed_789__RANDOM_TRIMMED_MEAN__SIGNFLIP_MU0P2,RUN_COMPLETE.json,1115,81E9B2480681F782ED3B2BBDFE3E3892048140D2C841127A56DF4FE42731FF0E
62,run_062__alpha_0p1_seed_789__RANDOM_TRIMMED_MEAN__SIGNFLIP_MU0P2,RUN_CONTRACT.json,441,1390744C7D23E7CAB6E179E4906901473351CA1DF5E86F00BA9AD908B92EB571
62,run_062__alpha_0p1_seed_789__RANDOM_TRIMMED_MEAN__SIGNFLIP_MU0P2,RUN_STATE.json,238,CF1F79FB448515E87CD0174A74058DEC80DCB617850DF89814A76CA706E99B5A
63,run_063__alpha_0p1_seed_789__RANDOM_TRIMMED_MEAN__SIGNFLIP_MU0P4,BEST_STATE.pt,179065,569AF1FEC1FDC85EFC206F200458337710CC65F90AF03CE922B2B7FB18C745FA
63,run_063__alpha_0p1_seed_789__RANDOM_TRIMMED_MEAN__SIGNFLIP_MU0P4,ROUND_CHECKPOINT.pt,179329,69854DF04A452A8A03C182726C98D799109D73A0BDB7D4A75B70B0A6BB6166C9
63,run_063__alpha_0p1_seed_789__RANDOM_TRIMMED_MEAN__SIGNFLIP_MU0P4,ROUND_VALIDATION_METRICS.csv,1679,1C5F1EB1ADF3D170E0BD5AA99AF97773FC1EAD9529CC22BE683323331B9B393D
63,run_063__alpha_0p1_seed_789__RANDOM_TRIMMED_MEAN__SIGNFLIP_MU0P4,RUN_COMPLETE.json,1113,9EC44C719E922756AE4A18D732CA34986224E27A11FA336CCB0DF0562937BC8C
63,run_063__alpha_0p1_seed_789__RANDOM_TRIMMED_MEAN__SIGNFLIP_MU0P4,RUN_CONTRACT.json,441,1D370BB70B482201D70CBAE886AAB5E731DC4B17A93937A0EA9C2C74EE094459
63,run_063__alpha_0p1_seed_789__RANDOM_TRIMMED_MEAN__SIGNFLIP_MU0P4,RUN_STATE.json,236,999C598275EB958D7A4E1A89D87739BBFFEABFB47899FCA6045AB891995A3F0A
64,run_064__alpha_0p1_seed_789__FEDLE_ADAPTED__CLEAN,BEST_STATE.pt,179065,29F13841F7AF933693138A5F290C764791002955A9FE6FAF3AC0503379F867A3
64,run_064__alpha_0p1_seed_789__FEDLE_ADAPTED__CLEAN,ROUND_CHECKPOINT.pt,179329,CB8BC66E23E08DFB222F6E70D464893246EF3201D93D01D887BFD720F6663A91
64,run_064__alpha_0p1_seed_789__FEDLE_ADAPTED__CLEAN,ROUND_VALIDATION_METRICS.csv,1664,3D702C0A16467299F17A7445CBDCF83EE08709B86F5411DC5A88D2BD8F9A845B
64,run_064__alpha_0p1_seed_789__FEDLE_ADAPTED__CLEAN,RUN_COMPLETE.json,1101,56A708D00BE181AF290E8CDA9C9EDD595F2F9E2BE9245052B43BAABE1C1C9791
64,run_064__alpha_0p1_seed_789__FEDLE_ADAPTED__CLEAN,RUN_CONTRACT.json,426,4BCBF3B1C18E6017893844638677692725A7CFA6A83F088F4FEF1829AE41A45A
64,run_064__alpha_0p1_seed_789__FEDLE_ADAPTED__CLEAN,RUN_STATE.json,238,AC41A1F4C20986E1605F0496BAE376B079115A45007E4F9AF1212F54871A9A5B
65,run_065__alpha_0p1_seed_789__FEDLE_ADAPTED__SIGNFLIP_MU0P2,BEST_STATE.pt,179065,6C8DC45F285C687B47DE1ECC939A0D389FBC57D953B82BCA31179B695BBC5DB9
65,run_065__alpha_0p1_seed_789__FEDLE_ADAPTED__SIGNFLIP_MU0P2,ROUND_CHECKPOINT.pt,179329,25FCA164E57F6B92DC1C6C84FBDB45A8B1A51A70C4CE32CA488A9DE63D23C734
65,run_065__alpha_0p1_seed_789__FEDLE_ADAPTED__SIGNFLIP_MU0P2,ROUND_VALIDATION_METRICS.csv,1704,CF5ABCBA4535DFC38A2E2F2720199DCD6425CD7D538E5D7C0B530C4E99FDCF0B
65,run_065__alpha_0p1_seed_789__FEDLE_ADAPTED__SIGNFLIP_MU0P2,RUN_COMPLETE.json,1110,ABE89029E8D3D26BBFE233FD73001949F424BF9579B30FF83994FA134D1740F2
65,run_065__alpha_0p1_seed_789__FEDLE_ADAPTED__SIGNFLIP_MU0P2,RUN_CONTRACT.json,435,F66C54D92913D2FDBE84C47B23B3A70BBCC25DD09634129A537D81ADFDAC46BA
65,run_065__alpha_0p1_seed_789__FEDLE_ADAPTED__SIGNFLIP_MU0P2,RUN_STATE.json,238,2246FC886DFC048655D83AE0A179FF7EE10F9E214512B542057D0DB73053B6CB
66,run_066__alpha_0p1_seed_789__FEDLE_ADAPTED__SIGNFLIP_MU0P4,BEST_STATE.pt,179065,7A38A9B3E05C1C7FBE2CCCA7FCBDAAD98FCE3125BD18463CD74514FF969E90A5
66,run_066__alpha_0p1_seed_789__FEDLE_ADAPTED__SIGNFLIP_MU0P4,ROUND_CHECKPOINT.pt,179329,83656662AAC3E441581CC6CDC99893801CFB264C3940513DA56F5673C8D8542E
66,run_066__alpha_0p1_seed_789__FEDLE_ADAPTED__SIGNFLIP_MU0P4,ROUND_VALIDATION_METRICS.csv,1696,E44561CBB4D9026F9BEDF048038EF36FBD100EBFDAD3D9BF5D624940BC2C3363
66,run_066__alpha_0p1_seed_789__FEDLE_ADAPTED__SIGNFLIP_MU0P4,RUN_COMPLETE.json,1107,C8A97BD5A19B8D05F1DF6FEAD3A7AEFDF9E00A939065EDD80579CB5C79EE8103
66,run_066__alpha_0p1_seed_789__FEDLE_ADAPTED__SIGNFLIP_MU0P4,RUN_CONTRACT.json,435,4B3A07190FF8C8D5D2F5266979D90CE9D1E715D4844DB0AAA5F44F28F39D77A8
66,run_066__alpha_0p1_seed_789__FEDLE_ADAPTED__SIGNFLIP_MU0P4,RUN_STATE.json,235,DDD455F0CF6E0A130D459071899ACA18DD0FBF43C60B36FDC1579FB6062C2A50
67,run_067__alpha_0p1_seed_789__TEA_FL__CLEAN,BEST_STATE.pt,179065,77908808C3526DA31FB826798CE8AAE207AF8B9230A23ADB4558043514439D1A
67,run_067__alpha_0p1_seed_789__TEA_FL__CLEAN,ROUND_CHECKPOINT.pt,180161,DB512EAC9F769F9DC47A96FB4A60E46C2397405FFC7DA1D81365859D937C62FD
67,run_067__alpha_0p1_seed_789__TEA_FL__CLEAN,ROUND_VALIDATION_METRICS.csv,1667,B80DF784199D5F5B1315310118C0AF2A63C311CD0CD22ABC62CAD90A98E61A26
67,run_067__alpha_0p1_seed_789__TEA_FL__CLEAN,RUN_COMPLETE.json,1092,AC54E4420355CF507F0A371947BCB7D7BFFD1BBFCA89ABE30D54258984C567D1
67,run_067__alpha_0p1_seed_789__TEA_FL__CLEAN,RUN_CONTRACT.json,419,49EFDB3D6E7D4333A00F96D2EA85CDF6AAA4D7E6DC768FCDA0681AD59CD77044
67,run_067__alpha_0p1_seed_789__TEA_FL__CLEAN,RUN_STATE.json,238,B952B7D2B43E9BA2E7278647D235219AE13FED8F806DB25B7AA1801E603BF7F7
68,run_068__alpha_0p1_seed_789__TEA_FL__SIGNFLIP_MU0P2,BEST_STATE.pt,179065,EEE689C91879133ADA24B2770D454C5C7C24C503EC42A5FD09AC74885F972823
68,run_068__alpha_0p1_seed_789__TEA_FL__SIGNFLIP_MU0P2,ROUND_CHECKPOINT.pt,180161,07DE4802775B637DFA568277B4E3F32D63EC6343EE58382A80D5A6626EE8B919
68,run_068__alpha_0p1_seed_789__TEA_FL__SIGNFLIP_MU0P2,ROUND_VALIDATION_METRICS.csv,1661,F862AADC305AA93192CA6381E60EA316854BEC75F7ACF15941FCF9E1E65F0097
68,run_068__alpha_0p1_seed_789__TEA_FL__SIGNFLIP_MU0P2,RUN_COMPLETE.json,1100,42B6822CE3C56B0176EB0DFD2B59DADA53E089F2E007753A72E36E0165CAF4E8
68,run_068__alpha_0p1_seed_789__TEA_FL__SIGNFLIP_MU0P2,RUN_CONTRACT.json,428,7A3D5AE187179155ADC7B52EE252DD0152C918221AD25AFFC460347AAAE9B668
68,run_068__alpha_0p1_seed_789__TEA_FL__SIGNFLIP_MU0P2,RUN_STATE.json,237,3FD8ADF9CDBF6C75F5114871FE2170716005B73D4102FC3945DF055D15429CC7
69,run_069__alpha_0p1_seed_789__TEA_FL__SIGNFLIP_MU0P4,BEST_STATE.pt,179065,A885358A819585D968EEF67DA777521750F089788729B232736B805BECE70DE3
69,run_069__alpha_0p1_seed_789__TEA_FL__SIGNFLIP_MU0P4,ROUND_CHECKPOINT.pt,180161,78860DF9AB3F5D2646CB047B65770F7A2DD8F100F81786D5776AA117232F8858
69,run_069__alpha_0p1_seed_789__TEA_FL__SIGNFLIP_MU0P4,ROUND_VALIDATION_METRICS.csv,1687,E96297B170D5F3FE7FE76456B04984717F138D1D9782255F5F4681F80DDE8317
69,run_069__alpha_0p1_seed_789__TEA_FL__SIGNFLIP_MU0P4,RUN_COMPLETE.json,1101,471FBB2862C213D526E0009D2A60103C9E9F14B8744BFA6C2A4D70BBDBDEAE97
69,run_069__alpha_0p1_seed_789__TEA_FL__SIGNFLIP_MU0P4,RUN_CONTRACT.json,428,529A9D4E80A905D637AA81484081270C2E5F9B86CC17321755C5141BAC3F70BA
69,run_069__alpha_0p1_seed_789__TEA_FL__SIGNFLIP_MU0P4,RUN_STATE.json,238,8C85A15B7A2676FE4DE28E48CFC7BCA581EB45423AAA8FF8D0A5CD3AD03A20C0
70,run_070__alpha_0p1_seed_789__ARL_FL__CLEAN,BEST_STATE.pt,179065,D97C63EE7D189BADB53C9D6B5FB66AAF1FB02264839ADB0AE82740D96782D800
70,run_070__alpha_0p1_seed_789__ARL_FL__CLEAN,ROUND_CHECKPOINT.pt,13931559,D39B3CB03447B99E8D682B9E6A95F4F428F8A4ECEAC5D603D6D9089669ACD281
70,run_070__alpha_0p1_seed_789__ARL_FL__CLEAN,ROUND_VALIDATION_METRICS.csv,1667,8E6E71EA7D1BAB79A4413D654E895075C2476FA8610A9C8AC23CD006A1F80FBA
70,run_070__alpha_0p1_seed_789__ARL_FL__CLEAN,RUN_COMPLETE.json,1094,C4114415B3B370123E93BD65DBC8B89100F6EF426B81BBEFC605C83DD4F919CB
70,run_070__alpha_0p1_seed_789__ARL_FL__CLEAN,RUN_CONTRACT.json,419,54B23B35FB7404550F72BFE246CEBCD65C1C690E7457CBA64A9E4F9C92163F03
70,run_070__alpha_0p1_seed_789__ARL_FL__CLEAN,RUN_STATE.json,239,107902B738B05CC0137E531A91EEE63B7D65EA0E3B1381E389687171D0175DD4
71,run_071__alpha_0p1_seed_789__ARL_FL__SIGNFLIP_MU0P2,BEST_STATE.pt,179065,E952FECA3B1730D279A90D168EEB8B751CD699FDFD42A8B406239E1CECDAEB76
71,run_071__alpha_0p1_seed_789__ARL_FL__SIGNFLIP_MU0P2,ROUND_CHECKPOINT.pt,13931559,406767C0AD9EB61755834283648DC40BF25E1CFDB0B1C2B4A112A696E9FD3DB9
71,run_071__alpha_0p1_seed_789__ARL_FL__SIGNFLIP_MU0P2,ROUND_VALIDATION_METRICS.csv,1668,A78D70BE30E2BEC7AD96E71CC45223EF6196A1723C45838061BAC8DC1CBAE08D
71,run_071__alpha_0p1_seed_789__ARL_FL__SIGNFLIP_MU0P2,RUN_COMPLETE.json,1106,498027318FE526AC74D475E7EDD116A8D1D7D9A1179B3041E229E404FAC038F7
71,run_071__alpha_0p1_seed_789__ARL_FL__SIGNFLIP_MU0P2,RUN_CONTRACT.json,428,A41C5FD439F9BD1B41DA34BDE92FCE4DF777AA20988AA9C713A1B5EAFD5F227E
71,run_071__alpha_0p1_seed_789__ARL_FL__SIGNFLIP_MU0P2,RUN_STATE.json,240,8C23FE228837D823CC54921CD60D79C3D236F33E8FD9542AE02B5CF5AAB9AFAA
72,run_072__alpha_0p1_seed_789__ARL_FL__SIGNFLIP_MU0P4,BEST_STATE.pt,179065,23FDB829FE16D3BF6283C485B6156025006ED3F0FE00B21C2CEE471A9F4899A5
72,run_072__alpha_0p1_seed_789__ARL_FL__SIGNFLIP_MU0P4,ROUND_CHECKPOINT.pt,13931559,12F2A3BC6247244E324A69F2207BCAE03666771EBE3D10DE1565BC5121704D7C
72,run_072__alpha_0p1_seed_789__ARL_FL__SIGNFLIP_MU0P4,ROUND_VALIDATION_METRICS.csv,1687,24DF1C29EA111BFC0C76BC46C4E44655B441DFDD6F2739961F71D13D643924D2
72,run_072__alpha_0p1_seed_789__ARL_FL__SIGNFLIP_MU0P4,RUN_COMPLETE.json,1102,2647F3AF9703D6E2455D097CA954126049672C6002FBD7E02EF6A4429B9480D5
72,run_072__alpha_0p1_seed_789__ARL_FL__SIGNFLIP_MU0P4,RUN_CONTRACT.json,428,366F5019B7BDB4231CB5AAEACF966136249EEF2ACEE66A64A75E4102814648DB
72,run_072__alpha_0p1_seed_789__ARL_FL__SIGNFLIP_MU0P4,RUN_STATE.json,238,E76864681F7D75E79279844B450DFD2CD8295C114445E5CA539486D7EE0AC996
73,run_073__alpha_0p1_seed_999__FEDAVG__CLEAN,BEST_STATE.pt,179065,16F771C01320A4BD145EF0AA22FA2E67B7764B28FB65139A8F6B1D7311A595A9
73,run_073__alpha_0p1_seed_999__FEDAVG__CLEAN,ROUND_CHECKPOINT.pt,179329,08D5F5B8C808C6E14D636B586EA6ED827F53995B6BCD8D7F4E9A8119AC570F3F
73,run_073__alpha_0p1_seed_999__FEDAVG__CLEAN,ROUND_VALIDATION_METRICS.csv,1661,6357B9B6A2A42E03376118284A55B7AA85EE3F8904A9B098850ABEEF80207BC5
73,run_073__alpha_0p1_seed_999__FEDAVG__CLEAN,RUN_COMPLETE.json,1092,5E03E582F8A3214B0DD90D716A133126F939ADFF54DA2848A346F950CF2144FD
73,run_073__alpha_0p1_seed_999__FEDAVG__CLEAN,RUN_CONTRACT.json,419,455E2020690CCCAC866E6FE9C451FF7290EA9D2CAD1B22983031D2EBF162EBF8
73,run_073__alpha_0p1_seed_999__FEDAVG__CLEAN,RUN_STATE.json,238,272E65DB326D0002C3101138A8BD3DB918B739604C35390DC7C50C019F4B013D
74,run_074__alpha_0p1_seed_999__FEDAVG__SIGNFLIP_MU0P2,BEST_STATE.pt,179065,4D1737FA817F645C1E57EDFB69E52FC381F4FCE8698B9B4DF7D27DACB807CE5C
74,run_074__alpha_0p1_seed_999__FEDAVG__SIGNFLIP_MU0P2,ROUND_CHECKPOINT.pt,179329,27A76FEA5C4FA996366F05EC4E64B849E596911CC6F53345FF0A0C3F1BB7FDB0
74,run_074__alpha_0p1_seed_999__FEDAVG__SIGNFLIP_MU0P2,ROUND_VALIDATION_METRICS.csv,1683,68EF14AE7E6A5FEAF9E98A666837060D82C787636AA5C26FED66FC8DA48CD719
74,run_074__alpha_0p1_seed_999__FEDAVG__SIGNFLIP_MU0P2,RUN_COMPLETE.json,1103,43BB0192FA31F49C5F25EA73676BBC48C9BB9FEBBE7FD24B516C31F042498E14
74,run_074__alpha_0p1_seed_999__FEDAVG__SIGNFLIP_MU0P2,RUN_CONTRACT.json,428,7AE40D68C7239350310367F0297FE0A74F629EF4E09FDE8DDF34A8491747D2A5
74,run_074__alpha_0p1_seed_999__FEDAVG__SIGNFLIP_MU0P2,RUN_STATE.json,238,2FE3305FBB7D9082DA8BDBE8505E3FB2DC465D71A70C1C04524761A1844D26E4
75,run_075__alpha_0p1_seed_999__FEDAVG__SIGNFLIP_MU0P4,BEST_STATE.pt,179065,4D1737FA817F645C1E57EDFB69E52FC381F4FCE8698B9B4DF7D27DACB807CE5C
75,run_075__alpha_0p1_seed_999__FEDAVG__SIGNFLIP_MU0P4,ROUND_CHECKPOINT.pt,179329,73AAFF79315CA3D7E96D4565DF10EBC4AEA49AB9C8482590EC49A1D4289683EF
75,run_075__alpha_0p1_seed_999__FEDAVG__SIGNFLIP_MU0P4,ROUND_VALIDATION_METRICS.csv,1666,C733CC3A03FA06702E19736229C3A228DAB1B6E0873BA35DCA39A878EBD1E7C9
75,run_075__alpha_0p1_seed_999__FEDAVG__SIGNFLIP_MU0P4,RUN_COMPLETE.json,1103,159A1F5EBFDE849861904234901E88FE9FBB971705EB0BFB9518CA62D1B9CCE0
75,run_075__alpha_0p1_seed_999__FEDAVG__SIGNFLIP_MU0P4,RUN_CONTRACT.json,428,60B82203F97B843410A75D2212694D3C6C8C7EDDBB0F57C38AB0A56945B8BB5B
75,run_075__alpha_0p1_seed_999__FEDAVG__SIGNFLIP_MU0P4,RUN_STATE.json,238,2FE3305FBB7D9082DA8BDBE8505E3FB2DC465D71A70C1C04524761A1844D26E4
76,run_076__alpha_0p1_seed_999__FEDPROX__CLEAN,BEST_STATE.pt,179065,84BFF0E7759FD3C20415D1101C7B9B7909A6712C8554C3AAC1B8117A3980EED1
76,run_076__alpha_0p1_seed_999__FEDPROX__CLEAN,ROUND_CHECKPOINT.pt,179329,03430A4F6042CC767A6A29F75C260604DF83DC1EDECDB2394FCD3AFD8AEADA66
76,run_076__alpha_0p1_seed_999__FEDPROX__CLEAN,ROUND_VALIDATION_METRICS.csv,1665,807113ACDC14188BCBF410FAF76DB7014B19CE731A605EF38A9BCB1A59F5A470
76,run_076__alpha_0p1_seed_999__FEDPROX__CLEAN,RUN_COMPLETE.json,1094,FF8590A7E5E74D8CD620F9DB0EFBDD00C1DB4495570085FB2BF31587F7AC247C
76,run_076__alpha_0p1_seed_999__FEDPROX__CLEAN,RUN_CONTRACT.json,420,27C637D8440B6CFB9D30A4D51CA7C3467F3226EFF9584DA397B80BC199F5B21C
76,run_076__alpha_0p1_seed_999__FEDPROX__CLEAN,RUN_STATE.json,238,1730FA36BE70C60F1BBD1C80B199B4D35DD1FBF29BB7A26EB5B8AE1AB7BC33C7
77,run_077__alpha_0p1_seed_999__FEDPROX__SIGNFLIP_MU0P2,BEST_STATE.pt,179065,578D45C121CFBD09F93BDECDDEFBE410285096DB55CC3E421C0BB3CE8066163A
77,run_077__alpha_0p1_seed_999__FEDPROX__SIGNFLIP_MU0P2,ROUND_CHECKPOINT.pt,179329,C4E0AB2BB0CA5032AFC79E9DD3F387632D63A3C106B9DA49B4DEEE33B756A356
77,run_077__alpha_0p1_seed_999__FEDPROX__SIGNFLIP_MU0P2,ROUND_VALIDATION_METRICS.csv,1706,A29691E5F6467BB8C0190A372791AFA1E13430630B29F314507C659A4CAD1E13
77,run_077__alpha_0p1_seed_999__FEDPROX__SIGNFLIP_MU0P2,RUN_COMPLETE.json,1104,6D068A8E76D84B49BA546DEE53787C22F2946D43115AAE29B2B7A5839F910825
77,run_077__alpha_0p1_seed_999__FEDPROX__SIGNFLIP_MU0P2,RUN_CONTRACT.json,429,A6815E06E46E8D034345627B77C87782CC101F34AD38504B3AFE7A3F0AED571C
77,run_077__alpha_0p1_seed_999__FEDPROX__SIGNFLIP_MU0P2,RUN_STATE.json,238,FCAA648ED7423AAAEB68425FBBB4A4AE2FAAB72B672D8E7263B6E806A61A0808
78,run_078__alpha_0p1_seed_999__FEDPROX__SIGNFLIP_MU0P4,BEST_STATE.pt,179065,578D45C121CFBD09F93BDECDDEFBE410285096DB55CC3E421C0BB3CE8066163A
78,run_078__alpha_0p1_seed_999__FEDPROX__SIGNFLIP_MU0P4,ROUND_CHECKPOINT.pt,179329,59DB3B44050CA3AB4E09956DCB19A066A63E1F8EED94D58D5C8802E4CE46D4CB
78,run_078__alpha_0p1_seed_999__FEDPROX__SIGNFLIP_MU0P4,ROUND_VALIDATION_METRICS.csv,1670,85B91E9B9E97F6F578B6585233961FF4B21C98FE286231F4ED257940EF05DBF5
78,run_078__alpha_0p1_seed_999__FEDPROX__SIGNFLIP_MU0P4,RUN_COMPLETE.json,1104,6DC4382440706574E6B1E874B9CF8BC004267728B116EBED3222B0A0D289569F
78,run_078__alpha_0p1_seed_999__FEDPROX__SIGNFLIP_MU0P4,RUN_CONTRACT.json,429,8AA4D11A6BAE5DD3BC754DCC4E03BF5CE61D6BC7A78447B26F657E342D965B14
78,run_078__alpha_0p1_seed_999__FEDPROX__SIGNFLIP_MU0P4,RUN_STATE.json,238,FCAA648ED7423AAAEB68425FBBB4A4AE2FAAB72B672D8E7263B6E806A61A0808
79,run_079__alpha_0p1_seed_999__RANDOM_TRIMMED_MEAN__CLEAN,BEST_STATE.pt,179065,39FFA2CDA0811C610A93AED02CB3FC9DCC4A887C16D995A679C429BEB33EBDDC
79,run_079__alpha_0p1_seed_999__RANDOM_TRIMMED_MEAN__CLEAN,ROUND_CHECKPOINT.pt,179329,DF047FE729758DA33A42090E321E2EF3D890BD2DD18B1FB476108AC04BDB7282
79,run_079__alpha_0p1_seed_999__RANDOM_TRIMMED_MEAN__CLEAN,ROUND_VALIDATION_METRICS.csv,1661,BFD47004F0E9D60C5B23871CE8B1326AD26E825A4DB38F31AABE8F1C0B648607
79,run_079__alpha_0p1_seed_999__RANDOM_TRIMMED_MEAN__CLEAN,RUN_COMPLETE.json,1106,C19F8E793FCA2C45563A62BF4F595849CD48273ACE8B36C18ECB6258266D777C
79,run_079__alpha_0p1_seed_999__RANDOM_TRIMMED_MEAN__CLEAN,RUN_CONTRACT.json,432,17BAC300BC0D484D1720F477BCC0EFDB4571F25600F664736AD6818E4C5B904C
79,run_079__alpha_0p1_seed_999__RANDOM_TRIMMED_MEAN__CLEAN,RUN_STATE.json,238,E14DBAC5A486016568FA44468A0B46CBA7CFE3ABBE080BC46F942D3021F03A69
80,run_080__alpha_0p1_seed_999__RANDOM_TRIMMED_MEAN__SIGNFLIP_MU0P2,BEST_STATE.pt,179065,479DC04AE13C75B52D0A19D663D2D259D20579FD4CF53888FFBA421F1FA2CBFB
80,run_080__alpha_0p1_seed_999__RANDOM_TRIMMED_MEAN__SIGNFLIP_MU0P2,ROUND_CHECKPOINT.pt,179329,0424CFA006D51A2A65F2B41BD3A26E26FACF402CF651CC9CE39F2C2E814F8891
80,run_080__alpha_0p1_seed_999__RANDOM_TRIMMED_MEAN__SIGNFLIP_MU0P2,ROUND_VALIDATION_METRICS.csv,1670,08967EFDAA44CF428BDF304C61922AD4477DC565932EEA248A140147FD18AFF5
80,run_080__alpha_0p1_seed_999__RANDOM_TRIMMED_MEAN__SIGNFLIP_MU0P2,RUN_COMPLETE.json,1114,5B69BC3ADAA10FFBBB8042D74255B0C5199673A83FFCE61C2946413D3F240787
80,run_080__alpha_0p1_seed_999__RANDOM_TRIMMED_MEAN__SIGNFLIP_MU0P2,RUN_CONTRACT.json,441,72CE73C3D4ECB37465508CFED5315421FBE8A98AC70AFB97969A443B58639B9B
80,run_080__alpha_0p1_seed_999__RANDOM_TRIMMED_MEAN__SIGNFLIP_MU0P2,RUN_STATE.json,237,E70F5A10DC099060C844C1F22F20A2916CF9A463368A346BBD4D07922DC4AA5A
81,run_081__alpha_0p1_seed_999__RANDOM_TRIMMED_MEAN__SIGNFLIP_MU0P4,BEST_STATE.pt,179065,5EF759E946162D3B3B1E7C6873B5FA229B41EADECBE4264DDDC9EF301FAD80FA
81,run_081__alpha_0p1_seed_999__RANDOM_TRIMMED_MEAN__SIGNFLIP_MU0P4,ROUND_CHECKPOINT.pt,179329,A370E33E577A53FE32330EF5C2686C073761B5420990F8071451048430FF4925
81,run_081__alpha_0p1_seed_999__RANDOM_TRIMMED_MEAN__SIGNFLIP_MU0P4,ROUND_VALIDATION_METRICS.csv,1721,82E28C62ED395E1E07D784947A3F9E29068A974DAAFCA0D6EE3C622ABF1A17FC
81,run_081__alpha_0p1_seed_999__RANDOM_TRIMMED_MEAN__SIGNFLIP_MU0P4,RUN_COMPLETE.json,1115,90BA7579DBA40D2C68C47864823D530B9752D11DA3329C1CD0A5605F56AAA1E2
81,run_081__alpha_0p1_seed_999__RANDOM_TRIMMED_MEAN__SIGNFLIP_MU0P4,RUN_CONTRACT.json,441,13C91E1DA09ECBA8EA78FF90DFA24C1460B753BA05ABA74EFE837E2DA1484E74
81,run_081__alpha_0p1_seed_999__RANDOM_TRIMMED_MEAN__SIGNFLIP_MU0P4,RUN_STATE.json,237,8DB3DF1174819984C0CE28A51C1A7ACC6024ADF6ED628EB6738F370DB5F4EB26
82,run_082__alpha_0p1_seed_999__FEDLE_ADAPTED__CLEAN,BEST_STATE.pt,179065,0880C91621AEC82B20A9F29D6C07F98F58198D28F832D532CB0863E35CC17D5A
82,run_082__alpha_0p1_seed_999__FEDLE_ADAPTED__CLEAN,ROUND_CHECKPOINT.pt,179329,2EA0C93BDE462CBCD3176D3AABF56015C0B27512CF3AF9EAC396C2ADF806D28D
82,run_082__alpha_0p1_seed_999__FEDLE_ADAPTED__CLEAN,ROUND_VALIDATION_METRICS.csv,1666,A3568DB03464010FA1844B46549AE8FB66FF7C2FC13F63A153622CA5058C5427
82,run_082__alpha_0p1_seed_999__FEDLE_ADAPTED__CLEAN,RUN_COMPLETE.json,1101,23512711BD01933A32DEDA55B07A277507DE3FA2D834A53472809A48955D5D59
82,run_082__alpha_0p1_seed_999__FEDLE_ADAPTED__CLEAN,RUN_CONTRACT.json,426,498C5EA3FCF096A26C6BF8D19CEA32400F4A07425F4BF6F54B0503BC3063E1A9
82,run_082__alpha_0p1_seed_999__FEDLE_ADAPTED__CLEAN,RUN_STATE.json,240,6B368EB0A5708E1CAD9BB4331D5F7C523D0A8A90104AC4384EEE597E8C2BD914
83,run_083__alpha_0p1_seed_999__FEDLE_ADAPTED__SIGNFLIP_MU0P2,BEST_STATE.pt,179065,E9FC05410C3402FA798152CC9D7C9F8DB83FC69A82D8292B82C66D6B955D4CAA
83,run_083__alpha_0p1_seed_999__FEDLE_ADAPTED__SIGNFLIP_MU0P2,ROUND_CHECKPOINT.pt,179329,61877E7126574C1349E9371CB76A38811C63BF4381D80D5EFF2713E9379CFF0D
83,run_083__alpha_0p1_seed_999__FEDLE_ADAPTED__SIGNFLIP_MU0P2,ROUND_VALIDATION_METRICS.csv,1686,683251FFDA9768366B529A9DE126CC99A8913AC0F5F6042025895DD61E370939
83,run_083__alpha_0p1_seed_999__FEDLE_ADAPTED__SIGNFLIP_MU0P2,RUN_COMPLETE.json,1110,AD782CC03ECC363E96DEF4F61B7FBC24B7F412C75845BF22BAFA513322617C7E
83,run_083__alpha_0p1_seed_999__FEDLE_ADAPTED__SIGNFLIP_MU0P2,RUN_CONTRACT.json,435,02AA09FAD4CCF5B1153F95DAE5C1717E04828EB6793D5FF961223267228D57E3
83,run_083__alpha_0p1_seed_999__FEDLE_ADAPTED__SIGNFLIP_MU0P2,RUN_STATE.json,238,8CF18B672B0EBC981E0B6363B5CCEC37B7D1BCCADAEECDE034C8636E9A7A5B67
84,run_084__alpha_0p1_seed_999__FEDLE_ADAPTED__SIGNFLIP_MU0P4,BEST_STATE.pt,179065,E9FC05410C3402FA798152CC9D7C9F8DB83FC69A82D8292B82C66D6B955D4CAA
84,run_084__alpha_0p1_seed_999__FEDLE_ADAPTED__SIGNFLIP_MU0P4,ROUND_CHECKPOINT.pt,179329,B764638AC8FB2D1CECA2E4716A40099782C82EBC66882A61F4675B2F9B95CFA9
84,run_084__alpha_0p1_seed_999__FEDLE_ADAPTED__SIGNFLIP_MU0P4,ROUND_VALIDATION_METRICS.csv,1664,3961D92886068C1D6A357C80DB16F94FC3359B6D565515B71B6E536A1E4F9E0E
84,run_084__alpha_0p1_seed_999__FEDLE_ADAPTED__SIGNFLIP_MU0P4,RUN_COMPLETE.json,1110,B90E1479F175C1ECCFE06053A2012891EE1F18BEDCEAB4B5F294F8CF1150D631
84,run_084__alpha_0p1_seed_999__FEDLE_ADAPTED__SIGNFLIP_MU0P4,RUN_CONTRACT.json,435,834AE306AD8DAD895401B13E2D3E4F4DF31BC057230E908C6AE712E3A0FE8CB5
84,run_084__alpha_0p1_seed_999__FEDLE_ADAPTED__SIGNFLIP_MU0P4,RUN_STATE.json,238,8CF18B672B0EBC981E0B6363B5CCEC37B7D1BCCADAEECDE034C8636E9A7A5B67
85,run_085__alpha_0p1_seed_999__TEA_FL__CLEAN,BEST_STATE.pt,179065,4F31B64493C5EA6193897441E26FE58AA859C77115C3BB0BEAAF0E3586782402
85,run_085__alpha_0p1_seed_999__TEA_FL__CLEAN,ROUND_CHECKPOINT.pt,180161,13393DEBC38960623079F1C182F7F6F2310E61B54035160930B95B6C39E8DC8E
85,run_085__alpha_0p1_seed_999__TEA_FL__CLEAN,ROUND_VALIDATION_METRICS.csv,1668,ED550DA61F9A7594F1689C91F93EB49E7BCAB9C6518AA916BCEF4CC7B2EB5DF0
85,run_085__alpha_0p1_seed_999__TEA_FL__CLEAN,RUN_COMPLETE.json,1093,3B93D2105D556F7D05CD825D6A2EF1D9756BADB2F0E5C4207E1F1A256D999689
85,run_085__alpha_0p1_seed_999__TEA_FL__CLEAN,RUN_CONTRACT.json,419,626F0BB1C0E1A9CA312C6B1AFFA3E11FA0BFE16FB7BCD673783055658E5B04BC
85,run_085__alpha_0p1_seed_999__TEA_FL__CLEAN,RUN_STATE.json,238,644EEBAC0F01B79BB310D3BBECCD9EEFABC4B8E88A04F771FC476CC9636AE132
86,run_086__alpha_0p1_seed_999__TEA_FL__SIGNFLIP_MU0P2,BEST_STATE.pt,179065,91B25A1670618CA47ED7859B1FE48109EE62EBB2980CD79807125890826213A7
86,run_086__alpha_0p1_seed_999__TEA_FL__SIGNFLIP_MU0P2,ROUND_CHECKPOINT.pt,180161,831671A6C722E4B90AA1583703C45FED415D4FE4F8E139EA624E671BB5E49955
86,run_086__alpha_0p1_seed_999__TEA_FL__SIGNFLIP_MU0P2,ROUND_VALIDATION_METRICS.csv,1672,FE474EE716E18D0CAFA8C10C28977D257561F581736C6DE411C665F62C7EA575
86,run_086__alpha_0p1_seed_999__TEA_FL__SIGNFLIP_MU0P2,RUN_COMPLETE.json,1102,AF05C0C9E448C0FAAAF894F43800DD77E01E50B007E8E831FD49C31142E46C3A
86,run_086__alpha_0p1_seed_999__TEA_FL__SIGNFLIP_MU0P2,RUN_CONTRACT.json,428,696E9396DB1B0CF2461E98D994283D4E9756CB62CE331BB457D11F494DEB971B
86,run_086__alpha_0p1_seed_999__TEA_FL__SIGNFLIP_MU0P2,RUN_STATE.json,237,1206E101E92F91799848F2424B4F799A0606699B05F9686F80FB5682AA942D09
87,run_087__alpha_0p1_seed_999__TEA_FL__SIGNFLIP_MU0P4,BEST_STATE.pt,179065,BBD33630BC992C5B684FE7634454B02955499C8B24B04D0B7BC3EE51C425D422
87,run_087__alpha_0p1_seed_999__TEA_FL__SIGNFLIP_MU0P4,ROUND_CHECKPOINT.pt,180161,C7764A928F05781359F7B5AF35066C7223E4FC66F5E2ADC0BFB996FA4FE5C70A
87,run_087__alpha_0p1_seed_999__TEA_FL__SIGNFLIP_MU0P4,ROUND_VALIDATION_METRICS.csv,1665,B5DC9555B77F4578A29030F93889CC14750D69478E02AEEE3416AFB7869842C3
87,run_087__alpha_0p1_seed_999__TEA_FL__SIGNFLIP_MU0P4,RUN_COMPLETE.json,1103,AAB7F00A682918B9372D270E81359506A158F2CCA2027889FB652EE474F2DDFD
87,run_087__alpha_0p1_seed_999__TEA_FL__SIGNFLIP_MU0P4,RUN_CONTRACT.json,428,BD86D6C1B0744BBE89C8C451496BFEAC128C0C9C4A806BC41A1C09D844B53C66
87,run_087__alpha_0p1_seed_999__TEA_FL__SIGNFLIP_MU0P4,RUN_STATE.json,238,F00268A54EC10687AF017EB6CA0387ED66CD475DE3FCD1DFC8D5076D720660DD
88,run_088__alpha_0p1_seed_999__ARL_FL__CLEAN,BEST_STATE.pt,179065,E70E9306B8D631A6889BB46751AEF1DF8A307979E05DF0EB50052F102DD14A44
88,run_088__alpha_0p1_seed_999__ARL_FL__CLEAN,ROUND_CHECKPOINT.pt,13931559,C58699F7C047E888B450F0A87FBA54059ED2B892A8A723F42E14BABAADB55A3E
88,run_088__alpha_0p1_seed_999__ARL_FL__CLEAN,ROUND_VALIDATION_METRICS.csv,1662,292984EB565F337BC22913259AABE86B214F9766D4FB692EC96A5EC780AF1BB5
88,run_088__alpha_0p1_seed_999__ARL_FL__CLEAN,RUN_COMPLETE.json,1093,3C158A3C5ACE44FCF11880DC52857751DCB9A95299706EAFA709E91E7A6A4AB7
88,run_088__alpha_0p1_seed_999__ARL_FL__CLEAN,RUN_CONTRACT.json,419,08B533E6B99B1B0DC660E38BB0C04F09490EF2ECA8E8C52F19DEFDFE8D6DB993
88,run_088__alpha_0p1_seed_999__ARL_FL__CLEAN,RUN_STATE.json,238,1137654F9003884D120DBE25DFC17847FA363617DA20E0F9E7B3B61A0CF82AB0
89,run_089__alpha_0p1_seed_999__ARL_FL__SIGNFLIP_MU0P2,BEST_STATE.pt,179065,670E78E27C4260DB0063BBCDA3AB2897FA9094FF22C5B74ED56038546354D657
89,run_089__alpha_0p1_seed_999__ARL_FL__SIGNFLIP_MU0P2,ROUND_CHECKPOINT.pt,13931559,24F6EA03FA65BD520E17A7BA95A620D72B82D75C615AF5B1C672DFFC797C13BF
89,run_089__alpha_0p1_seed_999__ARL_FL__SIGNFLIP_MU0P2,ROUND_VALIDATION_METRICS.csv,1676,A00B4B7E0D4868EA499B447957A2FC854221D8050BAFD9E9BAB6504D5C0F1A69
89,run_089__alpha_0p1_seed_999__ARL_FL__SIGNFLIP_MU0P2,RUN_COMPLETE.json,1103,C9B94C939C62523A35B7B611184218B48E24AB5B36F7F4C826A1218AEB4B8E84
89,run_089__alpha_0p1_seed_999__ARL_FL__SIGNFLIP_MU0P2,RUN_CONTRACT.json,428,75F06CA050EA6666A7B5AF42E5A5442BABD930A8DAF665784B70BD81BCF2479D
89,run_089__alpha_0p1_seed_999__ARL_FL__SIGNFLIP_MU0P2,RUN_STATE.json,239,46142C372C48C2BB8D2FD26869C8B742EB4A6FA09E7647E98005D743FE6FA6E6
90,run_090__alpha_0p1_seed_999__ARL_FL__SIGNFLIP_MU0P4,BEST_STATE.pt,179065,F5FC44A65F9CF893A6831F8BD3C7299D08A57B78E99691299E8A936168259F9A
90,run_090__alpha_0p1_seed_999__ARL_FL__SIGNFLIP_MU0P4,ROUND_CHECKPOINT.pt,13931559,90FB700E8D8DEFEA80C46A4293F5053D12C01E382F5D26D313FE04389607EB2E
90,run_090__alpha_0p1_seed_999__ARL_FL__SIGNFLIP_MU0P4,ROUND_VALIDATION_METRICS.csv,1669,C8D6718799DDB6D0A04CC8E8D8CC8CFDBA80F0270C292441ADB01DFE936BED64
90,run_090__alpha_0p1_seed_999__ARL_FL__SIGNFLIP_MU0P4,RUN_COMPLETE.json,1103,B7496DF39E16C289B03A178F7F34ED7191B25E24B2EDF0664DB2C09BAEA2378B
90,run_090__alpha_0p1_seed_999__ARL_FL__SIGNFLIP_MU0P4,RUN_CONTRACT.json,428,AE485FF3BD69DAC0A848BB77BE12C09D6415B8D78D6929B9F49FEA898CBC12F5
90,run_090__alpha_0p1_seed_999__ARL_FL__SIGNFLIP_MU0P4,RUN_STATE.json,238,BFC6A987DA36F309CFBF639DA6FB33B6E67ED4CE240FB44BC6FDE12767807C48
91,run_091__alpha_1p0_seed_123__FEDAVG__CLEAN,BEST_STATE.pt,179065,75FA6F5D12DB8687284358E506475CC34FD7BD10EA89E4165F7063A76D15896C
91,run_091__alpha_1p0_seed_123__FEDAVG__CLEAN,ROUND_CHECKPOINT.pt,179329,FBF1C86824F2637AA58FC534EB6B17F9CA57C3F95B57CC847C8169F103F82DE3
91,run_091__alpha_1p0_seed_123__FEDAVG__CLEAN,ROUND_VALIDATION_METRICS.csv,1648,FE3C8C1A98C697CC7D6B51238ABC278420F2D677174249AAEF67A98DC43D868A
91,run_091__alpha_1p0_seed_123__FEDAVG__CLEAN,RUN_COMPLETE.json,1092,F7AA8ED9FFA575AC73BFBC6C611BAE42D6014A5167124A5AD727B097C670C685
91,run_091__alpha_1p0_seed_123__FEDAVG__CLEAN,RUN_CONTRACT.json,419,DA20AAD9CB65BA2C2F24B88E4561AACE1301D48FDB97B617A61C89131DD8348D
91,run_091__alpha_1p0_seed_123__FEDAVG__CLEAN,RUN_STATE.json,237,2D2233B9AB1EDFC29A8A4BCB3394AA7B42420DC05A82F6C0044547C2747C570F
92,run_092__alpha_1p0_seed_123__FEDAVG__SIGNFLIP_MU0P2,BEST_STATE.pt,179065,38B86CC2FBC61CCACAAD4A565D5886828B7BF3F3DB15E5EC274B00851B9E53FD
92,run_092__alpha_1p0_seed_123__FEDAVG__SIGNFLIP_MU0P2,ROUND_CHECKPOINT.pt,179329,8F64849892E3AF9A300FE11F0C25220FC21DD67E30677904023DB9AE2590AFB6
92,run_092__alpha_1p0_seed_123__FEDAVG__SIGNFLIP_MU0P2,ROUND_VALIDATION_METRICS.csv,1654,B4F97347D524EE0D3A297B9B4DC9A1E542BC523A647486D6A65D879B282F80CF
92,run_092__alpha_1p0_seed_123__FEDAVG__SIGNFLIP_MU0P2,RUN_COMPLETE.json,1098,03102C48819910931098DD6DAB648D03D29882D99E4575248868AD31B98E24A0
92,run_092__alpha_1p0_seed_123__FEDAVG__SIGNFLIP_MU0P2,RUN_CONTRACT.json,428,FE50864B4A3668648A6EBED735683AECEDD555B3C2825B62B2657B1CDE20DFAD
92,run_092__alpha_1p0_seed_123__FEDAVG__SIGNFLIP_MU0P2,RUN_STATE.json,235,C26CBA84AC9172D0984ABE7A8B8B97B5C9E2B2C64025EBD1A112A5355A4CBA8B
93,run_093__alpha_1p0_seed_123__FEDAVG__SIGNFLIP_MU0P4,BEST_STATE.pt,179065,38B86CC2FBC61CCACAAD4A565D5886828B7BF3F3DB15E5EC274B00851B9E53FD
93,run_093__alpha_1p0_seed_123__FEDAVG__SIGNFLIP_MU0P4,ROUND_CHECKPOINT.pt,179329,73D85F99B1890D84DA4FA68534F6AAE4F7C2A2628F90F3E44A78D6F694D79DB2
93,run_093__alpha_1p0_seed_123__FEDAVG__SIGNFLIP_MU0P4,ROUND_VALIDATION_METRICS.csv,1702,2EADA95C8E20B98C20571DE42F8B4582EAB4CCC57E11D96095CBFD01E1CF9BD6
93,run_093__alpha_1p0_seed_123__FEDAVG__SIGNFLIP_MU0P4,RUN_COMPLETE.json,1098,EBFB88595C9AAB5FC6F0A533B07040A07918342EE4F84ECA7357E772F72146E6
93,run_093__alpha_1p0_seed_123__FEDAVG__SIGNFLIP_MU0P4,RUN_CONTRACT.json,428,F0C6FA0F46F34A8D9B4E8FDB97B664D12AD5183EFA3B5A51A7A2E3A6C97F3BB0
93,run_093__alpha_1p0_seed_123__FEDAVG__SIGNFLIP_MU0P4,RUN_STATE.json,235,C26CBA84AC9172D0984ABE7A8B8B97B5C9E2B2C64025EBD1A112A5355A4CBA8B
94,run_094__alpha_1p0_seed_123__FEDPROX__CLEAN,BEST_STATE.pt,179065,CF6D66CF22E7F2ECB062D442883F29531CDFDC61D4856A3E004BA82DC23CD018
94,run_094__alpha_1p0_seed_123__FEDPROX__CLEAN,ROUND_CHECKPOINT.pt,179329,5F1531162D757E7AF90E99AE06D5E0F2607F23A3F79AF3919BAF1D5E5F87A28C
94,run_094__alpha_1p0_seed_123__FEDPROX__CLEAN,ROUND_VALIDATION_METRICS.csv,1650,9A066CF9DF25312356337A79517F22AD99B890694F4BBEB98DC9A9DD3CF34D29
94,run_094__alpha_1p0_seed_123__FEDPROX__CLEAN,RUN_COMPLETE.json,1091,D8427EA520BD738C670686519DF29EB554F03681A9DA4F59FCD9B5B6814773C7
94,run_094__alpha_1p0_seed_123__FEDPROX__CLEAN,RUN_CONTRACT.json,420,527453468762549B3A2F11080A43C37FEE07BD56887D2C2F86BEA29052FE2F3D
94,run_094__alpha_1p0_seed_123__FEDPROX__CLEAN,RUN_STATE.json,235,FB0139757B635593609D093C5239E09542B5E33999EDFF7833D15C4BAAC24CCC
95,run_095__alpha_1p0_seed_123__FEDPROX__SIGNFLIP_MU0P2,BEST_STATE.pt,179065,23A9C1E751C3416008AE3795DAA6EB576B5D1A95800F21F21D773FF2142A3B19
95,run_095__alpha_1p0_seed_123__FEDPROX__SIGNFLIP_MU0P2,ROUND_CHECKPOINT.pt,179329,1EF3508CF985996CF333F9DC7139FB348245BB80B7B1042C15E5ADE5328CBD5F
95,run_095__alpha_1p0_seed_123__FEDPROX__SIGNFLIP_MU0P2,ROUND_VALIDATION_METRICS.csv,1654,4645A8E6530957434C046776989A6EA484625F4C88DFF231CD260463D7BBD27B
95,run_095__alpha_1p0_seed_123__FEDPROX__SIGNFLIP_MU0P2,RUN_COMPLETE.json,1101,D9768D66FB8C8F03889F4E7E2CC622841AF8C068047D3D47FB25DFC29A24BAC7
95,run_095__alpha_1p0_seed_123__FEDPROX__SIGNFLIP_MU0P2,RUN_CONTRACT.json,429,F2EB999453E4E38C6971ED68A2E7B237B4D6AC79D568355BCD43C50CF56E58EE
95,run_095__alpha_1p0_seed_123__FEDPROX__SIGNFLIP_MU0P2,RUN_STATE.json,237,71A4F89AF8154E2B19BC703B191A5E662E5BB18EBBE4108D87DC1C925CCA3C1F
96,run_096__alpha_1p0_seed_123__FEDPROX__SIGNFLIP_MU0P4,BEST_STATE.pt,179065,23A9C1E751C3416008AE3795DAA6EB576B5D1A95800F21F21D773FF2142A3B19
96,run_096__alpha_1p0_seed_123__FEDPROX__SIGNFLIP_MU0P4,ROUND_CHECKPOINT.pt,179329,79923622310B2D398D8FDB9F62938DE20FE335C7B0C47CB4C87EB607182BD795
96,run_096__alpha_1p0_seed_123__FEDPROX__SIGNFLIP_MU0P4,ROUND_VALIDATION_METRICS.csv,1700,C2F8AFAA0A6B55663BBD171C3F04A5A70EB8F78EE65975362D4D4C83282ED1D8
96,run_096__alpha_1p0_seed_123__FEDPROX__SIGNFLIP_MU0P4,RUN_COMPLETE.json,1101,7A671305662A576AAAF78C99ABE2436D124A94D58C09B31DE3E461F96E33B0A5
96,run_096__alpha_1p0_seed_123__FEDPROX__SIGNFLIP_MU0P4,RUN_CONTRACT.json,429,6297A737DE67386360B8FE9D975A108A3B0A42435E4CF23ECCAF4235A4DDB317
96,run_096__alpha_1p0_seed_123__FEDPROX__SIGNFLIP_MU0P4,RUN_STATE.json,237,71A4F89AF8154E2B19BC703B191A5E662E5BB18EBBE4108D87DC1C925CCA3C1F
97,run_097__alpha_1p0_seed_123__RANDOM_TRIMMED_MEAN__CLEAN,BEST_STATE.pt,179065,21A9D86DE56A669D23B352F51BCB8113FD54E20846755EE99BF6528C3BD4D1EA
97,run_097__alpha_1p0_seed_123__RANDOM_TRIMMED_MEAN__CLEAN,ROUND_CHECKPOINT.pt,179329,2733392504AEAE7D52AD8521AEB9F83507C63E66731755F735F365EF11ABB113
97,run_097__alpha_1p0_seed_123__RANDOM_TRIMMED_MEAN__CLEAN,ROUND_VALIDATION_METRICS.csv,1648,54711E39644BD4BD3403374D20709995A5422A25EF27D8762D90DC0E29500500
97,run_097__alpha_1p0_seed_123__RANDOM_TRIMMED_MEAN__CLEAN,RUN_COMPLETE.json,1104,C757C9709A12999071837A28DCF761DA545D9BAB0E0A8B5435A87A4D29D21939
97,run_097__alpha_1p0_seed_123__RANDOM_TRIMMED_MEAN__CLEAN,RUN_CONTRACT.json,432,578DF0551DC1AF648DE56C111E9216230355169D61ECC1894D49EC1F71F29F4D
97,run_097__alpha_1p0_seed_123__RANDOM_TRIMMED_MEAN__CLEAN,RUN_STATE.json,237,47B6B8E3D87C037A8259D7DB59F2FEE4DC6215098D4071831CA7832B946C1DDF
98,run_098__alpha_1p0_seed_123__RANDOM_TRIMMED_MEAN__SIGNFLIP_MU0P2,BEST_STATE.pt,179065,9ADC2097F5D108EB502DA0F9D9AB2DEBC603BB690281EE8DAB3FC012D4DD74CB
98,run_098__alpha_1p0_seed_123__RANDOM_TRIMMED_MEAN__SIGNFLIP_MU0P2,ROUND_CHECKPOINT.pt,179329,A58C0FFADD940E120A918928C6ED4193935F5665F24BFC91D6E321E9534A88BB
98,run_098__alpha_1p0_seed_123__RANDOM_TRIMMED_MEAN__SIGNFLIP_MU0P2,ROUND_VALIDATION_METRICS.csv,1652,6CEF94C32232D7CE2152C9F4BCC36C0E4ED0379C1D5410DE40BCD8454A0F3319
98,run_098__alpha_1p0_seed_123__RANDOM_TRIMMED_MEAN__SIGNFLIP_MU0P2,RUN_COMPLETE.json,1115,3350B6FAEBA623C1F294F1442FB425581FD88CCCDE574E6BDDD15F28E5BDFD27
98,run_098__alpha_1p0_seed_123__RANDOM_TRIMMED_MEAN__SIGNFLIP_MU0P2,RUN_CONTRACT.json,441,E4A4B06450A43B9C1DD83B35EF460B1D98C7E99E4B6A145B3C0647D820BDEDF5
98,run_098__alpha_1p0_seed_123__RANDOM_TRIMMED_MEAN__SIGNFLIP_MU0P2,RUN_STATE.json,238,180CEF78298CBE5035BD912FDC24F34CD15717D92DBE5F2F727CFD40216EACA7
99,run_099__alpha_1p0_seed_123__RANDOM_TRIMMED_MEAN__SIGNFLIP_MU0P4,BEST_STATE.pt,179065,1984C15CE5A5F9F5C80763F9C3AF73616911A3D6B25EE525BEE247C57595ECF4
99,run_099__alpha_1p0_seed_123__RANDOM_TRIMMED_MEAN__SIGNFLIP_MU0P4,ROUND_CHECKPOINT.pt,179329,6C6218B43D4EA7AED5D5A695F62EE8AFA1E82CE3C289A5AA2E5780F9BBA03336
99,run_099__alpha_1p0_seed_123__RANDOM_TRIMMED_MEAN__SIGNFLIP_MU0P4,ROUND_VALIDATION_METRICS.csv,1716,78A58A1CEDEAC4B125BAD38CCE64460FC747B5F272876099834AD611BCC561CA
99,run_099__alpha_1p0_seed_123__RANDOM_TRIMMED_MEAN__SIGNFLIP_MU0P4,RUN_COMPLETE.json,1112,C0266EFF0F73FE9B92B5B1C093B84F72466A12829276DA9A4B93DD7E9AEA5AE5
99,run_099__alpha_1p0_seed_123__RANDOM_TRIMMED_MEAN__SIGNFLIP_MU0P4,RUN_CONTRACT.json,441,00524AA43E829AD1548A634C20F80FCE71B9F9F0A34131BF81285F5FE0FCAE30
99,run_099__alpha_1p0_seed_123__RANDOM_TRIMMED_MEAN__SIGNFLIP_MU0P4,RUN_STATE.json,235,1BFF7D70155DF43ADAACAF0C1348F6D43FDB844E05C4DFBAF2752090A3A75188
100,run_100__alpha_1p0_seed_123__FEDLE_ADAPTED__CLEAN,BEST_STATE.pt,179065,598BC4CC12EE685296F8CE9EEFB2B7648B6D8AA033DA8C2CF602D37AB7801DB8
100,run_100__alpha_1p0_seed_123__FEDLE_ADAPTED__CLEAN,ROUND_CHECKPOINT.pt,179329,E1D874BA3539B59102FF69B0F9EFCE25865F0D2C38BF9BD59A4BF76D37FB6FFD
100,run_100__alpha_1p0_seed_123__FEDLE_ADAPTED__CLEAN,ROUND_VALIDATION_METRICS.csv,1651,1F6BF288C1D1CCC3D6CF446F18E64F0CADD93490DEED78B30EB1F333A4A2EE73
100,run_100__alpha_1p0_seed_123__FEDLE_ADAPTED__CLEAN,RUN_COMPLETE.json,1099,E8CE9A36CB8BC812C7D2B26F37A40F23A0064936C5169ADC2E430F5CCBF547AD
100,run_100__alpha_1p0_seed_123__FEDLE_ADAPTED__CLEAN,RUN_CONTRACT.json,427,2934F03A705405F31ECC1CFA7E7F4B3ACF7759CA175B8816AEEC4682E8FAFE34
100,run_100__alpha_1p0_seed_123__FEDLE_ADAPTED__CLEAN,RUN_STATE.json,237,086277C137B576F84B1D87E39789479AD30C7B2C9219C835202BF88E538D983F
101,run_101__alpha_1p0_seed_123__FEDLE_ADAPTED__SIGNFLIP_MU0P2,BEST_STATE.pt,179065,721E78A6BFFA4C5AE0D7A9D3668B4B5897A1908EDA9AD375C28CC9A18BF5745B
101,run_101__alpha_1p0_seed_123__FEDLE_ADAPTED__SIGNFLIP_MU0P2,ROUND_CHECKPOINT.pt,179329,373E563129674407604A6A02072BB05A9A9261D156287833A7A9AA2034CC662A
101,run_101__alpha_1p0_seed_123__FEDLE_ADAPTED__SIGNFLIP_MU0P2,ROUND_VALIDATION_METRICS.csv,1654,704FAF52E6F4C180775C3BBAC63EF6DB24B32814DB3EB83AE83F8FB43C856C45
101,run_101__alpha_1p0_seed_123__FEDLE_ADAPTED__SIGNFLIP_MU0P2,RUN_COMPLETE.json,1108,730E2F44750298FDD9E2C2B8DB85D95CEA5582890C139CD1D0B0AB343F93B478
101,run_101__alpha_1p0_seed_123__FEDLE_ADAPTED__SIGNFLIP_MU0P2,RUN_CONTRACT.json,436,1697D17307498BF8A9152378B5ED7A20548AFB44FAE0C23378C6D041E5D086BE
101,run_101__alpha_1p0_seed_123__FEDLE_ADAPTED__SIGNFLIP_MU0P2,RUN_STATE.json,237,0FFC966EE71233D52084761A703A5E22E17B50B01B3D172CD71E51CC5F11431B
102,run_102__alpha_1p0_seed_123__FEDLE_ADAPTED__SIGNFLIP_MU0P4,BEST_STATE.pt,179065,721E78A6BFFA4C5AE0D7A9D3668B4B5897A1908EDA9AD375C28CC9A18BF5745B
102,run_102__alpha_1p0_seed_123__FEDLE_ADAPTED__SIGNFLIP_MU0P4,ROUND_CHECKPOINT.pt,179329,613046D15B09CF91855FFA74E9D5EC3E0A529DB3323196A17F3BDC0B7692E389
102,run_102__alpha_1p0_seed_123__FEDLE_ADAPTED__SIGNFLIP_MU0P4,ROUND_VALIDATION_METRICS.csv,1694,ECE65DBD8E069C9F95262F3FCF35A416B71551CFBB3494E132F9E95B57DA0674
102,run_102__alpha_1p0_seed_123__FEDLE_ADAPTED__SIGNFLIP_MU0P4,RUN_COMPLETE.json,1108,908EB6EAD7C18F8A8AA1587392C18054CFF9C9794BDE1EFD3FF6A790A58F4081
102,run_102__alpha_1p0_seed_123__FEDLE_ADAPTED__SIGNFLIP_MU0P4,RUN_CONTRACT.json,436,54DD417EA93978BDE0C838E89B869D9B1CA5990FE863DA06627E3D18E617DF7E
102,run_102__alpha_1p0_seed_123__FEDLE_ADAPTED__SIGNFLIP_MU0P4,RUN_STATE.json,237,0FFC966EE71233D52084761A703A5E22E17B50B01B3D172CD71E51CC5F11431B
103,run_103__alpha_1p0_seed_123__TEA_FL__CLEAN,BEST_STATE.pt,179065,59CD4EEE36DA82FCA9EF71A392D893BED5025C954EC7A8C0EA4928DE638E206D
103,run_103__alpha_1p0_seed_123__TEA_FL__CLEAN,ROUND_CHECKPOINT.pt,180161,5B64FDA6F88232AB5FE0B1604F1555993A6CA37244CB92CFDCDB67921C0EB2EC
103,run_103__alpha_1p0_seed_123__TEA_FL__CLEAN,ROUND_VALIDATION_METRICS.csv,1648,8DC04A6B6EE140D383718E86CBD87949794A4837BCB415B7D48019DB84FDB373
103,run_103__alpha_1p0_seed_123__TEA_FL__CLEAN,RUN_COMPLETE.json,1093,334C8886A4CEB187F6175C3081A65B81CF483D79830D4FD3DA3F01DCE2CBA10D
103,run_103__alpha_1p0_seed_123__TEA_FL__CLEAN,RUN_CONTRACT.json,420,4DE92B3F8DD526027FD3FF894CDF2C5FD79DAD49E625C437C6B09CB0A8C3F913
103,run_103__alpha_1p0_seed_123__TEA_FL__CLEAN,RUN_STATE.json,237,0532DF1221FC65B99E5BBA8D40C54CF93949AC967173A4BC182F7C0656AEF52D
104,run_104__alpha_1p0_seed_123__TEA_FL__SIGNFLIP_MU0P2,BEST_STATE.pt,179065,16B672093931F3FB3528A91710A027E16020B3F2BC0503C5F711946AD0DC179A
104,run_104__alpha_1p0_seed_123__TEA_FL__SIGNFLIP_MU0P2,ROUND_CHECKPOINT.pt,180161,1E462CFCB497761BA975161E57B6DF70C890DD7E7E3D775999B9C62EE728E18D
104,run_104__alpha_1p0_seed_123__TEA_FL__SIGNFLIP_MU0P2,ROUND_VALIDATION_METRICS.csv,1655,606E4602CDCF9C62863E246DBFDB4521E5A599028F6B1868E302C13D40AEB280
104,run_104__alpha_1p0_seed_123__TEA_FL__SIGNFLIP_MU0P2,RUN_COMPLETE.json,1101,5014E1B41CED0F341401F6C77B8964663320D7B76E82BC0A4A9C7C1C515598CF
104,run_104__alpha_1p0_seed_123__TEA_FL__SIGNFLIP_MU0P2,RUN_CONTRACT.json,429,7B10F2775D4E45157A8FFEC74E12764B7C04C19C42B15693BF8EB66DCA828881
104,run_104__alpha_1p0_seed_123__TEA_FL__SIGNFLIP_MU0P2,RUN_STATE.json,237,578DF75D7E201C55E84B92E1B6468C27F165E90B8563F6DE6B03AE1CB4235C04
105,run_105__alpha_1p0_seed_123__TEA_FL__SIGNFLIP_MU0P4,BEST_STATE.pt,179065,A561FAC56DCB1D7B800F1672BB7C9B741F8F219BAD20AC42CA44F68EC7DF6C76
105,run_105__alpha_1p0_seed_123__TEA_FL__SIGNFLIP_MU0P4,ROUND_CHECKPOINT.pt,180161,7D346ADB565EE825C27CCF7DC64C59939796557D27BF5D7E6374622929B47001
105,run_105__alpha_1p0_seed_123__TEA_FL__SIGNFLIP_MU0P4,ROUND_VALIDATION_METRICS.csv,1657,DB7EAE462B4609183EFAE2B6835BE2CAF1AA83EAE83D17A97D7B36D9145C61C0
105,run_105__alpha_1p0_seed_123__TEA_FL__SIGNFLIP_MU0P4,RUN_COMPLETE.json,1100,A7BDAEB5D0EC9ACF57C725EDE2B5C123B39FE836F85919E20BF900A30E407DEC
105,run_105__alpha_1p0_seed_123__TEA_FL__SIGNFLIP_MU0P4,RUN_CONTRACT.json,429,FBAE2AB258FC4BAF800B8E0330EA6B1D7899033B02CE16733450BEE550686A67
105,run_105__alpha_1p0_seed_123__TEA_FL__SIGNFLIP_MU0P4,RUN_STATE.json,236,2FC747A8DEF82DE144CA5BBFCCA1D4C376412C31502976E9E8E836CCB990AF7F
106,run_106__alpha_1p0_seed_123__ARL_FL__CLEAN,BEST_STATE.pt,179065,3698F086E55FDF3E19486A9045E7C500BD1917A201543A8EF5F346BB5513BF39
106,run_106__alpha_1p0_seed_123__ARL_FL__CLEAN,ROUND_CHECKPOINT.pt,13931559,1C887C60DE595F16F0C102BDE83D21EA091556CE42B601ADFB2D4EFD29E47DB2
106,run_106__alpha_1p0_seed_123__ARL_FL__CLEAN,ROUND_VALIDATION_METRICS.csv,1651,48FE04C8AA54D76FC2889EED74484472C69ADB6C840C7E4312828DEC589A9439
106,run_106__alpha_1p0_seed_123__ARL_FL__CLEAN,RUN_COMPLETE.json,1092,7C53F982F0963F8F4D5E8050A43B1D842E4D4ECD2C6800203268466D5B0A3E31
106,run_106__alpha_1p0_seed_123__ARL_FL__CLEAN,RUN_CONTRACT.json,420,A8CAB8A1563F768D84BB613474F6957EC84D4FADD2AEBA1863463A1EA4AE138F
106,run_106__alpha_1p0_seed_123__ARL_FL__CLEAN,RUN_STATE.json,237,30C300A254954AC318A0988E027E7656F3E14E8220D74CABC88775776A83B7A0
107,run_107__alpha_1p0_seed_123__ARL_FL__SIGNFLIP_MU0P2,BEST_STATE.pt,179065,806C47C7F556F7075173B03F2618073E6A00A6DC18A642C98EB1D5EC94CAA204
107,run_107__alpha_1p0_seed_123__ARL_FL__SIGNFLIP_MU0P2,ROUND_CHECKPOINT.pt,13931559,0C4A40008CA4B7C8E0581C7EFCFE8C04C6B03F58331A1F48659947B7D353B9A4
107,run_107__alpha_1p0_seed_123__ARL_FL__SIGNFLIP_MU0P2,ROUND_VALIDATION_METRICS.csv,1648,228C8CBCFA8FD12902EADF77A9235612A23EE1CC6A90F499F83B61E040F5056D
107,run_107__alpha_1p0_seed_123__ARL_FL__SIGNFLIP_MU0P2,RUN_COMPLETE.json,1101,929C300AE7A5D31E0FEBA28C771F44B9FA611453C339F6A199CDC9FBF5A2A0F8
107,run_107__alpha_1p0_seed_123__ARL_FL__SIGNFLIP_MU0P2,RUN_CONTRACT.json,429,4285FD6110676020C66A446C9320BFBA2165E9CCF78A5E60376DE4F2D90D0276
107,run_107__alpha_1p0_seed_123__ARL_FL__SIGNFLIP_MU0P2,RUN_STATE.json,236,B55D4CA23F1733B1D09A4EBA824ABB40DCC0C8404940E92E63BB801526C765FE
108,run_108__alpha_1p0_seed_123__ARL_FL__SIGNFLIP_MU0P4,BEST_STATE.pt,179065,B10851E99F6C04F12317D37EBEDABC1E53FFE48AF5180484C14390DFBB66848B
108,run_108__alpha_1p0_seed_123__ARL_FL__SIGNFLIP_MU0P4,ROUND_CHECKPOINT.pt,13931559,67EC1F72612AC1E10362C344E13EAE9B57ACDB5226531A71E866FC0BDE564230
108,run_108__alpha_1p0_seed_123__ARL_FL__SIGNFLIP_MU0P4,ROUND_VALIDATION_METRICS.csv,1689,1968BEA6D3C77BA6F6D3AB1DC1261F56DE343E792206F56BC52072989993983B
108,run_108__alpha_1p0_seed_123__ARL_FL__SIGNFLIP_MU0P4,RUN_COMPLETE.json,1102,EB325A8132588359E3497832DD3CBDE97E5AA04BEA388099215286BE8300C905
108,run_108__alpha_1p0_seed_123__ARL_FL__SIGNFLIP_MU0P4,RUN_CONTRACT.json,429,6041B601C734AEE97C5314BC8E060FBE9BD88B557D4DCF56D75219E9B9942651
108,run_108__alpha_1p0_seed_123__ARL_FL__SIGNFLIP_MU0P4,RUN_STATE.json,237,BC0ACA4002864DA1E096D2426E977262A7FFD865A16437B54762DDB8AAD0D6FC
109,run_109__alpha_1p0_seed_42__FEDAVG__CLEAN,BEST_STATE.pt,179065,5C45A7CB0FB5F291A5F714F3681097FC0B41E7779AE3B3EAB7FB1AB50C0E5371
109,run_109__alpha_1p0_seed_42__FEDAVG__CLEAN,ROUND_CHECKPOINT.pt,179329,E6EA38F425F4213B458026A3E1891B1268C0531F7312217C532744547061F987
109,run_109__alpha_1p0_seed_42__FEDAVG__CLEAN,ROUND_VALIDATION_METRICS.csv,1654,820464F5A61C66040FCFF2D331175C41E9370D4D77CFCCDEFDFEECD04D5BF255
109,run_109__alpha_1p0_seed_42__FEDAVG__CLEAN,RUN_COMPLETE.json,1090,4B35E7A7B8F33EF4E971C0E138698D576F3EF71C6214819269BC089E1FA02629
109,run_109__alpha_1p0_seed_42__FEDAVG__CLEAN,RUN_CONTRACT.json,418,8FCEEFCE3C10F77C0CC5FD3C3A7BADE3E8A287D32C3B7D6DFED0137235DFBDFA
109,run_109__alpha_1p0_seed_42__FEDAVG__CLEAN,RUN_STATE.json,236,226ACD5187A807A4E20EC307DFCB9E7A38B382F073220BE642E83A50B40B4F04
110,run_110__alpha_1p0_seed_42__FEDAVG__SIGNFLIP_MU0P2,BEST_STATE.pt,179065,BDE3A03363D5F49AFE2D2E78D5553D077D89CE27DC1A179871914F5B3C1E8DAF
110,run_110__alpha_1p0_seed_42__FEDAVG__SIGNFLIP_MU0P2,ROUND_CHECKPOINT.pt,179329,9B06D65E09701DB1C859023F58AFCCB8449CEE5E1E44DFE71D5E183CF118FFE6
110,run_110__alpha_1p0_seed_42__FEDAVG__SIGNFLIP_MU0P2,ROUND_VALIDATION_METRICS.csv,1654,5040C82779FD1883229701480C6775EB0368ABCE622953330AA8D1905A45AD9E
110,run_110__alpha_1p0_seed_42__FEDAVG__SIGNFLIP_MU0P2,RUN_COMPLETE.json,1100,7256568C2F1A34A954633A551C87BA360C41D4D413944F6102FEB8411F3BD4D2
110,run_110__alpha_1p0_seed_42__FEDAVG__SIGNFLIP_MU0P2,RUN_CONTRACT.json,427,990DD88A629FAE8495FDFAC78FB2F1D8A7D0CC87D833FEE8B7AA5B546BA72440
110,run_110__alpha_1p0_seed_42__FEDAVG__SIGNFLIP_MU0P2,RUN_STATE.json,237,0D427073C64F44773F4AD54C5AB1AE68BD46DCF129CB43C3AA0BB5F478E4A0A5
111,run_111__alpha_1p0_seed_42__FEDAVG__SIGNFLIP_MU0P4,BEST_STATE.pt,179065,BDE3A03363D5F49AFE2D2E78D5553D077D89CE27DC1A179871914F5B3C1E8DAF
111,run_111__alpha_1p0_seed_42__FEDAVG__SIGNFLIP_MU0P4,ROUND_CHECKPOINT.pt,179329,4967DEBB9A38839FE1029EEB2A0D8F28CDE1C8AE2B345F1FE82659AD999CFD7A
111,run_111__alpha_1p0_seed_42__FEDAVG__SIGNFLIP_MU0P4,ROUND_VALIDATION_METRICS.csv,1705,FA3F22223FC538686A7BF7E65FE07F1AC19074902385927A01E44C36A0211144
111,run_111__alpha_1p0_seed_42__FEDAVG__SIGNFLIP_MU0P4,RUN_COMPLETE.json,1100,0DCDB7A196719646254549D1A122FC79397A46DB3FCA1FF01B6C98C1A11609EB
111,run_111__alpha_1p0_seed_42__FEDAVG__SIGNFLIP_MU0P4,RUN_CONTRACT.json,427,C824D6B04C3709B06FFF3CF2A0EC04349CA2913B12CB881228A61F875C13630F
111,run_111__alpha_1p0_seed_42__FEDAVG__SIGNFLIP_MU0P4,RUN_STATE.json,237,0D427073C64F44773F4AD54C5AB1AE68BD46DCF129CB43C3AA0BB5F478E4A0A5
112,run_112__alpha_1p0_seed_42__FEDPROX__CLEAN,BEST_STATE.pt,179065,2A28AACCEB521AE9E5DCF882062C734B453A3A4988C75B855D7D9731F4174A40
112,run_112__alpha_1p0_seed_42__FEDPROX__CLEAN,ROUND_CHECKPOINT.pt,179329,EA15CBE7BD84794C337AAB2AA6BC2B74FCFD11A19A2C720FB1871D0E43C9901D
112,run_112__alpha_1p0_seed_42__FEDPROX__CLEAN,ROUND_VALIDATION_METRICS.csv,1649,6D81D27FB2152A989DE9C36F179F7D09FE5E02443564F956791ED7A57812F768
112,run_112__alpha_1p0_seed_42__FEDPROX__CLEAN,RUN_COMPLETE.json,1091,4DCFE06087073767D472F9DB0B566D4C771A93386110730E37CE71189F43AC21
112,run_112__alpha_1p0_seed_42__FEDPROX__CLEAN,RUN_CONTRACT.json,419,C13FA30DFAC23A9167A99B693C8059D313F93A2FA20EAA1F7D24C41AC2D2763E
112,run_112__alpha_1p0_seed_42__FEDPROX__CLEAN,RUN_STATE.json,238,7AD12A72D0D68CBE28B7482AA0588FAB338ED0B2BFCA2E088CBB0E079995FC82
113,run_113__alpha_1p0_seed_42__FEDPROX__SIGNFLIP_MU0P2,BEST_STATE.pt,179065,3F98C4585447DDC1FDB43C13B8CD465E9FB63B14E6CBCF0340EEF5738654E550
113,run_113__alpha_1p0_seed_42__FEDPROX__SIGNFLIP_MU0P2,ROUND_CHECKPOINT.pt,179329,FFCE9A6D2D529E894BA916D20C196D85E86BF8A6D8CF6B7E21746300B93F634F
113,run_113__alpha_1p0_seed_42__FEDPROX__SIGNFLIP_MU0P2,ROUND_VALIDATION_METRICS.csv,1658,516CBACCB99DE14900B2B0A916A96C1FE764B9A36A0DF62E13FD377D4841820A
113,run_113__alpha_1p0_seed_42__FEDPROX__SIGNFLIP_MU0P2,RUN_COMPLETE.json,1099,8F1ACD8D3948C5B0E0EF77C20351FEED66321A0508A201BBFF0E280FE239F07C
113,run_113__alpha_1p0_seed_42__FEDPROX__SIGNFLIP_MU0P2,RUN_CONTRACT.json,428,9F8892EC1E6380F7C58B97D93158CAD39330A23ED9497527347A470927E4A425
113,run_113__alpha_1p0_seed_42__FEDPROX__SIGNFLIP_MU0P2,RUN_STATE.json,237,C7BC5853032989E3F98AF1407D81442E506F98A6EBD12D314A8C8BA007429B5F
114,run_114__alpha_1p0_seed_42__FEDPROX__SIGNFLIP_MU0P4,BEST_STATE.pt,179065,0F343FEC4D511B50C265CCE7BEFB433FCA8158FAC602EF2A3E1036F9B88683B0
114,run_114__alpha_1p0_seed_42__FEDPROX__SIGNFLIP_MU0P4,ROUND_CHECKPOINT.pt,179329,6CD5AE99992367D82E30DE3A1F943BDD501310BC9D22FB138792D41CC87FCA66
114,run_114__alpha_1p0_seed_42__FEDPROX__SIGNFLIP_MU0P4,ROUND_VALIDATION_METRICS.csv,1697,D2FA1AA02888C60A80A6F480815DC2991D4494BEB7F780500D0DB6CFA9EBD4FC
114,run_114__alpha_1p0_seed_42__FEDPROX__SIGNFLIP_MU0P4,RUN_COMPLETE.json,1099,90973FEED2CDEE7B0C617B1D34B5DDCA9CC9F25A1D03E09046A3E31A166B1D2D
114,run_114__alpha_1p0_seed_42__FEDPROX__SIGNFLIP_MU0P4,RUN_CONTRACT.json,428,67584AB94F793A8A3BA31C5E2B585497E3C59595A44824AB35FAB25AC37FABB8
114,run_114__alpha_1p0_seed_42__FEDPROX__SIGNFLIP_MU0P4,RUN_STATE.json,236,38FE6C04F72D59A0C9BE531DC3676CB872F9501CBCAB67E07A49FD5FC98C72F0
115,run_115__alpha_1p0_seed_42__RANDOM_TRIMMED_MEAN__CLEAN,BEST_STATE.pt,179065,683A24582A406D08827F336158466AD9F0977D75DA0D25347D711AB2349BDA2E
115,run_115__alpha_1p0_seed_42__RANDOM_TRIMMED_MEAN__CLEAN,ROUND_CHECKPOINT.pt,179329,9AFCF88FEBAFDFE892476CEDE57A0F8B7E3F28B7636B34BBFE178C443C598F89
115,run_115__alpha_1p0_seed_42__RANDOM_TRIMMED_MEAN__CLEAN,ROUND_VALIDATION_METRICS.csv,1652,5DA28F214FBB03128ADB93689BF469F0CBA5865B12F83B2D84C22CDFFE08AE0F
115,run_115__alpha_1p0_seed_42__RANDOM_TRIMMED_MEAN__CLEAN,RUN_COMPLETE.json,1105,A9BC677BC402C9759FA3B4AEFAF6EF1110BAC48475521AB3954B3BF51538897E
115,run_115__alpha_1p0_seed_42__RANDOM_TRIMMED_MEAN__CLEAN,RUN_CONTRACT.json,431,A821713650631A05C04828614976DD64A55CB8DBA94E240DC4BF4385755592EA
115,run_115__alpha_1p0_seed_42__RANDOM_TRIMMED_MEAN__CLEAN,RUN_STATE.json,238,200C06CFF8A9717C4D9E33083F034D1AB1FB2732DD214F105E501F0202CE6758
116,run_116__alpha_1p0_seed_42__RANDOM_TRIMMED_MEAN__SIGNFLIP_MU0P2,BEST_STATE.pt,179065,A5F9DD31826941B808545D3CA0A6AED5DE3B6951E50824B0001FA256B2492C6A
116,run_116__alpha_1p0_seed_42__RANDOM_TRIMMED_MEAN__SIGNFLIP_MU0P2,ROUND_CHECKPOINT.pt,179329,4EF2F57FFD3EE79E8F47B956B5AE6D7DE6ED83A2D9072751E7A39A7EDC2AB7EA
116,run_116__alpha_1p0_seed_42__RANDOM_TRIMMED_MEAN__SIGNFLIP_MU0P2,ROUND_VALIDATION_METRICS.csv,1655,96AC49CC1C8422CFE4CAFB2E931EB3E485F1474E5AD2364346B127E8318FFF54
116,run_116__alpha_1p0_seed_42__RANDOM_TRIMMED_MEAN__SIGNFLIP_MU0P2,RUN_COMPLETE.json,1113,09A102EDA402509C4F5348053D7559AB565139BE4FC54A2EE4422CB48499B478
116,run_116__alpha_1p0_seed_42__RANDOM_TRIMMED_MEAN__SIGNFLIP_MU0P2,RUN_CONTRACT.json,440,6ED4051CD0C7432BC9C02A93066D1938FC2ADB6B5199B20F597215DBCA542F52
116,run_116__alpha_1p0_seed_42__RANDOM_TRIMMED_MEAN__SIGNFLIP_MU0P2,RUN_STATE.json,238,ED6F44C1B373C11527C98A92C660D054B8E541D9A0CF02DFFF8E3D245E133B60
117,run_117__alpha_1p0_seed_42__RANDOM_TRIMMED_MEAN__SIGNFLIP_MU0P4,BEST_STATE.pt,179065,D7689D76B824F171F439AEAB96D8C2A844B022D9022EB7A493303163AC2DD0DC
117,run_117__alpha_1p0_seed_42__RANDOM_TRIMMED_MEAN__SIGNFLIP_MU0P4,ROUND_CHECKPOINT.pt,179329,BE1623B84DD0F5A9DECADFEA44F38EC6D7789F8AE7F2354FB872D6F71F7EE6FC
117,run_117__alpha_1p0_seed_42__RANDOM_TRIMMED_MEAN__SIGNFLIP_MU0P4,ROUND_VALIDATION_METRICS.csv,1676,371D04748BB835B7F211CD4F06741F096B86A4726EAF6C693428D582C24271A4
117,run_117__alpha_1p0_seed_42__RANDOM_TRIMMED_MEAN__SIGNFLIP_MU0P4,RUN_COMPLETE.json,1111,87E24A6B16776CD76CE9B6F3C54766C755671E6C469EF912513DEDE4152848BF
117,run_117__alpha_1p0_seed_42__RANDOM_TRIMMED_MEAN__SIGNFLIP_MU0P4,RUN_CONTRACT.json,440,39BF9674B0C42695FA2F4CE32FFF14CBC7F43AF446E1EDC003702B3FA28E7C88
117,run_117__alpha_1p0_seed_42__RANDOM_TRIMMED_MEAN__SIGNFLIP_MU0P4,RUN_STATE.json,236,E96B426197AF4BFAB4EF3227D1866A83CD873599F5AFCE661DBC57B448C3773F
118,run_118__alpha_1p0_seed_42__FEDLE_ADAPTED__CLEAN,BEST_STATE.pt,179065,69175352DD9727F40C387F9998F0F0360DAC60199265DE965D70224645623AD7
118,run_118__alpha_1p0_seed_42__FEDLE_ADAPTED__CLEAN,ROUND_CHECKPOINT.pt,179329,A6B88F63B80E1EAD3CF5460C8943CF7FC3EFF574E69385084770D8A7931936DC
118,run_118__alpha_1p0_seed_42__FEDLE_ADAPTED__CLEAN,ROUND_VALIDATION_METRICS.csv,1651,8E1EAD66BF89A9A95EA6D1CC22CE9A13FF4E963EA67B5113D5345EB61E99BAE5
118,run_118__alpha_1p0_seed_42__FEDLE_ADAPTED__CLEAN,RUN_COMPLETE.json,1099,616D9B07111D32020CD180B7E3E5D98E76AEBF5D56176E6D59A8E2E044E2A96B
118,run_118__alpha_1p0_seed_42__FEDLE_ADAPTED__CLEAN,RUN_CONTRACT.json,425,D050B90ADC3E7D725C8EC4278D4781B86A22D20C021A19A519C15866688B6B46
118,run_118__alpha_1p0_seed_42__FEDLE_ADAPTED__CLEAN,RUN_STATE.json,238,3C7830EBA43C74B9B9EF76889AC1553E068BFB99F0D6009DE405869342E67835
119,run_119__alpha_1p0_seed_42__FEDLE_ADAPTED__SIGNFLIP_MU0P2,BEST_STATE.pt,179065,024E8B249D989806A4969F794253CFAFF4413459B2176404999EBD50F4328951
119,run_119__alpha_1p0_seed_42__FEDLE_ADAPTED__SIGNFLIP_MU0P2,ROUND_CHECKPOINT.pt,179329,C1218A45E35E3584B7BD3B2848C7A12D2099A67223389D5D230CB728279F1948
119,run_119__alpha_1p0_seed_42__FEDLE_ADAPTED__SIGNFLIP_MU0P2,ROUND_VALIDATION_METRICS.csv,1657,AFD43FBE1DD72DA010E5BC0ECE584791211AC69ED98E62F01BC6ED7130440A57
119,run_119__alpha_1p0_seed_42__FEDLE_ADAPTED__SIGNFLIP_MU0P2,RUN_COMPLETE.json,1107,99ED083C90A4B220273CF80D5B932DE217BE08DB0AA9546F9C05CC8560B7FFF0
119,run_119__alpha_1p0_seed_42__FEDLE_ADAPTED__SIGNFLIP_MU0P2,RUN_CONTRACT.json,434,135467CA8CA43C84D7780E152F0C11DA9A390AFE27E6989785D6985B5BDB7ACA
119,run_119__alpha_1p0_seed_42__FEDLE_ADAPTED__SIGNFLIP_MU0P2,RUN_STATE.json,237,465AF7A4B1FA0150279C9164E3ABDA00F663109BAB91384A2392F1A712747E98
120,run_120__alpha_1p0_seed_42__FEDLE_ADAPTED__SIGNFLIP_MU0P4,BEST_STATE.pt,179065,024E8B249D989806A4969F794253CFAFF4413459B2176404999EBD50F4328951
120,run_120__alpha_1p0_seed_42__FEDLE_ADAPTED__SIGNFLIP_MU0P4,ROUND_CHECKPOINT.pt,179329,12E7C76FD337BA52DE72EAC576FD4C43852BD689F5C0677E71C73ABDC78F0A97
120,run_120__alpha_1p0_seed_42__FEDLE_ADAPTED__SIGNFLIP_MU0P4,ROUND_VALIDATION_METRICS.csv,1705,9E4FCF6D8D98D53B671C2427C48DB4AB8C4D239861403E8E07B25E53629676C6
120,run_120__alpha_1p0_seed_42__FEDLE_ADAPTED__SIGNFLIP_MU0P4,RUN_COMPLETE.json,1107,F7AC175BB0C3899B0B6389C5A4D2EBCC501847690AF4492A9527EC444A75549E
120,run_120__alpha_1p0_seed_42__FEDLE_ADAPTED__SIGNFLIP_MU0P4,RUN_CONTRACT.json,434,92F0DC4009EBDFE1F4C4A733D3108CEA4C3C2EDDA4DC46929DA665BD4A29B100
120,run_120__alpha_1p0_seed_42__FEDLE_ADAPTED__SIGNFLIP_MU0P4,RUN_STATE.json,237,465AF7A4B1FA0150279C9164E3ABDA00F663109BAB91384A2392F1A712747E98
121,run_121__alpha_1p0_seed_42__TEA_FL__CLEAN,BEST_STATE.pt,179065,ED0A814603D33F35E1F7B7FEAB6E39D2E1B562D4883BB8E67BB834099F8951CB
121,run_121__alpha_1p0_seed_42__TEA_FL__CLEAN,ROUND_CHECKPOINT.pt,180161,084158D8CA3DA01A787913BD51940DBA23177D4E7F0CC59AFF465E54BBC623B9
121,run_121__alpha_1p0_seed_42__TEA_FL__CLEAN,ROUND_VALIDATION_METRICS.csv,1645,BD22072171FC32206BAF9D474A4ED1E22976EDEFDBEF3523CC229AE33A8B4CB8
121,run_121__alpha_1p0_seed_42__TEA_FL__CLEAN,RUN_COMPLETE.json,1092,61149B1572716733071E56D860FAA8BD789E26CD7CC0298CBD8A84DFDF5FE06F
121,run_121__alpha_1p0_seed_42__TEA_FL__CLEAN,RUN_CONTRACT.json,418,2CCECC4E0976531201DBC720619EA7707A2C585FE3F6E4989DF1106E0131C11B
121,run_121__alpha_1p0_seed_42__TEA_FL__CLEAN,RUN_STATE.json,238,642761049B298A65630BFAD981772193EC2E6684AC8F0B7DC4AF15378F961EFD
122,run_122__alpha_1p0_seed_42__TEA_FL__SIGNFLIP_MU0P2,BEST_STATE.pt,179065,049ED446993FC9DC810B5B0D6294781C8FB44379116D88262D30137A300AA585
122,run_122__alpha_1p0_seed_42__TEA_FL__SIGNFLIP_MU0P2,ROUND_CHECKPOINT.pt,180161,A7FC86A10AF76AAEF92C0FC66FA4B6A4984BF247606D95C90EAE2D7865BC4E54
122,run_122__alpha_1p0_seed_42__TEA_FL__SIGNFLIP_MU0P2,ROUND_VALIDATION_METRICS.csv,1649,CF0DC2CD8CA8DC0CA5C914442230261AE4B692649B9D9061A0C144B20516193D
122,run_122__alpha_1p0_seed_42__TEA_FL__SIGNFLIP_MU0P2,RUN_COMPLETE.json,1099,2DF5DD5F972C27EB0997AFB9DC739945B4C6367608D79445FEAF78B635A577E2
122,run_122__alpha_1p0_seed_42__TEA_FL__SIGNFLIP_MU0P2,RUN_CONTRACT.json,427,B5A0133D44A5BA92F9022332D5A64D11712047BAB67C1E361DC398C3BBD45499
122,run_122__alpha_1p0_seed_42__TEA_FL__SIGNFLIP_MU0P2,RUN_STATE.json,238,1B6C351AE642098AF2CB0B387E91BD5F03C83565FEB6D1C27FA8F13B351E8BAE
123,run_123__alpha_1p0_seed_42__TEA_FL__SIGNFLIP_MU0P4,BEST_STATE.pt,179065,A487056BED33C9747A5405330DDE1C13EE1689273F7DACEAD6509B2DCD9460F6
123,run_123__alpha_1p0_seed_42__TEA_FL__SIGNFLIP_MU0P4,ROUND_CHECKPOINT.pt,180161,75D6517048A905368A26F43C1CEA5A025A17E547A1EB4D62967610EADAFB883A
123,run_123__alpha_1p0_seed_42__TEA_FL__SIGNFLIP_MU0P4,ROUND_VALIDATION_METRICS.csv,1654,B0970A6E079E7A2E9B4591175EE1CCEE61F27517D315511CA07CEE1AF3B4A913
123,run_123__alpha_1p0_seed_42__TEA_FL__SIGNFLIP_MU0P4,RUN_COMPLETE.json,1100,3571ACC4C2F430CAC786826C837E6CC85547E3A454182F1879819E8B87C6C036
123,run_123__alpha_1p0_seed_42__TEA_FL__SIGNFLIP_MU0P4,RUN_CONTRACT.json,427,01FDDA2DAE7A77ED7F5162004CD6DC2AA5F8D0EB9C4A2EFDFA513EB708565FBE
123,run_123__alpha_1p0_seed_42__TEA_FL__SIGNFLIP_MU0P4,RUN_STATE.json,237,0F75E1654216D4FAD3C77EA06EB67816016E49429FD817EC7D4D90A23A740A20
124,run_124__alpha_1p0_seed_42__ARL_FL__CLEAN,BEST_STATE.pt,179065,13C557E6019B3B7546E3A0E298FC28E8F5A6DBC63ECA6BED4517F33ABD4B7126
124,run_124__alpha_1p0_seed_42__ARL_FL__CLEAN,ROUND_CHECKPOINT.pt,13931559,34D26005E19649B8D0AC2604E992165DF999E7E745E1193CAE5B06BE4CFC3B74
124,run_124__alpha_1p0_seed_42__ARL_FL__CLEAN,ROUND_VALIDATION_METRICS.csv,1650,67E12429274323B7411530551F7657834A156927EEDDF4EC5300557ED4386237
124,run_124__alpha_1p0_seed_42__ARL_FL__CLEAN,RUN_COMPLETE.json,1090,96B5CA62D2066FCD8777B4664F51E72F53F3C817F39449FE3EEEE9B6170B11E8
124,run_124__alpha_1p0_seed_42__ARL_FL__CLEAN,RUN_CONTRACT.json,418,7548D1235662B7E8CCB9BCFED5EDF9A8EBE01CA84B09E5E39C8E7386B2E31DC7
124,run_124__alpha_1p0_seed_42__ARL_FL__CLEAN,RUN_STATE.json,238,0C130F1CFECF23B5500E7767D13668A567BD84E3DBDE514D3D93B93C3CFA4D98
125,run_125__alpha_1p0_seed_42__ARL_FL__SIGNFLIP_MU0P2,BEST_STATE.pt,179065,DA6816397A9D7C95C985B588B23725FDC817121F560C17A480004A13C807307E
125,run_125__alpha_1p0_seed_42__ARL_FL__SIGNFLIP_MU0P2,ROUND_CHECKPOINT.pt,13931559,D1E568153FD9C92BA491AF9F4E01AA8A4E571F67B947188EBECC97BACB0BC5E7
125,run_125__alpha_1p0_seed_42__ARL_FL__SIGNFLIP_MU0P2,ROUND_VALIDATION_METRICS.csv,1648,2D5CE659661BB99B189447CD6B0FA2309B1196A6902019E4882C1C8EC63CACA8
125,run_125__alpha_1p0_seed_42__ARL_FL__SIGNFLIP_MU0P2,RUN_COMPLETE.json,1101,3A1C326B59DADDFB2BD1F8BD80A66163001C3851E9AA060DD80DA89E535AD900
125,run_125__alpha_1p0_seed_42__ARL_FL__SIGNFLIP_MU0P2,RUN_CONTRACT.json,427,85A3F684C6D9B8B7B645E40C718470BD4817077FA52026B50EE8FD65394B726A
125,run_125__alpha_1p0_seed_42__ARL_FL__SIGNFLIP_MU0P2,RUN_STATE.json,238,13F4DFFB6C1390C1E839488AD3068E215AB60E0300A910E6913A22010D11C550
126,run_126__alpha_1p0_seed_42__ARL_FL__SIGNFLIP_MU0P4,BEST_STATE.pt,179065,44BB13863D2D5F7372719DDB9C71C15A789112DA9FB29C95D21848998EF65FCF
126,run_126__alpha_1p0_seed_42__ARL_FL__SIGNFLIP_MU0P4,ROUND_CHECKPOINT.pt,13931559,E6C24C5D7F8512BF533DCE6DD9891FC2443C6D38A94DFE8EFE4CFC845F243AD0
126,run_126__alpha_1p0_seed_42__ARL_FL__SIGNFLIP_MU0P4,ROUND_VALIDATION_METRICS.csv,1667,1A50732794F671E2E0A6D8481C4F60D1AAF16F6AAC2EA6ED5508CC2C9D66FEB3
126,run_126__alpha_1p0_seed_42__ARL_FL__SIGNFLIP_MU0P4,RUN_COMPLETE.json,1100,1780BE3425B52C2443293AD5DE4E8A6A3558493AD81A0490D2D81D3CD98CE4CA
126,run_126__alpha_1p0_seed_42__ARL_FL__SIGNFLIP_MU0P4,RUN_CONTRACT.json,427,1D619587FDBA736B76FF314675C68368C7520B6BBB776B73CD496C3594C13F1E
126,run_126__alpha_1p0_seed_42__ARL_FL__SIGNFLIP_MU0P4,RUN_STATE.json,237,3247D1FFEABBBCC77DA25C51A0A6FFF7D78E7C27567B557160EE405CACC3A9F7
127,run_127__alpha_1p0_seed_456__FEDAVG__CLEAN,BEST_STATE.pt,179065,589510D955B1D985375E0859EFB581BE5DE5E4FFD05A731E8EDE10C1FC5A7518
127,run_127__alpha_1p0_seed_456__FEDAVG__CLEAN,ROUND_CHECKPOINT.pt,179329,435004658F58C15461A7DECDABD6A72518EB7CD057BCF6F2A79394807BEA1A7B
127,run_127__alpha_1p0_seed_456__FEDAVG__CLEAN,ROUND_VALIDATION_METRICS.csv,1647,79BD6840E2A3BAA055ED49A0A229360395451F0F70A2EFF2AE3E4EFC8C9BB15B
127,run_127__alpha_1p0_seed_456__FEDAVG__CLEAN,RUN_COMPLETE.json,1094,EA9AEEC6E226CC59CD2636D53CAF07029418E6A34D4A4A2AF2471F0E396D6A1C
127,run_127__alpha_1p0_seed_456__FEDAVG__CLEAN,RUN_CONTRACT.json,420,0C63847A43C57F428C5D30DF64386469D55BB5327ADBC52E87BDA4DE1438C51B
127,run_127__alpha_1p0_seed_456__FEDAVG__CLEAN,RUN_STATE.json,238,CB0BEB5C7189F1642878C7D079C3900E28577294301512195D3E55FB653E092B
128,run_128__alpha_1p0_seed_456__FEDAVG__SIGNFLIP_MU0P2,BEST_STATE.pt,179065,5C656D7D254E475AD311D624DC9AEC398339C99F0815E724BAAC02E4FB4AC584
128,run_128__alpha_1p0_seed_456__FEDAVG__SIGNFLIP_MU0P2,ROUND_CHECKPOINT.pt,179329,8D09C2336202D27615509793ACB5C9E24072B66B7E3FC44DAC33A1B0175C5A68
128,run_128__alpha_1p0_seed_456__FEDAVG__SIGNFLIP_MU0P2,ROUND_VALIDATION_METRICS.csv,1653,7F4F1CD3150CCC34B53C4C04FDFB616A87B59EB576DB62128291C7A39E8C1027
128,run_128__alpha_1p0_seed_456__FEDAVG__SIGNFLIP_MU0P2,RUN_COMPLETE.json,1101,7238E0C888EBF038028647B851800BAF12D8482E1144B860A792F2247533FF57
128,run_128__alpha_1p0_seed_456__FEDAVG__SIGNFLIP_MU0P2,RUN_CONTRACT.json,429,40A5B4DDA5DB7F46F559A41930FEB58A21194EBA6F7269196D703F859E3046D6
128,run_128__alpha_1p0_seed_456__FEDAVG__SIGNFLIP_MU0P2,RUN_STATE.json,236,3804CCBD0D14460A903D1CFE4AAD3C0A5203CDAD74108FC7810DF597B060390B
129,run_129__alpha_1p0_seed_456__FEDAVG__SIGNFLIP_MU0P4,BEST_STATE.pt,179065,5C656D7D254E475AD311D624DC9AEC398339C99F0815E724BAAC02E4FB4AC584
129,run_129__alpha_1p0_seed_456__FEDAVG__SIGNFLIP_MU0P4,ROUND_CHECKPOINT.pt,179329,1D6F07AFEC471753C11473F2670FFC277F0BE74B32C706328570FCD7A3AB3CE5
129,run_129__alpha_1p0_seed_456__FEDAVG__SIGNFLIP_MU0P4,ROUND_VALIDATION_METRICS.csv,1729,81B58BD2EE47EBA45A899B976BD26963E5B276AE14D960AD2BBEE49E246E79D0
129,run_129__alpha_1p0_seed_456__FEDAVG__SIGNFLIP_MU0P4,RUN_COMPLETE.json,1101,B32266619B21BE99B98B1C5E95B9B16A26E013E44287BDFC5BC2D8B837FC6D3A
129,run_129__alpha_1p0_seed_456__FEDAVG__SIGNFLIP_MU0P4,RUN_CONTRACT.json,429,323ED86858BD5C40B94197A8B7730B5F124B6CD9F4190A8922CDA1C1EE9D0AA8
129,run_129__alpha_1p0_seed_456__FEDAVG__SIGNFLIP_MU0P4,RUN_STATE.json,236,3804CCBD0D14460A903D1CFE4AAD3C0A5203CDAD74108FC7810DF597B060390B
130,run_130__alpha_1p0_seed_456__FEDPROX__CLEAN,BEST_STATE.pt,179065,A228552496544B50B8E3693BBF32966641F0F42DEAF38205AF90A5EFD7BB22D0
130,run_130__alpha_1p0_seed_456__FEDPROX__CLEAN,ROUND_CHECKPOINT.pt,179329,92BD99FE7D5A3370592F0FD888B8C3EF8D5F17EDC39318915202CB77DF5498EC
130,run_130__alpha_1p0_seed_456__FEDPROX__CLEAN,ROUND_VALIDATION_METRICS.csv,1649,909E896D8569AEDC47E36EB0C13817475598F8018A7FD9209DB222E26CD49B68
130,run_130__alpha_1p0_seed_456__FEDPROX__CLEAN,RUN_COMPLETE.json,1093,CCFF99D0A9977C4840E2A666C6DD8AD31E5947EABAE7DAA12D75FC61185A12D4
130,run_130__alpha_1p0_seed_456__FEDPROX__CLEAN,RUN_CONTRACT.json,421,8A90276CA201DE4C4B55EC52ABC91E3470118E1DA80DA41214EA9FC597E5D551
130,run_130__alpha_1p0_seed_456__FEDPROX__CLEAN,RUN_STATE.json,236,5A701BF55999AC0E77D8148A8C9EB291B539223311F6EF1B315C88226082C16A
131,run_131__alpha_1p0_seed_456__FEDPROX__SIGNFLIP_MU0P2,BEST_STATE.pt,179065,AFCFA8F9377DB5B22403D67DCD7A8983EBE73B5082F30CD357CC8923BEC43739
131,run_131__alpha_1p0_seed_456__FEDPROX__SIGNFLIP_MU0P2,ROUND_CHECKPOINT.pt,179329,F259D9AA0583E2DC1B3C9B1768D51D033FE0FB567986FA380E9C6B77E7FFF648
131,run_131__alpha_1p0_seed_456__FEDPROX__SIGNFLIP_MU0P2,ROUND_VALIDATION_METRICS.csv,1657,9B43500B7DCB96EF61E8236174AC7E28BA27E6B70DA319041D6F0E44593DCF2D
131,run_131__alpha_1p0_seed_456__FEDPROX__SIGNFLIP_MU0P2,RUN_COMPLETE.json,1101,614C71DD3EDA09FF7D0A930A8F24BEF793F53DF6DC7C59F5E55C56669D59E3BA
131,run_131__alpha_1p0_seed_456__FEDPROX__SIGNFLIP_MU0P2,RUN_CONTRACT.json,430,66C065688962A1CE38790A4536644B087229CCFF4D73F7C58F99370DE199CEFF
131,run_131__alpha_1p0_seed_456__FEDPROX__SIGNFLIP_MU0P2,RUN_STATE.json,237,22DD66D3412DE8D7CAB5C8E3DEF859435B255FF7067C7F69EC0039DE526B0126
132,run_132__alpha_1p0_seed_456__FEDPROX__SIGNFLIP_MU0P4,BEST_STATE.pt,179065,AFCFA8F9377DB5B22403D67DCD7A8983EBE73B5082F30CD357CC8923BEC43739
132,run_132__alpha_1p0_seed_456__FEDPROX__SIGNFLIP_MU0P4,ROUND_CHECKPOINT.pt,179329,903E354C656DE77406AE5ACFE7483CB1650EC66FAED64D59D57D893D9A50724D
132,run_132__alpha_1p0_seed_456__FEDPROX__SIGNFLIP_MU0P4,ROUND_VALIDATION_METRICS.csv,1693,9C56D32EAA884455ADEDBBCAA09B728DA7DAF1640970ECF836884B0F712D78A9
132,run_132__alpha_1p0_seed_456__FEDPROX__SIGNFLIP_MU0P4,RUN_COMPLETE.json,1101,0F8C9C20665B949AFC926835C7789D4DF8890CD4DDD4B0F2E13EF45CBB0CEB20
132,run_132__alpha_1p0_seed_456__FEDPROX__SIGNFLIP_MU0P4,RUN_CONTRACT.json,430,74B4D5823BC8222470106E8969F8A4E593EBCBA7E4B3C2D09DC80D3119FF9F8D
132,run_132__alpha_1p0_seed_456__FEDPROX__SIGNFLIP_MU0P4,RUN_STATE.json,237,22DD66D3412DE8D7CAB5C8E3DEF859435B255FF7067C7F69EC0039DE526B0126
133,run_133__alpha_1p0_seed_456__RANDOM_TRIMMED_MEAN__CLEAN,BEST_STATE.pt,179065,224B12AB3A35F47565B54A9C624910C6C16E945923A1FD2E295BA11FBAADFA57
133,run_133__alpha_1p0_seed_456__RANDOM_TRIMMED_MEAN__CLEAN,ROUND_CHECKPOINT.pt,179329,590DECA3D5F740B5462C53159CAC391647A0AC3475ECB44C8DEE21FF2CA3692F
133,run_133__alpha_1p0_seed_456__RANDOM_TRIMMED_MEAN__CLEAN,ROUND_VALIDATION_METRICS.csv,1650,EBCD511CA806F321804DC11BD61737B60A8DED716576EAA30483D19F6603EAC2
133,run_133__alpha_1p0_seed_456__RANDOM_TRIMMED_MEAN__CLEAN,RUN_COMPLETE.json,1107,B6F298DDE2B58CBEAB361FB07D63C818C8E235A932BF8E75369C4B13AEDF5E78
133,run_133__alpha_1p0_seed_456__RANDOM_TRIMMED_MEAN__CLEAN,RUN_CONTRACT.json,433,02FC257AF5323C93FDB236D5F1BEA9928781C61D9D780611EBB4BADB114EFF19
133,run_133__alpha_1p0_seed_456__RANDOM_TRIMMED_MEAN__CLEAN,RUN_STATE.json,238,C69C3A675AA44FC66052FBA55B9A647C2DFF04DC7326CBAABEE01CF39B54D59D
134,run_134__alpha_1p0_seed_456__RANDOM_TRIMMED_MEAN__SIGNFLIP_MU0P2,BEST_STATE.pt,179065,5D0FDE9899DF160CD017FD7ECDB2DD7F6D729251CBC341A87DC42BBB3A3D7716
134,run_134__alpha_1p0_seed_456__RANDOM_TRIMMED_MEAN__SIGNFLIP_MU0P2,ROUND_CHECKPOINT.pt,179329,7BE30EF09D5863869AC831C5D8FD2CEB9939BA4B93BCC34830E3C6A938C60E29
134,run_134__alpha_1p0_seed_456__RANDOM_TRIMMED_MEAN__SIGNFLIP_MU0P2,ROUND_VALIDATION_METRICS.csv,1651,8555CD3DB5B4608BAC80E73D24A4C20B320A3170E4B4BB06479A43B393484AB6
134,run_134__alpha_1p0_seed_456__RANDOM_TRIMMED_MEAN__SIGNFLIP_MU0P2,RUN_COMPLETE.json,1116,71B87F330DD00E4E39254D91D5FD702A162BC4B76C22F78BEB1F99F51CD1DE10
134,run_134__alpha_1p0_seed_456__RANDOM_TRIMMED_MEAN__SIGNFLIP_MU0P2,RUN_CONTRACT.json,442,8A1602E823A95BD845CF4CEA014901D827B632E9816A9FEB794CC7A19998B470
134,run_134__alpha_1p0_seed_456__RANDOM_TRIMMED_MEAN__SIGNFLIP_MU0P2,RUN_STATE.json,238,86605AA0F5B80ADAE926F75B676CE79286D4977ED0B44FD9541006B20341CE89
135,run_135__alpha_1p0_seed_456__RANDOM_TRIMMED_MEAN__SIGNFLIP_MU0P4,BEST_STATE.pt,179065,FDF76AAE50661BCDE8F87C7EDC8D672F61C239445C5B424DE3E1654750B44988
135,run_135__alpha_1p0_seed_456__RANDOM_TRIMMED_MEAN__SIGNFLIP_MU0P4,ROUND_CHECKPOINT.pt,179329,787DDB4846276EB8057D010A4DF566E538BCFE3D32AA93F3DEFFF4F840BA7542
135,run_135__alpha_1p0_seed_456__RANDOM_TRIMMED_MEAN__SIGNFLIP_MU0P4,ROUND_VALIDATION_METRICS.csv,1720,BF9F94D3B0E1C25F2CACE5EF0C72D8B81C87FBCAF906681798EF40FB19449BFA
135,run_135__alpha_1p0_seed_456__RANDOM_TRIMMED_MEAN__SIGNFLIP_MU0P4,RUN_COMPLETE.json,1115,04122A2B3BA6B8A34A8E7506AEEE6A418C1DBFA78C23F8CE1E270DF31D133E2B
135,run_135__alpha_1p0_seed_456__RANDOM_TRIMMED_MEAN__SIGNFLIP_MU0P4,RUN_CONTRACT.json,442,E6F4AE7889115797CDEBB500BCFBD8B542AE5EC246731267EA42C5CC3EF114F7
135,run_135__alpha_1p0_seed_456__RANDOM_TRIMMED_MEAN__SIGNFLIP_MU0P4,RUN_STATE.json,237,AE7C4379D6E1FB98C0F0527E3547D6697877EB8B0D59BFF7F1F34169789710AC
136,run_136__alpha_1p0_seed_456__FEDLE_ADAPTED__CLEAN,BEST_STATE.pt,179065,DCFBF2534C31DE643ADA1132751CF96A1D2B2543D9579EC49F341D3189FBF886
136,run_136__alpha_1p0_seed_456__FEDLE_ADAPTED__CLEAN,ROUND_CHECKPOINT.pt,179329,3E8E16DDC734BEFDCF0C7B1ADA050ED3FBD8AD02C35F6C5971E9ED5C1C347AE1
136,run_136__alpha_1p0_seed_456__FEDLE_ADAPTED__CLEAN,ROUND_VALIDATION_METRICS.csv,1648,B1B442566B2B83AB6BE24832353D354E12A3B85EFF3C4073825659C5CA4551DE
136,run_136__alpha_1p0_seed_456__FEDLE_ADAPTED__CLEAN,RUN_COMPLETE.json,1100,4BF391079A4C831CE455AC9560B4CF7C9BA616137378A0C0B87037F923CFD624
136,run_136__alpha_1p0_seed_456__FEDLE_ADAPTED__CLEAN,RUN_CONTRACT.json,427,48B00E2436309E1DD4B54DD87D349EEAC22FA4C099A044161EDEB5ECE75F6D52
136,run_136__alpha_1p0_seed_456__FEDLE_ADAPTED__CLEAN,RUN_STATE.json,237,C5B55B7B7512CFF3A6A3A2A13B9CBB8E81349854B6A0DE158BA2F8181D84EAF1
137,run_137__alpha_1p0_seed_456__FEDLE_ADAPTED__SIGNFLIP_MU0P2,BEST_STATE.pt,179065,FD395282F9C60D111A6DA4849238FC76EFF501C01202652B22A971D8FF8D0838
137,run_137__alpha_1p0_seed_456__FEDLE_ADAPTED__SIGNFLIP_MU0P2,ROUND_CHECKPOINT.pt,179329,BEF882083D3396B1FDA4055C3FE045C6614A64282C5CDA3F1356DA011F31D09C
137,run_137__alpha_1p0_seed_456__FEDLE_ADAPTED__SIGNFLIP_MU0P2,ROUND_VALIDATION_METRICS.csv,1657,26BED93A5B428F4D4FB65195D22022355569950D89FF2641CA0AF0AC746D39D4
137,run_137__alpha_1p0_seed_456__FEDLE_ADAPTED__SIGNFLIP_MU0P2,RUN_COMPLETE.json,1108,8DB895588694FC4FAE8D2E787C9DCC9BA2AC6988E71E2BC3B2EB5C01D0D409B4
137,run_137__alpha_1p0_seed_456__FEDLE_ADAPTED__SIGNFLIP_MU0P2,RUN_CONTRACT.json,436,7119B986E1D3A5AC3A8D7944F85D82CFF5032536D7E924362069C3753C33ED2F
137,run_137__alpha_1p0_seed_456__FEDLE_ADAPTED__SIGNFLIP_MU0P2,RUN_STATE.json,236,258FDDAC219AA7FDBD44FEBD3C1E06C5F3DB352582B286E77437543EE5363367
138,run_138__alpha_1p0_seed_456__FEDLE_ADAPTED__SIGNFLIP_MU0P4,BEST_STATE.pt,179065,FD395282F9C60D111A6DA4849238FC76EFF501C01202652B22A971D8FF8D0838
138,run_138__alpha_1p0_seed_456__FEDLE_ADAPTED__SIGNFLIP_MU0P4,ROUND_CHECKPOINT.pt,179329,9B838906864C7543F4E7F75BEC97062DE3E10DDFEA2BF9FB334DD20472F2AD41
138,run_138__alpha_1p0_seed_456__FEDLE_ADAPTED__SIGNFLIP_MU0P4,ROUND_VALIDATION_METRICS.csv,1731,71406CC4B986E2081D8F736623CCD6C3305F0965A65A14C417F69E875A2B6AA6
138,run_138__alpha_1p0_seed_456__FEDLE_ADAPTED__SIGNFLIP_MU0P4,RUN_COMPLETE.json,1108,263FC995048F549BE8D8F773554A157404EA002DB00D91906609C9F30E2A1508
138,run_138__alpha_1p0_seed_456__FEDLE_ADAPTED__SIGNFLIP_MU0P4,RUN_CONTRACT.json,436,6C18579CB3348211A68779F32833F3FA647DCA3FB1C91F7EA22D19CB99F29891
138,run_138__alpha_1p0_seed_456__FEDLE_ADAPTED__SIGNFLIP_MU0P4,RUN_STATE.json,236,258FDDAC219AA7FDBD44FEBD3C1E06C5F3DB352582B286E77437543EE5363367
139,run_139__alpha_1p0_seed_456__TEA_FL__CLEAN,BEST_STATE.pt,179065,7D079D97D75EA0E8D4AE4F3184557409DD0656DC2A59A13D84CF7BDFECC9484F
139,run_139__alpha_1p0_seed_456__TEA_FL__CLEAN,ROUND_CHECKPOINT.pt,180161,6CFDD9FEDE7574DD4091C57C887CDECC183B2293A7D932DE8C561C084DC7D928
139,run_139__alpha_1p0_seed_456__TEA_FL__CLEAN,ROUND_VALIDATION_METRICS.csv,1646,2C2FC6828BC00605CEDD08BAC8DF93AD06302A98341111032EE6E6EF5AB16970
139,run_139__alpha_1p0_seed_456__TEA_FL__CLEAN,RUN_COMPLETE.json,1092,C927EA5A56BBB1B7319251E83B22B98173AF6D6911E075C3909F950DA6E57187
139,run_139__alpha_1p0_seed_456__TEA_FL__CLEAN,RUN_CONTRACT.json,420,DD5FE585DEE4FD4456F74B639797A997F0E5A8FB5755B7B4A4AD9C96A0FEAE2B
139,run_139__alpha_1p0_seed_456__TEA_FL__CLEAN,RUN_STATE.json,236,2597AE2FDAB0587A6B3967A0E05C4900009C6665969765160CACC91FC271DFF6
140,run_140__alpha_1p0_seed_456__TEA_FL__SIGNFLIP_MU0P2,BEST_STATE.pt,179065,8A5524FB6553B6DB241FEBE41C0812FE63B74FDB417A489AF9E6F342F6389A69
140,run_140__alpha_1p0_seed_456__TEA_FL__SIGNFLIP_MU0P2,ROUND_CHECKPOINT.pt,180161,8B83AA7514AEB12C77286999166297E00ADC41A91412844A652D9641FD01D5F4
140,run_140__alpha_1p0_seed_456__TEA_FL__SIGNFLIP_MU0P2,ROUND_VALIDATION_METRICS.csv,1649,6709C416C822962735B839B818749391E76039D446F587A627579ADCCAAF0182
140,run_140__alpha_1p0_seed_456__TEA_FL__SIGNFLIP_MU0P2,RUN_COMPLETE.json,1102,947ECAA84712144AA46C78B431E5F01B6D001CEBCD6CBDA962FF53CD65D7AD25
140,run_140__alpha_1p0_seed_456__TEA_FL__SIGNFLIP_MU0P2,RUN_CONTRACT.json,429,C983EB663B4D4CC3AF5692262D48C883ED3E3C697E00C831FBF1AF5EE9DC6141
140,run_140__alpha_1p0_seed_456__TEA_FL__SIGNFLIP_MU0P2,RUN_STATE.json,238,811EA04BC13B53A6F42F8EE5D648FFC7A0490A5B2D9111B9C76AF74EB3BEE3F9
141,run_141__alpha_1p0_seed_456__TEA_FL__SIGNFLIP_MU0P4,BEST_STATE.pt,179065,8D348B87E08D9865D835F681C484F8DE1EFDAEF783740A67A6CE445A8C7368A2
141,run_141__alpha_1p0_seed_456__TEA_FL__SIGNFLIP_MU0P4,ROUND_CHECKPOINT.pt,180161,8345991E686658DACF33D6CC3423608B1F8EAEDAE4B9B813B750B85D90B15DD3
141,run_141__alpha_1p0_seed_456__TEA_FL__SIGNFLIP_MU0P4,ROUND_VALIDATION_METRICS.csv,1652,67F23198166F545BECD64F94F835F223D30C4F8C68A3B954BC21F8D65BE1798A
141,run_141__alpha_1p0_seed_456__TEA_FL__SIGNFLIP_MU0P4,RUN_COMPLETE.json,1098,01E526DA7C272452309C5C7459BAD9496C1CCD852B3F3EA5F1FEEB68B9E8805E
141,run_141__alpha_1p0_seed_456__TEA_FL__SIGNFLIP_MU0P4,RUN_CONTRACT.json,429,C2D38A20EE0D2FBC9C68C263842364FE9280D89B9E9F19796D40C7594EE4D947
141,run_141__alpha_1p0_seed_456__TEA_FL__SIGNFLIP_MU0P4,RUN_STATE.json,238,947FD349FDD38A1EF27D0ACB935142D7FA382037A14B25960886E2946106BD0D
142,run_142__alpha_1p0_seed_456__ARL_FL__CLEAN,BEST_STATE.pt,179065,0B1BC04A8944AD9AA9EC406518135575A14B4B8ADE100634D1A4E86154AAD06B
142,run_142__alpha_1p0_seed_456__ARL_FL__CLEAN,ROUND_CHECKPOINT.pt,13931559,8170476B5EDE30A0F7671F74A87FF7DAE3085B09E8A589D00B5DBA2B4091F087
142,run_142__alpha_1p0_seed_456__ARL_FL__CLEAN,ROUND_VALIDATION_METRICS.csv,1650,21A6F2DBD55481CC963AC1D83153AC7098479030F2FEEC827C819CB9A09B27F5
142,run_142__alpha_1p0_seed_456__ARL_FL__CLEAN,RUN_COMPLETE.json,1094,19F211438C4AA92BD79B8CCF050918A4C8F1B84ABC68822D56815CCEA6F74E94
142,run_142__alpha_1p0_seed_456__ARL_FL__CLEAN,RUN_CONTRACT.json,420,1D5DEA9F50B3B3CEC1B158555F93E9DE7B5846A57B9BE232EF14314ECF43BA8A
142,run_142__alpha_1p0_seed_456__ARL_FL__CLEAN,RUN_STATE.json,238,4A07E9D90FCA2AE89B7911CF479B66245F5632B4B2C733CC4B31F4163C1FEE18
143,run_143__alpha_1p0_seed_456__ARL_FL__SIGNFLIP_MU0P2,BEST_STATE.pt,179065,4059DFF80C7A3DF4DC1D10529C3EEF9A4A7B93CE6F38543A80CC333AE4C28FEE
143,run_143__alpha_1p0_seed_456__ARL_FL__SIGNFLIP_MU0P2,ROUND_CHECKPOINT.pt,13931559,51E0AEBECF878EC5B9997C815BD79571373D8B5D2608C92656324ED0EF797406
143,run_143__alpha_1p0_seed_456__ARL_FL__SIGNFLIP_MU0P2,ROUND_VALIDATION_METRICS.csv,1650,87FCE709F33596921FCD6D0A189C363978A3DD34C884663E2E75BB17D7F3254E
143,run_143__alpha_1p0_seed_456__ARL_FL__SIGNFLIP_MU0P2,RUN_COMPLETE.json,1103,8503F3BB2AC092CF6CDB5A516937C816AC9E7D9A27253F8028C16B043CF13705
143,run_143__alpha_1p0_seed_456__ARL_FL__SIGNFLIP_MU0P2,RUN_CONTRACT.json,429,2B44B98080BD0FF83F9AF05A6F5D9592CBE78A9378459A7D54E66AC8E69E8F3B
143,run_143__alpha_1p0_seed_456__ARL_FL__SIGNFLIP_MU0P2,RUN_STATE.json,238,AB43DE697F7D7865E13DA5A6D9E327D8E65CD4AC926C5D68B54C71B74FB0135C
144,run_144__alpha_1p0_seed_456__ARL_FL__SIGNFLIP_MU0P4,BEST_STATE.pt,179065,48851A6230AC6CB02D9D0D8C08093A29E0039F7E1B590DA3666D7CA1B64ACECD
144,run_144__alpha_1p0_seed_456__ARL_FL__SIGNFLIP_MU0P4,ROUND_CHECKPOINT.pt,13931559,C0C3235989C9E55EA991B3F3A618C00A668FA0DB60EE449E146E974E674BE337
144,run_144__alpha_1p0_seed_456__ARL_FL__SIGNFLIP_MU0P4,ROUND_VALIDATION_METRICS.csv,1659,73A6A52671F0BBAD33317FB8407D207A1AD5CEF03A8F954602DD045640DE7BB5
144,run_144__alpha_1p0_seed_456__ARL_FL__SIGNFLIP_MU0P4,RUN_COMPLETE.json,1102,F1F045E03F68F87360EB6BF5D14FAA7A0EDD5DB1BC9BAD89879427C318C2BF15
144,run_144__alpha_1p0_seed_456__ARL_FL__SIGNFLIP_MU0P4,RUN_CONTRACT.json,429,846F1F4BAD3FE4F709ADDFCE8881134FD706388E916D461976FEBCBBD63981DC
144,run_144__alpha_1p0_seed_456__ARL_FL__SIGNFLIP_MU0P4,RUN_STATE.json,237,CD7406D97813ED055AC55498E5E32CCE22780BE9434B7235E2476AA72FA92E4F
145,run_145__alpha_1p0_seed_789__FEDAVG__CLEAN,BEST_STATE.pt,179065,E1A4679EB51B34AB21C930A7C81334FF7E527159DEB7F5343B803A85936D1C2F
145,run_145__alpha_1p0_seed_789__FEDAVG__CLEAN,ROUND_CHECKPOINT.pt,179329,498A9995E184DF1871D580B02080011DC4CC18AD5D9C48FE73D369D7CB1C5073
145,run_145__alpha_1p0_seed_789__FEDAVG__CLEAN,ROUND_VALIDATION_METRICS.csv,1653,E2B8252FDE71AA52895B58DF8853192731717C75259D7E94A98F2E72F25F6972
145,run_145__alpha_1p0_seed_789__FEDAVG__CLEAN,RUN_COMPLETE.json,1092,33D0677748B98B987205A98EA7E94BB7F82139B695D6196D25E4E0BCBBB40746
145,run_145__alpha_1p0_seed_789__FEDAVG__CLEAN,RUN_CONTRACT.json,420,A4535DB5F9150766569972DC71D300C5102609EEE372BA1F24290A62853EF9EF
145,run_145__alpha_1p0_seed_789__FEDAVG__CLEAN,RUN_STATE.json,237,D0B66799B2106E190669DC0FD32301F4E21AFE928BA77FE770D88E185FCA5A7C
146,run_146__alpha_1p0_seed_789__FEDAVG__SIGNFLIP_MU0P2,BEST_STATE.pt,179065,ECE3D63DE7E335174568D536CCEC5B673EB3EDDA6C0562F648AF066F68B530EE
146,run_146__alpha_1p0_seed_789__FEDAVG__SIGNFLIP_MU0P2,ROUND_CHECKPOINT.pt,179329,2D9F9C5C6C0831AE5F785FCD048E57E39C9B853060A19FBD827EFA510EF299CA
146,run_146__alpha_1p0_seed_789__FEDAVG__SIGNFLIP_MU0P2,ROUND_VALIDATION_METRICS.csv,1669,28571346E5EC15E4B453DE0E6D172C9BF660B4219278A9EBA0AA8FABA4D5FD25
146,run_146__alpha_1p0_seed_789__FEDAVG__SIGNFLIP_MU0P2,RUN_COMPLETE.json,1102,62F5FCC299A8DB74DAE64F1E5E652A5FB2EA3BB461A20BB239EDA59513C2A455
146,run_146__alpha_1p0_seed_789__FEDAVG__SIGNFLIP_MU0P2,RUN_CONTRACT.json,429,01A451FEEFCE42C31CFA4CD3322F38E6AD4C3EE0C11067D5044215EA95C05F38
146,run_146__alpha_1p0_seed_789__FEDAVG__SIGNFLIP_MU0P2,RUN_STATE.json,237,B071E8B313C14C35FEBC574897BB0E89F9D1A89C25B55241D7A88498C24AE15B
147,run_147__alpha_1p0_seed_789__FEDAVG__SIGNFLIP_MU0P4,BEST_STATE.pt,179065,ECE3D63DE7E335174568D536CCEC5B673EB3EDDA6C0562F648AF066F68B530EE
147,run_147__alpha_1p0_seed_789__FEDAVG__SIGNFLIP_MU0P4,ROUND_CHECKPOINT.pt,179329,92E137CA9633292C9D83F9CB21CB020718FD35373E17BAD8396AA30749CE454B
147,run_147__alpha_1p0_seed_789__FEDAVG__SIGNFLIP_MU0P4,ROUND_VALIDATION_METRICS.csv,1736,C51329558611747BC008A8ED2A8D5A1B0547DA6D9F9826CCBB437432944D9B8B
147,run_147__alpha_1p0_seed_789__FEDAVG__SIGNFLIP_MU0P4,RUN_COMPLETE.json,1102,C9A7CD9CDA629D28166B12E71AAE25F3FBBDBBA64BEDD23226B7893EDD8774DE
147,run_147__alpha_1p0_seed_789__FEDAVG__SIGNFLIP_MU0P4,RUN_CONTRACT.json,429,750150F2CD3F17F7D71A98944C32CC3AD0C8893B5048F6E8D847D5035A1FE204
147,run_147__alpha_1p0_seed_789__FEDAVG__SIGNFLIP_MU0P4,RUN_STATE.json,237,B071E8B313C14C35FEBC574897BB0E89F9D1A89C25B55241D7A88498C24AE15B
148,run_148__alpha_1p0_seed_789__FEDPROX__CLEAN,BEST_STATE.pt,179065,68268CA95659E28E92E2901A68F6AF0CD250BF8D46DA6BBB8AE6E6731024742F
148,run_148__alpha_1p0_seed_789__FEDPROX__CLEAN,ROUND_CHECKPOINT.pt,179329,FD8BA69D3B6384C8394A46DF65AACC6A0EAEA802013471B3F1545084CC60D5EE
148,run_148__alpha_1p0_seed_789__FEDPROX__CLEAN,ROUND_VALIDATION_METRICS.csv,1643,65DC26FA9FC269E6E9D7D1F5A54516FCBBAABB166F7DDCCD4DDA39E2128DEC0D
148,run_148__alpha_1p0_seed_789__FEDPROX__CLEAN,RUN_COMPLETE.json,1095,F3E4339C6C4EA0B74453643D871874EFB184FDF17CC8C5CB896B207786549068
148,run_148__alpha_1p0_seed_789__FEDPROX__CLEAN,RUN_CONTRACT.json,421,3645B3444F97C10FC61E87662DFEDF0948D394E4581B324E2EE624596E81C00E
148,run_148__alpha_1p0_seed_789__FEDPROX__CLEAN,RUN_STATE.json,238,B8B76C370E5C3073971CE28B24A90AE2DB360360B9057314570E04B71F0B45EB
149,run_149__alpha_1p0_seed_789__FEDPROX__SIGNFLIP_MU0P2,BEST_STATE.pt,179065,D6F53E1705E5255F12045F2AF6A8DD38126362E563C2F25D22985A12ECB3E045
149,run_149__alpha_1p0_seed_789__FEDPROX__SIGNFLIP_MU0P2,ROUND_CHECKPOINT.pt,179329,EDFAA4E605327D1C11E3872C93A6D127DF3164800235C7C731FD148D59402F92
149,run_149__alpha_1p0_seed_789__FEDPROX__SIGNFLIP_MU0P2,ROUND_VALIDATION_METRICS.csv,1667,F144E74384E4C2E12CE3535E798374C73536A089B719946F9B6CDE50988E2718
149,run_149__alpha_1p0_seed_789__FEDPROX__SIGNFLIP_MU0P2,RUN_COMPLETE.json,1099,F107B56C9D102C9A2D979111BAD517C5D6D0FCED669817BFCFB3ADC671CF0939
149,run_149__alpha_1p0_seed_789__FEDPROX__SIGNFLIP_MU0P2,RUN_CONTRACT.json,430,C871E50711AA1A57C44B41609DF23305502A06925F694A4380061E60269A678A
149,run_149__alpha_1p0_seed_789__FEDPROX__SIGNFLIP_MU0P2,RUN_STATE.json,233,EA636DF34C43BD0E7C5552DC16B2F02416D10C246A7B4A11B8114337599D8F68
150,run_150__alpha_1p0_seed_789__FEDPROX__SIGNFLIP_MU0P4,BEST_STATE.pt,179065,D6F53E1705E5255F12045F2AF6A8DD38126362E563C2F25D22985A12ECB3E045
150,run_150__alpha_1p0_seed_789__FEDPROX__SIGNFLIP_MU0P4,ROUND_CHECKPOINT.pt,179329,E0E2DFE258AB04F6CC1F2AC09127BC89C09E10B1EB198027A94F24E30433A166
150,run_150__alpha_1p0_seed_789__FEDPROX__SIGNFLIP_MU0P4,ROUND_VALIDATION_METRICS.csv,1739,43D7949F105707103DA6974AF3ADDBBE5D12C593521E67781DDFC12E293DB49D
150,run_150__alpha_1p0_seed_789__FEDPROX__SIGNFLIP_MU0P4,RUN_COMPLETE.json,1099,721B3158BF06389D27E5F3FD3989E1BF4AF990D70F065AC3540C8F1F8306140F
150,run_150__alpha_1p0_seed_789__FEDPROX__SIGNFLIP_MU0P4,RUN_CONTRACT.json,430,7861F57897305F2F544CE85F1540ACCE0A7417DA78BECBA26DD1C242F494F3FF
150,run_150__alpha_1p0_seed_789__FEDPROX__SIGNFLIP_MU0P4,RUN_STATE.json,233,EA636DF34C43BD0E7C5552DC16B2F02416D10C246A7B4A11B8114337599D8F68
151,run_151__alpha_1p0_seed_789__RANDOM_TRIMMED_MEAN__CLEAN,BEST_STATE.pt,179065,EC794A26F036F9A0A3F0FC6D3B87E3951F3697ED3C457F1A9640BBD3AB28DD0E
151,run_151__alpha_1p0_seed_789__RANDOM_TRIMMED_MEAN__CLEAN,ROUND_CHECKPOINT.pt,179329,4CE0620616B6A5A9827F37CE455A2A1B75EB981ABF252A52DD3FE350DDD995A1
151,run_151__alpha_1p0_seed_789__RANDOM_TRIMMED_MEAN__CLEAN,ROUND_VALIDATION_METRICS.csv,1655,0A11AB13B42699E92A2436AC0821AEE8D702D4D83B18B710754A4FD0FB5BC5CD
151,run_151__alpha_1p0_seed_789__RANDOM_TRIMMED_MEAN__CLEAN,RUN_COMPLETE.json,1107,B9D0C0EEF730EF5D814B81663316D4AB8F8AC9F02D65E102E2E80E74A26E8527
151,run_151__alpha_1p0_seed_789__RANDOM_TRIMMED_MEAN__CLEAN,RUN_CONTRACT.json,433,5849465D1D51CE5AB7B1FF4C299DE5852677D6EB933928C0034DE24AC3391930
151,run_151__alpha_1p0_seed_789__RANDOM_TRIMMED_MEAN__CLEAN,RUN_STATE.json,238,47FB981C75D7D811F81BACA3C561156D4962A55122B91E05EA24D0966FCA20C6
152,run_152__alpha_1p0_seed_789__RANDOM_TRIMMED_MEAN__SIGNFLIP_MU0P2,BEST_STATE.pt,179065,D367C2F182FFEA501EB95CC87F6101DB55750E29D1F7F207E53E8E31D85729A8
152,run_152__alpha_1p0_seed_789__RANDOM_TRIMMED_MEAN__SIGNFLIP_MU0P2,ROUND_CHECKPOINT.pt,179329,4C3EAC56369835CF3B7F3EAB1820F61A1C077EE1C328D544671F308F85788D84
152,run_152__alpha_1p0_seed_789__RANDOM_TRIMMED_MEAN__SIGNFLIP_MU0P2,ROUND_VALIDATION_METRICS.csv,1663,74BBC0DD346DC95ED0839DEECC6F58A6BB625FC4A159BC32D571959BD8D6EEFE
152,run_152__alpha_1p0_seed_789__RANDOM_TRIMMED_MEAN__SIGNFLIP_MU0P2,RUN_COMPLETE.json,1116,FA4C5BC1B4A15BAB39B9A1B7469B1E983752AA8CB69E151D77F86FCD479BAD0E
152,run_152__alpha_1p0_seed_789__RANDOM_TRIMMED_MEAN__SIGNFLIP_MU0P2,RUN_CONTRACT.json,442,194AAC98443FA101E35A16AC10792D8A485C9E009238BBD98B2110D8DFDF6DAB
152,run_152__alpha_1p0_seed_789__RANDOM_TRIMMED_MEAN__SIGNFLIP_MU0P2,RUN_STATE.json,238,C1FF729107A2EB64874D48F4E8A99CE921D035938EDA7DF44D972EFC0E3C6DD3
153,run_153__alpha_1p0_seed_789__RANDOM_TRIMMED_MEAN__SIGNFLIP_MU0P4,BEST_STATE.pt,179065,36E8A00983958E834EC1850784FF2CC865370273EF29CD8B1792DCCBE72C87D2
153,run_153__alpha_1p0_seed_789__RANDOM_TRIMMED_MEAN__SIGNFLIP_MU0P4,ROUND_CHECKPOINT.pt,179329,011EE69305B11718EA25E8595B58789B9C14B2DA7A523F1C435D0AE989C92F60
153,run_153__alpha_1p0_seed_789__RANDOM_TRIMMED_MEAN__SIGNFLIP_MU0P4,ROUND_VALIDATION_METRICS.csv,1720,77FB511CE80A995F6D5BF15133AC77F096964BB888FF59E936A5E0A208CECCD9
153,run_153__alpha_1p0_seed_789__RANDOM_TRIMMED_MEAN__SIGNFLIP_MU0P4,RUN_COMPLETE.json,1115,E144AA9345B47A6187E08B5611A1F8C67026836BCA007C68DC82A8788E1AE54C
153,run_153__alpha_1p0_seed_789__RANDOM_TRIMMED_MEAN__SIGNFLIP_MU0P4,RUN_CONTRACT.json,442,AE7AF11B33C7F217EA29E911CDE32C07C80BDC6EE0113575245F5902DE39AD57
153,run_153__alpha_1p0_seed_789__RANDOM_TRIMMED_MEAN__SIGNFLIP_MU0P4,RUN_STATE.json,237,43A4F71532D1B23F32AED984B5A21F26043EDCCD8310E6CCE9FD10075B81690E
154,run_154__alpha_1p0_seed_789__FEDLE_ADAPTED__CLEAN,BEST_STATE.pt,179065,560618EC8C9AA35EC7340FA96F62E00DA09FC2FEB430A85FBC6DC0CEC61A85F1
154,run_154__alpha_1p0_seed_789__FEDLE_ADAPTED__CLEAN,ROUND_CHECKPOINT.pt,179329,8E8A110AB37E40EF1F696BFBF01459C416565EE1B2519586188E510FDBB10493
154,run_154__alpha_1p0_seed_789__FEDLE_ADAPTED__CLEAN,ROUND_VALIDATION_METRICS.csv,1648,19AC34F0C97C855F7EC21A860FC897BA845FB850410768A7855B91C081B696F8
154,run_154__alpha_1p0_seed_789__FEDLE_ADAPTED__CLEAN,RUN_COMPLETE.json,1101,51184B544ED77671C6C7C2C831A2E1173B4C5BAB4382430696F83259BF5F49ED
154,run_154__alpha_1p0_seed_789__FEDLE_ADAPTED__CLEAN,RUN_CONTRACT.json,427,4ED132827805140BED5F514A800BE2897543553C29BA31CF4C5953D78EBFE632
154,run_154__alpha_1p0_seed_789__FEDLE_ADAPTED__CLEAN,RUN_STATE.json,238,279A21CB1275F6C377635B7E3E5C5CE7E3E364312D5F039C38C77A5DAFFE727B
155,run_155__alpha_1p0_seed_789__FEDLE_ADAPTED__SIGNFLIP_MU0P2,BEST_STATE.pt,179065,ADDCDB9DE6B6FBD6F839E67D1D2583A5095FF4959EF40C3318D5CD4D62763B8C
155,run_155__alpha_1p0_seed_789__FEDLE_ADAPTED__SIGNFLIP_MU0P2,ROUND_CHECKPOINT.pt,179329,6A935CFB2C5A91240B03CC03536CC9337E26101D7825307B660907EF61A5E307
155,run_155__alpha_1p0_seed_789__FEDLE_ADAPTED__SIGNFLIP_MU0P2,ROUND_VALIDATION_METRICS.csv,1662,C094E7A15F8A747C1C7EB19128EE23F0A7D4F97A8B5FAB2FC32DF1B06DCA2178
155,run_155__alpha_1p0_seed_789__FEDLE_ADAPTED__SIGNFLIP_MU0P2,RUN_COMPLETE.json,1108,7C0C4CBE932727826F45FA935B730EBE20C414F1430D94CFC7EB93111F3F4E82
155,run_155__alpha_1p0_seed_789__FEDLE_ADAPTED__SIGNFLIP_MU0P2,RUN_CONTRACT.json,436,3A0CC2889CDEF0E16DC155577F428226C628331354240780A6CCF611B907F3E1
155,run_155__alpha_1p0_seed_789__FEDLE_ADAPTED__SIGNFLIP_MU0P2,RUN_STATE.json,236,A7669002F1ADEF05BD999356D1149129FC077097CA2F6321ECB86801033524B0
156,run_156__alpha_1p0_seed_789__FEDLE_ADAPTED__SIGNFLIP_MU0P4,BEST_STATE.pt,179065,ADDCDB9DE6B6FBD6F839E67D1D2583A5095FF4959EF40C3318D5CD4D62763B8C
156,run_156__alpha_1p0_seed_789__FEDLE_ADAPTED__SIGNFLIP_MU0P4,ROUND_CHECKPOINT.pt,179329,157483F4C724F2A8020AC92B368E82C67B35A0708B7B2848C179A95C8F453E06
156,run_156__alpha_1p0_seed_789__FEDLE_ADAPTED__SIGNFLIP_MU0P4,ROUND_VALIDATION_METRICS.csv,1722,BAD9C19E619C83A72347CDEC80918A891C0781F60086680C4BFEF737E3969ED1
156,run_156__alpha_1p0_seed_789__FEDLE_ADAPTED__SIGNFLIP_MU0P4,RUN_COMPLETE.json,1108,7E4C4A65F057C3BB436F94A5ADCA758F7FB00C72ED5E7DEFA489AED4ADD4778D
156,run_156__alpha_1p0_seed_789__FEDLE_ADAPTED__SIGNFLIP_MU0P4,RUN_CONTRACT.json,436,404B7C1196841809A66A42BE04C670E42A3FF34966BC52DD3FC640F8A2BEA9D3
156,run_156__alpha_1p0_seed_789__FEDLE_ADAPTED__SIGNFLIP_MU0P4,RUN_STATE.json,236,A7669002F1ADEF05BD999356D1149129FC077097CA2F6321ECB86801033524B0
157,run_157__alpha_1p0_seed_789__TEA_FL__CLEAN,BEST_STATE.pt,179065,FD83EAF6C34C9CBE9E3D565818AA004D90C84FC2C92C413A717D243E7AB1FE7B
157,run_157__alpha_1p0_seed_789__TEA_FL__CLEAN,ROUND_CHECKPOINT.pt,180161,FAB88BD9471947E43C9D249753D5BB923117A47517912EE0DE3C17B972E1D803
157,run_157__alpha_1p0_seed_789__TEA_FL__CLEAN,ROUND_VALIDATION_METRICS.csv,1648,C4F0F44AE27B05294E2ABD34D5BD60CB7CBE513AD552E7F03AFF5A08C5986579
157,run_157__alpha_1p0_seed_789__TEA_FL__CLEAN,RUN_COMPLETE.json,1094,1FCCFEDA447F2FB35007AB4DA3A278B93FA7E2FF9016E572E7CBF063E24162C9
157,run_157__alpha_1p0_seed_789__TEA_FL__CLEAN,RUN_CONTRACT.json,420,93921261675C8D5FA5BF836A5DC8C751A8F457E498F10E54A47ABF52539BF2D1
157,run_157__alpha_1p0_seed_789__TEA_FL__CLEAN,RUN_STATE.json,238,619DD42D72471F76F14B8496D208951FB485D29ED4D47FA127778784C347DF15
158,run_158__alpha_1p0_seed_789__TEA_FL__SIGNFLIP_MU0P2,BEST_STATE.pt,179065,B7F032364A8A6B2DDE02F1F610D82BC7C80CA489D0115E4E054A5FCC8D91C392
158,run_158__alpha_1p0_seed_789__TEA_FL__SIGNFLIP_MU0P2,ROUND_CHECKPOINT.pt,180161,D5F74B00444F65A11ED96CD3E419AF35679C4E1A7B377C8AFF0C0A14539012B8
158,run_158__alpha_1p0_seed_789__TEA_FL__SIGNFLIP_MU0P2,ROUND_VALIDATION_METRICS.csv,1649,8815B5D57CB05707F379ECCB593FCC2C27F45079F43AC28193A97535F97879DD
158,run_158__alpha_1p0_seed_789__TEA_FL__SIGNFLIP_MU0P2,RUN_COMPLETE.json,1101,0146F5BC7F6156F64AB32C34BDD2078C7C5C537C0A8135DE401F5D56A543D953
158,run_158__alpha_1p0_seed_789__TEA_FL__SIGNFLIP_MU0P2,RUN_CONTRACT.json,429,F9580D2EFA53B1051011093639FC80C049E0E6723FB1A1A95FD31BDCFEB7356F
158,run_158__alpha_1p0_seed_789__TEA_FL__SIGNFLIP_MU0P2,RUN_STATE.json,237,A4A6E1AF6062640EC4DF497560EEC9FC345E22EFBBF55DE6F8DDD9127D39B342
159,run_159__alpha_1p0_seed_789__TEA_FL__SIGNFLIP_MU0P4,BEST_STATE.pt,179065,47085D5FF781C4A90FE0F024326C3FCC950ADC8D2764EEE23062D85D285E7022
159,run_159__alpha_1p0_seed_789__TEA_FL__SIGNFLIP_MU0P4,ROUND_CHECKPOINT.pt,180161,E217FBEE3ACD22362636F367789A8A746C579816E9886947FC6A37075BACA4E5
159,run_159__alpha_1p0_seed_789__TEA_FL__SIGNFLIP_MU0P4,ROUND_VALIDATION_METRICS.csv,1686,6F7232A015E795CE1CB80BB62AF6CFDA6D310807BB0777D46F2D9DA3FAEB7A37
159,run_159__alpha_1p0_seed_789__TEA_FL__SIGNFLIP_MU0P4,RUN_COMPLETE.json,1102,C22B78097AB2A7EE06753234E20709DF1AEB03E8BB7A351D93CD225F75C645C9
159,run_159__alpha_1p0_seed_789__TEA_FL__SIGNFLIP_MU0P4,RUN_CONTRACT.json,429,8501F8AE98F1C1BD367F6062D69EEADBA912A2F498F358CAD3CBD6183999A02F
159,run_159__alpha_1p0_seed_789__TEA_FL__SIGNFLIP_MU0P4,RUN_STATE.json,237,290561DA89E0E24DF3EBDD0E2994DCE9FCA5E97F59189B6B4C459D1D7E582FA9
160,run_160__alpha_1p0_seed_789__ARL_FL__CLEAN,BEST_STATE.pt,179065,7899C63107FF961E5581DF691462DEDD74DFC717B53B49F70269C5EED10C3682
160,run_160__alpha_1p0_seed_789__ARL_FL__CLEAN,ROUND_CHECKPOINT.pt,13931559,CBC87FAFEDE6C6DBD23E50F0398BC7943F971C600699A4E13334C739AD6E2F96
160,run_160__alpha_1p0_seed_789__ARL_FL__CLEAN,ROUND_VALIDATION_METRICS.csv,1651,16201B1A891B501589BDEAEA35043485C8A3A7B3AD123D9CB9C232CE98C60DB1
160,run_160__alpha_1p0_seed_789__ARL_FL__CLEAN,RUN_COMPLETE.json,1094,0187D72BA280BB6547DFB2DA31EA685987E89A4C76AFCE5C98995B1CCD76B6A5
160,run_160__alpha_1p0_seed_789__ARL_FL__CLEAN,RUN_CONTRACT.json,420,C946FC6619934D4876FE1A3FDD2589636DA2B5857353A6E090872FC0965E8FAF
160,run_160__alpha_1p0_seed_789__ARL_FL__CLEAN,RUN_STATE.json,238,B2FD84005542FEDEE79A99D9AB3C8F998FF5F336FC1785F6D1534D64F2A158EE
161,run_161__alpha_1p0_seed_789__ARL_FL__SIGNFLIP_MU0P2,BEST_STATE.pt,179065,8EA2033A0C28AFDBD463168C06B92816B9079BA56513E7C214B9519B18C2EE29
161,run_161__alpha_1p0_seed_789__ARL_FL__SIGNFLIP_MU0P2,ROUND_CHECKPOINT.pt,13931559,E2560BD6815CF91B1CCD402F7EB843711D47923B2987D15187F9A2BF31A3645A
161,run_161__alpha_1p0_seed_789__ARL_FL__SIGNFLIP_MU0P2,ROUND_VALIDATION_METRICS.csv,1656,9D477BD4CFC6A94B236F0F1E8A399A22767377613236D2EDF841A5F406223529
161,run_161__alpha_1p0_seed_789__ARL_FL__SIGNFLIP_MU0P2,RUN_COMPLETE.json,1103,18C5B0FC537B1D0709587C20A82C0DB8123F1B3E83A98ED398F664C1D0A6D4CE
161,run_161__alpha_1p0_seed_789__ARL_FL__SIGNFLIP_MU0P2,RUN_CONTRACT.json,429,1AB15B5BB6A4E23AD67606E59EB476BEAB1D835275BB5D3250FF838E42A14F5A
161,run_161__alpha_1p0_seed_789__ARL_FL__SIGNFLIP_MU0P2,RUN_STATE.json,238,0A5BF8A6440719D5F9701A3AFB4058E10D1A3D4FA479424085406EC560FB40B6
162,run_162__alpha_1p0_seed_789__ARL_FL__SIGNFLIP_MU0P4,BEST_STATE.pt,179065,094EAC56EEF484484EB2716CD139964F35B107460503ACE731921766B577CE2F
162,run_162__alpha_1p0_seed_789__ARL_FL__SIGNFLIP_MU0P4,ROUND_CHECKPOINT.pt,13931559,C3BD61179E7FF67BF9F88CEDAFF830AC958A562EBD6F3D998F247DCB14BEA33F
162,run_162__alpha_1p0_seed_789__ARL_FL__SIGNFLIP_MU0P4,ROUND_VALIDATION_METRICS.csv,1686,391AAF11A7DD41F751680254058B9723D03A67DAA6D2527CBF2CBDF6DEA2ACA2
162,run_162__alpha_1p0_seed_789__ARL_FL__SIGNFLIP_MU0P4,RUN_COMPLETE.json,1102,0D47776F5F92A8D9CEE6C9E68E3249076B3F1ECDC44ED0A8B6A3159AFEFF19C7
162,run_162__alpha_1p0_seed_789__ARL_FL__SIGNFLIP_MU0P4,RUN_CONTRACT.json,429,452172CA0BB5051E9F7E40D22EF3F423057A981676CE554383309EC3201A0BB8
162,run_162__alpha_1p0_seed_789__ARL_FL__SIGNFLIP_MU0P4,RUN_STATE.json,237,699BB235A93B1D8E6FE9E7A4C090425F20B4E68AA287934048CDC9E23831AD34
163,run_163__alpha_1p0_seed_999__FEDAVG__CLEAN,BEST_STATE.pt,179065,30E3D8AA96E34AF43D1F0B703134B0B5123C5D5BC758BDBCC40DC75623F94694
163,run_163__alpha_1p0_seed_999__FEDAVG__CLEAN,ROUND_CHECKPOINT.pt,179329,B55E302EDBA49A2FC3158FD020845C37122FC9E493E63AEF02F34CA593D3386A
163,run_163__alpha_1p0_seed_999__FEDAVG__CLEAN,ROUND_VALIDATION_METRICS.csv,1646,C21B4DA0D3A86649E4AB505F3B2E418A81960892D4E5827A4D6A6CD2508CA3C9
163,run_163__alpha_1p0_seed_999__FEDAVG__CLEAN,RUN_COMPLETE.json,1091,0D1EF14614D7F7EE81DC708E975755A089AAEC785BE2C31EE4931AD7C48D1EBD
163,run_163__alpha_1p0_seed_999__FEDAVG__CLEAN,RUN_CONTRACT.json,420,15A127C476D01A09A419F36F37CFD4678F1AE8CFE4AC6B82E77E8BF933E7DF42
163,run_163__alpha_1p0_seed_999__FEDAVG__CLEAN,RUN_STATE.json,235,FC83129A454DF1441CDBEA7AC9ED22A22EFF338AC44D36EC039D89447E122BE6
164,run_164__alpha_1p0_seed_999__FEDAVG__SIGNFLIP_MU0P2,BEST_STATE.pt,179065,89FD79D8C31986ADE108A865880C47C183CB8604020E570A330E61DB8A41E953
164,run_164__alpha_1p0_seed_999__FEDAVG__SIGNFLIP_MU0P2,ROUND_CHECKPOINT.pt,179329,1190BB3EE11E9775C8304D26131A1526F73F53EB8D38FC31EDBC7494B2A6ADBE
164,run_164__alpha_1p0_seed_999__FEDAVG__SIGNFLIP_MU0P2,ROUND_VALIDATION_METRICS.csv,1667,D2E24BC8666B5F5377608114702EF1E1CDB74E631D8F10C66B3168B092FBEFF1
164,run_164__alpha_1p0_seed_999__FEDAVG__SIGNFLIP_MU0P2,RUN_COMPLETE.json,1101,42EB54BFB2728F2FC3159F673B731EB62005C8CEE96AC6CAD6D6CCDE317BF52A
164,run_164__alpha_1p0_seed_999__FEDAVG__SIGNFLIP_MU0P2,RUN_CONTRACT.json,429,D7476EB28D848038AE55169F348D153B909097A935ED541B61AF77C58A08A39C
164,run_164__alpha_1p0_seed_999__FEDAVG__SIGNFLIP_MU0P2,RUN_STATE.json,236,B00BB5DB3B0DEC28D83BD885AD3D7D049509C1EBF8862A27CF84FDDBC597AE09
165,run_165__alpha_1p0_seed_999__FEDAVG__SIGNFLIP_MU0P4,BEST_STATE.pt,179065,94A53EB615DEC57A536D650000DCEA0996DC4BC842E8F8BDAEDC66B608039E6A
165,run_165__alpha_1p0_seed_999__FEDAVG__SIGNFLIP_MU0P4,ROUND_CHECKPOINT.pt,179329,6F4121E733B5995B870CEB6B9687B7FD14026AB2B4DF9D77301AF433AEF94733
165,run_165__alpha_1p0_seed_999__FEDAVG__SIGNFLIP_MU0P4,ROUND_VALIDATION_METRICS.csv,1662,D040EA108F2D899509F67560417EA857B8EFA581DFB2C24BD0854BA9F4A18FF5
165,run_165__alpha_1p0_seed_999__FEDAVG__SIGNFLIP_MU0P4,RUN_COMPLETE.json,1101,92911917B1DA3CE0635B319D38BF64843F2FD8683EE0F31C247913BEAFCD1B10
165,run_165__alpha_1p0_seed_999__FEDAVG__SIGNFLIP_MU0P4,RUN_CONTRACT.json,429,3DDFC4701AEC7D3CCCA4667CB42E6BF58A49BEEC49D07C5A831BD0D638CE9B97
165,run_165__alpha_1p0_seed_999__FEDAVG__SIGNFLIP_MU0P4,RUN_STATE.json,236,C890088F4B0B248695DA305775BA33EDF99C26057627DCA41D40F2EF73E1DD14
166,run_166__alpha_1p0_seed_999__FEDPROX__CLEAN,BEST_STATE.pt,179065,83AF21E8EC38D52B7C3DBCA68CAC68241F13A9CE66A335B0954D625019DA0C3B
166,run_166__alpha_1p0_seed_999__FEDPROX__CLEAN,ROUND_CHECKPOINT.pt,179329,8C3A549C35580439F6FC5CCB2A992FDE3B43E084DA4850A1A1D9D819C01D0DDA
166,run_166__alpha_1p0_seed_999__FEDPROX__CLEAN,ROUND_VALIDATION_METRICS.csv,1650,62D78D6E2765D2061042184F36D6A33EE02951069E5365C56527466A93F2F830
166,run_166__alpha_1p0_seed_999__FEDPROX__CLEAN,RUN_COMPLETE.json,1092,6775C41C3B4A649C220CB57630E62330C0E33847705F858C76A862ADD68C91D7
166,run_166__alpha_1p0_seed_999__FEDPROX__CLEAN,RUN_CONTRACT.json,421,493CB9F4AE73F85F5E7805393DDD4E02331FCC3B9FB77803B631A70F227A1FF6
166,run_166__alpha_1p0_seed_999__FEDPROX__CLEAN,RUN_STATE.json,236,50EE40AE5C946B1184536688ABBA8A4B7199704B8BAFFAEB7628805E4691EA11
167,run_167__alpha_1p0_seed_999__FEDPROX__SIGNFLIP_MU0P2,BEST_STATE.pt,179065,A049F4B3B5FA017CEDE1F8D5152B49C2EC2ECF335A363E5F25EE93BE7D42DF4A
167,run_167__alpha_1p0_seed_999__FEDPROX__SIGNFLIP_MU0P2,ROUND_CHECKPOINT.pt,179329,AEB330435A93213C41D3E234DF54121FE92942636D5F195C21B3857BD7557EA8
167,run_167__alpha_1p0_seed_999__FEDPROX__SIGNFLIP_MU0P2,ROUND_VALIDATION_METRICS.csv,1672,A768E44357627696FA6E612EE1E3D2F8835B166F182E7713CE30C53B27AC023F
167,run_167__alpha_1p0_seed_999__FEDPROX__SIGNFLIP_MU0P2,RUN_COMPLETE.json,1102,9944CC564CF35F7A68570C6446BFACBD7C0716F70EE3AC4315D3F0ED4ED76314
167,run_167__alpha_1p0_seed_999__FEDPROX__SIGNFLIP_MU0P2,RUN_CONTRACT.json,430,A61A1139D95D68C00C19AB5C57588AD52222FA3B33ABF0A16AAADEC626179DD0
167,run_167__alpha_1p0_seed_999__FEDPROX__SIGNFLIP_MU0P2,RUN_STATE.json,236,C6D60FD7A0B0495451219E9675AF62ECD70445BCC92CA83068B03EA8016C54A6
168,run_168__alpha_1p0_seed_999__FEDPROX__SIGNFLIP_MU0P4,BEST_STATE.pt,179065,A049F4B3B5FA017CEDE1F8D5152B49C2EC2ECF335A363E5F25EE93BE7D42DF4A
168,run_168__alpha_1p0_seed_999__FEDPROX__SIGNFLIP_MU0P4,ROUND_CHECKPOINT.pt,179329,370DBCBEE60DF281D424E5C78A676BBA5AAB99A57DB8B182807EA6A471F114E1
168,run_168__alpha_1p0_seed_999__FEDPROX__SIGNFLIP_MU0P4,ROUND_VALIDATION_METRICS.csv,1692,7984B707EA1C5B32A45D052A8EEB88403D6B56AD1B2BE29CD465E91EA1502422
168,run_168__alpha_1p0_seed_999__FEDPROX__SIGNFLIP_MU0P4,RUN_COMPLETE.json,1102,DC0B97932D6D378639C754DAAD6B8C3F9E65EFFA9D9A5911A411CF571A302EA7
168,run_168__alpha_1p0_seed_999__FEDPROX__SIGNFLIP_MU0P4,RUN_CONTRACT.json,430,5BC7706CABA5B7E199BE25C28CEA9F3EBABC3A6F7130F94DD7081CE5903C71B5
168,run_168__alpha_1p0_seed_999__FEDPROX__SIGNFLIP_MU0P4,RUN_STATE.json,236,C6D60FD7A0B0495451219E9675AF62ECD70445BCC92CA83068B03EA8016C54A6
169,run_169__alpha_1p0_seed_999__RANDOM_TRIMMED_MEAN__CLEAN,BEST_STATE.pt,179065,7C2302E2303740F57A538F3883047BFB8BCD0EE5DF028BC8DC710355EB234D55
169,run_169__alpha_1p0_seed_999__RANDOM_TRIMMED_MEAN__CLEAN,ROUND_CHECKPOINT.pt,179329,B062221E18CABCBA9EBD14007FEDEEB12606D3C431AD4AB705B28B53E367C5BB
169,run_169__alpha_1p0_seed_999__RANDOM_TRIMMED_MEAN__CLEAN,ROUND_VALIDATION_METRICS.csv,1650,41A98F9B77399CD0B3C5397A82354E273D21D36436FB4C4CC29DE9CF2C6BE44E
169,run_169__alpha_1p0_seed_999__RANDOM_TRIMMED_MEAN__CLEAN,RUN_COMPLETE.json,1106,5A1A5CBF4128852917C76058FFA3C29495ABF564F3AE5DA43BB7960DF375D312
169,run_169__alpha_1p0_seed_999__RANDOM_TRIMMED_MEAN__CLEAN,RUN_CONTRACT.json,433,54E40D9E5E2467ABD437A673C3DC14D331BA0B43723B16F3F8D2DDBFDA513443
169,run_169__alpha_1p0_seed_999__RANDOM_TRIMMED_MEAN__CLEAN,RUN_STATE.json,238,9755E98A33638AD8453E8C6DC9D32B09174A50F5CA421D6A2C78E7660F8B608C
170,run_170__alpha_1p0_seed_999__RANDOM_TRIMMED_MEAN__SIGNFLIP_MU0P2,BEST_STATE.pt,179065,6645E72B77CABB11803B7E3190552F2CDB8683F8E422B531D91162F1B9B22B92
170,run_170__alpha_1p0_seed_999__RANDOM_TRIMMED_MEAN__SIGNFLIP_MU0P2,ROUND_CHECKPOINT.pt,179329,227B8A652506F50A92382F29A2C008BF7EC6992D06BD491ABD386DD7CFBD0B1B
170,run_170__alpha_1p0_seed_999__RANDOM_TRIMMED_MEAN__SIGNFLIP_MU0P2,ROUND_VALIDATION_METRICS.csv,1652,58B604CB036DFB99725D0BA85DC62F3A17B91D72412285EB97DA31A273A5E950
170,run_170__alpha_1p0_seed_999__RANDOM_TRIMMED_MEAN__SIGNFLIP_MU0P2,RUN_COMPLETE.json,1116,03CB966FAD87EF0B8E2720023D674B37C2F6EDED11FECD4A3F67C7BA8E2DD92F
170,run_170__alpha_1p0_seed_999__RANDOM_TRIMMED_MEAN__SIGNFLIP_MU0P2,RUN_CONTRACT.json,442,1E5407EE875621750350BB2DFC9B9196C77F1F4AD928031A6D912462A2E02C51
170,run_170__alpha_1p0_seed_999__RANDOM_TRIMMED_MEAN__SIGNFLIP_MU0P2,RUN_STATE.json,238,959FDBC9E41368AE5543A9BB7F8D176E7644EEEDBF7560096C0870041B076C72
171,run_171__alpha_1p0_seed_999__RANDOM_TRIMMED_MEAN__SIGNFLIP_MU0P4,BEST_STATE.pt,179065,04AA8D189B4FDB739C5E15809E430882636B912C5301692B9691C48F3C3A6BF4
171,run_171__alpha_1p0_seed_999__RANDOM_TRIMMED_MEAN__SIGNFLIP_MU0P4,ROUND_CHECKPOINT.pt,179329,31369C08B25C0CB78517722D984FDAC5C5516C21DD7B3C8D58A4686B26822129
171,run_171__alpha_1p0_seed_999__RANDOM_TRIMMED_MEAN__SIGNFLIP_MU0P4,ROUND_VALIDATION_METRICS.csv,1664,C063FC87B77D09C3300F26426BDA9669D62FE38C7BE662164D53E6A9B554CB75
171,run_171__alpha_1p0_seed_999__RANDOM_TRIMMED_MEAN__SIGNFLIP_MU0P4,RUN_COMPLETE.json,1114,BB33DF5DA535F0C6E0A6762BD1EA674AA3C25F7F173D6D7047B009AD5EE236E9
171,run_171__alpha_1p0_seed_999__RANDOM_TRIMMED_MEAN__SIGNFLIP_MU0P4,RUN_CONTRACT.json,442,06237E1F7F7EDB53086444A9450A6AFED4A821CCB242D18658A0F77A803E6D73
171,run_171__alpha_1p0_seed_999__RANDOM_TRIMMED_MEAN__SIGNFLIP_MU0P4,RUN_STATE.json,237,A27705061B0B8774810789CDC5EC866E4BD6A3CD888A97782614D967582196B8
172,run_172__alpha_1p0_seed_999__FEDLE_ADAPTED__CLEAN,BEST_STATE.pt,179065,B8506820124166E9ADFC2DAD0572E43FF12D678DF795602B0A39A2C230E6BE68
172,run_172__alpha_1p0_seed_999__FEDLE_ADAPTED__CLEAN,ROUND_CHECKPOINT.pt,179329,DEE49517BE48AA16182712425BFD2AA923C1367F64D0D3DC2C27738474388862
172,run_172__alpha_1p0_seed_999__FEDLE_ADAPTED__CLEAN,ROUND_VALIDATION_METRICS.csv,1655,21F35563E2E38CFB48B3186B145497CFF207EFD7F4CDB93B0337BE254CBE2A1D
172,run_172__alpha_1p0_seed_999__FEDLE_ADAPTED__CLEAN,RUN_COMPLETE.json,1101,D2ED50D83874C5F1D4127AB122DC73B1F424369D88D319367E7494BC5A8737B7
172,run_172__alpha_1p0_seed_999__FEDLE_ADAPTED__CLEAN,RUN_CONTRACT.json,427,1BB020FF6BB6C8024EE9887A673E129EB87D21C7F6F67FE6AFF73F4C3FCE321B
172,run_172__alpha_1p0_seed_999__FEDLE_ADAPTED__CLEAN,RUN_STATE.json,238,91F6585D54141913B40EEA66D25452234F1FB382020F22F9B561CC83C2803578
173,run_173__alpha_1p0_seed_999__FEDLE_ADAPTED__SIGNFLIP_MU0P2,BEST_STATE.pt,179065,E53CC69D138EBE70091E5A5D4890AA989CA1F2ABFD7574C917C7F87535FF6BA7
173,run_173__alpha_1p0_seed_999__FEDLE_ADAPTED__SIGNFLIP_MU0P2,ROUND_CHECKPOINT.pt,179329,54F3577D3C7B94B0BF40947AA32FBF825C086AE4235F5D2D8CD79CB556E94764
173,run_173__alpha_1p0_seed_999__FEDLE_ADAPTED__SIGNFLIP_MU0P2,ROUND_VALIDATION_METRICS.csv,1662,374548AC122849F39F421C761BC300CEA924D739A47FFC364738E9949C422BBE
173,run_173__alpha_1p0_seed_999__FEDLE_ADAPTED__SIGNFLIP_MU0P2,RUN_COMPLETE.json,1109,1F83D00F16F7376C32F342C8056B986849F14FE3D9DFA0AB575F95CBEDFADC19
173,run_173__alpha_1p0_seed_999__FEDLE_ADAPTED__SIGNFLIP_MU0P2,RUN_CONTRACT.json,436,B7D54F9BF66006872D713F167ADFE38472488392C36E14D91CB2AD7E7B3F378A
173,run_173__alpha_1p0_seed_999__FEDLE_ADAPTED__SIGNFLIP_MU0P2,RUN_STATE.json,237,073F2DAEEC9962F1EEAF50D43961AEC9947C8A68E515389932DC73002F2437FB
174,run_174__alpha_1p0_seed_999__FEDLE_ADAPTED__SIGNFLIP_MU0P4,BEST_STATE.pt,179065,09C1D263845CFA4B7824BE782A952FED592707ADB2749600315DECE3F5B232E6
174,run_174__alpha_1p0_seed_999__FEDLE_ADAPTED__SIGNFLIP_MU0P4,ROUND_CHECKPOINT.pt,179329,7095C674A5351D48F05EDBC737CD1BDC5D9D57C8B612116B0082521198106CE1
174,run_174__alpha_1p0_seed_999__FEDLE_ADAPTED__SIGNFLIP_MU0P4,ROUND_VALIDATION_METRICS.csv,1665,8880040B7864881AED695C2D39809B42789FC6EFDF143A8DB355391D1161E967
174,run_174__alpha_1p0_seed_999__FEDLE_ADAPTED__SIGNFLIP_MU0P4,RUN_COMPLETE.json,1109,CEF33AB9B7A4451731F714CF695FB94BC70D1D7CF5FD99EC27A2429FD5EBF598
174,run_174__alpha_1p0_seed_999__FEDLE_ADAPTED__SIGNFLIP_MU0P4,RUN_CONTRACT.json,436,947FD7C52B66E5E7D6A8351EDD0B7A433BFA9F9765F6EF91D68B71089B9C8E5E
174,run_174__alpha_1p0_seed_999__FEDLE_ADAPTED__SIGNFLIP_MU0P4,RUN_STATE.json,237,2AA7F33964C6665AF1ECC0E2097B6BA03A3713EB41212D28CDA37DBB9632F901
175,run_175__alpha_1p0_seed_999__TEA_FL__CLEAN,BEST_STATE.pt,179065,40632D580EF8CFF4C753E1D3CCE63724D5C73C2175F7949BF990682FAC1AA5A8
175,run_175__alpha_1p0_seed_999__TEA_FL__CLEAN,ROUND_CHECKPOINT.pt,180161,48986017E2BA4AB77A87EC470DB5E3A30E2DF3F10A25F0373C879FE2C3336063
175,run_175__alpha_1p0_seed_999__TEA_FL__CLEAN,ROUND_VALIDATION_METRICS.csv,1647,F58AFC4271D0FA0A6F682684A3BA56E3CDA519D11BCC104B299695BE389F3F91
175,run_175__alpha_1p0_seed_999__TEA_FL__CLEAN,RUN_COMPLETE.json,1091,9EF5F4F05482FEFFCD9A47187F94426CC3CF91BE3889E3F7523DF6B3C08C216F
175,run_175__alpha_1p0_seed_999__TEA_FL__CLEAN,RUN_CONTRACT.json,420,4C2F3725AD658823F3443B0784D36080070666B0283373B4D286F87C3919DEA8
175,run_175__alpha_1p0_seed_999__TEA_FL__CLEAN,RUN_STATE.json,236,F9AFC65617907AF54EDC4E8659407767EDA3115BC631DAB5A54A06E58BE1A3AB
176,run_176__alpha_1p0_seed_999__TEA_FL__SIGNFLIP_MU0P2,BEST_STATE.pt,179065,DC09042438A6F3DA571AE2C1271142ED254F9CE1411EBD7130CCF33EAB402E3A
176,run_176__alpha_1p0_seed_999__TEA_FL__SIGNFLIP_MU0P2,ROUND_CHECKPOINT.pt,180161,B790BC22AC5B227DF350037C0D63A405C476AB6A789B9A34F0594CF2D90D8182
176,run_176__alpha_1p0_seed_999__TEA_FL__SIGNFLIP_MU0P2,ROUND_VALIDATION_METRICS.csv,1649,EF8485744336226483780BEED50DEE9A60F88F59288B7896310507DCFECBCFB3
176,run_176__alpha_1p0_seed_999__TEA_FL__SIGNFLIP_MU0P2,RUN_COMPLETE.json,1102,33A8F6C02B22027F2A96A5C953EBBA38D43DE16015E9C2262989CCACC09FFC77
176,run_176__alpha_1p0_seed_999__TEA_FL__SIGNFLIP_MU0P2,RUN_CONTRACT.json,429,4B2CDFD3461A285031131CFD1EA270EADDB18E68BAADDFB8E5B3B73B867FC30B
176,run_176__alpha_1p0_seed_999__TEA_FL__SIGNFLIP_MU0P2,RUN_STATE.json,238,B54DB5753B6FB19AC2C0B870FDA7EC1688FB17F3EA6C232C593A7D28E9CCEDCD
177,run_177__alpha_1p0_seed_999__TEA_FL__SIGNFLIP_MU0P4,BEST_STATE.pt,179065,401FEFFA6DEA27931E52C8D9FE5006FCE713D089D8ED39347C298348A5E99C93
177,run_177__alpha_1p0_seed_999__TEA_FL__SIGNFLIP_MU0P4,ROUND_CHECKPOINT.pt,180161,C12E9B918BF8F478C91E802CC42D6F57C412E1DF38F6900F39F94826258A3FB0
177,run_177__alpha_1p0_seed_999__TEA_FL__SIGNFLIP_MU0P4,ROUND_VALIDATION_METRICS.csv,1666,0E817367C81629CFE9CE773EAAB707C2D74E33AC0EBF8FE69059C2CBB70161E7
177,run_177__alpha_1p0_seed_999__TEA_FL__SIGNFLIP_MU0P4,RUN_COMPLETE.json,1100,DB7F9B4905E3316DBC62910B86A8339926149EE673E4BAC0D8FED17E95CCAC30
177,run_177__alpha_1p0_seed_999__TEA_FL__SIGNFLIP_MU0P4,RUN_CONTRACT.json,429,9F4316AAA1DB08B4E6BA40C3A4DF3BB72CCF5A1171BF9304962D0E3A942CFFBC
177,run_177__alpha_1p0_seed_999__TEA_FL__SIGNFLIP_MU0P4,RUN_STATE.json,237,519861B97895C85604FC4A97CC92E84590853EB41FEBE950DEC1C1BF81C508BE
178,run_178__alpha_1p0_seed_999__ARL_FL__CLEAN,BEST_STATE.pt,179065,835E6B3A9B21230D02C7B7E3239F1326FF30D698C3CAE28269A8974B87A4D56C
178,run_178__alpha_1p0_seed_999__ARL_FL__CLEAN,ROUND_CHECKPOINT.pt,13931559,0688567AA75540069BEC3015EB3CCC8E47420BD1364D1283F90F4D84C694CD1B
178,run_178__alpha_1p0_seed_999__ARL_FL__CLEAN,ROUND_VALIDATION_METRICS.csv,1652,9C40D11F56E6D3B28A5C1B9BB766960BC0D35952C758BD48DB2CFACAC84A1F4C
178,run_178__alpha_1p0_seed_999__ARL_FL__CLEAN,RUN_COMPLETE.json,1091,C1885E36DE7B9CDD7DAE7B408802F60754DF68C0C250C4FB7706291286FCCDFC
178,run_178__alpha_1p0_seed_999__ARL_FL__CLEAN,RUN_CONTRACT.json,420,E3089A9D118ECC1DD373B38FFBC680D0DAB10FBD01D661533A0E45EE012CC658
178,run_178__alpha_1p0_seed_999__ARL_FL__CLEAN,RUN_STATE.json,237,DF0A60C4D59051A9FA1A73A9C32662E3A05B7BA98C1DFBCC2582CA835709650B
179,run_179__alpha_1p0_seed_999__ARL_FL__SIGNFLIP_MU0P2,BEST_STATE.pt,179065,F0DAA4AC2BB479B69EDC0255B3F80154C3DD19CF469A2D9A4D2F5FD3F9632CCE
179,run_179__alpha_1p0_seed_999__ARL_FL__SIGNFLIP_MU0P2,ROUND_CHECKPOINT.pt,13931559,A8BEDCE07E6372249AEF97DCE793CA8B248490787A7124412A8A10EC70764093
179,run_179__alpha_1p0_seed_999__ARL_FL__SIGNFLIP_MU0P2,ROUND_VALIDATION_METRICS.csv,1649,00DF4BB1BB198AA29F7EFAC876EC23386C7BDCEBE6BC11CB843D663B4F4234A8
179,run_179__alpha_1p0_seed_999__ARL_FL__SIGNFLIP_MU0P2,RUN_COMPLETE.json,1101,693ACDF84676AF00482FBC766C0311E636B487C2C22233F6DC0E16AD291BD7F1
179,run_179__alpha_1p0_seed_999__ARL_FL__SIGNFLIP_MU0P2,RUN_CONTRACT.json,429,6F907F03B8412BC0A3D72479E6A6D6DCB4FBF7FF18CB34BFF5207AC5006E3E50
179,run_179__alpha_1p0_seed_999__ARL_FL__SIGNFLIP_MU0P2,RUN_STATE.json,237,156F75682BA23757E011D72DBE40CA5A0C10A0E99D171D542AD5AA5B05F1A0FF
180,run_180__alpha_1p0_seed_999__ARL_FL__SIGNFLIP_MU0P4,BEST_STATE.pt,179065,945656C2C989B7B9538A8AFB8DED6F786BFCAE971275075B9D1FBB8DC8BAAF82
180,run_180__alpha_1p0_seed_999__ARL_FL__SIGNFLIP_MU0P4,ROUND_CHECKPOINT.pt,13931559,47606B856681ED6A33D250CC9EBA0386DD018BFA31373C1A1C62ED4C9F58C93D
180,run_180__alpha_1p0_seed_999__ARL_FL__SIGNFLIP_MU0P4,ROUND_VALIDATION_METRICS.csv,1663,F11F9D7EAF123795E6D40180ED724D09FA03D306761254F3B80843CE98C7A14C
180,run_180__alpha_1p0_seed_999__ARL_FL__SIGNFLIP_MU0P4,RUN_COMPLETE.json,1100,A3EB157C7DE4F79AFEDFCBEF6E9D09A2BAB833D117F28F1EC5B80E6E4B5810DF
180,run_180__alpha_1p0_seed_999__ARL_FL__SIGNFLIP_MU0P4,RUN_CONTRACT.json,429,A4A487840428B54CABBC440FD9B0DC397A65321A72EF876D2C194C682F500DD4
180,run_180__alpha_1p0_seed_999__ARL_FL__SIGNFLIP_MU0P4,RUN_STATE.json,236,9449FE083D28108E7A01898CD97F2130FD2F13786F0E5DAF8EF3AEF45E5FC2CB
