alpha,scenario,method,method_label,round,n_runs,test_macro_f1_mean,test_macro_f1_std,test_macro_f1_ci95_low,test_macro_f1_ci95_high,test_balanced_accuracy_mean,test_balanced_accuracy_std,test_balanced_accuracy_ci95_low,test_balanced_accuracy_ci95_high,active_clients_mean,active_clients_std,active_clients_ci95_low,active_clients_ci95_high,mean_residual_energy_mean,mean_residual_energy_std,mean_residual_energy_ci95_low,mean_residual_energy_ci95_high,global_pressure_mean,global_pressure_std,global_pressure_ci95_low,global_pressure_ci95_high
1.0,clean,fedavg,FedAvg,0,10,0.01609087313920187,0.013901911560994011,0.006146044697851382,0.026035701580552358,0.08686762240013177,0.013057844160576017,0.077526603402775,0.09620864139748854,28.0,0.0,28.0,28.0,0.846142275246185,0.01941488061683745,0.8322537063183344,0.8600308441740356,,,,
1.0,clean,fedavg,FedAvg,5,10,0.34744743259039795,0.0744416430072769,0.2941950891733396,0.4006997760074563,0.4270139112502916,0.07074006157602002,0.3764095196730956,0.4776183028274876,28.0,0.0,28.0,28.0,0.814488403232868,0.01975544430453218,0.800356209719102,0.8286205967466339,,,,
1.0,clean,fedavg,FedAvg,10,10,0.4270822711670149,0.06213969836310915,0.3826302088080308,0.47153433352599905,0.5000098548967342,0.0478452084444001,0.46578345461842663,0.5342362551750418,28.0,0.0,28.0,28.0,0.7828461648799379,0.020452505972828165,0.7682153234878689,0.7974770062720068,,,,
1.0,clean,fedavg,FedAvg,15,10,0.5033112662779209,0.04904382279361498,0.4682274289473069,0.5383951036085348,0.5644567524739729,0.04267471786267309,0.53392909834056,0.5949844066073857,28.0,0.0,28.0,28.0,0.7512721167591332,0.021118830597564177,0.7361646154451411,0.7663796180731253,,,,
1.0,clean,fedavg,FedAvg,20,10,0.5458327564723315,0.040013363401357596,0.5172089206320566,0.5744565923126065,0.5912627707192263,0.03344452723750609,0.5673379971929523,0.6151875442455003,28.0,0.0,28.0,28.0,0.7201077964980684,0.021886451277820282,0.7044511724292892,0.7357644205668477,,,,
1.0,clean,fedavg,FedAvg,25,10,0.5841548189545482,0.06398449421184965,0.5383830691450616,0.6299265687640349,0.6230344951810777,0.05390166831533102,0.5844755645083655,0.6615934258537899,28.0,0.0,28.0,28.0,0.6885400982747492,0.02272538576892314,0.6722833366241026,0.7047968599253958,,,,
1.0,clean,fedavg,FedAvg,30,10,0.6287865974068607,0.04062193820320677,0.5997274133792831,0.6578457814344383,0.6579021528368445,0.03513598083205557,0.6327673863005806,0.6830369193731084,28.0,0.0,28.0,28.0,0.6573938165686163,0.02343456645174027,0.6406297376189354,0.6741578955182972,,,,
1.0,clean,fedavg,FedAvg,35,10,0.6139724447847968,0.07477772006039875,0.5604796863268495,0.6674652032427442,0.6510867151139791,0.05833317829559776,0.6093576731730052,0.692815757054953,28.0,0.0,28.0,28.0,0.6262662241259017,0.024512792894592454,0.6087308284441264,0.643801619807677,,,,
1.0,clean,fedavg,FedAvg,40,10,0.6658877834526894,0.059035879206255935,0.6236560595624443,0.7081195073429345,0.6877001499930232,0.04561023861175157,0.6550725508191368,0.7203277491669096,28.0,0.0,28.0,28.0,0.5943433552678176,0.025895598331844433,0.5758187601668903,0.6128679503687449,,,,
1.0,clean,fedavg,FedAvg,45,10,0.6727563831349543,0.059260498001418874,0.6303639766383786,0.7151487896315301,0.6957648385845605,0.049475425617418044,0.6603722511933026,0.7311574259758185,28.0,0.0,28.0,28.0,0.5628902988644019,0.026902382209516035,0.5436454939637623,0.5821351037650415,,,,
1.0,clean,fedavg,FedAvg,50,10,0.6908240581692432,0.055211988951686435,0.6513277805802783,0.7303203357582081,0.705505211718736,0.044172909519517654,0.6739058158371318,0.7371046076003402,28.0,0.0,28.0,28.0,0.5316171171654378,0.0272211370026331,0.5121442888222306,0.551089945508645,,,,
1.0,clean,fedavg,FedAvg,55,10,0.7053909219470873,0.06598258968768313,0.6581898207401744,0.7525920231540002,0.7246705699492447,0.04810498154017825,0.6902583391928869,0.7590828007056025,27.9,0.3162277660168379,27.673784283720178,28.12621571627982,0.4999240585846804,0.02731188973929114,0.4803863096445692,0.5194618075247917,,,,
1.0,clean,fedavg,FedAvg,60,10,0.7284909447750112,0.04237456296366828,0.6981780085214624,0.75880388102856,0.735905088976857,0.03364964587602211,0.7118335824159773,0.7599765955377368,27.9,0.3162277660168379,27.673784283720178,28.12621571627982,0.4688819862422675,0.027883785034012887,0.44893512805358493,0.4888288444309501,,,,
1.0,clean,fedavg,FedAvg,65,10,0.7537998589663446,0.04708568515190653,0.7201167889205679,0.7874829290121214,0.7585002239044935,0.034154201641645704,0.7340677798922276,0.7829326679167593,27.8,0.4216370213557839,27.49837904496024,28.10162095503976,0.4375683965220696,0.028992297572541292,0.4168285562335956,0.45830823681054356,,,,
1.0,clean,fedavg,FedAvg,70,10,0.7573112751969218,0.0480924154410005,0.7229080336863918,0.7917145167074517,0.7614188042174072,0.03710025086347343,0.7348788835489773,0.787958724885837,27.0,1.247219128924647,26.107793182865038,27.892206817134962,0.40583875053470414,0.029541648553005073,0.38470592822855365,0.42697157284085463,,,,
1.0,clean,fedavg,FedAvg,75,10,0.7657130861144965,0.04446771644970317,0.733902798059456,0.797523374169537,0.7668975359453795,0.03698865558222343,0.7404374457320656,0.7933576261586933,26.6,1.577621275493231,25.471437725569672,27.72856227443033,0.374682460226925,0.02974846743773028,0.3534016886033012,0.39596323185054877,,,,
1.0,clean,fedavg,FedAvg,80,10,0.7626274916845512,0.04450495134847613,0.7307905673875303,0.7944644159815721,0.7683426385526807,0.038582997824014906,0.7407420246062205,0.7959432524991409,25.5,2.273030282830976,23.87397208969641,27.12602791030359,0.34408181038134755,0.02990370601448908,0.3226899877697663,0.3654736329929288,,,,
1.0,clean,fedavg,FedAvg,85,10,0.7732963952164101,0.0358779522348996,0.7476308543130891,0.7989619361197312,0.7739660154138271,0.033211405260830607,0.7502080073035015,0.7977240235241528,24.8,2.573367875415838,22.959123518718226,26.640876481281776,0.3134104313150977,0.03005113216592859,0.2919131463879635,0.3349077162422319,,,,
1.0,clean,fedavg,FedAvg,90,10,0.7827339632674433,0.041528783487341674,0.7530260612032129,0.8124418653316736,0.7827135972179831,0.03351943823023236,0.7587352355957292,0.8066919588402369,23.5,2.9154759474226504,21.41439414681984,25.58560585318016,0.2828548154278359,0.029888930478427448,0.26147356259801574,0.3042360682576561,,,,
1.0,clean,fedavg,FedAvg,95,10,0.7765708923998103,0.030513834860212703,0.7547426099049087,0.7983991748947118,0.778169050095668,0.030003222697467913,0.7567060375376585,0.7996320626536774,22.4,3.6575644598253874,19.783536004631046,25.01646399536895,0.2532755874049368,0.030220187768274245,0.2316573673851716,0.274893807424702,,,,
1.0,clean,fedavg,FedAvg,100,10,0.787712564381936,0.03988642521003209,0.7591795346534571,0.816245594110415,0.7861246665805715,0.034409473329246265,0.7615096122036817,0.8107397209574612,19.1,3.4140233677518315,16.657754806733504,21.5422451932665,0.2261716510613875,0.026265348431731915,0.2073825526730223,0.2449607494497527,,,,
1.0,clean,fedprox,FedProx,0,10,0.01609087313920187,0.013901911560994011,0.006146044697851382,0.026035701580552358,0.08686762240013177,0.013057844160576017,0.077526603402775,0.09620864139748854,28.0,0.0,28.0,28.0,0.846142275246185,0.01941488061683745,0.8322537063183344,0.8600308441740356,,,,
1.0,clean,fedprox,FedProx,5,10,0.33732792426939,0.08493637539449687,0.27656810156281986,0.39808774697596017,0.41770259648961644,0.07917557466386303,0.36106380236962604,0.47434139060960684,28.0,0.0,28.0,28.0,0.814488403232868,0.01975544430453218,0.800356209719102,0.8286205967466339,,,,
1.0,clean,fedprox,FedProx,10,10,0.4283432427529461,0.05956869787015833,0.3857303633518483,0.4709561221540439,0.5021830642040414,0.044981389104262776,0.4700053168681534,0.5343608115399293,28.0,0.0,28.0,28.0,0.7828461648799379,0.020452505972828165,0.7682153234878689,0.7974770062720068,,,,
1.0,clean,fedprox,FedProx,15,10,0.49668833098030135,0.05413733192255919,0.4579608167186725,0.5354158452419302,0.5595388364579359,0.04779269708138246,0.5253500005458049,0.5937276723700669,28.0,0.0,28.0,28.0,0.7512721167591332,0.021118830597564177,0.7361646154451411,0.7663796180731253,,,,
1.0,clean,fedprox,FedProx,20,10,0.5545979060425255,0.03380449150496389,0.5304156295916229,0.578780182493428,0.5982150943903872,0.025270777870673083,0.5801374689213505,0.6162927198594239,28.0,0.0,28.0,28.0,0.7201077964980684,0.021886451277820282,0.7044511724292892,0.7357644205668477,,,,
1.0,clean,fedprox,FedProx,25,10,0.5865098818296722,0.06065216553722953,0.5431219363505392,0.6298978273088053,0.6247752073553173,0.05017115656152651,0.5888849240284939,0.6606654906821408,28.0,0.0,28.0,28.0,0.6885400982747492,0.02272538576892314,0.6722833366241026,0.7047968599253958,,,,
1.0,clean,fedprox,FedProx,30,10,0.6191346776104061,0.05905243588205451,0.5768911097877885,0.6613782454330237,0.6520891736377641,0.04571077453319022,0.6193896553981785,0.6847886918773497,28.0,0.0,28.0,28.0,0.6573938165686163,0.02343456645174027,0.6406297376189354,0.6741578955182972,,,,
1.0,clean,fedprox,FedProx,35,10,0.6390357778899384,0.056846080872621524,0.5983705413603416,0.6797010144195351,0.6695206514904775,0.04377543955294079,0.6382055884943799,0.700835714486575,28.0,0.0,28.0,28.0,0.6262662241259017,0.024512792894592454,0.6087308284441264,0.643801619807677,,,,
1.0,clean,fedprox,FedProx,40,10,0.6660733436745123,0.06333994870179899,0.6207626739468528,0.7113840134021718,0.6873566750618393,0.05387782429995427,0.6488148013701929,0.7258985487534857,28.0,0.0,28.0,28.0,0.5943433552678176,0.025895598331844433,0.5758187601668903,0.6128679503687449,,,,
1.0,clean,fedprox,FedProx,45,10,0.6721563396956849,0.05742011260205947,0.6310804656041885,0.7132322137871813,0.6936202924424597,0.04575864136090706,0.6608865323370999,0.7263540525478195,28.0,0.0,28.0,28.0,0.5628902988644019,0.026902382209516035,0.5436454939637623,0.5821351037650415,,,,
1.0,clean,fedprox,FedProx,50,10,0.6931953131925938,0.0620040746347745,0.6488402702042873,0.7375503561809003,0.7058374767440768,0.048280991878437075,0.6712993357767233,0.7403756177114303,28.0,0.0,28.0,28.0,0.5316171171654378,0.0272211370026331,0.5121442888222306,0.551089945508645,,,,
1.0,clean,fedprox,FedProx,55,10,0.7109192609164888,0.05455739591838818,0.6718912509744941,0.7499472708584836,0.7281594830815596,0.03930875974365925,0.7000396903337913,0.756279275829328,27.9,0.3162277660168379,27.673784283720178,28.12621571627982,0.4999240585846804,0.02731188973929114,0.4803863096445692,0.5194618075247917,,,,
1.0,clean,fedprox,FedProx,60,10,0.7247727934112742,0.03412319695547417,0.7003625288153786,0.7491830580071698,0.7318403961125591,0.025047034016698128,0.713922827354632,0.7497579648704863,27.9,0.3162277660168379,27.673784283720178,28.12621571627982,0.4688819862422675,0.027883785034012887,0.44893512805358493,0.4888288444309501,,,,
1.0,clean,fedprox,FedProx,65,10,0.7475452715536305,0.045072918084251325,0.7153020483298113,0.7797884947774497,0.7538101382087753,0.03480601585808053,0.7289114143953729,0.7787088620221777,27.8,0.4216370213557839,27.49837904496024,28.10162095503976,0.4375683965220696,0.028992297572541292,0.4168285562335956,0.45830823681054356,,,,
1.0,clean,fedprox,FedProx,70,10,0.7691324563646054,0.046861148393637794,0.7356100102395005,0.8026549024897103,0.7703514436275396,0.037292443319617744,0.7436740367583314,0.7970288504967478,27.0,1.247219128924647,26.107793182865038,27.892206817134962,0.40583875053470414,0.029541648553005073,0.38470592822855365,0.42697157284085463,,,,
1.0,clean,fedprox,FedProx,75,10,0.7601669835516566,0.051446477106705885,0.7233643908655129,0.7969695762378003,0.7620704431575217,0.041993992129344106,0.7320297508785176,0.7921111354365258,26.6,1.577621275493231,25.471437725569672,27.72856227443033,0.374682460226925,0.02974846743773028,0.3534016886033012,0.39596323185054877,,,,
1.0,clean,fedprox,FedProx,80,10,0.7650707736136964,0.03613843565650343,0.7392188940958401,0.7909226531315526,0.7691248012174562,0.03244264337738172,0.7459167322295027,0.7923328702054097,25.5,2.273030282830976,23.87397208969641,27.12602791030359,0.34408181038134755,0.02990370601448908,0.3226899877697663,0.3654736329929288,,,,
1.0,clean,fedprox,FedProx,85,10,0.7652258188849249,0.026718667156945666,0.7461124358158723,0.7843392019539775,0.7669767329217556,0.025342664487326385,0.7488476828650492,0.785105782978462,24.8,2.573367875415838,22.959123518718226,26.640876481281776,0.3134104313150977,0.03005113216592859,0.2919131463879635,0.3349077162422319,,,,
1.0,clean,fedprox,FedProx,90,10,0.7716024158048693,0.04488268767697476,0.739495275216621,0.8037095563931177,0.7739541721479279,0.0344269815112893,0.7493265931721027,0.7985817511237532,23.5,2.9154759474226504,21.41439414681984,25.58560585318016,0.2828548154278359,0.029888930478427448,0.26147356259801574,0.3042360682576561,,,,
1.0,clean,fedprox,FedProx,95,10,0.7786864866397636,0.02899770888252422,0.757942775333323,0.7994301979462042,0.7815383971562453,0.023710424279632634,0.7645769814043155,0.7984998129081751,22.4,3.6575644598253874,19.783536004631046,25.01646399536895,0.2532755874049368,0.030220187768274245,0.2316573673851716,0.274893807424702,,,,
1.0,clean,fedprox,FedProx,100,10,0.7870632834230393,0.027409034785769965,0.7674560411030487,0.80667052574303,0.7854107980896062,0.025754187192146224,0.7669873624240432,0.8038342337551693,19.1,3.4140233677518315,16.657754806733504,21.5422451932665,0.2261716510613875,0.026265348431731915,0.2073825526730223,0.2449607494497527,,,,
1.0,clean,random_trimmed_mean,Random Trimmed Mean,0,10,0.01609087313920187,0.013901911560994011,0.006146044697851382,0.026035701580552358,0.08686762240013177,0.013057844160576017,0.077526603402775,0.09620864139748854,28.0,0.0,28.0,28.0,0.846142275246185,0.01941488061683745,0.8322537063183344,0.8600308441740356,,,,
1.0,clean,random_trimmed_mean,Random Trimmed Mean,5,10,0.29294801369423046,0.06700571141041246,0.24501501529731454,0.3408810120911464,0.38345763895074303,0.06761402440973792,0.3350894796487679,0.43182579825271816,28.0,0.0,28.0,28.0,0.814488403232868,0.01975544430453218,0.800356209719102,0.8286205967466339,,,,
1.0,clean,random_trimmed_mean,Random Trimmed Mean,10,10,0.4215559509577571,0.06573256745704599,0.3745337048801767,0.46857819703533754,0.4960091005934052,0.05591678895838179,0.45600863945232256,0.5360095617344878,28.0,0.0,28.0,28.0,0.7828461648799379,0.020452505972828165,0.7682153234878689,0.7974770062720068,,,,
1.0,clean,random_trimmed_mean,Random Trimmed Mean,15,10,0.5193370020195548,0.05799532040807972,0.47784964905165356,0.5608243549874561,0.5716664991813533,0.050554057422314176,0.5355023050794633,0.6078306932832432,28.0,0.0,28.0,28.0,0.7512721167591332,0.021118830597564177,0.7361646154451411,0.7663796180731253,,,,
1.0,clean,random_trimmed_mean,Random Trimmed Mean,20,10,0.547619223053898,0.04683537876923201,0.514115211407576,0.58112323470022,0.5938866649461683,0.036484929480096365,0.5677869186787287,0.6199864112136079,28.0,0.0,28.0,28.0,0.7201077964980684,0.021886451277820282,0.7044511724292892,0.7357644205668477,,,,
1.0,clean,random_trimmed_mean,Random Trimmed Mean,25,10,0.5657778252568666,0.05916224669249543,0.5234557035126499,0.6080999470010833,0.6094053423558947,0.049093509894961716,0.5742859610141947,0.6445247236975947,28.0,0.0,28.0,28.0,0.6885400982747492,0.02272538576892314,0.6722833366241026,0.7047968599253958,,,,
1.0,clean,random_trimmed_mean,Random Trimmed Mean,30,10,0.6090820929786471,0.06873244281400002,0.5599138653474184,0.6582503206098759,0.6416880298124072,0.058182780165412576,0.6000665762125064,0.6833094834123081,28.0,0.0,28.0,28.0,0.6573938165686163,0.02343456645174027,0.6406297376189354,0.6741578955182972,,,,
1.0,clean,random_trimmed_mean,Random Trimmed Mean,35,10,0.6331970641330418,0.0671724860808434,0.5851447623238921,0.6812493659421914,0.6637310529313012,0.04691816678085285,0.6301678183091347,0.6972942875534677,28.0,0.0,28.0,28.0,0.6262662241259017,0.024512792894592454,0.6087308284441264,0.643801619807677,,,,
1.0,clean,random_trimmed_mean,Random Trimmed Mean,40,10,0.6671500595687772,0.04897071355562116,0.6321185214364523,0.702181597701102,0.6911733028715412,0.0370159874116785,0.6646936606452738,0.7176529450978086,28.0,0.0,28.0,28.0,0.5943433552678176,0.025895598331844433,0.5758187601668903,0.6128679503687449,,,,
1.0,clean,random_trimmed_mean,Random Trimmed Mean,45,10,0.6531751458676349,0.08440201072093194,0.5927975846206062,0.7135527071146637,0.6841456137019388,0.06649195287058264,0.6365801360244916,0.7317110913793861,28.0,0.0,28.0,28.0,0.5628902988644019,0.026902382209516035,0.5436454939637623,0.5821351037650415,,,,
1.0,clean,random_trimmed_mean,Random Trimmed Mean,50,10,0.6573390048043052,0.05995722811863175,0.6144481876067834,0.7002298220018269,0.6813916015280512,0.044089680429542484,0.6498517441507383,0.7129314589053641,28.0,0.0,28.0,28.0,0.5316171171654378,0.0272211370026331,0.5121442888222306,0.551089945508645,,,,
1.0,clean,random_trimmed_mean,Random Trimmed Mean,55,10,0.6881146289372688,0.057289000469546075,0.6471325468152224,0.7290967110593153,0.711183395080698,0.04125971373649,0.6816679739209273,0.7406988162404688,27.9,0.3162277660168379,27.673784283720178,28.12621571627982,0.4999240585846804,0.02731188973929114,0.4803863096445692,0.5194618075247917,,,,
1.0,clean,random_trimmed_mean,Random Trimmed Mean,60,10,0.7030732222536953,0.05795270284710268,0.6616163560523546,0.744530088455036,0.7206395672791679,0.04452645698035038,0.6887872587798686,0.7524918757784672,27.9,0.3162277660168379,27.673784283720178,28.12621571627982,0.4688819862422675,0.027883785034012887,0.44893512805358493,0.4888288444309501,,,,
1.0,clean,random_trimmed_mean,Random Trimmed Mean,65,10,0.7180350567760866,0.05386106618178678,0.6795051711200024,0.7565649424321708,0.7311009743036202,0.042730997304053386,0.7005330602831518,0.7616688883240886,27.8,0.4216370213557839,27.49837904496024,28.10162095503976,0.4375683965220696,0.028992297572541292,0.4168285562335956,0.45830823681054356,,,,
1.0,clean,random_trimmed_mean,Random Trimmed Mean,70,10,0.7201060687728152,0.07340437493539455,0.6675957422343208,0.7726163953113097,0.7336076830810325,0.05264950229752774,0.6959444980165777,0.7712708681454874,27.0,1.247219128924647,26.107793182865038,27.892206817134962,0.40583875053470414,0.029541648553005073,0.38470592822855365,0.42697157284085463,,,,
1.0,clean,random_trimmed_mean,Random Trimmed Mean,75,10,0.7206081631025889,0.05658959016959815,0.6801264089687172,0.7610899172364606,0.7333968300353636,0.04249341858821835,0.7029988695899794,0.7637947904807478,26.6,1.577621275493231,25.471437725569672,27.72856227443033,0.374682460226925,0.02974846743773028,0.3534016886033012,0.39596323185054877,,,,
1.0,clean,random_trimmed_mean,Random Trimmed Mean,80,10,0.7215162283999812,0.08050190589909392,0.6639286340712638,0.7791038227286986,0.7393091711391353,0.059794691333439155,0.6965346257533753,0.7820837165248953,25.5,2.273030282830976,23.87397208969641,27.12602791030359,0.34408181038134755,0.02990370601448908,0.3226899877697663,0.3654736329929288,,,,
1.0,clean,random_trimmed_mean,Random Trimmed Mean,85,10,0.7242003605943605,0.055309781791780435,0.6846341262218799,0.7637665949668412,0.7386527127454541,0.043184143100324326,0.7077606377502117,0.7695447877406965,24.8,2.573367875415838,22.959123518718226,26.640876481281776,0.3134104313150977,0.03005113216592859,0.2919131463879635,0.3349077162422319,,,,
1.0,clean,random_trimmed_mean,Random Trimmed Mean,90,10,0.7498715221115985,0.04900499285974812,0.7148154620423346,0.7849275821808623,0.7571121084668808,0.03502804122120954,0.7320545572766635,0.7821696596570982,23.5,2.9154759474226504,21.41439414681984,25.58560585318016,0.2828548154278359,0.029888930478427448,0.26147356259801574,0.3042360682576561,,,,
1.0,clean,random_trimmed_mean,Random Trimmed Mean,95,10,0.7351929205593579,0.07840230707531567,0.6791072887489982,0.7912785523697177,0.7457706298931223,0.06050807384868597,0.7024857613984817,0.7890554983877628,22.4,3.6575644598253874,19.783536004631046,25.01646399536895,0.2532755874049368,0.030220187768274245,0.2316573673851716,0.274893807424702,,,,
1.0,clean,random_trimmed_mean,Random Trimmed Mean,100,10,0.737583416950611,0.051856966248647586,0.7004871780219533,0.7746796558792688,0.747979640935363,0.03613259264992689,0.7221319412526129,0.773827340618113,19.1,3.4140233677518315,16.657754806733504,21.5422451932665,0.2261716510613875,0.026265348431731915,0.2073825526730223,0.2449607494497527,,,,
1.0,clean,fedle_adapted,FedLE-adapted,0,10,0.01609087313920187,0.013901911560994011,0.006146044697851382,0.026035701580552358,0.08686762240013177,0.013057844160576017,0.077526603402775,0.09620864139748854,28.0,0.0,28.0,28.0,0.8258224892488476,0.019764711157198044,0.8116836666280305,0.8399613118696647,,,,
1.0,clean,fedle_adapted,FedLE-adapted,5,10,0.3041686524853847,0.07421472967265236,0.25107863308930684,0.3572586718814626,0.3917482922163934,0.0533574492330966,0.3535786724225186,0.4299179120102682,28.0,0.0,28.0,28.0,0.7953771774956169,0.02008918047327022,0.781006243508772,0.8097481114824617,,,,
1.0,clean,fedle_adapted,FedLE-adapted,10,10,0.4326366988357263,0.06533765639073238,0.38589695511667754,0.4793764425547751,0.504160738921882,0.05288838390464336,0.4663266682500676,0.5419948095936963,28.0,0.0,28.0,28.0,0.7644407896940622,0.020849904150353624,0.7495256667712803,0.779355912616844,,,,
1.0,clean,fedle_adapted,FedLE-adapted,15,10,0.5022704309602973,0.050986122748224734,0.46579715594368676,0.5387437059769079,0.5584262693967995,0.033307542297331606,0.5345994889934933,0.5822530498001057,28.0,0.0,28.0,28.0,0.7339582815548443,0.02204297331320267,0.7181896883671177,0.7497268747425709,,,,
1.0,clean,fedle_adapted,FedLE-adapted,20,10,0.5674049189884659,0.0634620469741258,0.5220069054184903,0.6128029325584415,0.6080373947159095,0.04781305386767999,0.5738339964361172,0.6422407929957017,28.0,0.0,28.0,28.0,0.7031318858207526,0.022441358412491418,0.687078305101014,0.7191854665404912,,,,
1.0,clean,fedle_adapted,FedLE-adapted,25,10,0.6012951823148913,0.07679708393235729,0.5463578579654708,0.6562325066643119,0.6382278373180927,0.060378426394123524,0.595035713025415,0.6814199616107705,28.0,0.0,28.0,28.0,0.672782292016824,0.02328558510633888,0.6561247879014369,0.6894397961322112,,,,
1.0,clean,fedle_adapted,FedLE-adapted,30,10,0.655138329573384,0.05782728956079243,0.6137711786325059,0.6965054805142622,0.6771465948400027,0.04400575302460833,0.6456667755114097,0.7086264141685957,28.0,0.0,28.0,28.0,0.6423064681715053,0.02417524053509478,0.6250125429012233,0.6596003934417872,,,,
1.0,clean,fedle_adapted,FedLE-adapted,35,10,0.6821514148524112,0.0397192525550741,0.6537379732371459,0.7105648564676764,0.6966715724501761,0.035797310419975276,0.6710637192260711,0.722279425674281,28.0,0.0,28.0,28.0,0.6122287869996816,0.024864215488661863,0.5944419987383246,0.6300155752610387,,,,
1.0,clean,fedle_adapted,FedLE-adapted,40,10,0.663073584647023,0.07330777847077105,0.6106323590565894,0.7155148102374567,0.6896826222842996,0.05970420386014698,0.646972807737463,0.7323924368311361,28.0,0.0,28.0,28.0,0.5816218887242907,0.02554395520888569,0.563348843959809,0.5998949334887723,,,,
1.0,clean,fedle_adapted,FedLE-adapted,45,10,0.7118656323042569,0.031392639923982654,0.6894086905379855,0.7343225740705284,0.7271380809184251,0.020097247660259512,0.7127613760136557,0.7415147858231945,27.9,0.3162277660168379,27.673784283720178,28.12621571627982,0.5517624356022538,0.0266226397541242,0.5327177463989718,0.5708071248055357,,,,
1.0,clean,fedle_adapted,FedLE-adapted,50,10,0.7067040282322647,0.03979242902452175,0.6782382393242256,0.7351698171403039,0.7227296013198414,0.038637209796424286,0.6950902064645319,0.750368996175151,27.9,0.3162277660168379,27.673784283720178,28.12621571627982,0.5214664147007593,0.027820897662973892,0.5015645434272478,0.5413682859742708,,,,
1.0,clean,fedle_adapted,FedLE-adapted,55,10,0.692318927382727,0.04569501965567302,0.6596306795035761,0.725007175261878,0.7111574682729906,0.03550054548931578,0.6857619078914828,0.7365530286544985,27.9,0.3162277660168379,27.673784283720178,28.12621571627982,0.49132904174654035,0.028632649303551985,0.4708464783310083,0.5118116051620724,,,,
1.0,clean,fedle_adapted,FedLE-adapted,60,10,0.7279387192721974,0.052520236751876316,0.6903680052085284,0.7655094333358665,0.7374864949687029,0.0487712001204701,0.7025976801500473,0.7723753097873585,27.7,0.674948557710553,27.217170888066814,28.182829111933184,0.46171201652516836,0.029629689477503125,0.44051621353567016,0.48290781951466655,,,,
1.0,clean,fedle_adapted,FedLE-adapted,65,10,0.74564520677149,0.04044981095825171,0.7167091551572968,0.7745812583856833,0.7530578363405137,0.03146468951755744,0.7305493533999062,0.7755663192811212,27.6,0.6992058987801011,27.09981823161223,28.100181768387774,0.43208553852484544,0.029922353315499063,0.410680376437709,0.4534907006119819,,,,
1.0,clean,fedle_adapted,FedLE-adapted,70,10,0.7533139564740501,0.04182691410127964,0.7233927846162579,0.7832351283318423,0.7630253571521237,0.0353638713459812,0.737727567562918,0.7883231467413294,27.4,0.6992058987801011,26.899818231612226,27.90018176838777,0.4021554635911184,0.030858939372316395,0.38008030820020183,0.424230618982035,,,,
1.0,clean,fedle_adapted,FedLE-adapted,75,10,0.7396288325684595,0.04939766636309332,0.7042918707967858,0.7749657943401331,0.749961822127244,0.03716602312649793,0.7233748508162383,0.7765487934382498,27.0,0.9428090415820634,26.325555041092688,27.674444958907312,0.37218196977678314,0.03187187179822378,0.3493822061797121,0.39498173337385417,,,,
1.0,clean,fedle_adapted,FedLE-adapted,80,10,0.767172476391047,0.03477534438752641,0.7422956936259218,0.7920492591561722,0.7683668817791014,0.030283816437568827,0.7467031445513386,0.7900306190068642,26.6,1.0749676997731399,25.831014432271886,27.368985567728117,0.34276976160049155,0.03245584139776821,0.3195522513175095,0.36598727188347363,,,,
1.0,clean,fedle_adapted,FedLE-adapted,85,10,0.7433416889757432,0.048456345353945815,0.7086781076886985,0.7780052702627878,0.7538173964200504,0.03737075883754144,0.7270839660042508,0.78055082683585,25.4,1.837873166945363,24.085264737727456,26.71473526227254,0.3135419415457429,0.033067838894133325,0.28988663462729924,0.3371972484641865,,,,
1.0,clean,fedle_adapted,FedLE-adapted,90,10,0.7667009286472545,0.04467209693711004,0.7347444355991019,0.7986574216954071,0.7684916437542518,0.035731344754638995,0.7429309795244021,0.7940523079841015,24.6,2.3664319132398464,22.907156588354503,26.2928434116455,0.2842663965181397,0.032705948889029356,0.26086997011404894,0.3076628229222304,,,,
1.0,clean,fedle_adapted,FedLE-adapted,95,10,0.7665438967180502,0.039847014849103295,0.7380390594634285,0.795048733972672,0.7679625090209082,0.03091705555621837,0.7458457798164887,0.7900792382253278,22.8,2.7406406388125952,20.839463792241556,24.760536207758445,0.2557202117575416,0.03286898616567737,0.23220715551167007,0.27923326800341314,,,,
1.0,clean,fedle_adapted,FedLE-adapted,100,10,0.7522868189287885,0.05007775148890471,0.7164633535657178,0.7881102842918591,0.7589404772863321,0.04322204103012349,0.7280212917452858,0.7898596628273783,21.4,2.7568097504180447,19.427897106591185,23.37210289340881,0.22697983284650447,0.03328385286895786,0.20316999883938394,0.25078966685362497,,,,
1.0,clean,tea_fl,TEA-FL,0,10,0.01609087313920187,0.013901911560994011,0.006146044697851382,0.026035701580552358,0.08686762240013177,0.013057844160576017,0.077526603402775,0.09620864139748854,28.0,0.0,28.0,28.0,0.846142275246185,0.01941488061683745,0.8322537063183344,0.8600308441740356,,,,
1.0,clean,tea_fl,TEA-FL,5,10,0.26907148629570304,0.06726870344758012,0.22095035472878394,0.31719261786262215,0.36842819274772287,0.05511161202314254,0.3290037204877919,0.4078526650076538,28.0,0.0,28.0,28.0,0.8164306227958843,0.020289369381440426,0.8019164822910811,0.8309447633006875,,,,
1.0,clean,tea_fl,TEA-FL,10,10,0.39383719002885614,0.0565090904552817,0.35341302192154944,0.43426135813616284,0.47362560025663464,0.05465830882118845,0.4345254015727202,0.5127257989405491,28.0,0.0,28.0,28.0,0.7893421055043116,0.02102880584354378,0.7742990040198163,0.8043852069888069,,,,
1.0,clean,tea_fl,TEA-FL,15,10,0.4387721214685783,0.05527986991280131,0.3992272847652959,0.4783169581718607,0.5066288645174979,0.040839666863784735,0.4774139267889482,0.5358438022460477,28.0,0.0,28.0,28.0,0.7628531351751022,0.021565424224812956,0.7474261600256952,0.7782801103245093,,,,
1.0,clean,tea_fl,TEA-FL,20,10,0.5006505621137054,0.07887081626565767,0.44422977901852373,0.557071345208887,0.5542878154442372,0.06486861935281417,0.5078836006094193,0.6006920302790552,28.0,0.0,28.0,28.0,0.736610386416612,0.022297821696109665,0.7206594856781975,0.7525612871550266,,,,
1.0,clean,tea_fl,TEA-FL,25,10,0.539819291041148,0.05712267065001819,0.4989561941041697,0.5806823879781263,0.5861989779474517,0.04884840779884796,0.5512549320828746,0.6211430238120288,28.0,0.0,28.0,28.0,0.7107445753790278,0.022968158204544502,0.6943141447899801,0.7271750059680755,,,,
1.0,clean,tea_fl,TEA-FL,30,10,0.5539573587717804,0.07691626871236354,0.4989347747668958,0.608979942776665,0.5950522960467148,0.06279467567987448,0.5501316911409285,0.6399729009525011,28.0,0.0,28.0,28.0,0.6846346684823336,0.02374697148641952,0.667647108433635,0.7016222285310322,,,,
1.0,clean,tea_fl,TEA-FL,35,10,0.5873594621743382,0.06677839317808726,0.5395890774447691,0.6351298469039073,0.6193378154944661,0.05134929357419008,0.5826047437194541,0.656070887269478,28.0,0.0,28.0,28.0,0.6589277385980322,0.024733947643369777,0.6412341383394308,0.6766213388566337,,,,
1.0,clean,tea_fl,TEA-FL,40,10,0.5881631049975954,0.06981167628294982,0.5382228402511988,0.638103369743992,0.6216358759698372,0.05719665819650088,0.5807198515305266,0.6625519004091477,27.8,0.4216370213557839,27.49837904496024,28.10162095503976,0.6328477866933737,0.025032927636825558,0.6149403090317066,0.6507552643550408,,,,
1.0,clean,tea_fl,TEA-FL,45,10,0.6470893841303695,0.08133044004136145,0.5889090921811485,0.7052696760795906,0.6660475876297647,0.06886766516192429,0.6167826277581068,0.7153125475014226,27.3,0.8232726023485647,26.711066258413513,27.888933741586488,0.6067408187215121,0.0258450382458457,0.5882523921272704,0.6252292453157537,,,,
1.0,clean,tea_fl,TEA-FL,50,10,0.6713272570032288,0.06805615774422899,0.6226428145670657,0.7200116994393919,0.6909913236695825,0.0557855973055965,0.6510847113833256,0.7308979359558394,26.7,1.3374935098492586,25.74321478103839,27.65678521896161,0.5810614508456294,0.026643666715109326,0.5620017198605952,0.6001211818306637,,,,
1.0,clean,tea_fl,TEA-FL,55,10,0.6691709887343916,0.07506120294281629,0.6154754388387824,0.7228665386300008,0.684897751910754,0.061573186675059746,0.6408509476001291,0.7289445562213789,26.2,1.1352924243950933,25.38786072391279,27.012139276087208,0.5553156466914262,0.027401603270517806,0.5357137205571929,0.5749175728256595,,,,
1.0,clean,tea_fl,TEA-FL,60,10,0.662629017558619,0.049280741598847155,0.6273756987245279,0.6978823363927101,0.682045184313304,0.039780967849178485,0.6535875942361972,0.7105027743904108,25.2,1.8737959096740262,23.8595671556351,26.540432844364897,0.528933470661017,0.028361195311573863,0.5086450937332998,0.5492218475887343,,,,
1.0,clean,tea_fl,TEA-FL,65,10,0.6760263138427243,0.06615728922533289,0.6287002401150837,0.7233523875703648,0.700304312675517,0.0502703943706842,0.6643430388965792,0.7362655864544547,23.7,1.9465068427541912,22.307552887516636,25.092447112483363,0.5019919890813334,0.029929810687437396,0.4805814923116804,0.5234024858509863,,,,
1.0,clean,tea_fl,TEA-FL,70,10,0.6826217348092091,0.06077393035505033,0.6391466840267436,0.7260967855916746,0.7020525365144469,0.0487599886639611,0.6671717418886309,0.7369333311402628,22.6,1.2649110640673518,21.69513713488072,23.504862865119282,0.47378345906923486,0.031768993890822536,0.4510572898936951,0.4965096282447746,,,,
1.0,clean,tea_fl,TEA-FL,75,10,0.6727631440920716,0.07574269660046655,0.6185800830020871,0.7269462051820561,0.6944069898290016,0.060463916271887234,0.651153709761875,0.7376602698961282,21.4,1.7126976771553506,20.174809888807,22.625190111192996,0.4445425316401955,0.03319535122006733,0.4207960078987986,0.46828905538159243,,,,
1.0,clean,tea_fl,TEA-FL,80,10,0.6716498538382873,0.03277702748375903,0.64820258087059,0.6950971268059847,0.7024488111484514,0.027608178279485477,0.6826991101549521,0.7221985121419506,20.4,1.837873166945363,19.085264737727456,21.71473526227254,0.4151547511208201,0.03450440539374156,0.39047178643599567,0.43983771580564457,,,,
1.0,clean,tea_fl,TEA-FL,85,10,0.6548124148876739,0.04723702177353963,0.6210210851444857,0.6886037446308622,0.6847365571255413,0.04373832339713036,0.6534480454278258,0.7160250688232568,19.6,1.8973665961010273,18.24270570232108,20.957294297678924,0.38455567973082216,0.035867831123185576,0.35889737903466185,0.4102139804269825,,,,
1.0,clean,tea_fl,TEA-FL,90,10,0.679192577449806,0.029076680353344275,0.6583923733563396,0.6999927815432724,0.7119754036309416,0.0230015282857151,0.6955211015238757,0.7284297057380075,18.4,2.3664319132398464,16.7071565883545,20.092843411645497,0.35386667893360196,0.03707709907314504,0.3273433200582691,0.3803900378089348,,,,
1.0,clean,tea_fl,TEA-FL,95,10,0.658641426635982,0.046548438815821276,0.6253426794669313,0.6919401738050327,0.6919171163771656,0.03960670952975494,0.6635841831922813,0.7202500495620499,17.2,2.043961295567452,15.737838171679076,18.662161828320922,0.3245320182550932,0.033791374093904036,0.3003591254347807,0.3487049110754057,,,,
1.0,clean,tea_fl,TEA-FL,100,10,0.660299144576747,0.0704047776117037,0.6099346006988859,0.710663688454608,0.6878829854028108,0.05984640844279827,0.6450714438257139,0.7306945269799077,15.3,1.888562063228706,13.949004085715139,16.650995914284863,0.29628520311106643,0.02866283626380234,0.27578104524504904,0.3167893609770838,,,,
1.0,clean,arl_fl,ARL-FL,0,10,0.01609087313920187,0.013901911560994011,0.006146044697851382,0.026035701580552358,0.08686762240013177,0.013057844160576017,0.077526603402775,0.09620864139748854,28.0,0.0,28.0,28.0,0.846142275246185,0.01941488061683745,0.8322537063183344,0.8600308441740356,0.0,0.0,0.0,0.0
1.0,clean,arl_fl,ARL-FL,5,10,0.23967178413749254,0.05023673818126615,0.20373458654608362,0.27560898172890147,0.3444422024849998,0.04947681165367355,0.30904862358313456,0.379835781386865,28.0,0.0,28.0,28.0,0.8193896402431905,0.02022627141071704,0.8049206373074971,0.8338586431788839,0.1120170241637859,0.01113648362699502,0.10405046369298578,0.11998358463458601
1.0,clean,arl_fl,ARL-FL,10,10,0.3659527963482032,0.05607706027873832,0.3258376840112745,0.40606790868513193,0.45028733246240576,0.05146466073197266,0.41347173199435183,0.4871029329304597,28.0,0.0,28.0,28.0,0.7909778049440745,0.020693514786654217,0.7761745562326354,0.8057810536555137,0.15182530435222066,0.021147151166994012,0.1366975437233059,0.16695306498113544
1.0,clean,arl_fl,ARL-FL,15,10,0.46962023735516356,0.09716911309596718,0.4001096412549189,0.5391308334554082,0.5245675004476593,0.07663076370255391,0.46974915442323123,0.5793858464720874,28.0,0.0,28.0,28.0,0.7612061795202032,0.021577741924520073,0.7457703928192451,0.7766419662211613,0.17565607800819677,0.011515720452932303,0.16741822785496402,0.18389392816142952
1.0,clean,arl_fl,ARL-FL,20,10,0.5575657373001485,0.07574708564379568,0.5033795364777078,0.6117519381225891,0.6001550287963913,0.060531133301081064,0.556853664563232,0.6434563930295505,28.0,0.0,28.0,28.0,0.7316482057287997,0.021830534816032192,0.7160315818871181,0.7472648295704813,0.18802310414489426,0.012534892943020869,0.17905618191250133,0.1969900263772872
1.0,clean,arl_fl,ARL-FL,25,10,0.6087068775081492,0.043424578839285174,0.5776428051465989,0.6397709498696995,0.644860561953493,0.02994632539797263,0.6234382512716086,0.6662828726353773,28.0,0.0,28.0,28.0,0.7022593185970986,0.02253035440611503,0.6861420739787176,0.7183765632154795,0.2034996618685793,0.008687956668111894,0.19728467206727157,0.209714651669887
1.0,clean,arl_fl,ARL-FL,30,10,0.6143352803525246,0.030029458171873552,0.5928535000667177,0.6358170606383315,0.647552616832608,0.020110732912846964,0.6331662651592714,0.6619389685059446,28.0,0.0,28.0,28.0,0.6726676440305889,0.023520362498235758,0.6558421902865424,0.6894930977746353,0.22768342050701212,0.009097600624832934,0.22117538907227485,0.2341914519417494
1.0,clean,arl_fl,ARL-FL,35,10,0.6108039263651321,0.05096570282854033,0.5743452588790872,0.6472625938511771,0.644210876326122,0.03910500441230747,0.6162368413617645,0.6721849112904794,28.0,0.0,28.0,28.0,0.6428300122983026,0.024235291578375753,0.6254931290994988,0.6601668954971064,0.234996711620917,0.006974069550376544,0.23000776280533541,0.2399856604364986
1.0,clean,arl_fl,ARL-FL,40,10,0.6550545994196263,0.05878332058780064,0.6130035450812555,0.697105653757997,0.686253307604829,0.0466633603234856,0.6528723505416261,0.719634264668032,28.0,0.0,28.0,28.0,0.6138971279607878,0.02425820275526061,0.5965438550933755,0.6312504008282,0.2508725681273945,0.012028691500010747,0.24226776059307117,0.2594773756617178
1.0,clean,arl_fl,ARL-FL,45,10,0.6406112292271404,0.07680684548189481,0.5856669218858452,0.6955555365684356,0.6728980800765612,0.05962183328883594,0.6302471898867607,0.7155489702663617,28.0,0.0,28.0,28.0,0.5851635440214856,0.02519643827128052,0.5671390978982616,0.6031879901447097,0.2545680083378343,0.008103823662259249,0.24877088211626863,0.2603651345593999
1.0,clean,arl_fl,ARL-FL,50,10,0.6685760166466037,0.04133565574533917,0.6390062698463493,0.6981457634468581,0.6992148120522892,0.030137561884441905,0.6776556990291354,0.720773925075443,28.0,0.0,28.0,28.0,0.5562433957924249,0.025840060744746506,0.537758529887969,0.5747282616968807,0.2640038452310247,0.008944843179083745,0.25760508989004255,0.2704026005720069
1.0,clean,arl_fl,ARL-FL,55,10,0.6429855758890011,0.07043036178133014,0.5926027301987142,0.6933684215792879,0.6756256166280064,0.05325266844779276,0.6375309524925117,0.713720280763501,28.0,0.0,28.0,28.0,0.5273184288195798,0.02679810373229166,0.5081482202477667,0.5464886373913929,0.26339889442187187,0.009618189574036286,0.25651845608714996,0.27027933275659377
1.0,clean,arl_fl,ARL-FL,60,10,0.6805497265796634,0.046606430497946855,0.6472094946603153,0.7138899584990115,0.7080721432525309,0.03468085534696805,0.6832629538751076,0.7328813326299541,28.0,0.0,28.0,28.0,0.4985613582410592,0.026921809033815757,0.4793026562274956,0.5178200602546227,0.27066087806169364,0.007930488515056278,0.2649877483347271,0.2763340077886602
1.0,clean,arl_fl,ARL-FL,65,10,0.6825419981561941,0.05491407943326879,0.6432588321985836,0.7218251641138046,0.7066762377546185,0.04294543516937994,0.6759549241262871,0.7373975513829499,28.0,0.0,28.0,28.0,0.46950814967284116,0.027717061621022717,0.4496805582290281,0.48933574111665423,0.27826252549404246,0.00632218017735939,0.27373991024337757,0.28278514074470734
1.0,clean,arl_fl,ARL-FL,70,10,0.6974332691357683,0.04438733965970345,0.6656804791725339,0.7291860590990027,0.7200173590512133,0.03716992779583087,0.6934275945080347,0.746607123594392,27.9,0.3162277660168379,27.673784283720178,28.12621571627982,0.4407673266503208,0.028192202654592994,0.4205998397868332,0.46093481351380844,0.2793559773040387,0.0055248306385562995,0.27540375155242913,0.2833082030556483
1.0,clean,arl_fl,ARL-FL,75,10,0.7006373880280321,0.061061839541895715,0.6569563794204644,0.7443183966355998,0.7207408948051525,0.048783868313336344,0.6858430177072439,0.7556387719030611,27.9,0.3162277660168379,27.673784283720178,28.12621571627982,0.41168490291140997,0.028129229167481094,0.3915624645668209,0.431807341255999,0.2804281120846444,0.00569631368365606,0.2763532147524658,0.284503009416823
1.0,clean,arl_fl,ARL-FL,80,10,0.6944281602315647,0.05521176243672819,0.6549320446816395,0.73392427578149,0.714990542910564,0.0487667152212677,0.6801049363955254,0.7498761494256025,27.8,0.4216370213557839,27.49837904496024,28.10162095503976,0.3830920399699916,0.029056623533789055,0.36230618366090583,0.40387789627907733,0.2850733372837408,0.00663845733297617,0.2803244709856047,0.2898222035818769
1.0,clean,arl_fl,ARL-FL,85,10,0.7018008091376792,0.045780549969485204,0.6690513765578728,0.7345502417174855,0.7207273301679655,0.03965611476738537,0.6923590546051511,0.7490956057307799,27.0,0.4714045207910317,26.662777520546342,27.337222479453658,0.3536116399535564,0.029145637327892115,0.3327621070121324,0.3744611728949804,0.28557898352662403,0.005824983130459737,0.28141204161708705,0.289745925436161
1.0,clean,arl_fl,ARL-FL,90,10,0.7038942905561708,0.05133774655427156,0.667169479021601,0.7406191020907407,0.7223246708800287,0.04086565675697072,0.693091141101903,0.7515582006581545,26.5,0.7071067811865476,25.994166280819517,27.005833719180483,0.32418138229010884,0.030055087350104648,0.30268126799465994,0.34568149658555775,0.2858324981065842,0.006550913170497701,0.28114625712965446,0.2905187390835139
1.0,clean,arl_fl,ARL-FL,95,10,0.7037431794316288,0.034066637933019984,0.6793733747230407,0.7281129841402169,0.7266112708114241,0.027634323734785426,0.7068428664859163,0.7463796751369318,25.7,0.9486832980505139,25.021352851160536,26.378647148839462,0.29426786349697315,0.03098272350903168,0.2721041582690077,0.3164315687249386,0.28731978752488735,0.009741951701976153,0.280350815097246,0.2942887599525287
1.0,clean,arl_fl,ARL-FL,100,10,0.7227868413813775,0.06177700345038203,0.6785942353329731,0.7669794474297819,0.736286155332687,0.04736019829696631,0.7024067104128121,0.770165600252562,24.8,1.1352924243950933,23.987860723912792,25.61213927608721,0.26443844406216027,0.03206898659170676,0.24149767303630218,0.28737921508801834,0.29060572354820596,0.008789220419008887,0.28431829402336956,0.29689315307304237
1.0,signflip_mu0p2,fedavg,FedAvg,0,10,0.01609087313920187,0.013901911560994011,0.006146044697851382,0.026035701580552358,0.08686762240013177,0.013057844160576017,0.077526603402775,0.09620864139748854,28.0,0.0,28.0,28.0,0.846142275246185,0.01941488061683745,0.8322537063183344,0.8600308441740356,,,,
1.0,signflip_mu0p2,fedavg,FedAvg,5,10,0.33779468759466436,0.0884355051112145,0.27453173828035304,0.40105763690897567,0.4186613441211424,0.08352870149204908,0.35890851066204293,0.4784141775802419,28.0,0.0,28.0,28.0,0.814488403232868,0.01975544430453218,0.800356209719102,0.8286205967466339,,,,
1.0,signflip_mu0p2,fedavg,FedAvg,10,10,0.43996379155658066,0.06567643924475465,0.39298169718328263,0.4869458859298787,0.5101089057474558,0.05248649150238126,0.47256233158105676,0.5476554799138549,28.0,0.0,28.0,28.0,0.7828461648799379,0.020452505972828165,0.7682153234878689,0.7974770062720068,,,,
1.0,signflip_mu0p2,fedavg,FedAvg,15,10,0.5029747828967492,0.037707259278631826,0.47600063456655356,0.529948931226945,0.5666126700601095,0.025683516389332424,0.5482397892413898,0.5849855508788292,28.0,0.0,28.0,28.0,0.7512721167591332,0.021118830597564177,0.7361646154451411,0.7663796180731253,,,,
1.0,signflip_mu0p2,fedavg,FedAvg,20,10,0.4035431917671417,0.15412721127045123,0.2932872267868248,0.5137991567474587,0.4648862389266055,0.14593151169402296,0.36049312423754737,0.5692793536156636,28.0,0.0,28.0,28.0,0.7201077964980684,0.021886451277820282,0.7044511724292892,0.7357644205668477,,,,
1.0,signflip_mu0p2,fedavg,FedAvg,25,10,0.11003863644512976,0.151356882343324,0.001764445394643585,0.21831282749561592,0.1784134822598106,0.1524201018151297,0.06937870981760573,0.28744825470201546,28.0,0.0,28.0,28.0,0.6885400982747492,0.02272538576892314,0.6722833366241026,0.7047968599253958,,,,
1.0,signflip_mu0p2,fedavg,FedAvg,30,10,0.045491265210848356,0.06073691986977884,0.002042690134615187,0.08893984028708152,0.11442500811225134,0.07855529856950326,0.058229932779969705,0.17062008344453297,28.0,0.0,28.0,28.0,0.6573938165686163,0.02343456645174027,0.6406297376189354,0.6741578955182972,,,,
1.0,signflip_mu0p2,fedavg,FedAvg,35,10,0.01514166392701852,0.0036404225234525165,0.012537462534215608,0.017745865319821433,0.08071779623509283,0.008289840988176889,0.07478760123480181,0.08664799123538384,28.0,0.0,28.0,28.0,0.6262662241259017,0.024512792894592454,0.6087308284441264,0.643801619807677,,,,
1.0,signflip_mu0p2,fedavg,FedAvg,40,10,0.02003630928454389,0.013669686672832743,0.01025760452067783,0.02981501404840995,0.09112762096672469,0.0176206193987555,0.07852258919234428,0.1037326527411051,28.0,0.0,28.0,28.0,0.5943433552678176,0.025895598331844433,0.5758187601668903,0.6128679503687449,,,,
1.0,signflip_mu0p2,fedavg,FedAvg,45,10,0.01627308893732729,0.0061871274302907914,0.01184708460194824,0.02069909327270634,0.08507397550366298,0.0058332595954441995,0.08090111296774233,0.08924683803958364,28.0,0.0,28.0,28.0,0.5628902988644019,0.026902382209516035,0.5436454939637623,0.5821351037650415,,,,
1.0,signflip_mu0p2,fedavg,FedAvg,50,10,0.02099537971154159,0.014309951971656895,0.010758656744508302,0.03123210267857488,0.09315063232677062,0.02481707956914934,0.07539756307095616,0.11090370158258508,28.0,0.0,28.0,28.0,0.5316171171654378,0.0272211370026331,0.5121442888222306,0.551089945508645,,,,
1.0,signflip_mu0p2,fedavg,FedAvg,55,10,0.015204382801797301,0.004128550473530339,0.012250995708908915,0.018157769894685687,0.0835712194407846,0.000752261923257723,0.08303308367888342,0.0841093552026858,27.9,0.3162277660168379,27.673784283720178,28.12621571627982,0.4999240585846804,0.02731188973929114,0.4803863096445692,0.5194618075247917,,,,
1.0,signflip_mu0p2,fedavg,FedAvg,60,10,0.02189762687909419,0.021489869036208753,0.0065247006556371084,0.03727055310255127,0.09095636692176867,0.024106148819422364,0.0737118668874383,0.10820086695609904,27.9,0.3162277660168379,27.673784283720178,28.12621571627982,0.4688819862422675,0.027883785034012887,0.44893512805358493,0.4888288444309501,,,,
1.0,signflip_mu0p2,fedavg,FedAvg,65,10,0.01424316702592007,0.002207520936557583,0.012664001678878772,0.015822332372961365,0.08333333333333329,1.4628472785736255e-17,0.08333333333333329,0.08333333333333329,27.8,0.4216370213557839,27.49837904496024,28.10162095503976,0.4375683965220696,0.028992297572541292,0.4168285562335956,0.45830823681054356,,,,
1.0,signflip_mu0p2,fedavg,FedAvg,70,10,0.016905371641268686,0.006523240432573315,0.0122389265485203,0.021571816734017073,0.082604872492903,0.007339885228241255,0.07735423490584856,0.08785551007995746,27.0,1.247219128924647,26.107793182865038,27.892206817134962,0.40583875053470414,0.029541648553005073,0.38470592822855365,0.42697157284085463,,,,
1.0,signflip_mu0p2,fedavg,FedAvg,75,10,0.01986873740879608,0.01442894198377698,0.009546894114851157,0.030190580702741006,0.0910429893745098,0.022917902709355748,0.07464850940100837,0.10743746934801124,26.6,1.577621275493231,25.471437725569672,27.72856227443033,0.374682460226925,0.02974846743773028,0.3534016886033012,0.39596323185054877,,,,
1.0,signflip_mu0p2,fedavg,FedAvg,80,10,0.015262439388366241,0.004212209632797123,0.012249206138148661,0.01827567263858382,0.08176100628930813,0.004972134685799347,0.07820415540440528,0.08531785717421098,25.5,2.273030282830976,23.87397208969641,27.12602791030359,0.34408181038134755,0.02990370601448908,0.3226899877697663,0.3654736329929288,,,,
1.0,signflip_mu0p2,fedavg,FedAvg,85,10,0.018481846618098617,0.013768731204901121,0.008632289664218808,0.028331403571978428,0.09052521300972483,0.02287953610673683,0.07415817885036546,0.10689224716908419,24.8,2.573367875415838,22.959123518718226,26.640876481281776,0.3134104313150977,0.03005113216592859,0.2919131463879635,0.3349077162422319,,,,
1.0,signflip_mu0p2,fedavg,FedAvg,90,10,0.018945697977720728,0.010524572190131505,0.011416872579123353,0.0264745233763181,0.09210957231003401,0.024121666813471863,0.07485397137149352,0.1093651732485745,23.5,2.9154759474226504,21.41439414681984,25.58560585318016,0.2828548154278359,0.029888930478427448,0.26147356259801574,0.3042360682576561,,,,
1.0,signflip_mu0p2,fedavg,FedAvg,95,10,0.021742439134218992,0.01921318863668014,0.007998151957252755,0.03548672631118523,0.08624408450487109,0.009787672092897336,0.07924240567984063,0.09324576332990155,22.4,3.6575644598253874,19.783536004631046,25.01646399536895,0.2532755874049368,0.030220187768274245,0.2316573673851716,0.274893807424702,,,,
1.0,signflip_mu0p2,fedavg,FedAvg,100,10,0.03924750143735622,0.06158544220493884,-0.004808069951204023,0.08330307282591645,0.11406034377623768,0.07358567220970125,0.06142032498053427,0.1667003625719411,19.1,3.4140233677518315,16.657754806733504,21.5422451932665,0.2261716510613875,0.026265348431731915,0.2073825526730223,0.2449607494497527,,,,
1.0,signflip_mu0p2,fedprox,FedProx,0,10,0.01609087313920187,0.013901911560994011,0.006146044697851382,0.026035701580552358,0.08686762240013177,0.013057844160576017,0.077526603402775,0.09620864139748854,28.0,0.0,28.0,28.0,0.846142275246185,0.01941488061683745,0.8322537063183344,0.8600308441740356,,,,
1.0,signflip_mu0p2,fedprox,FedProx,5,10,0.3393222468415847,0.08608469578170795,0.27774096521575614,0.40090352846741323,0.4193510525817078,0.0810223805520009,0.3613911331156507,0.4773109720477649,28.0,0.0,28.0,28.0,0.814488403232868,0.01975544430453218,0.800356209719102,0.8286205967466339,,,,
1.0,signflip_mu0p2,fedprox,FedProx,10,10,0.4253322240301771,0.057403463196310685,0.3842682602060634,0.4663961878542908,0.4997227234058278,0.04632982307011984,0.46658036452021856,0.532865082291437,28.0,0.0,28.0,28.0,0.7828461648799379,0.020452505972828165,0.7682153234878689,0.7974770062720068,,,,
1.0,signflip_mu0p2,fedprox,FedProx,15,10,0.5209701614258011,0.04909742933704065,0.48584797628414234,0.5560923465674599,0.5766467154045218,0.04152283185978457,0.5469430708781662,0.6063503599308775,28.0,0.0,28.0,28.0,0.7512721167591332,0.021118830597564177,0.7361646154451411,0.7663796180731253,,,,
1.0,signflip_mu0p2,fedprox,FedProx,20,10,0.41550168698863565,0.15854452115305387,0.30208576887798644,0.5289176050992849,0.47453472841505995,0.14567769544004047,0.37032318293613575,0.5787462738939841,28.0,0.0,28.0,28.0,0.7201077964980684,0.021886451277820282,0.7044511724292892,0.7357644205668477,,,,
1.0,signflip_mu0p2,fedprox,FedProx,25,10,0.12528784543245358,0.15540429293457353,0.014118311264218253,0.2364573796006889,0.19978678894052632,0.15064396079610123,0.09202259124226124,0.3075509866387914,28.0,0.0,28.0,28.0,0.6885400982747492,0.02272538576892314,0.6722833366241026,0.7047968599253958,,,,
1.0,signflip_mu0p2,fedprox,FedProx,30,10,0.051011279493050635,0.04630333328571403,0.01788787025765376,0.08413468872844751,0.14035926627924183,0.06076412619273061,0.09689122897199903,0.18382730358648464,28.0,0.0,28.0,28.0,0.6573938165686163,0.02343456645174027,0.6406297376189354,0.6741578955182972,,,,
1.0,signflip_mu0p2,fedprox,FedProx,35,10,0.01542671110586297,0.005874234488148666,0.01122453689747477,0.019628885314251172,0.08392531876138429,0.0017179913560316717,0.08269634178044913,0.08515429574231945,28.0,0.0,28.0,28.0,0.6262662241259017,0.024512792894592454,0.6087308284441264,0.643801619807677,,,,
1.0,signflip_mu0p2,fedprox,FedProx,40,10,0.017694561916066928,0.01551845895069704,0.006593325135663526,0.02879579869647033,0.09136054421768704,0.025384269653052294,0.07320173161835451,0.10951935681701956,28.0,0.0,28.0,28.0,0.5943433552678176,0.025895598331844433,0.5758187601668903,0.6128679503687449,,,,
1.0,signflip_mu0p2,fedprox,FedProx,45,10,0.02224886987726204,0.013994340616472471,0.012237921672762686,0.03225981808176139,0.09186017895676479,0.02400582319993703,0.07468744754717904,0.10903291036635054,28.0,0.0,28.0,28.0,0.5628902988644019,0.026902382209516035,0.5436454939637623,0.5821351037650415,,,,
1.0,signflip_mu0p2,fedprox,FedProx,50,10,0.02392564630446822,0.01973296098647912,0.00980953638754068,0.03804175622139576,0.09945386171562928,0.033988332208806434,0.07514007354763443,0.12376764988362414,28.0,0.0,28.0,28.0,0.5316171171654378,0.0272211370026331,0.5121442888222306,0.551089945508645,,,,
1.0,signflip_mu0p2,fedprox,FedProx,55,10,0.030372393051659046,0.05224171426506679,-0.0069990780276026655,0.06774386413092076,0.10239799123432872,0.06028774177907036,0.05927073880729457,0.14552524366136288,27.9,0.3162277660168379,27.673784283720178,28.12621571627982,0.4999240585846804,0.02731188973929114,0.4803863096445692,0.5194618075247917,,,,
1.0,signflip_mu0p2,fedprox,FedProx,60,10,0.020428985014180102,0.014607232271235955,0.009979600531833905,0.0308783694965263,0.09318415695674391,0.025548590752968423,0.07490779612378969,0.11146051778969814,27.9,0.3162277660168379,27.673784283720178,28.12621571627982,0.4688819862422675,0.027883785034012887,0.44893512805358493,0.4888288444309501,,,,
1.0,signflip_mu0p2,fedprox,FedProx,65,10,0.01795256010729647,0.011984000908150171,0.009379722296492527,0.026525397918100414,0.08622907029028952,0.03601373112123179,0.06046639902294571,0.11199174155763333,27.8,0.4216370213557839,27.49837904496024,28.10162095503976,0.4375683965220696,0.028992297572541292,0.4168285562335956,0.45830823681054356,,,,
1.0,signflip_mu0p2,fedprox,FedProx,70,10,0.02562001745917068,0.027339896404987362,0.006062233757340423,0.04517780116100094,0.10359219619674995,0.044217872769479374,0.07196063554377068,0.1352237568497292,27.0,1.247219128924647,26.107793182865038,27.892206817134962,0.40583875053470414,0.029541648553005073,0.38470592822855365,0.42697157284085463,,,,
1.0,signflip_mu0p2,fedprox,FedProx,75,10,0.02686970000045193,0.031165916100589754,0.0045749466869927195,0.049164453313911144,0.10540615018251576,0.0490486045915372,0.07031889215973516,0.14049340820529635,26.6,1.577621275493231,25.471437725569672,27.72856227443033,0.374682460226925,0.02974846743773028,0.3534016886033012,0.39596323185054877,,,,
1.0,signflip_mu0p2,fedprox,FedProx,80,10,0.020777449877670467,0.014629452263293895,0.01031217017055501,0.031242729584785925,0.09353353913344532,0.025402842973737842,0.07536143998089359,0.11170563828599706,25.5,2.273030282830976,23.87397208969641,27.12602791030359,0.34408181038134755,0.02990370601448908,0.3226899877697663,0.3654736329929288,,,,
1.0,signflip_mu0p2,fedprox,FedProx,85,10,0.02064036648354178,0.0149813655483102,0.009923343177687085,0.03135738978939648,0.09471805280753945,0.02638243193037953,0.07584519792984148,0.11359090768523741,24.8,2.573367875415838,22.959123518718226,26.640876481281776,0.3134104313150977,0.03005113216592859,0.2919131463879635,0.3349077162422319,,,,
1.0,signflip_mu0p2,fedprox,FedProx,90,10,0.01971312930438545,0.014684531042373765,0.009208448612282774,0.030217809996488126,0.0913012690377593,0.024920708444984292,0.07347406814995833,0.10912846992556027,23.5,2.9154759474226504,21.41439414681984,25.58560585318016,0.2828548154278359,0.029888930478427448,0.26147356259801574,0.3042360682576561,,,,
1.0,signflip_mu0p2,fedprox,FedProx,95,10,0.0234135224312366,0.023959931354795773,0.006273620070000381,0.04055342479247282,0.08965459718962807,0.04270536150312196,0.05910502191639601,0.12020417246286012,22.4,3.6575644598253874,19.783536004631046,25.01646399536895,0.2532755874049368,0.030220187768274245,0.2316573673851716,0.274893807424702,,,,
1.0,signflip_mu0p2,fedprox,FedProx,100,10,0.03726325597611104,0.06621044403121575,-0.010100842409003316,0.0846273543612254,0.10156625752309867,0.08448134641861804,0.04113194293684017,0.16200057210935717,19.1,3.4140233677518315,16.657754806733504,21.5422451932665,0.2261716510613875,0.026265348431731915,0.2073825526730223,0.2449607494497527,,,,
1.0,signflip_mu0p2,random_trimmed_mean,Random Trimmed Mean,0,10,0.01609087313920187,0.013901911560994011,0.006146044697851382,0.026035701580552358,0.08686762240013177,0.013057844160576017,0.077526603402775,0.09620864139748854,28.0,0.0,28.0,28.0,0.846142275246185,0.01941488061683745,0.8322537063183344,0.8600308441740356,,,,
1.0,signflip_mu0p2,random_trimmed_mean,Random Trimmed Mean,5,10,0.2927549868384068,0.06838622554101806,0.24383442812437206,0.3416755455524415,0.3833573637947258,0.06885975807756263,0.3340980603104721,0.43261666727897946,28.0,0.0,28.0,28.0,0.814488403232868,0.01975544430453218,0.800356209719102,0.8286205967466339,,,,
1.0,signflip_mu0p2,random_trimmed_mean,Random Trimmed Mean,10,10,0.42229401383775766,0.06962060594617933,0.37249043257629594,0.4720975950992194,0.49591221938795205,0.05862483847651719,0.45397453632236073,0.5378499024535434,28.0,0.0,28.0,28.0,0.7828461648799379,0.020452505972828165,0.7682153234878689,0.7974770062720068,,,,
1.0,signflip_mu0p2,random_trimmed_mean,Random Trimmed Mean,15,10,0.5101164994370971,0.058055449452932346,0.4685861327417111,0.5516468661324831,0.5642843185148811,0.04847878859757524,0.5296046822985138,0.5989639547312485,28.0,0.0,28.0,28.0,0.7512721167591332,0.021118830597564177,0.7361646154451411,0.7663796180731253,,,,
1.0,signflip_mu0p2,random_trimmed_mean,Random Trimmed Mean,20,10,0.4924147133299209,0.13777587812150963,0.3938557874395264,0.5909736392203154,0.5445041288226269,0.1280064208848779,0.452933851634042,0.6360744060112118,28.0,0.0,28.0,28.0,0.7201077964980684,0.021886451277820282,0.7044511724292892,0.7357644205668477,,,,
1.0,signflip_mu0p2,random_trimmed_mean,Random Trimmed Mean,25,10,0.46079402625256566,0.18735172195007055,0.326770678110087,0.5948173743950443,0.5109226401580894,0.17295936100623233,0.3871949668100078,0.634650313506171,28.0,0.0,28.0,28.0,0.6885400982747492,0.02272538576892314,0.6722833366241026,0.7047968599253958,,,,
1.0,signflip_mu0p2,random_trimmed_mean,Random Trimmed Mean,30,10,0.4790013116873709,0.11127544996231493,0.3993996500918358,0.5586029732829061,0.5358206877757181,0.09343079609672438,0.4689843225575893,0.6026570529938469,28.0,0.0,28.0,28.0,0.6573938165686163,0.02343456645174027,0.6406297376189354,0.6741578955182972,,,,
1.0,signflip_mu0p2,random_trimmed_mean,Random Trimmed Mean,35,10,0.48659165691020834,0.20415561724660958,0.34054752622014245,0.6326357876002742,0.5313131469750781,0.1783068757201721,0.4037600920466,0.6588662019035563,28.0,0.0,28.0,28.0,0.6262662241259017,0.024512792894592454,0.6087308284441264,0.643801619807677,,,,
1.0,signflip_mu0p2,random_trimmed_mean,Random Trimmed Mean,40,10,0.48539306953871186,0.09929612981436736,0.41436089733984455,0.5564252417375791,0.5397090978925755,0.08377930780092525,0.4797769914797416,0.5996412043054093,28.0,0.0,28.0,28.0,0.5943433552678176,0.025895598331844433,0.5758187601668903,0.6128679503687449,,,,
1.0,signflip_mu0p2,random_trimmed_mean,Random Trimmed Mean,45,10,0.5423160514402914,0.1195609632409367,0.4567872907013825,0.6278448121792002,0.5842827488798552,0.09206489677481174,0.5184234891745173,0.6501420085851931,28.0,0.0,28.0,28.0,0.5628902988644019,0.026902382209516035,0.5436454939637623,0.5821351037650415,,,,
1.0,signflip_mu0p2,random_trimmed_mean,Random Trimmed Mean,50,10,0.5620244409200338,0.06323567356048379,0.5167883651348352,0.6072605167052324,0.6003314383810977,0.05534007751096331,0.5607435317566782,0.6399193450055172,28.0,0.0,28.0,28.0,0.5316171171654378,0.0272211370026331,0.5121442888222306,0.551089945508645,,,,
1.0,signflip_mu0p2,random_trimmed_mean,Random Trimmed Mean,55,10,0.5493118540248223,0.20472673675648503,0.40285916904923247,0.6957645390004121,0.5919004348064657,0.19074203501383508,0.4554518028004204,0.728349066812511,27.9,0.3162277660168379,27.673784283720178,28.12621571627982,0.4999240585846804,0.02731188973929114,0.4803863096445692,0.5194618075247917,,,,
1.0,signflip_mu0p2,random_trimmed_mean,Random Trimmed Mean,60,10,0.6259084874795406,0.11393813080199942,0.5444020587569415,0.7074149162021398,0.6543161047917989,0.10023539483837542,0.5826120228714707,0.7260201867121271,27.9,0.3162277660168379,27.673784283720178,28.12621571627982,0.4688819862422675,0.027883785034012887,0.44893512805358493,0.4888288444309501,,,,
1.0,signflip_mu0p2,random_trimmed_mean,Random Trimmed Mean,65,10,0.5598042410852874,0.11904602701393614,0.47464384353249783,0.6449646386380768,0.606368394007307,0.09632610496276896,0.5374608495969351,0.675275938417679,27.8,0.4216370213557839,27.49837904496024,28.10162095503976,0.4375683965220696,0.028992297572541292,0.4168285562335956,0.45830823681054356,,,,
1.0,signflip_mu0p2,random_trimmed_mean,Random Trimmed Mean,70,10,0.57834603628504,0.16265043259371328,0.46199292607001113,0.6946991465000689,0.6097082842700143,0.13727599972044865,0.5115069498459643,0.7079096186940643,27.0,1.247219128924647,26.107793182865038,27.892206817134962,0.40583875053470414,0.029541648553005073,0.38470592822855365,0.42697157284085463,,,,
1.0,signflip_mu0p2,random_trimmed_mean,Random Trimmed Mean,75,10,0.5985304522807074,0.11187664608403042,0.5184987208876604,0.6785621836737545,0.6353620316694963,0.09143316838113778,0.5699546832332708,0.7007693801057219,26.6,1.577621275493231,25.471437725569672,27.72856227443033,0.374682460226925,0.02974846743773028,0.3534016886033012,0.39596323185054877,,,,
1.0,signflip_mu0p2,random_trimmed_mean,Random Trimmed Mean,80,10,0.5853453129311699,0.12739983338138913,0.4942089623022811,0.6764816635600586,0.6245425183863252,0.09921808913309364,0.5535661731277537,0.6955188636448968,25.5,2.273030282830976,23.87397208969641,27.12602791030359,0.34408181038134755,0.02990370601448908,0.3226899877697663,0.3654736329929288,,,,
1.0,signflip_mu0p2,random_trimmed_mean,Random Trimmed Mean,85,10,0.5667273630378348,0.11412027168884373,0.4850906385739719,0.6483640875016976,0.6077768180134879,0.093412803755947,0.5409533237405888,0.6746003122863871,24.8,2.573367875415838,22.959123518718226,26.640876481281776,0.3134104313150977,0.03005113216592859,0.2919131463879635,0.3349077162422319,,,,
1.0,signflip_mu0p2,random_trimmed_mean,Random Trimmed Mean,90,10,0.534418011411021,0.1689046720164278,0.4135908878333593,0.6552451349886826,0.5743464320962158,0.140656347290972,0.4737269426930108,0.6749659214994208,23.5,2.9154759474226504,21.41439414681984,25.58560585318016,0.2828548154278359,0.029888930478427448,0.26147356259801574,0.3042360682576561,,,,
1.0,signflip_mu0p2,random_trimmed_mean,Random Trimmed Mean,95,10,0.6093932114660531,0.15034774526111117,0.5018409135963989,0.7169455093357072,0.6374717309739932,0.12162672536928623,0.5504652130304769,0.7244782489175096,22.4,3.6575644598253874,19.783536004631046,25.01646399536895,0.2532755874049368,0.030220187768274245,0.2316573673851716,0.274893807424702,,,,
1.0,signflip_mu0p2,random_trimmed_mean,Random Trimmed Mean,100,10,0.5972474744613734,0.10229932756270887,0.5240669440132344,0.6704280049095124,0.6347385028059059,0.08109900240447211,0.5767237713685353,0.6927532342432766,19.1,3.4140233677518315,16.657754806733504,21.5422451932665,0.2261716510613875,0.026265348431731915,0.2073825526730223,0.2449607494497527,,,,
1.0,signflip_mu0p2,fedle_adapted,FedLE-adapted,0,10,0.01609087313920187,0.013901911560994011,0.006146044697851382,0.026035701580552358,0.08686762240013177,0.013057844160576017,0.077526603402775,0.09620864139748854,28.0,0.0,28.0,28.0,0.8258224892488476,0.019764711157198044,0.8116836666280305,0.8399613118696647,,,,
1.0,signflip_mu0p2,fedle_adapted,FedLE-adapted,5,10,0.30345763615131394,0.07409080380120493,0.2504562679832044,0.35645900431942346,0.39126079170847305,0.05339920876678898,0.3530612989437813,0.4294602844731648,28.0,0.0,28.0,28.0,0.7953771774956169,0.02008918047327022,0.781006243508772,0.8097481114824617,,,,
1.0,signflip_mu0p2,fedle_adapted,FedLE-adapted,10,10,0.44255839501029415,0.08174023224897693,0.3840849553753425,0.5010318346452458,0.5096304805264612,0.06503314939846364,0.46310856798724825,0.5561523930656741,28.0,0.0,28.0,28.0,0.7644407896940622,0.020849904150353624,0.7495256667712803,0.779355912616844,,,,
1.0,signflip_mu0p2,fedle_adapted,FedLE-adapted,15,10,0.508246817420239,0.0592789987017494,0.4658411763199165,0.5506524585205615,0.5629216161136759,0.03996542514764948,0.5343320732342511,0.5915111589931006,28.0,0.0,28.0,28.0,0.7339582815548443,0.02204297331320267,0.7181896883671177,0.7497268747425709,,,,
1.0,signflip_mu0p2,fedle_adapted,FedLE-adapted,20,10,0.3821668325670709,0.1491047399671174,0.2755037271186333,0.4888299380155085,0.44615815900155714,0.13634668684215717,0.3486216149628004,0.5436947030403139,28.0,0.0,28.0,28.0,0.7031318858207526,0.022441358412491418,0.687078305101014,0.7191854665404912,,,,
1.0,signflip_mu0p2,fedle_adapted,FedLE-adapted,25,10,0.19383295790185145,0.15535829566149878,0.08269632820056597,0.30496958760313697,0.28045557225028694,0.16188826579842194,0.16464768331577126,0.3962634611848026,28.0,0.0,28.0,28.0,0.672782292016824,0.02328558510633888,0.6561247879014369,0.6894397961322112,,,,
1.0,signflip_mu0p2,fedle_adapted,FedLE-adapted,30,10,0.08490333469132445,0.0952996894906772,0.016730043677308543,0.15307662570534036,0.16445176445887574,0.10811158204970464,0.08711339762420539,0.2417901312935461,28.0,0.0,28.0,28.0,0.6423064681715053,0.02417524053509478,0.6250125429012233,0.6596003934417872,,,,
1.0,signflip_mu0p2,fedle_adapted,FedLE-adapted,35,10,0.10205337259016653,0.15158629845198748,-0.006384932857992992,0.21049167803832605,0.1788769752246159,0.15773682223549848,0.06603885011258497,0.2917151003366468,28.0,0.0,28.0,28.0,0.6122287869996816,0.024864215488661863,0.5944419987383246,0.6300155752610387,,,,
1.0,signflip_mu0p2,fedle_adapted,FedLE-adapted,40,10,0.12480104007803816,0.15075263435591582,0.016959101998263296,0.23264297815781304,0.1978124103080477,0.15261158266711813,0.08864066071601175,0.30698415990008365,28.0,0.0,28.0,28.0,0.5816218887242907,0.02554395520888569,0.563348843959809,0.5998949334887723,,,,
1.0,signflip_mu0p2,fedle_adapted,FedLE-adapted,45,10,0.06381712622416559,0.07209268242269179,0.012245127983143075,0.1153891244651881,0.14487765281837695,0.08035941131793754,0.08739199297235313,0.20236331266440077,27.9,0.3162277660168379,27.673784283720178,28.12621571627982,0.5517624356022538,0.0266226397541242,0.5327177463989718,0.5708071248055357,,,,
1.0,signflip_mu0p2,fedle_adapted,FedLE-adapted,50,10,0.051620634155531406,0.09061090783599032,-0.013198504521215682,0.1164397728322785,0.12415261774303366,0.09612126741546212,0.0553916052867298,0.1929136301993375,27.9,0.3162277660168379,27.673784283720178,28.12621571627982,0.5214664147007593,0.027820897662973892,0.5015645434272478,0.5413682859742708,,,,
1.0,signflip_mu0p2,fedle_adapted,FedLE-adapted,55,10,0.044858522084871545,0.04006210164350208,0.016199821006493618,0.07351722316324948,0.12706293487832945,0.05680138650272169,0.08642967077489859,0.1676961989817603,27.9,0.3162277660168379,27.673784283720178,28.12621571627982,0.49132904174654035,0.028632649303551985,0.4708464783310083,0.5118116051620724,,,,
1.0,signflip_mu0p2,fedle_adapted,FedLE-adapted,60,10,0.03029941650904034,0.022193824670064925,0.014422910761407289,0.04617592225667339,0.1102329209711517,0.03655605616549265,0.08408229373811504,0.13638354820418835,27.7,0.674948557710553,27.217170888066814,28.182829111933184,0.46171201652516836,0.029629689477503125,0.44051621353567016,0.48290781951466655,,,,
1.0,signflip_mu0p2,fedle_adapted,FedLE-adapted,65,10,0.041131547121372444,0.040699225384546414,0.012017075174880588,0.0702460190678643,0.1205255043685786,0.05065905768044661,0.08428619760690488,0.1567648111302523,27.6,0.6992058987801011,27.09981823161223,28.100181768387774,0.43208553852484544,0.029922353315499063,0.410680376437709,0.4534907006119819,,,,
1.0,signflip_mu0p2,fedle_adapted,FedLE-adapted,70,10,0.02599989211096982,0.018960922445794396,0.012436065295796614,0.03956371892614303,0.10397066036550937,0.03427716712096817,0.07945025214841418,0.12849106858260456,27.4,0.6992058987801011,26.899818231612226,27.90018176838777,0.4021554635911184,0.030858939372316395,0.38008030820020183,0.424230618982035,,,,
1.0,signflip_mu0p2,fedle_adapted,FedLE-adapted,75,10,0.02583154226380251,0.021714614164165476,0.010297843060978326,0.04136524146662669,0.10624036030413805,0.03707990254617503,0.07971499594501252,0.13276572466326358,27.0,0.9428090415820634,26.325555041092688,27.674444958907312,0.37218196977678314,0.03187187179822378,0.3493822061797121,0.39498173337385417,,,,
1.0,signflip_mu0p2,fedle_adapted,FedLE-adapted,80,10,0.023710504306949497,0.017790047114993428,0.010984271245695449,0.03643673736820355,0.09908790194380543,0.032670169835104734,0.07571707033302877,0.12245873355458209,26.6,1.0749676997731399,25.831014432271886,27.368985567728117,0.34276976160049155,0.03245584139776821,0.3195522513175095,0.36598727188347363,,,,
1.0,signflip_mu0p2,fedle_adapted,FedLE-adapted,85,10,0.023244893333565997,0.016803627169017087,0.011224302592853336,0.03526548407427866,0.09865467399792341,0.0323270332979258,0.07552930747870856,0.12178004051713825,25.4,1.837873166945363,24.085264737727456,26.71473526227254,0.3135419415457429,0.033067838894133325,0.28988663462729924,0.3371972484641865,,,,
1.0,signflip_mu0p2,fedle_adapted,FedLE-adapted,90,10,0.01972144814405694,0.01649869287226041,0.007918994258396475,0.0315239020297174,0.09094358780202376,0.02406573769453648,0.07372799614495855,0.10815917945908897,24.6,2.3664319132398464,22.907156588354503,26.2928434116455,0.2842663965181397,0.032705948889029356,0.26086997011404894,0.3076628229222304,,,,
1.0,signflip_mu0p2,fedle_adapted,FedLE-adapted,95,10,0.02236768999059196,0.01828080125468329,0.009290392566377077,0.03544498741480684,0.09249034428340043,0.025534451133494014,0.07422409832488502,0.11075659024191584,22.8,2.7406406388125952,20.839463792241556,24.760536207758445,0.2557202117575416,0.03286898616567737,0.23220715551167007,0.27923326800341314,,,,
1.0,signflip_mu0p2,fedle_adapted,FedLE-adapted,100,10,0.01981755201826874,0.014194269718053085,0.009663583150249186,0.029971520886288294,0.09107896128492714,0.024013755436596187,0.07390055549506747,0.10825736707478681,21.4,2.7568097504180447,19.427897106591185,23.37210289340881,0.22697983284650447,0.03328385286895786,0.20316999883938394,0.25078966685362497,,,,
1.0,signflip_mu0p2,tea_fl,TEA-FL,0,10,0.01609087313920187,0.013901911560994011,0.006146044697851382,0.026035701580552358,0.08686762240013177,0.013057844160576017,0.077526603402775,0.09620864139748854,28.0,0.0,28.0,28.0,0.846142275246185,0.01941488061683745,0.8322537063183344,0.8600308441740356,,,,
1.0,signflip_mu0p2,tea_fl,TEA-FL,5,10,0.2700599210273279,0.06778597722494333,0.2215687540914945,0.3185510879631613,0.36837881964549035,0.05533436644020909,0.3287949984749754,0.4079626408160053,28.0,0.0,28.0,28.0,0.8164604499543113,0.020281138664404754,0.8019521973497807,0.8309687025588419,,,,
1.0,signflip_mu0p2,tea_fl,TEA-FL,10,10,0.39570114480235563,0.058419151494872666,0.353910601339552,0.4374916882651593,0.47304670067052335,0.049415390475393825,0.43769705983271334,0.5083963415083333,28.0,0.0,28.0,28.0,0.789475564088725,0.020869454675447884,0.7745464555628016,0.8044046726146484,,,,
1.0,signflip_mu0p2,tea_fl,TEA-FL,15,10,0.4394093767939273,0.0496285370780349,0.40390726006193384,0.4749114935259207,0.5059201862540131,0.03584355520554016,0.48027925150318923,0.5315611210048371,28.0,0.0,28.0,28.0,0.7630488304413766,0.021300402808004947,0.7478114401927133,0.7782862206900399,,,,
1.0,signflip_mu0p2,tea_fl,TEA-FL,20,10,0.43694629509866056,0.06606826979278194,0.38968390203686093,0.4842086881604602,0.5006978575492618,0.056337158822353545,0.460396681922925,0.5409990331755985,28.0,0.0,28.0,28.0,0.7370700545760152,0.021773442924382158,0.7214942718133003,0.75264583733873,,,,
1.0,signflip_mu0p2,tea_fl,TEA-FL,25,10,0.5301892277875196,0.07331211397844102,0.47774490076173337,0.5826335548133059,0.5756263350807249,0.058127447805620035,0.5340444638665253,0.6172082062949246,28.0,0.0,28.0,28.0,0.7102665220187399,0.022080329181652595,0.6944712060525391,0.7260618379849406,,,,
1.0,signflip_mu0p2,tea_fl,TEA-FL,30,10,0.5356186282194579,0.07102607856880747,0.4848096324112465,0.5864276240276693,0.5781281989308471,0.0537998725425,0.5396420885672282,0.616614309294466,28.0,0.0,28.0,28.0,0.6835569597063442,0.02245523370182475,0.6674934532025587,0.6996204662101297,,,,
1.0,signflip_mu0p2,tea_fl,TEA-FL,35,10,0.5990547827847303,0.0698121400790202,0.5491141862586119,0.6489953793108488,0.6294269791211269,0.054641815640404295,0.5903385789479878,0.668515379294266,28.0,0.0,28.0,28.0,0.6568137651684742,0.02305596255474434,0.6403205231311369,0.6733070072058116,,,,
1.0,signflip_mu0p2,tea_fl,TEA-FL,40,10,0.6058044764560199,0.06882903256377333,0.5565671526802448,0.6550418002317949,0.6389290391093617,0.055122384952684324,0.5994968603598856,0.6783612178588379,27.6,0.5163977794943222,27.23059128221082,27.969408717789182,0.630245956870134,0.023620909318122888,0.6133485762641079,0.64714333747616,,,,
1.0,signflip_mu0p2,tea_fl,TEA-FL,45,10,0.6530679370382746,0.07992298020239273,0.5958944812047362,0.710241392871813,0.6748036783769722,0.06044824927475001,0.6315616058044435,0.7180457509495008,27.2,0.6324555320336759,26.747568567440357,27.65243143255964,0.6032816434137896,0.023910375325397814,0.5861771913004158,0.6203860955271635,,,,
1.0,signflip_mu0p2,tea_fl,TEA-FL,50,10,0.6279274021534134,0.09471582854777516,0.560171780097029,0.6956830242097978,0.6529306955100854,0.08467236580822149,0.5923597338842999,0.713501657135871,26.0,1.3333333333333333,25.046190792039113,26.953809207960887,0.5764963023838902,0.02438576142340337,0.5590517795423056,0.5939408252254748,,,,
1.0,signflip_mu0p2,tea_fl,TEA-FL,55,10,0.6381395664938212,0.07192394046659041,0.5866882789764228,0.6895908540112196,0.6633405538798284,0.05791426356647432,0.6219111854833457,0.7047699222763111,25.4,1.3498971154211057,24.434341776133632,26.365658223866365,0.5491384154077744,0.025232307708453926,0.531088309834955,0.5671885209805938,,,,
1.0,signflip_mu0p2,tea_fl,TEA-FL,60,10,0.6528286843667932,0.07108627811409181,0.6019766243981263,0.7036807443354601,0.6800659477094485,0.06162735680816705,0.6359803924200079,0.7241515029988891,24.8,1.6865480854231356,23.593516179840957,26.006483820159044,0.521511924735967,0.026664577197564102,0.5024372352929016,0.5405866141790323,,,,
1.0,signflip_mu0p2,tea_fl,TEA-FL,65,10,0.6568440530410753,0.0562149878995328,0.6166302732280872,0.6970578328540634,0.6840716904546968,0.04488463742685788,0.6519631550994047,0.716180225809989,23.4,1.2649110640673518,22.495137134880718,24.30486286511928,0.49312192552638096,0.027551917671961305,0.4734124709470082,0.5128313801057537,,,,
1.0,signflip_mu0p2,tea_fl,TEA-FL,70,10,0.6682054327399839,0.046450023405438745,0.6349770877144043,0.7014337777655635,0.6942692474249317,0.036048526989515,0.6684816846929122,0.7200568101569511,22.4,1.837873166945363,21.085264737727456,23.71473526227254,0.4638121515214369,0.02912653239828267,0.4429762854233471,0.4846480176195267,,,,
1.0,signflip_mu0p2,tea_fl,TEA-FL,75,10,0.6615779857735218,0.06858020982204442,0.6125186590644051,0.7106373124826385,0.685956783125739,0.04983575634949622,0.6503064306568556,0.7216071355946225,21.2,1.398411797560202,20.199636463224458,22.20036353677554,0.4340332434539591,0.029733562502803276,0.4127631341784684,0.45530335272944983,,,,
1.0,signflip_mu0p2,tea_fl,TEA-FL,80,10,0.6927136188344809,0.057317555300661134,0.6517111098167975,0.7337161278521643,0.7114715106397334,0.049401947309477105,0.6761314864635,0.7468115348159667,19.1,1.3703203194062976,18.11973189612078,20.080268103879224,0.4026486012621153,0.029230866516959206,0.38173809903170186,0.4235591034925288,,,,
1.0,signflip_mu0p2,tea_fl,TEA-FL,85,10,0.6891817788213113,0.05013107209637563,0.6533201701934557,0.7250433874491669,0.712377388822526,0.03719162242950498,0.6857721048733262,0.7389826727717258,18.5,1.4337208778404378,17.47437786880252,19.52562213119748,0.37046289234895774,0.028778121872909724,0.34987626412630635,0.39104952057160913,,,,
1.0,signflip_mu0p2,tea_fl,TEA-FL,90,10,0.6907522377961686,0.05719597259235075,0.6498367038085217,0.7316677717838155,0.7116062999982246,0.04330300313006212,0.6806291976598653,0.7425834023365838,17.4,1.4298407059684812,16.377153576547475,18.422846423452523,0.33823127493305094,0.028402342107958892,0.3179134633603811,0.35854908650572076,,,,
1.0,signflip_mu0p2,tea_fl,TEA-FL,95,10,0.688364836199387,0.061295609490909155,0.6445165986443842,0.7322130737543899,0.7082305090801273,0.04711736824076987,0.6745247743179297,0.7419362438423249,16.2,1.5491933384829668,15.09177384663246,17.30822615336754,0.30656126436813147,0.026693233007396674,0.28746607579360617,0.32565645294265677,,,,
1.0,signflip_mu0p2,tea_fl,TEA-FL,100,10,0.7103086502344619,0.0475492268401307,0.6762939824408087,0.744323318028115,0.7265031438427518,0.03504431356632828,0.7014339521180775,0.7515723355674262,14.5,1.0801234497346435,13.727326230931464,15.272673769068536,0.2774257266358583,0.01983397905654017,0.26323735274488475,0.29161410052683184,,,,
1.0,signflip_mu0p2,arl_fl,ARL-FL,0,10,0.01609087313920187,0.013901911560994011,0.006146044697851382,0.026035701580552358,0.08686762240013177,0.013057844160576017,0.077526603402775,0.09620864139748854,28.0,0.0,28.0,28.0,0.846142275246185,0.01941488061683745,0.8322537063183344,0.8600308441740356,0.0,0.0,0.0,0.0
1.0,signflip_mu0p2,arl_fl,ARL-FL,5,10,0.24116230855910983,0.05329978811155106,0.20303393704673867,0.279290680071481,0.3454064620993654,0.05048828967439027,0.3092893154101429,0.3815236087885879,28.0,0.0,28.0,28.0,0.8193896402431905,0.02022627141071704,0.8049206373074971,0.8338586431788839,0.11204799058198259,0.011097928901746141,0.10410901050014705,0.11998697066381812
1.0,signflip_mu0p2,arl_fl,ARL-FL,10,10,0.3855353836370135,0.06866456892055109,0.3364157100641986,0.4346550572098284,0.4625687128267318,0.059875602281679256,0.41973628723537965,0.505401138418084,28.0,0.0,28.0,28.0,0.7909033909447201,0.020731282575625225,0.7760731247846172,0.8057336571048229,0.15094891001820926,0.019613620264075673,0.13691817131121656,0.16497964872520196
1.0,signflip_mu0p2,arl_fl,ARL-FL,15,10,0.46005732729376403,0.09630101689231106,0.3911677298078517,0.5289469247796764,0.5189831817608674,0.07410965346375673,0.46596832935647625,0.5719980341652586,28.0,0.0,28.0,28.0,0.7612804675300117,0.02153717133508576,0.7458737032803846,0.7766872317796387,0.17215709128025364,0.011110509858418322,0.16420911132417895,0.18010507123632832
1.0,signflip_mu0p2,arl_fl,ARL-FL,20,10,0.4922791763741293,0.0922134511737657,0.42631364725358734,0.5582447054946713,0.5485817241207953,0.07134220036403698,0.4975465884032386,0.599616859838352,28.0,0.0,28.0,28.0,0.7314124022952709,0.022092790431345773,0.7156081720880452,0.7472166325024967,0.21730402750063743,0.020223958053429046,0.20283667944105593,0.23177137556021893
1.0,signflip_mu0p2,arl_fl,ARL-FL,25,10,0.48109840613898286,0.06735525568248288,0.4329153588330989,0.5292814534448669,0.5344194028202196,0.056316305080826294,0.4941331450618997,0.5747056605785396,28.0,0.0,28.0,28.0,0.701957880166246,0.022420809389422678,0.6859189993320706,0.7179967610004215,0.24113468074514693,0.035226460917649006,0.215935188654801,0.2663341728354929
1.0,signflip_mu0p2,arl_fl,ARL-FL,30,10,0.5570655007873688,0.05342782069126942,0.5188455402849069,0.5952854612898307,0.6038267357406977,0.04716334686684412,0.5700881098508108,0.6375653616305845,28.0,0.0,28.0,28.0,0.6726574301472014,0.02300161673787014,0.6562030647652756,0.6891117955291272,0.2437153288784808,0.0255593238442121,0.22543129005458298,0.2619993677023786
1.0,signflip_mu0p2,arl_fl,ARL-FL,35,10,0.5225806413633004,0.0705989494153669,0.47207719534474407,0.5730840873818568,0.5683825461785416,0.06226477654245409,0.5238410082801768,0.6129240840769064,28.0,0.0,28.0,28.0,0.6433637588756909,0.023622045927233968,0.6264655651884878,0.6602619525628939,0.2910731010638278,0.03723815957446986,0.26443452644659315,0.3177116756810624
1.0,signflip_mu0p2,arl_fl,ARL-FL,40,10,0.46218764941839485,0.17965325089120765,0.333671455713289,0.5907038431235008,0.52088767076988,0.15443650922707994,0.41041044736028603,0.6313648941794738,28.0,0.0,28.0,28.0,0.6140927794683249,0.024217033246605586,0.5967689574932443,0.6314166014434054,0.2838809856848594,0.06329784634682008,0.23860043416759166,0.32916153720212715
1.0,signflip_mu0p2,arl_fl,ARL-FL,45,10,0.5404316099129594,0.09261445732869487,0.474179218270152,0.6066840015557666,0.5894573101078682,0.06954000614927212,0.5397113864677439,0.6392032337479925,28.0,0.0,28.0,28.0,0.5842551890123441,0.024969156005499062,0.5663933308275514,0.6021170471971368,0.2713739655177821,0.030130916887428454,0.24981960603913203,0.2929283249964322
1.0,signflip_mu0p2,arl_fl,ARL-FL,50,10,0.5544692694959491,0.09730215681256323,0.48486349965424147,0.6240750393376567,0.5955571244009407,0.09311576108201985,0.5289461216562032,0.6621681271456781,28.0,0.0,28.0,28.0,0.5552824570267988,0.026069260020429592,0.5366336318376396,0.573931282215958,0.3078377078907649,0.06528599415177233,0.2611349211111342,0.35454049467039567
1.0,signflip_mu0p2,arl_fl,ARL-FL,55,10,0.6133158058595964,0.11405687350953464,0.5317244337211283,0.6949071779980646,0.6447576670162707,0.0998025362055373,0.5733632335082522,0.7161521005242891,28.0,0.0,28.0,28.0,0.5259687544024317,0.027011859974635802,0.5066456338264634,0.5452918749784,0.3171767797746615,0.0593052982098596,0.27475232513958875,0.3596012344097343
1.0,signflip_mu0p2,arl_fl,ARL-FL,60,10,0.514259916679926,0.16005479426141725,0.39976361427130724,0.6287562190885447,0.5597633236384765,0.12185539109667791,0.4725932280877117,0.6469334191892413,28.0,0.0,28.0,28.0,0.4966554079371478,0.027207443346420553,0.47719237544548027,0.5161184404288154,0.3112657870578794,0.03705851096556873,0.2847557253136702,0.33777584880208855
1.0,signflip_mu0p2,arl_fl,ARL-FL,65,10,0.5674985221742289,0.11641293136690482,0.48422172777662453,0.6507753165718333,0.6067210376516503,0.09812268675261268,0.5365282960507726,0.676913779252528,28.0,0.0,28.0,28.0,0.4673064822155239,0.028172004031416634,0.4471534445766166,0.4874595198544312,0.3063823069847122,0.045968748306301856,0.27349824542497186,0.3392663685444525
1.0,signflip_mu0p2,arl_fl,ARL-FL,70,10,0.6262937984436556,0.057251909707418426,0.5853382494544449,0.6672493474328663,0.6522725670317463,0.050124889382821385,0.6164153812507294,0.6881297528127632,27.9,0.3162277660168379,27.673784283720178,28.12621571627982,0.4379000981601423,0.029473080030315305,0.4168163268202302,0.45898386950005443,0.31337596122736733,0.05608615796075882,0.27325434080077693,0.3534975816539577
1.0,signflip_mu0p2,arl_fl,ARL-FL,75,10,0.5924805764066043,0.15525387221568235,0.4814186467384289,0.7035425060747797,0.6263647981564303,0.12905114509553942,0.5340471702889139,0.7186824260239467,27.7,0.48304589153964794,27.354449785586354,28.045550214413645,0.40855946281973365,0.030069597866249156,0.38704896832635155,0.43006995731311576,0.3403584244885544,0.06721894379589598,0.2922728888321063,0.38844396014500254
1.0,signflip_mu0p2,arl_fl,ARL-FL,80,10,0.6559696509113209,0.054144569774240925,0.6172369590025071,0.6947023428201347,0.6796496187514325,0.04003157295818612,0.6510127565789255,0.7082864809239394,27.3,0.8232726023485647,26.711066258413513,27.888933741586488,0.37885917370564404,0.03058630771018425,0.35697904725701995,0.4007393001542681,0.3174933079065537,0.052384032363119955,0.28002002859300507,0.3549665872201024
1.0,signflip_mu0p2,arl_fl,ARL-FL,85,10,0.6995238020917477,0.03389600887067695,0.675276058061266,0.7237715461222294,0.7112910490207183,0.027284367901406363,0.691772988017403,0.7308091100240336,27.2,0.7888106377466155,26.635718862784834,27.764281137215164,0.34942359417219526,0.03108541154121068,0.32718643035125,0.3716607579931405,0.2862782367546195,0.0208322092115538,0.27137577202850877,0.30118070148073023
1.0,signflip_mu0p2,arl_fl,ARL-FL,90,10,0.6384878637349498,0.11750238365932318,0.5544317221162384,0.7225440053536613,0.6649134014114904,0.08991972218933038,0.6005887071603893,0.7292380956625915,26.5,1.0801234497346435,25.727326230931464,27.272673769068536,0.32000969991384987,0.03178608589405187,0.2972713038557631,0.3427480959719366,0.3240758929202414,0.057185668762564874,0.2831677298483897,0.3649840559920931
1.0,signflip_mu0p2,arl_fl,ARL-FL,95,10,0.6139271548868992,0.10065314055882134,0.5419242356805103,0.6859300740932881,0.6455898457959692,0.08638941848709353,0.5837905786784371,0.7073891129135014,25.8,1.3984117975602022,24.79963646322446,26.800363536775542,0.2899633343398108,0.032511901435564164,0.2667057211216424,0.3132209475579792,0.3247325929265397,0.046903834412894065,0.29117961106277146,0.358285574790308
1.0,signflip_mu0p2,arl_fl,ARL-FL,100,10,0.6679049029240931,0.06939531520051727,0.618262484953392,0.7175473208947942,0.690501915578867,0.056523358695379486,0.6500675405874703,0.7309362905702637,24.7,1.1595018087284057,23.870542373640657,25.529457626359342,0.26011440946314945,0.03310322324025714,0.2364337901083429,0.283795028817956,0.30226519518588635,0.037990120704654524,0.2750886999811526,0.3294416903906201
1.0,signflip_mu0p4,fedavg,FedAvg,0,10,0.01609087313920187,0.013901911560994011,0.006146044697851382,0.026035701580552358,0.08686762240013177,0.013057844160576017,0.077526603402775,0.09620864139748854,28.0,0.0,28.0,28.0,0.846142275246185,0.01941488061683745,0.8322537063183344,0.8600308441740356,,,,
1.0,signflip_mu0p4,fedavg,FedAvg,5,10,0.334123737493625,0.08377799554209522,0.27419256981420764,0.39405490517304237,0.4150719818788476,0.07733368095152866,0.3597507991460395,0.47039316461165565,28.0,0.0,28.0,28.0,0.814488403232868,0.01975544430453218,0.800356209719102,0.8286205967466339,,,,
1.0,signflip_mu0p4,fedavg,FedAvg,10,10,0.4310945811089413,0.0693326309498036,0.38149700474988385,0.4806921574679987,0.5037771816224961,0.05382290690584296,0.46527459346798516,0.542279769777007,28.0,0.0,28.0,28.0,0.7828461648799379,0.020452505972828165,0.7682153234878689,0.7974770062720068,,,,
1.0,signflip_mu0p4,fedavg,FedAvg,15,10,0.5136300955546056,0.04959323822823487,0.4781532300985894,0.5491069610106217,0.5747985268312983,0.04643592300113683,0.541580268627313,0.6080167850352836,28.0,0.0,28.0,28.0,0.7512721167591332,0.021118830597564177,0.7361646154451411,0.7663796180731253,,,,
1.0,signflip_mu0p4,fedavg,FedAvg,20,10,0.24949212578038454,0.14441533647996346,0.14618361750136544,0.35280063405940365,0.3326142860078528,0.13599548561104746,0.23532897619515586,0.42989959582054976,28.0,0.0,28.0,28.0,0.7201077964980684,0.021886451277820282,0.7044511724292892,0.7357644205668477,,,,
1.0,signflip_mu0p4,fedavg,FedAvg,25,10,0.01409512282090567,0.0035884697938834173,0.01152808617198404,0.016662159469827298,0.08333333333333329,1.4628472785736255e-17,0.08333333333333329,0.08333333333333329,28.0,0.0,28.0,28.0,0.6885400982747492,0.02272538576892314,0.6722833366241026,0.7047968599253958,,,,
1.0,signflip_mu0p4,fedavg,FedAvg,30,10,0.01409512282090567,0.0035884697938834173,0.01152808617198404,0.016662159469827298,0.08333333333333329,1.4628472785736255e-17,0.08333333333333329,0.08333333333333329,28.0,0.0,28.0,28.0,0.6573938165686163,0.02343456645174027,0.6406297376189354,0.6741578955182972,,,,
1.0,signflip_mu0p4,fedavg,FedAvg,35,10,0.01409512282090567,0.0035884697938834173,0.01152808617198404,0.016662159469827298,0.08333333333333329,1.4628472785736255e-17,0.08333333333333329,0.08333333333333329,28.0,0.0,28.0,28.0,0.6262662241259017,0.024512792894592454,0.6087308284441264,0.643801619807677,,,,
1.0,signflip_mu0p4,fedavg,FedAvg,40,10,0.01409512282090567,0.0035884697938834173,0.01152808617198404,0.016662159469827298,0.08333333333333329,1.4628472785736255e-17,0.08333333333333329,0.08333333333333329,28.0,0.0,28.0,28.0,0.5943433552678176,0.025895598331844433,0.5758187601668903,0.6128679503687449,,,,
1.0,signflip_mu0p4,fedavg,FedAvg,45,10,0.01409512282090567,0.0035884697938834173,0.01152808617198404,0.016662159469827298,0.08333333333333329,1.4628472785736255e-17,0.08333333333333329,0.08333333333333329,28.0,0.0,28.0,28.0,0.5628902988644019,0.026902382209516035,0.5436454939637623,0.5821351037650415,,,,
1.0,signflip_mu0p4,fedavg,FedAvg,50,10,0.01409512282090567,0.0035884697938834173,0.01152808617198404,0.016662159469827298,0.08333333333333329,1.4628472785736255e-17,0.08333333333333329,0.08333333333333329,28.0,0.0,28.0,28.0,0.5316171171654378,0.0272211370026331,0.5121442888222306,0.551089945508645,,,,
1.0,signflip_mu0p4,fedavg,FedAvg,55,10,0.01409512282090567,0.0035884697938834173,0.01152808617198404,0.016662159469827298,0.08333333333333329,1.4628472785736255e-17,0.08333333333333329,0.08333333333333329,27.9,0.3162277660168379,27.673784283720178,28.12621571627982,0.4999240585846804,0.02731188973929114,0.4803863096445692,0.5194618075247917,,,,
1.0,signflip_mu0p4,fedavg,FedAvg,60,10,0.01409512282090567,0.0035884697938834173,0.01152808617198404,0.016662159469827298,0.08333333333333329,1.4628472785736255e-17,0.08333333333333329,0.08333333333333329,27.9,0.3162277660168379,27.673784283720178,28.12621571627982,0.4688819862422675,0.027883785034012887,0.44893512805358493,0.4888288444309501,,,,
1.0,signflip_mu0p4,fedavg,FedAvg,65,10,0.01409512282090567,0.0035884697938834173,0.01152808617198404,0.016662159469827298,0.08333333333333329,1.4628472785736255e-17,0.08333333333333329,0.08333333333333329,27.8,0.4216370213557839,27.49837904496024,28.10162095503976,0.4375683965220696,0.028992297572541292,0.4168285562335956,0.45830823681054356,,,,
1.0,signflip_mu0p4,fedavg,FedAvg,70,10,0.01409512282090567,0.0035884697938834173,0.01152808617198404,0.016662159469827298,0.08333333333333329,1.4628472785736255e-17,0.08333333333333329,0.08333333333333329,27.0,1.247219128924647,26.107793182865038,27.892206817134962,0.40583875053470414,0.029541648553005073,0.38470592822855365,0.42697157284085463,,,,
1.0,signflip_mu0p4,fedavg,FedAvg,75,10,0.01409512282090567,0.0035884697938834173,0.01152808617198404,0.016662159469827298,0.08333333333333329,1.4628472785736255e-17,0.08333333333333329,0.08333333333333329,26.6,1.577621275493231,25.471437725569672,27.72856227443033,0.374682460226925,0.02974846743773028,0.3534016886033012,0.39596323185054877,,,,
1.0,signflip_mu0p4,fedavg,FedAvg,80,10,0.01409512282090567,0.0035884697938834173,0.01152808617198404,0.016662159469827298,0.08333333333333329,1.4628472785736255e-17,0.08333333333333329,0.08333333333333329,25.5,2.273030282830976,23.87397208969641,27.12602791030359,0.34408181038134755,0.02990370601448908,0.3226899877697663,0.3654736329929288,,,,
1.0,signflip_mu0p4,fedavg,FedAvg,85,10,0.01409512282090567,0.0035884697938834173,0.01152808617198404,0.016662159469827298,0.08333333333333329,1.4628472785736255e-17,0.08333333333333329,0.08333333333333329,24.8,2.573367875415838,22.959123518718226,26.640876481281776,0.3134104313150977,0.03005113216592859,0.2919131463879635,0.3349077162422319,,,,
1.0,signflip_mu0p4,fedavg,FedAvg,90,10,0.01409512282090567,0.0035884697938834173,0.01152808617198404,0.016662159469827298,0.08333333333333329,1.4628472785736255e-17,0.08333333333333329,0.08333333333333329,23.5,2.9154759474226504,21.41439414681984,25.58560585318016,0.2828548154278359,0.029888930478427448,0.26147356259801574,0.3042360682576561,,,,
1.0,signflip_mu0p4,fedavg,FedAvg,95,10,0.01409512282090567,0.0035884697938834173,0.01152808617198404,0.016662159469827298,0.08333333333333329,1.4628472785736255e-17,0.08333333333333329,0.08333333333333329,22.4,3.6575644598253874,19.783536004631046,25.01646399536895,0.2532755874049368,0.030220187768274245,0.2316573673851716,0.274893807424702,,,,
1.0,signflip_mu0p4,fedavg,FedAvg,100,10,0.01409512282090567,0.0035884697938834173,0.01152808617198404,0.016662159469827298,0.08333333333333329,1.4628472785736255e-17,0.08333333333333329,0.08333333333333329,19.1,3.4140233677518315,16.657754806733504,21.5422451932665,0.2261716510613875,0.026265348431731915,0.2073825526730223,0.2449607494497527,,,,
1.0,signflip_mu0p4,fedprox,FedProx,0,10,0.01609087313920187,0.013901911560994011,0.006146044697851382,0.026035701580552358,0.08686762240013177,0.013057844160576017,0.077526603402775,0.09620864139748854,28.0,0.0,28.0,28.0,0.846142275246185,0.01941488061683745,0.8322537063183344,0.8600308441740356,,,,
1.0,signflip_mu0p4,fedprox,FedProx,5,10,0.3395523392800784,0.08842817046922193,0.2762946368525693,0.4028100417075875,0.41971938457550645,0.083168136734792,0.3602244836055605,0.4792142855454524,28.0,0.0,28.0,28.0,0.814488403232868,0.01975544430453218,0.800356209719102,0.8286205967466339,,,,
1.0,signflip_mu0p4,fedprox,FedProx,10,10,0.42618829532275154,0.057948502002078836,0.38473443422490955,0.46764215642059354,0.4993930583113107,0.044145049648772694,0.4678135921806433,0.5309725244419781,28.0,0.0,28.0,28.0,0.7828461648799379,0.020452505972828165,0.7682153234878689,0.7974770062720068,,,,
1.0,signflip_mu0p4,fedprox,FedProx,15,10,0.5121337759489357,0.04185870643389844,0.4821898612264478,0.5420776906714236,0.571226179646623,0.03693614912652553,0.5448036502890007,0.5976487090042454,28.0,0.0,28.0,28.0,0.7512721167591332,0.021118830597564177,0.7361646154451411,0.7663796180731253,,,,
1.0,signflip_mu0p4,fedprox,FedProx,20,10,0.274668029955469,0.13663149207496103,0.1769277485265695,0.37240831138436853,0.3564447129836535,0.12786740007683034,0.264973885290179,0.44791554067712797,28.0,0.0,28.0,28.0,0.7201077964980684,0.021886451277820282,0.7044511724292892,0.7357644205668477,,,,
1.0,signflip_mu0p4,fedprox,FedProx,25,10,0.013275289041500122,0.003425075115238913,0.010825137904345696,0.01572544017865455,0.08333333333333329,1.4628472785736255e-17,0.08333333333333329,0.08333333333333329,28.0,0.0,28.0,28.0,0.6885400982747492,0.02272538576892314,0.6722833366241026,0.7047968599253958,,,,
1.0,signflip_mu0p4,fedprox,FedProx,30,10,0.013275289041500122,0.003425075115238913,0.010825137904345696,0.01572544017865455,0.08333333333333329,1.4628472785736255e-17,0.08333333333333329,0.08333333333333329,28.0,0.0,28.0,28.0,0.6573938165686163,0.02343456645174027,0.6406297376189354,0.6741578955182972,,,,
1.0,signflip_mu0p4,fedprox,FedProx,35,10,0.013275289041500122,0.003425075115238913,0.010825137904345696,0.01572544017865455,0.08333333333333329,1.4628472785736255e-17,0.08333333333333329,0.08333333333333329,28.0,0.0,28.0,28.0,0.6262662241259017,0.024512792894592454,0.6087308284441264,0.643801619807677,,,,
1.0,signflip_mu0p4,fedprox,FedProx,40,10,0.013275289041500122,0.003425075115238913,0.010825137904345696,0.01572544017865455,0.08333333333333329,1.4628472785736255e-17,0.08333333333333329,0.08333333333333329,28.0,0.0,28.0,28.0,0.5943433552678176,0.025895598331844433,0.5758187601668903,0.6128679503687449,,,,
1.0,signflip_mu0p4,fedprox,FedProx,45,10,0.013275289041500122,0.003425075115238913,0.010825137904345696,0.01572544017865455,0.08333333333333329,1.4628472785736255e-17,0.08333333333333329,0.08333333333333329,28.0,0.0,28.0,28.0,0.5628902988644019,0.026902382209516035,0.5436454939637623,0.5821351037650415,,,,
1.0,signflip_mu0p4,fedprox,FedProx,50,10,0.013275289041500122,0.003425075115238913,0.010825137904345696,0.01572544017865455,0.08333333333333329,1.4628472785736255e-17,0.08333333333333329,0.08333333333333329,28.0,0.0,28.0,28.0,0.5316171171654378,0.0272211370026331,0.5121442888222306,0.551089945508645,,,,
1.0,signflip_mu0p4,fedprox,FedProx,55,10,0.013275289041500122,0.003425075115238913,0.010825137904345696,0.01572544017865455,0.08333333333333329,1.4628472785736255e-17,0.08333333333333329,0.08333333333333329,27.9,0.3162277660168379,27.673784283720178,28.12621571627982,0.4999240585846804,0.02731188973929114,0.4803863096445692,0.5194618075247917,,,,
1.0,signflip_mu0p4,fedprox,FedProx,60,10,0.013275289041500122,0.003425075115238913,0.010825137904345696,0.01572544017865455,0.08333333333333329,1.4628472785736255e-17,0.08333333333333329,0.08333333333333329,27.9,0.3162277660168379,27.673784283720178,28.12621571627982,0.4688819862422675,0.027883785034012887,0.44893512805358493,0.4888288444309501,,,,
1.0,signflip_mu0p4,fedprox,FedProx,65,10,0.013275289041500122,0.003425075115238913,0.010825137904345696,0.01572544017865455,0.08333333333333329,1.4628472785736255e-17,0.08333333333333329,0.08333333333333329,27.8,0.4216370213557839,27.49837904496024,28.10162095503976,0.4375683965220696,0.028992297572541292,0.4168285562335956,0.45830823681054356,,,,
1.0,signflip_mu0p4,fedprox,FedProx,70,10,0.013275289041500122,0.003425075115238913,0.010825137904345696,0.01572544017865455,0.08333333333333329,1.4628472785736255e-17,0.08333333333333329,0.08333333333333329,27.0,1.247219128924647,26.107793182865038,27.892206817134962,0.40583875053470414,0.029541648553005073,0.38470592822855365,0.42697157284085463,,,,
1.0,signflip_mu0p4,fedprox,FedProx,75,10,0.013275289041500122,0.003425075115238913,0.010825137904345696,0.01572544017865455,0.08333333333333329,1.4628472785736255e-17,0.08333333333333329,0.08333333333333329,26.6,1.577621275493231,25.471437725569672,27.72856227443033,0.374682460226925,0.02974846743773028,0.3534016886033012,0.39596323185054877,,,,
1.0,signflip_mu0p4,fedprox,FedProx,80,10,0.013275289041500122,0.003425075115238913,0.010825137904345696,0.01572544017865455,0.08333333333333329,1.4628472785736255e-17,0.08333333333333329,0.08333333333333329,25.5,2.273030282830976,23.87397208969641,27.12602791030359,0.34408181038134755,0.02990370601448908,0.3226899877697663,0.3654736329929288,,,,
1.0,signflip_mu0p4,fedprox,FedProx,85,10,0.013275289041500122,0.003425075115238913,0.010825137904345696,0.01572544017865455,0.08333333333333329,1.4628472785736255e-17,0.08333333333333329,0.08333333333333329,24.8,2.573367875415838,22.959123518718226,26.640876481281776,0.3134104313150977,0.03005113216592859,0.2919131463879635,0.3349077162422319,,,,
1.0,signflip_mu0p4,fedprox,FedProx,90,10,0.013275289041500122,0.003425075115238913,0.010825137904345696,0.01572544017865455,0.08333333333333329,1.4628472785736255e-17,0.08333333333333329,0.08333333333333329,23.5,2.9154759474226504,21.41439414681984,25.58560585318016,0.2828548154278359,0.029888930478427448,0.26147356259801574,0.3042360682576561,,,,
1.0,signflip_mu0p4,fedprox,FedProx,95,10,0.013275289041500122,0.003425075115238913,0.010825137904345696,0.01572544017865455,0.08333333333333329,1.4628472785736255e-17,0.08333333333333329,0.08333333333333329,22.4,3.6575644598253874,19.783536004631046,25.01646399536895,0.2532755874049368,0.030220187768274245,0.2316573673851716,0.274893807424702,,,,
1.0,signflip_mu0p4,fedprox,FedProx,100,10,0.013275289041500122,0.003425075115238913,0.010825137904345696,0.01572544017865455,0.08333333333333329,1.4628472785736255e-17,0.08333333333333329,0.08333333333333329,19.1,3.4140233677518315,16.657754806733504,21.5422451932665,0.2261716510613875,0.026265348431731915,0.2073825526730223,0.2449607494497527,,,,
1.0,signflip_mu0p4,random_trimmed_mean,Random Trimmed Mean,0,10,0.01609087313920187,0.013901911560994011,0.006146044697851382,0.026035701580552358,0.08686762240013177,0.013057844160576017,0.077526603402775,0.09620864139748854,28.0,0.0,28.0,28.0,0.846142275246185,0.01941488061683745,0.8322537063183344,0.8600308441740356,,,,
1.0,signflip_mu0p4,random_trimmed_mean,Random Trimmed Mean,5,10,0.29351062139252776,0.06516226870448637,0.24689634246605732,0.3401249003189982,0.38368314627816424,0.06632161300886169,0.33623952239716115,0.43112677015916734,28.0,0.0,28.0,28.0,0.814488403232868,0.01975544430453218,0.800356209719102,0.8286205967466339,,,,
1.0,signflip_mu0p4,random_trimmed_mean,Random Trimmed Mean,10,10,0.4240312335353654,0.07029132587828606,0.373747848138499,0.47431461893223187,0.49640515930304563,0.058850335633156954,0.45430616528917533,0.5385041533169159,28.0,0.0,28.0,28.0,0.7828461648799379,0.020452505972828165,0.7682153234878689,0.7974770062720068,,,,
1.0,signflip_mu0p4,random_trimmed_mean,Random Trimmed Mean,15,10,0.5119068394646903,0.058080871969879655,0.4703582865962389,0.5534553923331417,0.5653748726663628,0.050532736688489725,0.5292259304986545,0.601523814834071,28.0,0.0,28.0,28.0,0.7512721167591332,0.021118830597564177,0.7361646154451411,0.7663796180731253,,,,
1.0,signflip_mu0p4,random_trimmed_mean,Random Trimmed Mean,20,10,0.4155890458988221,0.1514599963652638,0.3072410915206389,0.5239370002770053,0.48071252928451325,0.12373894816914574,0.3921950181741687,0.5692300403948578,28.0,0.0,28.0,28.0,0.7201077964980684,0.021886451277820282,0.7044511724292892,0.7357644205668477,,,,
1.0,signflip_mu0p4,random_trimmed_mean,Random Trimmed Mean,25,10,0.12544270863107432,0.1766403277801079,-0.0009181697193477167,0.25180358698149635,0.20266260320672597,0.17023827042588718,0.080881480797066,0.3244437256163859,28.0,0.0,28.0,28.0,0.6885400982747492,0.02272538576892314,0.6722833366241026,0.7047968599253958,,,,
1.0,signflip_mu0p4,random_trimmed_mean,Random Trimmed Mean,30,10,0.06548949544597524,0.0870693627050724,0.003203825536437062,0.12777516535551342,0.14545208663847584,0.09930186063454417,0.07441581485781817,0.2164883584191335,28.0,0.0,28.0,28.0,0.6573938165686163,0.02343456645174027,0.6406297376189354,0.6741578955182972,,,,
1.0,signflip_mu0p4,random_trimmed_mean,Random Trimmed Mean,35,10,0.03365424011046236,0.04132199396297626,0.004094266360569178,0.06321421386035556,0.10434579712128116,0.04527354807088786,0.07195905185097666,0.13673254239158567,28.0,0.0,28.0,28.0,0.6262662241259017,0.024512792894592454,0.6087308284441264,0.643801619807677,,,,
1.0,signflip_mu0p4,random_trimmed_mean,Random Trimmed Mean,40,10,0.013255228244050694,0.0047014670086952355,0.009892001351187315,0.016618455136914075,0.08333333333333329,1.4628472785736255e-17,0.08333333333333329,0.08333333333333329,28.0,0.0,28.0,28.0,0.5943433552678176,0.025895598331844433,0.5758187601668903,0.6128679503687449,,,,
1.0,signflip_mu0p4,random_trimmed_mean,Random Trimmed Mean,45,10,0.013796447795682232,0.004342363781076655,0.01069010787665216,0.016902787714712306,0.08333333333333329,1.4628472785736255e-17,0.08333333333333329,0.08333333333333329,28.0,0.0,28.0,28.0,0.5628902988644019,0.026902382209516035,0.5436454939637623,0.5821351037650415,,,,
1.0,signflip_mu0p4,random_trimmed_mean,Random Trimmed Mean,50,10,0.01795139894339523,0.011350504153773519,0.00983173741074463,0.02607106047604583,0.09092356687898084,0.024002425976861908,0.073753265696383,0.10809386806157868,28.0,0.0,28.0,28.0,0.5316171171654378,0.0272211370026331,0.5121442888222306,0.551089945508645,,,,
1.0,signflip_mu0p4,random_trimmed_mean,Random Trimmed Mean,55,10,0.013769943019669531,0.004816516731778335,0.010324414512868644,0.01721547152647042,0.08333333333333329,1.4628472785736255e-17,0.08333333333333329,0.08333333333333329,27.9,0.3162277660168379,27.673784283720178,28.12621571627982,0.4999240585846804,0.02731188973929114,0.4803863096445692,0.5194618075247917,,,,
1.0,signflip_mu0p4,random_trimmed_mean,Random Trimmed Mean,60,10,0.013769943019669531,0.004816516731778335,0.010324414512868644,0.01721547152647042,0.08333333333333329,1.4628472785736255e-17,0.08333333333333329,0.08333333333333329,27.9,0.3162277660168379,27.673784283720178,28.12621571627982,0.4688819862422675,0.027883785034012887,0.44893512805358493,0.4888288444309501,,,,
1.0,signflip_mu0p4,random_trimmed_mean,Random Trimmed Mean,65,10,0.013769943019669531,0.004816516731778335,0.010324414512868644,0.01721547152647042,0.08333333333333329,1.4628472785736255e-17,0.08333333333333329,0.08333333333333329,27.8,0.4216370213557839,27.49837904496024,28.10162095503976,0.4375683965220696,0.028992297572541292,0.4168285562335956,0.45830823681054356,,,,
1.0,signflip_mu0p4,random_trimmed_mean,Random Trimmed Mean,70,10,0.01395943045073646,0.004799380700877405,0.01052616032198148,0.01739270057949144,0.08333333333333329,1.4628472785736255e-17,0.08333333333333329,0.08333333333333329,27.0,1.247219128924647,26.107793182865038,27.892206817134962,0.40583875053470414,0.029541648553005073,0.38470592822855365,0.42697157284085463,,,,
1.0,signflip_mu0p4,random_trimmed_mean,Random Trimmed Mean,75,10,0.01395943045073646,0.004799380700877405,0.01052616032198148,0.01739270057949144,0.08333333333333329,1.4628472785736255e-17,0.08333333333333329,0.08333333333333329,26.6,1.577621275493231,25.471437725569672,27.72856227443033,0.374682460226925,0.02974846743773028,0.3534016886033012,0.39596323185054877,,,,
1.0,signflip_mu0p4,random_trimmed_mean,Random Trimmed Mean,80,10,0.01395943045073646,0.004799380700877405,0.01052616032198148,0.01739270057949144,0.08333333333333329,1.4628472785736255e-17,0.08333333333333329,0.08333333333333329,25.5,2.273030282830976,23.87397208969641,27.12602791030359,0.34408181038134755,0.02990370601448908,0.3226899877697663,0.3654736329929288,,,,
1.0,signflip_mu0p4,random_trimmed_mean,Random Trimmed Mean,85,10,0.01501519065632404,0.004724972812628956,0.01163514872428628,0.018395232588361798,0.08289698224480829,0.001379863299232762,0.08190988750440667,0.08388407698520992,24.8,2.573367875415838,22.959123518718226,26.640876481281776,0.3134104313150977,0.03005113216592859,0.2919131463879635,0.3349077162422319,,,,
1.0,signflip_mu0p4,random_trimmed_mean,Random Trimmed Mean,90,10,0.01395943045073646,0.004799380700877405,0.01052616032198148,0.01739270057949144,0.08333333333333329,1.4628472785736255e-17,0.08333333333333329,0.08333333333333329,23.5,2.9154759474226504,21.41439414681984,25.58560585318016,0.2828548154278359,0.029888930478427448,0.26147356259801574,0.3042360682576561,,,,
1.0,signflip_mu0p4,random_trimmed_mean,Random Trimmed Mean,95,10,0.01395943045073646,0.004799380700877405,0.01052616032198148,0.01739270057949144,0.08333333333333329,1.4628472785736255e-17,0.08333333333333329,0.08333333333333329,22.4,3.6575644598253874,19.783536004631046,25.01646399536895,0.2532755874049368,0.030220187768274245,0.2316573673851716,0.274893807424702,,,,
1.0,signflip_mu0p4,random_trimmed_mean,Random Trimmed Mean,100,10,0.01395943045073646,0.004799380700877405,0.01052616032198148,0.01739270057949144,0.08333333333333329,1.4628472785736255e-17,0.08333333333333329,0.08333333333333329,19.1,3.4140233677518315,16.657754806733504,21.5422451932665,0.2261716510613875,0.026265348431731915,0.2073825526730223,0.2449607494497527,,,,
1.0,signflip_mu0p4,fedle_adapted,FedLE-adapted,0,10,0.01609087313920187,0.013901911560994011,0.006146044697851382,0.026035701580552358,0.08686762240013177,0.013057844160576017,0.077526603402775,0.09620864139748854,28.0,0.0,28.0,28.0,0.8258224892488476,0.019764711157198044,0.8116836666280305,0.8399613118696647,,,,
1.0,signflip_mu0p4,fedle_adapted,FedLE-adapted,5,10,0.3043160073750895,0.07450299026519484,0.2510197787734172,0.35761223597676184,0.39206804073808305,0.05357521881898757,0.35374263796703076,0.43039344350913533,28.0,0.0,28.0,28.0,0.7953771774956169,0.02008918047327022,0.781006243508772,0.8097481114824617,,,,
1.0,signflip_mu0p4,fedle_adapted,FedLE-adapted,10,10,0.4345077791801617,0.07501243380314986,0.38084711662541115,0.48816844173491225,0.5022711936782928,0.06065002739188814,0.4588847777361956,0.5456576096203899,28.0,0.0,28.0,28.0,0.7644407896940622,0.020849904150353624,0.7495256667712803,0.779355912616844,,,,
1.0,signflip_mu0p4,fedle_adapted,FedLE-adapted,15,10,0.5187205967194141,0.05350537534620901,0.4804451569589509,0.5569960364798772,0.5715939823598034,0.03349380751133503,0.5476339558493177,0.5955540088702891,28.0,0.0,28.0,28.0,0.7339582815548443,0.02204297331320267,0.7181896883671177,0.7497268747425709,,,,
1.0,signflip_mu0p4,fedle_adapted,FedLE-adapted,20,10,0.24945031725364958,0.13786212754300536,0.1508296922439521,0.34807094226334706,0.33917665251564544,0.12364005149069308,0.25072988782720956,0.4276234172040813,28.0,0.0,28.0,28.0,0.7031318858207526,0.022441358412491418,0.687078305101014,0.7191854665404912,,,,
1.0,signflip_mu0p4,fedle_adapted,FedLE-adapted,25,10,0.013873263793131991,0.003291967650414148,0.011518332000176207,0.016228195586087776,0.08329725829725824,0.00011407928066986572,0.08321565089600289,0.0833788656985136,28.0,0.0,28.0,28.0,0.672782292016824,0.02328558510633888,0.6561247879014369,0.6894397961322112,,,,
1.0,signflip_mu0p4,fedle_adapted,FedLE-adapted,30,10,0.013122227636695172,0.0034789820915260053,0.010633513771773778,0.015610941501616567,0.0788818771213137,0.014076740534487308,0.06881198356641102,0.08895177067621637,28.0,0.0,28.0,28.0,0.6423064681715053,0.02417524053509478,0.6250125429012233,0.6596003934417872,,,,
1.0,signflip_mu0p4,fedle_adapted,FedLE-adapted,35,10,0.013971514832633768,0.003249538997424153,0.01164693466960541,0.016296094995662126,0.08333333333333329,1.4628472785736255e-17,0.08333333333333329,0.08333333333333329,28.0,0.0,28.0,28.0,0.6122287869996816,0.024864215488661863,0.5944419987383246,0.6300155752610387,,,,
1.0,signflip_mu0p4,fedle_adapted,FedLE-adapted,40,10,0.013971514832633768,0.003249538997424153,0.01164693466960541,0.016296094995662126,0.08333333333333329,1.4628472785736255e-17,0.08333333333333329,0.08333333333333329,28.0,0.0,28.0,28.0,0.5816218887242907,0.02554395520888569,0.563348843959809,0.5998949334887723,,,,
1.0,signflip_mu0p4,fedle_adapted,FedLE-adapted,45,10,0.013971514832633768,0.003249538997424153,0.01164693466960541,0.016296094995662126,0.08333333333333329,1.4628472785736255e-17,0.08333333333333329,0.08333333333333329,27.9,0.3162277660168379,27.673784283720178,28.12621571627982,0.5517624356022538,0.0266226397541242,0.5327177463989718,0.5708071248055357,,,,
1.0,signflip_mu0p4,fedle_adapted,FedLE-adapted,50,10,0.013971514832633768,0.003249538997424153,0.01164693466960541,0.016296094995662126,0.08333333333333329,1.4628472785736255e-17,0.08333333333333329,0.08333333333333329,27.9,0.3162277660168379,27.673784283720178,28.12621571627982,0.5214664147007593,0.027820897662973892,0.5015645434272478,0.5413682859742708,,,,
1.0,signflip_mu0p4,fedle_adapted,FedLE-adapted,55,10,0.013971514832633768,0.003249538997424153,0.01164693466960541,0.016296094995662126,0.08333333333333329,1.4628472785736255e-17,0.08333333333333329,0.08333333333333329,27.9,0.3162277660168379,27.673784283720178,28.12621571627982,0.49132904174654035,0.028632649303551985,0.4708464783310083,0.5118116051620724,,,,
1.0,signflip_mu0p4,fedle_adapted,FedLE-adapted,60,10,0.013971514832633768,0.003249538997424153,0.01164693466960541,0.016296094995662126,0.08333333333333329,1.4628472785736255e-17,0.08333333333333329,0.08333333333333329,27.7,0.674948557710553,27.217170888066814,28.182829111933184,0.46171201652516836,0.029629689477503125,0.44051621353567016,0.48290781951466655,,,,
1.0,signflip_mu0p4,fedle_adapted,FedLE-adapted,65,10,0.013971514832633768,0.003249538997424153,0.01164693466960541,0.016296094995662126,0.08333333333333329,1.4628472785736255e-17,0.08333333333333329,0.08333333333333329,27.6,0.6992058987801011,27.09981823161223,28.100181768387774,0.43208553852484544,0.029922353315499063,0.410680376437709,0.4534907006119819,,,,
1.0,signflip_mu0p4,fedle_adapted,FedLE-adapted,70,10,0.013971514832633768,0.003249538997424153,0.01164693466960541,0.016296094995662126,0.08333333333333329,1.4628472785736255e-17,0.08333333333333329,0.08333333333333329,27.4,0.6992058987801011,26.899818231612226,27.90018176838777,0.4021554635911184,0.030858939372316395,0.38008030820020183,0.424230618982035,,,,
1.0,signflip_mu0p4,fedle_adapted,FedLE-adapted,75,10,0.013971514832633768,0.003249538997424153,0.01164693466960541,0.016296094995662126,0.08333333333333329,1.4628472785736255e-17,0.08333333333333329,0.08333333333333329,27.0,0.9428090415820634,26.325555041092688,27.674444958907312,0.37218196977678314,0.03187187179822378,0.3493822061797121,0.39498173337385417,,,,
1.0,signflip_mu0p4,fedle_adapted,FedLE-adapted,80,10,0.013971514832633768,0.003249538997424153,0.01164693466960541,0.016296094995662126,0.08333333333333329,1.4628472785736255e-17,0.08333333333333329,0.08333333333333329,26.6,1.0749676997731399,25.831014432271886,27.368985567728117,0.34276976160049155,0.03245584139776821,0.3195522513175095,0.36598727188347363,,,,
1.0,signflip_mu0p4,fedle_adapted,FedLE-adapted,85,10,0.013971514832633768,0.003249538997424153,0.01164693466960541,0.016296094995662126,0.08333333333333329,1.4628472785736255e-17,0.08333333333333329,0.08333333333333329,25.4,1.837873166945363,24.085264737727456,26.71473526227254,0.3135419415457429,0.033067838894133325,0.28988663462729924,0.3371972484641865,,,,
1.0,signflip_mu0p4,fedle_adapted,FedLE-adapted,90,10,0.013971514832633768,0.003249538997424153,0.01164693466960541,0.016296094995662126,0.08333333333333329,1.4628472785736255e-17,0.08333333333333329,0.08333333333333329,24.6,2.3664319132398464,22.907156588354503,26.2928434116455,0.2842663965181397,0.032705948889029356,0.26086997011404894,0.3076628229222304,,,,
1.0,signflip_mu0p4,fedle_adapted,FedLE-adapted,95,10,0.013971514832633768,0.003249538997424153,0.01164693466960541,0.016296094995662126,0.08333333333333329,1.4628472785736255e-17,0.08333333333333329,0.08333333333333329,22.8,2.7406406388125952,20.839463792241556,24.760536207758445,0.2557202117575416,0.03286898616567737,0.23220715551167007,0.27923326800341314,,,,
1.0,signflip_mu0p4,fedle_adapted,FedLE-adapted,100,10,0.013971514832633768,0.003249538997424153,0.01164693466960541,0.016296094995662126,0.08333333333333329,1.4628472785736255e-17,0.08333333333333329,0.08333333333333329,21.4,2.7568097504180447,19.427897106591185,23.37210289340881,0.22697983284650447,0.03328385286895786,0.20316999883938394,0.25078966685362497,,,,
1.0,signflip_mu0p4,tea_fl,TEA-FL,0,10,0.01609087313920187,0.013901911560994011,0.006146044697851382,0.026035701580552358,0.08686762240013177,0.013057844160576017,0.077526603402775,0.09620864139748854,28.0,0.0,28.0,28.0,0.846142275246185,0.01941488061683745,0.8322537063183344,0.8600308441740356,,,,
1.0,signflip_mu0p4,tea_fl,TEA-FL,5,10,0.2702897823018067,0.06857271857461895,0.22123581450827018,0.31934375009534327,0.36875882243967417,0.055751521815866345,0.32887658629032,0.4086410585890283,28.0,0.0,28.0,28.0,0.8164604499543113,0.020281138664404754,0.8019521973497807,0.8309687025588419,,,,
1.0,signflip_mu0p4,tea_fl,TEA-FL,10,10,0.40140101787588184,0.06923818103672078,0.35187100691441653,0.45093102883734715,0.4752584986929843,0.05582120010594819,0.43532641769762387,0.5151905796883447,28.0,0.0,28.0,28.0,0.789499833975216,0.02092805388930594,0.7745288060969747,0.8044708618534572,,,,
1.0,signflip_mu0p4,tea_fl,TEA-FL,15,10,0.4576503348921338,0.05038391955316243,0.42160785008990864,0.49369281969435896,0.5231004140523857,0.03151924581172033,0.5005529038899846,0.5456479242147868,28.0,0.0,28.0,28.0,0.76308186731332,0.021159641131129375,0.7479451719023056,0.7782185627243343,,,,
1.0,signflip_mu0p4,tea_fl,TEA-FL,20,10,0.37235409245124457,0.1360808546954999,0.2750077132744282,0.46970047162806094,0.4440564000603865,0.1166595579796453,0.36060317961216204,0.5275096205086109,28.0,0.0,28.0,28.0,0.7366786787317469,0.021710841245122754,0.7211476785126155,0.7522096789508782,,,,
1.0,signflip_mu0p4,tea_fl,TEA-FL,25,10,0.4109372031290365,0.1502250484879513,0.30347267724340254,0.5184017290146704,0.48187533214151995,0.13643589008816212,0.3842749759446986,0.5794756883383413,28.0,0.0,28.0,28.0,0.7096436591298413,0.021955253600471927,0.6939378168444064,0.7253495014152762,,,,
1.0,signflip_mu0p4,tea_fl,TEA-FL,30,10,0.5261140386709166,0.05897377982910667,0.4839267379989716,0.5683013393428615,0.5746913038648254,0.05046315729275195,0.5385921357983714,0.6107904719312793,28.0,0.0,28.0,28.0,0.6823020964888005,0.022251641116062044,0.6663842313472447,0.6982199616303563,,,,
1.0,signflip_mu0p4,tea_fl,TEA-FL,35,10,0.5808905806757113,0.08175178106392149,0.5224088795162333,0.6393722818351893,0.610825612474432,0.06904911564595237,0.5614308507459329,0.6602203742029311,28.0,0.0,28.0,28.0,0.655144044254661,0.022885849972159054,0.6387724934280685,0.6715155950812535,,,,
1.0,signflip_mu0p4,tea_fl,TEA-FL,40,10,0.633105671202794,0.07929197737466696,0.5763836075997564,0.6898277348058317,0.6567368779125982,0.06717971245729028,0.6086794066651521,0.7047943491600442,27.8,0.4216370213557839,27.49837904496024,28.10162095503976,0.6280237578633312,0.02317356753689784,0.6114463862898337,0.6446011294368287,,,,
1.0,signflip_mu0p4,tea_fl,TEA-FL,45,10,0.6514692413984191,0.06567975928164689,0.6044847720138021,0.6984537107830361,0.676045805462295,0.05047491313146474,0.6399382277754323,0.7121533831491577,27.4,0.6992058987801011,26.899818231612226,27.90018176838777,0.6010737805940065,0.02399626727223365,0.5839078850832963,0.6182396761047168,,,,
1.0,signflip_mu0p4,tea_fl,TEA-FL,50,10,0.6679358007849859,0.04715430844289188,0.6342036405940924,0.7016679609758795,0.6874278859014569,0.03877298298791822,0.6596913647559665,0.7151644070469473,26.3,0.9486832980505139,25.621352851160538,26.978647148839464,0.5741449692910192,0.025547178025231196,0.5558696190626081,0.5924203195194303,,,,
1.0,signflip_mu0p4,tea_fl,TEA-FL,55,10,0.6512098765650471,0.07455637612769142,0.5978754580179567,0.7045442951121376,0.6766131121606535,0.058492976407225845,0.6347697575369653,0.7184564667843416,25.5,1.2692955176439846,24.592000685735766,26.407999314264234,0.5472249063604628,0.026681091175348302,0.5281384035293445,0.5663114091915812,,,,
1.0,signflip_mu0p4,tea_fl,TEA-FL,60,10,0.6769381890720485,0.05020119418628363,0.6410264181229162,0.7128499600211808,0.6990307024256892,0.040623289870056103,0.6699705514738964,0.728090853377482,24.6,1.2649110640673518,23.69513713488072,25.504862865119282,0.519328187564828,0.027994306332796544,0.4993022672018037,0.5393541079278523,,,,
1.0,signflip_mu0p4,tea_fl,TEA-FL,65,10,0.6619880557391344,0.054340966132319715,0.6231148703392615,0.7008612411390074,0.6881328965858259,0.04148889245674648,0.658453530845818,0.7178122623258337,23.2,1.2292725943057181,22.32063136034293,24.07936863965707,0.49012752600308795,0.029186967839239755,0.4692484269949441,0.5110066250112318,,,,
1.0,signflip_mu0p4,tea_fl,TEA-FL,70,10,0.6456985891345615,0.037617425014238204,0.6187887043657926,0.6726084739033303,0.675231328295516,0.03084715737636678,0.6531646012367681,0.6972980553542639,22.3,1.8287822299126937,20.991768002315524,23.608231997684477,0.4597840563484562,0.030645892143734844,0.43786130576380333,0.4817068069331091,,,,
1.0,signflip_mu0p4,tea_fl,TEA-FL,75,10,0.6436127261677678,0.061842370406760785,0.5993733594156956,0.68785209291984,0.6724837530574328,0.041737428166691015,0.6426265955809358,0.7023409105339298,21.3,2.0027758514399734,19.867300463561136,22.732699536438865,0.42877097434471806,0.03176559056606233,0.4060472397610488,0.45149470892838733,,,,
1.0,signflip_mu0p4,tea_fl,TEA-FL,80,10,0.6584987667612114,0.06298659382455303,0.6134408718852482,0.7035566616371747,0.689105423782103,0.048401456334925506,0.6544811077338765,0.7237297398303296,19.8,1.6865480854231356,18.593516179840957,21.006483820159044,0.39697428091099796,0.03337283853874601,0.37310079039046207,0.42084777143153385,,,,
1.0,signflip_mu0p4,tea_fl,TEA-FL,85,10,0.6740132872055571,0.0761643521556527,0.6195285919022292,0.728497982508885,0.6985958188088685,0.05812744143520295,0.6570139521517907,0.7401776854659462,18.5,1.4337208778404378,17.47437786880252,19.52562213119748,0.3651802368911585,0.034510996415114195,0.3404925572736777,0.38986791650863933,,,,
1.0,signflip_mu0p4,tea_fl,TEA-FL,90,10,0.6802988327512163,0.0652466998162204,0.6336241554458881,0.7269735100565444,0.6991005634255628,0.05103229862549251,0.6625942561762594,0.7356068706748662,16.8,1.4757295747452437,15.744326657360839,17.855673342639165,0.333054508045727,0.03521607188088675,0.30786244782457534,0.3582465682668787,,,,
1.0,signflip_mu0p4,tea_fl,TEA-FL,95,10,0.6886023281667806,0.07410075945294932,0.6355938381544423,0.7416108181791189,0.7069550996042915,0.06682964020884316,0.6591480549573607,0.7547621442512222,15.2,1.7511900715418263,13.947274088655291,16.452725911344707,0.302398451955619,0.03258904441140643,0.2790856539769347,0.3257112499343033,,,,
1.0,signflip_mu0p4,tea_fl,TEA-FL,100,10,0.5042871888298414,0.25122491326977686,0.3245717121704252,0.6840026654892575,0.5461892819726263,0.217994351214481,0.3902455173687528,0.7021330465764998,14.5,1.509230856356236,13.420361284201546,15.579638715798454,0.2766732594531401,0.0265271748357786,0.2576968617384746,0.29564965716780556,,,,
1.0,signflip_mu0p4,arl_fl,ARL-FL,0,10,0.01609087313920187,0.013901911560994011,0.006146044697851382,0.026035701580552358,0.08686762240013177,0.013057844160576017,0.077526603402775,0.09620864139748854,28.0,0.0,28.0,28.0,0.846142275246185,0.01941488061683745,0.8322537063183344,0.8600308441740356,0.0,0.0,0.0,0.0
1.0,signflip_mu0p4,arl_fl,ARL-FL,5,10,0.2420357477087684,0.05449373321188777,0.20305327932352152,0.2810182160940153,0.34496698589662694,0.051154985722558916,0.30837291358516367,0.3815610582080902,28.0,0.0,28.0,28.0,0.8193896402431905,0.02022627141071704,0.8049206373074971,0.8338586431788839,0.11205189908137361,0.011082567330988202,0.10412390800526633,0.1199798901574809
1.0,signflip_mu0p4,arl_fl,ARL-FL,10,10,0.37665299445225403,0.05752662402172481,0.33550092668113524,0.4178050622233728,0.46244311746043126,0.052611402530033415,0.42480718732776934,0.5000790475930932,28.0,0.0,28.0,28.0,0.7908940268677209,0.02075232483726569,0.7760487079804363,0.8057393457550055,0.1489924662623875,0.01840013991776538,0.13582979910138754,0.16215513342338744
1.0,signflip_mu0p4,arl_fl,ARL-FL,15,10,0.48957970003119045,0.0707566340992666,0.43896345318504065,0.5401959468773402,0.5435065833789616,0.05796094365514279,0.5020438220586787,0.5849693446992446,28.0,0.0,28.0,28.0,0.7611841911912977,0.021592651856746085,0.745737738567354,0.7766306438152413,0.1720228954007646,0.009493408642260087,0.16523171996732225,0.17881407083420695
1.0,signflip_mu0p4,arl_fl,ARL-FL,20,10,0.431734072544006,0.11457689857397714,0.34977069688441104,0.513697448203601,0.4965695186687107,0.09582217978857178,0.4280224606117932,0.5651165767256281,28.0,0.0,28.0,28.0,0.7314216045151631,0.02213436622188099,0.7155876327790568,0.7472555762512695,0.23409243634596955,0.01750205526717499,0.22157222024191567,0.24661265245002342
1.0,signflip_mu0p4,arl_fl,ARL-FL,25,10,0.19148286863834316,0.15895135960961843,0.07777591582817606,0.30518982144851026,0.2853126449558698,0.14814860523986706,0.17933351708760908,0.39129177282413047,28.0,0.0,28.0,28.0,0.7019297929181965,0.022299284616206245,0.6859778456697879,0.717881740166605,0.2539803796140518,0.022178270117590423,0.23811500092295065,0.2698457583051529
1.0,signflip_mu0p4,arl_fl,ARL-FL,30,10,0.12823931214867884,0.11730642732064592,0.04432334925010893,0.21215527504724874,0.21840513809111317,0.12710055908460102,0.12748287539721131,0.309327400785015,28.0,0.0,28.0,28.0,0.672348108336952,0.022926608009138646,0.6559474009671323,0.6887488157067717,0.2392541495673791,0.03179938647119216,0.21650623884958164,0.26200206028517653
1.0,signflip_mu0p4,arl_fl,ARL-FL,35,10,0.14380750377143392,0.1521372844727185,0.03497504666825117,0.25263996087461665,0.22985731613219648,0.155075424288402,0.11892304042115719,0.34079159184323576,28.0,0.0,28.0,28.0,0.64203519116724,0.023329149013847795,0.6253465233097653,0.6587238590247146,0.25796884973337164,0.03773548535733446,0.23097450968284755,0.28496318978389573
1.0,signflip_mu0p4,arl_fl,ARL-FL,40,10,0.10887967522889234,0.11337059778743676,0.027779235167626898,0.1899801152901578,0.2042685725555271,0.11944920977237684,0.11881975543211873,0.28971738967893546,28.0,0.0,28.0,28.0,0.6125650499493271,0.02324452265366772,0.5959369201430343,0.62919317975562,0.2870746847861851,0.09187816155298331,0.22134900741137006,0.3528003621610001
1.0,signflip_mu0p4,arl_fl,ARL-FL,45,10,0.05977833917388655,0.061085348939484245,0.01608051295639868,0.10347616539137441,0.1487035417454494,0.07814967632245555,0.09279863108880868,0.2046084524020901,28.0,0.0,28.0,28.0,0.5823595325855244,0.0238076724752878,0.5653285496652396,0.5993905155058092,0.28450960787065693,0.07877979735009809,0.2281539357852948,0.34086527995601906
1.0,signflip_mu0p4,arl_fl,ARL-FL,50,10,0.08056160546936084,0.1014383614902813,0.007996973046939387,0.15312623789178229,0.16650245748150488,0.11085449745017656,0.08720192717261364,0.2458029877903961,28.0,0.0,28.0,28.0,0.5524648965858637,0.02427252602504852,0.5351013774684926,0.5698284157032348,0.32498067103860306,0.06759649043303677,0.27662505478795024,0.3733362872892559
1.0,signflip_mu0p4,arl_fl,ARL-FL,55,10,0.06577565190405894,0.07561916781472972,0.011680957984037427,0.11987034582408046,0.1565378823720956,0.09245327596602823,0.09040079293018563,0.22267497181400556,27.9,0.3162277660168379,27.673784283720178,28.12621571627982,0.5224508901248696,0.025128959508123532,0.5044747154008762,0.5404270648488629,0.2995700890554124,0.0743398866787178,0.24639053773071498,0.35274964038010975
1.0,signflip_mu0p4,arl_fl,ARL-FL,60,10,0.06118528013194381,0.07591770576286193,0.0068770250290315985,0.11549353523485603,0.1464247951730452,0.0864873007799008,0.08455550728138111,0.2082940830647093,27.8,0.4216370213557839,27.49837904496024,28.10162095503976,0.49289744541967095,0.025581620402247374,0.47459745659900326,0.5111974342403387,0.3232126207427428,0.06430294811898339,0.27721306273155466,0.369212178753931
1.0,signflip_mu0p4,arl_fl,ARL-FL,65,10,0.037853310254455035,0.038450339599600245,0.01034759428496368,0.06535902622394639,0.11516018003341251,0.04994168418476393,0.0794340513560357,0.1508863087107893,27.7,0.6749485577105528,27.217170888066814,28.182829111933184,0.46306874028193407,0.02637988177226034,0.444197709677458,0.48193977088641016,0.3525580585297727,0.08826330711861669,0.2894182922386605,0.41569782482088485
1.0,signflip_mu0p4,arl_fl,ARL-FL,70,10,0.04896158556163034,0.05869455562340709,0.006974029853546768,0.09094914126971392,0.1322718031579994,0.07240208728088122,0.0804784700149302,0.18406513630106863,27.4,0.6992058987801011,26.899818231612226,27.90018176838777,0.43328092566364174,0.02677094105913723,0.4141301480976543,0.45243170322962917,0.33736251378358384,0.08537332438449051,0.2762901165994648,0.3984349109677029
1.0,signflip_mu0p4,arl_fl,ARL-FL,75,10,0.030240248427258372,0.027173403077671823,0.010801566876921322,0.04967892997759542,0.10756237758225429,0.04105141731688253,0.07819596270473864,0.13692879245976994,27.1,0.7378647873726218,26.57216332868042,27.62783667131958,0.40327132025588697,0.027354649762964506,0.3837029826375415,0.42283965787423244,0.323451439939271,0.11032940235109458,0.2445265400357994,0.40237633984274257
1.0,signflip_mu0p4,arl_fl,ARL-FL,80,10,0.04521840724399706,0.08453150881727269,-0.015251791360559083,0.1056886058485532,0.11398099060632502,0.08682863955149592,0.05186752366712482,0.17609445754552522,26.8,0.6324555320336759,26.34756856744036,27.252431432559643,0.37324261953480664,0.028033048820704926,0.35318898446550256,0.3932962546041107,0.3128793800015364,0.14258314787359005,0.21088154049512728,0.41487721950794554
1.0,signflip_mu0p4,arl_fl,ARL-FL,85,10,0.04830960819447712,0.07228968191012977,-0.0034033149903568427,0.10002253137931108,0.12642018681112155,0.0898143096374934,0.06217090015695302,0.19066947346529006,26.1,0.5676462121975466,25.693930361956397,26.506069638043606,0.34377934589679116,0.028810263363054003,0.3231697250371969,0.36438896675638544,0.2867877200671128,0.11227761165646703,0.2064691551827667,0.36710628495145886
1.0,signflip_mu0p4,arl_fl,ARL-FL,90,10,0.040796003805077155,0.05577838368286441,0.0008945518336586564,0.08069745577649565,0.11697881171676268,0.06832381253098904,0.06810290058047463,0.16585472285305072,25.3,0.6749485577105528,24.817170888066816,25.782829111933186,0.3143040548545849,0.029866486070174007,0.2929388577872093,0.3356692519219605,0.3373782451145276,0.1098838497796139,0.2587720743200377,0.41598441590901747
1.0,signflip_mu0p4,arl_fl,ARL-FL,95,10,0.04239604493137606,0.06343711979390036,-0.0029841368080789146,0.08777622667083104,0.119424017836211,0.07601672450329612,0.06504492899350867,0.17380310667891333,24.4,1.0749676997731399,23.631014432271883,25.168985567728114,0.2847227477120671,0.030547781673157,0.26287018113009014,0.3065753142940441,0.3344883358612615,0.09117176436628066,0.26926798459231244,0.3997086871302105
1.0,signflip_mu0p4,arl_fl,ARL-FL,100,10,0.025281854764371815,0.027745989788840478,0.0054335693559332335,0.0451301401728104,0.09850259338202867,0.033000818548344565,0.07489522993078558,0.12210995683327176,23.6,1.837873166945363,22.28526473772746,24.914735262272544,0.2549551604097688,0.030688384706980567,0.2330020124765457,0.27690830834299185,0.33468325145137284,0.08033961167720464,0.277211755415083,0.39215474748766266
1.0,labelflip_mu0p2,fedavg,FedAvg,0,10,0.01609087313920187,0.013901911560994011,0.006146044697851382,0.026035701580552358,0.08686762240013177,0.013057844160576017,0.077526603402775,0.09620864139748854,28.0,0.0,28.0,28.0,0.846142275246185,0.01941488061683745,0.8322537063183344,0.8600308441740356,,,,
1.0,labelflip_mu0p2,fedavg,FedAvg,5,10,0.3472085314586179,0.07472221869486091,0.29375547628579884,0.400661586631437,0.42704949690073474,0.07080182788795931,0.37640092036573664,0.47769807343573284,28.0,0.0,28.0,28.0,0.814488403232868,0.01975544430453218,0.800356209719102,0.8286205967466339,,,,
1.0,labelflip_mu0p2,fedavg,FedAvg,10,10,0.4305819612913961,0.06986055394282321,0.38060673157346137,0.4805571910093308,0.5036567809817706,0.05595995752488577,0.4636254389085185,0.5436881230550227,28.0,0.0,28.0,28.0,0.7828461648799379,0.020452505972828165,0.7682153234878689,0.7974770062720068,,,,
1.0,labelflip_mu0p2,fedavg,FedAvg,15,10,0.5151898737239458,0.053428685103606,0.4769692948581492,0.5534104525897423,0.5754139106022792,0.04757713632406454,0.5413792775665519,0.6094485436380065,28.0,0.0,28.0,28.0,0.7512721167591332,0.021118830597564177,0.7361646154451411,0.7663796180731253,,,,
1.0,labelflip_mu0p2,fedavg,FedAvg,20,10,0.5265132493997589,0.08474038716137096,0.4658936282292443,0.5871328705702734,0.5718733213472528,0.07117382299234573,0.5209586355453446,0.6227880071491609,28.0,0.0,28.0,28.0,0.7201077964980684,0.021886451277820282,0.7044511724292892,0.7357644205668477,,,,
1.0,labelflip_mu0p2,fedavg,FedAvg,25,10,0.5283891333188807,0.11758509229596435,0.4442738255057646,0.6125044411319969,0.5757272613580735,0.09125590492359645,0.5104467195603763,0.6410078031557707,28.0,0.0,28.0,28.0,0.6885400982747492,0.02272538576892314,0.6722833366241026,0.7047968599253958,,,,
1.0,labelflip_mu0p2,fedavg,FedAvg,30,10,0.5428944285798373,0.08460493884933995,0.48237170129473617,0.6034171558649384,0.5894424136641226,0.0730373709723166,0.5371946259451346,0.6416902013831107,28.0,0.0,28.0,28.0,0.6573938165686163,0.02343456645174027,0.6406297376189354,0.6741578955182972,,,,
1.0,labelflip_mu0p2,fedavg,FedAvg,35,10,0.5805939436336311,0.10607015269328623,0.5047159273871259,0.6564719598801364,0.6155493684061114,0.09036837974600267,0.5509037238734289,0.6801950129387939,28.0,0.0,28.0,28.0,0.6262662241259017,0.024512792894592454,0.6087308284441264,0.643801619807677,,,,
1.0,labelflip_mu0p2,fedavg,FedAvg,40,10,0.5531202287868119,0.12104560621499022,0.46652941844351303,0.6397110391301107,0.5874993407138807,0.10053612023494561,0.5155801328043152,0.6594185486234461,28.0,0.0,28.0,28.0,0.5943433552678176,0.025895598331844433,0.5758187601668903,0.6128679503687449,,,,
1.0,labelflip_mu0p2,fedavg,FedAvg,45,10,0.6097753860167338,0.10559039475729551,0.5342405679229337,0.6853102041105338,0.6425027172987109,0.07442035980449133,0.5892655989677463,0.6957398356296755,28.0,0.0,28.0,28.0,0.5628902988644019,0.026902382209516035,0.5436454939637623,0.5821351037650415,,,,
1.0,labelflip_mu0p2,fedavg,FedAvg,50,10,0.6279905908321104,0.0633545014730807,0.5826695106790135,0.6733116709852073,0.6559024429724717,0.05044053600178486,0.6198194572027329,0.6919854287422105,28.0,0.0,28.0,28.0,0.5316171171654378,0.0272211370026331,0.5121442888222306,0.551089945508645,,,,
1.0,labelflip_mu0p2,fedavg,FedAvg,55,10,0.645569240232121,0.08924562335227756,0.5817267672394124,0.7094117132248297,0.6685127844686648,0.07200860473608663,0.6170009317813934,0.7200246371559362,27.9,0.3162277660168379,27.673784283720178,28.12621571627982,0.4999240585846804,0.02731188973929114,0.4803863096445692,0.5194618075247917,,,,
1.0,labelflip_mu0p2,fedavg,FedAvg,60,10,0.6506263424427743,0.12274751487359803,0.562818059987209,0.7384346248983396,0.6809379004860954,0.0913127009640064,0.6156167292486592,0.7462590717235316,27.9,0.3162277660168379,27.673784283720178,28.12621571627982,0.4688819862422675,0.027883785034012887,0.44893512805358493,0.4888288444309501,,,,
1.0,labelflip_mu0p2,fedavg,FedAvg,65,10,0.7051091174244564,0.05656831298368282,0.6646425840724689,0.7455756507764438,0.7142160084164564,0.0508641343522021,0.6778299986413889,0.7506020181915238,27.8,0.4216370213557839,27.49837904496024,28.10162095503976,0.4375683965220696,0.028992297572541292,0.4168285562335956,0.45830823681054356,,,,
1.0,labelflip_mu0p2,fedavg,FedAvg,70,10,0.7333202447167982,0.0639495008749852,0.6875735276325006,0.7790669618010959,0.7362388881114046,0.05245042865702717,0.6987181117504786,0.7737596644723306,27.0,1.247219128924647,26.107793182865038,27.892206817134962,0.40583875053470414,0.029541648553005073,0.38470592822855365,0.42697157284085463,,,,
1.0,labelflip_mu0p2,fedavg,FedAvg,75,10,0.6788832615063672,0.09249906274306989,0.6127134181772984,0.7450531048354361,0.6924189498147915,0.07794920164718533,0.6366574501015775,0.7481804495280054,26.6,1.577621275493231,25.471437725569672,27.72856227443033,0.374682460226925,0.02974846743773028,0.3534016886033012,0.39596323185054877,,,,
1.0,labelflip_mu0p2,fedavg,FedAvg,80,10,0.7020165733595303,0.10951816801860544,0.6236719955381653,0.7803611511808952,0.7119552448011686,0.0945398942365535,0.6443254785693138,0.7795850110330234,25.5,2.273030282830976,23.87397208969641,27.12602791030359,0.34408181038134755,0.02990370601448908,0.3226899877697663,0.3654736329929288,,,,
1.0,labelflip_mu0p2,fedavg,FedAvg,85,10,0.7284075211310588,0.055383633417915495,0.6887884564878053,0.7680265857743123,0.734532884546508,0.04458520101119813,0.7026385530990572,0.7664272159939588,24.8,2.573367875415838,22.959123518718226,26.640876481281776,0.3134104313150977,0.03005113216592859,0.2919131463879635,0.3349077162422319,,,,
1.0,labelflip_mu0p2,fedavg,FedAvg,90,10,0.7014042149168952,0.10030565079896044,0.6296498749099769,0.7731585549238135,0.7104005815977884,0.07933272102565753,0.6536493717426402,0.7671517914529367,23.5,2.9154759474226504,21.41439414681984,25.58560585318016,0.2828548154278359,0.029888930478427448,0.26147356259801574,0.3042360682576561,,,,
1.0,labelflip_mu0p2,fedavg,FedAvg,95,10,0.7251138495983724,0.1102143048848827,0.6462712854622152,0.8039564137345296,0.7365045320781556,0.08204241093384314,0.6778149268341477,0.7951941373221635,22.4,3.6575644598253874,19.783536004631046,25.01646399536895,0.2532755874049368,0.030220187768274245,0.2316573673851716,0.274893807424702,,,,
1.0,labelflip_mu0p2,fedavg,FedAvg,100,10,0.735537906124031,0.06688288433330053,0.6876927729249673,0.7833830393230947,0.7428702821142903,0.05622732198318066,0.7026476790293859,0.7830928851991947,19.1,3.4140233677518315,16.657754806733504,21.5422451932665,0.2261716510613875,0.026265348431731915,0.2073825526730223,0.2449607494497527,,,,
1.0,labelflip_mu0p2,fedprox,FedProx,0,10,0.01609087313920187,0.013901911560994011,0.006146044697851382,0.026035701580552358,0.08686762240013177,0.013057844160576017,0.077526603402775,0.09620864139748854,28.0,0.0,28.0,28.0,0.846142275246185,0.01941488061683745,0.8322537063183344,0.8600308441740356,,,,
1.0,labelflip_mu0p2,fedprox,FedProx,5,10,0.33153478543098863,0.07960686307188089,0.2745874661698576,0.3884821046921197,0.4136698807040487,0.0753119062400556,0.35979498847340974,0.46754477293468766,28.0,0.0,28.0,28.0,0.814488403232868,0.01975544430453218,0.800356209719102,0.8286205967466339,,,,
1.0,labelflip_mu0p2,fedprox,FedProx,10,10,0.42598960288216425,0.06489015797452281,0.379569980245562,0.4724092255187665,0.4999201330728032,0.04954920665689814,0.46447476590542347,0.5353655002401829,28.0,0.0,28.0,28.0,0.7828461648799379,0.020452505972828165,0.7682153234878689,0.7974770062720068,,,,
1.0,labelflip_mu0p2,fedprox,FedProx,15,10,0.5093424342328929,0.04039773855972861,0.48044363296859366,0.5382412354971922,0.5709732078479052,0.03808435092080639,0.543729304407296,0.5982171112885143,28.0,0.0,28.0,28.0,0.7512721167591332,0.021118830597564177,0.7361646154451411,0.7663796180731253,,,,
1.0,labelflip_mu0p2,fedprox,FedProx,20,10,0.5206280613056902,0.08003869177645682,0.46337183039854435,0.577884292212836,0.5681188544653656,0.06260749784459653,0.52333214851669,0.6129055604140412,28.0,0.0,28.0,28.0,0.7201077964980684,0.021886451277820282,0.7044511724292892,0.7357644205668477,,,,
1.0,labelflip_mu0p2,fedprox,FedProx,25,10,0.5150398898089483,0.12584430709866395,0.4250162956488259,0.6050634839690707,0.5630986943524954,0.10191341532139739,0.49019422889127723,0.6360031598137136,28.0,0.0,28.0,28.0,0.6885400982747492,0.02272538576892314,0.6722833366241026,0.7047968599253958,,,,
1.0,labelflip_mu0p2,fedprox,FedProx,30,10,0.5441758550116786,0.10028694030329392,0.47243489968704955,0.6159168103363077,0.589317186141203,0.08256898563768587,0.5302508920462917,0.6483834802361143,28.0,0.0,28.0,28.0,0.6573938165686163,0.02343456645174027,0.6406297376189354,0.6741578955182972,,,,
1.0,labelflip_mu0p2,fedprox,FedProx,35,10,0.5776323755396924,0.11455528213813213,0.49568446334676164,0.6595802877326231,0.6134415854597197,0.09682264099045694,0.544178840572878,0.6827043303465614,28.0,0.0,28.0,28.0,0.6262662241259017,0.024512792894592454,0.6087308284441264,0.643801619807677,,,,
1.0,labelflip_mu0p2,fedprox,FedProx,40,10,0.5802848858324168,0.09866059417421293,0.5097073484427245,0.6508624232221091,0.6047584810498594,0.08182514905587197,0.5462242955906624,0.6632926665090564,28.0,0.0,28.0,28.0,0.5943433552678176,0.025895598331844433,0.5758187601668903,0.6128679503687449,,,,
1.0,labelflip_mu0p2,fedprox,FedProx,45,10,0.603940216978056,0.10009245770330784,0.5323383861244181,0.6755420478316939,0.6347172796933446,0.07535364378917471,0.5808125302187049,0.6886220291679842,28.0,0.0,28.0,28.0,0.5628902988644019,0.026902382209516035,0.5436454939637623,0.5821351037650415,,,,
1.0,labelflip_mu0p2,fedprox,FedProx,50,10,0.6242753975400893,0.06107383045462881,0.5805858111502891,0.6679649839298896,0.6537977976284443,0.05312896138635333,0.6157916281936676,0.6918039670632209,28.0,0.0,28.0,28.0,0.5316171171654378,0.0272211370026331,0.5121442888222306,0.551089945508645,,,,
1.0,labelflip_mu0p2,fedprox,FedProx,55,10,0.6508693429409452,0.08505597082730018,0.5900239668155967,0.7117147190662938,0.6698927691248749,0.06736949211767747,0.6216995376867581,0.7180860005629918,27.9,0.3162277660168379,27.673784283720178,28.12621571627982,0.4999240585846804,0.02731188973929114,0.4803863096445692,0.5194618075247917,,,,
1.0,labelflip_mu0p2,fedprox,FedProx,60,10,0.6364907212425415,0.1389989894513154,0.5370568342155995,0.7359246082694835,0.6705403535257042,0.10509067701327487,0.5953630119711254,0.745717695080283,27.9,0.3162277660168379,27.673784283720178,28.12621571627982,0.4688819862422675,0.027883785034012887,0.44893512805358493,0.4888288444309501,,,,
1.0,labelflip_mu0p2,fedprox,FedProx,65,10,0.6950101067165383,0.06619256278343318,0.6476587998055126,0.742361413627564,0.7052399931502703,0.05792570851609193,0.6638024375300402,0.7466775487705004,27.8,0.4216370213557839,27.49837904496024,28.10162095503976,0.4375683965220696,0.028992297572541292,0.4168285562335956,0.45830823681054356,,,,
1.0,labelflip_mu0p2,fedprox,FedProx,70,10,0.7332519079960189,0.06155209628280542,0.6892201908431428,0.777283625148895,0.7366743047360458,0.05111733924855731,0.700107163089745,0.7732414463823466,27.0,1.247219128924647,26.107793182865038,27.892206817134962,0.40583875053470414,0.029541648553005073,0.38470592822855365,0.42697157284085463,,,,
1.0,labelflip_mu0p2,fedprox,FedProx,75,10,0.6725821295166048,0.09020666362677969,0.6080521697266151,0.7371120893065944,0.6862342973816454,0.07522557800040267,0.6324211606534225,0.7400474341098684,26.6,1.577621275493231,25.471437725569672,27.72856227443033,0.374682460226925,0.02974846743773028,0.3534016886033012,0.39596323185054877,,,,
1.0,labelflip_mu0p2,fedprox,FedProx,80,10,0.7032099629337593,0.11356942919555932,0.6219672874515695,0.784452638415949,0.7137007116529469,0.09541898972591138,0.6454420783917723,0.7819593449141216,25.5,2.273030282830976,23.87397208969641,27.12602791030359,0.34408181038134755,0.02990370601448908,0.3226899877697663,0.3654736329929288,,,,
1.0,labelflip_mu0p2,fedprox,FedProx,85,10,0.7313040004501999,0.05333018572432359,0.6931538837956069,0.769454117104793,0.7357114218903846,0.04574049331060509,0.7029906441181383,0.768432199662631,24.8,2.573367875415838,22.959123518718226,26.640876481281776,0.3134104313150977,0.03005113216592859,0.2919131463879635,0.3349077162422319,,,,
1.0,labelflip_mu0p2,fedprox,FedProx,90,10,0.6881621944618017,0.10873956163795202,0.61037459809187,0.7659497908317334,0.7010088544121179,0.08511694541773138,0.6401198596924157,0.7618978491318201,23.5,2.9154759474226504,21.41439414681984,25.58560585318016,0.2828548154278359,0.029888930478427448,0.26147356259801574,0.3042360682576561,,,,
1.0,labelflip_mu0p2,fedprox,FedProx,95,10,0.7276146781467674,0.11352175717289266,0.6464061051752138,0.808823251118321,0.7381695417308791,0.08483698930499459,0.6774808155497918,0.7988582679119665,22.4,3.6575644598253874,19.783536004631046,25.01646399536895,0.2532755874049368,0.030220187768274245,0.2316573673851716,0.274893807424702,,,,
1.0,labelflip_mu0p2,fedprox,FedProx,100,10,0.7326352000217634,0.06480240205964462,0.686278354184909,0.7789920458586178,0.7413606298550955,0.055721955785638363,0.7014995439696471,0.781221715740544,19.1,3.4140233677518315,16.657754806733504,21.5422451932665,0.2261716510613875,0.026265348431731915,0.2073825526730223,0.2449607494497527,,,,
1.0,labelflip_mu0p2,random_trimmed_mean,Random Trimmed Mean,0,10,0.01609087313920187,0.013901911560994011,0.006146044697851382,0.026035701580552358,0.08686762240013177,0.013057844160576017,0.077526603402775,0.09620864139748854,28.0,0.0,28.0,28.0,0.846142275246185,0.01941488061683745,0.8322537063183344,0.8600308441740356,,,,
1.0,labelflip_mu0p2,random_trimmed_mean,Random Trimmed Mean,5,10,0.29307409340397367,0.06777990972077243,0.24458726689915092,0.3415609199087964,0.38356435886018986,0.06858616737672542,0.3345007703731894,0.4326279473471903,28.0,0.0,28.0,28.0,0.814488403232868,0.01975544430453218,0.800356209719102,0.8286205967466339,,,,
1.0,labelflip_mu0p2,random_trimmed_mean,Random Trimmed Mean,10,10,0.4223007850891481,0.06844914278562726,0.3733352180896775,0.47126635208861867,0.49622038803636076,0.0574734191499537,0.4551063807376947,0.5373343953350268,28.0,0.0,28.0,28.0,0.7828461648799379,0.020452505972828165,0.7682153234878689,0.7974770062720068,,,,
1.0,labelflip_mu0p2,random_trimmed_mean,Random Trimmed Mean,15,10,0.5059199421587571,0.055181659488627015,0.46644536096064615,0.5453945233568681,0.5610832320455292,0.04626686603314788,0.5279859099110973,0.5941805541799612,28.0,0.0,28.0,28.0,0.7512721167591332,0.021118830597564177,0.7361646154451411,0.7663796180731253,,,,
1.0,labelflip_mu0p2,random_trimmed_mean,Random Trimmed Mean,20,10,0.5346193467222455,0.08050062611171993,0.47703266789826426,0.5922060255462268,0.5781831408185785,0.07233767640532303,0.5264358844401594,0.6299303971969975,28.0,0.0,28.0,28.0,0.7201077964980684,0.021886451277820282,0.7044511724292892,0.7357644205668477,,,,
1.0,labelflip_mu0p2,random_trimmed_mean,Random Trimmed Mean,25,10,0.5286689043334223,0.09617196304167994,0.45987162641080104,0.5974661822560435,0.5736116127597601,0.07342798444023209,0.5210843969989336,0.6261388285205867,28.0,0.0,28.0,28.0,0.6885400982747492,0.02272538576892314,0.6722833366241026,0.7047968599253958,,,,
1.0,labelflip_mu0p2,random_trimmed_mean,Random Trimmed Mean,30,10,0.5872928866401791,0.05689751570717702,0.5465908558464756,0.6279949174338826,0.6292761190026133,0.04228006652368063,0.5990307814299992,0.6595214565752273,28.0,0.0,28.0,28.0,0.6573938165686163,0.02343456645174027,0.6406297376189354,0.6741578955182972,,,,
1.0,labelflip_mu0p2,random_trimmed_mean,Random Trimmed Mean,35,10,0.5824478103793813,0.11649772164744279,0.4991103606690349,0.6657852600897277,0.6171375696300146,0.09178346994442772,0.5514796305513173,0.682795508708712,28.0,0.0,28.0,28.0,0.6262662241259017,0.024512792894592454,0.6087308284441264,0.643801619807677,,,,
1.0,labelflip_mu0p2,random_trimmed_mean,Random Trimmed Mean,40,10,0.5770929823943183,0.06589940689210155,0.5299513865746827,0.6242345782139539,0.6115638951656395,0.051905258479137344,0.5744331100563962,0.6486946802748828,28.0,0.0,28.0,28.0,0.5943433552678176,0.025895598331844433,0.5758187601668903,0.6128679503687449,,,,
1.0,labelflip_mu0p2,random_trimmed_mean,Random Trimmed Mean,45,10,0.6182250467599513,0.07387900308155791,0.5653751916993308,0.6710749018205717,0.6510428205545205,0.05643704601072535,0.6106701899381639,0.691415451170877,28.0,0.0,28.0,28.0,0.5628902988644019,0.026902382209516035,0.5436454939637623,0.5821351037650415,,,,
1.0,labelflip_mu0p2,random_trimmed_mean,Random Trimmed Mean,50,10,0.6469616373923411,0.05340536682660886,0.6087577394170298,0.6851655353676525,0.6727299175493383,0.04341154043867753,0.6416751722977055,0.7037846628009711,28.0,0.0,28.0,28.0,0.5316171171654378,0.0272211370026331,0.5121442888222306,0.551089945508645,,,,
1.0,labelflip_mu0p2,random_trimmed_mean,Random Trimmed Mean,55,10,0.654426729973834,0.07243182286983989,0.6026121252718502,0.7062413346758178,0.6777037850523543,0.05675097953802189,0.6371065799192305,0.7183009901854781,27.9,0.3162277660168379,27.673784283720178,28.12621571627982,0.4999240585846804,0.02731188973929114,0.4803863096445692,0.5194618075247917,,,,
1.0,labelflip_mu0p2,random_trimmed_mean,Random Trimmed Mean,60,10,0.6596020428808269,0.09345128881287626,0.5927510180566767,0.7264530677049771,0.6837651044482101,0.07553050433184764,0.6297338365629758,0.7377963723334445,27.9,0.3162277660168379,27.673784283720178,28.12621571627982,0.4688819862422675,0.027883785034012887,0.44893512805358493,0.4888288444309501,,,,
1.0,labelflip_mu0p2,random_trimmed_mean,Random Trimmed Mean,65,10,0.6838190912012779,0.08420878663463081,0.6235797541387845,0.7440584282637713,0.7028645010919928,0.06776030943332931,0.6543916957881515,0.7513373063958342,27.8,0.4216370213557839,27.49837904496024,28.10162095503976,0.4375683965220696,0.028992297572541292,0.4168285562335956,0.45830823681054356,,,,
1.0,labelflip_mu0p2,random_trimmed_mean,Random Trimmed Mean,70,10,0.7230399379535731,0.06862633221126967,0.6739476172748043,0.7721322586323419,0.7291772345363154,0.056320199460068214,0.6888881909069103,0.7694662781657206,27.0,1.247219128924647,26.107793182865038,27.892206817134962,0.40583875053470414,0.029541648553005073,0.38470592822855365,0.42697157284085463,,,,
1.0,labelflip_mu0p2,random_trimmed_mean,Random Trimmed Mean,75,10,0.6958519631656197,0.07837484664246043,0.6397859753655438,0.7519179509656956,0.7120620776999631,0.06332545629210447,0.6667617752176627,0.7573623801822635,26.6,1.577621275493231,25.471437725569672,27.72856227443033,0.374682460226925,0.02974846743773028,0.3534016886033012,0.39596323185054877,,,,
1.0,labelflip_mu0p2,random_trimmed_mean,Random Trimmed Mean,80,10,0.6969206556063268,0.1076944542460652,0.6198806840266622,0.7739606271859913,0.71098151869611,0.08733182341952171,0.6485080957019446,0.7734549416902755,25.5,2.273030282830976,23.87397208969641,27.12602791030359,0.34408181038134755,0.02990370601448908,0.3226899877697663,0.3654736329929288,,,,
1.0,labelflip_mu0p2,random_trimmed_mean,Random Trimmed Mean,85,10,0.724961410962826,0.06321055421127383,0.6797433044775582,0.7701795174480938,0.7363899664024001,0.04914229697245936,0.70123568488789,0.7715442479169101,24.8,2.573367875415838,22.959123518718226,26.640876481281776,0.3134104313150977,0.03005113216592859,0.2919131463879635,0.3349077162422319,,,,
1.0,labelflip_mu0p2,random_trimmed_mean,Random Trimmed Mean,90,10,0.699205983122761,0.10200279209398984,0.6262375813700355,0.7721743848754866,0.7113127168327876,0.0838310062895103,0.6513436275491162,0.771281806116459,23.5,2.9154759474226504,21.41439414681984,25.58560585318016,0.2828548154278359,0.029888930478427448,0.26147356259801574,0.3042360682576561,,,,
1.0,labelflip_mu0p2,random_trimmed_mean,Random Trimmed Mean,95,10,0.7198773331728001,0.11083926170829446,0.6405877018570818,0.7991669644885184,0.7314820064107076,0.07941787265813667,0.6746698827472107,0.7882941300742045,22.4,3.6575644598253874,19.783536004631046,25.01646399536895,0.2532755874049368,0.030220187768274245,0.2316573673851716,0.274893807424702,,,,
1.0,labelflip_mu0p2,random_trimmed_mean,Random Trimmed Mean,100,10,0.7413862079733317,0.05283799351273838,0.7035881844163611,0.7791842315303023,0.7460498316954947,0.05039428683432864,0.7099999305870911,0.7820997328038982,19.1,3.4140233677518315,16.657754806733504,21.5422451932665,0.2261716510613875,0.026265348431731915,0.2073825526730223,0.2449607494497527,,,,
1.0,labelflip_mu0p2,fedle_adapted,FedLE-adapted,0,10,0.01609087313920187,0.013901911560994011,0.006146044697851382,0.026035701580552358,0.08686762240013177,0.013057844160576017,0.077526603402775,0.09620864139748854,28.0,0.0,28.0,28.0,0.8258224892488476,0.019764711157198044,0.8116836666280305,0.8399613118696647,,,,
1.0,labelflip_mu0p2,fedle_adapted,FedLE-adapted,5,10,0.3045008207158787,0.07465399457919566,0.2510965701353545,0.35790507129640287,0.39213266386876067,0.05368847375514374,0.3537262433969938,0.4305390843405275,28.0,0.0,28.0,28.0,0.7953771774956169,0.02008918047327022,0.781006243508772,0.8097481114824617,,,,
1.0,labelflip_mu0p2,fedle_adapted,FedLE-adapted,10,10,0.44211487236447705,0.08409523192622273,0.3819567674468489,0.5022729772821052,0.5082617787662349,0.06815190384669638,0.45950884369445194,0.5570147138380179,28.0,0.0,28.0,28.0,0.7644407896940622,0.020849904150353624,0.7495256667712803,0.779355912616844,,,,
1.0,labelflip_mu0p2,fedle_adapted,FedLE-adapted,15,10,0.5163464893445704,0.056109015378509,0.47620851770633976,0.556484460982801,0.5683386367054952,0.03797881414179158,0.5411702297285883,0.5955070436824021,28.0,0.0,28.0,28.0,0.7339582815548443,0.02204297331320267,0.7181896883671177,0.7497268747425709,,,,
1.0,labelflip_mu0p2,fedle_adapted,FedLE-adapted,20,10,0.5082215277774218,0.0861503481086696,0.4465932813061082,0.5698497742487354,0.5608150469197832,0.06946780168908177,0.511120775238898,0.6105093186006685,28.0,0.0,28.0,28.0,0.7031318858207526,0.022441358412491418,0.687078305101014,0.7191854665404912,,,,
1.0,labelflip_mu0p2,fedle_adapted,FedLE-adapted,25,10,0.503423870562141,0.09913712864876556,0.4325054409451443,0.5743423001791377,0.5609688710682972,0.08483728267266767,0.500279935024619,0.6216578071119754,28.0,0.0,28.0,28.0,0.672782292016824,0.02328558510633888,0.6561247879014369,0.6894397961322112,,,,
1.0,labelflip_mu0p2,fedle_adapted,FedLE-adapted,30,10,0.5930189444144113,0.10099414052329066,0.5207720885285035,0.665265800300319,0.6301593258295556,0.08247328741873797,0.5711614901164579,0.6891571615426533,28.0,0.0,28.0,28.0,0.6423064681715053,0.02417524053509478,0.6250125429012233,0.6596003934417872,,,,
1.0,labelflip_mu0p2,fedle_adapted,FedLE-adapted,35,10,0.6547069584629261,0.10550713593663331,0.5792317001414699,0.7301822167843824,0.6771515920636315,0.08379933134276855,0.617205161671858,0.737098022455405,28.0,0.0,28.0,28.0,0.6122287869996816,0.024864215488661863,0.5944419987383246,0.6300155752610387,,,,
1.0,labelflip_mu0p2,fedle_adapted,FedLE-adapted,40,10,0.596579913723637,0.16403094795125436,0.4792392423137925,0.7139205851334813,0.6344968166688495,0.13377535762490902,0.5387996907431755,0.7301939425945235,28.0,0.0,28.0,28.0,0.5816218887242907,0.02554395520888569,0.563348843959809,0.5998949334887723,,,,
1.0,labelflip_mu0p2,fedle_adapted,FedLE-adapted,45,10,0.6176188192729228,0.10911013175248524,0.5395661330124134,0.6956715055334323,0.6420533037998204,0.0881919230793287,0.578964602574189,0.7051420050254518,27.9,0.3162277660168379,27.673784283720178,28.12621571627982,0.5517624356022538,0.0266226397541242,0.5327177463989718,0.5708071248055357,,,,
1.0,labelflip_mu0p2,fedle_adapted,FedLE-adapted,50,10,0.6639348449797604,0.06445093202374352,0.6178294256603296,0.7100402642991912,0.6912220710972347,0.053431244689968876,0.652999661213657,0.7294444809808123,27.9,0.3162277660168379,27.673784283720178,28.12621571627982,0.5214664147007593,0.027820897662973892,0.5015645434272478,0.5413682859742708,,,,
1.0,labelflip_mu0p2,fedle_adapted,FedLE-adapted,55,10,0.663672111990768,0.11603002682920995,0.5806692309985312,0.7466749929830049,0.6833785718392319,0.09298830657108476,0.6168587445590891,0.7498983991193747,27.9,0.3162277660168379,27.673784283720178,28.12621571627982,0.49132904174654035,0.028632649303551985,0.4708464783310083,0.5118116051620724,,,,
1.0,labelflip_mu0p2,fedle_adapted,FedLE-adapted,60,10,0.6621968698191238,0.11801937529954293,0.5777708946602521,0.7466228449779956,0.6837498827215897,0.09040238220926886,0.6190799142919896,0.7484198511511897,27.7,0.674948557710553,27.217170888066814,28.182829111933184,0.46171201652516836,0.029629689477503125,0.44051621353567016,0.48290781951466655,,,,
1.0,labelflip_mu0p2,fedle_adapted,FedLE-adapted,65,10,0.7069791312974273,0.07009545429104917,0.6568358639931742,0.7571223986016804,0.7156569771771459,0.058937579134532965,0.6734955729220652,0.7578183814322267,27.6,0.6992058987801011,27.09981823161223,28.100181768387774,0.43208553852484544,0.029922353315499063,0.410680376437709,0.4534907006119819,,,,
1.0,labelflip_mu0p2,fedle_adapted,FedLE-adapted,70,10,0.7006727044637293,0.07084236988657204,0.6499951259300417,0.7513502829974169,0.7135326413566032,0.05866722906190716,0.671564633893005,0.7555006488202014,27.4,0.6992058987801011,26.899818231612226,27.90018176838777,0.4021554635911184,0.030858939372316395,0.38008030820020183,0.424230618982035,,,,
1.0,labelflip_mu0p2,fedle_adapted,FedLE-adapted,75,10,0.6930301195402724,0.056568729981471784,0.6525632878860368,0.733496951194508,0.7109443401609173,0.04576555874915294,0.6782056316541046,0.74368304866773,27.0,0.9428090415820634,26.325555041092688,27.674444958907312,0.37218196977678314,0.03187187179822378,0.3493822061797121,0.39498173337385417,,,,
1.0,labelflip_mu0p2,fedle_adapted,FedLE-adapted,80,10,0.701261020388531,0.07136115859714441,0.6502123227679959,0.7523097180090661,0.7156029670198452,0.05777926961960992,0.6742701674755162,0.7569357665641742,26.6,1.0749676997731399,25.831014432271886,27.368985567728117,0.34276976160049155,0.03245584139776821,0.3195522513175095,0.36598727188347363,,,,
1.0,labelflip_mu0p2,fedle_adapted,FedLE-adapted,85,10,0.7010008392047608,0.05409036015008885,0.6623069265249543,0.7396947518845672,0.7144226531781585,0.04209473150176057,0.6843098962933931,0.7445354100629238,25.4,1.837873166945363,24.085264737727456,26.71473526227254,0.3135419415457429,0.033067838894133325,0.28988663462729924,0.3371972484641865,,,,
1.0,labelflip_mu0p2,fedle_adapted,FedLE-adapted,90,10,0.6646321093108772,0.1060550000611011,0.5887649326044493,0.7404992860173052,0.683480825165765,0.08889505997567537,0.6198891301054892,0.7470725202260409,24.6,2.3664319132398464,22.907156588354503,26.2928434116455,0.2842663965181397,0.032705948889029356,0.26086997011404894,0.3076628229222304,,,,
1.0,labelflip_mu0p2,fedle_adapted,FedLE-adapted,95,10,0.7213451828738318,0.09122892288395529,0.6560839428645291,0.7866064228831344,0.7298073695918484,0.07912152427943492,0.6732072407876291,0.7864074983960678,22.8,2.7406406388125952,20.839463792241556,24.760536207758445,0.2557202117575416,0.03286898616567737,0.23220715551167007,0.27923326800341314,,,,
1.0,labelflip_mu0p2,fedle_adapted,FedLE-adapted,100,10,0.7276407317405451,0.056725543090870675,0.6870617227455542,0.768219740735536,0.7392335263176996,0.04777143388317854,0.7050599011812468,0.7734071514541523,21.4,2.7568097504180447,19.427897106591185,23.37210289340881,0.22697983284650447,0.03328385286895786,0.20316999883938394,0.25078966685362497,,,,
1.0,labelflip_mu0p2,tea_fl,TEA-FL,0,10,0.01609087313920187,0.013901911560994011,0.006146044697851382,0.026035701580552358,0.08686762240013177,0.013057844160576017,0.077526603402775,0.09620864139748854,28.0,0.0,28.0,28.0,0.846142275246185,0.01941488061683745,0.8322537063183344,0.8600308441740356,,,,
1.0,labelflip_mu0p2,tea_fl,TEA-FL,5,10,0.27060118874279526,0.06823598982684458,0.22178810218441797,0.31941427530117256,0.36908570477269487,0.055374424991840865,0.32947322744062696,0.4086981821047628,28.0,0.0,28.0,28.0,0.8164604499543113,0.020281138664404754,0.8019521973497807,0.8309687025588419,,,,
1.0,labelflip_mu0p2,tea_fl,TEA-FL,10,10,0.38087705194404814,0.060160717961725556,0.33784066688197434,0.42391343700612194,0.461820294113385,0.05033991652577588,0.42580928718068445,0.49783130104608553,28.0,0.0,28.0,28.0,0.7893410007968205,0.02099735764740344,0.7743203959966145,0.8043616055970264,,,,
1.0,labelflip_mu0p2,tea_fl,TEA-FL,15,10,0.4689450047410137,0.06446209130751504,0.42283160255087127,0.5150584069311561,0.5337944055616953,0.0448178129741404,0.5017336735401423,0.5658551375832483,28.0,0.0,28.0,28.0,0.763158992929072,0.021162803721525646,0.748020035137177,0.778297950720967,,,,
1.0,labelflip_mu0p2,tea_fl,TEA-FL,20,10,0.5033647169292508,0.06521189993933342,0.4567149339561807,0.5500144999023209,0.5579946003852819,0.05101878704710797,0.5214979587368865,0.5944912420336773,28.0,0.0,28.0,28.0,0.7371140174217982,0.02165053797834801,0.7216261555610067,0.7526018792825896,,,,
1.0,labelflip_mu0p2,tea_fl,TEA-FL,25,10,0.5158434369135969,0.06740695949190546,0.46762340293057747,0.5640634708966163,0.5668756930109311,0.050794009481210725,0.5305398475466075,0.6032115384752547,28.0,0.0,28.0,28.0,0.7109708509891814,0.022139605650558246,0.6951331311915875,0.7268085707867754,,,,
1.0,labelflip_mu0p2,tea_fl,TEA-FL,30,10,0.5870106245482731,0.06403759896322378,0.5412008858881511,0.6328203632083952,0.6189887267134602,0.05441399305858355,0.5800633009975626,0.6579141524293577,28.0,0.0,28.0,28.0,0.6845370667625995,0.02251501609605704,0.6684307945102445,0.7006433390149546,,,,
1.0,labelflip_mu0p2,tea_fl,TEA-FL,35,10,0.5957136076150583,0.04544577307955,0.5632036599954265,0.6282235552346901,0.6289485140629472,0.028884189587942994,0.6082860095678462,0.6496110185580481,28.0,0.0,28.0,28.0,0.6576460806665455,0.022532250105337544,0.6415274799466341,0.673764681386457,,,,
1.0,labelflip_mu0p2,tea_fl,TEA-FL,40,10,0.6243808050779449,0.06753215223321885,0.5760712136028495,0.6726903965530403,0.6532961726545237,0.05477038044795167,0.6141158027584408,0.6924765425506065,27.8,0.4216370213557839,27.49837904496024,28.10162095503976,0.6311309783337371,0.02290623858211697,0.614744842374208,0.6475171142932662,,,,
1.0,labelflip_mu0p2,tea_fl,TEA-FL,45,10,0.6464899826519798,0.07033334619850591,0.5961765377288529,0.6968034275751066,0.6718686482630719,0.05624630935953434,0.6316324624273666,0.7121048340987772,27.3,0.8232726023485647,26.711066258413513,27.888933741586488,0.6044084937972587,0.023262214117235967,0.5877677082803257,0.6210492793141917,,,,
1.0,labelflip_mu0p2,tea_fl,TEA-FL,50,10,0.6561762015708931,0.07609475727194073,0.6017412914482488,0.7106111116935373,0.6785650127218661,0.05928213951531218,0.6361571248188711,0.7209729006248611,26.3,1.0593499054713802,25.542186729281678,27.057813270718324,0.5777854586733904,0.023762048338018996,0.5607871132947797,0.594783804052001,,,,
1.0,labelflip_mu0p2,tea_fl,TEA-FL,55,10,0.6654936402409505,0.07259562309601254,0.6135618599159745,0.7174254205659265,0.6862999327185155,0.0555659658703685,0.6465504352962171,0.7260494301408139,25.4,1.07496769977314,24.631014432271883,26.168985567728114,0.5508081329866588,0.02474464139848365,0.5331068828764859,0.5685093830968316,,,,
1.0,labelflip_mu0p2,tea_fl,TEA-FL,60,10,0.690606404053352,0.05368301566520631,0.6522038880639154,0.7290089200427887,0.7050809991376157,0.04338294601527176,0.6740467091042385,0.7361152891709929,24.6,1.1737877907772671,23.760322797723433,25.43967720227657,0.5231160959386563,0.02510942897561148,0.5051538925159726,0.5410782993613399,,,,
1.0,labelflip_mu0p2,tea_fl,TEA-FL,65,10,0.6904081290349291,0.05527929181558533,0.6508637058774824,0.7299525521923758,0.7088436797758839,0.037642009681561665,0.6819162081955642,0.7357711513562036,23.5,1.4337208778404378,22.47437786880252,24.52562213119748,0.49472645375456914,0.02572716181890078,0.4763223508763937,0.5131305566327446,,,,
1.0,labelflip_mu0p2,tea_fl,TEA-FL,70,10,0.6908729663569652,0.047226675699484924,0.6570890377493016,0.7246568949646287,0.7068664090632027,0.03191585126233221,0.6840351844527609,0.7296976336736446,22.6,1.5055453054181622,21.522997768517406,23.677002231482597,0.46613026220491716,0.02684998580300469,0.44692293943552347,0.48533758497431084,,,,
1.0,labelflip_mu0p2,tea_fl,TEA-FL,75,10,0.6911482573168259,0.05082917688151732,0.6547872546098281,0.7275092600238238,0.7109519083449778,0.03842295749806109,0.6834657803509224,0.7384380363390332,21.0,1.4907119849998598,19.933608886717114,22.066391113282886,0.43692056360369047,0.02763147698824946,0.41715419571797674,0.4566869314894042,,,,
1.0,labelflip_mu0p2,tea_fl,TEA-FL,80,10,0.6856485874791096,0.04690654405419127,0.6520936672547266,0.7192035077034926,0.7118780000210385,0.03889007067549035,0.6840577193896392,0.7396982806524378,20.2,1.3165611772087666,19.25818886975084,21.14181113024916,0.40639981335242614,0.028043707298056667,0.3863385536677414,0.4264610730371109,,,,
1.0,labelflip_mu0p2,tea_fl,TEA-FL,85,10,0.6977209927339485,0.0482621698581309,0.6631963162288053,0.7322456692390917,0.7214298671352225,0.03810951798262766,0.6941679602631365,0.7486917740073085,18.8,1.3165611772087666,17.85818886975084,19.74181113024916,0.3755914226462502,0.028503985273827484,0.3552008999329316,0.39598194535956877,,,,
1.0,labelflip_mu0p2,tea_fl,TEA-FL,90,10,0.6902052781636102,0.05447973806651303,0.6512328213022572,0.7291777350249632,0.7204305886407156,0.03983596398291969,0.6919336566995353,0.7489275205818959,17.7,1.3374935098492586,16.74321478103839,18.65678521896161,0.3441143004249301,0.029365574163281963,0.3231074341494326,0.36512116670042755,,,,
1.0,labelflip_mu0p2,tea_fl,TEA-FL,95,10,0.7116139947122699,0.04136790480741276,0.6820211783227501,0.7412068111017898,0.73057558175917,0.033137807350423605,0.706870222422319,0.7542809410960211,16.8,1.6865480854231356,15.593516179840957,18.006483820159044,0.31220506376569906,0.030530308292675935,0.29036499688711986,0.33404513064427827,,,,
1.0,labelflip_mu0p2,tea_fl,TEA-FL,100,10,0.7124245944197403,0.04381047897847894,0.6810844657286027,0.7437647231108778,0.7336363817243495,0.03489104568922375,0.7086768312340254,0.7585959322146737,15.3,1.636391694484477,14.129395900477492,16.47060409952251,0.2836233548233807,0.024594596294600753,0.2660294405144775,0.30121726913228386,,,,
1.0,labelflip_mu0p2,arl_fl,ARL-FL,0,10,0.01609087313920187,0.013901911560994011,0.006146044697851382,0.026035701580552358,0.08686762240013177,0.013057844160576017,0.077526603402775,0.09620864139748854,28.0,0.0,28.0,28.0,0.846142275246185,0.01941488061683745,0.8322537063183344,0.8600308441740356,0.0,0.0,0.0,0.0
1.0,labelflip_mu0p2,arl_fl,ARL-FL,5,10,0.23949925403881905,0.051272430776133054,0.20282116659720945,0.27617734148042866,0.34441921365015354,0.049891113176725906,0.30872926129261863,0.38010916600768846,28.0,0.0,28.0,28.0,0.8193896402431905,0.02022627141071704,0.8049206373074971,0.8338586431788839,0.11203287324141198,0.011104699162637533,0.10408905000669257,0.11997669647613139
1.0,labelflip_mu0p2,arl_fl,ARL-FL,10,10,0.3718102348209164,0.050572894124571305,0.3356325657539811,0.4079879038878517,0.45407547550375266,0.04969391335413395,0.4185265914011651,0.4896243596063402,28.0,0.0,28.0,28.0,0.7908982984212106,0.020733618672223814,0.776066361118273,0.8057302357241483,0.14927205477893785,0.018501105901295885,0.13603716090435122,0.16250694865352447
1.0,labelflip_mu0p2,arl_fl,ARL-FL,15,10,0.48961813860750125,0.09677539553917966,0.42038919108050643,0.5588470861344961,0.5410235055651402,0.07802759678411192,0.4852059253493313,0.5968410857809491,28.0,0.0,28.0,28.0,0.7611508448678921,0.02129886873260208,0.7459145520306625,0.7763871377051217,0.1667609322998972,0.009617231805622005,0.15988117911142477,0.1736406854883696
1.0,labelflip_mu0p2,arl_fl,ARL-FL,20,10,0.501889454136516,0.10206167816164186,0.42887892782863013,0.5748999804444018,0.5492311025610428,0.08631964467856273,0.487481748619299,0.6109804565027865,28.0,0.0,28.0,28.0,0.731359079190109,0.021908486702113074,0.715686691928386,0.747031466451832,0.2026996769719441,0.013459151834017524,0.19307157975897193,0.21232777418491627
1.0,labelflip_mu0p2,arl_fl,ARL-FL,25,10,0.4989799142325831,0.09617703861770185,0.43017900546160276,0.5677808230035635,0.5525044957980625,0.07573069254529559,0.49833002189184417,0.6066789697042808,28.0,0.0,28.0,28.0,0.7020742025923464,0.02222318530365937,0.6861766935127079,0.7179717116719849,0.2227462810669129,0.015806788327940885,0.2114387858753039,0.23405377625852192
1.0,labelflip_mu0p2,arl_fl,ARL-FL,30,10,0.568711990241324,0.09912445750405327,0.49780262501520384,0.6396213554674441,0.6103306938287173,0.08203677724283044,0.5516451186844815,0.6690162689729531,28.0,0.0,28.0,28.0,0.6726439101445143,0.02270778190425129,0.6563997415400324,0.6888880787489962,0.23202062205174157,0.013763884974134975,0.22217453188250824,0.2418667122209749
1.0,labelflip_mu0p2,arl_fl,ARL-FL,35,10,0.5655653285008209,0.08629423578216122,0.503834150988591,0.6272965060130508,0.6055175914577655,0.06290670574694321,0.5605168450698252,0.6505183378457058,28.0,0.0,28.0,28.0,0.6431472174452998,0.022800528566862478,0.6268367018752133,0.6594577330153862,0.24300914199775098,0.018441456583871918,0.22981691867432003,0.25620136532118193
1.0,labelflip_mu0p2,arl_fl,ARL-FL,40,10,0.5454082900988555,0.0831000405942828,0.4859621021732927,0.6048544780244183,0.5886124481731533,0.07442740076960366,0.5353702930391709,0.6418546033071356,28.0,0.0,28.0,28.0,0.614104028262975,0.02327465357268727,0.5974543440956784,0.6307537124302717,0.25253831520245906,0.011787415328774942,0.24410610624347542,0.2609705241614427
1.0,labelflip_mu0p2,arl_fl,ARL-FL,45,10,0.6151307628134438,0.07927630619103526,0.5584199096998418,0.6718416159270458,0.6449137023754133,0.06553483732864077,0.5980329039107061,0.6917945008401206,28.0,0.0,28.0,28.0,0.5853150506551569,0.023981265368658047,0.5681598868597723,0.6024702144505415,0.25361223915201375,0.014449909232049443,0.2432753967922179,0.26394908151180957
1.0,labelflip_mu0p2,arl_fl,ARL-FL,50,10,0.6004545873576841,0.10698424715042053,0.5239226673285584,0.6769865073868098,0.62630387377667,0.08475334271701557,0.5656749847599544,0.6869327627933856,28.0,0.0,28.0,28.0,0.5561620237622993,0.02489672461206869,0.5383519798750062,0.5739720676495924,0.2636993879438933,0.01579820787878092,0.2523980308358472,0.2750007450519394
1.0,labelflip_mu0p2,arl_fl,ARL-FL,55,10,0.6412351688489999,0.07095109595705419,0.5904798123699339,0.6919905253280659,0.6635619383054534,0.05009220819872784,0.6277281312351731,0.6993957453757337,28.0,0.0,28.0,28.0,0.527030833317478,0.02589522587422893,0.5085065046566781,0.5455551619782779,0.2616296909777076,0.01519348248164047,0.25076092835872177,0.27249845359669345
1.0,labelflip_mu0p2,arl_fl,ARL-FL,60,10,0.6176755210138098,0.16822359443674872,0.4973356109862734,0.7380154310413464,0.6398568360989126,0.14483292323022565,0.5362496042542516,0.7434640679435737,28.0,0.0,28.0,28.0,0.49823152549035654,0.026426977888572303,0.4793268043538323,0.5171362466268808,0.27071531865911347,0.026598181323940366,0.2516881259627728,0.28974251135545415
1.0,labelflip_mu0p2,arl_fl,ARL-FL,65,10,0.6566943735530868,0.06257747026171576,0.6119291480431945,0.7014595990629791,0.680962426967813,0.05203314074947519,0.6437401603933323,0.7181846935422936,28.0,0.0,28.0,28.0,0.46949035826783414,0.02740231818793982,0.44988792071248584,0.48909279582318244,0.25774478038805426,0.010830283345216497,0.24999726240343456,0.26549229837267396
1.0,labelflip_mu0p2,arl_fl,ARL-FL,70,10,0.6908489851763698,0.07580887496172518,0.6366185829386332,0.7450793874141065,0.7026929471085401,0.060613235869453594,0.6593328502360977,0.7460530439809826,28.0,0.0,28.0,28.0,0.44073402604914963,0.028116342790756692,0.42062080606314334,0.4608472460351559,0.2690125278638947,0.014641414366536489,0.2585386909836147,0.27948636474417465
1.0,labelflip_mu0p2,arl_fl,ARL-FL,75,10,0.6347768438267962,0.13818319364643794,0.5359265419627351,0.7336271456908573,0.6657853725685255,0.11142055374220126,0.5860799099819662,0.7454908351550849,27.8,0.4216370213557839,27.49837904496024,28.10162095503976,0.41181525912476963,0.028927383651976318,0.3911218554576655,0.4325086627918738,0.2716546965345658,0.023457542353229208,0.25487418161508396,0.28843521145404766
1.0,labelflip_mu0p2,arl_fl,ARL-FL,80,10,0.7154380037658462,0.04411199645687537,0.6838821824642669,0.7469938250674255,0.7324090797995545,0.03314919540452225,0.7086955739395585,0.7561225856595505,27.6,0.5163977794943222,27.23059128221082,27.969408717789182,0.3825117401856965,0.02948326894399514,0.36142068013601913,0.40360280023537387,0.26759850196572066,0.012220871283892371,0.25885621729580965,0.27634078663563166
1.0,labelflip_mu0p2,arl_fl,ARL-FL,85,10,0.7229949659122112,0.03758787230196531,0.696106221880257,0.7498837099441655,0.7333230332776424,0.03414624230904492,0.7088962830289194,0.7577497835263654,27.1,0.5676462121975466,26.693930361956397,27.506069638043606,0.35295715652951837,0.03026644168633213,0.3313058484500423,0.37460846460899444,0.27002436591171136,0.01674079969983816,0.2580487192349605,0.28200001258846225
1.0,labelflip_mu0p2,arl_fl,ARL-FL,90,10,0.713562723056238,0.06258496731869795,0.6687921344748591,0.758333311637617,0.7279680407703676,0.0475003708128844,0.6939883224732033,0.7619477590675319,26.1,1.1005049346146119,25.312746194968643,26.88725380503136,0.3233083482080999,0.030687010567647534,0.30135618327493846,0.3452605131412613,0.27832280830236705,0.017630110403983462,0.2657109870718522,0.2909346295328819
1.0,labelflip_mu0p2,arl_fl,ARL-FL,95,10,0.7196922792505078,0.06633502881885811,0.6722390582771747,0.767145500223841,0.7321499594870524,0.05382971215945346,0.6936425031473743,0.7706574158267305,25.5,1.35400640077266,24.531402170478795,26.468597829521205,0.2928685780913319,0.0314094532888229,0.2703996087684094,0.31533754741425435,0.28717614708235945,0.010156057941718774,0.2799109408963127,0.2944413532684062
1.0,labelflip_mu0p2,arl_fl,ARL-FL,100,10,0.7276661149377954,0.05010431631128845,0.6918236462455766,0.7635085836300143,0.7375198843851798,0.043097565976563994,0.7066897429333184,0.7683500258370412,24.9,1.9692073983655907,23.491313888290648,26.30868611170935,0.2630408185800699,0.03170803704066106,0.24035825530825936,0.2857233818518804,0.2804882547016674,0.012002779037974556,0.27190198382601233,0.28907452557732244
1.0,labelflip_mu0p4,fedavg,FedAvg,0,10,0.01609087313920187,0.013901911560994011,0.006146044697851382,0.026035701580552358,0.08686762240013177,0.013057844160576017,0.077526603402775,0.09620864139748854,28.0,0.0,28.0,28.0,0.846142275246185,0.01941488061683745,0.8322537063183344,0.8600308441740356,,,,
1.0,labelflip_mu0p4,fedavg,FedAvg,5,10,0.3303980644227883,0.08192540882968644,0.271792157442002,0.38900397140357457,0.41302097132414123,0.07636869451695662,0.3583900983014723,0.4676518443468102,28.0,0.0,28.0,28.0,0.814488403232868,0.01975544430453218,0.800356209719102,0.8286205967466339,,,,
1.0,labelflip_mu0p4,fedavg,FedAvg,10,10,0.43400320579062734,0.07080709135482291,0.383350863998259,0.48465554758299567,0.5063794673763272,0.054293208714664504,0.4675404455749853,0.5452184891776691,28.0,0.0,28.0,28.0,0.7828461648799379,0.020452505972828165,0.7682153234878689,0.7974770062720068,,,,
1.0,labelflip_mu0p4,fedavg,FedAvg,15,10,0.5069828717636786,0.044392105108672725,0.47522667280361397,0.5387390707237433,0.5668603940049424,0.03443360480450201,0.5422280770105772,0.5914927109993076,28.0,0.0,28.0,28.0,0.7512721167591332,0.021118830597564177,0.7361646154451411,0.7663796180731253,,,,
1.0,labelflip_mu0p4,fedavg,FedAvg,20,10,0.32553772130728714,0.11538686526043117,0.24299493038493114,0.40808051222964314,0.4050703733770346,0.09536534666753609,0.33685011404812615,0.47329063270594307,28.0,0.0,28.0,28.0,0.7201077964980684,0.021886451277820282,0.7044511724292892,0.7357644205668477,,,,
1.0,labelflip_mu0p4,fedavg,FedAvg,25,10,0.4412101875742156,0.10458997540332945,0.3663910263741419,0.5160293487742893,0.4988992796124247,0.0850969723370913,0.43802457277389184,0.5597739864509576,28.0,0.0,28.0,28.0,0.6885400982747492,0.02272538576892314,0.6722833366241026,0.7047968599253958,,,,
1.0,labelflip_mu0p4,fedavg,FedAvg,30,10,0.45181819382318833,0.14791555149581212,0.34600578256019965,0.557630605086177,0.5084329425796577,0.14060548254641986,0.40784983962273846,0.6090160455365768,28.0,0.0,28.0,28.0,0.6573938165686163,0.02343456645174027,0.6406297376189354,0.6741578955182972,,,,
1.0,labelflip_mu0p4,fedavg,FedAvg,35,10,0.4227508719013498,0.14276713073442496,0.3206214189848622,0.5248803248178374,0.4905836315636229,0.11079641065468906,0.4113246540450293,0.5698426090822164,28.0,0.0,28.0,28.0,0.6262662241259017,0.024512792894592454,0.6087308284441264,0.643801619807677,,,,
1.0,labelflip_mu0p4,fedavg,FedAvg,40,10,0.4919977350487377,0.14315887683619988,0.3895880438529583,0.5944074262445171,0.5296554907320624,0.1349869933185283,0.43309161284543723,0.6262193686186877,28.0,0.0,28.0,28.0,0.5943433552678176,0.025895598331844433,0.5758187601668903,0.6128679503687449,,,,
1.0,labelflip_mu0p4,fedavg,FedAvg,45,10,0.4462526345499692,0.15153760820286402,0.3378491600077736,0.5546561090921648,0.4938859458768753,0.12848664871932794,0.4019721343904772,0.5857997573632734,28.0,0.0,28.0,28.0,0.5628902988644019,0.026902382209516035,0.5436454939637623,0.5821351037650415,,,,
1.0,labelflip_mu0p4,fedavg,FedAvg,50,10,0.48642842886670934,0.1772884641499666,0.35960390168809814,0.6132529560453206,0.5283195409639194,0.15649564610114614,0.4163692997711234,0.6402697821567154,28.0,0.0,28.0,28.0,0.5316171171654378,0.0272211370026331,0.5121442888222306,0.551089945508645,,,,
1.0,labelflip_mu0p4,fedavg,FedAvg,55,10,0.4417924364356911,0.17558913428310804,0.31618353661285936,0.5674013362585228,0.4850086365239683,0.16332423328452128,0.3681735183315221,0.6018437547164145,27.9,0.3162277660168379,27.673784283720178,28.12621571627982,0.4999240585846804,0.02731188973929114,0.4803863096445692,0.5194618075247917,,,,
1.0,labelflip_mu0p4,fedavg,FedAvg,60,10,0.5666197659720532,0.13274134428404158,0.47166232863063445,0.6615772033134719,0.5953250287212919,0.10410225908052363,0.5208547587608919,0.6697952986816919,27.9,0.3162277660168379,27.673784283720178,28.12621571627982,0.4688819862422675,0.027883785034012887,0.44893512805358493,0.4888288444309501,,,,
1.0,labelflip_mu0p4,fedavg,FedAvg,65,10,0.48929839746218545,0.17568784893232797,0.3636188814333138,0.6149779134910571,0.5292112116100083,0.15580714601069498,0.4177534937116779,0.6406689295083386,27.8,0.4216370213557839,27.49837904496024,28.10162095503976,0.4375683965220696,0.028992297572541292,0.4168285562335956,0.45830823681054356,,,,
1.0,labelflip_mu0p4,fedavg,FedAvg,70,10,0.4960995251912744,0.20417033075889726,0.35004486908858246,0.6421541812939664,0.5250729098665526,0.1784601819020399,0.39741018630214736,0.652735633430958,27.0,1.247219128924647,26.107793182865038,27.892206817134962,0.40583875053470414,0.029541648553005073,0.38470592822855365,0.42697157284085463,,,,
1.0,labelflip_mu0p4,fedavg,FedAvg,75,10,0.5883984970913605,0.18491900845737286,0.4561154073461311,0.7206815868365899,0.6099850665299233,0.15305322525387505,0.5004973848634802,0.7194727481963665,26.6,1.577621275493231,25.471437725569672,27.72856227443033,0.374682460226925,0.02974846743773028,0.3534016886033012,0.39596323185054877,,,,
1.0,labelflip_mu0p4,fedavg,FedAvg,80,10,0.5611230780328366,0.1530272068795416,0.4516540087901549,0.6705921472755183,0.5839353442789122,0.1379997694055586,0.48521625621228665,0.6826544323455378,25.5,2.273030282830976,23.87397208969641,27.12602791030359,0.34408181038134755,0.02990370601448908,0.3226899877697663,0.3654736329929288,,,,
1.0,labelflip_mu0p4,fedavg,FedAvg,85,10,0.5723163658433592,0.09543041473549471,0.5040495596226784,0.64058317206404,0.6021425228300259,0.07467572450973854,0.5487227275936216,0.6555623180664302,24.8,2.573367875415838,22.959123518718226,26.640876481281776,0.3134104313150977,0.03005113216592859,0.2919131463879635,0.3349077162422319,,,,
1.0,labelflip_mu0p4,fedavg,FedAvg,90,10,0.6272307667784016,0.10513882954397434,0.552018978978447,0.7024425545783562,0.6516750347798811,0.08601949696761528,0.5901403935759748,0.7132096759837874,23.5,2.9154759474226504,21.41439414681984,25.58560585318016,0.2828548154278359,0.029888930478427448,0.26147356259801574,0.3042360682576561,,,,
1.0,labelflip_mu0p4,fedavg,FedAvg,95,10,0.609076016185018,0.14578297762870498,0.504789156365357,0.7133628760046791,0.6405141408754268,0.11774771767354826,0.55628249787537,0.7247457838754836,22.4,3.6575644598253874,19.783536004631046,25.01646399536895,0.2532755874049368,0.030220187768274245,0.2316573673851716,0.274893807424702,,,,
1.0,labelflip_mu0p4,fedavg,FedAvg,100,10,0.6010984934438166,0.2048550590486553,0.45455401223033276,0.7476429746573005,0.6159416486911736,0.19134935073520618,0.479058569189741,0.7528247281926063,19.1,3.4140233677518315,16.657754806733504,21.5422451932665,0.2261716510613875,0.026265348431731915,0.2073825526730223,0.2449607494497527,,,,
1.0,labelflip_mu0p4,fedprox,FedProx,0,10,0.01609087313920187,0.013901911560994011,0.006146044697851382,0.026035701580552358,0.08686762240013177,0.013057844160576017,0.077526603402775,0.09620864139748854,28.0,0.0,28.0,28.0,0.846142275246185,0.01941488061683745,0.8322537063183344,0.8600308441740356,,,,
1.0,labelflip_mu0p4,fedprox,FedProx,5,10,0.33156431157356236,0.08102023682783874,0.27360592563538916,0.38952269751173557,0.4136990454978271,0.07561755760120445,0.35960550345517095,0.46779258754048325,28.0,0.0,28.0,28.0,0.814488403232868,0.01975544430453218,0.800356209719102,0.8286205967466339,,,,
1.0,labelflip_mu0p4,fedprox,FedProx,10,10,0.4269417429990957,0.05805392743753949,0.385412465087932,0.46847102091025944,0.5002830769724158,0.04405163379039249,0.46877043652116784,0.5317957174236637,28.0,0.0,28.0,28.0,0.7828461648799379,0.020452505972828165,0.7682153234878689,0.7974770062720068,,,,
1.0,labelflip_mu0p4,fedprox,FedProx,15,10,0.511863664849586,0.04539418056113467,0.479390624294299,0.544336705404873,0.5709794047460826,0.04329641863113584,0.5400070126745026,0.6019517968176625,28.0,0.0,28.0,28.0,0.7512721167591332,0.021118830597564177,0.7361646154451411,0.7663796180731253,,,,
1.0,labelflip_mu0p4,fedprox,FedProx,20,10,0.34088291816274346,0.11923771918784984,0.25558539228952426,0.42618044403596267,0.41772785551268116,0.10206194189183111,0.3447171405435831,0.4907385704817792,28.0,0.0,28.0,28.0,0.7201077964980684,0.021886451277820282,0.7044511724292892,0.7357644205668477,,,,
1.0,labelflip_mu0p4,fedprox,FedProx,25,10,0.4329611547891787,0.1033734779554774,0.35901222343952166,0.5069100861388357,0.4953347640345827,0.08467798792595281,0.4347597805880518,0.5559097474811137,28.0,0.0,28.0,28.0,0.6885400982747492,0.02272538576892314,0.6722833366241026,0.7047968599253958,,,,
1.0,labelflip_mu0p4,fedprox,FedProx,30,10,0.46544434413218305,0.15289476165270013,0.3560700204971853,0.5748186677671808,0.5196449389483064,0.14293111530080854,0.4173981785397837,0.6218916993568292,28.0,0.0,28.0,28.0,0.6573938165686163,0.02343456645174027,0.6406297376189354,0.6741578955182972,,,,
1.0,labelflip_mu0p4,fedprox,FedProx,35,10,0.42317504530322136,0.14011181486190127,0.32294509093367707,0.5234049996727657,0.49298963090849873,0.10874871758852514,0.4151954847660938,0.5707837770509037,28.0,0.0,28.0,28.0,0.6262662241259017,0.024512792894592454,0.6087308284441264,0.643801619807677,,,,
1.0,labelflip_mu0p4,fedprox,FedProx,40,10,0.49953463171522283,0.12454344556315913,0.4104416178382354,0.5886276455922103,0.5360218075820109,0.1204221654461056,0.4498769798981973,0.6221666352658245,28.0,0.0,28.0,28.0,0.5943433552678176,0.025895598331844433,0.5758187601668903,0.6128679503687449,,,,
1.0,labelflip_mu0p4,fedprox,FedProx,45,10,0.45317203306946735,0.14876405693537662,0.34675263758053254,0.5595914285584022,0.4992428228910081,0.12678346116253236,0.408547398385527,0.5899382473964891,28.0,0.0,28.0,28.0,0.5628902988644019,0.026902382209516035,0.5436454939637623,0.5821351037650415,,,,
1.0,labelflip_mu0p4,fedprox,FedProx,50,10,0.47256405096792725,0.17411204583455628,0.34801179656749653,0.5971163053683579,0.5133312066392046,0.1537896236819199,0.4033167372717136,0.6233456760066957,28.0,0.0,28.0,28.0,0.5316171171654378,0.0272211370026331,0.5121442888222306,0.551089945508645,,,,
1.0,labelflip_mu0p4,fedprox,FedProx,55,10,0.43385845520847893,0.18454644972992884,0.3018418779218062,0.5658750324951516,0.47957543973847827,0.17132151007727667,0.3570194143633756,0.602131465113581,27.9,0.3162277660168379,27.673784283720178,28.12621571627982,0.4999240585846804,0.02731188973929114,0.4803863096445692,0.5194618075247917,,,,
1.0,labelflip_mu0p4,fedprox,FedProx,60,10,0.5493098529420111,0.12918176820152005,0.45689878293355213,0.64172092295047,0.5798084100825356,0.10741433235896042,0.502968825629325,0.6566479945357462,27.9,0.3162277660168379,27.673784283720178,28.12621571627982,0.4688819862422675,0.027883785034012887,0.44893512805358493,0.4888288444309501,,,,
1.0,labelflip_mu0p4,fedprox,FedProx,65,10,0.5029300975718881,0.1894913497000343,0.36737615194226636,0.6384840432015099,0.5393775435452182,0.16787320285642932,0.41928828855445716,0.6594667985359792,27.8,0.4216370213557839,27.49837904496024,28.10162095503976,0.4375683965220696,0.028992297572541292,0.4168285562335956,0.45830823681054356,,,,
1.0,labelflip_mu0p4,fedprox,FedProx,70,10,0.51380634206967,0.19635038238059407,0.37334574004373133,0.6542669440956087,0.5400328611755913,0.1752560242402774,0.4146622539223467,0.665403468428836,27.0,1.247219128924647,26.107793182865038,27.892206817134962,0.40583875053470414,0.029541648553005073,0.38470592822855365,0.42697157284085463,,,,
1.0,labelflip_mu0p4,fedprox,FedProx,75,10,0.5922166388437702,0.18153064244561787,0.462357440125006,0.7220758375625344,0.6155191415439105,0.14611103545214235,0.5109976032946959,0.7200406797931251,26.6,1.577621275493231,25.471437725569672,27.72856227443033,0.374682460226925,0.02974846743773028,0.3534016886033012,0.39596323185054877,,,,
1.0,labelflip_mu0p4,fedprox,FedProx,80,10,0.5412403882551058,0.17875092960581798,0.4133696763129078,0.6691111001973038,0.568770151854671,0.16034939817529925,0.45406310250173076,0.6834772012076111,25.5,2.273030282830976,23.87397208969641,27.12602791030359,0.34408181038134755,0.02990370601448908,0.3226899877697663,0.3654736329929288,,,,
1.0,labelflip_mu0p4,fedprox,FedProx,85,10,0.5624426354316482,0.10139287161360595,0.4899105445066582,0.6349747263566382,0.5985672519303503,0.07998236272107745,0.541351316401977,0.6557831874587237,24.8,2.573367875415838,22.959123518718226,26.640876481281776,0.3134104313150977,0.03005113216592859,0.2919131463879635,0.3349077162422319,,,,
1.0,labelflip_mu0p4,fedprox,FedProx,90,10,0.6313267430933527,0.11147614846048794,0.5515815104411316,0.7110719757455738,0.6573873987309966,0.0927517991003074,0.591036758703388,0.7237380387586052,23.5,2.9154759474226504,21.41439414681984,25.58560585318016,0.2828548154278359,0.029888930478427448,0.26147356259801574,0.3042360682576561,,,,
1.0,labelflip_mu0p4,fedprox,FedProx,95,10,0.5988813326201774,0.13445646042762868,0.5026969751009018,0.695065690139453,0.6296365126033983,0.10806385212895091,0.5523322896971605,0.706940735509636,22.4,3.6575644598253874,19.783536004631046,25.01646399536895,0.2532755874049368,0.030220187768274245,0.2316573673851716,0.274893807424702,,,,
1.0,labelflip_mu0p4,fedprox,FedProx,100,10,0.601058126196283,0.20970533865627008,0.45104396396960317,0.7510722884229628,0.6153842688036064,0.18993114319166285,0.4795157138625472,0.7512528237446656,19.1,3.4140233677518315,16.657754806733504,21.5422451932665,0.2261716510613875,0.026265348431731915,0.2073825526730223,0.2449607494497527,,,,
1.0,labelflip_mu0p4,random_trimmed_mean,Random Trimmed Mean,0,10,0.01609087313920187,0.013901911560994011,0.006146044697851382,0.026035701580552358,0.08686762240013177,0.013057844160576017,0.077526603402775,0.09620864139748854,28.0,0.0,28.0,28.0,0.846142275246185,0.01941488061683745,0.8322537063183344,0.8600308441740356,,,,
1.0,labelflip_mu0p4,random_trimmed_mean,Random Trimmed Mean,5,10,0.2928878591469637,0.06653215518361875,0.24529362246725006,0.3404820958266773,0.38346224888811353,0.06769423293246932,0.3350367118654848,0.4318877859107423,28.0,0.0,28.0,28.0,0.814488403232868,0.01975544430453218,0.800356209719102,0.8286205967466339,,,,
1.0,labelflip_mu0p4,random_trimmed_mean,Random Trimmed Mean,10,10,0.4173629529658315,0.06667518568305218,0.3696663984305837,0.4650595075010793,0.4906726806132113,0.057217793739313266,0.4497415367173885,0.5316038245090341,28.0,0.0,28.0,28.0,0.7828461648799379,0.020452505972828165,0.7682153234878689,0.7974770062720068,,,,
1.0,labelflip_mu0p4,random_trimmed_mean,Random Trimmed Mean,15,10,0.507354763810502,0.05053496023062132,0.47120423101657416,0.5435052966044299,0.562690996413554,0.04421883284713269,0.5310587489623952,0.5943232438647128,28.0,0.0,28.0,28.0,0.7512721167591332,0.021118830597564177,0.7361646154451411,0.7663796180731253,,,,
1.0,labelflip_mu0p4,random_trimmed_mean,Random Trimmed Mean,20,10,0.338241723915377,0.12748298693561044,0.24704588881722003,0.429437559013534,0.41232412268721286,0.11069999371963478,0.33313411768896295,0.49151412768546276,28.0,0.0,28.0,28.0,0.7201077964980684,0.021886451277820282,0.7044511724292892,0.7357644205668477,,,,
1.0,labelflip_mu0p4,random_trimmed_mean,Random Trimmed Mean,25,10,0.4102337648201475,0.07150396458496856,0.3590829099500084,0.4613846196902866,0.4750142095498605,0.05412687737280175,0.43629417402259946,0.5137342450771215,28.0,0.0,28.0,28.0,0.6885400982747492,0.02272538576892314,0.6722833366241026,0.7047968599253958,,,,
1.0,labelflip_mu0p4,random_trimmed_mean,Random Trimmed Mean,30,10,0.4988421383391919,0.168559679025676,0.378261807879976,0.6194224687984078,0.5455735788730396,0.16121882436623486,0.4302445794901818,0.6609025782558974,28.0,0.0,28.0,28.0,0.6573938165686163,0.02343456645174027,0.6406297376189354,0.6741578955182972,,,,
1.0,labelflip_mu0p4,random_trimmed_mean,Random Trimmed Mean,35,10,0.4464696638715363,0.14794430214532317,0.34063668563286875,0.5523026421102039,0.5027618415598077,0.1263761005263593,0.4123578252986337,0.5931658578209819,28.0,0.0,28.0,28.0,0.6262662241259017,0.024512792894592454,0.6087308284441264,0.643801619807677,,,,
1.0,labelflip_mu0p4,random_trimmed_mean,Random Trimmed Mean,40,10,0.4735399957682369,0.15189135506331766,0.3648834659664503,0.5821965255700234,0.5159885639081243,0.13900142537778323,0.4165529343243611,0.6154241934918876,28.0,0.0,28.0,28.0,0.5943433552678176,0.025895598331844433,0.5758187601668903,0.6128679503687449,,,,
1.0,labelflip_mu0p4,random_trimmed_mean,Random Trimmed Mean,45,10,0.4858041574335938,0.12807022164063442,0.3941882399337723,0.5774200749334153,0.5284612684855791,0.12321102973118951,0.44032140747561577,0.6166011294955424,28.0,0.0,28.0,28.0,0.5628902988644019,0.026902382209516035,0.5436454939637623,0.5821351037650415,,,,
1.0,labelflip_mu0p4,random_trimmed_mean,Random Trimmed Mean,50,10,0.48101031196172145,0.14894916071250822,0.3744585012074943,0.5875621227159487,0.5236108348196198,0.12826698986935817,0.4318541578085051,0.6153675118307345,28.0,0.0,28.0,28.0,0.5316171171654378,0.0272211370026331,0.5121442888222306,0.551089945508645,,,,
1.0,labelflip_mu0p4,random_trimmed_mean,Random Trimmed Mean,55,10,0.4580540435807855,0.17601199098923745,0.33214265029298806,0.5839654368685829,0.5027544137720552,0.16391685872898157,0.38549535687526043,0.62001347066885,27.9,0.3162277660168379,27.673784283720178,28.12621571627982,0.4999240585846804,0.02731188973929114,0.4803863096445692,0.5194618075247917,,,,
1.0,labelflip_mu0p4,random_trimmed_mean,Random Trimmed Mean,60,10,0.5211881239164986,0.13761828772460485,0.42274193140484456,0.6196343164281526,0.5601486525602543,0.12032399809062543,0.4740740495721243,0.6462232555483842,27.9,0.3162277660168379,27.673784283720178,28.12621571627982,0.4688819862422675,0.027883785034012887,0.44893512805358493,0.4888288444309501,,,,
1.0,labelflip_mu0p4,random_trimmed_mean,Random Trimmed Mean,65,10,0.5275258894074888,0.17679205447565005,0.40105647231759056,0.653995306497387,0.5585516336738741,0.15648464525726066,0.44660926201072304,0.6704940053370251,27.8,0.4216370213557839,27.49837904496024,28.10162095503976,0.4375683965220696,0.028992297572541292,0.4168285562335956,0.45830823681054356,,,,
1.0,labelflip_mu0p4,random_trimmed_mean,Random Trimmed Mean,70,10,0.4709397923769679,0.18354107245839352,0.339642418664594,0.6022371660893419,0.5033092380247377,0.1779776280952791,0.3759917126585012,0.6306267633909742,27.0,1.247219128924647,26.107793182865038,27.892206817134962,0.40583875053470414,0.029541648553005073,0.38470592822855365,0.42697157284085463,,,,
1.0,labelflip_mu0p4,random_trimmed_mean,Random Trimmed Mean,75,10,0.5981145495975708,0.16335206148057,0.4812595243129005,0.7149695748822411,0.6235456968463174,0.13463503599449805,0.5272335940620443,0.7198577996305906,26.6,1.577621275493231,25.471437725569672,27.72856227443033,0.374682460226925,0.02974846743773028,0.3534016886033012,0.39596323185054877,,,,
1.0,labelflip_mu0p4,random_trimmed_mean,Random Trimmed Mean,80,10,0.5378885128632791,0.13341558832516992,0.4424487503907296,0.6333282753358286,0.5683802377591909,0.11801726871693283,0.4839557695587373,0.6528047059596445,25.5,2.273030282830976,23.87397208969641,27.12602791030359,0.34408181038134755,0.02990370601448908,0.3226899877697663,0.3654736329929288,,,,
1.0,labelflip_mu0p4,random_trimmed_mean,Random Trimmed Mean,85,10,0.581909524204851,0.07492053258014977,0.5283146038246407,0.6355044445850613,0.616089676609543,0.0651884029573128,0.5694567023648307,0.6627226508542552,24.8,2.573367875415838,22.959123518718226,26.640876481281776,0.3134104313150977,0.03005113216592859,0.2919131463879635,0.3349077162422319,,,,
1.0,labelflip_mu0p4,random_trimmed_mean,Random Trimmed Mean,90,10,0.6445651896161423,0.13457428458818924,0.5482965457699196,0.740833833462365,0.6713481651023622,0.09918438421792633,0.6003959308876208,0.7423003993171036,23.5,2.9154759474226504,21.41439414681984,25.58560585318016,0.2828548154278359,0.029888930478427448,0.26147356259801574,0.3042360682576561,,,,
1.0,labelflip_mu0p4,random_trimmed_mean,Random Trimmed Mean,95,10,0.5880242850501258,0.09897004548013393,0.5172253795316812,0.6588231905685704,0.6125154051770194,0.09032235711649887,0.5479026832501833,0.6771281271038555,22.4,3.6575644598253874,19.783536004631046,25.01646399536895,0.2532755874049368,0.030220187768274245,0.2316573673851716,0.274893807424702,,,,
1.0,labelflip_mu0p4,random_trimmed_mean,Random Trimmed Mean,100,10,0.5869662425605985,0.17044270175082135,0.46503887879085015,0.7088936063303468,0.6088629167884412,0.14980249248984048,0.5017006692542152,0.7160251643226672,19.1,3.4140233677518315,16.657754806733504,21.5422451932665,0.2261716510613875,0.026265348431731915,0.2073825526730223,0.2449607494497527,,,,
1.0,labelflip_mu0p4,fedle_adapted,FedLE-adapted,0,10,0.01609087313920187,0.013901911560994011,0.006146044697851382,0.026035701580552358,0.08686762240013177,0.013057844160576017,0.077526603402775,0.09620864139748854,28.0,0.0,28.0,28.0,0.8258224892488476,0.019764711157198044,0.8116836666280305,0.8399613118696647,,,,
1.0,labelflip_mu0p4,fedle_adapted,FedLE-adapted,5,10,0.30236396962291096,0.07334952673444713,0.2498928791237443,0.3548350601220776,0.3904820518844512,0.05285324543976059,0.3526731177561559,0.42829098601274646,28.0,0.0,28.0,28.0,0.7953771774956169,0.02008918047327022,0.781006243508772,0.8097481114824617,,,,
1.0,labelflip_mu0p4,fedle_adapted,FedLE-adapted,10,10,0.44720358413316663,0.08695988755022996,0.3849962280316772,0.509410940234656,0.5129803863902895,0.06958921194730652,0.4631992630427275,0.5627615097378516,28.0,0.0,28.0,28.0,0.7644407896940622,0.020849904150353624,0.7495256667712803,0.779355912616844,,,,
1.0,labelflip_mu0p4,fedle_adapted,FedLE-adapted,15,10,0.5082432798440037,0.04623865744966533,0.47516613691457377,0.5413204227734337,0.5649991889186267,0.02939236660449661,0.5439731564852784,0.5860252213519749,28.0,0.0,28.0,28.0,0.7339582815548443,0.02204297331320267,0.7181896883671177,0.7497268747425709,,,,
1.0,labelflip_mu0p4,fedle_adapted,FedLE-adapted,20,10,0.3510038378866458,0.15370853035875237,0.24104737918791075,0.46096029658538085,0.42223661355347886,0.1260769212994889,0.3320466172183695,0.5124266098885882,28.0,0.0,28.0,28.0,0.7031318858207526,0.022441358412491418,0.687078305101014,0.7191854665404912,,,,
1.0,labelflip_mu0p4,fedle_adapted,FedLE-adapted,25,10,0.3722377401686096,0.11000378930120232,0.2935457698090526,0.4509297105281666,0.4296454797610313,0.0982730322698403,0.35934518745612304,0.49994577206593954,28.0,0.0,28.0,28.0,0.672782292016824,0.02328558510633888,0.6561247879014369,0.6894397961322112,,,,
1.0,labelflip_mu0p4,fedle_adapted,FedLE-adapted,30,10,0.3599277652389986,0.18343139242598394,0.22870885189525594,0.4911466785827413,0.4106584724001022,0.17809707630669608,0.2832554989309227,0.5380614458692817,28.0,0.0,28.0,28.0,0.6423064681715053,0.02417524053509478,0.6250125429012233,0.6596003934417872,,,,
1.0,labelflip_mu0p4,fedle_adapted,FedLE-adapted,35,10,0.4045970264620517,0.12047773093429098,0.31841244962253107,0.49078160330157233,0.46746650902927983,0.10815876643005361,0.3900943885222729,0.5448386295362868,28.0,0.0,28.0,28.0,0.6122287869996816,0.024864215488661863,0.5944419987383246,0.6300155752610387,,,,
1.0,labelflip_mu0p4,fedle_adapted,FedLE-adapted,40,10,0.45474600697274614,0.14592230168203535,0.3503594807293674,0.5591325332161249,0.5024501786196413,0.12759707954786012,0.41117272658339127,0.5937276306558913,28.0,0.0,28.0,28.0,0.5816218887242907,0.02554395520888569,0.563348843959809,0.5998949334887723,,,,
1.0,labelflip_mu0p4,fedle_adapted,FedLE-adapted,45,10,0.44942568601568017,0.12842893214448203,0.35755316247968705,0.5412982095516733,0.49746913939417253,0.11607815782109589,0.41443182756449887,0.5805064512238463,27.9,0.3162277660168379,27.673784283720178,28.12621571627982,0.5517624356022538,0.0266226397541242,0.5327177463989718,0.5708071248055357,,,,
1.0,labelflip_mu0p4,fedle_adapted,FedLE-adapted,50,10,0.4783600624431032,0.1852645022677191,0.3458298213146725,0.6108903035715338,0.5181996532866323,0.17343152449484994,0.3941342145262209,0.6422650920470437,27.9,0.3162277660168379,27.673784283720178,28.12621571627982,0.5214664147007593,0.027820897662973892,0.5015645434272478,0.5413682859742708,,,,
1.0,labelflip_mu0p4,fedle_adapted,FedLE-adapted,55,10,0.4269130330188838,0.2062442281562376,0.2793748000907298,0.5744512659470378,0.4723180670262675,0.18602551432795217,0.3392434306650221,0.6053927033875128,27.9,0.3162277660168379,27.673784283720178,28.12621571627982,0.49132904174654035,0.028632649303551985,0.4708464783310083,0.5118116051620724,,,,
1.0,labelflip_mu0p4,fedle_adapted,FedLE-adapted,60,10,0.48715639532300026,0.13030693890609993,0.3939404266806242,0.5803723639653763,0.5320235577312709,0.10139809612731991,0.45948772941431526,0.6045593860482265,27.7,0.674948557710553,27.217170888066814,28.182829111933184,0.46171201652516836,0.029629689477503125,0.44051621353567016,0.48290781951466655,,,,
1.0,labelflip_mu0p4,fedle_adapted,FedLE-adapted,65,10,0.6051353364471052,0.1162052950921699,0.5220070760925625,0.6882635968016478,0.6310925773830547,0.09762963261292212,0.561252545466022,0.7009326093000874,27.6,0.6992058987801011,27.09981823161223,28.100181768387774,0.43208553852484544,0.029922353315499063,0.410680376437709,0.4534907006119819,,,,
1.0,labelflip_mu0p4,fedle_adapted,FedLE-adapted,70,10,0.5444019688508341,0.1471799646757273,0.4391157646995341,0.6496881730021341,0.582954817919515,0.1226025368448298,0.4952502464980431,0.6706593893409869,27.4,0.6992058987801011,26.899818231612226,27.90018176838777,0.4021554635911184,0.030858939372316395,0.38008030820020183,0.424230618982035,,,,
1.0,labelflip_mu0p4,fedle_adapted,FedLE-adapted,75,10,0.6377109776370539,0.06921108469215745,0.5882003502327985,0.6872216050413092,0.6631375243613907,0.05472646929226058,0.6239885666137807,0.7022864821090008,27.0,0.9428090415820634,26.325555041092688,27.674444958907312,0.37218196977678314,0.03187187179822378,0.3493822061797121,0.39498173337385417,,,,
1.0,labelflip_mu0p4,fedle_adapted,FedLE-adapted,80,10,0.4783040552066031,0.16215635721853527,0.3623043852232778,0.5943037251899284,0.5236447470046455,0.15800334417532572,0.4106159635823664,0.6366735304269245,26.6,1.0749676997731399,25.831014432271886,27.368985567728117,0.34276976160049155,0.03245584139776821,0.3195522513175095,0.36598727188347363,,,,
1.0,labelflip_mu0p4,fedle_adapted,FedLE-adapted,85,10,0.556895091904202,0.18689070274788952,0.42320153703178864,0.6905886467766155,0.5852478723443836,0.16840559323252488,0.46477776822141026,0.7057179764673569,25.4,1.837873166945363,24.085264737727456,26.71473526227254,0.3135419415457429,0.033067838894133325,0.28988663462729924,0.3371972484641865,,,,
1.0,labelflip_mu0p4,fedle_adapted,FedLE-adapted,90,10,0.6244473693806907,0.11223618523543191,0.5441584391727217,0.7047362995886597,0.6510915118733976,0.10062291325506253,0.5791102159775016,0.7230728077692937,24.6,2.3664319132398464,22.907156588354503,26.2928434116455,0.2842663965181397,0.032705948889029356,0.26086997011404894,0.3076628229222304,,,,
1.0,labelflip_mu0p4,fedle_adapted,FedLE-adapted,95,10,0.5268484689528454,0.19954699723663813,0.3841011464139072,0.6695957914917836,0.5656121520145687,0.1753345980142102,0.4401853364695131,0.6910389675596244,22.8,2.7406406388125952,20.839463792241556,24.760536207758445,0.2557202117575416,0.03286898616567737,0.23220715551167007,0.27923326800341314,,,,
1.0,labelflip_mu0p4,fedle_adapted,FedLE-adapted,100,10,0.5329321583621367,0.17718786419841953,0.406179596053605,0.6596847206706684,0.5606098935647962,0.15649937880823955,0.4486569821542029,0.6725628049753894,21.4,2.7568097504180447,19.427897106591185,23.37210289340881,0.22697983284650447,0.03328385286895786,0.20316999883938394,0.25078966685362497,,,,
1.0,labelflip_mu0p4,tea_fl,TEA-FL,0,10,0.01609087313920187,0.013901911560994011,0.006146044697851382,0.026035701580552358,0.08686762240013177,0.013057844160576017,0.077526603402775,0.09620864139748854,28.0,0.0,28.0,28.0,0.846142275246185,0.01941488061683745,0.8322537063183344,0.8600308441740356,,,,
1.0,labelflip_mu0p4,tea_fl,TEA-FL,5,10,0.26885331389181555,0.06855686838147175,0.21981068464340783,0.3178959431402233,0.3678949433259821,0.05578892291792109,0.32798595203998215,0.40780393461198206,28.0,0.0,28.0,28.0,0.8164306227958843,0.020289369381440426,0.8019164822910811,0.8309447633006875,,,,
1.0,labelflip_mu0p4,tea_fl,TEA-FL,10,10,0.3982592564750244,0.05949851313656375,0.3556965842077972,0.4408219287422516,0.4770007929838155,0.05652463318549406,0.4365655062771137,0.5174360796905173,28.0,0.0,28.0,28.0,0.7893566613751436,0.02098477888649085,0.774345054878425,0.8043682678718622,,,,
1.0,labelflip_mu0p4,tea_fl,TEA-FL,15,10,0.4578205152036496,0.058713387255842325,0.4158194881572528,0.4998215422500464,0.5238834563630109,0.03934544587775321,0.4957374199358651,0.5520294927901567,28.0,0.0,28.0,28.0,0.762629667068067,0.021375463063530203,0.7473385819472498,0.7779207521888842,,,,
1.0,labelflip_mu0p4,tea_fl,TEA-FL,20,10,0.38027557413078894,0.14233199779148442,0.2784573965700492,0.4820937516915287,0.4468696346020698,0.13025177951234596,0.3536931246129448,0.5400461445911948,28.0,0.0,28.0,28.0,0.73611119106287,0.02226948329814418,0.7201805623931442,0.7520418197325959,,,,
1.0,labelflip_mu0p4,tea_fl,TEA-FL,25,10,0.5073944332059331,0.07544603219220666,0.45342359304915303,0.5613652733627132,0.5558606065272796,0.0676414296570462,0.5074728426923827,0.6042483703621766,28.0,0.0,28.0,28.0,0.7099265649245873,0.022747378181590422,0.6936540708496601,0.7261990589995144,,,,
1.0,labelflip_mu0p4,tea_fl,TEA-FL,30,10,0.5207516928875029,0.15015120635905038,0.4133399904787298,0.628163395296276,0.5644627832429144,0.14209593662456393,0.4628134736681627,0.6661120928176661,28.0,0.0,28.0,28.0,0.6835317168631132,0.02344267138471587,0.6667618399936558,0.7003015937325706,,,,
1.0,labelflip_mu0p4,tea_fl,TEA-FL,35,10,0.559140381358801,0.16588579420706412,0.44047283287034916,0.6778079298472528,0.5888442622114334,0.1561391383102025,0.4771490513289212,0.7005394730939455,28.0,0.0,28.0,28.0,0.6570157666721644,0.023975762218747153,0.6398645395930731,0.6741669937512558,,,,
1.0,labelflip_mu0p4,tea_fl,TEA-FL,40,10,0.5904416410864057,0.18607553985039582,0.4573312186222055,0.723552063550606,0.6171387656960008,0.17785209559882742,0.4899110408680247,0.7443664905239769,27.9,0.3162277660168379,27.673784283720178,28.12621571627982,0.6301876642791522,0.02523898420865575,0.6121327826258057,0.6482425459324986,,,,
1.0,labelflip_mu0p4,tea_fl,TEA-FL,45,10,0.5808502327849225,0.1925515066835935,0.4431071827237573,0.7185932828460877,0.6103212166449545,0.1840774580205345,0.47864013581644005,0.742002297473469,27.5,0.5270462766947299,27.1229738062003,27.8770261937997,0.6037352807126867,0.027009329357660452,0.584413970431048,0.6230565909943253,,,,
1.0,labelflip_mu0p4,tea_fl,TEA-FL,50,10,0.6258368035867233,0.19651460071685026,0.48525872683985677,0.76641488033359,0.6460054686292472,0.18858676447519107,0.511098624287256,0.7809123129712384,26.8,0.6324555320336759,26.34756856744036,27.252431432559643,0.5771975657138515,0.02839864755841731,0.5568823970627107,0.5975127343649923,,,,
1.0,labelflip_mu0p4,tea_fl,TEA-FL,55,10,0.6195254128662736,0.1951608876592484,0.4799157241038652,0.759135101628682,0.6379957463531157,0.18851745630971456,0.5031384820859384,0.7728530106202931,26.0,1.4142135623730951,24.98833256163903,27.01166743836097,0.5502693391873106,0.0295311990876082,0.5291439919783955,0.5713946863962257,,,,
1.0,labelflip_mu0p4,tea_fl,TEA-FL,60,10,0.6213679173106582,0.18859287663033916,0.48645670059627155,0.7562791340250449,0.6436831559047143,0.18285575970658344,0.5128760254020974,0.7744902864073311,25.1,1.1972189997378646,24.243561120578228,25.956438879421775,0.5229006421803389,0.030899707878450096,0.5007963227570135,0.5450049616036644,,,,
1.0,labelflip_mu0p4,tea_fl,TEA-FL,65,10,0.6179222564703701,0.2046147494294848,0.4715496824025311,0.7642948305382091,0.6428231655320384,0.1978316291534133,0.5013029433977167,0.7843433876663601,23.9,1.5951314818673865,22.758911678514945,25.041088321485052,0.49412581024458263,0.031459432593296505,0.47162108788104934,0.5166305326081159,,,,
1.0,labelflip_mu0p4,tea_fl,TEA-FL,70,10,0.6432158227051767,0.18749955153053963,0.5090867236514027,0.7773449217589508,0.6624667495288807,0.17625671442668037,0.5363802916400556,0.7885532074177058,22.5,1.5811388300841898,21.368921418600898,23.631078581399102,0.4644321758815497,0.03212742827430727,0.44144959819444685,0.4874147535686526,,,,
1.0,labelflip_mu0p4,tea_fl,TEA-FL,75,10,0.6591663552174373,0.1184525956329231,0.5744304729012751,0.7439022375335994,0.6858591230868543,0.10006648834288805,0.6142758695945363,0.7574423765791722,21.1,1.5238839267549946,20.009879109098122,22.19012089090188,0.4334486232993641,0.03259082610914656,0.41013455077089706,0.4567626958278312,,,,
1.0,labelflip_mu0p4,tea_fl,TEA-FL,80,10,0.6946748117077709,0.047561385873655784,0.6606514458655156,0.7286981775500262,0.7151485633699945,0.03969305979348017,0.686753858927622,0.7435432678123671,20.0,1.4142135623730951,18.98833256163903,21.01166743836097,0.4019020187000639,0.03304861168600056,0.3782604660977406,0.42554357130238724,,,,
1.0,labelflip_mu0p4,tea_fl,TEA-FL,85,10,0.7128898567884672,0.050881772426776876,0.6764912294949446,0.7492884840819898,0.7275488149349183,0.04276298450586853,0.6969580186487287,0.7581396112211078,19.0,1.5634719199411433,17.88155956477889,20.11844043522111,0.37036906278913984,0.0329889524241479,0.3467701878517879,0.39396793772649175,,,,
1.0,labelflip_mu0p4,tea_fl,TEA-FL,90,10,0.7119308884994318,0.06613931391181259,0.664617673536455,0.7592441034624086,0.7239850141453934,0.05050001182732274,0.6878594819331179,0.760110546357669,17.6,1.577621275493231,16.471437725569672,18.72856227443033,0.33897364530531315,0.03271352190616494,0.31557180149111547,0.36237548911951084,,,,
1.0,labelflip_mu0p4,tea_fl,TEA-FL,95,10,0.6697952011008663,0.11817483488267275,0.5852580168556034,0.7543323853461292,0.6881848652097561,0.0999823642692684,0.6166617904544603,0.7597079399650518,16.2,1.6193277068654823,15.041602741864136,17.358397258135863,0.3097622060852031,0.02850160122575352,0.28937338881713837,0.33015102335326785,,,,
1.0,labelflip_mu0p4,tea_fl,TEA-FL,100,10,0.6149120333835173,0.1878498402640542,0.4805323528651399,0.7492917139018946,0.6335644329957287,0.1806910698688047,0.5043058283178514,0.762823037673606,14.6,1.429840705968481,13.577153576547476,15.622846423452524,0.2834387616163168,0.023136232816779293,0.2668880976926886,0.299989425539945,,,,
1.0,labelflip_mu0p4,arl_fl,ARL-FL,0,10,0.01609087313920187,0.013901911560994011,0.006146044697851382,0.026035701580552358,0.08686762240013177,0.013057844160576017,0.077526603402775,0.09620864139748854,28.0,0.0,28.0,28.0,0.846142275246185,0.01941488061683745,0.8322537063183344,0.8600308441740356,0.0,0.0,0.0,0.0
1.0,labelflip_mu0p4,arl_fl,ARL-FL,5,10,0.23944649270110746,0.05167682299751052,0.20247912049121464,0.2764138649110003,0.3442158764089033,0.05033603257128359,0.30820764788987126,0.3802241049279353,28.0,0.0,28.0,28.0,0.8193896402431905,0.02022627141071704,0.8049206373074971,0.8338586431788839,0.11193613430252444,0.011208904053036683,0.10391776737982208,0.1199545012252268
1.0,labelflip_mu0p4,arl_fl,ARL-FL,10,10,0.37110092088801966,0.048076978155026755,0.3367087225466205,0.40549311922941883,0.4519242717050904,0.046848861225161034,0.4184106152908102,0.48543792811937064,28.0,0.0,28.0,28.0,0.790904175054368,0.02069337003106007,0.7761010298948429,0.8057073202138932,0.15342079088747657,0.02111925183135555,0.13831298824098276,0.16852859353397037
1.0,labelflip_mu0p4,arl_fl,ARL-FL,15,10,0.48525698292091857,0.07443140196054769,0.4320119655073623,0.5385020003344748,0.5415159722353186,0.05693446688096151,0.5007875081642646,0.5822444363063725,28.0,0.0,28.0,28.0,0.7610285905500186,0.02127949447854081,0.7458061572192298,0.7762510238808074,0.1668440066107601,0.009865720665498675,0.15978649520031812,0.17390151802120207
1.0,labelflip_mu0p4,arl_fl,ARL-FL,20,10,0.3541569148174099,0.15916508466119217,0.24029707231562059,0.46801675731919923,0.4237083502309371,0.13978687088496417,0.32371084677934836,0.5237058536825259,28.0,0.0,28.0,28.0,0.7314762384071094,0.021717946094557627,0.715940155684869,0.7470123211293498,0.20339948979146225,0.017292677257089186,0.19102905369288165,0.21576992589004285
1.0,labelflip_mu0p4,arl_fl,ARL-FL,25,10,0.44251004333923555,0.10440896764107052,0.36782036729192813,0.517199719386543,0.49744397467699164,0.0936705567461503,0.430436095022516,0.5644518543314673,28.0,0.0,28.0,28.0,0.7016734823769466,0.022362668516534186,0.6856761930177111,0.7176707717361821,0.20905091180429786,0.009738929805543512,0.20208410111113875,0.21601772249745696
1.0,labelflip_mu0p4,arl_fl,ARL-FL,30,10,0.47522848307242394,0.1426907884981246,0.373153642101891,0.5773033240429568,0.5185889439349526,0.12513569805864413,0.42907225814524164,0.6081056297246635,28.0,0.0,28.0,28.0,0.6721189782986534,0.023019806530607072,0.655651600722875,0.6885863558744318,0.22074768971918485,0.012309150751173756,0.2119422537226987,0.229553125715671
1.0,labelflip_mu0p4,arl_fl,ARL-FL,35,10,0.45244087902276514,0.1395387438872006,0.3526208749325843,0.552260883112946,0.5102917885847654,0.1335088414291079,0.4147853168603107,0.6057982603092201,28.0,0.0,28.0,28.0,0.6424966748823998,0.023634832120303324,0.6255893345036836,0.659404015261116,0.22133266831257728,0.013610287566046616,0.21159645510995917,0.2310688815151954
1.0,labelflip_mu0p4,arl_fl,ARL-FL,40,10,0.40675257380728425,0.12424174359343483,0.31787538451788405,0.49562976309668444,0.4698368676254959,0.10600531063733606,0.394005236591512,0.5456684986594799,28.0,0.0,28.0,28.0,0.6138295650661539,0.023664724489892007,0.5969008409744165,0.6307582891578913,0.2302784537153392,0.008682477054812747,0.22406738379324706,0.23648952363743134
1.0,labelflip_mu0p4,arl_fl,ARL-FL,45,10,0.44173457731823734,0.1362581284888457,0.3442613841091034,0.5392077705273712,0.49289932978464357,0.12460221105687716,0.4037642776058922,0.582034381963395,28.0,0.0,28.0,28.0,0.5846635922386513,0.024162011284248542,0.567379130604323,0.6019480538729796,0.23230536705251376,0.01226136459167367,0.2235341152152358,0.2410766188897917
1.0,labelflip_mu0p4,arl_fl,ARL-FL,50,10,0.44372234904739016,0.16372430513380298,0.3266010366946759,0.5608436614001044,0.4798310213416063,0.15070706593977598,0.37202168094301125,0.5876403617402014,28.0,0.0,28.0,28.0,0.5557715398873386,0.02489737615149147,0.5379610299168198,0.5735820498578574,0.227073380978134,0.01179348633296909,0.21863682908437393,0.2355099328718941
1.0,labelflip_mu0p4,arl_fl,ARL-FL,55,10,0.49410151991873663,0.1463291527339504,0.3894239499656691,0.5987790898718042,0.5396252080632097,0.12260277755576836,0.45192046444750555,0.6273299516789138,28.0,0.0,28.0,28.0,0.5261898529858855,0.025599716014436356,0.5078769193440706,0.5445027866277004,0.2393374944997681,0.007810138825973023,0.23375045775401868,0.24492453124551752
1.0,labelflip_mu0p4,arl_fl,ARL-FL,60,10,0.47321282318312574,0.17129893941677415,0.3506729438858859,0.5957527024803656,0.5228571659495411,0.1561567988022553,0.41114932151207617,0.6345650103870061,28.0,0.0,28.0,28.0,0.4972450051394759,0.025648209868007144,0.47889738108461205,0.5155926291943398,0.23441193114158138,0.007946370408779997,0.22872744019225968,0.24009642209090307
1.0,labelflip_mu0p4,arl_fl,ARL-FL,65,10,0.4929116962356668,0.16968893215777925,0.3715235467498118,0.6142998457215217,0.5404941734455827,0.1464302001580689,0.4357443185198414,0.645244028371324,28.0,0.0,28.0,28.0,0.46751035771070565,0.02609103536546892,0.44884595537809263,0.48617476004331867,0.242551186741976,0.015658323209453172,0.23134989709817294,0.2537524763857791
1.0,labelflip_mu0p4,arl_fl,ARL-FL,70,10,0.539650402532433,0.07393557956228468,0.48676007509560915,0.5925407299692569,0.5765286849547198,0.0675520909615705,0.5282048301726018,0.6248525397368377,28.0,0.0,28.0,28.0,0.43796027145789623,0.026838118234455376,0.41876143823562134,0.4571591046801711,0.24026388205926436,0.010065082480027578,0.23306375579801228,0.24746400832051643
1.0,labelflip_mu0p4,arl_fl,ARL-FL,75,10,0.5460779262972894,0.175319122019028,0.42066218161226404,0.6714936709823147,0.5857289250610613,0.15930637196871236,0.47176801170811145,0.6996898384140112,27.9,0.3162277660168379,27.673784283720178,28.12621571627982,0.4087479718994472,0.027344871364931155,0.3891866293256643,0.4283093144732302,0.24059061980249594,0.010370482208597185,0.23317202373633003,0.24800921586866184
1.0,labelflip_mu0p4,arl_fl,ARL-FL,80,10,0.4232480740977972,0.18430444737818966,0.29140461486470226,0.5550915333308921,0.4697724273125875,0.18153555884547734,0.3399097116132313,0.5996351430119438,27.7,0.48304589153964794,27.354449785586354,28.045550214413645,0.37926711798305673,0.02749044865480038,0.35960163568961334,0.3989326002765001,0.24432576391564592,0.014739782511780427,0.23378155870333817,0.2548699691279537
1.0,labelflip_mu0p4,arl_fl,ARL-FL,85,10,0.4738943845413591,0.17865145762820014,0.34609483056530055,0.6016939385174177,0.5220941755248049,0.16308348201593145,0.4054312804149656,0.6387570706346442,27.6,0.5163977794943222,27.23059128221082,27.969408717789182,0.34972116038190076,0.02776745171745885,0.3298575220346096,0.3695847987291919,0.24615803615372314,0.013854814144873306,0.23624689917424796,0.2560691731331983
1.0,labelflip_mu0p4,arl_fl,ARL-FL,90,10,0.4967468202288199,0.17792648935735952,0.3694658773119168,0.624027763145723,0.5355620685791372,0.16545894837444117,0.41719986720483704,0.6539242699534374,27.3,0.4830458915396479,26.954449785586355,27.645550214413646,0.3204029132300702,0.028535522941935437,0.2999898298280723,0.3408159966320681,0.24955536407472487,0.00768964914030269,0.24405452045771794,0.25505620769173176
1.0,labelflip_mu0p4,arl_fl,ARL-FL,95,10,0.6220691959053375,0.11283775693814092,0.5413499272253991,0.7027884645852759,0.6514273376344167,0.09194759368719423,0.5856519915028977,0.7172026837659358,26.6,0.8432740427115678,25.99675808992048,27.203241910079523,0.29115838588533943,0.029184055925913183,0.27028136993450336,0.3120354018361755,0.23430626245909947,0.009033065231059652,0.22784439686397745,0.2407681280542215
1.0,labelflip_mu0p4,arl_fl,ARL-FL,100,10,0.6033272672146193,0.14957274035934617,0.4963293744536038,0.7103251599756347,0.6261056038786018,0.13439556814556203,0.5299648060738229,0.7222464016833807,25.4,1.0749676997731399,24.631014432271883,26.168985567728114,0.2608799284995419,0.030053102585437638,0.23938123401920425,0.28237862297987953,0.25089662417487085,0.016762384573514044,0.23890553660967145,0.26288771174007025
0.1,clean,fedavg,FedAvg,0,10,0.016084496343229518,0.01388783789303409,0.006149735597446497,0.026019257089012537,0.08686762240013177,0.013057844160576017,0.077526603402775,0.09620864139748854,28.0,0.0,28.0,28.0,0.846142275246185,0.01941488061683745,0.8322537063183344,0.8600308441740356,,,,
0.1,clean,fedavg,FedAvg,5,10,0.21447357446410836,0.04458001865880142,0.18258295024823368,0.24636419867998305,0.30539694549094054,0.03635013391901353,0.2793936261590157,0.3314002648228654,28.0,0.0,28.0,28.0,0.8128936088056637,0.019492052984206806,0.7989498340918653,0.8268373835194622,,,,
0.1,clean,fedavg,FedAvg,10,10,0.27113812793103265,0.041888864220869654,0.24117263962736607,0.3011036162346992,0.36518059684968396,0.03837318000357393,0.33773007753007195,0.39263111616929597,28.0,0.0,28.0,28.0,0.7798428909344416,0.01984744411695107,0.7656448847195138,0.7940408971493694,,,,
0.1,clean,fedavg,FedAvg,15,10,0.2883350473581884,0.04398764945037548,0.25686817854644556,0.3198019161699312,0.3731537966174234,0.052298034122693245,0.3357420367390653,0.41056555649578147,28.0,0.0,28.0,28.0,0.7469126099139359,0.020661186825612448,0.732132487232684,0.7616927325951879,,,,
0.1,clean,fedavg,FedAvg,20,10,0.3367344359528597,0.03333463234339587,0.31288827649801837,0.360580595407701,0.42223969166805686,0.028188812133731884,0.40207463023708206,0.44240475309903166,28.0,0.0,28.0,28.0,0.7133967238021265,0.02098859619602733,0.6983823865666687,0.7284110610375842,,,,
0.1,clean,fedavg,FedAvg,25,10,0.349302343012544,0.08201078906606124,0.2906353586900336,0.40796932733505437,0.43391455684439856,0.0687364289224937,0.38474347772293094,0.4830856359658662,28.0,0.0,28.0,28.0,0.6803697141454822,0.02140431970941151,0.6650579862237507,0.6956814420672137,,,,
0.1,clean,fedavg,FedAvg,30,10,0.3621575578529805,0.045224550678786175,0.3298058632054905,0.3945092525004705,0.4407236323915316,0.03614388153855493,0.4148678571243407,0.4665794076587225,28.0,0.0,28.0,28.0,0.6468026994581366,0.022055124189601476,0.6310254140570646,0.6625799848592087,,,,
0.1,clean,fedavg,FedAvg,35,10,0.41899320127160034,0.07660801111666252,0.36419113146661836,0.4737952710765823,0.48752707131061657,0.062182508077556674,0.4430443847267598,0.5320097578944734,28.0,0.0,28.0,28.0,0.614462246767717,0.023824379076001274,0.5974193126652365,0.6315051808701975,,,,
0.1,clean,fedavg,FedAvg,40,10,0.4053328088819394,0.07547777290942526,0.3513392627838965,0.4593263549799823,0.4730745629466758,0.06593990308227292,0.4259039978977356,0.5202451279956161,28.0,0.0,28.0,28.0,0.5803892458099131,0.02528618678839868,0.5623005974651679,0.5984778941546584,,,,
0.1,clean,fedavg,FedAvg,45,10,0.4130591772429061,0.09028288494756712,0.348474692004709,0.4776436624811032,0.4783770371540901,0.07529425195741117,0.42451477403646076,0.5322393002717194,27.9,0.3162277660168379,27.673784283720178,28.12621571627982,0.5470787191915767,0.026724010531315335,0.5279615137027674,0.5661959246803859,,,,
0.1,clean,fedavg,FedAvg,50,10,0.4600934017274899,0.07578317117365316,0.4058813868720601,0.5143054165829197,0.5147025640153786,0.0611109809683736,0.4709864017490107,0.5584187262817465,27.6,0.6992058987801011,27.09981823161223,28.100181768387774,0.5142834423985028,0.027417069800994096,0.49467045217488187,0.5338964326221236,,,,
0.1,clean,fedavg,FedAvg,55,10,0.43443194926685375,0.04892031960874629,0.39943646079244494,0.46942743774126255,0.4889871703830185,0.041547222280594306,0.4592660780006971,0.5187082627653399,27.2,0.9189365834726815,26.54263236886373,27.85736763113627,0.481479871473276,0.027319996769889575,0.4619363231128392,0.5010234198337127,,,,
0.1,clean,fedavg,FedAvg,60,10,0.5161144967447583,0.10350836878658498,0.4420690703075163,0.5901599231820003,0.5679349803800302,0.0815926614243707,0.5095671065535804,0.62630285420648,26.6,1.2649110640673518,25.69513713488072,27.504862865119282,0.44977937938148543,0.027699825526561736,0.429964117896877,0.46959464086609387,,,,
0.1,clean,fedavg,FedAvg,65,10,0.5557897099652916,0.06992943934715878,0.5057652025976449,0.6058142173329384,0.6004058568814308,0.05451066884127475,0.5614112734767449,0.6394004402861166,25.5,1.5811388300841898,24.368921418600898,26.631078581399102,0.41807571847408126,0.027357941214909056,0.3985050262928566,0.4376464106553059,,,,
0.1,clean,fedavg,FedAvg,70,10,0.5599090867038509,0.13071403437189344,0.4664018995086301,0.6534162738990716,0.5937508958568846,0.10047057752862618,0.5218785743749208,0.6656232173388483,24.4,2.0110804171997807,22.96135973509377,25.83864026490623,0.3872253051899941,0.027114194820634523,0.3678289786752192,0.406621631704769,,,,
0.1,clean,fedavg,FedAvg,75,10,0.5323540056193572,0.09712850466013852,0.4628724590441232,0.6018355521945912,0.5749277601305444,0.0740326306391436,0.5219680065356576,0.6278875137254312,23.4,2.3664319132398464,21.7071565883545,25.092843411645497,0.35760575120956384,0.027281622678854128,0.3380896540201596,0.37712184839896806,,,,
0.1,clean,fedavg,FedAvg,80,10,0.5314443456313462,0.0691254083573318,0.48199500738488665,0.5808936838778058,0.5795094900499043,0.051847460851407505,0.5424200508728062,0.6165989292270023,22.6,2.170509412813294,21.047311102069678,24.152688897930325,0.3292481183194543,0.026649532319901175,0.31018419133352454,0.348312045305384,,,,
0.1,clean,fedavg,FedAvg,85,10,0.5942270042371036,0.08831749044030002,0.5310484775326368,0.6574055309415704,0.628769462244585,0.07291937139298284,0.576606086339575,0.6809328381495949,21.4,1.837873166945363,20.085264737727456,22.71473526227254,0.30128676585208586,0.02595849361049154,0.28271717817922537,0.31985635352494635,,,,
0.1,clean,fedavg,FedAvg,90,10,0.5454131104001336,0.061455951046724466,0.5014501714058642,0.589376049394403,0.5892388223484952,0.05031332007939433,0.553246841367388,0.6252308033296025,20.5,1.509230856356236,19.420361284201547,21.579638715798453,0.2741565674017588,0.0253632498041516,0.25601279149649986,0.29230034330701776,,,,
0.1,clean,fedavg,FedAvg,95,10,0.5857852747692575,0.06631347762168716,0.5383474705936524,0.6332230789448625,0.624455452197016,0.053590532240653445,0.586119094864021,0.662791809530011,18.7,1.3374935098492586,17.74321478103839,19.65678521896161,0.24787908746273643,0.024755957984591518,0.23016974195453926,0.2655884329709336,,,,
0.1,clean,fedavg,FedAvg,100,10,0.5975352693509298,0.08512290839668558,0.5366420089730525,0.6584285297288072,0.6335096737121734,0.06745126689641896,0.5852579441213496,0.6817614033029972,17.0,1.9436506316151,15.609596097879894,18.390403902120106,0.22244794942663412,0.02426180825400571,0.20509209734079506,0.23980380151247319,,,,
0.1,clean,fedprox,FedProx,0,10,0.016084496343229518,0.01388783789303409,0.006149735597446497,0.026019257089012537,0.08686762240013177,0.013057844160576017,0.077526603402775,0.09620864139748854,28.0,0.0,28.0,28.0,0.846142275246185,0.01941488061683745,0.8322537063183344,0.8600308441740356,,,,
0.1,clean,fedprox,FedProx,5,10,0.21352310620289533,0.0456284645364954,0.1808824689878758,0.24616374341791486,0.304781692472027,0.03688398233349819,0.2783964809900591,0.33116690395399495,28.0,0.0,28.0,28.0,0.8128936088056637,0.019492052984206806,0.7989498340918653,0.8268373835194622,,,,
0.1,clean,fedprox,FedProx,10,10,0.2732384161607636,0.04268845937523643,0.24270093194144007,0.30377590038008717,0.36688265039932516,0.03880142259206002,0.3391257847866089,0.39463951601204145,28.0,0.0,28.0,28.0,0.7798428909344416,0.01984744411695107,0.7656448847195138,0.7940408971493694,,,,
0.1,clean,fedprox,FedProx,15,10,0.29228337836879714,0.03919629578994305,0.2642440374869925,0.3203227192506018,0.37793866561262385,0.04474798182373369,0.3459278877867662,0.4099494434384815,28.0,0.0,28.0,28.0,0.7469126099139359,0.020661186825612448,0.732132487232684,0.7616927325951879,,,,
0.1,clean,fedprox,FedProx,20,10,0.34456289360952563,0.02346016184193627,0.32778050482070703,0.36134528239834424,0.42747730229217834,0.02185108392448777,0.41184597850385146,0.4431086260805052,28.0,0.0,28.0,28.0,0.7133967238021265,0.02098859619602733,0.6983823865666687,0.7284110610375842,,,,
0.1,clean,fedprox,FedProx,25,10,0.3433155801176399,0.08553054685108485,0.2821307127562689,0.4045004474790109,0.4282059890209908,0.07320269563580913,0.37583993516224606,0.4805720428797355,28.0,0.0,28.0,28.0,0.6803697141454822,0.02140431970941151,0.6650579862237507,0.6956814420672137,,,,
0.1,clean,fedprox,FedProx,30,10,0.37772868425118894,0.058784258218180944,0.3356769591724504,0.4197804093299275,0.45455941132329947,0.045771642061936874,0.4218163510766756,0.48730247156992335,28.0,0.0,28.0,28.0,0.6468026994581366,0.022055124189601476,0.6310254140570646,0.6625799848592087,,,,
0.1,clean,fedprox,FedProx,35,10,0.4232549469797622,0.0755788949169638,0.36918906255528094,0.4773208314042434,0.4877870952628032,0.059873345205428474,0.4449562842865344,0.5306179062390721,28.0,0.0,28.0,28.0,0.614462246767717,0.023824379076001274,0.5974193126652365,0.6315051808701975,,,,
0.1,clean,fedprox,FedProx,40,10,0.40868804648343626,0.06657782946489765,0.36106113639118453,0.456314956575688,0.47432248599564486,0.05083960351153687,0.4379540245268565,0.5106909474644332,28.0,0.0,28.0,28.0,0.5803892458099131,0.02528618678839868,0.5623005974651679,0.5984778941546584,,,,
0.1,clean,fedprox,FedProx,45,10,0.41920947381614093,0.07449127838192802,0.36592162339104545,0.4724973242412364,0.4841324469902754,0.060661404417202025,0.4407378924145506,0.5275270015660003,27.9,0.3162277660168379,27.673784283720178,28.12621571627982,0.5470787191915767,0.026724010531315335,0.5279615137027674,0.5661959246803859,,,,
0.1,clean,fedprox,FedProx,50,10,0.47575508294073615,0.08400710795362173,0.4156600181154897,0.5358501477659826,0.5270426774250948,0.06767284511271957,0.47863244032702773,0.5754529145231619,27.6,0.6992058987801011,27.09981823161223,28.100181768387774,0.5142834423985028,0.027417069800994096,0.49467045217488187,0.5338964326221236,,,,
0.1,clean,fedprox,FedProx,55,10,0.45199784080708305,0.05756284669672299,0.4108198608952516,0.4931758207189145,0.5057775712907753,0.03873455887565553,0.47806853709934777,0.5334866054822027,27.2,0.9189365834726815,26.54263236886373,27.85736763113627,0.481479871473276,0.027319996769889575,0.4619363231128392,0.5010234198337127,,,,
0.1,clean,fedprox,FedProx,60,10,0.53659241054441,0.11176367971954193,0.45664149042034213,0.6165433306684778,0.5848028754759456,0.08552419858416926,0.5236225493911535,0.6459832015607376,26.6,1.2649110640673518,25.69513713488072,27.504862865119282,0.44977937938148543,0.027699825526561736,0.429964117896877,0.46959464086609387,,,,
0.1,clean,fedprox,FedProx,65,10,0.5611454474688774,0.05710971266569547,0.5202916201154718,0.601999274822283,0.6055794808120987,0.04648800656161045,0.572323964273441,0.6388349973507563,25.5,1.5811388300841898,24.368921418600898,26.631078581399102,0.41807571847408126,0.027357941214909056,0.3985050262928566,0.4376464106553059,,,,
0.1,clean,fedprox,FedProx,70,10,0.547114478148538,0.13132800084493107,0.45316808579679524,0.6410608705002807,0.5838101499385598,0.10386058378493328,0.509512764069863,0.6581075358072567,24.4,2.0110804171997807,22.96135973509377,25.83864026490623,0.3872253051899941,0.027114194820634523,0.3678289786752192,0.406621631704769,,,,
0.1,clean,fedprox,FedProx,75,10,0.5331772521255502,0.11035730508800408,0.45423239180653496,0.6121221124445655,0.575713643608377,0.08605831071203787,0.5141512367243515,0.6372760504924024,23.4,2.3664319132398464,21.7071565883545,25.092843411645497,0.35760575120956384,0.027281622678854128,0.3380896540201596,0.37712184839896806,,,,
0.1,clean,fedprox,FedProx,80,10,0.546285413961153,0.059477758590245615,0.5037375886019648,0.5888332393203413,0.5944282708861728,0.048855208661101907,0.5594793599778157,0.6293771817945298,22.6,2.170509412813294,21.047311102069678,24.152688897930325,0.3292481183194543,0.026649532319901175,0.31018419133352454,0.348312045305384,,,,
0.1,clean,fedprox,FedProx,85,10,0.5970587338848692,0.047923380209183235,0.5627764128947721,0.6313410548749663,0.6355180456493674,0.03905674910552778,0.6075785304519645,0.6634575608467703,21.4,1.837873166945363,20.085264737727456,22.71473526227254,0.30128676585208586,0.02595849361049154,0.28271717817922537,0.31985635352494635,,,,
0.1,clean,fedprox,FedProx,90,10,0.5664680198490553,0.09047061319691684,0.50174924191124,0.6311867977868705,0.6082668954117227,0.07640835864541701,0.5536076483808403,0.6629261424426052,20.5,1.509230856356236,19.420361284201547,21.579638715798453,0.2741565674017588,0.0253632498041516,0.25601279149649986,0.29230034330701776,,,,
0.1,clean,fedprox,FedProx,95,10,0.6063552056198384,0.08269125274516095,0.5472014469052218,0.6655089643344549,0.6426852442109307,0.06799322041387498,0.5940458244286796,0.6913246639931817,18.7,1.3374935098492586,17.74321478103839,19.65678521896161,0.24787908746273643,0.024755957984591518,0.23016974195453926,0.2655884329709336,,,,
0.1,clean,fedprox,FedProx,100,10,0.6256097133335425,0.0815327028414494,0.5672847312934577,0.6839346953736274,0.6557705268331521,0.061416496558901856,0.6118358118792181,0.699705241787086,17.0,1.9436506316151,15.609596097879894,18.390403902120106,0.22244794942663412,0.02426180825400571,0.20509209734079506,0.23980380151247319,,,,
0.1,clean,random_trimmed_mean,Random Trimmed Mean,0,10,0.016084496343229518,0.01388783789303409,0.006149735597446497,0.026019257089012537,0.08686762240013177,0.013057844160576017,0.077526603402775,0.09620864139748854,28.0,0.0,28.0,28.0,0.846142275246185,0.01941488061683745,0.8322537063183344,0.8600308441740356,,,,
0.1,clean,random_trimmed_mean,Random Trimmed Mean,5,10,0.15789727778825485,0.059286246086859715,0.11548645222094348,0.20030810335556623,0.25503133974932146,0.04323876932216723,0.22410018750903662,0.2859624919896063,28.0,0.0,28.0,28.0,0.8128936088056637,0.019492052984206806,0.7989498340918653,0.8268373835194622,,,,
0.1,clean,random_trimmed_mean,Random Trimmed Mean,10,10,0.21499813297902493,0.067335714758316,0.16682906440819278,0.26316720154985707,0.3054891470018015,0.05671372803625924,0.2649185899877214,0.34605970401588165,28.0,0.0,28.0,28.0,0.7798428909344416,0.01984744411695107,0.7656448847195138,0.7940408971493694,,,,
0.1,clean,random_trimmed_mean,Random Trimmed Mean,15,10,0.21814098519396255,0.05521716866006656,0.17864100226483698,0.2576409681230881,0.3124268013586216,0.051068674473086155,0.27589447239553166,0.34895913032171155,28.0,0.0,28.0,28.0,0.7469126099139359,0.020661186825612448,0.732132487232684,0.7616927325951879,,,,
0.1,clean,random_trimmed_mean,Random Trimmed Mean,20,10,0.33162592056189116,0.06989348611106118,0.2816271325899788,0.38162470853380354,0.41503185043143914,0.0569851675553096,0.37426711728285295,0.45579658358002534,28.0,0.0,28.0,28.0,0.7133967238021265,0.02098859619602733,0.6983823865666687,0.7284110610375842,,,,
0.1,clean,random_trimmed_mean,Random Trimmed Mean,25,10,0.297086999486588,0.09809686809067172,0.22691272744383267,0.36726127152934335,0.39081075435729956,0.07687985974273809,0.33581421576027576,0.44580729295432336,28.0,0.0,28.0,28.0,0.6803697141454822,0.02140431970941151,0.6650579862237507,0.6956814420672137,,,,
0.1,clean,random_trimmed_mean,Random Trimmed Mean,30,10,0.3659693076733593,0.055684248660806256,0.3261351958400638,0.40580341950665477,0.4475695036556391,0.04265024902181698,0.41705935347651374,0.4780796538347644,28.0,0.0,28.0,28.0,0.6468026994581366,0.022055124189601476,0.6310254140570646,0.6625799848592087,,,,
0.1,clean,random_trimmed_mean,Random Trimmed Mean,35,10,0.3411026633983124,0.03732274352978256,0.3144035810645105,0.3678017457321143,0.4205636520674091,0.041225186279598605,0.3910729303623711,0.45005437377244706,28.0,0.0,28.0,28.0,0.614462246767717,0.023824379076001274,0.5974193126652365,0.6315051808701975,,,,
0.1,clean,random_trimmed_mean,Random Trimmed Mean,40,10,0.38444617160958183,0.08063243069713988,0.32676520546518184,0.4421271377539818,0.45707045342237373,0.06653530801378518,0.4094739613438272,0.5046669455009203,28.0,0.0,28.0,28.0,0.5803892458099131,0.02528618678839868,0.5623005974651679,0.5984778941546584,,,,
0.1,clean,random_trimmed_mean,Random Trimmed Mean,45,10,0.38603507721869657,0.08190322465751236,0.3274450398386783,0.44462511459871484,0.46397189251223603,0.0641289300247939,0.4180968195464902,0.5098469654779818,27.9,0.3162277660168379,27.673784283720178,28.12621571627982,0.5470787191915767,0.026724010531315335,0.5279615137027674,0.5661959246803859,,,,
0.1,clean,random_trimmed_mean,Random Trimmed Mean,50,10,0.4145934583986426,0.04118526921068893,0.38513129164451526,0.4440556251527699,0.476387809666428,0.027918459070300005,0.4564161471664296,0.49635947216642645,27.6,0.6992058987801011,27.09981823161223,28.100181768387774,0.5142834423985028,0.027417069800994096,0.49467045217488187,0.5338964326221236,,,,
0.1,clean,random_trimmed_mean,Random Trimmed Mean,55,10,0.38483356803620844,0.04839689439578974,0.3502125154026473,0.4194546206697696,0.451086960107868,0.0526188293518798,0.41344571714690886,0.4887282030688271,27.2,0.9189365834726815,26.54263236886373,27.85736763113627,0.481479871473276,0.027319996769889575,0.4619363231128392,0.5010234198337127,,,,
0.1,clean,random_trimmed_mean,Random Trimmed Mean,60,10,0.413949489667094,0.07049948337527863,0.3635171973672244,0.4643817819669636,0.4870981260889464,0.054993588383182405,0.4477580828549288,0.5264381693229641,26.6,1.2649110640673518,25.69513713488072,27.504862865119282,0.44977937938148543,0.027699825526561736,0.429964117896877,0.46959464086609387,,,,
0.1,clean,random_trimmed_mean,Random Trimmed Mean,65,10,0.43274495057593576,0.0986470590955854,0.3621770955982125,0.5033128055536591,0.4948111887237231,0.08456248094023638,0.4343188339971123,0.555303543450334,25.5,1.5811388300841898,24.368921418600898,26.631078581399102,0.41807571847408126,0.027357941214909056,0.3985050262928566,0.4376464106553059,,,,
0.1,clean,random_trimmed_mean,Random Trimmed Mean,70,10,0.4275041700821068,0.08856725780643789,0.3641469705673872,0.49086136959682636,0.4892387564413223,0.07190161532410724,0.437803439368776,0.5406740735138686,24.4,2.0110804171997807,22.96135973509377,25.83864026490623,0.3872253051899941,0.027114194820634523,0.3678289786752192,0.406621631704769,,,,
0.1,clean,random_trimmed_mean,Random Trimmed Mean,75,10,0.4659113382528335,0.11568415915653756,0.38315587608879487,0.5486668004168721,0.5190459481436595,0.09218181792636673,0.4531030480851026,0.5849888482022163,23.4,2.3664319132398464,21.7071565883545,25.092843411645497,0.35760575120956384,0.027281622678854128,0.3380896540201596,0.37712184839896806,,,,
0.1,clean,random_trimmed_mean,Random Trimmed Mean,80,10,0.47321704187130453,0.052391899882741136,0.435738134473262,0.510695949269347,0.5336456023677189,0.04045488737968546,0.5047059193003953,0.5625852854350424,22.6,2.170509412813294,21.047311102069678,24.152688897930325,0.3292481183194543,0.026649532319901175,0.31018419133352454,0.348312045305384,,,,
0.1,clean,random_trimmed_mean,Random Trimmed Mean,85,10,0.4747058538386114,0.07302404523269412,0.4224675987794895,0.5269441088977334,0.5336673560090681,0.06464428515607444,0.48742362019113333,0.5799110918270028,21.4,1.837873166945363,20.085264737727456,22.71473526227254,0.30128676585208586,0.02595849361049154,0.28271717817922537,0.31985635352494635,,,,
0.1,clean,random_trimmed_mean,Random Trimmed Mean,90,10,0.4541421349780725,0.08949459607398355,0.3901215576294932,0.5181627123266518,0.5179700644817062,0.07616129934142925,0.4634875530301158,0.5724525759332967,20.5,1.509230856356236,19.420361284201547,21.579638715798453,0.2741565674017588,0.0253632498041516,0.25601279149649986,0.29230034330701776,,,,
0.1,clean,random_trimmed_mean,Random Trimmed Mean,95,10,0.4862716760303981,0.06589314545530614,0.43913455937281537,0.5334087926879809,0.5444740816349471,0.05318807898610502,0.5064256220169238,0.5825225412529705,18.7,1.3374935098492586,17.74321478103839,19.65678521896161,0.24787908746273643,0.024755957984591518,0.23016974195453926,0.2655884329709336,,,,
0.1,clean,random_trimmed_mean,Random Trimmed Mean,100,10,0.47941255057028415,0.06504968047291673,0.4328788124127981,0.5259462887277703,0.5281260493679015,0.05146638213744112,0.4913092174805578,0.5649428812552453,17.0,1.9436506316151,15.609596097879894,18.390403902120106,0.22244794942663412,0.02426180825400571,0.20509209734079506,0.23980380151247319,,,,
0.1,clean,fedle_adapted,FedLE-adapted,0,10,0.016084496343229518,0.01388783789303409,0.006149735597446497,0.026019257089012537,0.08686762240013177,0.013057844160576017,0.077526603402775,0.09620864139748854,28.0,0.0,28.0,28.0,0.8245841647819507,0.019647458591782654,0.8105292195935463,0.8386391099703552,,,,
0.1,clean,fedle_adapted,FedLE-adapted,5,10,0.2001037648420867,0.04647552153566699,0.16685717955295898,0.2333503501312144,0.29606737512978754,0.045204609724006375,0.2637299453820109,0.3284048048775642,28.0,0.0,28.0,28.0,0.7919522851080923,0.020113724230078994,0.7775637935753158,0.8063407766408689,,,,
0.1,clean,fedle_adapted,FedLE-adapted,10,10,0.27381405594052516,0.0402494625933027,0.24502132491279813,0.30260678696825216,0.3696318651966096,0.03596721452579465,0.34390246989705403,0.3953612604961652,28.0,0.0,28.0,28.0,0.7599011964768646,0.020016372273319167,0.745582346338666,0.7742200466150632,,,,
0.1,clean,fedle_adapted,FedLE-adapted,15,10,0.2940631678589376,0.07641077699993054,0.23940219084145287,0.34872414487642234,0.3777772930134263,0.05994308505055556,0.33489659315732445,0.4206579928695281,28.0,0.0,28.0,28.0,0.7270283542211133,0.02061614339147224,0.7122804536715421,0.7417762547706845,,,,
0.1,clean,fedle_adapted,FedLE-adapted,20,10,0.3385744863505296,0.03723603733558976,0.31193742989153395,0.3652115428095253,0.4219007090809326,0.02924498483838143,0.40098010721178906,0.4428213109500761,28.0,0.0,28.0,28.0,0.6953949381036449,0.020379668562588087,0.6808162014560043,0.7099736747512856,,,,
0.1,clean,fedle_adapted,FedLE-adapted,25,10,0.3586147383348459,0.06505835403846967,0.3120747954823422,0.40515468118734965,0.4375892287664024,0.05759000336729308,0.39639182214273544,0.4787866353900693,28.0,0.0,28.0,28.0,0.66270677048415,0.02083843974961529,0.6477998486996092,0.677613692268691,,,,
0.1,clean,fedle_adapted,FedLE-adapted,30,10,0.4005794799555985,0.07531374713010502,0.34670327083154956,0.45445568907964745,0.4817534005446794,0.05290310094382007,0.4439088019372545,0.5195979991521043,28.0,0.0,28.0,28.0,0.6307142953247602,0.021319846840249,0.6154629956533513,0.6459655949961691,,,,
0.1,clean,fedle_adapted,FedLE-adapted,35,10,0.3868538678806037,0.08255484725077394,0.32779768777840923,0.4459100479827982,0.46267236971884307,0.07130715753060377,0.4116623021341876,0.5136824373034986,28.0,0.0,28.0,28.0,0.5986765324920572,0.02131628926015533,0.5834277777601368,0.6139252872239777,,,,
0.1,clean,fedle_adapted,FedLE-adapted,40,10,0.40952581569255236,0.08737337919329646,0.34702266548863414,0.4720289658964706,0.48092958521376533,0.07075307232082058,0.43031588631042444,0.5315432841171062,28.0,0.0,28.0,28.0,0.56679728932121,0.02046335585753787,0.552158686389185,0.581435892253235,,,,
0.1,clean,fedle_adapted,FedLE-adapted,45,10,0.4359145768086433,0.09899512652291112,0.36509772939303914,0.5067314242242476,0.5081254015677686,0.06713391493736029,0.4601006918924808,0.5561501112430565,28.0,0.0,28.0,28.0,0.534967970526316,0.020504138218079362,0.5203001936510359,0.549635747401596,,,,
0.1,clean,fedle_adapted,FedLE-adapted,50,10,0.4336166853221909,0.06723874176161315,0.38551698705424275,0.481716383590139,0.49861067109801355,0.05873620731750609,0.4565933195629109,0.5406280226331163,27.9,0.3162277660168379,27.673784283720178,28.12621571627982,0.5040940383522707,0.021211892270653784,0.4889199647277528,0.5192681119767887,,,,
0.1,clean,fedle_adapted,FedLE-adapted,55,10,0.44154982285887295,0.07235552623822557,0.38978979747921666,0.49330984823852925,0.5092681911993677,0.05396673788059275,0.470662712563777,0.5478736698349584,27.5,0.7071067811865476,26.994166280819517,28.005833719180483,0.47340483329951744,0.021822289767868704,0.4577941076099796,0.4890155589890553,,,,
0.1,clean,fedle_adapted,FedLE-adapted,60,10,0.47143267876740713,0.078110468866995,0.41555581543479564,0.5273095421000186,0.5314394489325002,0.061880463616314406,0.48717283193990324,0.5757060659250971,27.3,0.8232726023485647,26.711066258413513,27.888933741586488,0.44258504684588285,0.022363109503047943,0.4265874420238993,0.4585826516678664,,,,
0.1,clean,fedle_adapted,FedLE-adapted,65,10,0.44799055657583586,0.06041355738494752,0.40477330108625864,0.4912078120654131,0.5127187387894547,0.04309409782083327,0.48189107830674627,0.5435463992721632,27.2,0.9189365834726815,26.54263236886373,27.85736763113627,0.4122982093081896,0.022416579633188573,0.3962623542593468,0.4283340643570324,,,,
0.1,clean,fedle_adapted,FedLE-adapted,70,10,0.5230471784533661,0.08555775369609121,0.4618428484875301,0.5842515084192021,0.5758828896059797,0.07061948797418519,0.525364751187534,0.6264010280244253,27.1,0.875595035770913,26.47363704432765,27.726362955672354,0.3819649253893048,0.02302289533924314,0.3654953382129374,0.39843451256567225,,,,
0.1,clean,fedle_adapted,FedLE-adapted,75,10,0.5106662178463499,0.09624067167521773,0.4418197887282276,0.5795126469644722,0.5612989533313927,0.08258058693103416,0.5022243601711666,0.6203735464916188,26.3,1.3374935098492586,25.34321478103839,27.25678521896161,0.352798793759744,0.023373378614208344,0.336078485952203,0.36951910156728496,,,,
0.1,clean,fedle_adapted,FedLE-adapted,80,10,0.5613323658904731,0.09369488922181173,0.4943070798314937,0.6283576519494525,0.6017155947898571,0.07980518496444157,0.5446264045932776,0.6588047849864367,25.9,1.3703203194062976,24.919731896120776,26.88026810387922,0.3236615587486105,0.023501486429069924,0.3068496081309995,0.34047350936622156,,,,
0.1,clean,fedle_adapted,FedLE-adapted,85,10,0.5367556849835112,0.10545767374334743,0.4613158097836064,0.612195560183416,0.5854663478897145,0.08823699819924309,0.5223454018657648,0.6485872939136642,25.0,1.5634719199411433,23.88155956477889,26.11844043522111,0.29514020244785966,0.02447599927510633,0.27763112733587936,0.31264927755983996,,,,
0.1,clean,fedle_adapted,FedLE-adapted,90,10,0.5593501364520204,0.07421226285990219,0.5062618817074791,0.6124383911965616,0.6076685443429092,0.056442286288059904,0.5672921650579722,0.6480449236278462,23.5,2.068278940998476,22.020442376083047,24.979557623916953,0.26683998424606037,0.024750212862110533,0.24913474855090562,0.2845452199412151,,,,
0.1,clean,fedle_adapted,FedLE-adapted,95,10,0.5982948078815005,0.09122649940198221,0.5330353015267638,0.6635543142362371,0.6306694675489638,0.06956643875924787,0.5809046351587506,0.680434299939177,22.3,1.7669811040931427,21.035977864467302,23.5640221355327,0.24065012866930466,0.02456566555292014,0.22307691016625758,0.25822334717235174,,,,
0.1,clean,fedle_adapted,FedLE-adapted,100,10,0.5728782235481052,0.067223053502538,0.5247897479846292,0.6209666991115813,0.614035803672716,0.05603495853646355,0.573950809107877,0.6541207982375551,19.6,2.590581230363393,17.74680982638157,21.453190173618434,0.21475067947135545,0.024926898190469955,0.1969190507063751,0.2325823082363358,,,,
0.1,clean,tea_fl,TEA-FL,0,10,0.016084496343229518,0.01388783789303409,0.006149735597446497,0.026019257089012537,0.08686762240013177,0.013057844160576017,0.077526603402775,0.09620864139748854,28.0,0.0,28.0,28.0,0.846142275246185,0.01941488061683745,0.8322537063183344,0.8600308441740356,,,,
0.1,clean,tea_fl,TEA-FL,5,10,0.1301568369058014,0.040493583379287074,0.10118947238792947,0.15912420142367334,0.24614609822574907,0.04415971193546746,0.21455614332703724,0.2777360531244609,28.0,0.0,28.0,28.0,0.8167134205109943,0.020027024816123853,0.8023869500027342,0.8310398910192544,,,,
0.1,clean,tea_fl,TEA-FL,10,10,0.21509930597280294,0.06183233342567981,0.17086711924446213,0.25933149270114375,0.3246833953579101,0.05115690957647511,0.28808794680426175,0.3612788439115584,28.0,0.0,28.0,28.0,0.7912946964321121,0.021061662104529963,0.776228090994416,0.8063613018698083,,,,
0.1,clean,tea_fl,TEA-FL,15,10,0.22060832145994808,0.04916573686810523,0.18543727205421248,0.2557793708656837,0.33217780104529915,0.03995878353455456,0.30359300928966865,0.36076259280092965,28.0,0.0,28.0,28.0,0.7671114893985003,0.021323394302803507,0.7518576520252542,0.7823653267717463,,,,
0.1,clean,tea_fl,TEA-FL,20,10,0.2438475147665285,0.061894939049653576,0.19957054267272545,0.28812448686033154,0.34676795310214087,0.05540791764115712,0.3071315165720853,0.3864043896321964,28.0,0.0,28.0,28.0,0.7429365946428859,0.021410959830743388,0.7276201166645031,0.7582530726212686,,,,
0.1,clean,tea_fl,TEA-FL,25,10,0.22817767464827785,0.07291078442684763,0.176020441488794,0.2803349078077617,0.3469448791887922,0.05239353044966789,0.30946480535343796,0.3844249530241464,28.0,0.0,28.0,28.0,0.7195670983832597,0.021377933798231146,0.7042742458053114,0.734859950961208,,,,
0.1,clean,tea_fl,TEA-FL,30,10,0.25460518477446153,0.05508917466646362,0.2151967632325826,0.2940136063163405,0.36586475078191905,0.05223270749263359,0.32849972275951794,0.40322977880432015,28.0,0.0,28.0,28.0,0.695817169378668,0.02131711752738207,0.680567822140067,0.711066516617269,,,,
0.1,clean,tea_fl,TEA-FL,35,10,0.27145124335875687,0.07487043994944935,0.21789215708785634,0.32501032962965737,0.37710026096012805,0.05747923999436434,0.3359820896802143,0.4182184322400418,28.0,0.0,28.0,28.0,0.6724930014501138,0.021554456279290257,0.6570738722962808,0.6879121306039468,,,,
0.1,clean,tea_fl,TEA-FL,40,10,0.25004006258490463,0.07069188271180411,0.19947013609094733,0.30060998907886194,0.3529336702793993,0.05468220939317895,0.3138163741562548,0.39205096640254383,28.0,0.0,28.0,28.0,0.6486246921984369,0.022193919925791984,0.6327481183089616,0.6645012660879122,,,,
0.1,clean,tea_fl,TEA-FL,45,10,0.263814384478031,0.049974617368094505,0.2280646968205231,0.29956407213553893,0.3615143470282879,0.05540349883816739,0.32188107151946715,0.4011476225371086,28.0,0.0,28.0,28.0,0.6248750882044384,0.022792133747340394,0.6085705779264714,0.6411795984824054,,,,
0.1,clean,tea_fl,TEA-FL,50,10,0.28924488326957815,0.05442672636013686,0.2503103486984786,0.32817941784067767,0.3850744870321465,0.04556201251561043,0.3524813867291827,0.4176675873351102,28.0,0.0,28.0,28.0,0.6013620103979165,0.023500599818225,0.5845506940234962,0.6181733267723367,,,,
0.1,clean,tea_fl,TEA-FL,55,10,0.2615930361542741,0.056174353743356394,0.22140832426552504,0.30177774804302315,0.36499469184445776,0.050156941571759345,0.3291145773087326,0.4008748063801829,27.9,0.3162277660168379,27.673784283720178,28.12621571627982,0.5780189358920318,0.0240212602249501,0.5608351614999953,0.5952027102840682,,,,
0.1,clean,tea_fl,TEA-FL,60,10,0.29275431076708736,0.06376762533377794,0.2471376996072194,0.33837092192695534,0.3962842451286095,0.04896663559180074,0.3612556241958659,0.4313128660613531,27.2,0.9189365834726815,26.54263236886373,27.85736763113627,0.5541997524226476,0.025165017472434863,0.5361977833848689,0.5722017214604264,,,,
0.1,clean,tea_fl,TEA-FL,65,10,0.32188908008731965,0.05277033924191631,0.28413945348020003,0.35963870669443926,0.4174166635472731,0.047644642110901254,0.38333373978073915,0.451499587313807,26.9,0.8755950357709131,26.273637044327646,27.52636295567235,0.5301964590953208,0.025933314556161328,0.5116448834328612,0.5487480347577803,,,,
0.1,clean,tea_fl,TEA-FL,70,10,0.31638260780401317,0.055538203780958806,0.27665297018409823,0.3561122454239281,0.40940448186392536,0.0594281426689852,0.3668921495966569,0.45191681413119383,25.5,0.8498365855987975,24.89206352954537,26.10793647045463,0.5051757457038961,0.027372541874005347,0.4855946088403552,0.524756882567437,,,,
0.1,clean,tea_fl,TEA-FL,75,10,0.3371842802964203,0.07387141044217771,0.284339856682815,0.3900287039100256,0.41969535949791525,0.06668034299165551,0.37199511564634186,0.46739560334948865,24.1,1.1005049346146119,23.312746194968643,24.88725380503136,0.4784691335487496,0.02926171471981393,0.45753656384338726,0.49940170325411193,,,,
0.1,clean,tea_fl,TEA-FL,80,10,0.3783263086987219,0.03981029856369157,0.34984773669243113,0.4068048807050127,0.452022268881313,0.033408291084138036,0.4281234171375967,0.47592112062502934,23.2,1.0327955589886444,22.46118256442164,23.938817435578358,0.4501233846620945,0.03082060368265405,0.42807565297152306,0.47217111635266595,,,,
0.1,clean,tea_fl,TEA-FL,85,10,0.39112970781881573,0.055346448588693566,0.3515372435999434,0.43072217203768803,0.46526865859157207,0.05308186295496816,0.4272961813449472,0.503241135838197,22.3,1.1595018087284057,21.470542373640658,23.129457626359343,0.4212820039962832,0.03206156654185332,0.3983465409543304,0.44421746703823595,,,,
0.1,clean,tea_fl,TEA-FL,90,10,0.4257168681643533,0.054799382426078846,0.38651575150293027,0.4649179848257763,0.4880353516598692,0.04765760056163878,0.4539431579761095,0.5221275453436289,21.8,1.5491933384829668,20.69177384663246,22.90822615336754,0.3921352169216641,0.033718542231268356,0.36801442487726277,0.4162560089660654,,,,
0.1,clean,tea_fl,TEA-FL,95,10,0.45431855269854127,0.06081460428710769,0.4108144055378856,0.4978226998591969,0.5101025990511031,0.05738437570399438,0.4690522895964355,0.5511529085057707,20.0,1.5634719199411433,18.88155956477889,21.11844043522111,0.3624014713944102,0.03463638101602968,0.33762409703676216,0.38717884575205824,,,,
0.1,clean,tea_fl,TEA-FL,100,10,0.4043579100502197,0.055495233714822276,0.3646590113638655,0.4440568087365739,0.4704356746488664,0.05291931524588186,0.4325794770284861,0.5082918722692467,18.7,1.5670212364724212,17.579020536686762,19.820979463313236,0.3319819683398898,0.03559938547267591,0.3065157020936993,0.35744823458608027,,,,
0.1,clean,arl_fl,ARL-FL,0,10,0.016084496343229518,0.01388783789303409,0.006149735597446497,0.026019257089012537,0.08686762240013177,0.013057844160576017,0.077526603402775,0.09620864139748854,28.0,0.0,28.0,28.0,0.846142275246185,0.01941488061683745,0.8322537063183344,0.8600308441740356,0.0,0.0,0.0,0.0
0.1,clean,arl_fl,ARL-FL,5,10,0.12971646273943244,0.04144828793024229,0.10006614372787306,0.1593667817509918,0.23872491057457784,0.03965219622613559,0.21035943816730782,0.26709038298184784,28.0,0.0,28.0,28.0,0.8195272744823301,0.01977058644299611,0.8053842489352429,0.8336703000294173,0.10118640515384898,0.005421413845819713,0.09730815931911688,0.10506465098858109
0.1,clean,arl_fl,ARL-FL,10,10,0.21315654259865005,0.049323053792550434,0.1778729554445865,0.2484401297527136,0.3122998746637376,0.04407998157986996,0.28076695542551794,0.34383279390195726,28.0,0.0,28.0,28.0,0.7905025563428165,0.020420099791353157,0.775894896936462,0.8051102157491711,0.14502904421722312,0.010697101697114133,0.137376798644322,0.15268128979012424
0.1,clean,arl_fl,ARL-FL,15,10,0.23220238232498205,0.06719249708806864,0.18413576550361838,0.28026899914634573,0.335043720481506,0.05717178995409051,0.2941454857111431,0.3759419552518689,28.0,0.0,28.0,28.0,0.7596776727783852,0.020241286258829476,0.7451979288674023,0.774157416689368,0.16490684498038238,0.012263036837077518,0.15613439689080633,0.17367929306995844
0.1,clean,arl_fl,ARL-FL,20,10,0.3088514590138586,0.06732447378644056,0.2606904317498873,0.35701248627782983,0.3857321416119567,0.06366727268019949,0.34018731841585853,0.43127696480805483,28.0,0.0,28.0,28.0,0.7294340025991592,0.020670769108561363,0.7146470251656248,0.7442209800326937,0.1837461424577118,0.009959765517510802,0.17662135541291193,0.19087092950251164
0.1,clean,arl_fl,ARL-FL,25,10,0.3034765254227568,0.07528717540482793,0.2496193245658884,0.35733372627962523,0.39824757464823485,0.05621167586422282,0.35803616412257855,0.43845898517389115,28.0,0.0,28.0,28.0,0.6995452022657328,0.021143013183576337,0.6844204017718326,0.714670002759633,0.19110317338384153,0.009892881809656296,0.18402623206135232,0.19818011470633073
0.1,clean,arl_fl,ARL-FL,30,10,0.3028300069479783,0.05678870100087171,0.2622058175059015,0.3434541963900551,0.39431940608472504,0.052417777670204675,0.3568219868327092,0.4318168253367409,28.0,0.0,28.0,28.0,0.6685463329882578,0.021503807932483947,0.6531634354790887,0.6839292304974269,0.20846823025974293,0.0075334685176128005,0.20307911152975602,0.21385734898972983
0.1,clean,arl_fl,ARL-FL,35,10,0.34322265850594874,0.08221175300913666,0.28441191323890824,0.40203340377298924,0.42920805937754947,0.07032511082738879,0.37890050568402456,0.4795156130710744,28.0,0.0,28.0,28.0,0.6388116621282556,0.02243388107333153,0.6227634303747233,0.6548598938817879,0.21628666456875406,0.012474022705320977,0.20736328628126782,0.2252100428562403
0.1,clean,arl_fl,ARL-FL,40,10,0.35490812518261244,0.058311787729999356,0.31319438513046194,0.39662186523476295,0.42937029832290935,0.04982762643785935,0.3937257616424602,0.4650148350033585,28.0,0.0,28.0,28.0,0.6082424166339326,0.022017408167630866,0.592492111649643,0.6239927216182223,0.22017229791495901,0.0062631050566803025,0.21569194245984297,0.22465265337007506
0.1,clean,arl_fl,ARL-FL,45,10,0.3967828487784894,0.06138753558441395,0.352868851257659,0.4406968462993198,0.4752805899021859,0.045823443246379214,0.4425004733205337,0.508060706483838,28.0,0.0,28.0,28.0,0.5774574724604293,0.022849485921149233,0.5611119349088558,0.5938030100120029,0.22812916021398796,0.0077751062379211745,0.22256718427203545,0.23369113615594048
0.1,clean,arl_fl,ARL-FL,50,10,0.42427903237352604,0.11887345819682564,0.3392420831158117,0.5093159816312404,0.48957809336451863,0.09589913904302702,0.42097598197344827,0.558180204755589,28.0,0.0,28.0,28.0,0.5474497352757763,0.024022751915721098,0.5302648937924452,0.5646345767591074,0.23324279624323582,0.007633287050234566,0.2277822716365941,0.23870332084987755
0.1,clean,arl_fl,ARL-FL,55,10,0.39776331760475,0.0654368687779028,0.350952601619381,0.44457403359011893,0.4731334282439147,0.052145959716919085,0.4358304558419485,0.5104364006458808,28.0,0.0,28.0,28.0,0.5169416725226552,0.02454989498978801,0.49937973560085575,0.5345036094444547,0.23882684963652032,0.0058107650020637,0.2346700787633214,0.24298362050971922
0.1,clean,arl_fl,ARL-FL,60,10,0.4190425442225142,0.078593486210913,0.3628201510972274,0.475264937347801,0.4881138945338527,0.06376451032483438,0.44249951171714463,0.5337282773505607,28.0,0.0,28.0,28.0,0.48694748453082426,0.024707302538825738,0.46927294503176875,0.5046220240298798,0.23491311160516376,0.003497720507941686,0.23241099308465246,0.23741523012567506
0.1,clean,arl_fl,ARL-FL,65,10,0.47042999567364746,0.06203123639190571,0.4260555223347989,0.514804469012496,0.5268713001704424,0.061040863598142994,0.4832052968490974,0.5705373034917873,27.9,0.3162277660168379,27.673784283720178,28.12621571627982,0.4567051335626925,0.025183264790742954,0.43869011117974666,0.4747201559456383,0.2454392594100033,0.009334697886687835,0.2387616188116114,0.2521169000083952
0.1,clean,arl_fl,ARL-FL,70,10,0.4756552513492223,0.08613777921956088,0.414035996119533,0.5372745065789116,0.5329522744511175,0.06693674493322618,0.48506861169993726,0.5808359372022978,27.9,0.3162277660168379,27.673784283720178,28.12621571627982,0.426450581256935,0.025815927058224004,0.4079829795517995,0.44491818296207053,0.24650896389645985,0.012684683655670234,0.23743488784332292,0.25558303994959675
0.1,clean,arl_fl,ARL-FL,75,10,0.46439252082821253,0.061569100576958184,0.42034863953608304,0.508436402120342,0.5190577514237245,0.052961538864336265,0.48117134884628776,0.5569441540011612,27.5,0.7071067811865476,26.994166280819517,28.005833719180483,0.39644147676013597,0.02642919604823375,0.3775351688477794,0.41534778467249256,0.2474529522829867,0.006530063552870348,0.24278162622401356,0.25212427834195983
0.1,clean,arl_fl,ARL-FL,80,10,0.4884095847306731,0.08579283259516547,0.4270370894509363,0.5497820800104098,0.5495463964113554,0.07510719422767358,0.4958179463325091,0.6032748464902017,27.0,0.816496580927726,26.415913532131917,27.584086467868083,0.3659443133094741,0.02725804059076193,0.34644508572964383,0.3854435408893043,0.24684864059424189,0.011581247659227441,0.23856391510145694,0.25513336608702686
0.1,clean,arl_fl,ARL-FL,85,10,0.488879486556631,0.07924134003947239,0.43219364672102467,0.5455653263922373,0.5479305529511089,0.06921197586004128,0.49841928804375346,0.5974418178584644,26.4,1.0749676997731399,25.631014432271883,27.168985567728114,0.3362108712657259,0.02713631993720043,0.31679871739602017,0.35562302513543165,0.2511111992696439,0.014735546645580636,0.24057002421347495,0.2616523743258129
0.1,clean,arl_fl,ARL-FL,90,10,0.4761530159586368,0.08155652801802553,0.4178109904139522,0.5344950415033214,0.5315764264731528,0.06027977673502198,0.48845487189538506,0.5746979810509206,25.6,1.837873166945363,24.28526473772746,26.914735262272544,0.30754768765602347,0.02834639791333868,0.2872698961493242,0.32782547916272275,0.25723444840767984,0.01328066820913615,0.24773403068836924,0.26673486612699043
0.1,clean,arl_fl,ARL-FL,95,10,0.5093323789454925,0.09332961156925076,0.44256839677786936,0.5760963611131157,0.56084350042612,0.087350041903514,0.4983570447136143,0.6233299561386256,24.2,2.3475755815545343,22.520645595446865,25.879354404553133,0.2786873135184794,0.027835065082525763,0.2587753074835517,0.2985993195534071,0.25664220765818424,0.006450843689450495,0.25202755207559857,0.2612568632407699
0.1,clean,arl_fl,ARL-FL,100,10,0.5426623533164008,0.08376170376827323,0.4827428400698975,0.6025818665629041,0.5880771729683509,0.0712369154324859,0.537117353553674,0.6390369923830279,22.7,2.7100635498903793,20.76133732396654,24.63866267603346,0.25077114865665595,0.02805781695107678,0.23069979553424239,0.2708425017790695,0.2554314159387401,0.007601045633412668,0.24999395545228018,0.2608688764252
0.1,signflip_mu0p2,fedavg,FedAvg,0,10,0.016084496343229518,0.01388783789303409,0.006149735597446497,0.026019257089012537,0.08686762240013177,0.013057844160576017,0.077526603402775,0.09620864139748854,28.0,0.0,28.0,28.0,0.846142275246185,0.01941488061683745,0.8322537063183344,0.8600308441740356,,,,
0.1,signflip_mu0p2,fedavg,FedAvg,5,10,0.21390906614912214,0.04588251741021834,0.1810866904564032,0.2467314418418411,0.30529280984363616,0.037264029182780115,0.27863572922344204,0.3319498904638303,28.0,0.0,28.0,28.0,0.8128936088056637,0.019492052984206806,0.7989498340918653,0.8268373835194622,,,,
0.1,signflip_mu0p2,fedavg,FedAvg,10,10,0.2754698915817379,0.0389301922375203,0.2476209097138622,0.3033188734496136,0.36927200052572856,0.03466744676555688,0.3444724030696171,0.39407159798184005,28.0,0.0,28.0,28.0,0.7798428909344416,0.01984744411695107,0.7656448847195138,0.7940408971493694,,,,
0.1,signflip_mu0p2,fedavg,FedAvg,15,10,0.29122561742881664,0.03901014269422835,0.2633194424495993,0.31913179240803397,0.37577818721090755,0.04639962021639669,0.3425858984546921,0.408970475967123,28.0,0.0,28.0,28.0,0.7469126099139359,0.020661186825612448,0.732132487232684,0.7616927325951879,,,,
0.1,signflip_mu0p2,fedavg,FedAvg,20,10,0.20411727805015514,0.11209719665861369,0.12392777428046413,0.28430678181984614,0.29600322439798993,0.10147612401065519,0.22341157829583216,0.3685948705001477,28.0,0.0,28.0,28.0,0.7133967238021265,0.02098859619602733,0.6983823865666687,0.7284110610375842,,,,
0.1,signflip_mu0p2,fedavg,FedAvg,25,10,0.03680652630340307,0.029349476731398847,0.015811175436971577,0.057801877169834565,0.1168485465120462,0.04300748981557874,0.08608284166400892,0.14761425136008346,28.0,0.0,28.0,28.0,0.6803697141454822,0.02140431970941151,0.6650579862237507,0.6956814420672137,,,,
0.1,signflip_mu0p2,fedavg,FedAvg,30,10,0.028402633637996538,0.02047570116342661,0.013755199406147738,0.04305006786984534,0.1070847411676501,0.038403085010319825,0.0796128290949393,0.1345566532403609,28.0,0.0,28.0,28.0,0.6468026994581366,0.022055124189601476,0.6310254140570646,0.6625799848592087,,,,
0.1,signflip_mu0p2,fedavg,FedAvg,35,10,0.045777476963056465,0.04906021640050376,0.010681912352540839,0.08087304157357209,0.1231858093334904,0.05773467432641443,0.0818849113401226,0.1644867073268582,28.0,0.0,28.0,28.0,0.614462246767717,0.023824379076001274,0.5974193126652365,0.6315051808701975,,,,
0.1,signflip_mu0p2,fedavg,FedAvg,40,10,0.02426525268545874,0.027778442328430804,0.004393752128707934,0.044136753242209545,0.09692421838051965,0.04297815216663393,0.06617950042225998,0.12766893633877932,28.0,0.0,28.0,28.0,0.5803892458099131,0.02528618678839868,0.5623005974651679,0.5984778941546584,,,,
0.1,signflip_mu0p2,fedavg,FedAvg,45,10,0.052309339985772474,0.07695535297379145,-0.0027412032154393653,0.1073598831869843,0.1264591742572782,0.09094269241935933,0.06140269118752349,0.1915156573270329,27.9,0.3162277660168379,27.673784283720178,28.12621571627982,0.5470787191915767,0.026724010531315335,0.5279615137027674,0.5661959246803859,,,,
0.1,signflip_mu0p2,fedavg,FedAvg,50,10,0.049355941386950916,0.06339903019349448,0.004003007306191957,0.09470887546770987,0.12900065994487556,0.0810654028942329,0.07100996414919175,0.18699135574055936,27.6,0.6992058987801011,27.09981823161223,28.100181768387774,0.5142834423985028,0.027417069800994096,0.49467045217488187,0.5338964326221236,,,,
0.1,signflip_mu0p2,fedavg,FedAvg,55,10,0.033124922416146715,0.03233866839695664,0.009991232648488498,0.05625861218380493,0.10993647908518374,0.044293557301138604,0.07825077697980688,0.14162218119056058,27.2,0.9189365834726815,26.54263236886373,27.85736763113627,0.481479871473276,0.027319996769889575,0.4619363231128392,0.5010234198337127,,,,
0.1,signflip_mu0p2,fedavg,FedAvg,60,10,0.03047535514168625,0.03014496503099146,0.008910946226522314,0.05203976405685018,0.09948074129486431,0.03140697331174298,0.0770135460406726,0.12194793654905602,26.6,1.2649110640673518,25.69513713488072,27.504862865119282,0.44977937938148543,0.027699825526561736,0.429964117896877,0.46959464086609387,,,,
0.1,signflip_mu0p2,fedavg,FedAvg,65,10,0.04402777053928719,0.06548516215148563,-0.0028174924443868446,0.09087303352296122,0.11302162707046685,0.06844790875917871,0.06405694284033842,0.1619863113005953,25.5,1.5811388300841898,24.368921418600898,26.631078581399102,0.41807571847408126,0.027357941214909056,0.3985050262928566,0.4376464106553059,,,,
0.1,signflip_mu0p2,fedavg,FedAvg,70,10,0.046821724419064494,0.06571295942450786,-0.00018649491702727589,0.09382994375515627,0.11719779189421524,0.07167956338129991,0.06592132121244038,0.1684742625759901,24.4,2.0110804171997807,22.96135973509377,25.83864026490623,0.3872253051899941,0.027114194820634523,0.3678289786752192,0.406621631704769,,,,
0.1,signflip_mu0p2,fedavg,FedAvg,75,10,0.03034819242409373,0.040921549947873406,0.0010746790658589939,0.05962170578232846,0.09710552538438215,0.043787216986968545,0.0657820373195182,0.1284290134492461,23.4,2.3664319132398464,21.7071565883545,25.092843411645497,0.35760575120956384,0.027281622678854128,0.3380896540201596,0.37712184839896806,,,,
0.1,signflip_mu0p2,fedavg,FedAvg,80,10,0.045740795107016334,0.08260424579858143,-0.01335072258749715,0.10483231280152983,0.11948345325572611,0.09170110320434266,0.05388443579337095,0.18508247071808126,22.6,2.170509412813294,21.047311102069678,24.152688897930325,0.3292481183194543,0.026649532319901175,0.31018419133352454,0.348312045305384,,,,
0.1,signflip_mu0p2,fedavg,FedAvg,85,10,0.021126210055825496,0.015406921041043112,0.010104762689370566,0.03214765742228043,0.09021922853755135,0.021775112574559382,0.07464225137905163,0.10579620569605107,21.4,1.837873166945363,20.085264737727456,22.71473526227254,0.30128676585208586,0.02595849361049154,0.28271717817922537,0.31985635352494635,,,,
0.1,signflip_mu0p2,fedavg,FedAvg,90,10,0.02203001310967862,0.012833835329021928,0.012849240376972488,0.031210785842384757,0.08981665247270064,0.020048810835962785,0.07547459718469517,0.10415870776070611,20.5,1.509230856356236,19.420361284201547,21.579638715798453,0.2741565674017588,0.0253632498041516,0.25601279149649986,0.29230034330701776,,,,
0.1,signflip_mu0p2,fedavg,FedAvg,95,10,0.02958401444574645,0.03500850616968587,0.004540437789545038,0.054627591101947856,0.09705554373439397,0.04293796926588469,0.06633957089168721,0.12777151657710073,18.7,1.3374935098492586,17.74321478103839,19.65678521896161,0.24787908746273643,0.024755957984591518,0.23016974195453926,0.2655884329709336,,,,
0.1,signflip_mu0p2,fedavg,FedAvg,100,10,0.026010148984365572,0.02276229367791102,0.009726985006139523,0.04229331296259162,0.10121283900039739,0.038498191752732794,0.0736728916626971,0.12875278633809767,17.0,1.9436506316151,15.609596097879894,18.390403902120106,0.22244794942663412,0.02426180825400571,0.20509209734079506,0.23980380151247319,,,,
0.1,signflip_mu0p2,fedprox,FedProx,0,10,0.016084496343229518,0.01388783789303409,0.006149735597446497,0.026019257089012537,0.08686762240013177,0.013057844160576017,0.077526603402775,0.09620864139748854,28.0,0.0,28.0,28.0,0.846142275246185,0.01941488061683745,0.8322537063183344,0.8600308441740356,,,,
0.1,signflip_mu0p2,fedprox,FedProx,5,10,0.2132900595544299,0.0452043504006792,0.18095281531538626,0.24562730379347353,0.30492182426940906,0.03682105997541685,0.2785816247308346,0.33126202380798353,28.0,0.0,28.0,28.0,0.8128936088056637,0.019492052984206806,0.7989498340918653,0.8268373835194622,,,,
0.1,signflip_mu0p2,fedprox,FedProx,10,10,0.2711676891178072,0.0403554357180929,0.24229914948341422,0.3000362287522002,0.3637214763408877,0.036320416825217465,0.3377394153372353,0.3897035373445401,28.0,0.0,28.0,28.0,0.7798428909344416,0.01984744411695107,0.7656448847195138,0.7940408971493694,,,,
0.1,signflip_mu0p2,fedprox,FedProx,15,10,0.2937421770256786,0.04038241364667914,0.26485433854376267,0.32263001550759457,0.37900538809507256,0.046255197444303016,0.34591641316625377,0.41209436302389135,28.0,0.0,28.0,28.0,0.7469126099139359,0.020661186825612448,0.732132487232684,0.7616927325951879,,,,
0.1,signflip_mu0p2,fedprox,FedProx,20,10,0.21989935995833534,0.13322519015758652,0.1245958001298508,0.3152029197868199,0.30912880700595136,0.1150063660143112,0.2268582088470239,0.3913994051648788,28.0,0.0,28.0,28.0,0.7133967238021265,0.02098859619602733,0.6983823865666687,0.7284110610375842,,,,
0.1,signflip_mu0p2,fedprox,FedProx,25,10,0.042676378783362,0.02883471547899994,0.022049265933760172,0.06330349163296384,0.1267482520545537,0.04010401696501626,0.09805956656146463,0.1554369375476428,28.0,0.0,28.0,28.0,0.6803697141454822,0.02140431970941151,0.6650579862237507,0.6956814420672137,,,,
0.1,signflip_mu0p2,fedprox,FedProx,30,10,0.02145723749701396,0.014549964086696114,0.01104882020597074,0.031865654788057175,0.0914640840143902,0.0231103506931806,0.07493193504661952,0.10799623298216088,28.0,0.0,28.0,28.0,0.6468026994581366,0.022055124189601476,0.6310254140570646,0.6625799848592087,,,,
0.1,signflip_mu0p2,fedprox,FedProx,35,10,0.032214364247720076,0.03684280606994068,0.005858608490250092,0.05857012000519006,0.1051536498560361,0.043257488092179934,0.0742091070143514,0.1360981926977208,28.0,0.0,28.0,28.0,0.614462246767717,0.023824379076001274,0.5974193126652365,0.6315051808701975,,,,
0.1,signflip_mu0p2,fedprox,FedProx,40,10,0.02490099955938347,0.028176115107211682,0.00474502103401522,0.04505697808475172,0.09632490331202652,0.04108295151413576,0.06693593022873152,0.1257138763953215,28.0,0.0,28.0,28.0,0.5803892458099131,0.02528618678839868,0.5623005974651679,0.5984778941546584,,,,
0.1,signflip_mu0p2,fedprox,FedProx,45,10,0.048554322939077854,0.06823937768808061,-0.0002611871492311027,0.0973698330273868,0.12406853955965066,0.0858938047880365,0.0626238131244326,0.18551326599486873,27.9,0.3162277660168379,27.673784283720178,28.12621571627982,0.5470787191915767,0.026724010531315335,0.5279615137027674,0.5661959246803859,,,,
0.1,signflip_mu0p2,fedprox,FedProx,50,10,0.0407662115994568,0.05278178054262028,0.0030084003788653224,0.07852402282004828,0.11669436842255376,0.0719923473077616,0.0651941455989079,0.16819459124619962,27.6,0.6992058987801011,27.09981823161223,28.100181768387774,0.5142834423985028,0.027417069800994096,0.49467045217488187,0.5338964326221236,,,,
0.1,signflip_mu0p2,fedprox,FedProx,55,10,0.039606639109899595,0.05637932836138704,-0.0007247027874063769,0.07993798100720556,0.11132727974347285,0.0631712393698794,0.0661372974015037,0.156517262085442,27.2,0.9189365834726815,26.54263236886373,27.85736763113627,0.481479871473276,0.027319996769889575,0.4619363231128392,0.5010234198337127,,,,
0.1,signflip_mu0p2,fedprox,FedProx,60,10,0.03914585223811526,0.04036706951840939,0.010268990284323192,0.06802271419190732,0.11463348622984788,0.051330094690288826,0.07791414850902162,0.15135282395067415,26.6,1.2649110640673518,25.69513713488072,27.504862865119282,0.44977937938148543,0.027699825526561736,0.429964117896877,0.46959464086609387,,,,
0.1,signflip_mu0p2,fedprox,FedProx,65,10,0.046228116141533084,0.06588044065605561,-0.0008999120501668456,0.09335614433323301,0.11632763038222733,0.06090998911753368,0.07275524902440159,0.15990001174005308,25.5,1.5811388300841898,24.368921418600898,26.631078581399102,0.41807571847408126,0.027357941214909056,0.3985050262928566,0.4376464106553059,,,,
0.1,signflip_mu0p2,fedprox,FedProx,70,10,0.05334878642474263,0.07393588983057613,0.00045823703535376875,0.1062393358141315,0.12564373726299222,0.07699003141983493,0.07056838659591484,0.18071908793006958,24.4,2.0110804171997807,22.96135973509377,25.83864026490623,0.3872253051899941,0.027114194820634523,0.3678289786752192,0.406621631704769,,,,
0.1,signflip_mu0p2,fedprox,FedProx,75,10,0.05151061022406369,0.07855440533023486,-0.004683826123338605,0.10770504657146598,0.1315424890251376,0.09389722169146986,0.06437246303668614,0.19871251501358905,23.4,2.3664319132398464,21.7071565883545,25.092843411645497,0.35760575120956384,0.027281622678854128,0.3380896540201596,0.37712184839896806,,,,
0.1,signflip_mu0p2,fedprox,FedProx,80,10,0.04305247282273697,0.08004632316367856,-0.01420921724996007,0.10031416289543402,0.11562567838545809,0.09046337547721117,0.050912078000417804,0.18033927877049838,22.6,2.170509412813294,21.047311102069678,24.152688897930325,0.3292481183194543,0.026649532319901175,0.31018419133352454,0.348312045305384,,,,
0.1,signflip_mu0p2,fedprox,FedProx,85,10,0.02533162343891977,0.023362650778611875,0.008618989862658837,0.042044257015180705,0.09177856995922423,0.021605565362472205,0.07632287956977915,0.10723426034866931,21.4,1.837873166945363,20.085264737727456,22.71473526227254,0.30128676585208586,0.02595849361049154,0.28271717817922537,0.31985635352494635,,,,
0.1,signflip_mu0p2,fedprox,FedProx,90,10,0.023107344170402132,0.014113540819532998,0.013011125277450327,0.03320356306335394,0.09465705077255979,0.02255961662676249,0.0785188732225546,0.11079522832256497,20.5,1.509230856356236,19.420361284201547,21.579638715798453,0.2741565674017588,0.0253632498041516,0.25601279149649986,0.29230034330701776,,,,
0.1,signflip_mu0p2,fedprox,FedProx,95,10,0.028532290909447144,0.02526661610072723,0.010457642591282332,0.04660693922761196,0.10193914276073335,0.03708774125777555,0.07540817092513047,0.12847011459633623,18.7,1.3374935098492586,17.74321478103839,19.65678521896161,0.24787908746273643,0.024755957984591518,0.23016974195453926,0.2655884329709336,,,,
0.1,signflip_mu0p2,fedprox,FedProx,100,10,0.031111229232488817,0.02538187262057054,0.012954131366895952,0.04926832709808168,0.10955080193157256,0.04094386068897969,0.08026132843061012,0.138840275432535,17.0,1.9436506316151,15.609596097879894,18.390403902120106,0.22244794942663412,0.02426180825400571,0.20509209734079506,0.23980380151247319,,,,
0.1,signflip_mu0p2,random_trimmed_mean,Random Trimmed Mean,0,10,0.016084496343229518,0.01388783789303409,0.006149735597446497,0.026019257089012537,0.08686762240013177,0.013057844160576017,0.077526603402775,0.09620864139748854,28.0,0.0,28.0,28.0,0.846142275246185,0.01941488061683745,0.8322537063183344,0.8600308441740356,,,,
0.1,signflip_mu0p2,random_trimmed_mean,Random Trimmed Mean,5,10,0.15815883074167097,0.059442161271117296,0.11563647017055523,0.20068119131278672,0.25505723937370156,0.0431406150520812,0.22419630246837327,0.2859181762790298,28.0,0.0,28.0,28.0,0.8128936088056637,0.019492052984206806,0.7989498340918653,0.8268373835194622,,,,
0.1,signflip_mu0p2,random_trimmed_mean,Random Trimmed Mean,10,10,0.21276511726959152,0.07266368388133305,0.16078464919181065,0.26474558534737236,0.3043552566581606,0.0597511713255537,0.2616118436105894,0.3470986697057318,28.0,0.0,28.0,28.0,0.7798428909344416,0.01984744411695107,0.7656448847195138,0.7940408971493694,,,,
0.1,signflip_mu0p2,random_trimmed_mean,Random Trimmed Mean,15,10,0.2110548762913284,0.05260157972494286,0.17342597297012405,0.24868377961253277,0.30711147488804913,0.05257032275507661,0.26950493145609833,0.34471801831999993,28.0,0.0,28.0,28.0,0.7469126099139359,0.020661186825612448,0.732132487232684,0.7616927325951879,,,,
0.1,signflip_mu0p2,random_trimmed_mean,Random Trimmed Mean,20,10,0.2839960404373779,0.07564420677826879,0.2298834347218704,0.33810864615288544,0.37240276437649455,0.06533324489790275,0.3256661764493071,0.419139352303682,28.0,0.0,28.0,28.0,0.7133967238021265,0.02098859619602733,0.6983823865666687,0.7284110610375842,,,,
0.1,signflip_mu0p2,random_trimmed_mean,Random Trimmed Mean,25,10,0.20632501499811656,0.0896428330339666,0.1421983953164933,0.2704516346797398,0.30417298996714764,0.08990561347390358,0.23985838848306149,0.3684875914512338,28.0,0.0,28.0,28.0,0.6803697141454822,0.02140431970941151,0.6650579862237507,0.6956814420672137,,,,
0.1,signflip_mu0p2,random_trimmed_mean,Random Trimmed Mean,30,10,0.2468551210379187,0.06226004263084494,0.20231696957591577,0.29139327249992164,0.35381138462973527,0.053586924430757674,0.31547760816846465,0.3921451610910059,28.0,0.0,28.0,28.0,0.6468026994581366,0.022055124189601476,0.6310254140570646,0.6625799848592087,,,,
0.1,signflip_mu0p2,random_trimmed_mean,Random Trimmed Mean,35,10,0.2034523921808619,0.09027427299705426,0.13887406756093804,0.2680307168007857,0.30610246544369674,0.08090255468459813,0.24822826423940011,0.36397666664799333,28.0,0.0,28.0,28.0,0.614462246767717,0.023824379076001274,0.5974193126652365,0.6315051808701975,,,,
0.1,signflip_mu0p2,random_trimmed_mean,Random Trimmed Mean,40,10,0.2295324220167335,0.13194122802672023,0.13514735336556893,0.32391749066789804,0.32434833187870094,0.11927367586301185,0.23902508414958884,0.40967157960781303,28.0,0.0,28.0,28.0,0.5803892458099131,0.02528618678839868,0.5623005974651679,0.5984778941546584,,,,
0.1,signflip_mu0p2,random_trimmed_mean,Random Trimmed Mean,45,10,0.23535924490469684,0.11941666111975881,0.1499337116847188,0.3207847781246749,0.32127826791513303,0.10612370000400126,0.24536194623011168,0.3971945896001544,27.9,0.3162277660168379,27.673784283720178,28.12621571627982,0.5470787191915767,0.026724010531315335,0.5279615137027674,0.5661959246803859,,,,
0.1,signflip_mu0p2,random_trimmed_mean,Random Trimmed Mean,50,10,0.3043038938970299,0.10464060989889894,0.22944851096087024,0.3791592768331895,0.3988264301684178,0.08107113813453527,0.3408316316289763,0.4568212287078593,27.6,0.6992058987801011,27.09981823161223,28.100181768387774,0.5142834423985028,0.027417069800994096,0.49467045217488187,0.5338964326221236,,,,
0.1,signflip_mu0p2,random_trimmed_mean,Random Trimmed Mean,55,10,0.2432489443896269,0.09118957461201417,0.17801585243839538,0.30848203634085847,0.34618915236112247,0.0828594710499858,0.2869150575204388,0.40546324720180615,27.2,0.9189365834726815,26.54263236886373,27.85736763113627,0.481479871473276,0.027319996769889575,0.4619363231128392,0.5010234198337127,,,,
0.1,signflip_mu0p2,random_trimmed_mean,Random Trimmed Mean,60,10,0.2707922776448477,0.11720017935679466,0.18695231996096412,0.3546322353287313,0.3719370167066412,0.10206691512817226,0.29892274409858144,0.44495128931470096,26.6,1.2649110640673518,25.69513713488072,27.504862865119282,0.44977937938148543,0.027699825526561736,0.429964117896877,0.46959464086609387,,,,
0.1,signflip_mu0p2,random_trimmed_mean,Random Trimmed Mean,65,10,0.28305160066744206,0.14085331222394545,0.18229121103920043,0.3838119902956837,0.36596487120605126,0.13859840960005415,0.26681754174210165,0.46511220067000086,25.5,1.5811388300841898,24.368921418600898,26.631078581399102,0.41807571847408126,0.027357941214909056,0.3985050262928566,0.4376464106553059,,,,
0.1,signflip_mu0p2,random_trimmed_mean,Random Trimmed Mean,70,10,0.27840090043712473,0.12439729389208916,0.18941243716735637,0.3673893637068931,0.36674761019718793,0.12161473984302217,0.2797496661826563,0.4537455542117196,24.4,2.0110804171997807,22.96135973509377,25.83864026490623,0.3872253051899941,0.027114194820634523,0.3678289786752192,0.406621631704769,,,,
0.1,signflip_mu0p2,random_trimmed_mean,Random Trimmed Mean,75,10,0.28321403787834987,0.09860249092646173,0.21267806504819567,0.3537500107085041,0.3673549057829507,0.09647024750559585,0.2983442480091234,0.436365563556778,23.4,2.3664319132398464,21.7071565883545,25.092843411645497,0.35760575120956384,0.027281622678854128,0.3380896540201596,0.37712184839896806,,,,
0.1,signflip_mu0p2,random_trimmed_mean,Random Trimmed Mean,80,10,0.2498926681471131,0.13327426147274757,0.15455400481444304,0.3452313314797832,0.3326900896189536,0.1286501372525644,0.24065932548125774,0.4247208537566494,22.6,2.170509412813294,21.047311102069678,24.152688897930325,0.3292481183194543,0.026649532319901175,0.31018419133352454,0.348312045305384,,,,
0.1,signflip_mu0p2,random_trimmed_mean,Random Trimmed Mean,85,10,0.26375846588136986,0.12159900882799972,0.17677177515707243,0.3507451566056673,0.3495733959726058,0.10824861506239436,0.2721370016259619,0.4270097903192497,21.4,1.837873166945363,20.085264737727456,22.71473526227254,0.30128676585208586,0.02595849361049154,0.28271717817922537,0.31985635352494635,,,,
0.1,signflip_mu0p2,random_trimmed_mean,Random Trimmed Mean,90,10,0.21825967441257563,0.13125282013423045,0.12436706310142837,0.3121522857237229,0.3187338925038089,0.12390365899925049,0.23009855436366078,0.407369230643957,20.5,1.509230856356236,19.420361284201547,21.579638715798453,0.2741565674017588,0.0253632498041516,0.25601279149649986,0.29230034330701776,,,,
0.1,signflip_mu0p2,random_trimmed_mean,Random Trimmed Mean,95,10,0.2524949125166526,0.12765009047568043,0.16117953874709445,0.3438102862862108,0.34489351205275487,0.12663327325158255,0.25430552550656504,0.4354814985989447,18.7,1.3374935098492586,17.74321478103839,19.65678521896161,0.24787908746273643,0.024755957984591518,0.23016974195453926,0.2655884329709336,,,,
0.1,signflip_mu0p2,random_trimmed_mean,Random Trimmed Mean,100,10,0.2873511584374024,0.12194784757136683,0.20011492350896717,0.3745873933658376,0.3673985841607485,0.11934801320483202,0.28202215870079383,0.45277500962070316,17.0,1.9436506316151,15.609596097879894,18.390403902120106,0.22244794942663412,0.02426180825400571,0.20509209734079506,0.23980380151247319,,,,
0.1,signflip_mu0p2,fedle_adapted,FedLE-adapted,0,10,0.016084496343229518,0.01388783789303409,0.006149735597446497,0.026019257089012537,0.08686762240013177,0.013057844160576017,0.077526603402775,0.09620864139748854,28.0,0.0,28.0,28.0,0.8245841647819507,0.019647458591782654,0.8105292195935463,0.8386391099703552,,,,
0.1,signflip_mu0p2,fedle_adapted,FedLE-adapted,5,10,0.20730368224048598,0.055817371483595,0.16737434007656626,0.2472330244044057,0.3026645059776129,0.055090449017057695,0.26325517282023586,0.34207383913498995,28.0,0.0,28.0,28.0,0.7918575739537621,0.02005826671883246,0.7775087543346437,0.8062063935728805,,,,
0.1,signflip_mu0p2,fedle_adapted,FedLE-adapted,10,10,0.26924332064628836,0.05068835213621379,0.23298305789337492,0.3055035833992018,0.3659339217768752,0.04659328395952148,0.33260309432457935,0.3992647492291711,28.0,0.0,28.0,28.0,0.7597648971682311,0.019948920869799665,0.7454942988573576,0.7740354954791047,,,,
0.1,signflip_mu0p2,fedle_adapted,FedLE-adapted,15,10,0.29903681888335387,0.0724180097538155,0.247232095489311,0.3508415422773967,0.38127424090339335,0.05833929142043068,0.3395408258963531,0.4230076559104336,28.0,0.0,28.0,28.0,0.7268239522524835,0.02051822822472103,0.7121460959936471,0.74150180851132,,,,
0.1,signflip_mu0p2,fedle_adapted,FedLE-adapted,20,10,0.16419521883292715,0.09198734846121365,0.09839143384926798,0.22999900381658633,0.2581128684606609,0.08687515697192554,0.19596612496350843,0.3202596119578134,28.0,0.0,28.0,28.0,0.6949888383823896,0.02016154123232394,0.6805661406268343,0.7094115361379448,,,,
0.1,signflip_mu0p2,fedle_adapted,FedLE-adapted,25,10,0.0705826609575261,0.09721033522683127,0.001042576321288971,0.14012274559376325,0.1474500824913133,0.10975162543220178,0.06893849929688213,0.2259616656857445,28.0,0.0,28.0,28.0,0.6625422802277608,0.020745146714409378,0.6477020962602335,0.6773824641952882,,,,
0.1,signflip_mu0p2,fedle_adapted,FedLE-adapted,30,10,0.06334013638291622,0.11550564100320962,-0.01928762158729816,0.1459678943531306,0.13684484292389515,0.11349172825532118,0.05565775134590513,0.21803193450188518,28.0,0.0,28.0,28.0,0.6304581878935502,0.021226355343224392,0.6152737680101874,0.6456426077769131,,,,
0.1,signflip_mu0p2,fedle_adapted,FedLE-adapted,35,10,0.06262666548355797,0.10627116931361383,-0.013395149390513464,0.1386484803576294,0.14013300329796424,0.10272394040476479,0.06664872312089676,0.21361728347503173,28.0,0.0,28.0,28.0,0.5985174921667312,0.021266108541065146,0.5833046345587586,0.6137303497747039,,,,
0.1,signflip_mu0p2,fedle_adapted,FedLE-adapted,40,10,0.06107569645011222,0.0933334400760879,-0.005691024466316454,0.1278424173665409,0.1423364425143456,0.09732469418002662,0.0727145504111806,0.2119583346175106,28.0,0.0,28.0,28.0,0.5669719634659802,0.02051661066344521,0.5522952643407734,0.5816486625911871,,,,
0.1,signflip_mu0p2,fedle_adapted,FedLE-adapted,45,10,0.04501846216659368,0.04120606344818523,0.015541420111068991,0.07449550422211837,0.11965080300890288,0.04394455812321363,0.08821475987563274,0.15108684614217302,28.0,0.0,28.0,28.0,0.5351608671000996,0.020570251318053234,0.520445795762178,0.5498759384380212,,,,
0.1,signflip_mu0p2,fedle_adapted,FedLE-adapted,50,10,0.04047261208660123,0.03554825643628548,0.015042921349688286,0.06590230282351417,0.12157310609765178,0.04633570630369051,0.08842653860027831,0.15471967359502525,27.9,0.3162277660168379,27.673784283720178,28.12621571627982,0.5042260182117698,0.02126215908617474,0.4890159858736278,0.5194360505499118,,,,
0.1,signflip_mu0p2,fedle_adapted,FedLE-adapted,55,10,0.041170722262172735,0.056932704261022406,0.0004435190934648711,0.08189792543088059,0.11681672411553076,0.062407244493227494,0.07217327078470073,0.1614601774463608,27.5,0.7071067811865476,26.994166280819517,28.005833719180483,0.47381413617033663,0.021936058583498355,0.458122025172854,0.48950624716781926,,,,
0.1,signflip_mu0p2,fedle_adapted,FedLE-adapted,60,10,0.037716026666458166,0.037100821480445696,0.011175697803236559,0.06425635552967977,0.11801902447549488,0.059031724009744366,0.07579027303376995,0.1602477759172198,27.3,0.8232726023485647,26.711066258413513,27.888933741586488,0.4428966530024125,0.022441200889595947,0.426843184967765,0.45895012103705995,,,,
0.1,signflip_mu0p2,fedle_adapted,FedLE-adapted,65,10,0.06186579013791529,0.09625171143105923,-0.0069885363457885055,0.1307201166216191,0.13792726975386416,0.10792878688306123,0.060719666704030215,0.21513487280369809,27.2,0.9189365834726815,26.54263236886373,27.85736763113627,0.4126470460934694,0.022475085835598468,0.39656933822869056,0.4287247539582483,,,,
0.1,signflip_mu0p2,fedle_adapted,FedLE-adapted,70,10,0.032960421070246784,0.02680790330531594,0.01378320230619522,0.05213763983429835,0.1056270884566598,0.03521873051354116,0.08043312636427837,0.13082105054904125,27.2,0.9189365834726815,26.54263236886373,27.85736763113627,0.38236494052330133,0.023095008973978714,0.3658437663603112,0.3988861146862915,,,,
0.1,signflip_mu0p2,fedle_adapted,FedLE-adapted,75,10,0.0257969589490587,0.019659345182807778,0.01173351060567604,0.03986040729244136,0.10202948723433018,0.03399928181807677,0.0777078661877261,0.12635110828093427,26.4,1.4298407059684812,25.377153576547475,27.422846423452523,0.35314960385172495,0.023425440403580907,0.3363920532836191,0.3699071544198308,,,,
0.1,signflip_mu0p2,fedle_adapted,FedLE-adapted,80,10,0.03489436346181649,0.03151671730962542,0.01234866208085076,0.057440064842782225,0.11329614461015777,0.04724994055481968,0.07949557332756413,0.14709671589275142,26.0,1.4142135623730951,24.98833256163903,27.01166743836097,0.3238921161390551,0.023522523314736875,0.30706511664000213,0.3407191156381081,,,,
0.1,signflip_mu0p2,fedle_adapted,FedLE-adapted,85,10,0.02428235181207193,0.017604400643428823,0.01168892223632071,0.03687578138782315,0.09893649529967884,0.030354749395111673,0.07722201569087685,0.12065097490848083,25.2,1.5491933384829668,24.09177384663246,26.30822615336754,0.2953143635660676,0.024489579923392422,0.27779557344354827,0.31283315368858694,,,,
0.1,signflip_mu0p2,fedle_adapted,FedLE-adapted,90,10,0.021356708732493547,0.0164674770947983,0.009576585268815847,0.03313683219617125,0.09314369351861781,0.021677324042389142,0.07763667006193081,0.10865071697530482,23.8,1.6865480854231356,22.593516179840957,25.006483820159044,0.2670576808047735,0.024758794041769765,0.24934630650348816,0.2847690551060588,,,,
0.1,signflip_mu0p2,fedle_adapted,FedLE-adapted,95,10,0.026660663841421517,0.01735383173529134,0.014246480464527976,0.039074847218315056,0.10453298652927272,0.03347635278225522,0.08058544637977617,0.12848052667876927,22.3,1.7669811040931427,21.035977864467302,23.5640221355327,0.24096371630201635,0.024577132578870026,0.22338229478276506,0.25854513782126765,,,,
0.1,signflip_mu0p2,fedle_adapted,FedLE-adapted,100,10,0.03374887947601842,0.03190908439017478,0.01092249559430616,0.05657526335773068,0.1112431931297938,0.044780143419467434,0.07920940828432096,0.14327697797526665,19.8,2.5298221281347035,17.990274269761436,21.609725730238566,0.21480004937904612,0.024928298476352716,0.1969674189098892,0.23263267984820304,,,,
0.1,signflip_mu0p2,tea_fl,TEA-FL,0,10,0.016084496343229518,0.01388783789303409,0.006149735597446497,0.026019257089012537,0.08686762240013177,0.013057844160576017,0.077526603402775,0.09620864139748854,28.0,0.0,28.0,28.0,0.846142275246185,0.01941488061683745,0.8322537063183344,0.8600308441740356,,,,
0.1,signflip_mu0p2,tea_fl,TEA-FL,5,10,0.13009636925098667,0.04034942536196487,0.10123212916635721,0.15896060933561612,0.24604054511169524,0.043786008701377166,0.21471792140227347,0.277363168821117,28.0,0.0,28.0,28.0,0.8167134205109943,0.020027024816123853,0.8023869500027342,0.8310398910192544,,,,
0.1,signflip_mu0p2,tea_fl,TEA-FL,10,10,0.22182935794607506,0.0779441066694792,0.16607150296034898,0.2775872129318011,0.32307104317728574,0.05504463038894197,0.2836944866919534,0.3624475996626181,28.0,0.0,28.0,28.0,0.7912282328324326,0.021108258941743813,0.7761282940254391,0.806328171639426,,,,
0.1,signflip_mu0p2,tea_fl,TEA-FL,15,10,0.22759745692206518,0.04478231663559293,0.1955621174514288,0.25963279639270154,0.3356118229726027,0.04247298528713848,0.3052284796302578,0.36599516631494766,28.0,0.0,28.0,28.0,0.7667864687955119,0.02134415558299278,0.7515177796971058,0.7820551578939181,,,,
0.1,signflip_mu0p2,tea_fl,TEA-FL,20,10,0.18724010683128314,0.06542398082774543,0.14043861033006308,0.2340416033325032,0.2860784991899145,0.06317494127005839,0.2408858686680871,0.33127112971174194,28.0,0.0,28.0,28.0,0.7424599820304776,0.021478317123098698,0.7270953195478409,0.7578246445131143,,,,
0.1,signflip_mu0p2,tea_fl,TEA-FL,25,10,0.23374852285009468,0.08012570789673717,0.17643004436037552,0.29106700133981384,0.3313751048638968,0.0643954354395059,0.2853093854092582,0.37744082431853543,28.0,0.0,28.0,28.0,0.7175699522712058,0.02119921812782622,0.7024049451822868,0.7327349593601248,,,,
0.1,signflip_mu0p2,tea_fl,TEA-FL,30,10,0.25104816519088746,0.0950044336200719,0.18308608750293742,0.3190102428788375,0.35198757204461895,0.08146140175792886,0.2937135957270337,0.4102615483622042,28.0,0.0,28.0,28.0,0.6933308314776123,0.021734304236864642,0.6777830468453038,0.7088786161099209,,,,
0.1,signflip_mu0p2,tea_fl,TEA-FL,35,10,0.23335870195454395,0.09150265120585575,0.16790164849981007,0.29881575540927785,0.3338849174749047,0.08518884716873283,0.27294448734107213,0.3948253476087372,28.0,0.0,28.0,28.0,0.6692213400684005,0.02276399840123874,0.6529369566045692,0.6855057235322318,,,,
0.1,signflip_mu0p2,tea_fl,TEA-FL,40,10,0.24541207565160078,0.09642041204705983,0.17643706801719947,0.31438708328600207,0.33987517599060035,0.07604292343001805,0.28547734556473847,0.39427300641646224,28.0,0.0,28.0,28.0,0.6447811974632278,0.023574531165638388,0.6279169937888678,0.6616454011375879,,,,
0.1,signflip_mu0p2,tea_fl,TEA-FL,45,10,0.2512386430036448,0.12358130034857918,0.16283390635045375,0.33964337965683583,0.3489641107054354,0.10570441010994816,0.27334773094172865,0.4245804904691422,28.0,0.0,28.0,28.0,0.6199043231843906,0.024155342237566324,0.6026246322986626,0.6371840140701186,,,,
0.1,signflip_mu0p2,tea_fl,TEA-FL,50,10,0.25678539677937895,0.10783592480490174,0.1796442232584592,0.3339265703002987,0.3556113923893169,0.10429602669070046,0.28100250943082355,0.4302202753478102,27.9,0.3162277660168379,27.673784283720178,28.12621571627982,0.595071818967556,0.025205537972700646,0.5770408633100788,0.6131027746250333,,,,
0.1,signflip_mu0p2,tea_fl,TEA-FL,55,10,0.25362903894887656,0.05799338882227583,0.2121430677542196,0.29511501014353353,0.35417042989319314,0.03910474736122938,0.32619657881209957,0.3821442809742867,27.8,0.4216370213557839,27.49837904496024,28.10162095503976,0.5701250146253155,0.026165105065408974,0.5514076260213272,0.5888424032293038,,,,
0.1,signflip_mu0p2,tea_fl,TEA-FL,60,10,0.286242880853547,0.08524125984366211,0.2252649569507434,0.3472208047563506,0.38732041051755906,0.07182579944393491,0.33593932885847627,0.43870149217664184,27.2,1.2292725943057183,26.32063136034293,28.07936863965707,0.5451298564642519,0.02784461557744415,0.5252110184168289,0.5650486945116749,,,,
0.1,signflip_mu0p2,tea_fl,TEA-FL,65,10,0.2733594437743684,0.07687234501859615,0.218368280887156,0.3283506066615808,0.36578944606399727,0.057537574032573015,0.32462954512699776,0.4069493470009968,26.9,1.1972189997378646,26.043561120578225,27.756438879421772,0.5193675802196982,0.029131677259728275,0.498528033709443,0.5402071267299534,,,,
0.1,signflip_mu0p2,tea_fl,TEA-FL,70,10,0.32840721668161993,0.11124192997900068,0.24882953383763667,0.4079848995256032,0.4173685096594519,0.09823659064412396,0.3470942861231646,0.48764273319573914,25.1,1.449137674618944,24.06334935675907,26.136650643240934,0.49272031818126505,0.03064216146212886,0.47080023636546303,0.5146403999970671,,,,
0.1,signflip_mu0p2,tea_fl,TEA-FL,75,10,0.36101268780158274,0.07947081377989719,0.3041626923410246,0.4178626832621409,0.4448794481814913,0.06148592540666391,0.4008950668218371,0.48886382954114543,23.2,1.5491933384829668,22.09177384663246,24.30822615336754,0.465068868949967,0.03200835706576312,0.44217146967419846,0.4879662682257356,,,,
0.1,signflip_mu0p2,tea_fl,TEA-FL,80,10,0.3669457763764848,0.06639356184120311,0.31945068340138977,0.4144408693515798,0.44053185749249685,0.059496442479438895,0.3979706664841438,0.4830930485008499,21.9,1.449137674618944,20.863349356759066,22.93665064324093,0.4354883588322219,0.032694164084332136,0.41210036276955686,0.458876354894887,,,,
0.1,signflip_mu0p2,tea_fl,TEA-FL,85,10,0.3694501392596394,0.1034325274368477,0.29545896645569014,0.4434413120635886,0.44740026333059546,0.09054796542477764,0.38262615094238783,0.5121743757188031,21.3,1.1595018087284057,20.470542373640658,22.129457626359343,0.404207915516554,0.03344705973089108,0.38028133035364775,0.42813450067946024,,,,
0.1,signflip_mu0p2,tea_fl,TEA-FL,90,10,0.38980787818773666,0.10456222408457164,0.31500856908518615,0.46460718729028716,0.46915656143560225,0.09330908735907122,0.4024072614034706,0.5359058614677339,20.3,1.2516655570345725,19.4046123998097,21.1953876001903,0.37278257985236224,0.03408451142660096,0.34839998921670723,0.39716517048801725,,,,
0.1,signflip_mu0p2,tea_fl,TEA-FL,95,10,0.4250930991561789,0.10839260048450874,0.34755370384346634,0.5026324944688915,0.4928092938888421,0.08838886704279675,0.42957970743885454,0.5560388803388296,19.3,1.766981104093143,18.035977864467302,20.5640221355327,0.3409444819549955,0.035566544239622466,0.3155017089116704,0.3663872549983206,,,,
0.1,signflip_mu0p2,tea_fl,TEA-FL,100,10,0.43261029037426874,0.11953327752475991,0.3471013348036237,0.5181192459449138,0.5052664908547024,0.09543723097931263,0.4369948085869337,0.5735381731224711,17.1,1.5951314818673867,15.958911678514946,18.241088321485055,0.3079091703050047,0.03713405594618115,0.28134506693720296,0.33447327367280644,,,,
0.1,signflip_mu0p2,arl_fl,ARL-FL,0,10,0.016084496343229518,0.01388783789303409,0.006149735597446497,0.026019257089012537,0.08686762240013177,0.013057844160576017,0.077526603402775,0.09620864139748854,28.0,0.0,28.0,28.0,0.846142275246185,0.01941488061683745,0.8322537063183344,0.8600308441740356,0.0,0.0,0.0,0.0
0.1,signflip_mu0p2,arl_fl,ARL-FL,5,10,0.1294885001093325,0.0419785642511422,0.09945884426954466,0.15951815594912033,0.23844269358603226,0.03992792754965654,0.2098799748722891,0.2670054122997754,28.0,0.0,28.0,28.0,0.8195272744823301,0.01977058644299611,0.8053842489352429,0.8336703000294173,0.10118997681215262,0.005308269359046014,0.09739266966740659,0.10498728395689866
0.1,signflip_mu0p2,arl_fl,ARL-FL,10,10,0.21118817215440272,0.046609149902541634,0.17784599489019765,0.2445303494186078,0.3192495187191028,0.03487574300894179,0.2943009151067981,0.34419812233140745,28.0,0.0,28.0,28.0,0.7904734704705917,0.020447805881600046,0.7758459913212415,0.8051009496199418,0.1448991613126576,0.009700714670920077,0.13795968807996398,0.1518386345453512
0.1,signflip_mu0p2,arl_fl,ARL-FL,15,10,0.21714787948461098,0.07632827575367786,0.16254592030338427,0.2717498386658377,0.31088299702663563,0.07734039718691989,0.2555570097884583,0.36620898426481296,28.0,0.0,28.0,28.0,0.7594783661041259,0.0201302422716464,0.7450780582762411,0.7738786739320107,0.16537228257439265,0.011895897575363888,0.1568624700911364,0.1738820950576489
0.1,signflip_mu0p2,arl_fl,ARL-FL,20,10,0.24719233327075246,0.09251554311637342,0.18101070059282795,0.31337396594867695,0.34672344325835297,0.08589858220237541,0.2852752992667949,0.40817158724991104,28.0,0.0,28.0,28.0,0.7289618812835138,0.020469930047262764,0.714318575459468,0.7436051871075596,0.21581418431435492,0.023401658327992483,0.1990736464182596,0.23255472221045026
0.1,signflip_mu0p2,arl_fl,ARL-FL,25,10,0.27214203793629455,0.08088766539922877,0.21427848788511186,0.33000558798747726,0.3703231429688711,0.06158583816996404,0.32626728832399554,0.41437899761374664,28.0,0.0,28.0,28.0,0.6979279989983319,0.020705483907595884,0.6831161880935688,0.712739809903095,0.21340480515244095,0.019755919093511754,0.19927227199509961,0.2275373383097823
0.1,signflip_mu0p2,arl_fl,ARL-FL,30,10,0.3014601187314689,0.08786379772511421,0.23860614424399887,0.36431409321893893,0.39135776610993844,0.06967188173882571,0.341517504356098,0.4411980278637789,28.0,0.0,28.0,28.0,0.6675938047004273,0.021721065786182707,0.6520554902852383,0.6831321191156162,0.221143911373712,0.01843791788829676,0.20795421948059886,0.23433360326682515
0.1,signflip_mu0p2,arl_fl,ARL-FL,35,10,0.2864674459007132,0.06736997537044388,0.2382738687643926,0.3346610230370338,0.3765923193776118,0.058076706096806575,0.3350467465952326,0.418137892159991,28.0,0.0,28.0,28.0,0.6367772852466617,0.021960158376555516,0.6210679342957831,0.6524866361975402,0.24642504182942554,0.03681854737203429,0.22008663969903275,0.27276344395981833
0.1,signflip_mu0p2,arl_fl,ARL-FL,40,10,0.3137746455222856,0.06297273653222746,0.26872666355608554,0.3588226274884857,0.39671592608207384,0.06538553687866115,0.349941930725324,0.4434899214388237,28.0,0.0,28.0,28.0,0.6066854233783036,0.02233403149383709,0.5907086197110208,0.6226622270455863,0.25113698962942255,0.026045813356553284,0.23250493717318918,0.26976904208565594
0.1,signflip_mu0p2,arl_fl,ARL-FL,45,10,0.3057864604699051,0.08473907331884256,0.24516777916571658,0.3664051417740936,0.40006494064341414,0.07825849509341863,0.34408218572746574,0.45604769555936253,28.0,0.0,28.0,28.0,0.5757824836364801,0.02357013704178589,0.5589214233289636,0.5926435439439967,0.24807904593061333,0.050554303388998904,0.2119146758747568,0.28424341598646985
0.1,signflip_mu0p2,arl_fl,ARL-FL,50,10,0.2752238763243354,0.09532289881744228,0.2070339823581352,0.34341377029053566,0.36706822333672584,0.09490651457605126,0.299176192713142,0.4349602539603097,27.9,0.3162277660168379,27.673784283720178,28.12621571627982,0.5447643829727953,0.022819345493727123,0.528440406584127,0.5610883593614635,0.2759061372519543,0.05849813867521377,0.23405908976421047,0.3177531847396981
0.1,signflip_mu0p2,arl_fl,ARL-FL,55,10,0.3347308160662205,0.07571294243324424,0.2805690398252399,0.38889259230720113,0.41417232848047,0.06816697739746286,0.3654086104400487,0.46293604652089126,27.9,0.3162277660168379,27.673784283720178,28.12621571627982,0.5145093872729293,0.023856337723212294,0.4974435913314609,0.5315751832143977,0.25878052633056176,0.058034748454659814,0.2172649682372505,0.300296084423873
0.1,signflip_mu0p2,arl_fl,ARL-FL,60,10,0.3204580025279135,0.09186381863447649,0.2547425854589041,0.3861734195969229,0.40545331207492863,0.09321656713478527,0.3387701970241819,0.4721364271256754,27.8,0.4216370213557839,27.49837904496024,28.10162095503976,0.4842847435906137,0.024442117313974464,0.4667999061735169,0.5017695810077105,0.2787521897110147,0.06214109240147712,0.23429913011705683,0.3232052493049725
0.1,signflip_mu0p2,arl_fl,ARL-FL,65,10,0.339293169305177,0.0724312298536074,0.2874789888214504,0.3911073497889036,0.4200901755867451,0.06740296577778615,0.3718729985347014,0.4683073526387888,27.7,0.4830458915396479,27.354449785586354,28.045550214413645,0.454201840067726,0.02489162913302138,0.4363954412665586,0.4720082388688934,0.2593973106879915,0.04364475756101858,0.22817573195730145,0.2906188894186815
0.1,signflip_mu0p2,arl_fl,ARL-FL,70,10,0.25243234205705734,0.13153210178867542,0.15833994468569196,0.3465247394284227,0.3393942349918305,0.12719700461443464,0.2484029793221122,0.43038549066154885,27.2,0.6324555320336759,26.747568567440357,27.65243143255964,0.4237891840192963,0.025779501666176676,0.4053476394699146,0.44223072856867807,0.2988215710983223,0.05258038061131835,0.2612078327094497,0.3364353094871949
0.1,signflip_mu0p2,arl_fl,ARL-FL,75,10,0.2993424719132357,0.05364071003646359,0.26097021954748156,0.33771472427898985,0.39436143734154216,0.045348169879950884,0.3619213108447884,0.4268015638382959,27.0,0.9428090415820634,26.325555041092688,27.674444958907312,0.3943788079758116,0.02602147501930783,0.3757641661172066,0.4129934498344166,0.27782843245934896,0.06350819574787589,0.23239740604536915,0.3232594588733288
0.1,signflip_mu0p2,arl_fl,ARL-FL,80,10,0.3253930995519274,0.14925216167893385,0.21862453496385187,0.43216166414000295,0.4135408199336653,0.12418144479564683,0.3247067658056845,0.5023748740616462,26.3,1.636391694484477,25.12939590047749,27.47060409952251,0.36486195776698777,0.026472164072077115,0.3459249123820389,0.38379900315193666,0.27729384733045365,0.06979750515726908,0.22736371999667812,0.32722397466422914
0.1,signflip_mu0p2,arl_fl,ARL-FL,85,10,0.35396305070474543,0.11075472398171411,0.2747338940355515,0.4331922073739394,0.4409465540751805,0.08342798276922898,0.381265770450011,0.5006273377003501,25.6,1.577621275493231,24.471437725569672,26.72856227443033,0.33581054727935394,0.02661202721675011,0.31677344982797245,0.35484764473073543,0.26550772263038347,0.0490884705768694,0.23039194619968217,0.30062349906108476
0.1,signflip_mu0p2,arl_fl,ARL-FL,90,10,0.36790444384034393,0.10304015340327478,0.29419395851103464,0.4416149291696532,0.44251986015855016,0.08930900054937653,0.37863204985021576,0.5064076704668845,24.9,1.5238839267549946,23.80987910909812,25.990120890901878,0.30735286224988634,0.026067172425083836,0.2887055304364745,0.32600019406329817,0.2521308945196489,0.023636888575241117,0.23522208304169104,0.26903970599760674
0.1,signflip_mu0p2,arl_fl,ARL-FL,95,10,0.3784104888813038,0.07935129849821085,0.32164598950286905,0.43517498825973855,0.45625809475788703,0.06265201685622798,0.4114395418267939,0.5010766476889802,23.8,1.873795909674026,22.459567155635103,25.1404328443649,0.279008710294829,0.026425279973550108,0.2601052037735416,0.29791221681611635,0.23882334011324927,0.012269881892210042,0.2300459953662124,0.24760068486028614
0.1,signflip_mu0p2,arl_fl,ARL-FL,100,10,0.3431286618360251,0.09192715833187493,0.27736793427705964,0.40888938939499053,0.4134998535139025,0.0852597346935778,0.352508713499625,0.47449099352818,22.3,1.7669811040931427,21.035977864467302,23.5640221355327,0.25147831402364995,0.026346354824593892,0.23263126715272317,0.2703253608945767,0.26280073061313053,0.047010140127324754,0.2291717022224001,0.2964297590038609
0.1,signflip_mu0p4,fedavg,FedAvg,0,10,0.016084496343229518,0.01388783789303409,0.006149735597446497,0.026019257089012537,0.08686762240013177,0.013057844160576017,0.077526603402775,0.09620864139748854,28.0,0.0,28.0,28.0,0.846142275246185,0.01941488061683745,0.8322537063183344,0.8600308441740356,,,,
0.1,signflip_mu0p4,fedavg,FedAvg,5,10,0.2146856771260132,0.044596634229306105,0.18278316684703133,0.24658818740499505,0.30570284287308014,0.03633295681160185,0.27971181130356687,0.3316938744425934,28.0,0.0,28.0,28.0,0.8128936088056637,0.019492052984206806,0.7989498340918653,0.8268373835194622,,,,
0.1,signflip_mu0p4,fedavg,FedAvg,10,10,0.27446722748551416,0.04931838848729456,0.2391869776897839,0.30974747728124447,0.3691504360646343,0.042551588281589454,0.3387108635273789,0.39959000860188976,28.0,0.0,28.0,28.0,0.7798428909344416,0.01984744411695107,0.7656448847195138,0.7940408971493694,,,,
0.1,signflip_mu0p4,fedavg,FedAvg,15,10,0.29409917500637917,0.0433548017278525,0.263085018183371,0.32511333182938734,0.37842226005046864,0.04895601121741719,0.3434012393373119,0.41344328076362535,28.0,0.0,28.0,28.0,0.7469126099139359,0.020661186825612448,0.732132487232684,0.7616927325951879,,,,
0.1,signflip_mu0p4,fedavg,FedAvg,20,10,0.09270248180156106,0.07822112174484322,0.03674646216861534,0.14865850143450676,0.18253611408204456,0.08601944677364859,0.12100150878473903,0.2440707193793501,28.0,0.0,28.0,28.0,0.7133967238021265,0.02098859619602733,0.6983823865666687,0.7284110610375842,,,,
0.1,signflip_mu0p4,fedavg,FedAvg,25,10,0.01463828695401399,0.0029747905849783055,0.012510249965233245,0.016766323942794734,0.08333333333333329,1.4628472785736255e-17,0.08333333333333329,0.08333333333333329,28.0,0.0,28.0,28.0,0.6803697141454822,0.02140431970941151,0.6650579862237507,0.6956814420672137,,,,
0.1,signflip_mu0p4,fedavg,FedAvg,30,10,0.01471095678023832,0.002948127041799011,0.012601993741208533,0.01681991981926811,0.08333333333333329,1.4628472785736255e-17,0.08333333333333329,0.08333333333333329,28.0,0.0,28.0,28.0,0.6468026994581366,0.022055124189601476,0.6310254140570646,0.6625799848592087,,,,
0.1,signflip_mu0p4,fedavg,FedAvg,35,10,0.01474703399893125,0.0029414763300133514,0.012642828592506953,0.016851239405355545,0.08333333333333329,1.4628472785736255e-17,0.08333333333333329,0.08333333333333329,28.0,0.0,28.0,28.0,0.614462246767717,0.023824379076001274,0.5974193126652365,0.6315051808701975,,,,
0.1,signflip_mu0p4,fedavg,FedAvg,40,10,0.01471095678023832,0.002948127041799011,0.012601993741208533,0.01681991981926811,0.08333333333333329,1.4628472785736255e-17,0.08333333333333329,0.08333333333333329,28.0,0.0,28.0,28.0,0.5803892458099131,0.02528618678839868,0.5623005974651679,0.5984778941546584,,,,
0.1,signflip_mu0p4,fedavg,FedAvg,45,10,0.01471095678023832,0.002948127041799011,0.012601993741208533,0.01681991981926811,0.08333333333333329,1.4628472785736255e-17,0.08333333333333329,0.08333333333333329,27.9,0.3162277660168379,27.673784283720178,28.12621571627982,0.5470787191915767,0.026724010531315335,0.5279615137027674,0.5661959246803859,,,,
0.1,signflip_mu0p4,fedavg,FedAvg,50,10,0.01471095678023832,0.002948127041799011,0.012601993741208533,0.01681991981926811,0.08333333333333329,1.4628472785736255e-17,0.08333333333333329,0.08333333333333329,27.6,0.6992058987801011,27.09981823161223,28.100181768387774,0.5142834423985028,0.027417069800994096,0.49467045217488187,0.5338964326221236,,,,
0.1,signflip_mu0p4,fedavg,FedAvg,55,10,0.01471095678023832,0.002948127041799011,0.012601993741208533,0.01681991981926811,0.08333333333333329,1.4628472785736255e-17,0.08333333333333329,0.08333333333333329,27.2,0.9189365834726815,26.54263236886373,27.85736763113627,0.481479871473276,0.027319996769889575,0.4619363231128392,0.5010234198337127,,,,
0.1,signflip_mu0p4,fedavg,FedAvg,60,10,0.015283578243859322,0.0018951579066090157,0.013927863947461655,0.01663929254025699,0.08333333333333329,1.4628472785736255e-17,0.08333333333333329,0.08333333333333329,26.6,1.2649110640673518,25.69513713488072,27.504862865119282,0.44977937938148543,0.027699825526561736,0.429964117896877,0.46959464086609387,,,,
0.1,signflip_mu0p4,fedavg,FedAvg,65,10,0.015319655462552251,0.0018725772238162284,0.013980094413531938,0.016659216511572567,0.08333333333333329,1.4628472785736255e-17,0.08333333333333329,0.08333333333333329,25.5,1.5811388300841898,24.368921418600898,26.631078581399102,0.41807571847408126,0.027357941214909056,0.3985050262928566,0.4376464106553059,,,,
0.1,signflip_mu0p4,fedavg,FedAvg,70,10,0.015283578243859322,0.0018951579066090157,0.013927863947461655,0.01663929254025699,0.08333333333333329,1.4628472785736255e-17,0.08333333333333329,0.08333333333333329,24.4,2.0110804171997807,22.96135973509377,25.83864026490623,0.3872253051899941,0.027114194820634523,0.3678289786752192,0.406621631704769,,,,
0.1,signflip_mu0p4,fedavg,FedAvg,75,10,0.015319655462552251,0.0018725772238162284,0.013980094413531938,0.016659216511572567,0.08333333333333329,1.4628472785736255e-17,0.08333333333333329,0.08333333333333329,23.4,2.3664319132398464,21.7071565883545,25.092843411645497,0.35760575120956384,0.027281622678854128,0.3380896540201596,0.37712184839896806,,,,
0.1,signflip_mu0p4,fedavg,FedAvg,80,10,0.014368960668636572,0.0024512760022804654,0.012615423451965077,0.016122497885308066,0.08333333333333329,1.4628472785736255e-17,0.08333333333333329,0.08333333333333329,22.6,2.170509412813294,21.047311102069678,24.152688897930325,0.3292481183194543,0.026649532319901175,0.31018419133352454,0.348312045305384,,,,
0.1,signflip_mu0p4,fedavg,FedAvg,85,10,0.015319655462552251,0.0018725772238162284,0.013980094413531938,0.016659216511572567,0.08333333333333329,1.4628472785736255e-17,0.08333333333333329,0.08333333333333329,21.4,1.837873166945363,20.085264737727456,22.71473526227254,0.30128676585208586,0.02595849361049154,0.28271717817922537,0.31985635352494635,,,,
0.1,signflip_mu0p4,fedavg,FedAvg,90,10,0.015319655462552251,0.0018725772238162284,0.013980094413531938,0.016659216511572567,0.08333333333333329,1.4628472785736255e-17,0.08333333333333329,0.08333333333333329,20.5,1.509230856356236,19.420361284201547,21.579638715798453,0.2741565674017588,0.0253632498041516,0.25601279149649986,0.29230034330701776,,,,
0.1,signflip_mu0p4,fedavg,FedAvg,95,10,0.015319655462552251,0.0018725772238162284,0.013980094413531938,0.016659216511572567,0.08333333333333329,1.4628472785736255e-17,0.08333333333333329,0.08333333333333329,18.7,1.3374935098492586,17.74321478103839,19.65678521896161,0.24787908746273643,0.024755957984591518,0.23016974195453926,0.2655884329709336,,,,
0.1,signflip_mu0p4,fedavg,FedAvg,100,10,0.015319655462552251,0.0018725772238162284,0.013980094413531938,0.016659216511572567,0.08333333333333329,1.4628472785736255e-17,0.08333333333333329,0.08333333333333329,17.0,1.9436506316151,15.609596097879894,18.390403902120106,0.22244794942663412,0.02426180825400571,0.20509209734079506,0.23980380151247319,,,,
0.1,signflip_mu0p4,fedprox,FedProx,0,10,0.016084496343229518,0.01388783789303409,0.006149735597446497,0.026019257089012537,0.08686762240013177,0.013057844160576017,0.077526603402775,0.09620864139748854,28.0,0.0,28.0,28.0,0.846142275246185,0.01941488061683745,0.8322537063183344,0.8600308441740356,,,,
0.1,signflip_mu0p4,fedprox,FedProx,5,10,0.21331941991117415,0.04537238620258184,0.18086197010078914,0.24577686972155915,0.30467388795106237,0.03703645216079354,0.27817960612518655,0.3311681697769382,28.0,0.0,28.0,28.0,0.8128936088056637,0.019492052984206806,0.7989498340918653,0.8268373835194622,,,,
0.1,signflip_mu0p4,fedprox,FedProx,10,10,0.27310582521599447,0.040971776596961,0.24379638187747116,0.3024152685545178,0.3670985335320148,0.03754854768549071,0.34023792063603026,0.3939591464279994,28.0,0.0,28.0,28.0,0.7798428909344416,0.01984744411695107,0.7656448847195138,0.7940408971493694,,,,
0.1,signflip_mu0p4,fedprox,FedProx,15,10,0.2935267657159978,0.04512467560989665,0.2612465173887722,0.3258070140432234,0.37770013329440344,0.049255401614462374,0.34246494159313917,0.4129353249956677,28.0,0.0,28.0,28.0,0.7469126099139359,0.020661186825612448,0.732132487232684,0.7616927325951879,,,,
0.1,signflip_mu0p4,fedprox,FedProx,20,10,0.08623058448156959,0.07663915249979433,0.03140623747310279,0.1410549314900364,0.17515572906955135,0.08505158320640056,0.1143134916591141,0.2359979664799886,28.0,0.0,28.0,28.0,0.7133967238021265,0.02098859619602733,0.6983823865666687,0.7284110610375842,,,,
0.1,signflip_mu0p4,fedprox,FedProx,25,10,0.014211308322365552,0.003092348695502381,0.011999175327368548,0.016423441317362557,0.08333333333333329,1.4628472785736255e-17,0.08333333333333329,0.08333333333333329,28.0,0.0,28.0,28.0,0.6803697141454822,0.02140431970941151,0.6650579862237507,0.6956814420672137,,,,
0.1,signflip_mu0p4,fedprox,FedProx,30,10,0.014283978148589883,0.0030779289505453093,0.012082160417730255,0.01648579587944951,0.08333333333333329,1.4628472785736255e-17,0.08333333333333329,0.08333333333333329,28.0,0.0,28.0,28.0,0.6468026994581366,0.022055124189601476,0.6310254140570646,0.6625799848592087,,,,
0.1,signflip_mu0p4,fedprox,FedProx,35,10,0.015139889146688363,0.0029514866668223414,0.013028522776696663,0.017251255516680063,0.08333333333333329,1.4628472785736255e-17,0.08333333333333329,0.08333333333333329,28.0,0.0,28.0,28.0,0.614462246767717,0.023824379076001274,0.5974193126652365,0.6315051808701975,,,,
0.1,signflip_mu0p4,fedprox,FedProx,40,10,0.01510381192799543,0.0029634337218184354,0.012983899149706263,0.017223724706284596,0.08333333333333329,1.4628472785736255e-17,0.08333333333333329,0.08333333333333329,28.0,0.0,28.0,28.0,0.5803892458099131,0.02528618678839868,0.5623005974651679,0.5984778941546584,,,,
0.1,signflip_mu0p4,fedprox,FedProx,45,10,0.01510381192799543,0.0029634337218184354,0.012983899149706263,0.017223724706284596,0.08333333333333329,1.4628472785736255e-17,0.08333333333333329,0.08333333333333329,27.9,0.3162277660168379,27.673784283720178,28.12621571627982,0.5470787191915767,0.026724010531315335,0.5279615137027674,0.5661959246803859,,,,
0.1,signflip_mu0p4,fedprox,FedProx,50,10,0.01510381192799543,0.0029634337218184354,0.012983899149706263,0.017223724706284596,0.08333333333333329,1.4628472785736255e-17,0.08333333333333329,0.08333333333333329,27.6,0.6992058987801011,27.09981823161223,28.100181768387774,0.5142834423985028,0.027417069800994096,0.49467045217488187,0.5338964326221236,,,,
0.1,signflip_mu0p4,fedprox,FedProx,55,10,0.01510381192799543,0.0029634337218184354,0.012983899149706263,0.017223724706284596,0.08333333333333329,1.4628472785736255e-17,0.08333333333333329,0.08333333333333329,27.2,0.9189365834726815,26.54263236886373,27.85736763113627,0.481479871473276,0.027319996769889575,0.4619363231128392,0.5010234198337127,,,,
0.1,signflip_mu0p4,fedprox,FedProx,60,10,0.01567643339161643,0.0017838735302103516,0.014400327142402186,0.016952539640830676,0.08333333333333329,1.4628472785736255e-17,0.08333333333333329,0.08333333333333329,26.6,1.2649110640673518,25.69513713488072,27.504862865119282,0.44977937938148543,0.027699825526561736,0.429964117896877,0.46959464086609387,,,,
0.1,signflip_mu0p4,fedprox,FedProx,65,10,0.01631396747041857,0.0021593600401482436,0.014769254353221434,0.017858680587615708,0.08348078663305536,0.0004662882756291821,0.08314722409491088,0.08381434917119984,25.5,1.5811388300841898,24.368921418600898,26.631078581399102,0.41807571847408126,0.027357941214909056,0.3985050262928566,0.4376464106553059,,,,
0.1,signflip_mu0p4,fedprox,FedProx,70,10,0.01614666592247546,0.0018675070620375594,0.014810731848697908,0.017482599996253016,0.08351108525628592,0.0005621009350050396,0.0831089824705775,0.08391318804199434,24.4,2.0110804171997807,22.96135973509377,25.83864026490623,0.3872253051899941,0.027114194820634523,0.3678289786752192,0.406621631704769,,,,
0.1,signflip_mu0p4,fedprox,FedProx,75,10,0.014725738597700752,0.0025373533578378744,0.012910625350283573,0.01654085184511793,0.08333333333333329,1.4628472785736255e-17,0.08333333333333329,0.08333333333333329,23.4,2.3664319132398464,21.7071565883545,25.092843411645497,0.35760575120956384,0.027281622678854128,0.3380896540201596,0.37712184839896806,,,,
0.1,signflip_mu0p4,fedprox,FedProx,80,10,0.014761815816393681,0.002529388646700904,0.012952400180092395,0.016571231452694967,0.08333333333333329,1.4628472785736255e-17,0.08333333333333329,0.08333333333333329,22.6,2.170509412813294,21.047311102069678,24.152688897930325,0.3292481183194543,0.026649532319901175,0.31018419133352454,0.348312045305384,,,,
0.1,signflip_mu0p4,fedprox,FedProx,85,10,0.014761815816393681,0.002529388646700904,0.012952400180092395,0.016571231452694967,0.08333333333333329,1.4628472785736255e-17,0.08333333333333329,0.08333333333333329,21.4,1.837873166945363,20.085264737727456,22.71473526227254,0.30128676585208586,0.02595849361049154,0.28271717817922537,0.31985635352494635,,,,
0.1,signflip_mu0p4,fedprox,FedProx,90,10,0.014761815816393681,0.002529388646700904,0.012952400180092395,0.016571231452694967,0.08333333333333329,1.4628472785736255e-17,0.08333333333333329,0.08333333333333329,20.5,1.509230856356236,19.420361284201547,21.579638715798453,0.2741565674017588,0.0253632498041516,0.25601279149649986,0.29230034330701776,,,,
0.1,signflip_mu0p4,fedprox,FedProx,95,10,0.014761815816393681,0.002529388646700904,0.012952400180092395,0.016571231452694967,0.08333333333333329,1.4628472785736255e-17,0.08333333333333329,0.08333333333333329,18.7,1.3374935098492586,17.74321478103839,19.65678521896161,0.24787908746273643,0.024755957984591518,0.23016974195453926,0.2655884329709336,,,,
0.1,signflip_mu0p4,fedprox,FedProx,100,10,0.014761815816393681,0.002529388646700904,0.012952400180092395,0.016571231452694967,0.08333333333333329,1.4628472785736255e-17,0.08333333333333329,0.08333333333333329,17.0,1.9436506316151,15.609596097879894,18.390403902120106,0.22244794942663412,0.02426180825400571,0.20509209734079506,0.23980380151247319,,,,
0.1,signflip_mu0p4,random_trimmed_mean,Random Trimmed Mean,0,10,0.016084496343229518,0.01388783789303409,0.006149735597446497,0.026019257089012537,0.08686762240013177,0.013057844160576017,0.077526603402775,0.09620864139748854,28.0,0.0,28.0,28.0,0.846142275246185,0.01941488061683745,0.8322537063183344,0.8600308441740356,,,,
0.1,signflip_mu0p4,random_trimmed_mean,Random Trimmed Mean,5,10,0.1564762381838298,0.056580674431112074,0.11600086198505598,0.1969516143826036,0.2530935031331674,0.03981715574603356,0.22461002579413278,0.28157698047220203,28.0,0.0,28.0,28.0,0.8128936088056637,0.019492052984206806,0.7989498340918653,0.8268373835194622,,,,
0.1,signflip_mu0p4,random_trimmed_mean,Random Trimmed Mean,10,10,0.21277519554047836,0.062328871197751476,0.16818780708781078,0.25736258399314593,0.30287261280215355,0.05271034415825025,0.26516590409245877,0.34057932151184833,28.0,0.0,28.0,28.0,0.7798428909344416,0.01984744411695107,0.7656448847195138,0.7940408971493694,,,,
0.1,signflip_mu0p4,random_trimmed_mean,Random Trimmed Mean,15,10,0.2190073438878506,0.05718195930343286,0.1781018344032064,0.2599128533724948,0.3152038355588685,0.05608734740584197,0.2750813642545236,0.35532630686321337,28.0,0.0,28.0,28.0,0.7469126099139359,0.020661186825612448,0.732132487232684,0.7616927325951879,,,,
0.1,signflip_mu0p4,random_trimmed_mean,Random Trimmed Mean,20,10,0.142658514470301,0.06583154798824808,0.09556546198616853,0.1897515669544335,0.24327990475986305,0.07225363914033787,0.19159276501931005,0.29496704450041605,28.0,0.0,28.0,28.0,0.7133967238021265,0.02098859619602733,0.6983823865666687,0.7284110610375842,,,,
0.1,signflip_mu0p4,random_trimmed_mean,Random Trimmed Mean,25,10,0.061689669341097306,0.08549106363184768,0.0005330465732775388,0.12284629210891707,0.1522300830941781,0.10038012754495305,0.0804224656326798,0.2240377005556764,28.0,0.0,28.0,28.0,0.6803697141454822,0.02140431970941151,0.6650579862237507,0.6956814420672137,,,,
0.1,signflip_mu0p4,random_trimmed_mean,Random Trimmed Mean,30,10,0.03625142342965717,0.04504993139870169,0.004024643890091231,0.0684782029692231,0.1154989693492812,0.06227910604186086,0.07094718074455668,0.1600507579540057,28.0,0.0,28.0,28.0,0.6468026994581366,0.022055124189601476,0.6310254140570646,0.6625799848592087,,,,
0.1,signflip_mu0p4,random_trimmed_mean,Random Trimmed Mean,35,10,0.023751438728195136,0.020025074059268504,0.0094263637073234,0.03807651374906687,0.09990899847021595,0.03495776309752869,0.07490172122111236,0.12491627571931954,28.0,0.0,28.0,28.0,0.614462246767717,0.023824379076001274,0.5974193126652365,0.6315051808701975,,,,
0.1,signflip_mu0p4,random_trimmed_mean,Random Trimmed Mean,40,10,0.01554229508955221,0.0025166534168300212,0.013741989687888185,0.017342600491216238,0.08410256410256407,0.0024325212770525996,0.08236244320810392,0.08584268499702423,28.0,0.0,28.0,28.0,0.5803892458099131,0.02528618678839868,0.5623005974651679,0.5984778941546584,,,,
0.1,signflip_mu0p4,random_trimmed_mean,Random Trimmed Mean,45,10,0.01955680941994695,0.013620824996800982,0.00981305819346751,0.029300560646426388,0.09142512077294682,0.025588478651120922,0.07312022585658455,0.10973001568930908,27.9,0.3162277660168379,27.673784283720178,28.12621571627982,0.5470787191915767,0.026724010531315335,0.5279615137027674,0.5661959246803859,,,,
0.1,signflip_mu0p4,random_trimmed_mean,Random Trimmed Mean,50,10,0.02316808270995325,0.01664863857299428,0.011258364131752198,0.0350778012881543,0.09896277628815044,0.032983696878500175,0.07536766094167228,0.12255789163462859,27.6,0.6992058987801011,27.09981823161223,28.100181768387774,0.5142834423985028,0.027417069800994096,0.49467045217488187,0.5338964326221236,,,,
0.1,signflip_mu0p4,random_trimmed_mean,Random Trimmed Mean,55,10,0.01512602174602283,0.0016703188571652228,0.01393114761637666,0.016320895875669,0.08333333333333329,1.4628472785736255e-17,0.08333333333333329,0.08333333333333329,27.2,0.9189365834726815,26.54263236886373,27.85736763113627,0.481479871473276,0.027319996769889575,0.4619363231128392,0.5010234198337127,,,,
0.1,signflip_mu0p4,random_trimmed_mean,Random Trimmed Mean,60,10,0.019401537508717683,0.013524622226101205,0.009726605598631841,0.029076469418803524,0.09146537842190013,0.025715784515056878,0.07306941437660071,0.10986134246719954,26.6,1.2649110640673518,25.69513713488072,27.504862865119282,0.44977937938148543,0.027699825526561736,0.429964117896877,0.46959464086609387,,,,
0.1,signflip_mu0p4,random_trimmed_mean,Random Trimmed Mean,65,10,0.018833035259786628,0.007562211189275984,0.01342335526112942,0.024242715258443834,0.08814136018501458,0.01221960582081249,0.07939998077285702,0.09688273959717213,25.5,1.5811388300841898,24.368921418600898,26.631078581399102,0.41807571847408126,0.027357941214909056,0.3985050262928566,0.4376464106553059,,,,
0.1,signflip_mu0p4,random_trimmed_mean,Random Trimmed Mean,70,10,0.02069285336883947,0.012408521664802394,0.011816331703036469,0.02956937503464247,0.09694280923288386,0.028723150764722077,0.07639550497210335,0.11749011349366437,24.4,2.0110804171997807,22.96135973509377,25.83864026490623,0.3872253051899941,0.027114194820634523,0.3678289786752192,0.406621631704769,,,,
0.1,signflip_mu0p4,random_trimmed_mean,Random Trimmed Mean,75,10,0.018276827370644712,0.010716219629074902,0.010610905653087586,0.025942749088201836,0.09036360459406878,0.0222316697527476,0.07446002610518165,0.10626718308295591,23.4,2.3664319132398464,21.7071565883545,25.092843411645497,0.35760575120956384,0.027281622678854128,0.3380896540201596,0.37712184839896806,,,,
0.1,signflip_mu0p4,random_trimmed_mean,Random Trimmed Mean,80,10,0.023390802565298907,0.025216239107995135,0.005352191776787033,0.041429413353810784,0.09569939278716051,0.03910491355515178,0.06772542281809683,0.12367336275622419,22.6,2.170509412813294,21.047311102069678,24.152688897930325,0.3292481183194543,0.026649532319901175,0.31018419133352454,0.348312045305384,,,,
0.1,signflip_mu0p4,random_trimmed_mean,Random Trimmed Mean,85,10,0.024140214588328622,0.014133010289469474,0.01403006807560217,0.034250361101055074,0.09856992873728082,0.026801231531038156,0.07939748267303395,0.11774237480152769,21.4,1.837873166945363,20.085264737727456,22.71473526227254,0.30128676585208586,0.02595849361049154,0.28271717817922537,0.31985635352494635,,,,
0.1,signflip_mu0p4,random_trimmed_mean,Random Trimmed Mean,90,10,0.02124924726765105,0.010925640370026633,0.01343351497680061,0.02906497955850149,0.09679337156056558,0.031694890508526016,0.07412021275130742,0.11946653036982374,20.5,1.509230856356236,19.420361284201547,21.579638715798453,0.2741565674017588,0.0253632498041516,0.25601279149649986,0.29230034330701776,,,,
0.1,signflip_mu0p4,random_trimmed_mean,Random Trimmed Mean,95,10,0.024125449297262378,0.016011526260664263,0.012671493411565546,0.03557940518295921,0.0997302683295767,0.03259251899667689,0.07641498478232381,0.12304555187682958,18.7,1.3374935098492586,17.74321478103839,19.65678521896161,0.24787908746273643,0.024755957984591518,0.23016974195453926,0.2655884329709336,,,,
0.1,signflip_mu0p4,random_trimmed_mean,Random Trimmed Mean,100,10,0.024539592604736038,0.015629286195575035,0.013359074789339462,0.035720110420132616,0.10502440174639813,0.0352813046259978,0.07978567683053585,0.13026312666226042,17.0,1.9436506316151,15.609596097879894,18.390403902120106,0.22244794942663412,0.02426180825400571,0.20509209734079506,0.23980380151247319,,,,
0.1,signflip_mu0p4,fedle_adapted,FedLE-adapted,0,10,0.016084496343229518,0.01388783789303409,0.006149735597446497,0.026019257089012537,0.08686762240013177,0.013057844160576017,0.077526603402775,0.09620864139748854,28.0,0.0,28.0,28.0,0.8245841647819507,0.019647458591782654,0.8105292195935463,0.8386391099703552,,,,
0.1,signflip_mu0p4,fedle_adapted,FedLE-adapted,5,10,0.20351766443525512,0.049672488816141745,0.16798410652387752,0.23905122234663273,0.2985928736072368,0.04835459418786582,0.264002080719538,0.3331836664949356,28.0,0.0,28.0,28.0,0.7919522851080923,0.020113724230078994,0.7775637935753158,0.8063407766408689,,,,
0.1,signflip_mu0p4,fedle_adapted,FedLE-adapted,10,10,0.2728382912613141,0.043348026073010644,0.2418289814497895,0.3038476010728387,0.3708509107994003,0.03718113767482831,0.3442531271918658,0.3974486944069348,28.0,0.0,28.0,28.0,0.7599011964768646,0.020016372273319167,0.745582346338666,0.7742200466150632,,,,
0.1,signflip_mu0p4,fedle_adapted,FedLE-adapted,15,10,0.3012032763698843,0.07498449469254445,0.24756260025085197,0.35484395248891665,0.38363235794229084,0.06033254340822828,0.34047305636043984,0.42679165952414183,28.0,0.0,28.0,28.0,0.7270283542211133,0.02061614339147224,0.7122804536715421,0.7417762547706845,,,,
0.1,signflip_mu0p4,fedle_adapted,FedLE-adapted,20,10,0.10229234547965937,0.054037834114277004,0.06363600766231414,0.1409486832970046,0.19373585659924095,0.045589901369783734,0.16112280581184468,0.2263489073866372,28.0,0.0,28.0,28.0,0.6953949381036449,0.020379668562588087,0.6808162014560043,0.7099736747512856,,,,
0.1,signflip_mu0p4,fedle_adapted,FedLE-adapted,25,10,0.012813621589499852,0.003113039921951027,0.010586686982769806,0.015040556196229899,0.08333333333333329,1.4628472785736255e-17,0.08333333333333329,0.08333333333333329,28.0,0.0,28.0,28.0,0.66270677048415,0.02083843974961529,0.6477998486996092,0.677613692268691,,,,
0.1,signflip_mu0p4,fedle_adapted,FedLE-adapted,30,10,0.01294778668273536,0.0031274250876193615,0.01071056154840094,0.015185011817069782,0.08333333333333329,1.4628472785736255e-17,0.08333333333333329,0.08333333333333329,28.0,0.0,28.0,28.0,0.6307142953247602,0.021319846840249,0.6154629956533513,0.6459655949961691,,,,
0.1,signflip_mu0p4,fedle_adapted,FedLE-adapted,35,10,0.01294778668273536,0.0031274250876193615,0.01071056154840094,0.015185011817069782,0.08333333333333329,1.4628472785736255e-17,0.08333333333333329,0.08333333333333329,28.0,0.0,28.0,28.0,0.5986765324920572,0.02131628926015533,0.5834277777601368,0.6139252872239777,,,,
0.1,signflip_mu0p4,fedle_adapted,FedLE-adapted,40,10,0.01294778668273536,0.0031274250876193615,0.01071056154840094,0.015185011817069782,0.08333333333333329,1.4628472785736255e-17,0.08333333333333329,0.08333333333333329,28.0,0.0,28.0,28.0,0.56679728932121,0.02046335585753787,0.552158686389185,0.581435892253235,,,,
0.1,signflip_mu0p4,fedle_adapted,FedLE-adapted,45,10,0.01294778668273536,0.0031274250876193615,0.01071056154840094,0.015185011817069782,0.08333333333333329,1.4628472785736255e-17,0.08333333333333329,0.08333333333333329,28.0,0.0,28.0,28.0,0.534967970526316,0.020504138218079362,0.5203001936510359,0.549635747401596,,,,
0.1,signflip_mu0p4,fedle_adapted,FedLE-adapted,50,10,0.01294778668273536,0.0031274250876193615,0.01071056154840094,0.015185011817069782,0.08333333333333329,1.4628472785736255e-17,0.08333333333333329,0.08333333333333329,27.9,0.3162277660168379,27.673784283720178,28.12621571627982,0.5040940383522707,0.021211892270653784,0.4889199647277528,0.5192681119767887,,,,
0.1,signflip_mu0p4,fedle_adapted,FedLE-adapted,55,10,0.01294778668273536,0.0031274250876193615,0.01071056154840094,0.015185011817069782,0.08333333333333329,1.4628472785736255e-17,0.08333333333333329,0.08333333333333329,27.5,0.7071067811865476,26.994166280819517,28.005833719180483,0.47340483329951744,0.021822289767868704,0.4577941076099796,0.4890155589890553,,,,
0.1,signflip_mu0p4,fedle_adapted,FedLE-adapted,60,10,0.01294778668273536,0.0031274250876193615,0.01071056154840094,0.015185011817069782,0.08333333333333329,1.4628472785736255e-17,0.08333333333333329,0.08333333333333329,27.3,0.8232726023485647,26.711066258413513,27.888933741586488,0.44258504684588285,0.022363109503047943,0.4265874420238993,0.4585826516678664,,,,
0.1,signflip_mu0p4,fedle_adapted,FedLE-adapted,65,10,0.01294778668273536,0.0031274250876193615,0.01071056154840094,0.015185011817069782,0.08333333333333329,1.4628472785736255e-17,0.08333333333333329,0.08333333333333329,27.2,0.9189365834726815,26.54263236886373,27.85736763113627,0.4122982093081896,0.022416579633188573,0.3962623542593468,0.4283340643570324,,,,
0.1,signflip_mu0p4,fedle_adapted,FedLE-adapted,70,10,0.01294778668273536,0.0031274250876193615,0.01071056154840094,0.015185011817069782,0.08333333333333329,1.4628472785736255e-17,0.08333333333333329,0.08333333333333329,27.1,0.875595035770913,26.47363704432765,27.726362955672354,0.3819649253893048,0.02302289533924314,0.3654953382129374,0.39843451256567225,,,,
0.1,signflip_mu0p4,fedle_adapted,FedLE-adapted,75,10,0.01294778668273536,0.0031274250876193615,0.01071056154840094,0.015185011817069782,0.08333333333333329,1.4628472785736255e-17,0.08333333333333329,0.08333333333333329,26.3,1.3374935098492586,25.34321478103839,27.25678521896161,0.352798793759744,0.023373378614208344,0.336078485952203,0.36951910156728496,,,,
0.1,signflip_mu0p4,fedle_adapted,FedLE-adapted,80,10,0.01294778668273536,0.0031274250876193615,0.01071056154840094,0.015185011817069782,0.08333333333333329,1.4628472785736255e-17,0.08333333333333329,0.08333333333333329,25.9,1.3703203194062976,24.919731896120776,26.88026810387922,0.3236615587486105,0.023501486429069924,0.3068496081309995,0.34047350936622156,,,,
0.1,signflip_mu0p4,fedle_adapted,FedLE-adapted,85,10,0.01294778668273536,0.0031274250876193615,0.01071056154840094,0.015185011817069782,0.08333333333333329,1.4628472785736255e-17,0.08333333333333329,0.08333333333333329,25.0,1.5634719199411433,23.88155956477889,26.11844043522111,0.29514020244785966,0.02447599927510633,0.27763112733587936,0.31264927755983996,,,,
0.1,signflip_mu0p4,fedle_adapted,FedLE-adapted,90,10,0.01294778668273536,0.0031274250876193615,0.01071056154840094,0.015185011817069782,0.08333333333333329,1.4628472785736255e-17,0.08333333333333329,0.08333333333333329,23.5,2.068278940998476,22.020442376083047,24.979557623916953,0.26683998424606037,0.024750212862110533,0.24913474855090562,0.2845452199412151,,,,
0.1,signflip_mu0p4,fedle_adapted,FedLE-adapted,95,10,0.01294778668273536,0.0031274250876193615,0.01071056154840094,0.015185011817069782,0.08333333333333329,1.4628472785736255e-17,0.08333333333333329,0.08333333333333329,22.3,1.7669811040931427,21.035977864467302,23.5640221355327,0.24065012866930466,0.02456566555292014,0.22307691016625758,0.25822334717235174,,,,
0.1,signflip_mu0p4,fedle_adapted,FedLE-adapted,100,10,0.01294778668273536,0.0031274250876193615,0.01071056154840094,0.015185011817069782,0.08333333333333329,1.4628472785736255e-17,0.08333333333333329,0.08333333333333329,19.6,2.590581230363393,17.74680982638157,21.453190173618434,0.21475067947135545,0.024926898190469955,0.1969190507063751,0.2325823082363358,,,,
0.1,signflip_mu0p4,tea_fl,TEA-FL,0,10,0.016084496343229518,0.01388783789303409,0.006149735597446497,0.026019257089012537,0.08686762240013177,0.013057844160576017,0.077526603402775,0.09620864139748854,28.0,0.0,28.0,28.0,0.846142275246185,0.01941488061683745,0.8322537063183344,0.8600308441740356,,,,
0.1,signflip_mu0p4,tea_fl,TEA-FL,5,10,0.12999366264599685,0.040239464902110715,0.10120808353570777,0.15877924175628594,0.24600067975689352,0.04398095910308101,0.21453859693129115,0.2774627625824959,28.0,0.0,28.0,28.0,0.8167134205109943,0.020027024816123853,0.8023869500027342,0.8310398910192544,,,,
0.1,signflip_mu0p4,tea_fl,TEA-FL,10,10,0.22261988490964849,0.07501416453906488,0.16895798426100866,0.2762817855582883,0.3241868717713521,0.055123770745538085,0.2847537016853877,0.36362004185731645,28.0,0.0,28.0,28.0,0.7912552022118339,0.02129981708409696,0.7760182309648131,0.8064921734588546,,,,
0.1,signflip_mu0p4,tea_fl,TEA-FL,15,10,0.2193289070999062,0.0727220901690276,0.16730665768087094,0.2713511565189415,0.32487852854202937,0.05907455914048932,0.28261913469370786,0.36713792239035087,28.0,0.0,28.0,28.0,0.7669103418783676,0.02142858421708855,0.7515812561734994,0.7822394275832358,,,,
0.1,signflip_mu0p4,tea_fl,TEA-FL,20,10,0.10358092437135105,0.0627678000240471,0.05867954515156331,0.1484823035911388,0.21293084305443538,0.07662680984077393,0.15811532545233686,0.2677463606565339,28.0,0.0,28.0,28.0,0.7424650043830614,0.021503266699425656,0.7270824940486983,0.7578475147174245,,,,
0.1,signflip_mu0p4,tea_fl,TEA-FL,25,10,0.15436292205847715,0.08368111914645666,0.09450105557770537,0.21422478853924892,0.263592775091479,0.08609693842947304,0.20200273560302434,0.32518281457993364,28.0,0.0,28.0,28.0,0.7176720774007948,0.02130493032482862,0.7024314483617048,0.7329127064398847,,,,
0.1,signflip_mu0p4,tea_fl,TEA-FL,30,10,0.22178203705657343,0.06672012942200152,0.1740533317072881,0.26951074240585876,0.33111760896882547,0.06192468012379993,0.28681936139224085,0.3754158565454101,28.0,0.0,28.0,28.0,0.6908844200778095,0.02100332502961102,0.6758595464695307,0.7059092936860882,,,,
0.1,signflip_mu0p4,tea_fl,TEA-FL,35,10,0.22388360393825574,0.08090320272618295,0.16600893915293607,0.2817582687235754,0.32764062437765384,0.07396574081425945,0.2747287208809371,0.3805525278743706,28.0,0.0,28.0,28.0,0.6640897679856581,0.020619453252086372,0.6493394997044388,0.6788400362668774,,,,
0.1,signflip_mu0p4,tea_fl,TEA-FL,40,10,0.2307067129493034,0.07735926129403749,0.17536723114182454,0.2860461947567822,0.3277976902022997,0.08135777449570293,0.2695978443623946,0.3859975360422048,28.0,0.0,28.0,28.0,0.6376830145301786,0.019829454629274643,0.623497877219495,0.6518681518408622,,,,
0.1,signflip_mu0p4,tea_fl,TEA-FL,45,10,0.2410432325207495,0.08152723529853388,0.18272216172524794,0.2993643033162511,0.3386454589366556,0.07530527363295805,0.28477531138730844,0.39251560648600275,28.0,0.0,28.0,28.0,0.6116297570954238,0.02020747421671714,0.597174200862271,0.6260853133285765,,,,
0.1,signflip_mu0p4,tea_fl,TEA-FL,50,10,0.27915734820844795,0.11649326235194946,0.1958230884859285,0.3624916079309674,0.3663637924557436,0.09459099337150494,0.2986974721048121,0.43403011280667503,28.0,0.0,28.0,28.0,0.585836800429933,0.02061176864306158,0.5710920293868493,0.6005815714730167,,,,
0.1,signflip_mu0p4,tea_fl,TEA-FL,55,10,0.2511412553134557,0.09656340702922554,0.182063955231043,0.3202185553958684,0.3469497904185802,0.08499787481694916,0.2861459736754456,0.4077536071617148,27.4,0.8432740427115678,26.796758089920477,28.00324191007952,0.5597911347418849,0.02094209412930125,0.5448100630810015,0.5747722064027683,,,,
0.1,signflip_mu0p4,tea_fl,TEA-FL,60,10,0.256480720692673,0.10861591519057547,0.17878157566277086,0.3341798657225752,0.3560269278509642,0.0999460771192993,0.2845298113589968,0.42752404434293156,26.6,1.349897115421106,25.634341776133635,27.565658223866368,0.5325824598856752,0.021593183633806776,0.5171356268513388,0.5480292929200116,,,,
0.1,signflip_mu0p4,tea_fl,TEA-FL,65,10,0.26586649781491123,0.07415370142116672,0.21282013539999295,0.3189128602298295,0.37198172115796746,0.06555718418565094,0.32508493671477123,0.4188785056011637,25.8,1.4757295747452437,24.744326657360837,26.855673342639165,0.5052253191364185,0.02289661592981662,0.4888460668076663,0.5216045714651708,,,,
0.1,signflip_mu0p4,tea_fl,TEA-FL,70,10,0.32399830037139343,0.10400960981181027,0.24959430770520075,0.3984022930375861,0.4156716426978438,0.08396451460522356,0.3556070473185224,0.4757362380771652,23.5,1.7159383568311668,22.27249164622087,24.72750835377913,0.4752321916820101,0.024854291023602443,0.4574525029552714,0.49301188040874877,,,,
0.1,signflip_mu0p4,tea_fl,TEA-FL,75,10,0.3183294242017123,0.0881548956857842,0.255267210777763,0.3813916376256616,0.40997671152109927,0.08407598735726277,0.34983237333877903,0.4701210497034195,21.9,1.5951314818673865,20.758911678514945,23.041088321485052,0.4437619763745575,0.026461158533487763,0.42483280387764244,0.46269114887147256,,,,
0.1,signflip_mu0p4,tea_fl,TEA-FL,80,10,0.36123116998979243,0.08815917207059745,0.2981658974244344,0.4242964425551505,0.44530438336192624,0.07637061057177603,0.39067213967621,0.49993662704764247,20.4,1.837873166945363,19.085264737727456,21.71473526227254,0.41121636102880404,0.028412609595034416,0.3908912045383478,0.4315415175192603,,,,
0.1,signflip_mu0p4,tea_fl,TEA-FL,85,10,0.38089457353436895,0.14350133222268222,0.27823990451288255,0.48354924255585535,0.4556853504476172,0.11060939931603944,0.37656015278162147,0.534810548113613,18.9,1.5238839267549946,17.80987910909812,19.990120890901878,0.3766938356594824,0.03173602580538063,0.3539912504315401,0.39939642088742466,,,,
0.1,signflip_mu0p4,tea_fl,TEA-FL,90,10,0.40009144901569255,0.1202144125551613,0.31409523879715134,0.48608765923423375,0.47655666807228797,0.09587082569353146,0.4079748108313104,0.5451385253132656,17.5,1.8408935028645435,16.18310411956932,18.81689588043068,0.3432798182225627,0.03321289964062985,0.31952074109732753,0.3670388953477979,,,,
0.1,signflip_mu0p4,tea_fl,TEA-FL,95,10,0.2941244060003036,0.10014309352508018,0.22248635246187132,0.3657624595387359,0.3834298707338884,0.08856763496217387,0.3200724014182084,0.4467873400495684,15.8,2.043961295567452,14.337838171679078,17.262161828320924,0.31153636098905474,0.032836680056379436,0.28804641514157453,0.33502630683653495,,,,
0.1,signflip_mu0p4,tea_fl,TEA-FL,100,10,0.33188520794262916,0.11431747105602408,0.25010741554960075,0.41366300033565756,0.4146124511301701,0.10007929414760061,0.34302003691701444,0.48620486534332574,14.6,2.270584848790187,12.975721447825583,16.224278552174418,0.2912861675827053,0.02535347919922198,0.27314938114715825,0.30942295401825237,,,,
0.1,signflip_mu0p4,arl_fl,ARL-FL,0,10,0.016084496343229518,0.01388783789303409,0.006149735597446497,0.026019257089012537,0.08686762240013177,0.013057844160576017,0.077526603402775,0.09620864139748854,28.0,0.0,28.0,28.0,0.846142275246185,0.01941488061683745,0.8322537063183344,0.8600308441740356,0.0,0.0,0.0,0.0
0.1,signflip_mu0p4,arl_fl,ARL-FL,5,10,0.12955340270144058,0.0414773386259679,0.09988230207407064,0.15922450332881052,0.23825721172865028,0.039542095102176614,0.20997050092075945,0.26654392253654113,28.0,0.0,28.0,28.0,0.8195272744823301,0.01977058644299611,0.8053842489352429,0.8336703000294173,0.10119655450974403,0.005320607353986397,0.09739042129511156,0.1050026877243765
0.1,signflip_mu0p4,arl_fl,ARL-FL,10,10,0.21668246863591983,0.05090745528636178,0.1802654689314281,0.2530994683404115,0.32141826955400027,0.03877364747466407,0.2936812730633273,0.34915526604467323,28.0,0.0,28.0,28.0,0.7904734704705917,0.020447805881600046,0.7758459913212415,0.8051009496199418,0.1450622950223746,0.010164264988487477,0.13779121786874426,0.15233337217600496
0.1,signflip_mu0p4,arl_fl,ARL-FL,15,10,0.24023549118402582,0.07257506560842193,0.1883184167997671,0.2921525655682845,0.3353121491271147,0.06335577660437157,0.28999015680004286,0.38063414145418656,28.0,0.0,28.0,28.0,0.7593589535583588,0.020465506556586473,0.7447188121089168,0.7739990950078008,0.16684149932440778,0.01035066002119801,0.15943708319688932,0.17424591545192625
0.1,signflip_mu0p4,arl_fl,ARL-FL,20,10,0.1476699235670173,0.1035915838857834,0.07356496863388272,0.22177487850015187,0.24451133085887955,0.11139589083348327,0.16482351105439302,0.3241991506633661,28.0,0.0,28.0,28.0,0.729020706927463,0.020918956246828012,0.7140561871105964,0.7439852267443297,0.2014023297012919,0.015572097014237805,0.19026272256171173,0.21254193684087208
0.1,signflip_mu0p4,arl_fl,ARL-FL,25,10,0.03338197689644693,0.04455467751015512,0.0015094806462616073,0.06525447314663226,0.11243114362645208,0.061401533058617404,0.06850713291578406,0.1563551543371201,28.0,0.0,28.0,28.0,0.698237627886121,0.021220951572538494,0.6830570736274365,0.7134181821448055,0.23428555003022425,0.01386561080571207,0.22436668958485664,0.24420441047559185
0.1,signflip_mu0p4,arl_fl,ARL-FL,30,10,0.031330222229428425,0.026394169669609394,0.012448970678911889,0.05021147377994496,0.11302260108046439,0.03844868919182267,0.08551806574157439,0.14052713641935438,28.0,0.0,28.0,28.0,0.6675097534472096,0.021407527786656853,0.6521957306052658,0.6828237762891535,0.25615375042830757,0.019957507257798098,0.24187700978548204,0.2704304910711331
0.1,signflip_mu0p4,arl_fl,ARL-FL,35,10,0.027642354876884788,0.02389216742705736,0.010550927909331941,0.04473378184443763,0.10448046527653479,0.03562746583779729,0.07899411154723257,0.129966819005837,28.0,0.0,28.0,28.0,0.6372636757545272,0.020985764011985493,0.6222513645414828,0.6522759869675717,0.26397845232456707,0.022924294600147537,0.24757939986784552,0.28037750478128864
0.1,signflip_mu0p4,arl_fl,ARL-FL,40,10,0.0280845316460767,0.026784824623505087,0.008923822376439228,0.047245240915714165,0.10701790869719305,0.04050533245045345,0.07804213940012351,0.1359936779942626,28.0,0.0,28.0,28.0,0.6061250064728271,0.021044974201870254,0.5910703388415447,0.6211796741041095,0.271124797776492,0.032229059803492194,0.24806951727312232,0.2941800782798617
0.1,signflip_mu0p4,arl_fl,ARL-FL,45,10,0.03718188627066864,0.035519717606519216,0.01177261098271731,0.06259116155861996,0.11903955176681555,0.05553444481931597,0.07931260314607107,0.15876650038756002,28.0,0.0,28.0,28.0,0.5752074738063631,0.021582754102756226,0.5597681016090897,0.5906468460036364,0.25268275757219694,0.029774552478419255,0.23138332583457374,0.2739821893098201
0.1,signflip_mu0p4,arl_fl,ARL-FL,50,10,0.03371890102058804,0.03155296155507173,0.011147272068340597,0.056290529972835485,0.1131613778347352,0.049949269573616555,0.07742982289705821,0.1488929327724122,27.9,0.3162277660168379,27.673784283720178,28.12621571627982,0.5442587528051948,0.02119967897169965,0.5290934160484283,0.5594240895619612,0.274765384079631,0.03477881506276365,0.24988611854300646,0.2996446496162556
0.1,signflip_mu0p4,arl_fl,ARL-FL,55,10,0.04160183980568517,0.04992604726280817,0.005886897108417548,0.07731678250295279,0.12479503553759756,0.07140639631800817,0.07371397680103217,0.17587609427416295,27.7,0.4830458915396479,27.354449785586354,28.045550214413645,0.5130292737205123,0.021946632854409977,0.4973295983453075,0.5287289490957172,0.2847744397087508,0.034347126350875744,0.26020398567340486,0.3093448937440968
0.1,signflip_mu0p4,arl_fl,ARL-FL,60,10,0.032434328751532716,0.02852425417239707,0.012029306541645926,0.05283935096141951,0.1176565689942943,0.0495351736427094,0.08222124044052609,0.15309189754806252,27.6,0.6992058987801011,27.09981823161223,28.100181768387774,0.48245460540463975,0.02247438305118698,0.46637740028154306,0.49853181052773643,0.29245944760786563,0.040390391078618464,0.26356590241492,0.32135299280081125
0.1,signflip_mu0p4,arl_fl,ARL-FL,65,10,0.026317454111213633,0.01992739319954013,0.012062255767929742,0.040572652454497524,0.10473833875091529,0.0351282398808988,0.07960910975752021,0.12986756774431035,27.3,1.0593499054713804,26.542186729281678,28.057813270718324,0.45116895626274617,0.023451273538683457,0.43439292578304184,0.4679449867424505,0.27423683663106024,0.06788074930974788,0.22567787382986867,0.32279579943225184
0.1,signflip_mu0p4,arl_fl,ARL-FL,70,10,0.026719197296515024,0.01692003001539443,0.014615336975771687,0.038823057617258364,0.10286503721900157,0.028792503175486952,0.08226812123223469,0.12346195320576846,26.5,1.509230856356236,25.420361284201547,27.579638715798453,0.42053832419299386,0.02375677507375887,0.4035437510803887,0.437532897305599,0.28513938013862483,0.036578859542250854,0.25897244035254474,0.3113063199247049
0.1,signflip_mu0p4,arl_fl,ARL-FL,75,10,0.025546464744438474,0.019871921701064117,0.011330948320673941,0.03976198116820301,0.10257925483303412,0.032326881808217175,0.07945399668302852,0.12570451298303972,25.6,1.4298407059684812,24.577153576547477,26.622846423452525,0.3914219623878036,0.024927608601514335,0.37358982542537655,0.4092540993502306,0.2798127379950104,0.05930773721635862,0.23738653859979483,0.3222389373902259
0.1,signflip_mu0p4,arl_fl,ARL-FL,80,10,0.025390444959754697,0.01649658144362602,0.013589501499149307,0.037191388420360086,0.10497753596576102,0.03486312555523576,0.08003795833610075,0.1299171135954213,24.3,2.002775851439974,22.867300463561136,25.732699536438865,0.3618168783287125,0.02572288887102622,0.34341583213330795,0.38021792452411707,0.33374980765741935,0.05619171886609698,0.2935526735081948,0.3739469418066439
0.1,signflip_mu0p4,arl_fl,ARL-FL,85,10,0.022045761776686212,0.01258554363497607,0.01304260622201094,0.031048917331361486,0.10289953660900628,0.03249595331528385,0.07965333198881766,0.1261457412291949,23.5,1.5811388300841898,22.368921418600898,24.631078581399102,0.3341591833588225,0.026196192659173938,0.31541955602994437,0.3528988106877006,0.31904672899571707,0.06374128770144133,0.27344895864302804,0.3646444993484061
0.1,signflip_mu0p4,arl_fl,ARL-FL,90,10,0.024585552520942848,0.02259431930923772,0.008422550167373307,0.040748554874512385,0.10294086337815707,0.04288663539782983,0.07226161257247354,0.1336201141838406,22.9,1.5951314818673867,21.758911678514945,24.041088321485052,0.3062712193474032,0.026769223801883433,0.2871216702332516,0.3254207684615548,0.35430412099069375,0.06433002386647757,0.3082851941565513,0.4003230478248362
0.1,signflip_mu0p4,arl_fl,ARL-FL,95,10,0.02455679175751555,0.015335257663791239,0.013586609282882927,0.03552697423214818,0.10232795211966936,0.03129530721634919,0.07994063797798039,0.12471526626135833,22.1,1.4491376746189437,21.06334935675907,23.136650643240934,0.27907466455707475,0.02698856449726114,0.2597682085617243,0.2983811205524252,0.31562218019624544,0.05944287709089358,0.2730993075585093,0.35814505283398157
0.1,signflip_mu0p4,arl_fl,ARL-FL,100,10,0.01941733625319571,0.012397332834064018,0.010548818594731144,0.028285853911660278,0.09072506232864479,0.023374699471892413,0.0740038096364377,0.10744631502085188,21.0,1.4907119849998598,19.933608886717114,22.066391113282886,0.25198952181861733,0.027854173562002506,0.23206384640093333,0.2719151972363013,0.3615947983936098,0.04011035176641982,0.33290158125658875,0.39028801553063086
0.1,labelflip_mu0p2,fedavg,FedAvg,0,10,0.016084496343229518,0.01388783789303409,0.006149735597446497,0.026019257089012537,0.08686762240013177,0.013057844160576017,0.077526603402775,0.09620864139748854,28.0,0.0,28.0,28.0,0.846142275246185,0.01941488061683745,0.8322537063183344,0.8600308441740356,,,,
0.1,labelflip_mu0p2,fedavg,FedAvg,5,10,0.21399036530266552,0.04481795338630492,0.18192953283630098,0.24605119776903006,0.30503972085740405,0.036525521574013724,0.2789109367552528,0.3311685049595553,28.0,0.0,28.0,28.0,0.8128936088056637,0.019492052984206806,0.7989498340918653,0.8268373835194622,,,,
0.1,labelflip_mu0p2,fedavg,FedAvg,10,10,0.27436678719415264,0.043486565945693376,0.24325837192795216,0.30547520246035315,0.3683916019510936,0.03902132102885203,0.340477430473006,0.3963057734291812,28.0,0.0,28.0,28.0,0.7798428909344416,0.01984744411695107,0.7656448847195138,0.7940408971493694,,,,
0.1,labelflip_mu0p2,fedavg,FedAvg,15,10,0.2921582859253503,0.039296195942969334,0.2640474807791708,0.32026909107152984,0.3762746413801323,0.045416511428205256,0.34378562628487,0.40876365647539453,28.0,0.0,28.0,28.0,0.7469126099139359,0.020661186825612448,0.732132487232684,0.7616927325951879,,,,
0.1,labelflip_mu0p2,fedavg,FedAvg,20,10,0.3131162198374604,0.07840607556118405,0.2570278922147096,0.3692045474602112,0.3922040059973909,0.08532724908418743,0.3311645690975384,0.45324344289724344,28.0,0.0,28.0,28.0,0.7133967238021265,0.02098859619602733,0.6983823865666687,0.7284110610375842,,,,
0.1,labelflip_mu0p2,fedavg,FedAvg,25,10,0.3044201961315823,0.09423466142013297,0.2370087803028828,0.37183161196028175,0.3892587299561403,0.0896810697917392,0.3251047573457825,0.4534127025664981,28.0,0.0,28.0,28.0,0.6803697141454822,0.02140431970941151,0.6650579862237507,0.6956814420672137,,,,
0.1,labelflip_mu0p2,fedavg,FedAvg,30,10,0.30890091661366714,0.0763473716424909,0.2542852970565024,0.3635165361708319,0.3888853724757431,0.06686030455794478,0.34105639187491543,0.4367143530765708,28.0,0.0,28.0,28.0,0.6468026994581366,0.022055124189601476,0.6310254140570646,0.6625799848592087,,,,
0.1,labelflip_mu0p2,fedavg,FedAvg,35,10,0.30265973766595744,0.08971890600177744,0.23847869866145305,0.36684077667046183,0.38091492615023437,0.089127860028359,0.317156695964561,0.44467315633590776,28.0,0.0,28.0,28.0,0.614462246767717,0.023824379076001274,0.5974193126652365,0.6315051808701975,,,,
0.1,labelflip_mu0p2,fedavg,FedAvg,40,10,0.3262265567382858,0.12664604335353574,0.23562943501147385,0.4168236784650978,0.397493528777729,0.10798258290241232,0.32024744237393854,0.4747396151815194,28.0,0.0,28.0,28.0,0.5803892458099131,0.02528618678839868,0.5623005974651679,0.5984778941546584,,,,
0.1,labelflip_mu0p2,fedavg,FedAvg,45,10,0.3500763290566189,0.10345144786396215,0.2760716213944694,0.4240810367187684,0.41832221710766254,0.0876540568502871,0.3556182822034644,0.48102615201186066,27.9,0.3162277660168379,27.673784283720178,28.12621571627982,0.5470787191915767,0.026724010531315335,0.5279615137027674,0.5661959246803859,,,,
0.1,labelflip_mu0p2,fedavg,FedAvg,50,10,0.3431294752518471,0.09113399165415476,0.2779361449533746,0.40832280555031963,0.4124348681981586,0.08234436284427966,0.35352925956974895,0.47134047682656827,27.6,0.6992058987801011,27.09981823161223,28.100181768387774,0.5142834423985028,0.027417069800994096,0.49467045217488187,0.5338964326221236,,,,
0.1,labelflip_mu0p2,fedavg,FedAvg,55,10,0.35366369193398917,0.10918251161912912,0.2755592282360228,0.43176815563195553,0.42267863192145916,0.09586689874845462,0.3540995838477617,0.4912576799951566,27.2,0.9189365834726815,26.54263236886373,27.85736763113627,0.481479871473276,0.027319996769889575,0.4619363231128392,0.5010234198337127,,,,
0.1,labelflip_mu0p2,fedavg,FedAvg,60,10,0.3800303360659413,0.11059980166699183,0.30091200414447283,0.4591486679874097,0.44665921843441786,0.09554058369837026,0.3783136020853204,0.5150048347835153,26.6,1.2649110640673518,25.69513713488072,27.504862865119282,0.44977937938148543,0.027699825526561736,0.429964117896877,0.46959464086609387,,,,
0.1,labelflip_mu0p2,fedavg,FedAvg,65,10,0.4693962443998466,0.13044694347246158,0.3760801225240563,0.5627123662756369,0.5164645705429132,0.12781472255630866,0.4250314260775333,0.607897715008293,25.5,1.5811388300841898,24.368921418600898,26.631078581399102,0.41807571847408126,0.027357941214909056,0.3985050262928566,0.4376464106553059,,,,
0.1,labelflip_mu0p2,fedavg,FedAvg,70,10,0.42869341862635857,0.15387135472689484,0.3186204823914125,0.5387663548613046,0.47522752812554137,0.1402348165720565,0.3749095836331914,0.5755454726178914,24.4,2.0110804171997807,22.96135973509377,25.83864026490623,0.3872253051899941,0.027114194820634523,0.3678289786752192,0.406621631704769,,,,
0.1,labelflip_mu0p2,fedavg,FedAvg,75,10,0.48141538480744944,0.11417848575689471,0.39973701650798166,0.5630937531069172,0.5343525957376254,0.09132513517894683,0.4690225295986613,0.5996826618765895,23.4,2.3664319132398464,21.7071565883545,25.092843411645497,0.35760575120956384,0.027281622678854128,0.3380896540201596,0.37712184839896806,,,,
0.1,labelflip_mu0p2,fedavg,FedAvg,80,10,0.4853543398433149,0.06796935627484989,0.4367319914377205,0.5339766882489093,0.5355178357433297,0.06118633596601035,0.4917477677590029,0.5792879037276565,22.6,2.170509412813294,21.047311102069678,24.152688897930325,0.3292481183194543,0.026649532319901175,0.31018419133352454,0.348312045305384,,,,
0.1,labelflip_mu0p2,fedavg,FedAvg,85,10,0.49898065087087995,0.10435429794840502,0.42433008316576803,0.5736312185759919,0.5450312901677522,0.08858905110542846,0.48165850066609583,0.6084040796694086,21.4,1.837873166945363,20.085264737727456,22.71473526227254,0.30128676585208586,0.02595849361049154,0.28271717817922537,0.31985635352494635,,,,
0.1,labelflip_mu0p2,fedavg,FedAvg,90,10,0.4471774102750527,0.1461796259160954,0.34260680536376553,0.5517480151863399,0.5074103739848679,0.12813114711517803,0.41575087302608205,0.5990698749436537,20.5,1.509230856356236,19.420361284201547,21.579638715798453,0.2741565674017588,0.0253632498041516,0.25601279149649986,0.29230034330701776,,,,
0.1,labelflip_mu0p2,fedavg,FedAvg,95,10,0.49510022344699056,0.11523644616954451,0.4126650358600902,0.5775354110338909,0.5483616341320624,0.09574152128926917,0.4798722756896463,0.6168509925744785,18.7,1.3374935098492586,17.74321478103839,19.65678521896161,0.24787908746273643,0.024755957984591518,0.23016974195453926,0.2655884329709336,,,,
0.1,labelflip_mu0p2,fedavg,FedAvg,100,10,0.5129528163018444,0.10795083510511971,0.4357294409040966,0.5901761916995922,0.5559269261666284,0.08715621440728226,0.49357912629211914,0.6182747260411378,17.0,1.9436506316151,15.609596097879894,18.390403902120106,0.22244794942663412,0.02426180825400571,0.20509209734079506,0.23980380151247319,,,,
0.1,labelflip_mu0p2,fedprox,FedProx,0,10,0.016084496343229518,0.01388783789303409,0.006149735597446497,0.026019257089012537,0.08686762240013177,0.013057844160576017,0.077526603402775,0.09620864139748854,28.0,0.0,28.0,28.0,0.846142275246185,0.01941488061683745,0.8322537063183344,0.8600308441740356,,,,
0.1,labelflip_mu0p2,fedprox,FedProx,5,10,0.2138437569171589,0.045434553746845206,0.18134183512465785,0.24634567870965995,0.3052081350746042,0.03692704460304364,0.2787921187007302,0.33162415144847823,28.0,0.0,28.0,28.0,0.8128936088056637,0.019492052984206806,0.7989498340918653,0.8268373835194622,,,,
0.1,labelflip_mu0p2,fedprox,FedProx,10,10,0.271338616204002,0.04303378844003006,0.24055409845334597,0.30212313395465806,0.3642834026068679,0.03787395344770258,0.33719000845164243,0.3913767967620934,28.0,0.0,28.0,28.0,0.7798428909344416,0.01984744411695107,0.7656448847195138,0.7940408971493694,,,,
0.1,labelflip_mu0p2,fedprox,FedProx,15,10,0.28833411913360185,0.047369701658669924,0.25444787591830226,0.32222036234890145,0.3734770112716054,0.05215668485065124,0.33616636657115645,0.4107876559720543,28.0,0.0,28.0,28.0,0.7469126099139359,0.020661186825612448,0.732132487232684,0.7616927325951879,,,,
0.1,labelflip_mu0p2,fedprox,FedProx,20,10,0.31039547596628847,0.08087878999149253,0.25253827499932324,0.3682526769332537,0.3918167035048284,0.0812903314467568,0.33366510351574663,0.44996830349391015,28.0,0.0,28.0,28.0,0.7133967238021265,0.02098859619602733,0.6983823865666687,0.7284110610375842,,,,
0.1,labelflip_mu0p2,fedprox,FedProx,25,10,0.29833442682316985,0.08645039754824729,0.23649153791312172,0.360177315733218,0.384192208857153,0.08243025786648096,0.32522515463142315,0.44315926308288284,28.0,0.0,28.0,28.0,0.6803697141454822,0.02140431970941151,0.6650579862237507,0.6956814420672137,,,,
0.1,labelflip_mu0p2,fedprox,FedProx,30,10,0.2968181174359681,0.08103076911452757,0.23885219715377634,0.3547840377181598,0.38181320500536675,0.0713403795972306,0.33077937178591915,0.43284703822481435,28.0,0.0,28.0,28.0,0.6468026994581366,0.022055124189601476,0.6310254140570646,0.6625799848592087,,,,
0.1,labelflip_mu0p2,fedprox,FedProx,35,10,0.31304128182662233,0.09952056940362988,0.24184855521760285,0.3842340084356418,0.3869856786078669,0.0983110210975682,0.3166582107326938,0.45731314648304006,28.0,0.0,28.0,28.0,0.614462246767717,0.023824379076001274,0.5974193126652365,0.6315051808701975,,,,
0.1,labelflip_mu0p2,fedprox,FedProx,40,10,0.30838611431205054,0.11359500544652741,0.22712514268210188,0.3896470859419992,0.37908563264502776,0.10018955501934576,0.3074143425558109,0.4507569227342446,28.0,0.0,28.0,28.0,0.5803892458099131,0.02528618678839868,0.5623005974651679,0.5984778941546584,,,,
0.1,labelflip_mu0p2,fedprox,FedProx,45,10,0.3285445010119958,0.10287358286240564,0.2549531730694285,0.40213582895456307,0.4030249277851296,0.08523723295172164,0.34204988454728524,0.46399997102297397,27.9,0.3162277660168379,27.673784283720178,28.12621571627982,0.5470787191915767,0.026724010531315335,0.5279615137027674,0.5661959246803859,,,,
0.1,labelflip_mu0p2,fedprox,FedProx,50,10,0.35524235876545757,0.095322448490724,0.2870527869435852,0.4234319305873299,0.4263445797265768,0.08133887524942379,0.36815825359301513,0.48453090586013847,27.6,0.6992058987801011,27.09981823161223,28.100181768387774,0.5142834423985028,0.027417069800994096,0.49467045217488187,0.5338964326221236,,,,
0.1,labelflip_mu0p2,fedprox,FedProx,55,10,0.35667296118840996,0.1090024739769342,0.2786972886611224,0.4346486337156975,0.4216917339133352,0.0928050912843978,0.3553029709538033,0.4880804968728671,27.2,0.9189365834726815,26.54263236886373,27.85736763113627,0.481479871473276,0.027319996769889575,0.4619363231128392,0.5010234198337127,,,,
0.1,labelflip_mu0p2,fedprox,FedProx,60,10,0.3875510709382989,0.10997389139453999,0.30888048825274683,0.46622165362385093,0.4547890717501022,0.09967564047867832,0.3834854139766305,0.5260927295235739,26.6,1.2649110640673518,25.69513713488072,27.504862865119282,0.44977937938148543,0.027699825526561736,0.429964117896877,0.46959464086609387,,,,
0.1,labelflip_mu0p2,fedprox,FedProx,65,10,0.47724487596277604,0.14413797357354996,0.3741347811543199,0.5803549707712321,0.5216058886107668,0.13522639447401008,0.4248707534542704,0.6183410237672633,25.5,1.5811388300841898,24.368921418600898,26.631078581399102,0.41807571847408126,0.027357941214909056,0.3985050262928566,0.4376464106553059,,,,
0.1,labelflip_mu0p2,fedprox,FedProx,70,10,0.4145815587539997,0.15267268900480446,0.3053660963213013,0.5237970211866981,0.4678971116820187,0.14055127829631173,0.3673527841097473,0.56844143925429,24.4,2.0110804171997807,22.96135973509377,25.83864026490623,0.3872253051899941,0.027114194820634523,0.3678289786752192,0.406621631704769,,,,
0.1,labelflip_mu0p2,fedprox,FedProx,75,10,0.49667776087510396,0.11247966193916618,0.4162146579256757,0.5771408638245322,0.5422700006300938,0.09034032243045578,0.47764442709185073,0.6068955741683368,23.4,2.3664319132398464,21.7071565883545,25.092843411645497,0.35760575120956384,0.027281622678854128,0.3380896540201596,0.37712184839896806,,,,
0.1,labelflip_mu0p2,fedprox,FedProx,80,10,0.4535367490434144,0.0737340141582752,0.40079061281035344,0.5062828852764754,0.5153550922180867,0.07023581960174212,0.4651114136194707,0.5655987708167027,22.6,2.170509412813294,21.047311102069678,24.152688897930325,0.3292481183194543,0.026649532319901175,0.31018419133352454,0.348312045305384,,,,
0.1,labelflip_mu0p2,fedprox,FedProx,85,10,0.5088860114894423,0.10892087063539509,0.4309687144760751,0.5868033085028096,0.549890633224315,0.09167009272805907,0.4843137993203267,0.6154674671283032,21.4,1.837873166945363,20.085264737727456,22.71473526227254,0.30128676585208586,0.02595849361049154,0.28271717817922537,0.31985635352494635,,,,
0.1,labelflip_mu0p2,fedprox,FedProx,90,10,0.4555059631699991,0.13309071359701571,0.36029860207781006,0.5507133242621881,0.5149079091208024,0.10835071280480589,0.4373984784490404,0.5924173397925645,20.5,1.509230856356236,19.420361284201547,21.579638715798453,0.2741565674017588,0.0253632498041516,0.25601279149649986,0.29230034330701776,,,,
0.1,labelflip_mu0p2,fedprox,FedProx,95,10,0.4963921819741965,0.10748815982774351,0.4194997845313416,0.5732845794170514,0.5496513511374583,0.09361449532852263,0.48268357540524115,0.6166191268696755,18.7,1.3374935098492586,17.74321478103839,19.65678521896161,0.24787908746273643,0.024755957984591518,0.23016974195453926,0.2655884329709336,,,,
0.1,labelflip_mu0p2,fedprox,FedProx,100,10,0.528334864252194,0.12018992500029578,0.44235617137513616,0.6143135571292518,0.5663290977895272,0.09498896121231058,0.4983780883953213,0.6342801071837332,17.0,1.9436506316151,15.609596097879894,18.390403902120106,0.22244794942663412,0.02426180825400571,0.20509209734079506,0.23980380151247319,,,,
0.1,labelflip_mu0p2,random_trimmed_mean,Random Trimmed Mean,0,10,0.016084496343229518,0.01388783789303409,0.006149735597446497,0.026019257089012537,0.08686762240013177,0.013057844160576017,0.077526603402775,0.09620864139748854,28.0,0.0,28.0,28.0,0.846142275246185,0.01941488061683745,0.8322537063183344,0.8600308441740356,,,,
0.1,labelflip_mu0p2,random_trimmed_mean,Random Trimmed Mean,5,10,0.15666814029607284,0.057938990238688155,0.11522108350386034,0.19811519708828534,0.25329835263564643,0.04061705844216696,0.2242426593788282,0.28235404589246466,28.0,0.0,28.0,28.0,0.8128936088056637,0.019492052984206806,0.7989498340918653,0.8268373835194622,,,,
0.1,labelflip_mu0p2,random_trimmed_mean,Random Trimmed Mean,10,10,0.2179069914887452,0.06954253735352375,0.16815925713417906,0.26765472584331135,0.3078635771447976,0.055985256179236706,0.2678141375044438,0.3479130167851514,28.0,0.0,28.0,28.0,0.7798428909344416,0.01984744411695107,0.7656448847195138,0.7940408971493694,,,,
0.1,labelflip_mu0p2,random_trimmed_mean,Random Trimmed Mean,15,10,0.21967424219478623,0.051558323658959945,0.18279163930507852,0.25655684508449395,0.31461884895597836,0.04880335223347923,0.27970703390124013,0.3495306640107166,28.0,0.0,28.0,28.0,0.7469126099139359,0.020661186825612448,0.732132487232684,0.7616927325951879,,,,
0.1,labelflip_mu0p2,random_trimmed_mean,Random Trimmed Mean,20,10,0.30462214799703513,0.07794679975346347,0.24886236649508253,0.36038192949898773,0.38921164458331914,0.061847919115521954,0.3449683085241154,0.43345498064252286,28.0,0.0,28.0,28.0,0.7133967238021265,0.02098859619602733,0.6983823865666687,0.7284110610375842,,,,
0.1,labelflip_mu0p2,random_trimmed_mean,Random Trimmed Mean,25,10,0.2478722788072912,0.07495291103687203,0.19425419627445994,0.30149036134012247,0.34270603160743784,0.07369701957117109,0.2899863597077454,0.3954257035071303,28.0,0.0,28.0,28.0,0.6803697141454822,0.02140431970941151,0.6650579862237507,0.6956814420672137,,,,
0.1,labelflip_mu0p2,random_trimmed_mean,Random Trimmed Mean,30,10,0.34068805477048736,0.06873363950787523,0.2915189710760307,0.389857138464944,0.4244360267435742,0.06195945712994363,0.3801129011954757,0.46875915229167275,28.0,0.0,28.0,28.0,0.6468026994581366,0.022055124189601476,0.6310254140570646,0.6625799848592087,,,,
0.1,labelflip_mu0p2,random_trimmed_mean,Random Trimmed Mean,35,10,0.30222921603829633,0.06735386470818498,0.25404716377548237,0.3504112683011103,0.38054146394390576,0.07828140946631004,0.3245423170730635,0.436540610814748,28.0,0.0,28.0,28.0,0.614462246767717,0.023824379076001274,0.5974193126652365,0.6315051808701975,,,,
0.1,labelflip_mu0p2,random_trimmed_mean,Random Trimmed Mean,40,10,0.3146089795813075,0.05205169756317218,0.2773734382619959,0.35184452090061913,0.3962253398317126,0.047290695680140445,0.3623956140887671,0.4300550655746581,28.0,0.0,28.0,28.0,0.5803892458099131,0.02528618678839868,0.5623005974651679,0.5984778941546584,,,,
0.1,labelflip_mu0p2,random_trimmed_mean,Random Trimmed Mean,45,10,0.3309668283119195,0.08478361590732289,0.2703162831594518,0.3916173734643872,0.4120243729235223,0.07509421082260427,0.3583052106131553,0.4657435352338893,27.9,0.3162277660168379,27.673784283720178,28.12621571627982,0.5470787191915767,0.026724010531315335,0.5279615137027674,0.5661959246803859,,,,
0.1,labelflip_mu0p2,random_trimmed_mean,Random Trimmed Mean,50,10,0.357342839868776,0.06269786338197396,0.3124914903088757,0.40219418942867635,0.4273577550449684,0.050015017905720806,0.3915791665838646,0.46313634350607225,27.6,0.6992058987801011,27.09981823161223,28.100181768387774,0.5142834423985028,0.027417069800994096,0.49467045217488187,0.5338964326221236,,,,
0.1,labelflip_mu0p2,random_trimmed_mean,Random Trimmed Mean,55,10,0.364241862289803,0.05042079430110293,0.3281729988819827,0.40031072569762327,0.44215906029748997,0.03706940315588021,0.4156412067497203,0.4686769138452596,27.2,0.9189365834726815,26.54263236886373,27.85736763113627,0.481479871473276,0.027319996769889575,0.4619363231128392,0.5010234198337127,,,,
0.1,labelflip_mu0p2,random_trimmed_mean,Random Trimmed Mean,60,10,0.37058885460256763,0.0510996168426954,0.33403439080169056,0.4071433184034447,0.4468341183744024,0.037133474979696116,0.4202704306049879,0.4733978061438169,26.6,1.2649110640673518,25.69513713488072,27.504862865119282,0.44977937938148543,0.027699825526561736,0.429964117896877,0.46959464086609387,,,,
0.1,labelflip_mu0p2,random_trimmed_mean,Random Trimmed Mean,65,10,0.36412154991004925,0.08589689835705736,0.302674610468868,0.4255684893512305,0.43721095720866165,0.08413569061705377,0.37702390988714096,0.49739800453018235,25.5,1.5811388300841898,24.368921418600898,26.631078581399102,0.41807571847408126,0.027357941214909056,0.3985050262928566,0.4376464106553059,,,,
0.1,labelflip_mu0p2,random_trimmed_mean,Random Trimmed Mean,70,10,0.3591187424054034,0.09846501367592378,0.2886811148758354,0.4295563699349714,0.4279000996859062,0.09589952446223046,0.35929771258254695,0.49650248678926545,24.4,2.0110804171997807,22.96135973509377,25.83864026490623,0.3872253051899941,0.027114194820634523,0.3678289786752192,0.406621631704769,,,,
0.1,labelflip_mu0p2,random_trimmed_mean,Random Trimmed Mean,75,10,0.4041613792646331,0.05491393065327215,0.3648783197378207,0.44344443879144546,0.4640458795053942,0.04272819478974125,0.43347997028289303,0.4946117887278954,23.4,2.3664319132398464,21.7071565883545,25.092843411645497,0.35760575120956384,0.027281622678854128,0.3380896540201596,0.37712184839896806,,,,
0.1,labelflip_mu0p2,random_trimmed_mean,Random Trimmed Mean,80,10,0.3624717095033089,0.06570930731803563,0.3154661027268034,0.40947731627981443,0.43515020895678996,0.05876764088507677,0.3931103712020463,0.47719004671153364,22.6,2.170509412813294,21.047311102069678,24.152688897930325,0.3292481183194543,0.026649532319901175,0.31018419133352454,0.348312045305384,,,,
0.1,labelflip_mu0p2,random_trimmed_mean,Random Trimmed Mean,85,10,0.369408562685399,0.07435613769215473,0.31621738608601047,0.42259973928478756,0.4460187649075274,0.05798412576117919,0.40453942010759636,0.48749810970745844,21.4,1.837873166945363,20.085264737727456,22.71473526227254,0.30128676585208586,0.02595849361049154,0.28271717817922537,0.31985635352494635,,,,
0.1,labelflip_mu0p2,random_trimmed_mean,Random Trimmed Mean,90,10,0.3756627611870801,0.10517051135429521,0.3004283095853188,0.4508972127888414,0.44900062682310826,0.08621699839897026,0.38732470160634314,0.5106765520398734,20.5,1.509230856356236,19.420361284201547,21.579638715798453,0.2741565674017588,0.0253632498041516,0.25601279149649986,0.29230034330701776,,,,
0.1,labelflip_mu0p2,random_trimmed_mean,Random Trimmed Mean,95,10,0.3826827712291754,0.08693723264211939,0.320491621472657,0.4448739209856938,0.4515852480637865,0.07487257763440636,0.3980246325851892,0.5051458635423839,18.7,1.3374935098492586,17.74321478103839,19.65678521896161,0.24787908746273643,0.024755957984591518,0.23016974195453926,0.2655884329709336,,,,
0.1,labelflip_mu0p2,random_trimmed_mean,Random Trimmed Mean,100,10,0.42076350747423963,0.09506498884603479,0.35275811118720446,0.4887689037612748,0.4794713706679755,0.0708803383709379,0.4287666311167876,0.5301761102191634,17.0,1.9436506316151,15.609596097879894,18.390403902120106,0.22244794942663412,0.02426180825400571,0.20509209734079506,0.23980380151247319,,,,
0.1,labelflip_mu0p2,fedle_adapted,FedLE-adapted,0,10,0.016084496343229518,0.01388783789303409,0.006149735597446497,0.026019257089012537,0.08686762240013177,0.013057844160576017,0.077526603402775,0.09620864139748854,28.0,0.0,28.0,28.0,0.8245841647819507,0.019647458591782654,0.8105292195935463,0.8386391099703552,,,,
0.1,labelflip_mu0p2,fedle_adapted,FedLE-adapted,5,10,0.2047338877590809,0.048785236808292776,0.16983503169885442,0.2396327438193074,0.3000420052451634,0.047046429061442775,0.2663870173148013,0.3336969931755255,28.0,0.0,28.0,28.0,0.7919522851080923,0.020113724230078994,0.7775637935753158,0.8063407766408689,,,,
0.1,labelflip_mu0p2,fedle_adapted,FedLE-adapted,10,10,0.27279781175631845,0.045456427680038866,0.24028024229464656,0.30531538121799034,0.3700277081091012,0.0370744598448325,0.34350623722396817,0.3965491789942342,28.0,0.0,28.0,28.0,0.7599011964768646,0.020016372273319167,0.745582346338666,0.7742200466150632,,,,
0.1,labelflip_mu0p2,fedle_adapted,FedLE-adapted,15,10,0.2987772850445271,0.07039621469999033,0.2484188667046954,0.3491357033843588,0.3806717095882002,0.05727140378220889,0.3397022153779626,0.4216412037984378,28.0,0.0,28.0,28.0,0.7270283542211133,0.02061614339147224,0.7122804536715421,0.7417762547706845,,,,
0.1,labelflip_mu0p2,fedle_adapted,FedLE-adapted,20,10,0.282008249068039,0.08215820693262807,0.22323580835661658,0.3407806897794614,0.3665090372517402,0.07994352128963195,0.30932088720958917,0.4236971872938913,28.0,0.0,28.0,28.0,0.6953949381036449,0.020379668562588087,0.6808162014560043,0.7099736747512856,,,,
0.1,labelflip_mu0p2,fedle_adapted,FedLE-adapted,25,10,0.2737351050141331,0.07391694548542545,0.22085810759287688,0.32661210243538935,0.35489724726889305,0.06954435132464747,0.3051482152775563,0.4046462792602298,28.0,0.0,28.0,28.0,0.66270677048415,0.02083843974961529,0.6477998486996092,0.677613692268691,,,,
0.1,labelflip_mu0p2,fedle_adapted,FedLE-adapted,30,10,0.3093655828162638,0.083014788032955,0.24998038089919855,0.36875078473332906,0.38589986866920745,0.08860708223066888,0.3225141804775879,0.449285556860827,28.0,0.0,28.0,28.0,0.6307142953247602,0.021319846840249,0.6154629956533513,0.6459655949961691,,,,
0.1,labelflip_mu0p2,fedle_adapted,FedLE-adapted,35,10,0.2867547553939853,0.1327375698076903,0.19180001815029085,0.3817094926376798,0.3551729312290136,0.1309152884204714,0.261521775560288,0.4488240868977392,28.0,0.0,28.0,28.0,0.5986765324920572,0.02131628926015533,0.5834277777601368,0.6139252872239777,,,,
0.1,labelflip_mu0p2,fedle_adapted,FedLE-adapted,40,10,0.3021408430976589,0.08017563476063928,0.24478664908105388,0.35949503711426384,0.37678817098579387,0.08411638839702563,0.3166149316406709,0.43696141033091684,28.0,0.0,28.0,28.0,0.56679728932121,0.02046335585753787,0.552158686389185,0.581435892253235,,,,
0.1,labelflip_mu0p2,fedle_adapted,FedLE-adapted,45,10,0.33450390408297637,0.11484864387346537,0.2523461335467274,0.4166616746192253,0.41646497798067905,0.10003195465980311,0.3449064283970445,0.4880235275643136,28.0,0.0,28.0,28.0,0.534967970526316,0.020504138218079362,0.5203001936510359,0.549635747401596,,,,
0.1,labelflip_mu0p2,fedle_adapted,FedLE-adapted,50,10,0.40110146953878567,0.10829120993820332,0.32363460465357285,0.4785683344239985,0.46443342135490795,0.10233446171624035,0.3912277574474048,0.5376390852624111,27.9,0.3162277660168379,27.673784283720178,28.12621571627982,0.5040940383522707,0.021211892270653784,0.4889199647277528,0.5192681119767887,,,,
0.1,labelflip_mu0p2,fedle_adapted,FedLE-adapted,55,10,0.4281894551607587,0.0950185400513978,0.36021728633974104,0.4961616239817763,0.49297393657120103,0.07635937915965173,0.4383497273537117,0.5475981457886904,27.5,0.7071067811865476,26.994166280819517,28.005833719180483,0.47340483329951744,0.021822289767868704,0.4577941076099796,0.4890155589890553,,,,
0.1,labelflip_mu0p2,fedle_adapted,FedLE-adapted,60,10,0.40055932586806325,0.08669034958059352,0.3385447856145746,0.46257386612155194,0.47243838878291644,0.07140635736718028,0.42135735791009477,0.5235194196557381,27.3,0.8232726023485647,26.711066258413513,27.888933741586488,0.44258504684588285,0.022363109503047943,0.4265874420238993,0.4585826516678664,,,,
0.1,labelflip_mu0p2,fedle_adapted,FedLE-adapted,65,10,0.42060376585824866,0.09825694798934442,0.3503149795544707,0.4908925521620266,0.48844070756526864,0.08613407842924753,0.42682409972148755,0.5500573154090497,27.2,0.9189365834726815,26.54263236886373,27.85736763113627,0.4122982093081896,0.022416579633188573,0.3962623542593468,0.4283340643570324,,,,
0.1,labelflip_mu0p2,fedle_adapted,FedLE-adapted,70,10,0.44117347587362693,0.08176878320818108,0.38267961211283646,0.4996673396344174,0.49761568620012575,0.0632111383555004,0.45239716184325135,0.5428342105570001,27.1,0.875595035770913,26.47363704432765,27.726362955672354,0.3819649253893048,0.02302289533924314,0.3654953382129374,0.39843451256567225,,,,
0.1,labelflip_mu0p2,fedle_adapted,FedLE-adapted,75,10,0.4311954793919483,0.08675024650723737,0.36913809145833854,0.49325286732555806,0.4850534520213693,0.0737227731353257,0.43231535713170544,0.5377915469110331,26.3,1.3374935098492586,25.34321478103839,27.25678521896161,0.352798793759744,0.023373378614208344,0.336078485952203,0.36951910156728496,,,,
0.1,labelflip_mu0p2,fedle_adapted,FedLE-adapted,80,10,0.46907690437885446,0.1355449893431802,0.3721138601824904,0.5660399485752186,0.5211075698461272,0.12299909611454263,0.43311931701243955,0.6090958226798148,25.9,1.3703203194062976,24.919731896120776,26.88026810387922,0.3236615587486105,0.023501486429069924,0.3068496081309995,0.34047350936622156,,,,
0.1,labelflip_mu0p2,fedle_adapted,FedLE-adapted,85,10,0.46984270000059736,0.12279292080508833,0.3820019360983685,0.5576834639028262,0.5258418649262927,0.09706989625964804,0.45640224427509746,0.595281485577488,25.0,1.5634719199411433,23.88155956477889,26.11844043522111,0.29514020244785966,0.02447599927510633,0.27763112733587936,0.31264927755983996,,,,
0.1,labelflip_mu0p2,fedle_adapted,FedLE-adapted,90,10,0.4746186201496583,0.08857519043552506,0.41125574597393866,0.5379814943253779,0.5241518880243672,0.07719598268691026,0.46892920869609406,0.5793745673526403,23.5,2.068278940998476,22.020442376083047,24.979557623916953,0.26683998424606037,0.024750212862110533,0.24913474855090562,0.2845452199412151,,,,
0.1,labelflip_mu0p2,fedle_adapted,FedLE-adapted,95,10,0.47691681009577913,0.14275806321071988,0.374793843694994,0.5790397764965642,0.530679448581596,0.11713070602326855,0.4468891891266311,0.6144697080365609,22.3,1.7669811040931427,21.035977864467302,23.5640221355327,0.24065012866930466,0.02456566555292014,0.22307691016625758,0.25822334717235174,,,,
0.1,labelflip_mu0p2,fedle_adapted,FedLE-adapted,100,10,0.5275170637333761,0.11481708413398871,0.4453818696747125,0.6096522577920398,0.5721779333075528,0.08998110793972555,0.5078093263359784,0.6365465402791273,19.6,2.590581230363393,17.74680982638157,21.453190173618434,0.21475067947135545,0.024926898190469955,0.1969190507063751,0.2325823082363358,,,,
0.1,labelflip_mu0p2,tea_fl,TEA-FL,0,10,0.016084496343229518,0.01388783789303409,0.006149735597446497,0.026019257089012537,0.08686762240013177,0.013057844160576017,0.077526603402775,0.09620864139748854,28.0,0.0,28.0,28.0,0.846142275246185,0.01941488061683745,0.8322537063183344,0.8600308441740356,,,,
0.1,labelflip_mu0p2,tea_fl,TEA-FL,5,10,0.13017253547974614,0.040516289903786896,0.10118892769276266,0.1591561432667296,0.24609636436989338,0.043965498118836585,0.21464534166614335,0.2775473870736434,28.0,0.0,28.0,28.0,0.8167134205109943,0.020027024816123853,0.8023869500027342,0.8310398910192544,,,,
0.1,labelflip_mu0p2,tea_fl,TEA-FL,10,10,0.18311561494849043,0.05475377713536438,0.14394712234672885,0.22228410755025202,0.2858785132492203,0.05188254080313817,0.2487639793863906,0.32299304711205,28.0,0.0,28.0,28.0,0.7910349221398982,0.021359128892564163,0.7757555217810849,0.8063143224987116,,,,
0.1,labelflip_mu0p2,tea_fl,TEA-FL,15,10,0.2252525849482267,0.06851542658640593,0.17623960137411515,0.27426556852233824,0.334881290633949,0.06306680223594797,0.28976601811697744,0.37999656315092056,28.0,0.0,28.0,28.0,0.766465903816057,0.02157169458056511,0.7510344431243597,0.7818973645077542,,,,
0.1,labelflip_mu0p2,tea_fl,TEA-FL,20,10,0.2559620793841545,0.09871598936062914,0.18534491466530179,0.3265792441030072,0.35120823377783894,0.09620055871764485,0.2823904997409353,0.4200259678147426,28.0,0.0,28.0,28.0,0.7424219512467121,0.021994758585596963,0.7266878487973477,0.7581560536960764,,,,
0.1,labelflip_mu0p2,tea_fl,TEA-FL,25,10,0.25417893250897633,0.04462087010316159,0.22225908493025973,0.28609878008769296,0.3466729666655596,0.031492643237732605,0.3241444868381772,0.36920144649294195,28.0,0.0,28.0,28.0,0.7186807330404203,0.02186386641983203,0.7030402652057735,0.7343212008750672,,,,
0.1,labelflip_mu0p2,tea_fl,TEA-FL,30,10,0.25673420263282487,0.0923353610527236,0.19068146443846432,0.3227869408271854,0.3446910795643554,0.09145834907676834,0.27926571794361343,0.4101164411850974,28.0,0.0,28.0,28.0,0.6950537964716473,0.022130810100213914,0.679222368631734,0.7108852243115606,,,,
0.1,labelflip_mu0p2,tea_fl,TEA-FL,35,10,0.28383042538378545,0.03574786356465674,0.25825794430911114,0.30940290645845975,0.3803902684283843,0.03801946097807555,0.35319278445643576,0.40758775240033285,28.0,0.0,28.0,28.0,0.6712246092946945,0.02257937697011292,0.6550722960466092,0.6873769225427798,,,,
0.1,labelflip_mu0p2,tea_fl,TEA-FL,40,10,0.27283731541772643,0.10296077020942125,0.19918361740435825,0.3464910134310946,0.3667430995953043,0.08535319839181041,0.3056850996790385,0.42780109951157014,28.0,0.0,28.0,28.0,0.6478863381695101,0.02325677797237875,0.6312494414363425,0.6645232349026777,,,,
0.1,labelflip_mu0p2,tea_fl,TEA-FL,45,10,0.2650916674132365,0.08793915268345956,0.20218378723591496,0.327999547590558,0.36709875572508655,0.08233631057683147,0.30819890734180466,0.42599860410836843,28.0,0.0,28.0,28.0,0.6243734195138799,0.02337491352413073,0.6076520136979259,0.641094825329834,,,,
0.1,labelflip_mu0p2,tea_fl,TEA-FL,50,10,0.29117178226246454,0.07446173940980373,0.23790506274507345,0.34443850177985563,0.37118309527110405,0.07178132294542254,0.3198338301823855,0.4225323603598226,28.0,0.0,28.0,28.0,0.6007668280723725,0.023121049776214507,0.5842270254416659,0.617306630703079,,,,
0.1,labelflip_mu0p2,tea_fl,TEA-FL,55,10,0.24411707229349977,0.08256220409275689,0.18505562942358667,0.3031785151634129,0.34070827704377515,0.07564762930656838,0.28659322299901263,0.3948233310885377,27.9,0.3162277660168379,27.673784283720178,28.12621571627982,0.5772457090117155,0.02351546285601659,0.5604237602605674,0.5940676577628635,,,,
0.1,labelflip_mu0p2,tea_fl,TEA-FL,60,10,0.27543535376473993,0.10133974767352205,0.20294126541716134,0.3479294421123185,0.3641592619339322,0.08259153495414776,0.30507683702976507,0.4232416868380994,27.4,0.6992058987801011,26.899818231612226,27.90018176838777,0.5536610719708934,0.024039359119972577,0.5364643504093122,0.5708577935324747,,,,
0.1,labelflip_mu0p2,tea_fl,TEA-FL,65,10,0.26213319587662626,0.07153267943557136,0.21096179963980455,0.31330459211344797,0.36336018814653287,0.05738620707393144,0.3223085686087334,0.4044118076843323,27.2,0.6324555320336759,26.747568567440357,27.65243143255964,0.5290193761125569,0.025013564325757964,0.5111257501291845,0.5469130020959293,,,,
0.1,labelflip_mu0p2,tea_fl,TEA-FL,70,10,0.28183294409613197,0.089483031567069,0.21782063949743818,0.34584524869482575,0.3766120975499111,0.06990628952414137,0.3266041505680318,0.42662004453179037,25.3,0.8232726023485646,24.711066258413513,25.888933741586488,0.5041729996025701,0.026307710539645163,0.4853535971877577,0.5229924020173825,,,,
0.1,labelflip_mu0p2,tea_fl,TEA-FL,75,10,0.2763268766507909,0.06907930431987135,0.2269105192459218,0.3257432340556601,0.36023514938473966,0.057685967850935896,0.3189690939049709,0.4015012048645084,23.5,1.2692955176439846,22.592000685735766,24.407999314264234,0.4767046722050009,0.028283326231801336,0.45647199946126055,0.49693734494874126,,,,
0.1,labelflip_mu0p2,tea_fl,TEA-FL,80,10,0.2960154800659398,0.07311831879023829,0.24370978576637822,0.34832117436550136,0.3870380339331128,0.05940435950101072,0.34454271511930074,0.4295333527469249,22.7,1.0593499054713804,21.942186729281676,23.457813270718322,0.4487304473845211,0.029797906475970144,0.4274143092034679,0.4700465855655743,,,,
0.1,labelflip_mu0p2,tea_fl,TEA-FL,85,10,0.32112114301317685,0.11700256248231362,0.2374225519251896,0.4048197341011641,0.40663297349167304,0.0912586824114229,0.34135044479887805,0.47191550218446804,22.1,0.875595035770913,21.47363704432765,22.726362955672354,0.41994238352840235,0.031298367870323335,0.3975528799267562,0.4423318871300485,,,,
0.1,labelflip_mu0p2,tea_fl,TEA-FL,90,10,0.4023593237340334,0.0828543702476816,0.34308887778750397,0.4616297696805628,0.4726952869073123,0.06977614272736017,0.4227804413353004,0.5226101324793241,21.3,1.0593499054713802,20.542186729281678,22.057813270718324,0.39083394299553664,0.03253546280443064,0.3675594749894355,0.4141084110016378,,,,
0.1,labelflip_mu0p2,tea_fl,TEA-FL,95,10,0.34989147712591145,0.09940528775163408,0.2787812180427789,0.421001736209044,0.4306731467922452,0.07657557617764947,0.37589427954488097,0.48545201403960947,20.3,1.3374935098492586,19.34321478103839,21.25678521896161,0.3610908373107861,0.033511260603602176,0.33711832561021665,0.3850633490113556,,,,
0.1,labelflip_mu0p2,tea_fl,TEA-FL,100,10,0.3789792544933796,0.07965353103471608,0.32199855098274677,0.43595995800401244,0.46636764724609536,0.0719140575734536,0.41492342952455336,0.5178118649676373,18.5,2.273030282830976,16.87397208969641,20.12602791030359,0.32955338344652596,0.035989993784515055,0.3038076928469318,0.3552990740461201,,,,
0.1,labelflip_mu0p2,arl_fl,ARL-FL,0,10,0.016084496343229518,0.01388783789303409,0.006149735597446497,0.026019257089012537,0.08686762240013177,0.013057844160576017,0.077526603402775,0.09620864139748854,28.0,0.0,28.0,28.0,0.846142275246185,0.01941488061683745,0.8322537063183344,0.8600308441740356,0.0,0.0,0.0,0.0
0.1,labelflip_mu0p2,arl_fl,ARL-FL,5,10,0.12950681349228876,0.04148035282292177,0.09983355663831192,0.1591800703462656,0.2382091036953835,0.03950419382604484,0.20994950582711863,0.2664687015636484,28.0,0.0,28.0,28.0,0.8195272744823301,0.01977058644299611,0.8053842489352429,0.8336703000294173,0.10122487435699216,0.00536408024249661,0.09738764251134141,0.10506210620264292
0.1,labelflip_mu0p2,arl_fl,ARL-FL,10,10,0.2152629465440526,0.0539684451654139,0.17665624659047463,0.25386964649763055,0.31455453408792017,0.04715951542229649,0.2808186490483503,0.34829041912749004,28.0,0.0,28.0,28.0,0.7903513614004294,0.020254718005351224,0.775862008996813,0.8048407138040458,0.14310522755603708,0.010720536271847108,0.13543621789826224,0.15077423721381192
0.1,labelflip_mu0p2,arl_fl,ARL-FL,15,10,0.22723604881527307,0.06439282441864029,0.1811721971724423,0.2732999004581038,0.32890360133490165,0.056324706112750256,0.2886113338403776,0.3691958688294257,28.0,0.0,28.0,28.0,0.7597057225286549,0.020110897825002673,0.7453192528842688,0.7740921921730409,0.16564380110085136,0.012172658609998723,0.1569360057001655,0.17435159650153723
0.1,labelflip_mu0p2,arl_fl,ARL-FL,20,10,0.25758911568509973,0.0746769179311385,0.20416846672645525,0.3110097646437442,0.34518882686339886,0.07051534007553135,0.2947451913634975,0.3956324623633002,28.0,0.0,28.0,28.0,0.7294834593119719,0.020267891435369945,0.7149846832042163,0.7439822354197275,0.19152042159852403,0.009016862646109266,0.18507014663444085,0.1979706965626072
0.1,labelflip_mu0p2,arl_fl,ARL-FL,25,10,0.23735286580963777,0.08215042727696399,0.17858599032862071,0.2961197412906548,0.3386763352336199,0.07182636074101384,0.28729485204679545,0.39005781842044435,28.0,0.0,28.0,28.0,0.6991572555089839,0.020819456396104104,0.6842639135974757,0.714050597420492,0.19986818396507752,0.013767605003607335,0.19001943264707075,0.2097169352830843
0.1,labelflip_mu0p2,arl_fl,ARL-FL,30,10,0.34110529434393866,0.0808245901395504,0.2832868656153628,0.3989237230725145,0.4169724601902708,0.07028254184541514,0.3666953585119809,0.4672495618685607,28.0,0.0,28.0,28.0,0.6685585592108818,0.021096056033870696,0.6534673498383083,0.6836497685834553,0.2089159194339733,0.013482362820440864,0.1992712180815688,0.2185606207863778
0.1,labelflip_mu0p2,arl_fl,ARL-FL,35,10,0.3417985077608116,0.05149492150253187,0.30496126004155816,0.37863575548006506,0.41766469880264695,0.04553563860525386,0.3850904652585942,0.4502389323466997,28.0,0.0,28.0,28.0,0.6380592180277328,0.02151745291475948,0.622666559486261,0.6534518765692046,0.2171613661235662,0.014314649950795186,0.20692128242471225,0.22740144982242017
0.1,labelflip_mu0p2,arl_fl,ARL-FL,40,10,0.28147819749743963,0.06975498501741387,0.23157848723935237,0.3313779077555269,0.3610530574174279,0.0678220843216987,0.31253606102057596,0.4095700538142798,28.0,0.0,28.0,28.0,0.6078957313777041,0.02192372095795029,0.5922124461858606,0.6235790165695477,0.2283903492481732,0.011133981443079002,0.2204255787319174,0.236355119764429
0.1,labelflip_mu0p2,arl_fl,ARL-FL,45,10,0.3122940387378853,0.07716971570892497,0.2570901496737129,0.3674979278020577,0.3911599795241808,0.0621279722501011,0.34671630552111715,0.43560365352724445,28.0,0.0,28.0,28.0,0.5780802092416142,0.022750884864113707,0.561805206637127,0.5943552118461014,0.2275548876223783,0.007280029134655386,0.22234706850523492,0.23276270673952168
0.1,labelflip_mu0p2,arl_fl,ARL-FL,50,10,0.3224766156979074,0.08070912873317128,0.2647407830837579,0.3802124483120569,0.4038194289031497,0.06426534309629515,0.35784677190464076,0.44979208590165864,28.0,0.0,28.0,28.0,0.5484879649402884,0.02351140097344228,0.531668921884891,0.5653070079956858,0.23062881262487983,0.007691437711467232,0.22512668954113854,0.23613093570862112
0.1,labelflip_mu0p2,arl_fl,ARL-FL,55,10,0.3160623680284497,0.10016380767118283,0.24440949648255167,0.3877152395743478,0.3927863574079352,0.09517112453433305,0.32470503622330593,0.4608676785925645,28.0,0.0,28.0,28.0,0.5180268976206313,0.023970781219500623,0.5008792337337495,0.535174561507513,0.2396821401873968,0.01095693733701492,0.23184401939507537,0.24752026097971824
0.1,labelflip_mu0p2,arl_fl,ARL-FL,60,10,0.29828554574652166,0.10973178073980332,0.21978815858984457,0.37678293290319875,0.3780968499467468,0.10773745421996983,0.3010261180387931,0.4551675818547005,27.9,0.3162277660168379,27.673784283720178,28.12621571627982,0.48823552017765415,0.02429978168412499,0.4708525035363359,0.5056185368189724,0.2377424580430727,0.011076520598998907,0.2298187925384525,0.2456661235476929
0.1,labelflip_mu0p2,arl_fl,ARL-FL,65,10,0.36497497279205404,0.10420815558870235,0.2904289490332103,0.43952099655089777,0.4357384805204091,0.0916161052843122,0.37020026690714086,0.5012766941336773,27.9,0.3162277660168379,27.673784283720178,28.12621571627982,0.45766112742729215,0.024924105305434284,0.4398314965719097,0.4754907582826746,0.2408647167977037,0.0076203815462521805,0.23541342423246078,0.2463160093629466
0.1,labelflip_mu0p2,arl_fl,ARL-FL,70,10,0.35284351821646176,0.0634484283273316,0.30745524683952036,0.39823178959340316,0.4211199884817621,0.0655990514560933,0.37419325399752074,0.4680467229660034,27.9,0.3162277660168379,27.673784283720178,28.12621571627982,0.4272843764639007,0.025768560055587197,0.4088506590712166,0.44571809385658484,0.24269921258546515,0.011557803774729555,0.23443125783735855,0.2509671673335718
0.1,labelflip_mu0p2,arl_fl,ARL-FL,75,10,0.3999918184732828,0.11374647837212208,0.31862248963994244,0.48136114730662316,0.4710858697208476,0.10280706677951176,0.39754212451753657,0.5446296149241586,27.6,0.5163977794943222,27.23059128221082,27.969408717789182,0.39680871318319266,0.025813129460668154,0.3783431127587889,0.4152743136075964,0.24587106127993968,0.010467916632384108,0.23838276482583853,0.25335935773404084
0.1,labelflip_mu0p2,arl_fl,ARL-FL,80,10,0.3943309976073718,0.05950261365046996,0.35176539200920376,0.4368966032055398,0.4601501152722626,0.046583247119882494,0.4268264677425166,0.49347376280200866,27.4,0.6992058987801011,26.899818231612226,27.90018176838777,0.367503560246904,0.02706325620581683,0.3481436730220195,0.3868634474717885,0.23895653446704962,0.009462445618827874,0.23218750864624924,0.24572556028785
0.1,labelflip_mu0p2,arl_fl,ARL-FL,85,10,0.3945504627877155,0.058335898400402625,0.35281947500098443,0.43628145057444656,0.46460810748516934,0.05192142587773941,0.42746575691568445,0.5017504580546542,26.5,0.97182531580755,25.804798048939947,27.195201951060053,0.3374822772171367,0.027408610188747518,0.3178753386355582,0.35708921579871516,0.2440452876769946,0.01598471489768631,0.23261051148496253,0.25548006386902666
0.1,labelflip_mu0p2,arl_fl,ARL-FL,90,10,0.4369158922631319,0.10063263542581681,0.36492764154524565,0.508904142981018,0.4999908832549588,0.08907196250001477,0.43627263975221314,0.5637091267577043,24.8,1.5491933384829668,23.69177384663246,25.90822615336754,0.3080912255420801,0.028060285131501484,0.2880181067897546,0.32816434429440566,0.2438677423988435,0.01214883650838652,0.2351769883030607,0.25255849649462636
0.1,labelflip_mu0p2,arl_fl,ARL-FL,95,10,0.43489151146681293,0.07800176969937957,0.3790924068344284,0.49069061609919745,0.5014049020459405,0.06406169724723952,0.45557792451192575,0.5472318795799551,23.4,1.8973665961010275,22.042705702321076,24.75729429767892,0.28019077623211885,0.0283673379767411,0.2598980051064532,0.3004835473577845,0.24304952777782182,0.00998461487170758,0.2359069645758884,0.25019209097975526
0.1,labelflip_mu0p2,arl_fl,ARL-FL,100,10,0.4647308426290236,0.09050423828081386,0.39998801075522883,0.5294736745028183,0.5219395858169865,0.08240364695587923,0.4629915678899298,0.5808876037440432,21.2,2.780887148615228,19.210673173513026,23.189326826486973,0.2519692092645228,0.027859589588608704,0.23203965945480315,0.2718987590742425,0.25152727676375597,0.012111269816637817,0.24286339626035003,0.2601911572671619
0.1,labelflip_mu0p4,fedavg,FedAvg,0,10,0.016084496343229518,0.01388783789303409,0.006149735597446497,0.026019257089012537,0.08686762240013177,0.013057844160576017,0.077526603402775,0.09620864139748854,28.0,0.0,28.0,28.0,0.846142275246185,0.01941488061683745,0.8322537063183344,0.8600308441740356,,,,
0.1,labelflip_mu0p4,fedavg,FedAvg,5,10,0.21394728510578703,0.044172919446513706,0.1823478821228376,0.24554668808873648,0.3050954930043397,0.03614946864987291,0.2792357209584831,0.3309552650501963,28.0,0.0,28.0,28.0,0.8128936088056637,0.019492052984206806,0.7989498340918653,0.8268373835194622,,,,
0.1,labelflip_mu0p4,fedavg,FedAvg,10,10,0.2757314927224837,0.03933094390712064,0.24759583038018013,0.3038671550647873,0.37077752385841967,0.03569125173252451,0.34524554044882083,0.3963095072680185,28.0,0.0,28.0,28.0,0.7798428909344416,0.01984744411695107,0.7656448847195138,0.7940408971493694,,,,
0.1,labelflip_mu0p4,fedavg,FedAvg,15,10,0.28666267133175427,0.04916881993103355,0.25148941643566136,0.3218359262278472,0.3724043353452851,0.05297897105694625,0.3345054625284786,0.4103032081620916,28.0,0.0,28.0,28.0,0.7469126099139359,0.020661186825612448,0.732132487232684,0.7616927325951879,,,,
0.1,labelflip_mu0p4,fedavg,FedAvg,20,10,0.24234922376137652,0.11400582023111169,0.16079437293820065,0.3239040745845524,0.33447447875487646,0.10052768487075742,0.26256130514133746,0.40638765236841545,28.0,0.0,28.0,28.0,0.7133967238021265,0.02098859619602733,0.6983823865666687,0.7284110610375842,,,,
0.1,labelflip_mu0p4,fedavg,FedAvg,25,10,0.2072576037599215,0.09955279964755773,0.13604182102332713,0.2784733864965159,0.2901973621901971,0.11215948707648739,0.2099632985399043,0.3704314258404899,28.0,0.0,28.0,28.0,0.6803697141454822,0.02140431970941151,0.6650579862237507,0.6956814420672137,,,,
0.1,labelflip_mu0p4,fedavg,FedAvg,30,10,0.22203865316057209,0.0984514887388127,0.1516107007881693,0.2924666055329749,0.3110145259759446,0.0998505798604396,0.23958572410760376,0.3824433278442854,28.0,0.0,28.0,28.0,0.6468026994581366,0.022055124189601476,0.6310254140570646,0.6625799848592087,,,,
0.1,labelflip_mu0p4,fedavg,FedAvg,35,10,0.2578621691240325,0.11014157159363175,0.17907163525006564,0.3366527029979993,0.33400124453489644,0.11143028061725532,0.25428882376109374,0.41371366530869913,28.0,0.0,28.0,28.0,0.614462246767717,0.023824379076001274,0.5974193126652365,0.6315051808701975,,,,
0.1,labelflip_mu0p4,fedavg,FedAvg,40,10,0.25173537567517557,0.06525190626580242,0.20505697390018332,0.29841377745016784,0.33134545857761155,0.06484780939527067,0.28495613028963535,0.37773478686558776,28.0,0.0,28.0,28.0,0.5803892458099131,0.02528618678839868,0.5623005974651679,0.5984778941546584,,,,
0.1,labelflip_mu0p4,fedavg,FedAvg,45,10,0.2640921337652904,0.15911157508473414,0.1502705697085559,0.3779136978220249,0.3390791475937526,0.16429319935855163,0.22155087282859748,0.45660742235890767,27.9,0.3162277660168379,27.673784283720178,28.12621571627982,0.5470787191915767,0.026724010531315335,0.5279615137027674,0.5661959246803859,,,,
0.1,labelflip_mu0p4,fedavg,FedAvg,50,10,0.2976271242868495,0.09035718634263419,0.23298948703256792,0.3622647615411311,0.3701068331362073,0.08106608116621102,0.3121156521339798,0.4280980141384348,27.6,0.6992058987801011,27.09981823161223,28.100181768387774,0.5142834423985028,0.027417069800994096,0.49467045217488187,0.5338964326221236,,,,
0.1,labelflip_mu0p4,fedavg,FedAvg,55,10,0.2939785447117476,0.10712810161533322,0.21734371739769187,0.37061337202580336,0.3739112325205799,0.0996127641464505,0.3026525537655895,0.44516991127557026,27.2,0.9189365834726815,26.54263236886373,27.85736763113627,0.481479871473276,0.027319996769889575,0.4619363231128392,0.5010234198337127,,,,
0.1,labelflip_mu0p4,fedavg,FedAvg,60,10,0.3220900977836766,0.1198014574363199,0.2363892978612545,0.40779089770609867,0.39114880052757306,0.1234855238347595,0.30281257826497276,0.47948502279017335,26.6,1.2649110640673518,25.69513713488072,27.504862865119282,0.44977937938148543,0.027699825526561736,0.429964117896877,0.46959464086609387,,,,
0.1,labelflip_mu0p4,fedavg,FedAvg,65,10,0.2746340007426866,0.10484890486081891,0.19962961256703862,0.34963838891833465,0.34595839908297876,0.11548550839691034,0.2633450431117158,0.4285717550542417,25.5,1.5811388300841898,24.368921418600898,26.631078581399102,0.41807571847408126,0.027357941214909056,0.3985050262928566,0.4376464106553059,,,,
0.1,labelflip_mu0p4,fedavg,FedAvg,70,10,0.32502163560403563,0.12162810831905133,0.2380141283578542,0.4120291428502171,0.3890721675828163,0.12839261906697208,0.297225620857597,0.4809187143080356,24.4,2.0110804171997807,22.96135973509377,25.83864026490623,0.3872253051899941,0.027114194820634523,0.3678289786752192,0.406621631704769,,,,
0.1,labelflip_mu0p4,fedavg,FedAvg,75,10,0.39717608138640725,0.11732134021527228,0.31324945044567837,0.48110271232713614,0.4545286198530336,0.1156365498047456,0.37180721536758815,0.537250024338479,23.4,2.3664319132398464,21.7071565883545,25.092843411645497,0.35760575120956384,0.027281622678854128,0.3380896540201596,0.37712184839896806,,,,
0.1,labelflip_mu0p4,fedavg,FedAvg,80,10,0.35948593996653816,0.10135462394194568,0.28698120977760766,0.43199067015546866,0.42320701495900276,0.09612617629973316,0.354442490898435,0.4919715390195705,22.6,2.170509412813294,21.047311102069678,24.152688897930325,0.3292481183194543,0.026649532319901175,0.31018419133352454,0.348312045305384,,,,
0.1,labelflip_mu0p4,fedavg,FedAvg,85,10,0.38861966981066753,0.1301961077539563,0.2954829849983741,0.48175635462296096,0.4524304408555393,0.11998225582997958,0.36660030555362433,0.5382605761574543,21.4,1.837873166945363,20.085264737727456,22.71473526227254,0.30128676585208586,0.02595849361049154,0.28271717817922537,0.31985635352494635,,,,
0.1,labelflip_mu0p4,fedavg,FedAvg,90,10,0.3801233374231764,0.10874146648680477,0.302334378406463,0.4579122964398898,0.4444511016356228,0.09854226274604447,0.37395821345026414,0.5149439898209814,20.5,1.509230856356236,19.420361284201547,21.579638715798453,0.2741565674017588,0.0253632498041516,0.25601279149649986,0.29230034330701776,,,,
0.1,labelflip_mu0p4,fedavg,FedAvg,95,10,0.3634163655059016,0.08872024403016346,0.29994972623952154,0.4268830047722817,0.4271668567658288,0.07761171222263846,0.3716467824431565,0.482686931088501,18.7,1.3374935098492586,17.74321478103839,19.65678521896161,0.24787908746273643,0.024755957984591518,0.23016974195453926,0.2655884329709336,,,,
0.1,labelflip_mu0p4,fedavg,FedAvg,100,10,0.3778933526454952,0.09387053070882695,0.31074242023580445,0.4450442850551859,0.43974963127858224,0.0823354316960422,0.3808504116087425,0.498648850948422,17.0,1.9436506316151,15.609596097879894,18.390403902120106,0.22244794942663412,0.02426180825400571,0.20509209734079506,0.23980380151247319,,,,
0.1,labelflip_mu0p4,fedprox,FedProx,0,10,0.016084496343229518,0.01388783789303409,0.006149735597446497,0.026019257089012537,0.08686762240013177,0.013057844160576017,0.077526603402775,0.09620864139748854,28.0,0.0,28.0,28.0,0.846142275246185,0.01941488061683745,0.8322537063183344,0.8600308441740356,,,,
0.1,labelflip_mu0p4,fedprox,FedProx,5,10,0.21317709501983417,0.045386551211142274,0.1807095121727523,0.24564467786691604,0.30462640385309225,0.03681495592821929,0.2782905708868349,0.3309622368193496,28.0,0.0,28.0,28.0,0.8128936088056637,0.019492052984206806,0.7989498340918653,0.8268373835194622,,,,
0.1,labelflip_mu0p4,fedprox,FedProx,10,10,0.2754727535276871,0.041946968776319676,0.24546569972901094,0.3054798073263632,0.36736127836008603,0.037495677655389005,0.3405384864052536,0.3941840703149185,28.0,0.0,28.0,28.0,0.7798428909344416,0.01984744411695107,0.7656448847195138,0.7940408971493694,,,,
0.1,labelflip_mu0p4,fedprox,FedProx,15,10,0.2908193793913064,0.045370118663082375,0.2583635516809619,0.3232752071016509,0.37577542795548535,0.04992320463698558,0.340062518750231,0.4114883371607397,28.0,0.0,28.0,28.0,0.7469126099139359,0.020661186825612448,0.732132487232684,0.7616927325951879,,,,
0.1,labelflip_mu0p4,fedprox,FedProx,20,10,0.232101073351677,0.11538975678557219,0.1495562139568426,0.3146459327465114,0.32420322848393557,0.10326974584711632,0.25032850261436557,0.39807795435350557,28.0,0.0,28.0,28.0,0.7133967238021265,0.02098859619602733,0.6983823865666687,0.7284110610375842,,,,
0.1,labelflip_mu0p4,fedprox,FedProx,25,10,0.2136899314367246,0.09523681996805337,0.14556161456989272,0.2818182483035565,0.29540253559106,0.101894848280473,0.22251135219079055,0.36829371899132946,28.0,0.0,28.0,28.0,0.6803697141454822,0.02140431970941151,0.6650579862237507,0.6956814420672137,,,,
0.1,labelflip_mu0p4,fedprox,FedProx,30,10,0.218777628864219,0.10039894215080442,0.1469565522444918,0.2905987054839462,0.3078717951126014,0.10110989073884398,0.23554213651063,0.38020145371457276,28.0,0.0,28.0,28.0,0.6468026994581366,0.022055124189601476,0.6310254140570646,0.6625799848592087,,,,
0.1,labelflip_mu0p4,fedprox,FedProx,35,10,0.2680566016804232,0.12341287872413098,0.179772346599396,0.35634085676145044,0.3415627487582654,0.12165836502960609,0.2545335971652367,0.42859190035129413,28.0,0.0,28.0,28.0,0.614462246767717,0.023824379076001274,0.5974193126652365,0.6315051808701975,,,,
0.1,labelflip_mu0p4,fedprox,FedProx,40,10,0.2598425320442575,0.07231334320229307,0.20811268259067034,0.31157238149784466,0.34044823390772444,0.08075818465466825,0.28267730880135333,0.39821915901409555,28.0,0.0,28.0,28.0,0.5803892458099131,0.02528618678839868,0.5623005974651679,0.5984778941546584,,,,
0.1,labelflip_mu0p4,fedprox,FedProx,45,10,0.26098641979920717,0.1432003611211495,0.1585470525336998,0.3634257870647145,0.3370671177425191,0.1513916621564578,0.22876804671251927,0.4453661887725189,27.9,0.3162277660168379,27.673784283720178,28.12621571627982,0.5470787191915767,0.026724010531315335,0.5279615137027674,0.5661959246803859,,,,
0.1,labelflip_mu0p4,fedprox,FedProx,50,10,0.30533893681045104,0.1027358885374886,0.23184610945412612,0.378831764166776,0.37461428175942857,0.09258303154841412,0.3083843707655706,0.4408441927532865,27.6,0.6992058987801011,27.09981823161223,28.100181768387774,0.5142834423985028,0.027417069800994096,0.49467045217488187,0.5338964326221236,,,,
0.1,labelflip_mu0p4,fedprox,FedProx,55,10,0.2843626595517401,0.12247281886037763,0.19675088278627473,0.3719744363172055,0.36958446041688486,0.11245968349177651,0.28913564918776735,0.4500332716460024,27.2,0.9189365834726815,26.54263236886373,27.85736763113627,0.481479871473276,0.027319996769889575,0.4619363231128392,0.5010234198337127,,,,
0.1,labelflip_mu0p4,fedprox,FedProx,60,10,0.3162736102945768,0.10893356016079399,0.23834723574158195,0.3941999848475716,0.3880060696361001,0.1088856034856408,0.3101140012218635,0.46589813805033675,26.6,1.2649110640673518,25.69513713488072,27.504862865119282,0.44977937938148543,0.027699825526561736,0.429964117896877,0.46959464086609387,,,,
0.1,labelflip_mu0p4,fedprox,FedProx,65,10,0.29172709678803466,0.11464234387244719,0.20971690438221585,0.37373728919385346,0.3568775825588322,0.11787795427080616,0.2725527739095168,0.4412023912081475,25.5,1.5811388300841898,24.368921418600898,26.631078581399102,0.41807571847408126,0.027357941214909056,0.3985050262928566,0.4376464106553059,,,,
0.1,labelflip_mu0p4,fedprox,FedProx,70,10,0.35869795471224314,0.1402972372146084,0.2583353571821685,0.4590605522423178,0.41977178359137923,0.14487305438238982,0.316135843649873,0.5234077235328854,24.4,2.0110804171997807,22.96135973509377,25.83864026490623,0.3872253051899941,0.027114194820634523,0.3678289786752192,0.406621631704769,,,,
0.1,labelflip_mu0p4,fedprox,FedProx,75,10,0.386544336897093,0.11846957508783108,0.3017963082106028,0.4712923655835832,0.4504028931946813,0.10044909961827775,0.37854593608421105,0.5222598503051515,23.4,2.3664319132398464,21.7071565883545,25.092843411645497,0.35760575120956384,0.027281622678854128,0.3380896540201596,0.37712184839896806,,,,
0.1,labelflip_mu0p4,fedprox,FedProx,80,10,0.36624238704073875,0.1123708032031197,0.2858571569399166,0.4466276171415609,0.4316439403359995,0.10273569191333047,0.358151253636124,0.505136627035875,22.6,2.170509412813294,21.047311102069678,24.152688897930325,0.3292481183194543,0.026649532319901175,0.31018419133352454,0.348312045305384,,,,
0.1,labelflip_mu0p4,fedprox,FedProx,85,10,0.42120970437165817,0.1377539926227287,0.3226664344239572,0.5197529743193592,0.48204381623248826,0.1291632083637824,0.3896460231321286,0.5744416093328479,21.4,1.837873166945363,20.085264737727456,22.71473526227254,0.30128676585208586,0.02595849361049154,0.28271717817922537,0.31985635352494635,,,,
0.1,labelflip_mu0p4,fedprox,FedProx,90,10,0.42620681000298377,0.11831949621657326,0.34156614127348817,0.5108474787324794,0.485845340550436,0.10187130656837186,0.41297099787649644,0.5587196832243755,20.5,1.509230856356236,19.420361284201547,21.579638715798453,0.2741565674017588,0.0253632498041516,0.25601279149649986,0.29230034330701776,,,,
0.1,labelflip_mu0p4,fedprox,FedProx,95,10,0.37673001874033335,0.11195673503555405,0.2966409951627219,0.4568190423179448,0.44130791119617613,0.09937496922436485,0.37021934068090445,0.5123964817114478,18.7,1.3374935098492586,17.74321478103839,19.65678521896161,0.24787908746273643,0.024755957984591518,0.23016974195453926,0.2655884329709336,,,,
0.1,labelflip_mu0p4,fedprox,FedProx,100,10,0.3947880163840897,0.09403037939539732,0.3275227351125506,0.46205329765562886,0.45377971678919715,0.0800585314400952,0.3965092934416555,0.5110501401367389,17.0,1.9436506316151,15.609596097879894,18.390403902120106,0.22244794942663412,0.02426180825400571,0.20509209734079506,0.23980380151247319,,,,
0.1,labelflip_mu0p4,random_trimmed_mean,Random Trimmed Mean,0,10,0.016084496343229518,0.01388783789303409,0.006149735597446497,0.026019257089012537,0.08686762240013177,0.013057844160576017,0.077526603402775,0.09620864139748854,28.0,0.0,28.0,28.0,0.846142275246185,0.01941488061683745,0.8322537063183344,0.8600308441740356,,,,
0.1,labelflip_mu0p4,random_trimmed_mean,Random Trimmed Mean,5,10,0.1559310188809801,0.056127849436385685,0.11577957416937992,0.19608246359258028,0.25293548766509405,0.03985280225314402,0.2244265103510242,0.28144446497916387,28.0,0.0,28.0,28.0,0.8128936088056637,0.019492052984206806,0.7989498340918653,0.8268373835194622,,,,
0.1,labelflip_mu0p4,random_trimmed_mean,Random Trimmed Mean,10,10,0.21384645988425968,0.06689762492001125,0.1659907819046944,0.26170213786382496,0.3043885491025962,0.057062631093673766,0.2635684018768803,0.34520869632831214,28.0,0.0,28.0,28.0,0.7798428909344416,0.01984744411695107,0.7656448847195138,0.7940408971493694,,,,
0.1,labelflip_mu0p4,random_trimmed_mean,Random Trimmed Mean,15,10,0.2199931457503816,0.04500793430761393,0.18779640911995596,0.2521898823808072,0.3121748853861548,0.04346858753358348,0.2810793311012155,0.34327043967109405,28.0,0.0,28.0,28.0,0.7469126099139359,0.020661186825612448,0.732132487232684,0.7616927325951879,,,,
0.1,labelflip_mu0p4,random_trimmed_mean,Random Trimmed Mean,20,10,0.2228984288397305,0.0972758240048249,0.15331149635389205,0.2924853613255689,0.3074267689739042,0.08636904677593372,0.24564207490063664,0.3692114630471718,28.0,0.0,28.0,28.0,0.7133967238021265,0.02098859619602733,0.6983823865666687,0.7284110610375842,,,,
0.1,labelflip_mu0p4,random_trimmed_mean,Random Trimmed Mean,25,10,0.18948841496898064,0.07385057324958721,0.136658897384996,0.24231793255296527,0.2813916516370915,0.08461670722628548,0.22086050576227034,0.3419227975119127,28.0,0.0,28.0,28.0,0.6803697141454822,0.02140431970941151,0.6650579862237507,0.6956814420672137,,,,
0.1,labelflip_mu0p4,random_trimmed_mean,Random Trimmed Mean,30,10,0.20791528100493112,0.05795934843762687,0.16645366083451468,0.24937690117534755,0.2995523076382116,0.0697034323571038,0.24968947593169832,0.3494151393447249,28.0,0.0,28.0,28.0,0.6468026994581366,0.022055124189601476,0.6310254140570646,0.6625799848592087,,,,
0.1,labelflip_mu0p4,random_trimmed_mean,Random Trimmed Mean,35,10,0.2251643735755786,0.08717711739013781,0.1628016206079282,0.28752712654322904,0.29865989847704383,0.08877102192553794,0.23515693489253697,0.3621628620615507,28.0,0.0,28.0,28.0,0.614462246767717,0.023824379076001274,0.5974193126652365,0.6315051808701975,,,,
0.1,labelflip_mu0p4,random_trimmed_mean,Random Trimmed Mean,40,10,0.22583123765300436,0.06976322592869386,0.17592563220212148,0.27573684310388724,0.31539493631706705,0.06676828221164363,0.2676317845371695,0.3631580880969646,28.0,0.0,28.0,28.0,0.5803892458099131,0.02528618678839868,0.5623005974651679,0.5984778941546584,,,,
0.1,labelflip_mu0p4,random_trimmed_mean,Random Trimmed Mean,45,10,0.24262782546863765,0.0876261772175255,0.17994383445227147,0.30531181648500383,0.32372808406535614,0.09387636899247823,0.25657297519913647,0.3908831929315758,27.9,0.3162277660168379,27.673784283720178,28.12621571627982,0.5470787191915767,0.026724010531315335,0.5279615137027674,0.5661959246803859,,,,
0.1,labelflip_mu0p4,random_trimmed_mean,Random Trimmed Mean,50,10,0.2775418388795889,0.09062537834953727,0.21271234862104305,0.34237132913813473,0.3524551060907572,0.0923413867981911,0.2863980573377628,0.4185121548437516,27.6,0.6992058987801011,27.09981823161223,28.100181768387774,0.5142834423985028,0.027417069800994096,0.49467045217488187,0.5338964326221236,,,,
0.1,labelflip_mu0p4,random_trimmed_mean,Random Trimmed Mean,55,10,0.2716908452307739,0.09778798375583414,0.2017375357300908,0.34164415473145704,0.33985036515648537,0.08668115378747256,0.2778424031771116,0.4018583271358591,27.2,0.9189365834726815,26.54263236886373,27.85736763113627,0.481479871473276,0.027319996769889575,0.4619363231128392,0.5010234198337127,,,,
0.1,labelflip_mu0p4,random_trimmed_mean,Random Trimmed Mean,60,10,0.3430949681373088,0.0997103699438636,0.27176646640107616,0.4144234698735414,0.4112208528401403,0.11244646860664431,0.3307814949703638,0.49166021070991683,26.6,1.2649110640673518,25.69513713488072,27.504862865119282,0.44977937938148543,0.027699825526561736,0.429964117896877,0.46959464086609387,,,,
0.1,labelflip_mu0p4,random_trimmed_mean,Random Trimmed Mean,65,10,0.2568042035137531,0.07360520164775874,0.20415021419966556,0.30945819282784065,0.3410941693333463,0.07840150746162496,0.2850091095321623,0.3971792291345303,25.5,1.5811388300841898,24.368921418600898,26.631078581399102,0.41807571847408126,0.027357941214909056,0.3985050262928566,0.4376464106553059,,,,
0.1,labelflip_mu0p4,random_trimmed_mean,Random Trimmed Mean,70,10,0.24608894565133968,0.1015961310370156,0.17341145169410999,0.3187664396085694,0.31492488106592786,0.12193020973137729,0.22770126348813557,0.40214849864372015,24.4,2.0110804171997807,22.96135973509377,25.83864026490623,0.3872253051899941,0.027114194820634523,0.3678289786752192,0.406621631704769,,,,
0.1,labelflip_mu0p4,random_trimmed_mean,Random Trimmed Mean,75,10,0.30041031902974774,0.1082055558463295,0.2230047273906815,0.377815910668814,0.38434364412099353,0.10280643678348966,0.3108003495896876,0.45788693865229946,23.4,2.3664319132398464,21.7071565883545,25.092843411645497,0.35760575120956384,0.027281622678854128,0.3380896540201596,0.37712184839896806,,,,
0.1,labelflip_mu0p4,random_trimmed_mean,Random Trimmed Mean,80,10,0.26540879610860524,0.11704359639047919,0.18168085113103277,0.3491367410861777,0.3509243792532194,0.1154268382561945,0.26835299337229174,0.43349576513414706,22.6,2.170509412813294,21.047311102069678,24.152688897930325,0.3292481183194543,0.026649532319901175,0.31018419133352454,0.348312045305384,,,,
0.1,labelflip_mu0p4,random_trimmed_mean,Random Trimmed Mean,85,10,0.30746771389492145,0.10371472261819073,0.2332746708191668,0.3816607569706761,0.38910736225368747,0.08774082024237152,0.3263413605577763,0.45187336394959865,21.4,1.837873166945363,20.085264737727456,22.71473526227254,0.30128676585208586,0.02595849361049154,0.28271717817922537,0.31985635352494635,,,,
0.1,labelflip_mu0p4,random_trimmed_mean,Random Trimmed Mean,90,10,0.27753162673666887,0.09064182954774183,0.2126903679998759,0.34237288547346184,0.36732564288076064,0.07883119893637752,0.3109332003156757,0.4237180854458456,20.5,1.509230856356236,19.420361284201547,21.579638715798453,0.2741565674017588,0.0253632498041516,0.25601279149649986,0.29230034330701776,,,,
0.1,labelflip_mu0p4,random_trimmed_mean,Random Trimmed Mean,95,10,0.2790616071677182,0.08301438565369111,0.21967669309543822,0.33844652123999824,0.3730782941990575,0.07086966737676588,0.32238118821724415,0.4237754001808709,18.7,1.3374935098492586,17.74321478103839,19.65678521896161,0.24787908746273643,0.024755957984591518,0.23016974195453926,0.2655884329709336,,,,
0.1,labelflip_mu0p4,random_trimmed_mean,Random Trimmed Mean,100,10,0.29806435156459543,0.1224180915396914,0.21049172436592822,0.38563697876326264,0.36574508566989195,0.12135599902487174,0.2789322336864807,0.4525579376533032,17.0,1.9436506316151,15.609596097879894,18.390403902120106,0.22244794942663412,0.02426180825400571,0.20509209734079506,0.23980380151247319,,,,
0.1,labelflip_mu0p4,fedle_adapted,FedLE-adapted,0,10,0.016084496343229518,0.01388783789303409,0.006149735597446497,0.026019257089012537,0.08686762240013177,0.013057844160576017,0.077526603402775,0.09620864139748854,28.0,0.0,28.0,28.0,0.8245841647819507,0.019647458591782654,0.8105292195935463,0.8386391099703552,,,,
0.1,labelflip_mu0p4,fedle_adapted,FedLE-adapted,5,10,0.2047336247140724,0.05001506418996187,0.16895500314321707,0.2405122462849277,0.29989257287040627,0.04840213999478056,0.26526776776138106,0.3345173779794315,28.0,0.0,28.0,28.0,0.7919522851080923,0.020113724230078994,0.7775637935753158,0.8063407766408689,,,,
0.1,labelflip_mu0p4,fedle_adapted,FedLE-adapted,10,10,0.2725307040525238,0.041799173565191104,0.24262937657879788,0.3024320315262497,0.3710209543819653,0.03540568966603192,0.3456932497687152,0.39634865899521543,28.0,0.0,28.0,28.0,0.7599011964768646,0.020016372273319167,0.745582346338666,0.7742200466150632,,,,
0.1,labelflip_mu0p4,fedle_adapted,FedLE-adapted,15,10,0.2967654562030428,0.0767108466469365,0.24188982229130015,0.3516410901147854,0.37984688005800454,0.06072797990959119,0.3364047002440307,0.4232890598719784,28.0,0.0,28.0,28.0,0.7270283542211133,0.02061614339147224,0.7122804536715421,0.7417762547706845,,,,
0.1,labelflip_mu0p4,fedle_adapted,FedLE-adapted,20,10,0.19936090436655624,0.10097660587409665,0.12712659201304322,0.27159521672006925,0.2839534320300603,0.09789955987792928,0.21392030577989496,0.3539865582802256,28.0,0.0,28.0,28.0,0.6953949381036449,0.020379668562588087,0.6808162014560043,0.7099736747512856,,,,
0.1,labelflip_mu0p4,fedle_adapted,FedLE-adapted,25,10,0.22168683804035655,0.08925636703516808,0.15783667947989669,0.28553699660081644,0.3059359943031124,0.07897767926856865,0.24943876602080564,0.3624332225854192,28.0,0.0,28.0,28.0,0.66270677048415,0.02083843974961529,0.6477998486996092,0.677613692268691,,,,
0.1,labelflip_mu0p4,fedle_adapted,FedLE-adapted,30,10,0.26091510677273316,0.11310135940996542,0.18000726824414418,0.3418229453013222,0.34170106364723607,0.11853345709918094,0.2569073365227595,0.42649479077171265,28.0,0.0,28.0,28.0,0.6307142953247602,0.021319846840249,0.6154629956533513,0.6459655949961691,,,,
0.1,labelflip_mu0p4,fedle_adapted,FedLE-adapted,35,10,0.2349629159072409,0.09296763969672042,0.1684578728183994,0.30146795899608236,0.3120299503411456,0.10688362695836442,0.23557000966128733,0.3884898910210039,28.0,0.0,28.0,28.0,0.5986765324920572,0.02131628926015533,0.5834277777601368,0.6139252872239777,,,,
0.1,labelflip_mu0p4,fedle_adapted,FedLE-adapted,40,10,0.2614940216898739,0.11326655589204151,0.1804680087169897,0.3425200346627581,0.34399636711599624,0.10388525775871585,0.2696813305497563,0.4183114036822362,28.0,0.0,28.0,28.0,0.56679728932121,0.02046335585753787,0.552158686389185,0.581435892253235,,,,
0.1,labelflip_mu0p4,fedle_adapted,FedLE-adapted,45,10,0.25768801741765246,0.05899764086188545,0.21548364759112562,0.29989238724417927,0.33923027645951753,0.06743663130117201,0.29098901654282666,0.3874715363762084,28.0,0.0,28.0,28.0,0.534967970526316,0.020504138218079362,0.5203001936510359,0.549635747401596,,,,
0.1,labelflip_mu0p4,fedle_adapted,FedLE-adapted,50,10,0.29569620473676145,0.09430255304217797,0.22823622216737455,0.36315618730614835,0.3787410167151985,0.08587992949513856,0.31730621606657733,0.44017581736381967,27.9,0.3162277660168379,27.673784283720178,28.12621571627982,0.5040940383522707,0.021211892270653784,0.4889199647277528,0.5192681119767887,,,,
0.1,labelflip_mu0p4,fedle_adapted,FedLE-adapted,55,10,0.2587114084830645,0.09177970948748766,0.19305615947320887,0.32436665749292015,0.33033057186346776,0.09390502864772912,0.26315496111494163,0.3975061826119939,27.5,0.7071067811865476,26.994166280819517,28.005833719180483,0.47340483329951744,0.021822289767868704,0.4577941076099796,0.4890155589890553,,,,
0.1,labelflip_mu0p4,fedle_adapted,FedLE-adapted,60,10,0.29402216724566593,0.08969833974136338,0.22985584045757873,0.35818849403375314,0.3614593797054786,0.10140220588258489,0.2889206114467123,0.43399814796424485,27.3,0.8232726023485647,26.711066258413513,27.888933741586488,0.44258504684588285,0.022363109503047943,0.4265874420238993,0.4585826516678664,,,,
0.1,labelflip_mu0p4,fedle_adapted,FedLE-adapted,65,10,0.28597434161901975,0.1152738322662948,0.20351240962962172,0.3684362736084178,0.35149190985259804,0.13313983806340343,0.2562494072341264,0.44673441247106965,27.2,0.9189365834726815,26.54263236886373,27.85736763113627,0.4122982093081896,0.022416579633188573,0.3962623542593468,0.4283340643570324,,,,
0.1,labelflip_mu0p4,fedle_adapted,FedLE-adapted,70,10,0.35280033229715313,0.08524725585750799,0.2918181191044366,0.41378254548986965,0.42951658287523287,0.07372323459400738,0.37677815787791424,0.4822550078725515,27.1,0.875595035770913,26.47363704432765,27.726362955672354,0.3819649253893048,0.02302289533924314,0.3654953382129374,0.39843451256567225,,,,
0.1,labelflip_mu0p4,fedle_adapted,FedLE-adapted,75,10,0.3361961968607997,0.13708575765454065,0.23813095341240315,0.4342614403091963,0.40381634419590967,0.11739541451443573,0.3198367236937193,0.48779596469810005,26.3,1.3374935098492586,25.34321478103839,27.25678521896161,0.352798793759744,0.023373378614208344,0.336078485952203,0.36951910156728496,,,,
0.1,labelflip_mu0p4,fedle_adapted,FedLE-adapted,80,10,0.35382610486189475,0.15020560620296142,0.24637548714909618,0.4612767225746933,0.4211187093820432,0.15699092129788156,0.30881416965690656,0.5334232491071799,25.9,1.3703203194062976,24.919731896120776,26.88026810387922,0.3236615587486105,0.023501486429069924,0.3068496081309995,0.34047350936622156,,,,
0.1,labelflip_mu0p4,fedle_adapted,FedLE-adapted,85,10,0.31799482076728536,0.13014039899678598,0.22489798759915675,0.41109165393541397,0.39700198152201444,0.12199535385232423,0.30973176264741936,0.4842722003966095,25.0,1.5634719199411433,23.88155956477889,26.11844043522111,0.29514020244785966,0.02447599927510633,0.27763112733587936,0.31264927755983996,,,,
0.1,labelflip_mu0p4,fedle_adapted,FedLE-adapted,90,10,0.32945069904294727,0.10200772587683186,0.2564787678745931,0.4024226302113014,0.4041596453198574,0.09254205770980306,0.33795904524441395,0.4703602453953008,23.5,2.068278940998476,22.020442376083047,24.979557623916953,0.26683998424606037,0.024750212862110533,0.24913474855090562,0.2845452199412151,,,,
0.1,labelflip_mu0p4,fedle_adapted,FedLE-adapted,95,10,0.37870436275474495,0.18270919815513587,0.24800207607010588,0.5094066494393841,0.4379877760452727,0.1703258601876715,0.31614399569462803,0.5598315563959174,22.3,1.7669811040931427,21.035977864467302,23.5640221355327,0.24065012866930466,0.02456566555292014,0.22307691016625758,0.25822334717235174,,,,
0.1,labelflip_mu0p4,fedle_adapted,FedLE-adapted,100,10,0.2885542597961776,0.10780965313184297,0.21143187989801182,0.3656766396943434,0.354641025861698,0.10113116871102998,0.2822961459153783,0.42698590580801765,19.6,2.590581230363393,17.74680982638157,21.453190173618434,0.21475067947135545,0.024926898190469955,0.1969190507063751,0.2325823082363358,,,,
0.1,labelflip_mu0p4,tea_fl,TEA-FL,0,10,0.016084496343229518,0.01388783789303409,0.006149735597446497,0.026019257089012537,0.08686762240013177,0.013057844160576017,0.077526603402775,0.09620864139748854,28.0,0.0,28.0,28.0,0.846142275246185,0.01941488061683745,0.8322537063183344,0.8600308441740356,,,,
0.1,labelflip_mu0p4,tea_fl,TEA-FL,5,10,0.13065069540353313,0.04092474340976991,0.10137489758027678,0.15992649322678948,0.24647040534566528,0.044047011345014014,0.21496107159264127,0.2779797390986893,28.0,0.0,28.0,28.0,0.8167134205109943,0.020027024816123853,0.8023869500027342,0.8310398910192544,,,,
0.1,labelflip_mu0p4,tea_fl,TEA-FL,10,10,0.2150253700313461,0.07933672433488315,0.15827129638129656,0.27177944368139567,0.31647151981533217,0.05803407152715647,0.27495644596678526,0.3579865936638791,28.0,0.0,28.0,28.0,0.7910641575098107,0.021023241476510912,0.7760250365336997,0.8061032784859218,,,,
0.1,labelflip_mu0p4,tea_fl,TEA-FL,15,10,0.22725098094311047,0.05384208848258488,0.1887346711152098,0.26576729077101113,0.3380937430076243,0.050976030009538355,0.3016276879013332,0.3745597981139154,28.0,0.0,28.0,28.0,0.7664455963282844,0.02128072564211762,0.7512222822761285,0.7816689103804402,,,,
0.1,labelflip_mu0p4,tea_fl,TEA-FL,20,10,0.21087828569981965,0.08632900478935579,0.1491222359381794,0.2726343354614599,0.3065625725816928,0.07627903849419429,0.25199583561406874,0.3611293095493168,28.0,0.0,28.0,28.0,0.7429812343046045,0.021402236354926628,0.7276709967248913,0.7582914718843177,,,,
0.1,labelflip_mu0p4,tea_fl,TEA-FL,25,10,0.22014442876134926,0.04800949324791269,0.18580050621430294,0.2544883513083956,0.32224255102711935,0.045888136572227484,0.2894161556280514,0.3550689464261873,28.0,0.0,28.0,28.0,0.7192134222620538,0.02194751700390075,0.7035131144044048,0.7349137301197027,,,,
0.1,labelflip_mu0p4,tea_fl,TEA-FL,30,10,0.21748861506083075,0.06073494562909456,0.17404145227130513,0.2609357778503564,0.316867530859269,0.046642873567215436,0.28350122913864484,0.35023383257989316,28.0,0.0,28.0,28.0,0.6959573064577043,0.02217794359141801,0.6800921613493556,0.711822451566053,,,,
0.1,labelflip_mu0p4,tea_fl,TEA-FL,35,10,0.22441057962740962,0.0652318579533766,0.17774651955116424,0.27107463970365503,0.32166258916686963,0.05386038537835991,0.28313319052821845,0.3601919878055208,28.0,0.0,28.0,28.0,0.6725644945077842,0.02259042112653171,0.6564042807461341,0.6887247082694343,,,,
0.1,labelflip_mu0p4,tea_fl,TEA-FL,40,10,0.2220212558522474,0.06602758559587277,0.17478796651167064,0.26925454519282416,0.31631492728741045,0.05408237325254282,0.2776267280899208,0.3550031264849001,28.0,0.0,28.0,28.0,0.6491161206089971,0.022354155721159414,0.6331249209367221,0.6651073202812722,,,,
0.1,labelflip_mu0p4,tea_fl,TEA-FL,45,10,0.243151628984639,0.06919925809555307,0.19364946181793868,0.2926537961513393,0.34252325252182486,0.06834411676867964,0.29363281660888435,0.39141368843476537,28.0,0.0,28.0,28.0,0.625718505483237,0.022588191427841683,0.6095598867519432,0.6418771242145309,,,,
0.1,labelflip_mu0p4,tea_fl,TEA-FL,50,10,0.2293275447131024,0.05170483217383514,0.19234013594549523,0.2663149534807096,0.32133312736316444,0.03794556371679106,0.29418850630740806,0.3484777484189208,28.0,0.0,28.0,28.0,0.6027857759071633,0.022917739250121447,0.586391412865354,0.6191801389489726,,,,
0.1,labelflip_mu0p4,tea_fl,TEA-FL,55,10,0.24305798788526128,0.08130741086274346,0.1848941700180035,0.30122180575251906,0.33280345380824744,0.07974456418721916,0.27575762910329926,0.3898492785131956,27.9,0.3162277660168379,27.673784283720178,28.12621571627982,0.5792986566737334,0.023412549088667328,0.562550327996778,0.5960469853506888,,,,
0.1,labelflip_mu0p4,tea_fl,TEA-FL,60,10,0.24833622418426193,0.0915550197843187,0.1828417085052687,0.31383073986325516,0.33537601164866104,0.08691473841983503,0.2732009532893982,0.3975510700079239,27.1,0.5676462121975466,26.693930361956397,27.506069638043606,0.555642952278243,0.02361288128767742,0.5387513145792375,0.5725345899772485,,,,
0.1,labelflip_mu0p4,tea_fl,TEA-FL,65,10,0.24718545296236805,0.07692781638570986,0.19215460824960723,0.30221629767512886,0.3357730652041225,0.07787098566480193,0.2800675178340638,0.39147861257418115,26.8,0.7888106377466155,26.235718862784836,27.364281137215166,0.5313405962982537,0.024351792691209084,0.5139203732238313,0.5487608193726761,,,,
0.1,labelflip_mu0p4,tea_fl,TEA-FL,70,10,0.235922908417551,0.08821678654365749,0.17281642094100563,0.2990293958940964,0.32772375890829486,0.09328803908503218,0.2609895159043558,0.3944580019122339,25.2,0.7888106377466155,24.635718862784834,25.764281137215164,0.5066892329924292,0.025202157686273038,0.4886606954461921,0.5247177705386663,,,,
0.1,labelflip_mu0p4,tea_fl,TEA-FL,75,10,0.21813344435194906,0.08673691678986353,0.1560855919237173,0.28018129678018083,0.31382070343635504,0.08451993322408445,0.2533587855123268,0.37428262136038326,23.4,1.0749676997731399,22.631014432271883,24.168985567728114,0.47990737577210973,0.026016673585800183,0.461296168652123,0.4985185828920965,,,,
0.1,labelflip_mu0p4,tea_fl,TEA-FL,80,10,0.23350239660557115,0.089324868713407,0.1696032348965125,0.2974015583146298,0.31713059903058294,0.08677761210940045,0.25505363492447974,0.37920756313668613,22.8,1.0327955589886444,22.061182564421642,23.53881743557836,0.45191702595525773,0.026876460935640903,0.4326907640168962,0.47114328789361926,,,,
0.1,labelflip_mu0p4,tea_fl,TEA-FL,85,10,0.24010711892589498,0.07891767869321534,0.18365281246952941,0.29656142538226055,0.3328335947076549,0.07421225851120164,0.2797453430739866,0.3859218463413232,22.0,1.7638342073763937,20.738229018766003,23.261770981233997,0.4233387922345915,0.02810520074657168,0.40323354278683954,0.4434440416823434,,,,
0.1,labelflip_mu0p4,tea_fl,TEA-FL,90,10,0.20965348050712254,0.05077933488654251,0.17332813261543725,0.24597882839880783,0.3040195902232704,0.05606696849006002,0.2639116971170663,0.3441274833294745,20.8,1.7511900715418263,19.547274088655293,22.05272591134471,0.39370306816432993,0.030625691879363783,0.37179476797829736,0.4156113683503625,,,,
0.1,labelflip_mu0p4,tea_fl,TEA-FL,95,10,0.24845445045721135,0.09669581847630794,0.17928242893169866,0.31762647198272403,0.3337481984211771,0.09232195064589226,0.26770505345395523,0.39979134338839895,19.7,1.4181364924121764,18.685526266543935,20.714473733456064,0.36324212699356884,0.03211230687064892,0.34027036650700093,0.38621388748013674,,,,
0.1,labelflip_mu0p4,tea_fl,TEA-FL,100,10,0.27243650489267307,0.09967388081360394,0.20113410590776457,0.34373890387758155,0.3530953279235895,0.09306096836600644,0.2865235215266492,0.41966713432052977,18.6,2.0110804171997807,17.16135973509377,20.03864026490623,0.33196249955321855,0.033769646565736736,0.30780514967023026,0.35611984943620684,,,,
0.1,labelflip_mu0p4,arl_fl,ARL-FL,0,10,0.016084496343229518,0.01388783789303409,0.006149735597446497,0.026019257089012537,0.08686762240013177,0.013057844160576017,0.077526603402775,0.09620864139748854,28.0,0.0,28.0,28.0,0.846142275246185,0.01941488061683745,0.8322537063183344,0.8600308441740356,0.0,0.0,0.0,0.0
0.1,labelflip_mu0p4,arl_fl,ARL-FL,5,10,0.12924803995782735,0.04098468912821629,0.09992935955089702,0.1585667203647577,0.2381925578215267,0.039457442318519956,0.2099664039670343,0.2664187116760191,28.0,0.0,28.0,28.0,0.8195272744823301,0.01977058644299611,0.8053842489352429,0.8336703000294173,0.10122372374931592,0.005477465346985436,0.09730538108613489,0.10514206641249695
0.1,labelflip_mu0p4,arl_fl,ARL-FL,10,10,0.22069066834038495,0.053289683617672765,0.18256952514749095,0.2588118115332789,0.3180139723604644,0.04554079280400374,0.2854360517247412,0.35059189299618765,28.0,0.0,28.0,28.0,0.7905224385854408,0.02041162919041504,0.775920838681965,0.8051240384889166,0.14598106019347404,0.009984836651235793,0.13883833834002351,0.15312378204692456
0.1,labelflip_mu0p4,arl_fl,ARL-FL,15,10,0.22759286607072687,0.08170361391870602,0.1691456216112196,0.28604011053023415,0.3279294398950523,0.07439722610335076,0.27470887041695935,0.38115000937314525,28.0,0.0,28.0,28.0,0.7599163687386269,0.02012980639429824,0.7455163727186132,0.7743163647586406,0.16470300340546232,0.012640517505863265,0.15566052191259994,0.1737454848983247
0.1,labelflip_mu0p4,arl_fl,ARL-FL,20,10,0.20945847197822348,0.06874880509857752,0.1602785394737248,0.25863840448272213,0.3018096603507687,0.07071571784519648,0.25122268322953445,0.352396637472003,28.0,0.0,28.0,28.0,0.7286148209696287,0.020396921464649862,0.7140237423393502,0.7432058995999072,0.18751495063359494,0.01181483338046692,0.1790631279819852,0.19596677328520468
0.1,labelflip_mu0p4,arl_fl,ARL-FL,25,10,0.26424040944734417,0.07563430684525768,0.21013488571728478,0.31834593317740356,0.3540264347645802,0.07311615202762967,0.30172229047361426,0.4063305790555461,28.0,0.0,28.0,28.0,0.6984014636757411,0.020910136973003465,0.6834432527873106,0.7133596745641716,0.2029692791719917,0.010324384976409801,0.19558365907921718,0.21035489926476622
0.1,labelflip_mu0p4,arl_fl,ARL-FL,30,10,0.20850300264987962,0.05051825369904351,0.17236442098869076,0.24464158431106847,0.2920261289815073,0.061845840505491016,0.24778427987034407,0.33626797809267056,28.0,0.0,28.0,28.0,0.6678228299711273,0.0215451692570706,0.652410344352775,0.6832353155894796,0.21292106923436355,0.010703454836906668,0.20526427889903726,0.22057785956968984
0.1,labelflip_mu0p4,arl_fl,ARL-FL,35,10,0.2897442266893214,0.08710515533831054,0.22743295227241347,0.35205550110622935,0.3713155953204834,0.08200888344341112,0.312649974198296,0.42998121644267084,28.0,0.0,28.0,28.0,0.6372563926836097,0.023184923606980046,0.6206708974669543,0.6538418879002651,0.2122125398396255,0.0065813297422887135,0.20750454015800915,0.21692053952124188
0.1,labelflip_mu0p4,arl_fl,ARL-FL,40,10,0.2524556275309197,0.10383253398109779,0.17817830728310768,0.32673294777873174,0.33369694476516065,0.10914747247674414,0.2556175465596787,0.4117763429706426,28.0,0.0,28.0,28.0,0.6068880140364328,0.023518507115442334,0.5900638875532809,0.6237121405195847,0.22048255846430517,0.006548526221963614,0.2157980250074935,0.22516709192111684
0.1,labelflip_mu0p4,arl_fl,ARL-FL,45,10,0.23885597093028704,0.10538388945208273,0.1634688778326906,0.3142430640278835,0.32376881094406135,0.09250006506411686,0.2575982505977095,0.3899393712904132,28.0,0.0,28.0,28.0,0.5766966829942557,0.02441895238001023,0.5592284167726466,0.5941649492158648,0.2256809181512005,0.009822117713661826,0.21865459841347573,0.23270723788892528
0.1,labelflip_mu0p4,arl_fl,ARL-FL,50,10,0.3012466754837368,0.10845030751139581,0.22366599905081755,0.37882735191665606,0.37678395630798267,0.11274622792487918,0.2961301635397777,0.4574377490761876,28.0,0.0,28.0,28.0,0.5466528893682716,0.025713872426161143,0.5282582931489685,0.5650474855875747,0.23054810056819397,0.012206313226992765,0.22181623010482363,0.23927997103156431
0.1,labelflip_mu0p4,arl_fl,ARL-FL,55,10,0.27747880151734283,0.08902840048780306,0.21379172040087083,0.34116588263381487,0.35927870004852897,0.09319389105007099,0.29261180649158297,0.42594559360547496,28.0,0.0,28.0,28.0,0.5158550299691507,0.026756652475478,0.49671447384016043,0.5349955860981409,0.23416183808578334,0.01349743601611902,0.2245063540187554,0.24381732215281127
0.1,labelflip_mu0p4,arl_fl,ARL-FL,60,10,0.24023461937641194,0.08228788357578808,0.1813694135827619,0.29909982517006195,0.3153718446070684,0.08049120505196154,0.25779190520324685,0.37295178401088996,28.0,0.0,28.0,28.0,0.4859056610302538,0.02693456649329995,0.4666378328799456,0.5051734891805619,0.231180291880893,0.009417775142177506,0.22444322139405748,0.23791736236772854
0.1,labelflip_mu0p4,arl_fl,ARL-FL,65,10,0.25622010903628,0.11936190720039147,0.17083374441065036,0.34160647366190966,0.32095471499280503,0.11672375141780389,0.23745557332527584,0.40445385666033423,28.0,0.0,28.0,28.0,0.45507692034673797,0.02736236614113205,0.43550306276398126,0.47465077792949467,0.2451528745591701,0.012311374353841229,0.23634584789315963,0.25395990122518053
0.1,labelflip_mu0p4,arl_fl,ARL-FL,70,10,0.2829266887548086,0.06715352188893503,0.23488795311130672,0.33096542439831045,0.3609311546718664,0.06694193921410294,0.31304377615598944,0.4088185331877434,27.8,0.4216370213557839,27.49837904496024,28.10162095503976,0.42520776183277514,0.028443259239024375,0.40486067990782515,0.44555484375772514,0.2347740539727905,0.009637430774809145,0.22787985131221655,0.24166825663336444
0.1,labelflip_mu0p4,arl_fl,ARL-FL,75,10,0.2241016448955174,0.08159657776178773,0.16573096949005017,0.2824723203009846,0.3074724999496763,0.07615445527523303,0.25299488444810425,0.36195011545124833,27.6,0.5163977794943222,27.23059128221082,27.969408717789182,0.39537972627907775,0.028446825554431947,0.37503009316577207,0.4157293593923834,0.23428204857647889,0.010049897171679763,0.22709278523042273,0.24147131192253504
0.1,labelflip_mu0p4,arl_fl,ARL-FL,80,10,0.26190282175362156,0.08747739361360374,0.19932526411581603,0.3244803793914271,0.34169102033459664,0.0906003793395394,0.2768794132904952,0.4065026273786981,27.0,0.816496580927726,26.415913532131917,27.584086467868083,0.3655499422008634,0.029106367686121827,0.34472850106887476,0.38637138333285204,0.23756115082129456,0.012938633499854245,0.22830540999335044,0.24681689164923867
0.1,labelflip_mu0p4,arl_fl,ARL-FL,85,10,0.27269002038883844,0.1015796259143274,0.20002433348510765,0.34535570729256926,0.3543764511665034,0.09244835454105689,0.2882428822999339,0.4205100200330729,26.3,0.674948557710553,25.817170888066816,26.782829111933186,0.33605778433712175,0.02902760189043568,0.31529268886103146,0.35682287981321203,0.23779053193498134,0.010506418826565042,0.23027469267037784,0.24530637119958484
0.1,labelflip_mu0p4,arl_fl,ARL-FL,90,10,0.29136334505064554,0.13762530867951459,0.19291213005041033,0.3898145600508808,0.36453553719335086,0.13104784248131301,0.2707895580617877,0.458281516324914,25.6,1.7763883459298973,24.329248329053243,26.87075167094676,0.30673854772195874,0.029528684666172558,0.28561499922178213,0.32786209622213536,0.23952988346098972,0.009456589259736555,0.23276504702710915,0.24629471989487028
0.1,labelflip_mu0p4,arl_fl,ARL-FL,95,10,0.29475598302711936,0.12585718594048295,0.20472317589856082,0.3847887901556779,0.3734405393712025,0.11566829327201611,0.2906964269772256,0.45618465176517936,24.1,1.7288403306519922,22.86326213014749,25.336737869852513,0.27832902567061013,0.0291162397752353,0.2575005224714978,0.29915752886972247,0.24206964285793128,0.011497179297150025,0.23384505624853205,0.2502942294673305
0.1,labelflip_mu0p4,arl_fl,ARL-FL,100,10,0.25916489523175673,0.12565957164191952,0.1692734528563941,0.34905633760711935,0.3442276547907167,0.12141126085172639,0.2573752708778284,0.431080038703605,22.4,2.0110804171997807,20.96135973509377,23.83864026490623,0.25014338164434097,0.029420654451731722,0.2290971133041181,0.27118964998456385,0.24295504474229795,0.015909860360348662,0.23157381626049361,0.2543362732241023
