run_id,condition_id,outer_fold,alpha,scenario,method,method_label,fl_seed,macro_f1_auc_0_100,macro_f1_auc_20_100,balanced_accuracy_auc_0_100,active_clients_auc_0_100,mean_residual_energy_auc_0_100,macro_f1_round15,macro_f1_round20,macro_f1_round25,macro_f1_round40,macro_f1_round100,macro_f1_postattack_nadir,macro_f1_postattack_nadir_round,macro_f1_delta_round25_minus15,macro_f1_delta_round40_minus15,macro_f1_delta_round100_minus15,macro_f1_final_recovery_from_nadir,active_clients_round100,mean_residual_energy_round100,global_pressure_round20,global_pressure_round40,global_pressure_round100,global_pressure_max
1,1,1,1.0,clean,fedavg,FedAvg,123,0.6239732639845278,0.6898127100227753,0.6580224236023915,27.1,0.5618074484081035,0.5088958086787025,0.5047991879729311,0.5922759189196934,0.5917029100028561,0.8116013884444223,0.5047991879729311,20,0.0833801102409909,0.08280710132415359,0.30270557976571977,0.3068022004714912,20.0,0.2517802310073818,,,,
2,1,1,1.0,clean,fedprox,FedProx,123,0.6288398973070053,0.6932509545222962,0.6621922882093308,27.1,0.5618074484081035,0.5186906063701652,0.5138974798510362,0.623600940575133,0.6014799348371368,0.804765136097887,0.5138974798510362,20,0.10491033420496787,0.08278932846697162,0.28607452972772185,0.29086765624685085,20.0,0.2517802310073818,,,,
3,1,1,1.0,clean,random_trimmed_mean,Random Trimmed Mean,123,0.6099481088358726,0.6659129051708774,0.6499464115692543,27.1,0.5618074484081035,0.5381865285985811,0.4941778040286781,0.6185337891138191,0.6559615411197602,0.6960220941939087,0.4941778040286781,20,0.080347260515238,0.11777501252117917,0.15783556559532763,0.2018442901652306,20.0,0.2517802310073818,,,,
4,1,1,1.0,clean,fedle_adapted,FedLE-adapted,123,0.599426372531379,0.6558340986678208,0.6395407223345793,27.275,0.5605464670285893,0.4715608615712316,0.4535321096726458,0.4765844834009371,0.4993381497848305,0.7495980142438824,0.4535321096726458,20,0.005023621829705505,0.027777288213598872,0.2780371526726508,0.2960659045712366,23.0,0.2701642703163318,,,,
5,1,1,1.0,clean,tea_fl,TEA-FL,123,0.552015327767078,0.6191479411308616,0.605535772136378,26.3,0.6148292334869153,0.3569554795119594,0.423109654081634,0.4648895282686716,0.5272466124546493,0.5896406790759917,0.423109654081634,20,0.1079340487567122,0.17029113294268994,0.23268519956403233,0.16653102499435773,18.0,0.3389424232432674,,,,
6,1,1,1.0,clean,arl_fl,ARL-FL,123,0.5817145538597992,0.647875649709514,0.6251902943135821,27.675,0.5879481811780556,0.4198420078339943,0.4231805250755282,0.5778316543645089,0.6356630949374433,0.7244255553841593,0.4231805250755282,20,0.15798964653051462,0.21582108710344905,0.30458354755016503,0.3012450303086311,25.0,0.2996506930657363,0.1758709317410855,0.2459103137773307,0.2733773106079274,0.2903386612306542
7,2,1,1.0,clean,fedavg,FedAvg,456,0.6467367998082456,0.7210658974306472,0.6756199830454642,27.175,0.5327815359326127,0.4876979653147555,0.564424449778743,0.4940670015436085,0.6983094073648383,0.8564331189329115,0.4940670015436085,25,0.006369036228852987,0.21061144205008275,0.368735153618156,0.362366117389303,19.0,0.2219962195158867,,,,
8,2,1,1.0,clean,fedprox,FedProx,456,0.6376937382249032,0.7091914497493599,0.6681267072606524,27.175,0.5327815359326127,0.4845760740095494,0.5630430075172542,0.4855978976131421,0.7009719501413487,0.8067825205614851,0.4855978976131421,25,0.0010218236035927086,0.21639587613179934,0.32220644655193575,0.32118462294834305,19.0,0.2219962195158867,,,,
9,2,1,1.0,clean,random_trimmed_mean,Random Trimmed Mean,456,0.6022706719915031,0.6644534817019617,0.643409272421931,27.175,0.5327815359326127,0.4480097867206093,0.5535141234795377,0.4671802742888231,0.6674794262946767,0.7278559332991041,0.4671802742888231,25,0.019170487568213768,0.2194696395740674,0.2798461465784948,0.26067565901028106,19.0,0.2219962195158867,,,,
10,2,1,1.0,clean,fedle_adapted,FedLE-adapted,456,0.6516002333726004,0.7357381448844063,0.6811975162169694,27.65,0.5194430596004905,0.3968783680900322,0.467331471545835,0.7062486164516649,0.6827797151286775,0.83464959571285,0.467331471545835,20,0.30937024836163274,0.28590134703864534,0.43777122762281784,0.36731812416701504,24.0,0.2178586721551105,,,,
11,2,1,1.0,clean,tea_fl,TEA-FL,456,0.6044839259707319,0.6695344052758498,0.6495094062382472,25.525,0.5859010483059773,0.4537666670525717,0.6372462819844874,0.6630803628983435,0.6438714750449821,0.6733226431029312,0.586798517833034,30,0.2093136958457718,0.19010480799241042,0.21955597605035954,0.08652412526989717,17.0,0.300182736703633,,,,
12,2,1,1.0,clean,arl_fl,ARL-FL,456,0.5972668779964795,0.6728231240050532,0.6419155871955788,27.575,0.5577343053479258,0.4477532029775613,0.4858047279445179,0.6074524123353751,0.754310534874008,0.707173444599524,0.4858047279445179,20,0.15969920935781373,0.3065573318964467,0.2594202416219627,0.22136871665500613,25.0,0.2660509388565563,0.1865536159177543,0.2655999223931372,0.2999732740988031,0.2999732740988031
13,3,1,1.0,signflip_mu0p2,fedavg,FedAvg,123,0.1059567676099811,0.049892816004535996,0.17698199892491404,27.1,0.5618074484081035,0.5078852969174262,0.2340497058964685,0.4720347645545511,0.0144208037825059,0.0144208037825059,0.0144208037825059,35,-0.03585053236287511,-0.49346449313492036,-0.49346449313492036,0.0,20.0,0.2517802310073818,,,,
14,3,1,1.0,signflip_mu0p2,fedprox,FedProx,123,0.10464017055554481,0.04630507196486588,0.17676340069854754,27.1,0.5618074484081035,0.5093095012679506,0.2350169060141956,0.420508797056616,0.0133333333333333,0.0144208037825059,0.0133333333333333,30,-0.08880070421133462,-0.4959761679346173,-0.49488869748544473,0.0010874704491726003,20.0,0.2517802310073818,,,,
15,3,1,1.0,signflip_mu0p2,random_trimmed_mean,Random Trimmed Mean,123,0.43756332396137376,0.45428751163531267,0.5066882271225817,27.1,0.5618074484081035,0.5405022628727253,0.3513136802270591,0.5981392670590032,0.3906207855861363,0.5322786342804551,0.3088633566473238,65,0.05763700418627793,-0.14988147728658902,-0.008223628592270216,0.2234152776331313,20.0,0.2517802310073818,,,,
16,3,1,1.0,signflip_mu0p2,fedle_adapted,FedLE-adapted,123,0.09287831604250624,0.025598527591040532,0.16126796032729243,27.275,0.5605464670285893,0.4619286770002109,0.3582932734442956,0.0193389365607006,0.0144208037825059,0.0144208037825059,0.0144208037825059,35,-0.44258974043951027,-0.447507873217705,-0.447507873217705,0.0,23.0,0.2701642703163318,,,,
17,3,1,1.0,signflip_mu0p2,tea_fl,TEA-FL,123,0.5202266987903571,0.5764993961634687,0.5750659088524135,24.675,0.606101717333312,0.3854264296573611,0.4625559750058887,0.4462086694428208,0.5430000010089527,0.6526422559066017,0.4462086694428208,25,0.06078223978545966,0.1575735713515916,0.2672158262492406,0.20643358646378096,15.0,0.3045316134110469,,,,
18,3,1,1.0,signflip_mu0p2,arl_fl,ARL-FL,123,0.49368977029434274,0.5329563426786941,0.5470701794584482,27.425,0.5863285092488258,0.4154601674491891,0.5581343296288531,0.5611348131721743,0.3254997270705517,0.5747212538573877,0.3254997270705517,40,0.14567464572298516,-0.08996044037863743,0.15926108640819858,0.249221526786836,23.0,0.2932279466758248,0.2218705649346765,0.3677729116101692,0.3142869548058516,0.4161683453344872
19,4,1,1.0,signflip_mu0p2,fedavg,FedAvg,456,0.10310830067471188,0.042646737794708574,0.1741367035960397,27.175,0.5327815359326127,0.4990963700139165,0.5088912484835655,0.0098230232180548,0.0152540381042997,0.0255571705426356,0.0098230232180548,25,-0.4892733467958617,-0.4838423319096168,-0.47353919947128087,0.0157341473245808,19.0,0.2219962195158867,,,,
20,4,1,1.0,signflip_mu0p2,fedprox,FedProx,456,0.13194142127525793,0.07842360713781567,0.21267777537668744,27.175,0.5327815359326127,0.4836189929109623,0.5214268073143368,0.0498509021973764,0.0144208037825059,0.0520252088462565,0.0144208037825059,40,-0.43376809071358585,-0.4691981891284564,-0.4315937840647058,0.037604405063750596,19.0,0.2219962195158867,,,,
21,4,1,1.0,signflip_mu0p2,random_trimmed_mean,Random Trimmed Mean,456,0.45536334837801834,0.4816637961818543,0.5170114565332169,27.175,0.5327815359326127,0.4450949823905947,0.5326716469960285,0.3929216397857281,0.3936924899249946,0.5112576912813941,0.2321474107794646,90,-0.05217334260486661,-0.05140249246560008,0.0661627088907994,0.2791102805019295,19.0,0.2219962195158867,,,,
22,4,1,1.0,signflip_mu0p2,fedle_adapted,FedLE-adapted,456,0.1096115529469094,0.0588897291470009,0.1868098267798928,27.65,0.5194430596004905,0.4005646271256176,0.4546195762914744,0.2497249722554035,0.0164100171099704,0.0279697440535547,0.0144208037825059,70,-0.15083965487021408,-0.38415461001564716,-0.3725948830720629,0.0135489402710488,24.0,0.2178586721551105,,,,
23,4,1,1.0,signflip_mu0p2,tea_fl,TEA-FL,456,0.5657251437105646,0.6300879903303354,0.616079085428387,24.9,0.5830878084409647,0.4461573343043241,0.4333042445042216,0.5775694196682731,0.6120523793258077,0.6778524178335558,0.4333042445042216,20,0.13141208536394905,0.1658950450214836,0.23169508352923168,0.24454817332933415,14.0,0.2859264319709976,,,,
24,4,1,1.0,signflip_mu0p2,arl_fl,ARL-FL,456,0.47570332044197366,0.5247194008157456,0.5398446290171174,27.375,0.554323551394096,0.4066212049054551,0.4327025507846511,0.520801544119594,0.5675317912182215,0.5912789150613037,0.1788093795335289,60,0.11418033921413889,0.1609105863127664,0.1846577101558486,0.41246953552777477,23.0,0.2604660362462145,0.1981639815406741,0.2563175478603914,0.2699339258390353,0.3616417123332259
25,5,1,1.0,signflip_mu0p4,fedavg,FedAvg,123,0.08407056879725161,0.02204441633044779,0.15602789870588216,27.1,0.5618074484081035,0.5085416979191574,0.2606089605434267,0.0143487858719646,0.0143487858719646,0.0143487858719646,0.0143487858719646,25,-0.4941929120471928,-0.4941929120471928,-0.4941929120471928,0.0,20.0,0.2517802310073818,,,,
26,5,1,1.0,signflip_mu0p4,fedprox,FedProx,123,0.08371572038776952,0.02195697111946767,0.1561606087860115,27.1,0.5618074484081035,0.5125309929593137,0.257810713792063,0.0143487858719646,0.0143487858719646,0.0143487858719646,0.0143487858719646,25,-0.4981822070873491,-0.4981822070873491,-0.4981822070873491,0.0,20.0,0.2517802310073818,,,,
27,5,1,1.0,signflip_mu0p4,random_trimmed_mean,Random Trimmed Mean,123,0.12055921441889751,0.057300536016611434,0.1954669227492611,27.1,0.5618074484081035,0.5483370098602826,0.3830804534930747,0.392982044358047,0.0143487858719646,0.0143487858719646,0.0143487858719646,40,-0.15535496550223554,-0.5339882239883179,-0.5339882239883179,0.0,20.0,0.2517802310073818,,,,
28,5,1,1.0,signflip_mu0p4,fedle_adapted,FedLE-adapted,123,0.09054548483011045,0.02120900865860002,0.15839259509849968,27.275,0.5605464670285893,0.5380529946784611,0.2338759150442981,0.0143487858719646,0.0143487858719646,0.0143487858719646,0.0143487858719646,25,-0.5237042088064965,-0.5237042088064965,-0.5237042088064965,0.0,23.0,0.2701642703163318,,,,
29,5,1,1.0,signflip_mu0p4,tea_fl,TEA-FL,123,0.526823912516493,0.5909926046699102,0.5817678647406183,25.2,0.604051515382888,0.3794677149625851,0.2737653227096931,0.4741059131583424,0.6066665766409037,0.6704212238603846,0.2737653227096931,20,0.0946381981957573,0.22719886167831865,0.29095350889779953,0.3966559011506915,18.0,0.319123362105529,,,,
30,5,1,1.0,signflip_mu0p4,arl_fl,ARL-FL,123,0.10553270421652501,0.04548694346110553,0.18055824549495525,27.6,0.5860427736438847,0.4465694269375245,0.4493887591222124,0.1646300561200611,0.0143487858719646,0.0143487858719646,0.0143487858719646,35,-0.2819393708174634,-0.4322206410655599,-0.4322206410655599,0.0,26.0,0.2914736103199212,0.2508314365181823,0.2228373509764299,0.2862364881036199,0.501475979197097
31,6,1,1.0,signflip_mu0p4,fedavg,FedAvg,456,0.0786040974463184,0.021023677084996972,0.1488600151153222,27.175,0.5327815359326127,0.4880691570589233,0.2279453046890006,0.0143487858719646,0.0143487858719646,0.0143487858719646,0.0143487858719646,25,-0.4737203711869587,-0.4737203711869587,-0.4737203711869587,0.0,19.0,0.2219962195158867,,,,
32,6,1,1.0,signflip_mu0p4,fedprox,FedProx,456,0.08165224304184944,0.02249365069308019,0.15091308904561113,27.175,0.5327815359326127,0.4886180157678693,0.2749844601476635,0.0143487858719646,0.0143487858719646,0.0143487858719646,0.0143487858719646,25,-0.4742692298959047,-0.4742692298959047,-0.4742692298959047,0.0,19.0,0.2219962195158867,,,,
33,6,1,1.0,signflip_mu0p4,random_trimmed_mean,Random Trimmed Mean,456,0.10315761288390383,0.04191895791061288,0.17777913766471806,27.175,0.5327815359326127,0.4497708707650076,0.5101616678173352,0.0502231436715004,0.0155771195097037,0.0144208037825059,0.0125259294718366,55,-0.3995477270935072,-0.4341937512553039,-0.4353500669825017,0.0018948743106693006,19.0,0.2219962195158867,,,,
34,6,1,1.0,signflip_mu0p4,fedle_adapted,FedLE-adapted,456,0.06706467677937825,0.017400161896436755,0.1425416717069068,27.65,0.5194430596004905,0.4202475021253074,0.1344350919660785,0.0136248415716096,0.0136248415716096,0.0136248415716096,0.0136248415716096,25,-0.40662266055369783,-0.40662266055369783,-0.40662266055369783,0.0,24.0,0.2178586721551105,,,,
35,6,1,1.0,signflip_mu0p4,tea_fl,TEA-FL,456,0.5753096762743263,0.6391838350734977,0.6226450843090098,24.85,0.5702519540823922,0.4488149116617245,0.4999999188273791,0.5457259228765033,0.7488177419267884,0.4410276137544662,0.4410276137544662,100,0.09691101121477885,0.3000028302650639,-0.007787297907258295,0.0,14.0,0.2669212226830096,,,,
36,6,1,1.0,signflip_mu0p4,arl_fl,ARL-FL,456,0.09569057395009745,0.050546906037867975,0.1879123037417302,26.925,0.5485497648166168,0.3989503756578694,0.4418693812411607,0.0448995094294783,0.0502897973363594,0.0133333333333333,0.0098230232180548,30,-0.3540508662283911,-0.34866057832151,-0.3856170423245361,0.0035103101152784994,23.0,0.2510301654232419,0.2268294878925321,0.2123012677799334,0.304854059746988,0.448493484418514
37,7,1,1.0,labelflip_mu0p2,fedavg,FedAvg,123,0.5636491723103556,0.6151188766083113,0.6065411359768099,27.1,0.5618074484081035,0.5218666087354775,0.4483688176981287,0.6207471368459926,0.4728805914561365,0.759167950020998,0.3666279538864592,30,0.09888052811051506,-0.04898601727934104,0.2373013412855205,0.3925399961345388,20.0,0.2517802310073818,,,,
38,7,1,1.0,labelflip_mu0p2,fedprox,FedProx,123,0.5561915839206719,0.6078246165638399,0.602086259112343,27.1,0.5618074484081035,0.5220244040426668,0.3843802500245925,0.6085898434383655,0.5087876788532454,0.7577288104496019,0.3392068466957714,30,0.08656543939569872,-0.013236725189421428,0.23570440640693513,0.41852196375383055,20.0,0.2517802310073818,,,,
39,7,1,1.0,labelflip_mu0p2,random_trimmed_mean,Random Trimmed Mean,123,0.5946938206916872,0.6495833157899906,0.635001805015241,27.1,0.5618074484081035,0.5375268155983645,0.405847677664731,0.6218982957190393,0.5529518764678792,0.7649897727204663,0.405847677664731,20,0.08437148012067486,0.015425060869514784,0.22746295712210185,0.3591420950557353,20.0,0.2517802310073818,,,,
40,7,1,1.0,labelflip_mu0p2,fedle_adapted,FedLE-adapted,123,0.5310754054024931,0.5636511589931888,0.5799310915672656,27.275,0.5605464670285893,0.4839299617364929,0.5064058835741075,0.3000276228566735,0.4517564035282272,0.7040295897856801,0.3000276228566735,25,-0.18390233887981938,-0.032173558208265673,0.2200996280491872,0.4040019669290066,23.0,0.2701642703163318,,,,
41,7,1,1.0,labelflip_mu0p2,tea_fl,TEA-FL,123,0.5514092162947486,0.6150317554953555,0.6033232035495701,25.325,0.6069049463441258,0.3863288934032481,0.471175391058279,0.4166736464625051,0.544502969901514,0.691377882026251,0.4166736464625051,25,0.03034475305925699,0.15817407649826593,0.30504898862300284,0.27470423556374585,15.0,0.3163436986867344,,,,
42,7,1,1.0,labelflip_mu0p2,arl_fl,ARL-FL,123,0.531558995256558,0.5846525756722263,0.5764174932952669,27.625,0.5874226955546679,0.42260744384669,0.4295071350790654,0.2797017139759829,0.4993025832342543,0.6794890837751167,0.2797017139759829,25,-0.1429057298707071,0.07669513938756428,0.2568816399284267,0.3997873697991338,25.0,0.2949502175984015,0.2126203963723461,0.2591719538193576,0.3005997977800401,0.3038756002596536
43,8,1,1.0,labelflip_mu0p2,fedavg,FedAvg,456,0.5506701405960424,0.6012627438466682,0.598811736422368,27.175,0.5327815359326127,0.4863745351182447,0.5461942441609633,0.5350091164211613,0.4303094663104591,0.7692296083463291,0.4016563503153383,35,0.048634581302916646,-0.05606506880778561,0.28285507322808445,0.36757325803099083,19.0,0.2219962195158867,,,,
44,8,1,1.0,labelflip_mu0p2,fedprox,FedProx,456,0.5507491928633925,0.6004169883644657,0.5967363567239945,27.175,0.5327815359326127,0.5043307621125549,0.5399523186479903,0.5504023844407069,0.4982444300249208,0.7661983491965038,0.3753957020807403,35,0.046071622328151984,-0.006086332087634094,0.26186758708394886,0.39080264711576346,19.0,0.2219962195158867,,,,
45,8,1,1.0,labelflip_mu0p2,random_trimmed_mean,Random Trimmed Mean,456,0.5330294323666478,0.5763974119890868,0.5854950954733801,27.175,0.5327815359326127,0.4479599949705078,0.6015304443050825,0.5442284871768509,0.4692811822156002,0.765425218900576,0.3672893476767225,35,0.09626849220634309,0.02132118724509241,0.3174652239300682,0.3981358712238535,19.0,0.2219962195158867,,,,
46,8,1,1.0,labelflip_mu0p2,fedle_adapted,FedLE-adapted,456,0.587207667473793,0.6577178764043212,0.6306680538525898,27.65,0.5194430596004905,0.4073060840401488,0.4495220472340666,0.5690968289502156,0.4048790980423944,0.642245108711239,0.4048790980423944,40,0.16179074491006684,-0.0024269859977543717,0.23493902467109018,0.23736601066884455,24.0,0.2178586721551105,,,,
47,8,1,1.0,labelflip_mu0p2,tea_fl,TEA-FL,456,0.5821068015594242,0.6420843629264299,0.6310212647507231,24.75,0.5807390818272257,0.4440536210812071,0.5962369234198616,0.5455342456736249,0.6188931456610848,0.6736003506531018,0.542619739921124,35,0.10148062459241775,0.17483952457987767,0.22954672957189465,0.13098061073197775,14.0,0.2876838060426159,,,,
48,8,1,1.0,labelflip_mu0p2,arl_fl,ARL-FL,456,0.5220574437906952,0.5862267448284733,0.5802994495153828,27.725,0.5562850316240753,0.4002446036644915,0.3430223901297866,0.520264716005009,0.5802820817055269,0.6962380388068753,0.3430223901297866,20,0.12002011234051752,0.18003747804103537,0.2959934351423838,0.3532156486770887,25.0,0.2628163413410458,0.1979329802663139,0.2479884477126531,0.274232093424737,0.2940530332225154
49,9,1,1.0,labelflip_mu0p4,fedavg,FedAvg,123,0.40977775851824694,0.42628810652981564,0.46053416396962704,27.1,0.5618074484081035,0.5076521826069521,0.371001944620404,0.5225704453302354,0.1990361332222301,0.1297951366500285,0.1297951366500285,100,0.014918262723283338,-0.308616049384722,-0.3778570459569236,0.0,20.0,0.2517802310073818,,,,
50,9,1,1.0,labelflip_mu0p4,fedprox,FedProx,123,0.41274219615803437,0.42883626654548246,0.46500069444936026,27.1,0.5618074484081035,0.531245191298401,0.3714492221045129,0.5264593999255044,0.2297539461029159,0.1273342342807486,0.1273342342807486,100,-0.004785791372896586,-0.3014912451954851,-0.40391095701765234,0.0,20.0,0.2517802310073818,,,,
51,9,1,1.0,labelflip_mu0p4,random_trimmed_mean,Random Trimmed Mean,123,0.4408589743743753,0.45674036708550797,0.49608652998512776,27.1,0.5618074484081035,0.5384284006310692,0.4283025446294795,0.4890430092870048,0.1739309719352391,0.2125110597515213,0.1739309719352391,40,-0.049385391344064444,-0.36449742869583013,-0.32591734087954793,0.038580087816282194,20.0,0.2517802310073818,,,,
52,9,1,1.0,labelflip_mu0p4,fedle_adapted,FedLE-adapted,123,0.48303077316129084,0.5082149744449393,0.5361302039009241,27.275,0.5605464670285893,0.5136614398659455,0.2979013434546613,0.2881175322658993,0.5135843757163314,0.6801012238379646,0.2881175322658993,25,-0.22554390760004617,-7.706414961405894e-05,0.16643978397201908,0.39198369157206525,23.0,0.2701642703163318,,,,
53,9,1,1.0,labelflip_mu0p4,tea_fl,TEA-FL,123,0.5738108846333023,0.648577186742633,0.6197957991792818,25.45,0.6047001070387193,0.3853966549015703,0.3016417866914525,0.5393436221976736,0.6195681134374376,0.7415439452124176,0.3016417866914525,20,0.1539469672961033,0.23417145853586724,0.3561472903108473,0.43990215852096515,16.0,0.3198959452487913,,,,
54,9,1,1.0,labelflip_mu0p4,arl_fl,ARL-FL,123,0.4158376345286222,0.44375300190071776,0.47752858779521645,27.7,0.5827825504411439,0.4363354305033287,0.2639076421141638,0.3914928076124331,0.398137301014782,0.4969908564135601,0.1581911267151833,35,-0.04484262289089558,-0.03819812948854667,0.06065542591023143,0.3387997296983768,24.0,0.2868224582582529,0.1817670371955177,0.2306436367080022,0.2232086124800406,0.2546405329305932
55,10,1,1.0,labelflip_mu0p4,fedavg,FedAvg,456,0.4586048532072569,0.49199564607425117,0.5196238624950866,27.175,0.5327815359326127,0.4906910758886508,0.3635821431203139,0.3641121580149469,0.5129369090704075,0.7926713802932667,0.2639751489903553,75,-0.1265789178737039,0.022245833181756658,0.3019803044046159,0.5286962313029113,19.0,0.2219962195158867,,,,
56,10,1,1.0,labelflip_mu0p4,fedprox,FedProx,456,0.446765713427055,0.4761114289965155,0.512759704006346,27.175,0.5327815359326127,0.4898746660252695,0.3652250505783311,0.3545972515682258,0.5122399774156996,0.7769390610495815,0.2638598885383104,75,-0.13527741445704372,0.022365311390430076,0.287064395024312,0.5130791725112711,19.0,0.2219962195158867,,,,
57,10,1,1.0,labelflip_mu0p4,random_trimmed_mean,Random Trimmed Mean,456,0.4642314229894152,0.4976210716630932,0.5307343966509266,27.175,0.5327815359326127,0.4453695542438975,0.3797268455350806,0.3612115233132773,0.5058759497789433,0.740567615740038,0.2982882824268529,35,-0.08415803093062019,0.06050639553504583,0.29519806149614053,0.44227933331318514,19.0,0.2219962195158867,,,,
58,10,1,1.0,labelflip_mu0p4,fedle_adapted,FedLE-adapted,456,0.48985234424240426,0.5450202637608175,0.5472515347027882,27.65,0.5194430596004905,0.4187509137867541,0.1016525433133628,0.3958615306887521,0.2998677337751845,0.6033654588469658,0.1016525433133628,20,-0.022889383098002036,-0.11888318001156961,0.1846145450602117,0.501712915533603,24.0,0.2178586721551105,,,,
59,10,1,1.0,labelflip_mu0p4,tea_fl,TEA-FL,456,0.6115525667697304,0.6864689847560992,0.6519933497282276,25.05,0.5766492139821755,0.4371516751089941,0.5384690073420102,0.5475890406656582,0.6613548055409895,0.7132180276058704,0.5384690073420102,20,0.11043736555666406,0.22420313043199536,0.2760663524968763,0.1747490202638602,16.0,0.2838672319798443,,,,
60,10,1,1.0,labelflip_mu0p4,arl_fl,ARL-FL,456,0.43448166738608923,0.4752539380132097,0.4967977003996108,27.725,0.5560400576278738,0.4484942822419864,0.2953343123290899,0.4125173420428896,0.3823464435892656,0.6569051171713839,0.1465008906419151,50,-0.03597694019909681,-0.06614783865272078,0.2084108349293975,0.5104042265294688,25.0,0.2626445244305452,0.1848036111462188,0.2323220169185673,0.2618562131366084,0.2618562131366084
61,11,1,0.1,clean,fedavg,FedAvg,123,0.38870067705563677,0.4324292727611372,0.4666390525789722,25.35,0.5459928301917255,0.2386506730221669,0.3132818158255468,0.3342435727921637,0.3929728892556047,0.6107907148196913,0.3132818158255468,20,0.09559289976999683,0.1543222162334378,0.37214004179752436,0.29750889899414446,20.0,0.2532252426772409,,,,
62,11,1,0.1,clean,fedprox,FedProx,123,0.38619927376179747,0.4288454216734928,0.4629196966902891,25.35,0.5459928301917255,0.2415380230889645,0.3160827208069822,0.2689577065780323,0.4001124540963013,0.5561185812342054,0.2689577065780323,25,0.027419683489067814,0.1585744310073368,0.31458055814524094,0.2871608746561731,20.0,0.2532252426772409,,,,
63,11,1,0.1,clean,random_trimmed_mean,Random Trimmed Mean,123,0.3634154137674599,0.4136775945939178,0.4460584347228106,25.35,0.5459928301917255,0.1644894469649001,0.4059443191593951,0.290696516943038,0.4612797183082581,0.5293322352011244,0.290696516943038,25,0.1262070699781379,0.296790271343358,0.3648427882362243,0.23863571825808638,20.0,0.2532252426772409,,,,
64,11,1,0.1,clean,fedle_adapted,FedLE-adapted,123,0.40416819165021733,0.4419524682467073,0.4799725777620445,26.4,0.5335333450957677,0.2372812032221328,0.3248536231283346,0.3799655377192856,0.3984901497913343,0.5242452625434241,0.3248536231283346,20,0.1426843344971528,0.16120894656920148,0.28696405932129126,0.19939163941508947,22.0,0.2435923635495978,,,,
65,11,1,0.1,clean,tea_fl,TEA-FL,123,0.28014947601706486,0.3097516429243262,0.3749024918378415,26.575,0.6406561543363395,0.1998611837788341,0.1887713704497532,0.2998855743711894,0.3326583767081552,0.464621106691109,0.1661704122907962,55,0.1000243905923553,0.13279719292932107,0.2647599229122749,0.2984506944003128,21.0,0.3945328928226695,,,,
66,11,1,0.1,clean,arl_fl,ARL-FL,123,0.36707863665165,0.41069932015365807,0.4417399314815515,27.2,0.5771432568965892,0.1358871396490068,0.2969030591321613,0.3875196265706455,0.3098281719761772,0.5485955985579317,0.2838550227817441,50,0.25163248692163864,0.17394103232717037,0.41270845890892494,0.2647405757761876,22.0,0.2814237144906715,0.1884206842786803,0.2203971901330098,0.2633443570202664,0.2697479551706394
67,12,1,0.1,clean,fedavg,FedAvg,456,0.40716173904177444,0.45162472843060913,0.47782489862601174,25.675,0.5181756949979434,0.2932986605000604,0.339579917712054,0.3026747014794546,0.4569698412737009,0.4373845544332851,0.3026747014794546,25,0.009376040979394151,0.16367118077364046,0.14408589393322468,0.13470985295383053,17.0,0.2155035920701447,,,,
68,12,1,0.1,clean,fedprox,FedProx,456,0.4128078510020993,0.45798275719237347,0.4799318553523611,25.675,0.5181756949979434,0.2953412314436721,0.3420380860499064,0.306391200340589,0.4487638492435359,0.4715630504962432,0.306391200340589,25,0.011049968896916895,0.15342261779986383,0.17622181905257112,0.16517185015565422,17.0,0.2155035920701447,,,,
69,12,1,0.1,clean,random_trimmed_mean,Random Trimmed Mean,456,0.3390338280639271,0.38132529609938154,0.42268502073226843,25.675,0.5181756949979434,0.2001366597851102,0.2132739726865139,0.2619889641711566,0.4121233469387275,0.3376860146130048,0.2132739726865139,20,0.061852304386046386,0.2119866871536173,0.1375493548278946,0.12441204192649089,17.0,0.2155035920701447,,,,
70,12,1,0.1,clean,fedle_adapted,FedLE-adapted,456,0.4070375821510822,0.45002589118378067,0.48214431764083554,27.3,0.5096867728085257,0.3654313985636178,0.3496019290131109,0.4344801762511948,0.2988100059883328,0.5629720905883191,0.2877359026417436,45,0.069048777687577,-0.06662139257528499,0.19754069202470131,0.2752361879465755,22.0,0.2093661945997407,,,,
71,12,1,0.1,clean,tea_fl,TEA-FL,456,0.28968071461208345,0.3239129598531821,0.390904489680114,26.375,0.6012030886166031,0.1741169256040333,0.2529634247496206,0.1629007229273647,0.208119370479616,0.3912145518619803,0.1629007229273647,25,-0.01121620267666859,0.03400244487558271,0.21709762625794699,0.22831382893461558,19.0,0.3383439348814318,,,,
72,12,1,0.1,clean,arl_fl,ARL-FL,456,0.34169168932084176,0.3907513106344072,0.4265740206740537,26.875,0.544848546822364,0.2092790010559569,0.1413530354676714,0.1922276131647023,0.3282689205317191,0.4010415244173229,0.1413530354676714,20,-0.0170513878912546,0.11898991947576218,0.19176252336136598,0.25968848894965146,19.0,0.2463288551514048,0.1916749432293686,0.2364536472832847,0.2625002026711085,0.2632640357262985
73,13,1,0.1,signflip_mu0p2,fedavg,FedAvg,123,0.05436960512856347,0.022998312121782903,0.1465606989566988,25.35,0.5459928301917255,0.235019774359544,0.0420591034639764,0.0401582748402205,0.0098230232180548,0.0098230232180548,0.0098230232180548,40,-0.1948614995193235,-0.22519675114148918,-0.22519675114148918,0.0,20.0,0.2532252426772409,,,,
74,13,1,0.1,signflip_mu0p2,fedprox,FedProx,123,0.050592405876002236,0.017757899966737156,0.13563011342807185,25.35,0.5459928301917255,0.2433331112340413,0.0436962162466922,0.041126554875577,0.0155612244897959,0.0098230232180548,0.0098230232180548,55,-0.2022065563584643,-0.2277718867442454,-0.2335100880159865,0.0,20.0,0.2532252426772409,,,,
75,13,1,0.1,signflip_mu0p2,random_trimmed_mean,Random Trimmed Mean,123,0.12648356783561124,0.12500767893005177,0.22735629966771526,25.35,0.5459928301917255,0.1632160916246255,0.1676305868911975,0.2565757952496247,0.0502505941856681,0.0828939770305646,0.0302911318152857,65,0.09335970362499921,-0.1129654974389574,-0.0803221145940609,0.0526028452152789,20.0,0.2532252426772409,,,,
76,13,1,0.1,signflip_mu0p2,fedle_adapted,FedLE-adapted,123,0.05474457351955076,0.011615692469092387,0.13509196261395917,26.4,0.5335333450957677,0.2709946508339211,0.039601755864551,0.0144208037825059,0.0098230232180548,0.0098230232180548,0.0098230232180548,40,-0.2565738470514152,-0.2611716276158663,-0.2611716276158663,0.0,22.0,0.2435923635495978,,,,
77,13,1,0.1,signflip_mu0p2,tea_fl,TEA-FL,123,0.2415174331070475,0.2604868705661733,0.3362289557589191,26.25,0.6345294502627358,0.1790380189306429,0.2701788658394999,0.3217632145795943,0.1267961381658014,0.2886315403746711,0.1267961381658014,40,0.1427251956489514,-0.052241880764841486,0.1095935214440282,0.1618354022088697,18.0,0.3647050134171009,,,,
78,13,1,0.1,signflip_mu0p2,arl_fl,ARL-FL,123,0.2553653549439276,0.2736492517960076,0.35249460710632813,26.975,0.5731372090270197,0.1121752992595008,0.2449742210614212,0.2124441751379427,0.2889531741849319,0.3400048396624162,0.1110190743093462,80,0.1002688758784419,0.17677787492543107,0.22782954040291536,0.22898576535306997,23.0,0.2729940137795741,0.2052413108133754,0.2925798325690129,0.2290080804379977,0.4083141252059301
79,14,1,0.1,signflip_mu0p2,fedavg,FedAvg,456,0.060016943299137135,0.020966689591407385,0.1336853194626661,25.675,0.5181756949979434,0.2933775009748924,0.2238891496673534,0.0144208037825059,0.0144208037825059,0.0144208037825059,0.0144208037825059,25,-0.2789566971923865,-0.2789566971923865,-0.2789566971923865,0.0,17.0,0.2155035920701447,,,,
80,14,1,0.1,signflip_mu0p2,fedprox,FedProx,456,0.06146006149759056,0.021550891042723414,0.135389964119138,25.675,0.5181756949979434,0.2988504561650539,0.2425835961094664,0.0144208037825059,0.0144208037825059,0.0144208037825059,0.0144208037825059,25,-0.284429652382548,-0.284429652382548,-0.284429652382548,0.0,17.0,0.2155035920701447,,,,
81,14,1,0.1,signflip_mu0p2,random_trimmed_mean,Random Trimmed Mean,456,0.188700629079816,0.19696813913927186,0.2883257340071102,25.675,0.5181756949979434,0.1517062960377912,0.1935582147776314,0.2296371346655066,0.0944619176223098,0.166286080411585,0.0479717933464752,90,0.07793083862771538,-0.05724437841548141,0.014579784373793786,0.1183142870651098,17.0,0.2155035920701447,,,,
82,14,1,0.1,signflip_mu0p2,fedle_adapted,FedLE-adapted,456,0.06783562430910994,0.028873875382254673,0.14314585781424116,27.3,0.5096867728085257,0.3783526058128214,0.2471064848353044,0.0963213845158289,0.0140600315955766,0.0140600315955766,0.0140600315955766,30,-0.2820312212969925,-0.36429257421724476,-0.36429257421724476,0.0,22.0,0.2093661945997407,,,,
83,14,1,0.1,signflip_mu0p2,tea_fl,TEA-FL,456,0.2166926301345483,0.2375043924560099,0.32542606500624155,26.35,0.5990281843517002,0.1726953114433196,0.094648407673558,0.1311494985336722,0.1684466241424128,0.4064706159501652,0.094648407673558,20,-0.0415458129096474,-0.0042486873009068005,0.2337753045068456,0.3118222082766072,18.0,0.3214670961894678,,,,
84,14,1,0.1,signflip_mu0p2,arl_fl,ARL-FL,456,0.197257041739916,0.2139537588021187,0.3014468770470411,26.65,0.5481153117489371,0.2141161794766752,0.0556746517631661,0.2006523563085873,0.1967503957782723,0.2361890378410515,0.0556746517631661,20,-0.01346382316808789,-0.017365783698402887,0.022072858364376308,0.1805143860778854,22.0,0.2548031099500071,0.2154438684213783,0.2231800294586506,0.2233311237139785,0.3315245655074597
85,15,1,0.1,signflip_mu0p4,fedavg,FedAvg,123,0.046918540864503644,0.014474452606101532,0.12119528149830984,25.35,0.5459928301917255,0.2362572819046033,0.0161375661375661,0.0144208037825059,0.0144208037825059,0.0144208037825059,0.0144208037825059,25,-0.2218364781220974,-0.2218364781220974,-0.2218364781220974,0.0,20.0,0.2532252426772409,,,,
86,15,1,0.1,signflip_mu0p4,fedprox,FedProx,123,0.04645298779182593,0.014438750026151165,0.120733761482975,25.35,0.5459928301917255,0.227791975206822,0.0149950835791543,0.0144208037825059,0.0144208037825059,0.0144208037825059,0.0144208037825059,25,-0.2133711714243161,-0.2133711714243161,-0.2133711714243161,0.0,20.0,0.2532252426772409,,,,
87,15,1,0.1,signflip_mu0p4,random_trimmed_mean,Random Trimmed Mean,123,0.07143352764244464,0.055332237593846666,0.1645675813075898,25.35,0.5459928301917255,0.1656775853084786,0.1784747623389118,0.2857979764535003,0.0144208037825059,0.0384844749041649,0.0092094539527302,95,0.12012039114502171,-0.1512567815259727,-0.1271931104043137,0.0292750209514347,20.0,0.2532252426772409,,,,
88,15,1,0.1,signflip_mu0p4,fedle_adapted,FedLE-adapted,123,0.05719600846674748,0.015708079213827032,0.13375494184614298,26.4,0.5335333450957677,0.2608703061726407,0.0667975553795904,0.0140600315955766,0.0140600315955766,0.0140600315955766,0.0140600315955766,25,-0.2468102745770641,-0.2468102745770641,-0.2468102745770641,0.0,22.0,0.2435923635495978,,,,
89,15,1,0.1,signflip_mu0p4,tea_fl,TEA-FL,123,0.26009088018132637,0.2920865651613268,0.3638935579781931,26.025,0.6142809353945562,0.1804970655612655,0.0092094539527302,0.2280819938070822,0.3644359484651268,0.380421306243083,0.0092094539527302,20,0.0475849282458167,0.1839388829038613,0.19992424068181752,0.3712118522903528,19.0,0.3329394647596572,,,,
90,15,1,0.1,signflip_mu0p4,arl_fl,ARL-FL,123,0.059348657469997165,0.033465032534951596,0.13712290243206995,26.675,0.5735505709016336,0.1277902252781213,0.0796368414387031,0.1332198581991467,0.0144208037825059,0.0144208037825059,0.0140800506249011,60,0.005429632921025385,-0.11336942149561541,-0.11336942149561541,0.00034075315760479993,21.0,0.2806659483162765,0.1978049806267267,0.2515059753465324,0.2612800785558951,0.3708731547660451
91,16,1,0.1,signflip_mu0p4,fedavg,FedAvg,456,0.05530555876487479,0.01735732527245392,0.12879084104258404,25.675,0.5181756949979434,0.2882978796225894,0.115615242976198,0.0133333333333333,0.0140600315955766,0.0144208037825059,0.0133333333333333,25,-0.2749645462892561,-0.2742378480270128,-0.27387707584008353,0.0010874704491726003,17.0,0.2155035920701447,,,,
92,16,1,0.1,signflip_mu0p4,fedprox,FedProx,456,0.05187957628923796,0.014972980954034204,0.12616728578383302,25.675,0.5181756949979434,0.3154424690620225,0.0407593135344842,0.0133333333333333,0.0140600315955766,0.0144208037825059,0.0133333333333333,25,-0.3021091357286892,-0.3013824374664459,-0.3010216652795166,0.0010874704491726003,17.0,0.2155035920701447,,,,
93,16,1,0.1,signflip_mu0p4,random_trimmed_mean,Random Trimmed Mean,456,0.06180816057384658,0.03866609979323057,0.1421440705668187,25.675,0.5181756949979434,0.1682220223930629,0.1526716421677572,0.0466793860226964,0.0133333333333333,0.0144208037825059,0.0133333333333333,35,-0.1215426363703665,-0.15488868905972958,-0.15380121861055698,0.0010874704491726003,17.0,0.2155035920701447,,,,
94,16,1,0.1,signflip_mu0p4,fedle_adapted,FedLE-adapted,456,0.05460437363712358,0.017523469069405457,0.12783057528101613,27.3,0.5096867728085257,0.3846759724121391,0.1248900307581,0.0140600315955766,0.0140600315955766,0.0140600315955766,0.0140600315955766,25,-0.37061594081656246,-0.37061594081656246,-0.37061594081656246,0.0,22.0,0.2093661945997407,,,,
95,16,1,0.1,signflip_mu0p4,tea_fl,TEA-FL,456,0.2860863529808272,0.32257484473716486,0.38117661471736314,24.175,0.5687252570292757,0.1525859284087575,0.1930721514327939,0.186878635985215,0.1878602222423732,0.5285155930369168,0.186878635985215,25,0.0342927075764575,0.03527429383361569,0.37592966462815924,0.3416369570517017,13.0,0.2805310849317247,,,,
96,16,1,0.1,signflip_mu0p4,arl_fl,ARL-FL,456,0.038783867038028164,0.01599964468361919,0.11563196457509742,26.325,0.5423058768567384,0.1822281585905943,0.0649437126181312,0.0144208037825059,0.0144208037825059,0.0144208037825059,0.0144208037825059,25,-0.1678073548080884,-0.1678073548080884,-0.1678073548080884,0.0,21.0,0.2430710232122189,0.2263027052102782,0.2879848428004272,0.3485410752287926,0.3771839500743209
97,17,1,0.1,labelflip_mu0p2,fedavg,FedAvg,123,0.32551053152481424,0.3559040404009501,0.4012342769760262,25.35,0.5459928301917255,0.2386325780208248,0.2265935207899757,0.3176408554462397,0.2652690547712995,0.5084391620202872,0.1351641043077438,65,0.07900827742541491,0.026636476750474675,0.26980658399946233,0.3732750577125433,20.0,0.2532252426772409,,,,
98,17,1,0.1,labelflip_mu0p2,fedprox,FedProx,123,0.31442673158719947,0.3428726069915105,0.39448371372510654,25.35,0.5459928301917255,0.2368734425008655,0.2072732448547025,0.3144464727746001,0.303544696406955,0.5690182786815154,0.1543252980945348,65,0.07757303027373458,0.06667125390608947,0.33214483618064994,0.4146929805869807,20.0,0.2532252426772409,,,,
99,17,1,0.1,labelflip_mu0p2,random_trimmed_mean,Random Trimmed Mean,123,0.2808283806993781,0.3150190008896738,0.3687033764081682,25.35,0.5459928301917255,0.1667448605198588,0.2534094169172743,0.2591801616350788,0.3172206589460713,0.3371192039422629,0.1152319256141871,90,0.09243530111522,0.15047579842621253,0.17037434342240412,0.2218872783280758,20.0,0.2532252426772409,,,,
100,17,1,0.1,labelflip_mu0p2,fedle_adapted,FedLE-adapted,123,0.31453651109517794,0.33248553795353003,0.39711206163664287,26.4,0.5335333450957677,0.2585948736788724,0.2182273769578314,0.2153949426545874,0.3885835230658574,0.3304127711949801,0.1462750090249317,95,-0.043199931024285015,0.129988649386985,0.07181789751610768,0.18413776217004837,22.0,0.2435923635495978,,,,
101,17,1,0.1,labelflip_mu0p2,tea_fl,TEA-FL,123,0.2672594861917309,0.2931654893246253,0.36274851645856054,26.475,0.6373820976342454,0.179262403131936,0.2498819388149675,0.2826120300300043,0.4466226179422328,0.2334295876527703,0.1286936667935601,85,0.10334962689806829,0.2673602148102968,0.0541671845208343,0.10473592085921021,21.0,0.3838939555731865,,,,
102,17,1,0.1,labelflip_mu0p2,arl_fl,ARL-FL,123,0.29676229788584596,0.3250776486717364,0.37911906043310495,27.175,0.5754989698751973,0.1340846115181294,0.2223876158957148,0.2108918488619854,0.1967622268705434,0.3312147265805017,0.1967622268705434,40,0.076807237343856,0.062677615352414,0.19713011506237232,0.13445249970995832,21.0,0.2801212461899584,0.1831746322890381,0.2303240162001275,0.241479671719312,0.2486059737876988
103,18,1,0.1,labelflip_mu0p2,fedavg,FedAvg,456,0.2982372535643181,0.31408842199722187,0.38123401207189134,25.675,0.5181756949979434,0.2918830111105624,0.3342718385220576,0.3045289873517433,0.1218380839909442,0.2820685882969974,0.1218380839909442,40,0.012645976241180856,-0.17004492711961822,-0.009814422813565038,0.16023050430605318,17.0,0.2155035920701447,,,,
104,18,1,0.1,labelflip_mu0p2,fedprox,FedProx,456,0.3095211373594832,0.32990847855451383,0.3921540146697032,25.675,0.5181756949979434,0.289817646320906,0.3093306265736386,0.2997750977497411,0.1197754231529905,0.2531775895549976,0.1197754231529905,40,0.009957451428835085,-0.1700422231679155,-0.036640056765908424,0.13340216640200708,17.0,0.2155035920701447,,,,
105,18,1,0.1,labelflip_mu0p2,random_trimmed_mean,Random Trimmed Mean,456,0.2848224307314388,0.31304732579445044,0.37185084466731666,25.675,0.5181756949979434,0.1757462070862005,0.2350516961359168,0.2365457896154759,0.3087693229449986,0.2952675936453118,0.2152749601488792,35,0.06079958252927539,0.13302311585879809,0.11952138655911129,0.0799926334964326,17.0,0.2155035920701447,,,,
106,18,1,0.1,labelflip_mu0p2,fedle_adapted,FedLE-adapted,456,0.33777290814990274,0.3650939029762018,0.4165889005934551,27.3,0.5096867728085257,0.3595011462935136,0.3463935814871563,0.4090276477747408,0.3363050829011869,0.4192477741254954,0.1454348971123286,35,0.049526501481227225,-0.023196063392326716,0.05974662783198181,0.2738128770131668,22.0,0.2093661945997407,,,,
107,18,1,0.1,labelflip_mu0p2,tea_fl,TEA-FL,456,0.29411324775306585,0.3255290892075261,0.38952222177116974,26.475,0.6000430986736558,0.1592826446649901,0.4018149157113349,0.1885912455909411,0.3725291136407311,0.5184853699643832,0.1885912455909411,25,0.029308600925951,0.213246468975741,0.3592027252993931,0.3298941243734421,19.0,0.3368437823985559,,,,
108,18,1,0.1,labelflip_mu0p2,arl_fl,ARL-FL,456,0.2997954365645513,0.32650175898183564,0.38805356660782264,27.225,0.5494022499015403,0.2862902712869096,0.2840886707033794,0.0799667877385787,0.3244066709844426,0.4836379373107253,0.0799667877385787,25,-0.2063234835483309,0.038116399697533,0.1973476660238157,0.4036711495721466,17.0,0.2463163886332857,0.1997293641745195,0.2492858050037522,0.2682632242644341,0.2682632242644341
109,19,1,0.1,labelflip_mu0p4,fedavg,FedAvg,123,0.3177116430010768,0.345527753896777,0.3958175922537285,25.35,0.5459928301917255,0.2268263565698189,0.2723921244894831,0.2839666680577653,0.2115665607662942,0.3431785903585158,0.1452173864619557,30,0.05714031148794643,-0.015259795803524684,0.11635223378869688,0.19796120389656008,20.0,0.2532252426772409,,,,
110,19,1,0.1,labelflip_mu0p4,fedprox,FedProx,123,0.31369958192702785,0.3423332206811309,0.39348133112605366,25.35,0.5459928301917255,0.2370383830271566,0.1958948090084775,0.2834942305762793,0.2190305027023284,0.3443357634501949,0.1350567659543356,30,0.046455847549122714,-0.018007880324828196,0.1072973804230383,0.2092789974958593,20.0,0.2532252426772409,,,,
111,19,1,0.1,labelflip_mu0p4,random_trimmed_mean,Random Trimmed Mean,123,0.2618874859126604,0.2909132808696272,0.35561994304471883,25.35,0.5459928301917255,0.1716047588464015,0.2593317324839545,0.259275698809482,0.1904504250739007,0.3302241017999621,0.1904504250739007,40,0.08767093996308048,0.018845666227499197,0.1586193429535606,0.1397736767260614,20.0,0.2532252426772409,,,,
112,19,1,0.1,labelflip_mu0p4,fedle_adapted,FedLE-adapted,123,0.3026217726832847,0.3141643205366715,0.3828177517217831,26.4,0.5335333450957677,0.2461343189041613,0.3607713529746024,0.1933350878564176,0.2738152485445803,0.2853169869926848,0.1608891165832574,45,-0.0527992310477437,0.02768092964041899,0.039182668088523526,0.1244278704094274,22.0,0.2435923635495978,,,,
113,19,1,0.1,labelflip_mu0p4,tea_fl,TEA-FL,123,0.1870530478759622,0.1899174627917093,0.2864413883844544,26.475,0.6383173961273302,0.2881130624577001,0.1375749521884143,0.2005457963967439,0.1717270483967818,0.3012989178496101,0.1239756918494823,85,-0.08756726606095619,-0.11638601406091828,0.013185855391910029,0.1773232260001278,21.0,0.3834615539253791,,,,
114,19,1,0.1,labelflip_mu0p4,arl_fl,ARL-FL,123,0.2598355574621318,0.28078263618874094,0.34602387488777864,27.6,0.5785040361647386,0.1128384047640262,0.2207822251918526,0.3421913195715338,0.2868692343751951,0.1464319862849319,0.1464319862849319,100,0.2293529148075076,0.17403082961116892,0.03359358152090569,0.0,22.0,0.279598017034009,0.1901352729828239,0.2101310946480664,0.2556379494722925,0.2556834509766948
115,20,1,0.1,labelflip_mu0p4,fedavg,FedAvg,456,0.33720860058331964,0.361955028498553,0.4090761109160333,25.675,0.5181756949979434,0.3025260792284105,0.3698218188442161,0.2069375170686133,0.3958554726230931,0.3732235223049607,0.2069375170686133,25,-0.09558856215979722,0.0933293933946826,0.07069744307655018,0.1662860052363474,17.0,0.2155035920701447,,,,
116,20,1,0.1,labelflip_mu0p4,fedprox,FedProx,456,0.3404334793718914,0.36471110119923145,0.4133053655841582,25.675,0.5181756949979434,0.3163208233529712,0.360939944618996,0.2059551444423202,0.4054468985566722,0.2757856597307089,0.2059551444423202,25,-0.110365678910651,0.08912607520370103,-0.04053516362226228,0.06983051528838871,17.0,0.2155035920701447,,,,
117,20,1,0.1,labelflip_mu0p4,random_trimmed_mean,Random Trimmed Mean,456,0.3057930396785518,0.3385201215945345,0.38891661792779103,25.675,0.5181756949979434,0.2025562515007601,0.2219573711205283,0.2513834623987448,0.3101534886351581,0.3552408841362252,0.2219573711205283,20,0.048827210897984724,0.10759723713439803,0.15268463263546508,0.13328351301569688,17.0,0.2155035920701447,,,,
118,20,1,0.1,labelflip_mu0p4,fedle_adapted,FedLE-adapted,456,0.31537351954584575,0.33751593161341276,0.3956731415902413,27.3,0.5096867728085257,0.3819373747954304,0.292516417307341,0.2593649100730156,0.2844303540805517,0.3725868154093025,0.2475105314983193,30,-0.12257246472241479,-0.09750702071487871,-0.009350559386127888,0.1250762839109832,22.0,0.2093661945997407,,,,
119,20,1,0.1,labelflip_mu0p4,tea_fl,TEA-FL,456,0.24731678736478918,0.27059340930046727,0.33795611917265256,26.025,0.6009281931637829,0.2220809464716914,0.1719978440677677,0.2194791741630395,0.2808122242707007,0.1253869659456093,0.1253869659456093,100,-0.0026017723086519118,0.058731277799009274,-0.09669398052608211,0.0,17.0,0.3405419277423899,,,,
120,20,1,0.1,labelflip_mu0p4,arl_fl,ARL-FL,456,0.26162309759776015,0.2886089282146189,0.3441014216918175,27.275,0.5454217364372012,0.2250739839289706,0.1820700002417642,0.2490631586866071,0.3441735393103504,0.2850026506127421,0.1554610147520641,30,0.02398917475763651,0.11909955538137978,0.0599286666837715,0.12954163586067802,21.0,0.2491165857152665,0.186759772105683,0.2217459722784838,0.2606715751975108,0.2606715751975108
121,21,2,1.0,clean,fedavg,FedAvg,123,0.6320717503866571,0.6879218550518076,0.665360104490895,26.325,0.5225174819461005,0.4901024292235541,0.5778004229567145,0.4861271495542537,0.6296024710019468,0.7614730457613597,0.4861271495542537,25,-0.003975279669300447,0.13950004177839265,0.27137061653780553,0.275345896207106,19.0,0.2195129304064673,,,,
122,21,2,1.0,clean,fedprox,FedProx,123,0.6324434882548341,0.6851858650199446,0.6667099474818194,26.325,0.5225174819461005,0.5735290269456693,0.5779811501732147,0.5196504698923915,0.6168917455168484,0.7728893182183044,0.5196504698923915,25,-0.05387855705327782,0.043362718571179126,0.1993602912726351,0.2532388483259129,19.0,0.2195129304064673,,,,
123,21,2,1.0,clean,random_trimmed_mean,Random Trimmed Mean,123,0.5643953492406406,0.5989071341580192,0.6175797156636642,26.325,0.5225174819461005,0.6246687894722206,0.540169938085647,0.5381729473288527,0.6032753720750952,0.6478868266607551,0.5036639334672072,45,-0.08649584214336792,-0.021393417397125414,0.023218037188534546,0.14422289319354797,19.0,0.2195129304064673,,,,
124,21,2,1.0,clean,fedle_adapted,FedLE-adapted,123,0.641834991548306,0.7097430743381077,0.6679854815151387,26.35,0.5137011456300296,0.4505969587942526,0.6016218096296694,0.5471152075710125,0.6902521471457911,0.6848979778429731,0.5471152075710125,25,0.09651824877675991,0.23965518835153848,0.23430101904872053,0.13778277027196062,20.0,0.2146924407850659,,,,
125,21,2,1.0,clean,tea_fl,TEA-FL,123,0.5953705547352027,0.6475569348395822,0.6436944471915084,24.65,0.5723478346777338,0.4436441804293984,0.5736751276374825,0.5435439568771923,0.6625710713161106,0.6119831980532248,0.5435439568771923,25,0.09989977644779385,0.2189268908867122,0.16833901762382636,0.0684392411760325,14.0,0.2851943425119104,,,,
126,21,2,1.0,clean,arl_fl,ARL-FL,123,0.5584726553563916,0.6186411583734378,0.6094022773620538,27.65,0.546031540355973,0.3249940344754923,0.4730417722199488,0.572777010508542,0.6077070943110544,0.6434777288219861,0.4730417722199488,20,0.24778297603304972,0.2827130598355621,0.31848369434649376,0.17043595660203725,24.0,0.251076864535242,0.200542682127927,0.2445866763054935,0.2861692502656879,0.2941145734871644
127,22,2,1.0,clean,fedavg,FedAvg,456,0.5994770258673636,0.6557899310447782,0.6351350863026967,27.65,0.5560413667534564,0.4441421684585467,0.550492260644594,0.5730792604819599,0.6365050314488236,0.7612302377797667,0.5078344060570809,35,0.1289370920234132,0.19236286299027694,0.31708806932122,0.25339583172268587,20.0,0.245747004405572,,,,
128,22,2,1.0,clean,fedprox,FedProx,456,0.6048572109794776,0.6628508892938255,0.6402811648586176,27.65,0.5560413667534564,0.4506297586697115,0.5823975683215034,0.590139823183892,0.615183676661197,0.764703932523178,0.5823975683215034,20,0.13951006451418052,0.1645539179914855,0.31407417385346653,0.18230636420167468,20.0,0.245747004405572,,,,
129,22,2,1.0,clean,random_trimmed_mean,Random Trimmed Mean,456,0.5678138600665416,0.6152431851436091,0.6144574669745012,27.65,0.5560413667534564,0.4744225313878028,0.5446054383131621,0.4901425332937821,0.6415411678886971,0.6910531176623724,0.4901425332937821,25,0.015720001905979275,0.16711863650089426,0.2166305862745696,0.20091058436859033,20.0,0.245747004405572,,,,
130,22,2,1.0,clean,fedle_adapted,FedLE-adapted,456,0.6098594461295491,0.6752037122785599,0.6428733310793561,27.3,0.5481752850714294,0.4957856762443172,0.6451015438323596,0.4964565771671133,0.6902245842354527,0.7192649141926898,0.4964565771671133,25,0.0006709009227960916,0.19443890799113556,0.2234792379483726,0.2228083370255765,24.0,0.2563662620973821,,,,
131,22,2,1.0,clean,tea_fl,TEA-FL,456,0.5185051838178952,0.570355004854949,0.5672884005889037,25.05,0.5936329208636215,0.3772347080410166,0.4008272706922315,0.5457559415674292,0.4778055744755607,0.5278777780424924,0.4008272706922315,20,0.16852123352641263,0.1005708664345441,0.15064307000147575,0.12705050735026086,16.0,0.3107809226503844,,,,
132,22,2,1.0,clean,arl_fl,ARL-FL,456,0.567695488154693,0.620576530807527,0.6185874594491912,27.725,0.5791006632306229,0.5006509773975206,0.5348680673454577,0.6033899853367745,0.5952455319173745,0.6009695772909611,0.5313950722123816,45,0.10273900793925383,0.09459455451985388,0.1003185998934405,0.06957450507857954,25.0,0.2937374184665556,0.1703799941437147,0.2611121203940065,0.2785198913550629,0.291670707262596
133,23,2,1.0,signflip_mu0p2,fedavg,FedAvg,123,0.10577829817170822,0.033938576212583435,0.17888309489165866,26.325,0.5225174819461005,0.4754957820773329,0.3523187464875272,0.0371074233500613,0.0147651006711409,0.0609209778804039,0.0147651006711409,40,-0.4383883587272716,-0.460730681406192,-0.414574804196929,0.046155877209262994,19.0,0.2195129304064673,,,,
134,23,2,1.0,signflip_mu0p2,fedprox,FedProx,123,0.10203367467291781,0.02807344725052427,0.16544962743353542,26.325,0.5225174819461005,0.5776939951007688,0.3439926945363579,0.0147651006711409,0.0147651006711409,0.0011139072147029,0.0010622662556364,95,-0.5629288944296279,-0.5629288944296279,-0.5765800878860659,5.164095906649998e-05,19.0,0.2195129304064673,,,,
135,23,2,1.0,signflip_mu0p2,random_trimmed_mean,Random Trimmed Mean,123,0.4784078373968741,0.491318375027476,0.5380014111151005,26.325,0.5225174819461005,0.6223098119578636,0.5483673985350233,0.0147651006711409,0.4809487554060915,0.4259624554044392,0.0147651006711409,25,-0.6075447112867227,-0.1413610565517721,-0.1963473565534244,0.4111973547332983,19.0,0.2195129304064673,,,,
136,23,2,1.0,signflip_mu0p2,fedle_adapted,FedLE-adapted,123,0.16906994205298012,0.12892190885180174,0.2538845448220162,26.35,0.5137011456300296,0.452869928295524,0.261046445505612,0.3965120544523683,0.1840760039005111,0.0184133915574963,0.0184133915574963,65,-0.056357873843155715,-0.26879392439501293,-0.43445653673802775,0.0,20.0,0.2146924407850659,,,,
137,23,2,1.0,signflip_mu0p2,tea_fl,TEA-FL,123,0.5699023268899309,0.6284787201207747,0.6111725001944712,24.425,0.5619551815302255,0.3792363799236108,0.4574918744252262,0.6614394061770903,0.601854423459775,0.7383680456859903,0.4574918744252262,20,0.2822030262534795,0.2226180435361642,0.35913166576237954,0.28087617126076414,15.0,0.2603920502174141,,,,
138,23,2,1.0,signflip_mu0p2,arl_fl,ARL-FL,123,0.5205312252529392,0.5711601147189441,0.5720036412970246,27.675,0.541603020478647,0.3338691273489262,0.3378276003009561,0.4948808559028434,0.5765339392877143,0.6965491266678675,0.2681131459288665,60,0.1610117285539172,0.24266481193878814,0.3626799993189413,0.428435980739001,25.0,0.2420549262122176,0.2361980601957457,0.2412789270182828,0.2766971316772203,0.4222795421378699
139,24,2,1.0,signflip_mu0p2,fedavg,FedAvg,456,0.09720566051108874,0.028980775898704653,0.16708398535871274,27.65,0.5560413667534564,0.4521103269604388,0.4931590086223992,0.0102150537634408,0.0102150537634408,0.0136698212407991,0.0102150537634408,25,-0.441895273196998,-0.441895273196998,-0.4384405057196397,0.0034547674773582997,20.0,0.245747004405572,,,,
140,24,2,1.0,signflip_mu0p2,fedprox,FedProx,456,0.10031458621573376,0.03228337572036884,0.1730745972615367,27.65,0.5560413667534564,0.4640098513927272,0.5236827441446144,0.0102150537634408,0.0121377636170535,0.0145609318996415,0.0102150537634408,25,-0.45379479762928643,-0.4518720877756737,-0.44944891949308574,0.004345878136200699,20.0,0.245747004405572,,,,
141,24,2,1.0,signflip_mu0p2,random_trimmed_mean,Random Trimmed Mean,456,0.5055098120243169,0.5371315392814551,0.5597100593961892,27.65,0.5560413667534564,0.4712336111800512,0.5453316583345115,0.3036983555819998,0.5932398832869539,0.6021288390397662,0.3036983555819998,25,-0.16753525559805138,0.12200627210690268,0.13089522785971502,0.2984304834577664,20.0,0.245747004405572,,,,
142,24,2,1.0,signflip_mu0p2,fedle_adapted,FedLE-adapted,456,0.12113061204772378,0.07718650835821318,0.21638036854618592,27.3,0.5481752850714294,0.4999178526411965,0.2237920635128277,0.4121853712444852,0.0102150537634408,0.0102150537634408,0.0102150537634408,40,-0.0877324813967113,-0.4897027988777557,-0.4897027988777557,0.0,24.0,0.2563662620973821,,,,
143,24,2,1.0,signflip_mu0p2,tea_fl,TEA-FL,456,0.5328845084495518,0.5822118380932203,0.580626447632214,24.95,0.586083547444387,0.4358539786013273,0.4664933094462866,0.4958705020046767,0.5931774642701181,0.6178839659184975,0.4174442431668084,30,0.0600165234033494,0.15732348566879079,0.18202998731717018,0.2004397227516891,16.0,0.2981418514156791,,,,
144,24,2,1.0,signflip_mu0p2,arl_fl,ARL-FL,456,0.5363256329359616,0.5934132627904691,0.5888727835352761,27.9,0.5760061171292534,0.4026277680253016,0.3461028661135474,0.5206007161993729,0.6022804830072713,0.5772429530459506,0.3461028661135474,20,0.11797294817407128,0.19965271498196974,0.17461518502064904,0.23114008693240323,26.0,0.2883589585434719,0.2275227831286804,0.2466834502166521,0.2806922190996196,0.409992473920257
145,25,2,1.0,signflip_mu0p4,fedavg,FedAvg,123,0.08798392690313041,0.020387463838370985,0.1563416981030751,26.325,0.5225174819461005,0.5818514902334653,0.0815837045454861,0.0184133915574963,0.0184133915574963,0.0184133915574963,0.0184133915574963,25,-0.563438098675969,-0.563438098675969,-0.563438098675969,0.0,19.0,0.2195129304064673,,,,
146,25,2,1.0,signflip_mu0p4,fedprox,FedProx,123,0.08454860737139969,0.013323770170871652,0.16077640264358184,26.325,0.5225174819461005,0.5757623090768696,0.1096939788012281,0.0102150537634408,0.0102150537634408,0.0102150537634408,0.0102150537634408,25,-0.5655472553134289,-0.5655472553134289,-0.5655472553134289,0.0,19.0,0.2195129304064673,,,,
147,25,2,1.0,signflip_mu0p4,random_trimmed_mean,Random Trimmed Mean,123,0.09312759369995983,0.023426457083641068,0.16505604568684595,26.325,0.5225174819461005,0.6194516716890932,0.1170513396201645,0.0130467571644042,0.0102150537634408,0.0184133915574963,0.0102150537634408,40,-0.606404914524689,-0.6092366179256524,-0.6010382801315969,0.0081983377940555,19.0,0.2195129304064673,,,,
148,25,2,1.0,signflip_mu0p4,fedle_adapted,FedLE-adapted,123,0.0821629004630309,0.01689383705798301,0.15904012570943632,26.35,0.5137011456300296,0.454954387468637,0.2645030336869319,0.0089064436183395,0.0089064436183395,0.0089064436183395,0.0089064436183395,25,-0.4460479438502975,-0.4460479438502975,-0.4460479438502975,0.0,20.0,0.2146924407850659,,,,
149,25,2,1.0,signflip_mu0p4,tea_fl,TEA-FL,123,0.5615649724549254,0.6097354922672578,0.6057497817655072,24.225,0.5586419385077267,0.4905580947894902,0.5606396855853817,0.4874226411567581,0.7130663722403711,0.126458615846132,0.126458615846132,100,-0.003135453632732099,0.22250827745088086,-0.3640994789433582,0.0,13.0,0.2709827252690575,,,,
150,25,2,1.0,signflip_mu0p4,arl_fl,ARL-FL,123,0.09509693600951637,0.031075912189042754,0.1675600413670118,27.35,0.5427299246976428,0.468154285826691,0.2906192975636731,0.1010106718384275,0.0130467571644042,0.0184133915574963,0.0130467571644042,30,-0.3671436139882635,-0.4551075286622868,-0.4497408942691947,0.005366634393092101,26.0,0.2431166286263783,0.2162312088027267,0.2002824887726974,0.377153561703792,0.4151025303139333
151,26,2,1.0,signflip_mu0p4,fedavg,FedAvg,456,0.07605102944479925,0.018371709740229135,0.14835368088661327,27.65,0.5560413667534564,0.4516069489234809,0.0616601437860979,0.0169753086419753,0.0169753086419753,0.0169753086419753,0.0169753086419753,25,-0.4346316402815056,-0.4346316402815056,-0.4346316402815056,0.0,20.0,0.245747004405572,,,,
152,26,2,1.0,signflip_mu0p4,fedprox,FedProx,456,0.07829685874413768,0.018487713871461052,0.14967571867709645,27.65,0.5560413667534564,0.4614485733842246,0.0653722759855194,0.0169753086419753,0.0169753086419753,0.0169753086419753,0.0169753086419753,25,-0.44447326474224935,-0.44447326474224935,-0.44447326474224935,0.0,20.0,0.245747004405572,,,,
153,26,2,1.0,signflip_mu0p4,random_trimmed_mean,Random Trimmed Mean,456,0.09013883730490597,0.024075280808897096,0.1648513794459689,27.65,0.5560413667534564,0.4746302076746078,0.3414657514473156,0.0747705826968972,0.0089064436183395,0.0089064436183395,0.0089064436183395,30,-0.3998596249777106,-0.4657237640562683,-0.4657237640562683,0.0,20.0,0.245747004405572,,,,
154,26,2,1.0,signflip_mu0p4,fedle_adapted,FedLE-adapted,456,0.09445411224756879,0.033483939431806296,0.16138207599136706,27.3,0.5481752850714294,0.4968548077474528,0.561307661003427,0.0174400970579314,0.0169753086419753,0.0169753086419753,0.0084824366825893,30,-0.47941471068952135,-0.47987949910547745,-0.47987949910547745,0.008492871959386,24.0,0.2563662620973821,,,,
155,26,2,1.0,signflip_mu0p4,tea_fl,TEA-FL,456,0.5398949050886741,0.5872978284161168,0.5887644565711235,24.075,0.5890640429628752,0.4905145179859416,0.4377444871584211,0.4519001548579096,0.5048386025424745,0.628466632540373,0.4377444871584211,20,-0.038614363128032014,0.01432408455653289,0.13795211455443146,0.19072214538195192,15.0,0.2926700240839451,,,,
156,26,2,1.0,signflip_mu0p4,arl_fl,ARL-FL,456,0.12295082550854997,0.06479174056737627,0.21851358282070024,27.525,0.5744451708094337,0.5188969170362253,0.4959413050936423,0.0125834929235368,0.0911494337853817,0.0056135357368753,0.0056135357368753,70,-0.5063134241126885,-0.4277474832508436,-0.51328338129935,0.0,25.0,0.2812713234735501,0.2577550589058567,0.3960643067703158,0.2289742432938685,0.4326051347163925
157,27,2,1.0,labelflip_mu0p2,fedavg,FedAvg,123,0.5866563909247202,0.6262347655090577,0.6254162797524266,26.325,0.5225174819461005,0.5921358707570588,0.5178859996258618,0.2910031510385641,0.6426416945810236,0.659596227283175,0.2910031510385641,25,-0.30113271971849465,0.050505823823964846,0.06746035652611626,0.3685930762446109,19.0,0.2195129304064673,,,,
158,27,2,1.0,labelflip_mu0p2,fedprox,FedProx,123,0.5811799131250602,0.6228261671940736,0.620363555471731,26.325,0.5225174819461005,0.5737360830726722,0.6052058796490228,0.2400573769466999,0.6838871014176221,0.6830221152109637,0.2400573769466999,25,-0.3336787061259723,0.11015101834494989,0.10928603213829147,0.44296473826426375,19.0,0.2195129304064673,,,,
159,27,2,1.0,labelflip_mu0p2,random_trimmed_mean,Random Trimmed Mean,123,0.5752144020217058,0.6134153922698372,0.6162186080504823,26.325,0.5225174819461005,0.6137272307626008,0.5467891844775756,0.3391073326995564,0.6038747524572003,0.6323657494092291,0.3391073326995564,25,-0.27461989806304443,-0.00985247830540048,0.018638518646628244,0.2932584167096727,19.0,0.2195129304064673,,,,
160,27,2,1.0,labelflip_mu0p2,fedle_adapted,FedLE-adapted,123,0.5801349185464835,0.6343979736244048,0.6153650746997105,26.35,0.5137011456300296,0.4506658854584209,0.5251943335681959,0.5540371720166332,0.6044163008866118,0.7202676322036106,0.4534515875285339,45,0.10337128655821226,0.1537504154281909,0.26960174674518966,0.2668160446750767,20.0,0.2146924407850659,,,,
161,27,2,1.0,labelflip_mu0p2,tea_fl,TEA-FL,123,0.583854826299214,0.6363514918939315,0.6253661551394594,24.6,0.5641543906752695,0.5261648442557602,0.4587538831076261,0.507262554855802,0.6438977291158456,0.7365471958077615,0.4587538831076261,20,-0.018902289399958194,0.11773288486008548,0.21038235155200136,0.2777933127001354,14.0,0.2605428180334943,,,,
162,27,2,1.0,labelflip_mu0p2,arl_fl,ARL-FL,123,0.534723291642728,0.5763790574219102,0.5770986294977982,27.525,0.5447756714892836,0.4672283168485915,0.5853318837460639,0.5241644391012,0.3737344963748479,0.7254222525427326,0.3375534554388521,75,0.05693612225260852,-0.0934938204737436,0.2581939356941411,0.3878687971038805,25.0,0.2459892135582856,0.2271212499738148,0.2449051043023798,0.2704262433455154,0.28001672841561
163,28,2,1.0,labelflip_mu0p2,fedavg,FedAvg,456,0.5436550973696003,0.5859187898359698,0.5884896176021897,27.65,0.5560413667534564,0.4518524424954986,0.5740503490459432,0.4012766239303989,0.5711133386013444,0.6884895102293175,0.4012766239303989,25,-0.050575818565099684,0.11926089610584578,0.23663706773381887,0.28721288629891856,20.0,0.245747004405572,,,,
164,28,2,1.0,labelflip_mu0p2,fedprox,FedProx,456,0.5489967048269403,0.5945170619716056,0.5953398426026255,27.65,0.5560413667534564,0.4566892907387869,0.5418027247254215,0.4016434560117409,0.6101178653418868,0.6792122243680896,0.4016434560117409,25,-0.055045834727045995,0.15342857460309994,0.2225229336293027,0.2775687683563487,20.0,0.245747004405572,,,,
165,28,2,1.0,labelflip_mu0p2,random_trimmed_mean,Random Trimmed Mean,456,0.5430209426089206,0.5834486994411977,0.5889366191507617,27.65,0.5560413667534564,0.4726126522040376,0.5715321814974118,0.4083523539389039,0.5856817433579173,0.7378679205914129,0.4083523539389039,25,-0.06426029826513369,0.11306909115387975,0.26525526838737534,0.32951556665250903,20.0,0.245747004405572,,,,
166,28,2,1.0,labelflip_mu0p2,fedle_adapted,FedLE-adapted,456,0.5468295656074701,0.604130739090826,0.5893994446614826,27.3,0.5481752850714294,0.4955049033934295,0.4008170203014349,0.4684322785589294,0.2846658503198047,0.8061531354502995,0.2846658503198047,40,-0.027072624834500125,-0.21083905307362483,0.31064823205687003,0.5214872851304948,24.0,0.2563662620973821,,,,
167,28,2,1.0,labelflip_mu0p2,tea_fl,TEA-FL,456,0.5695921784155895,0.6295287748494498,0.6133924276684817,24.675,0.586307647841374,0.4559703376445749,0.4817307575059249,0.4637787139817983,0.590262413594569,0.6593197923647026,0.4637787139817983,25,0.007808376337223422,0.1342920759499941,0.20334945472012772,0.1955410783829043,15.0,0.2979786940458441,,,,
168,28,2,1.0,labelflip_mu0p2,arl_fl,ARL-FL,456,0.5291514199319157,0.5830037434026996,0.5741797426404956,27.675,0.578643310882763,0.4002437973767164,0.3966015657922385,0.4931311401053275,0.5483685678321637,0.6638071332997133,0.1738667514840398,60,0.0928873427286111,0.1481247704554473,0.2635633359229969,0.4899403818156735,25.0,0.2906908639446435,0.1961309905530734,0.2449104540072613,0.272417498262583,0.3131345916296218
169,29,2,1.0,labelflip_mu0p4,fedavg,FedAvg,123,0.3905334369119274,0.4042744316066177,0.4544402674957982,26.325,0.5225174819461005,0.4868762869579017,0.1583075713081526,0.4098894255354177,0.3785554908802124,0.5608670197519569,0.1583075713081526,20,-0.07698686142248401,-0.1083207960776893,0.07399073279405516,0.40255944844380426,19.0,0.2195129304064673,,,,
170,29,2,1.0,labelflip_mu0p4,fedprox,FedProx,123,0.4020067226169573,0.4098777258093628,0.46289715511961305,26.325,0.5225174819461005,0.6000235891755011,0.2012177197699255,0.3930481920223414,0.4068090385614997,0.5305275274478324,0.1639872216951165,65,-0.2069753971531597,-0.19321455061400145,-0.06949606172766876,0.3665403057527159,19.0,0.2195129304064673,,,,
171,29,2,1.0,labelflip_mu0p4,random_trimmed_mean,Random Trimmed Mean,123,0.4288053496468591,0.44303589463562554,0.4867094815406028,26.325,0.5225174819461005,0.5962071053134943,0.1675720318716199,0.4100570569510711,0.4217887884576708,0.4570487824282074,0.1675720318716199,20,-0.18615004836242321,-0.17441831685582349,-0.1391583228852869,0.2894767505565875,19.0,0.2195129304064673,,,,
172,29,2,1.0,labelflip_mu0p4,fedle_adapted,FedLE-adapted,123,0.43897274668657765,0.46256783641247523,0.48618866320057846,26.35,0.5137011456300296,0.453260199390452,0.3905000729093598,0.3913895344086199,0.3640408653175391,0.3700210823869996,0.1860748360615993,55,-0.06187066498183208,-0.08921933407291288,-0.08323911700345238,0.1839462463254003,20.0,0.2146924407850659,,,,
173,29,2,1.0,labelflip_mu0p4,tea_fl,TEA-FL,123,0.5776695130016489,0.624925743750261,0.6203861050520697,24.525,0.5664144570682353,0.4498335375941193,0.5665069088013178,0.4896506889051585,0.6775067159744265,0.6150893851318175,0.4896506889051585,25,0.03981715131103919,0.22767317838030715,0.16525584753769823,0.12543869622665904,15.0,0.2757564931209736,,,,
174,29,2,1.0,labelflip_mu0p4,arl_fl,ARL-FL,123,0.44539872690310855,0.4756901147803593,0.4989368971215039,27.875,0.5464849695407209,0.4667657910037306,0.2380549781046927,0.444951164157717,0.3660623724222042,0.6876859734488487,0.2380549781046927,20,-0.021814626846013596,-0.10070341858152643,0.22092018244511813,0.44963099534415607,25.0,0.2493085239489501,0.2055437296005059,0.2250045689169569,0.2580438484058337,0.2580438484058337
175,30,2,1.0,labelflip_mu0p4,fedavg,FedAvg,456,0.42263235361823814,0.4471886725089119,0.49041403820173135,27.65,0.5560413667534564,0.45474925307726,0.1363296488966224,0.5546883766120526,0.4791492002766026,0.4069796482763978,0.1344077875550756,45,0.09993912353479262,0.02439994719934263,-0.047769604800862175,0.2725718607213222,20.0,0.245747004405572,,,,
176,30,2,1.0,labelflip_mu0p4,fedprox,FedProx,456,0.42780657903945946,0.4535240238249759,0.4917960121916942,27.65,0.5560413667534564,0.4681857405235378,0.1303874096019138,0.5451680477990685,0.4949593424909873,0.3896246158681044,0.1303874096019138,20,0.07698230727553068,0.02677360196744949,-0.07856112465543341,0.25923720626619057,20.0,0.245747004405572,,,,
177,30,2,1.0,labelflip_mu0p4,random_trimmed_mean,Random Trimmed Mean,456,0.41690626107631656,0.4381939070832132,0.47479015012140224,27.65,0.5560413667534564,0.4742032069173068,0.1435786037368737,0.3934428552002035,0.2886685970120252,0.5466070979978604,0.1435786037368737,20,-0.08076035171710327,-0.1855346099052816,0.07240389108055367,0.40302849426098675,20.0,0.245747004405572,,,,
178,30,2,1.0,labelflip_mu0p4,fedle_adapted,FedLE-adapted,456,0.39557962761352966,0.4090157661250592,0.4556937212276715,27.3,0.5481752850714294,0.4929564159259554,0.5984481087200423,0.1141572072046599,0.5478326862910788,0.1948193684562185,0.072982225235957,30,-0.3787992087212955,0.054876270365123436,-0.2981370474697369,0.1218371432202615,24.0,0.2563662620973821,,,,
179,30,2,1.0,labelflip_mu0p4,tea_fl,TEA-FL,456,0.5244761960555538,0.5735942104784526,0.5779605658256268,24.55,0.5879510172628567,0.4687826088497973,0.3128521727520763,0.4014459111001072,0.5632912956629775,0.5859988704203843,0.3128521727520763,20,-0.06733669774969009,0.09450868681318025,0.11721626157058707,0.27314669766830807,14.0,0.2898468392757124,,,,
180,30,2,1.0,labelflip_mu0p4,arl_fl,ARL-FL,456,0.4155044554316166,0.4289577952641082,0.4829409899332812,27.85,0.578145577924202,0.4937744269737426,0.6039703981414009,0.5163461933390943,0.2887761226233717,0.2830328910256262,0.172616500785984,90,0.022571766365351686,-0.20499830435037086,-0.2107415359481164,0.11041639023964217,26.0,0.2922707342983209,0.2133686083527145,0.2400863214142893,0.2711934802557429,0.2711934802557429
181,31,2,0.1,clean,fedavg,FedAvg,123,0.428935539564068,0.4689844586800415,0.49590073754286573,25.35,0.5104105961379889,0.3267624074877632,0.3649299188973565,0.409772822967153,0.3222399539918925,0.653157340369228,0.2054434359796729,45,0.08301041547938981,-0.004522453495870715,0.3263949328814648,0.4477139043895551,16.0,0.2093622782180975,,,,
182,31,2,0.1,clean,fedprox,FedProx,123,0.4522204063962845,0.4985117656324983,0.5150491858724509,25.35,0.5104105961379889,0.3258983207546172,0.3523341236882421,0.4054142217298471,0.3211166711231794,0.7069358133914445,0.2552166835427282,45,0.07951590097522987,-0.004781649631437845,0.3810374926368273,0.4517191298487163,16.0,0.2093622782180975,,,,
183,31,2,0.1,clean,random_trimmed_mean,Random Trimmed Mean,123,0.33751977804617483,0.37475087220444514,0.41763592322048304,25.35,0.5104105961379889,0.2045722642156089,0.381185866511651,0.2850380233891285,0.2842875480199515,0.4366223873642643,0.2738567058013289,45,0.08046575917351959,0.07971528380434259,0.2320501231486554,0.16276568156293536,16.0,0.2093622782180975,,,,
184,31,2,0.1,clean,fedle_adapted,FedLE-adapted,123,0.40272196370904595,0.45821955863518304,0.4770024032281781,26.4,0.4954013181519622,0.1324804503115775,0.3372124243086098,0.2420898732993559,0.3141822868871157,0.5422994568583056,0.2420898732993559,25,0.1096094229877784,0.18170183657553818,0.4098190065467281,0.30020958355894967,16.0,0.1926863462402891,,,,
185,31,2,0.1,clean,tea_fl,TEA-FL,123,0.26093555751309755,0.28557508125506165,0.36242339291800435,25.775,0.5751240972621577,0.1748522024340169,0.2380868198964599,0.1735546005779817,0.2158694419308076,0.4363761423979284,0.1735546005779817,25,-0.0012976018560351965,0.0410172394967907,0.2615239399639115,0.26282154181994666,17.0,0.2904844446764607,,,,
186,31,2,0.1,clean,arl_fl,ARL-FL,123,0.35825718575198046,0.3889434663274008,0.44043736648580223,27.8,0.537724214401832,0.3497353650119125,0.3075569083789586,0.2662788478203011,0.322078998728548,0.4236913853290474,0.2618298351940899,35,-0.0834565171916114,-0.027656366283364486,0.07395602031713489,0.16186155013495745,26.0,0.233844345494915,0.1622968725130799,0.2125238343619042,0.264737994135834,0.2652694471831165
187,32,2,0.1,clean,fedavg,FedAvg,456,0.44596548708173833,0.5029493519950927,0.5085267285957349,26.25,0.5425638569536626,0.2546385135372243,0.2952864134911218,0.3751012950439817,0.4677983669063093,0.5000275140971038,0.2952864134911218,20,0.12046278150675743,0.21315985336908505,0.2453890005598795,0.204741100605982,18.0,0.2418024625543449,,,,
188,32,2,0.1,clean,fedprox,FedProx,456,0.4584865880776505,0.5185312236951118,0.5195259147993962,26.25,0.5425638569536626,0.2398152478596766,0.3527804906970922,0.3718171652636148,0.4972757512295256,0.6269929042761274,0.333364854638753,30,0.1320019174039382,0.25746050336984905,0.38717765641645085,0.29362804963737443,18.0,0.2418024625543449,,,,
189,32,2,0.1,clean,random_trimmed_mean,Random Trimmed Mean,456,0.3611974699673231,0.40238102695409045,0.44226846070317344,26.25,0.5425638569536626,0.2459028347024655,0.322075162909358,0.1810723263459857,0.4463110626034505,0.469991918599104,0.1810723263459857,25,-0.0648305083564798,0.200408227900985,0.2240890838966385,0.2889195922531183,18.0,0.2418024625543449,,,,
190,32,2,0.1,clean,fedle_adapted,FedLE-adapted,456,0.40955442113644736,0.44589339788893395,0.478571272664567,26.7,0.5279613304082023,0.3718534233777066,0.3115074709297381,0.423131416695577,0.4510741972922314,0.6414721876178608,0.30506314072043,85,0.05127799331787042,0.07922077391452481,0.26961876424015424,0.33640904689743084,20.0,0.2363783218173115,,,,
191,32,2,0.1,clean,tea_fl,TEA-FL,456,0.26717624521128475,0.2930067970778104,0.3644966283771736,26.35,0.609390184056542,0.2360573025394684,0.2340832500615063,0.1751932403263642,0.3416322857518959,0.3503823909713989,0.1751932403263642,25,-0.0608640622131042,0.1055749832124275,0.11432508843193048,0.17518915064503468,20.0,0.3443100647869651,,,,
192,32,2,0.1,clean,arl_fl,ARL-FL,456,0.3385929927211724,0.3839710725536366,0.4222540783818034,27.575,0.5676044362284672,0.20829353489959,0.2999482827999286,0.2809425235467337,0.3337714860163617,0.5029474478740202,0.2323684596990453,35,0.07264898864714373,0.1254779511167717,0.2946539129744302,0.27057898817497494,25.0,0.2735054613414907,0.1919035865838333,0.2173395033078708,0.2620095097901853,0.2651506194355547
193,33,2,0.1,signflip_mu0p2,fedavg,FedAvg,123,0.06436592897345601,0.02140649055380748,0.1390370287675656,25.35,0.5104105961379889,0.3306149674788083,0.0886177337856595,0.0165118679050567,0.0165118679050567,0.0419730141010488,0.0165118679050567,25,-0.3141030995737516,-0.3141030995737516,-0.2886419533777595,0.025461146195992098,16.0,0.2093622782180975,,,,
194,33,2,0.1,signflip_mu0p2,fedprox,FedProx,123,0.06596321744362552,0.024697664187074773,0.14070590945148775,25.35,0.5104105961379889,0.3293728865505979,0.0731967989012104,0.0165118679050567,0.0165118679050567,0.0419980202734027,0.0165118679050567,25,-0.31286101864554117,-0.31286101864554117,-0.28737486627719516,0.025486152368346,16.0,0.2093622782180975,,,,
195,33,2,0.1,signflip_mu0p2,random_trimmed_mean,Random Trimmed Mean,123,0.2458586798920873,0.2626334964876291,0.3411930762996805,25.35,0.5104105961379889,0.2023040423793196,0.3119460292383265,0.0165118679050567,0.2582514242246208,0.1805636877259034,0.0165118679050567,25,-0.18579217447426288,0.05594738184530118,-0.0217403546534162,0.16405181982084668,16.0,0.2093622782180975,,,,
196,33,2,0.1,signflip_mu0p2,fedle_adapted,FedLE-adapted,123,0.07341105402135771,0.05036876264908966,0.16381999160499444,26.4,0.4954013181519622,0.1356391545150716,0.1773430842684683,0.0165118679050567,0.0606454269244966,0.0169753086419753,0.0165118679050567,25,-0.11912728661001491,-0.07499372759057502,-0.11866384587309631,0.0004634407369186015,16.0,0.1926863462402891,,,,
197,33,2,0.1,signflip_mu0p2,tea_fl,TEA-FL,123,0.31714849559070435,0.3562469193914574,0.40797443100745334,25.425,0.5617410485104615,0.2180181386302916,0.1503195145333347,0.2667831273783387,0.1924458317785912,0.3795912765741229,0.1503195145333347,20,0.048764988748047106,-0.025572306851700394,0.1615731379438313,0.2292717620407882,15.0,0.2607336923087284,,,,
198,33,2,0.1,signflip_mu0p2,arl_fl,ARL-FL,123,0.33206245524594075,0.36134686978870817,0.42212949816413325,27.25,0.5360629240414381,0.2415945238990679,0.3781796403430351,0.3073332162721112,0.276731377411738,0.4244830712692719,0.276731377411738,40,0.06573869237304328,0.03513685351267007,0.18288854737020402,0.14775169385753395,22.0,0.2314202922782745,0.2001088072361487,0.2484800426546717,0.2582015205932068,0.3952478274673173
199,34,2,0.1,signflip_mu0p2,fedavg,FedAvg,456,0.06407722008156722,0.03053363218594924,0.1358458913014201,26.25,0.5425638569536626,0.2494444859058794,0.1478685655897966,0.0176876157795524,0.0169753086419753,0.0184133915574963,0.0169753086419753,40,-0.231756870126327,-0.2324691772639041,-0.2310310943483831,0.0014380829155209995,18.0,0.2418024625543449,,,,
200,34,2,0.1,signflip_mu0p2,fedprox,FedProx,456,0.05956283511536473,0.027297623711985058,0.13180854737767525,26.25,0.5425638569536626,0.2435863439292799,0.1629628617372222,0.0768674119114712,0.0169753086419753,0.0169753086419753,0.0169753086419753,40,-0.1667189320178087,-0.2266110352873046,-0.2266110352873046,0.0,18.0,0.2418024625543449,,,,
201,34,2,0.1,signflip_mu0p2,random_trimmed_mean,Random Trimmed Mean,456,0.2295190602665113,0.2392613891356532,0.31905075712307973,26.25,0.5425638569536626,0.2457054883291007,0.2575792973169033,0.1156042684456987,0.2387312331352264,0.2602924377808102,0.0693266247769784,60,-0.130101219883402,-0.00697425519387429,0.014586949451709491,0.19096581300383178,18.0,0.2418024625543449,,,,
202,34,2,0.1,signflip_mu0p2,fedle_adapted,FedLE-adapted,456,0.09852794704963702,0.05968109983889337,0.19025123848883724,26.7,0.5279613304082023,0.3559113437097491,0.2251582391378924,0.0622475342849493,0.0534628564369464,0.0623960989543181,0.0169753086419753,30,-0.2936638094247998,-0.3024484872728027,-0.293515244755431,0.0454207903123428,20.0,0.2363783218173115,,,,
203,34,2,0.1,signflip_mu0p2,tea_fl,TEA-FL,456,0.2614584431048356,0.2897984223605599,0.3572859206578293,26.075,0.6028970664418604,0.2796631609596032,0.1150329724348455,0.2021540365940932,0.3769201569457971,0.2636354331159053,0.1150329724348455,20,-0.07750912436551,0.09725699598619392,-0.01602772784369788,0.1486024606810598,19.0,0.3236177517346216,,,,
204,34,2,0.1,signflip_mu0p2,arl_fl,ARL-FL,456,0.23769621935205204,0.26257181478079084,0.32672295396871526,27.25,0.5684920500540759,0.201797448038554,0.1656086492409244,0.3489904316408598,0.2986922117119917,0.221410122922922,0.12362142462873,80,0.1471929836023058,0.09689476367343766,0.019612674884367992,0.097788698294192,22.0,0.2759439433246852,0.257174720040257,0.2435427957405776,0.2776961998460965,0.4028082686674503
205,35,2,0.1,signflip_mu0p4,fedavg,FedAvg,123,0.06388905060110889,0.020243814152828297,0.1352630595975591,25.35,0.5104105961379889,0.3372862297500316,0.0960008104864339,0.0184133915574963,0.0184133915574963,0.0184133915574963,0.0089064436183395,80,-0.3188728381925353,-0.3188728381925353,-0.3188728381925353,0.009506947939156801,16.0,0.2093622782180975,,,,
206,35,2,0.1,signflip_mu0p4,fedprox,FedProx,123,0.06112220228932715,0.016840863702281602,0.13511807140169155,25.35,0.5104105961379889,0.3396209926544964,0.1054622786975728,0.0102150537634408,0.0184133915574963,0.0089064436183395,0.0089064436183395,75,-0.3294059388910556,-0.3212076010970001,-0.33071454903615694,0.0,16.0,0.2093622782180975,,,,
207,35,2,0.1,signflip_mu0p4,random_trimmed_mean,Random Trimmed Mean,123,0.040549521508533755,0.013477161664357026,0.11628065514074479,25.35,0.5104105961379889,0.1962828201739155,0.0391490957769016,0.0089064436183395,0.0121377636170535,0.0136698212407991,0.0089064436183395,25,-0.18737637655557599,-0.184145056556862,-0.1826129989331164,0.0047633776224596,16.0,0.2093622782180975,,,,
208,35,2,0.1,signflip_mu0p4,fedle_adapted,FedLE-adapted,123,0.04541774543342018,0.01790001719743923,0.1207984798290484,26.4,0.4954013181519622,0.145746274591028,0.0609326452612977,0.0165118679050567,0.0165118679050567,0.0165118679050567,0.0165118679050567,25,-0.1292344066859713,-0.1292344066859713,-0.1292344066859713,0.0,16.0,0.1926863462402891,,,,
209,35,2,0.1,signflip_mu0p4,tea_fl,TEA-FL,123,0.22737609841208564,0.24268640043632894,0.32727973610202327,24.725,0.5616210980848653,0.2588729199170712,0.0089064436183395,0.0089064436183395,0.1869681237421577,0.3119548572708277,0.0089064436183395,20,-0.24996647629873167,-0.07190479617491347,0.05308193735375655,0.30304841365248825,13.0,0.2713845510829347,,,,
210,35,2,0.1,signflip_mu0p4,arl_fl,ARL-FL,123,0.08331663745630989,0.052032321372559885,0.17859450813429598,26.0,0.5330378977057675,0.2318736631611767,0.2925401622520077,0.0089064436183395,0.0318631112783424,0.0136698212407991,0.0089064436183395,25,-0.2229672195428372,-0.2000105518828343,-0.2182038419203776,0.0047633776224596,20.0,0.234614981860573,0.1944218053703839,0.2781656157936337,0.3666042417539916,0.3776311319969568
211,36,2,0.1,signflip_mu0p4,fedavg,FedAvg,456,0.049179279943207074,0.014542810981230076,0.1258205357830817,26.25,0.5425638569536626,0.2443933722400192,0.0609204793028322,0.0130467571644042,0.0130467571644042,0.0130467571644042,0.0130467571644042,25,-0.231346615075615,-0.231346615075615,-0.231346615075615,0.0,18.0,0.2418024625543449,,,,
212,36,2,0.1,signflip_mu0p4,fedprox,FedProx,456,0.048756739744876966,0.017012342039366402,0.12058622853162086,26.25,0.5425638569536626,0.2374145351078107,0.0181603773584905,0.0169753086419753,0.0169753086419753,0.0169753086419753,0.0169753086419753,25,-0.2204392264658354,-0.2204392264658354,-0.2204392264658354,0.0,18.0,0.2418024625543449,,,,
213,36,2,0.1,signflip_mu0p4,random_trimmed_mean,Random Trimmed Mean,456,0.04853627761102265,0.018814072545961492,0.12249631621149333,26.25,0.5425638569536626,0.2462218976931008,0.0758157535695335,0.0169753086419753,0.0169753086419753,0.0169753086419753,0.0169753086419753,25,-0.2292465890511255,-0.2292465890511255,-0.2292465890511255,0.0,18.0,0.2418024625543449,,,,
214,36,2,0.1,signflip_mu0p4,fedle_adapted,FedLE-adapted,456,0.06883425490105916,0.01865522625076716,0.1403789584216668,26.7,0.5279613304082023,0.3792378561934246,0.2206965678958907,0.0121377636170535,0.0121377636170535,0.0121377636170535,0.0121377636170535,25,-0.3671000925763711,-0.3671000925763711,-0.3671000925763711,0.0,20.0,0.2363783218173115,,,,
215,36,2,0.1,signflip_mu0p4,tea_fl,TEA-FL,456,0.15806736610168554,0.16814889112223852,0.26011521391011244,25.575,0.6064143401552005,0.1596825370346377,0.1002293321662252,0.0383326696312028,0.0782291409969574,0.4750108068531466,0.0383326696312028,25,-0.1213498674034349,-0.0814533960376803,0.3153282698185089,0.4366781372219438,17.0,0.3254402178087254,,,,
216,36,2,0.1,signflip_mu0p4,arl_fl,ARL-FL,456,0.04052623941012256,0.01613844739063251,0.11629053659364617,27.25,0.567369114058232,0.2541778902703409,0.054870559334845,0.0121377636170535,0.0169753086419753,0.0169753086419753,0.0121377636170535,25,-0.2420401266532874,-0.23720258162836558,-0.23720258162836558,0.004837545024921801,24.0,0.2774619387294123,0.1833838542760685,0.2485522031221171,0.4098541365668299,0.4344002376741234
217,37,2,0.1,labelflip_mu0p2,fedavg,FedAvg,123,0.4009789084692523,0.4345041969416871,0.46900634775861294,25.35,0.5104105961379889,0.3338717986150215,0.3301715513312228,0.3316550032619637,0.412912362937184,0.4931775309726532,0.2911218895790817,60,-0.002216795353057799,0.0790405643221625,0.15930573235763174,0.20205564139357152,16.0,0.2093622782180975,,,,
218,37,2,0.1,labelflip_mu0p2,fedprox,FedProx,123,0.3952085567309345,0.42710837496589366,0.46292123795819023,25.35,0.5104105961379889,0.3376568738537513,0.3365130121316053,0.3001216318018134,0.3533141803542532,0.5284299944246423,0.2023517279079781,45,-0.03753524205193792,0.0156573065005019,0.19077312057089102,0.3260782665166643,16.0,0.2093622782180975,,,,
219,37,2,0.1,labelflip_mu0p2,random_trimmed_mean,Random Trimmed Mean,123,0.31715106674073995,0.3534477354735042,0.3959516307053609,25.35,0.5104105961379889,0.2012115720788405,0.2358059077900082,0.0775480336843053,0.2618097468842986,0.4230077871694627,0.0775480336843053,25,-0.1236635383945352,0.060598174805458094,0.2217962150906222,0.3454597534851574,16.0,0.2093622782180975,,,,
220,37,2,0.1,labelflip_mu0p2,fedle_adapted,FedLE-adapted,123,0.3592170054121505,0.4017913555245579,0.4354899131233742,26.4,0.4954013181519622,0.1535984787642541,0.3596410611464613,0.1905558424587297,0.3323393265962993,0.6317356553005261,0.1905558424587297,25,0.03695736369447561,0.1787408478320452,0.478137176536272,0.4411798128417964,16.0,0.1926863462402891,,,,
221,37,2,0.1,labelflip_mu0p2,tea_fl,TEA-FL,123,0.213312195621685,0.23063375356670032,0.31285202248389615,25.8,0.5747778323910027,0.173204833859066,0.0901048477341957,0.2888416859258986,0.1644060504541916,0.3985607241857531,0.0901048477341957,20,0.11563685206683261,-0.008798783404874388,0.22535589032668712,0.3084558764515574,18.0,0.2932287710290516,,,,
222,37,2,0.1,labelflip_mu0p2,arl_fl,ARL-FL,123,0.3286120982793063,0.3603797755760307,0.4133206466664867,27.225,0.5382680976816048,0.2900225276478603,0.1509002443027098,0.1911139523457466,0.389810849210818,0.5597082419529743,0.1509002443027098,20,-0.0989085753021137,0.0997883215629577,0.269685714305114,0.40880799765026454,19.0,0.2328951656070799,0.1963008164006911,0.2246897877557152,0.2428083947604953,0.2576308244660933
223,38,2,0.1,labelflip_mu0p2,fedavg,FedAvg,456,0.377841168182849,0.41549866145642494,0.4455481371162157,26.25,0.5425638569536626,0.2500062070446769,0.3836669971507507,0.34028657361003,0.4894566792272181,0.4480177898327413,0.197696985545364,30,0.0902803665653531,0.23945047218254117,0.1980115827880644,0.25032080428737735,18.0,0.2418024625543449,,,,
224,38,2,0.1,labelflip_mu0p2,fedprox,FedProx,456,0.3811762126843333,0.4209470514039406,0.4477978405178431,26.25,0.5425638569536626,0.2432443150255248,0.4190316317587017,0.3411172594876104,0.5240359953009287,0.4898448025099715,0.200996119820274,30,0.09787294446208561,0.2807916802754039,0.24660048748444668,0.2888486826896975,18.0,0.2418024625543449,,,,
225,38,2,0.1,labelflip_mu0p2,random_trimmed_mean,Random Trimmed Mean,456,0.3185754479474719,0.34757485805015564,0.4020087224901141,26.25,0.5425638569536626,0.2420108421823874,0.3578182343305234,0.2041997166768945,0.4098278633306111,0.2523376234766391,0.2041997166768945,25,-0.0378111255054929,0.16781702114822372,0.010326781294251686,0.048137906799744584,18.0,0.2418024625543449,,,,
226,38,2,0.1,labelflip_mu0p2,fedle_adapted,FedLE-adapted,456,0.39219546993829224,0.41919015235652834,0.4612781252778116,26.7,0.5279613304082023,0.383829559264679,0.3197903722351109,0.3435646268627808,0.2184107395656513,0.4036628086041181,0.2184107395656513,40,-0.04026493240189821,-0.1654188196990277,0.019833249339439085,0.18525206903846678,20.0,0.2363783218173115,,,,
227,38,2,0.1,labelflip_mu0p2,tea_fl,TEA-FL,456,0.19444607242870984,0.20956921682725457,0.3015655858000418,25.9,0.6099258344043897,0.1863693318900851,0.182206288937518,0.2627569074123072,0.1738669905285438,0.3124972841707097,0.1098870906526739,60,0.07638757552222208,-0.012502341361541297,0.12612795228062462,0.20261019351803583,20.0,0.3451965482817445,,,,
228,38,2,0.1,labelflip_mu0p2,arl_fl,ARL-FL,456,0.30986840963479045,0.34791516065049366,0.38733510101427165,27.625,0.5649717894263817,0.2602953148616129,0.2130852897366666,0.1989522689823806,0.1795514304311231,0.3845343935169783,0.1795514304311231,40,-0.06134304587923228,-0.0807438844304898,0.12423907865536543,0.20498296308585523,23.0,0.2687992131013048,0.1934803116966587,0.2300188638676586,0.2590698654592898,0.259759990026872
229,39,2,0.1,labelflip_mu0p4,fedavg,FedAvg,123,0.32431635052974245,0.3464195465984933,0.4005993966479467,25.35,0.5104105961379889,0.3315444167783949,0.079000479861767,0.378917663915132,0.2308186307987908,0.3919846950449985,0.079000479861767,20,0.04737324713673707,-0.1007257859796041,0.060440278266603586,0.3129842151832315,16.0,0.2093622782180975,,,,
230,39,2,0.1,labelflip_mu0p4,fedprox,FedProx,123,0.35723234180891417,0.3886097651422459,0.42899142381948996,25.35,0.5104105961379889,0.3303771505488473,0.080177501685437,0.3985680361897795,0.2656044582022459,0.4753086884772477,0.080177501685437,20,0.06819088564093218,-0.06477269234660143,0.1449315379284004,0.3951311867918107,16.0,0.2093622782180975,,,,
231,39,2,0.1,labelflip_mu0p4,random_trimmed_mean,Random Trimmed Mean,123,0.2613391139737887,0.2883630579095671,0.3480326329675936,25.35,0.5104105961379889,0.2039422829365313,0.0466163174730877,0.2123223787090488,0.2305954974036839,0.2563190990490958,0.0466163174730877,20,0.008380095772517498,0.026653214467152603,0.05237681611256448,0.20970278157600808,16.0,0.2093622782180975,,,,
232,39,2,0.1,labelflip_mu0p4,fedle_adapted,FedLE-adapted,123,0.2869012916715914,0.3196170992621133,0.3785096547956039,26.4,0.4954013181519622,0.1361059178427884,0.1082546030934139,0.2869335159427348,0.2374950992307548,0.217458308125095,0.1082546030934139,20,0.15082759809994642,0.1013891813879664,0.08135239028230662,0.1092037050316811,16.0,0.1926863462402891,,,,
233,39,2,0.1,labelflip_mu0p4,tea_fl,TEA-FL,123,0.186347352619051,0.18397935871639848,0.28454991530337664,25.45,0.5795516690257887,0.3092498295000985,0.2322395541952263,0.2336056783568844,0.1135469294649876,0.1390312666996887,0.1014241498668006,80,-0.0756441511432141,-0.1957029000351109,-0.17021856280040978,0.037607116832888116,16.0,0.2983333068228022,,,,
234,39,2,0.1,labelflip_mu0p4,arl_fl,ARL-FL,123,0.287840997006662,0.3024500999870465,0.37187536782722846,27.275,0.5366818277995787,0.3270464091390033,0.2530663742885277,0.3272439713780756,0.0960568771279045,0.1045913878813861,0.0960568771279045,40,0.00019756223907230197,-0.23098953201109879,-0.22245502125761718,0.008534510753481592,23.0,0.2292041637593948,0.1822746121910617,0.2298866317453204,0.2358927253433786,0.2524348737530227
235,40,2,0.1,labelflip_mu0p4,fedavg,FedAvg,456,0.15340511296292286,0.14425034543301113,0.22852441979478358,26.25,0.5425638569536626,0.2413166597151078,0.0984953595955663,0.148520758828773,0.1761568126788297,0.2386646524820245,0.0597773425017543,70,-0.0927959008863348,-0.06515984703627808,-0.0026520072330832867,0.1788873099802702,18.0,0.2418024625543449,,,,
236,40,2,0.1,labelflip_mu0p4,fedprox,FedProx,456,0.16453036941659743,0.15928561045341863,0.2426260845697288,26.25,0.5425638569536626,0.2428948680818027,0.083537519296857,0.2162830357585846,0.1738751305600619,0.2625006402990379,0.0649487202314556,70,-0.026611832323218093,-0.06901973752174079,0.019605772217235223,0.19755192006758232,18.0,0.2418024625543449,,,,
237,40,2,0.1,labelflip_mu0p4,random_trimmed_mean,Random Trimmed Mean,456,0.1418141715937743,0.13312161744129694,0.22799803390240173,26.25,0.5425638569536626,0.2472540810524988,0.1419433055800234,0.1845026290065405,0.1258938668368256,0.1196441995836519,0.064417525708271,50,-0.0627514520459583,-0.1213602142156732,-0.1276098814688469,0.0552266738753809,18.0,0.2418024625543449,,,,
238,40,2,0.1,labelflip_mu0p4,fedle_adapted,FedLE-adapted,456,0.16176820895251162,0.1386377393928621,0.23747005312140332,26.7,0.5279613304082023,0.3787217580109709,0.0885812670171751,0.1171230075408437,0.2163685173329531,0.1298215655407782,0.0807715250810427,80,-0.2615987504701272,-0.16235324067801782,-0.2489001924701927,0.0490500404597355,20.0,0.2363783218173115,,,,
239,40,2,0.1,labelflip_mu0p4,tea_fl,TEA-FL,456,0.21471570586043634,0.2354407442359534,0.31865626473719866,26.15,0.6100625762654706,0.2063003300347921,0.1216706805701108,0.1604676853619543,0.3051482622919657,0.2356048936274787,0.1216706805701108,20,-0.04583264467283779,0.09884793225717359,0.0293045635926866,0.1139342130573679,20.0,0.3391635675811333,,,,
240,40,2,0.1,labelflip_mu0p4,arl_fl,ARL-FL,456,0.1506363114860351,0.15650954766403297,0.2402280231745383,27.525,0.5637129795092831,0.1769313972515855,0.1352054007383418,0.2642190200579484,0.1213739427965476,0.1562224829357767,0.066128740722965,50,0.0872876228063629,-0.05555745445503789,-0.02070891431580879,0.0900937422128117,23.0,0.2680922694820437,0.1912320385405398,0.2252892268140194,0.2403631465779601,0.2738359418561375
241,41,3,1.0,clean,fedavg,FedAvg,123,0.6279650598150477,0.6891685376652632,0.6517651471550505,25.75,0.480229571522857,0.4795819261080229,0.5541653877105877,0.5936091473231357,0.5741556852732695,0.7764408337594578,0.5541653877105877,20,0.11402722121511283,0.09457375916524663,0.2968589076514349,0.22227544604887017,12.0,0.1779288855355418,,,,
242,41,3,1.0,clean,fedprox,FedProx,123,0.6298035430987692,0.6967898946244286,0.652879304674326,25.75,0.480229571522857,0.4674809866720812,0.5660587446882367,0.5880431081817311,0.5731626419064965,0.77011217302482,0.5602336561258957,35,0.1205621215096499,0.10568165523441525,0.30263118635273883,0.20987851689892434,12.0,0.1779288855355418,,,,
243,41,3,1.0,clean,random_trimmed_mean,Random Trimmed Mean,123,0.6031504895772235,0.6636276524124449,0.6308983590887323,25.75,0.480229571522857,0.505056970536982,0.5915694082429045,0.5841125818478949,0.5805581440579176,0.7714178950740441,0.5684597091582417,35,0.07905561131091299,0.07550117352093566,0.26636092453706217,0.2029581859158024,12.0,0.1779288855355418,,,,
244,41,3,1.0,clean,fedle_adapted,FedLE-adapted,123,0.6579716598182936,0.7212331209206468,0.6797242232196622,26.25,0.4663380153734294,0.5214270460701985,0.5306469460594169,0.6254772747156454,0.7113487469053362,0.733694169778098,0.5306469460594169,20,0.10405022864544688,0.1899217008351377,0.21226712370789946,0.2030472237186811,16.0,0.1590046317904076,,,,
245,41,3,1.0,clean,tea_fl,TEA-FL,123,0.5668192293927917,0.6146945779482942,0.600405998652961,23.425,0.5209232661059289,0.5318883133251089,0.5752430076210631,0.5226467916616201,0.6357780676966528,0.6469744704375707,0.5226467916616201,25,-0.009241521663488794,0.10388975437154391,0.11508615711246184,0.12432767877595063,13.0,0.2606674777943643,,,,
246,41,3,1.0,clean,arl_fl,ARL-FL,123,0.5808282620863711,0.6289192597864629,0.6180107829193039,27.45,0.5034801214359765,0.5941828171082082,0.5872399546639833,0.6239013973008871,0.5808782948020215,0.7249160148687226,0.5342182612419129,35,0.029718580192678923,-0.013304522306186728,0.1307331977605144,0.19069775362680974,22.0,0.1949254233335413,0.2030291216610013,0.252566371838837,0.2925927961707673,0.2934796729417126
247,42,3,1.0,clean,fedavg,FedAvg,456,0.6738061286041309,0.7379615419142034,0.6922426954089856,26.0,0.5151937231999902,0.5182450595254563,0.5142966865620614,0.5630761655444804,0.712729059271178,0.7961851302482162,0.5142966865620614,20,0.04483110601902407,0.19448399974572173,0.27794007072275995,0.28188844368615484,16.0,0.2019291376767378,,,,
248,42,3,1.0,clean,fedprox,FedProx,456,0.6727179465863738,0.738169063961406,0.6914537685333789,26.0,0.5151937231999902,0.4833094855969237,0.5056250219424832,0.5731076997389734,0.6922823148267797,0.8030442336962963,0.5056250219424832,20,0.08979821414204964,0.208972829229856,0.3197347480993726,0.29741921175381314,16.0,0.2019291376767378,,,,
249,42,3,1.0,clean,random_trimmed_mean,Random Trimmed Mean,456,0.6666068788150555,0.7313207244847266,0.6834308673492067,26.0,0.5151937231999902,0.5642338559783652,0.5435002079938669,0.6311877646552452,0.7006033302433822,0.7692144986505786,0.5029527865387263,30,0.06695390867688,0.136369474265017,0.2049806426722134,0.26626171211185223,16.0,0.2019291376767378,,,,
250,42,3,1.0,clean,fedle_adapted,FedLE-adapted,456,0.6668935360221279,0.7232647363319604,0.6870564393546474,27.35,0.5064230478206312,0.5339074797947722,0.5795657361449285,0.6199505253549712,0.6944177206548937,0.7525055965368256,0.5795657361449285,20,0.08604304556019904,0.16051024086012156,0.21859811674205343,0.17293986039189713,20.0,0.2012246599845249,,,,
251,42,3,1.0,clean,tea_fl,TEA-FL,456,0.5835391891420572,0.6295419628377397,0.6213300660284948,24.35,0.5581507832875792,0.4762405539167505,0.5250603446510225,0.5668129466324007,0.5689374308052325,0.6419727356861145,0.5250603446510225,20,0.09057239271565015,0.092696876888482,0.16573218176936394,0.11691239103509199,14.0,0.2600677583412722,,,,
252,42,3,1.0,clean,arl_fl,ARL-FL,456,0.5844490946889581,0.6412417391730466,0.6192971861013687,27.675,0.5463399745300849,0.3939248068089059,0.6385443865997066,0.5510557525099972,0.6257487299817742,0.7643139453712338,0.5510557525099972,25,0.15713094570109126,0.23182392317286832,0.37038913856232786,0.2132581928612366,25.0,0.2488964996599027,0.2081623484193779,0.2731336500204939,0.2948579372523583,0.2948579372523583
253,43,3,1.0,signflip_mu0p2,fedavg,FedAvg,123,0.10350718405240894,0.03645606903878937,0.1722514770043531,25.75,0.480229571522857,0.4833992671254619,0.5672629153041694,0.0569942828994324,0.0137195121951219,0.0137195121951219,0.0137195121951219,35,-0.42640498422602946,-0.46967975493034,-0.46967975493034,0.0,12.0,0.1779288855355418,,,,
254,43,3,1.0,signflip_mu0p2,fedprox,FedProx,123,0.10399291856269187,0.037175770105432306,0.17400009869451277,25.75,0.480229571522857,0.4972735607689216,0.5656437895091166,0.0645422501490228,0.0137195121951219,0.0137195121951219,0.0137195121951219,35,-0.4327313106198988,-0.4835540485737997,-0.4835540485737997,0.0,12.0,0.1779288855355418,,,,
255,43,3,1.0,signflip_mu0p2,random_trimmed_mean,Random Trimmed Mean,123,0.5185660940597528,0.5576055756270077,0.5637679012344128,25.75,0.480229571522857,0.4991183524488203,0.5944702343090191,0.5852869831726405,0.5120324533983643,0.5430238303021415,0.2595090581783594,70,0.0861686307238202,0.012914100949544038,0.04390547785332122,0.2835147721237821,12.0,0.1779288855355418,,,,
256,43,3,1.0,signflip_mu0p2,fedle_adapted,FedLE-adapted,123,0.10683888079058829,0.029291043134306215,0.17659898556470083,26.25,0.4663380153734294,0.4786950187707053,0.5470668345884996,0.0045398584179747,0.0137195121951219,0.0137195121951219,0.0045398584179747,25,-0.4741551603527306,-0.4649755065755834,-0.4649755065755834,0.0091796537771472,16.0,0.1590046317904076,,,,
257,43,3,1.0,signflip_mu0p2,tea_fl,TEA-FL,123,0.5981860514799922,0.6595903629081177,0.6263508946015526,22.975,0.520159511378813,0.4650737557539616,0.4390818680536526,0.5919366515382073,0.6874885653805451,0.7177776307171357,0.4390818680536526,20,0.1268628957842457,0.22241480962658355,0.25270387496317415,0.2786957626634831,13.0,0.2506569056365921,,,,
258,43,3,1.0,signflip_mu0p2,arl_fl,ARL-FL,123,0.5783775510635656,0.6298119338724313,0.6166643407604598,27.45,0.501770825535392,0.5902191455147161,0.4710987958481119,0.5690240299522045,0.5976887293007432,0.7768363372001917,0.4710987958481119,20,-0.021195115562511635,0.007469583786027134,0.18661719168547564,0.30573754135207987,24.0,0.1910691185315963,0.2352315231630432,0.2558204996343284,0.291293944095022,0.4159408215207206
259,44,3,1.0,signflip_mu0p2,fedavg,FedAvg,456,0.10137986579631417,0.025371096078848493,0.16827012811543554,26.0,0.5151937231999902,0.5099445831171238,0.3865701964743728,0.0137195121951219,0.0137195121951219,0.0137195121951219,0.0137195121951219,25,-0.49622507092200185,-0.49622507092200185,-0.49622507092200185,0.0,16.0,0.2019291376767378,,,,
260,44,3,1.0,signflip_mu0p2,fedprox,FedProx,456,0.10366006825326107,0.02730650321942298,0.17023755992326908,26.0,0.5151937231999902,0.5704335606230634,0.4485032249727563,0.0137195121951219,0.0137195121951219,0.0137195121951219,0.0137195121951219,25,-0.5567140484279415,-0.5567140484279415,-0.5567140484279415,0.0,16.0,0.2019291376767378,,,,
261,44,3,1.0,signflip_mu0p2,random_trimmed_mean,Random Trimmed Mean,456,0.5813999278705748,0.6286210599407775,0.6150938529505292,26.0,0.5151937231999902,0.4815865994818021,0.5895925645308747,0.5509678611405319,0.5165926081663934,0.7284706724082771,0.4483856124000808,65,0.06938126165872976,0.035006008684591305,0.24688407292647502,0.28008506000819633,16.0,0.2019291376767378,,,,
262,44,3,1.0,signflip_mu0p2,fedle_adapted,FedLE-adapted,456,0.09661399723058034,0.021400707222137626,0.1618855408235186,27.35,0.5064230478206312,0.5815858052813002,0.1231756980909334,0.068574502717349,0.0137195121951219,0.0137195121951219,0.0137195121951219,40,-0.5130113025639512,-0.5678662930861783,-0.5678662930861783,0.0,20.0,0.2012246599845249,,,,
263,44,3,1.0,signflip_mu0p2,tea_fl,TEA-FL,456,0.6033862609250481,0.6511653033256457,0.6342430896656928,24.175,0.5605006317679211,0.4863686332747572,0.5507123260204635,0.5491035393684306,0.6512775374302289,0.7723438210441992,0.456398040571595,50,0.06273490609367338,0.16490890415547166,0.285975187769442,0.3159457804726042,15.0,0.2663488025526389,,,,
264,44,3,1.0,signflip_mu0p2,arl_fl,ARL-FL,456,0.533042878459433,0.5710140708505627,0.5762738763984744,27.775,0.5444656816262394,0.4591483503994975,0.5355563215631589,0.4473922684544938,0.1749038747911842,0.6772971443960903,0.1749038747911842,40,-0.01175608194500366,-0.2842444756083133,0.21814879399659287,0.5023932696049062,25.0,0.2462507128545829,0.2083400540292929,0.2331441935628172,0.3258280398805085,0.4137010277360149
265,45,3,1.0,signflip_mu0p4,fedavg,FedAvg,123,0.08959138293925456,0.026333698169219166,0.1568322310157754,25.75,0.480229571522857,0.4885243468539877,0.2809891141166492,0.0181190073322053,0.0181190073322053,0.0181190073322053,0.0181190073322053,25,-0.47040533952178243,-0.47040533952178243,-0.47040533952178243,0.0,12.0,0.1779288855355418,,,,
266,45,3,1.0,signflip_mu0p4,fedprox,FedProx,123,0.08987937911228283,0.02864081116404882,0.15614824638120753,25.75,0.480229571522857,0.4715994378684602,0.3548167299511979,0.0181190073322053,0.0181190073322053,0.0181190073322053,0.0181190073322053,25,-0.4534804305362549,-0.4534804305362549,-0.4534804305362549,0.0,12.0,0.1779288855355418,,,,
267,45,3,1.0,signflip_mu0p4,random_trimmed_mean,Random Trimmed Mean,123,0.09197089613519775,0.02982245594257098,0.15780108939491228,25.75,0.480229571522857,0.5152324229930526,0.392629362863907,0.0181190073322053,0.0181190073322053,0.0181190073322053,0.0181190073322053,25,-0.4971134156608473,-0.4971134156608473,-0.4971134156608473,0.0,12.0,0.1779288855355418,,,,
268,45,3,1.0,signflip_mu0p4,fedle_adapted,FedLE-adapted,123,0.08756609834394907,0.022209705509951373,0.15681087181076417,26.25,0.4663380153734294,0.4831562695262055,0.1646579447394972,0.0176146010186757,0.0176146010186757,0.0176146010186757,0.0176146010186757,25,-0.4655416685075298,-0.4655416685075298,-0.4655416685075298,0.0,16.0,0.1590046317904076,,,,
269,45,3,1.0,signflip_mu0p4,tea_fl,TEA-FL,123,0.5882896151773268,0.6435457687934253,0.6161260226197115,22.925,0.5192799569002031,0.493691238994039,0.4728660299070591,0.5028364199664431,0.6839294306504516,0.7776252547703556,0.4728660299070591,20,0.009145180972404132,0.19023819165641265,0.2839340157763166,0.3047592248632965,13.0,0.2451673570426684,,,,
270,45,3,1.0,signflip_mu0p4,arl_fl,ARL-FL,123,0.14054535428570653,0.083418189532621,0.21720403215393297,27.075,0.5023737130436489,0.5866939063868047,0.4585825614345813,0.1730157139131399,0.1641187748575195,0.0147122457810471,0.0147122457810471,50,-0.41367819247366483,-0.4225751315292853,-0.5719816606057576,0.0,21.0,0.1895010001258749,0.2241526729980893,0.2719201858480654,0.3827591101169681,0.3950760252902053
271,46,3,1.0,signflip_mu0p4,fedavg,FedAvg,456,0.09436978033674887,0.018418125631311975,0.16699311337583658,26.0,0.5151937231999902,0.5248063278885243,0.3374612843103368,0.0081264108352144,0.0081264108352144,0.0081264108352144,0.0081264108352144,25,-0.51667991705331,-0.51667991705331,-0.51667991705331,0.0,16.0,0.2019291376767378,,,,
272,46,3,1.0,signflip_mu0p4,fedprox,FedProx,456,0.0972717844874734,0.019279934210540896,0.16884889819827906,26.0,0.5151937231999902,0.5659999902727413,0.3650391588456622,0.0081264108352144,0.0081264108352144,0.0081264108352144,0.0081264108352144,25,-0.5578735794375269,-0.5578735794375269,-0.5578735794375269,0.0,16.0,0.2019291376767378,,,,
273,46,3,1.0,signflip_mu0p4,random_trimmed_mean,Random Trimmed Mean,456,0.1095126148079471,0.03735716044521664,0.17699922753927455,26.0,0.5151937231999902,0.4638127817974017,0.5797527111037976,0.1137453845673487,0.0133857122071875,0.0133857122071875,0.0133857122071875,30,-0.350067397230053,-0.4504270695902142,-0.4504270695902142,0.0,16.0,0.2019291376767378,,,,
274,46,3,1.0,signflip_mu0p4,fedle_adapted,FedLE-adapted,456,0.10643963112318403,0.027012621691969385,0.16975371696561165,27.35,0.5064230478206312,0.5779733171267888,0.3183512625640736,0.0176146010186757,0.0176146010186757,0.0176146010186757,0.0176146010186757,25,-0.560358716108113,-0.560358716108113,-0.560358716108113,0.0,20.0,0.2012246599845249,,,,
275,46,3,1.0,signflip_mu0p4,tea_fl,TEA-FL,456,0.5317626000814909,0.5682282860837713,0.5776205567206836,24.025,0.5489614657145104,0.469944140558945,0.4114839204581488,0.1885382272368092,0.5838191234596868,0.3832935061902724,0.1885382272368092,25,-0.2814059133221358,0.11387498290074177,-0.0866506343686726,0.1947552789534632,15.0,0.2497300189417314,,,,
276,46,3,1.0,signflip_mu0p4,arl_fl,ARL-FL,456,0.2136551756300577,0.17778489078210316,0.30028410134962824,27.225,0.5426630751569635,0.4915615538441706,0.4754648050464485,0.3480828870293792,0.1778193421201048,0.0937447842411042,0.0141649462541839,80,-0.14347866681479143,-0.3137422117240658,-0.3978167696030664,0.07957983798692031,23.0,0.2414128873374697,0.2375560277307862,0.4806125520577228,0.3142309269042935,0.4806125520577228
277,47,3,1.0,labelflip_mu0p2,fedavg,FedAvg,123,0.5991351153029439,0.6494418396914752,0.6226946597949041,25.75,0.480229571522857,0.4745637022134303,0.5880622580710028,0.5606307358764239,0.318664169236667,0.7372253454114331,0.318664169236667,40,0.08606703366299356,-0.1558995329767633,0.26266164319800284,0.4185611761747661,12.0,0.1779288855355418,,,,
278,47,3,1.0,labelflip_mu0p2,fedprox,FedProx,123,0.5882104315096853,0.6432888802696327,0.6127429359313535,25.75,0.480229571522857,0.4781864709812831,0.5474666114139107,0.5340295379199396,0.4305207839052459,0.7717701527777064,0.4085129245701868,35,0.05584306693865648,-0.04766568707603719,0.29358368179642336,0.36325722820751966,12.0,0.1779288855355418,,,,
279,47,3,1.0,labelflip_mu0p2,random_trimmed_mean,Random Trimmed Mean,123,0.6089750126218756,0.6712406890219034,0.6347351632618605,25.75,0.480229571522857,0.4862256359798014,0.5861035767972421,0.54605811015064,0.5415513396604018,0.7810467721225587,0.5415513396604018,40,0.05983247417083859,0.05532570368060041,0.2948211361427573,0.23949543246215688,12.0,0.1779288855355418,,,,
280,47,3,1.0,labelflip_mu0p2,fedle_adapted,FedLE-adapted,123,0.6606702971740032,0.7224440423907218,0.679360446900644,26.25,0.4663380153734294,0.5539900093276081,0.420298288017711,0.5755400062273531,0.7762695566256338,0.7564153577593494,0.420298288017711,20,0.021549996899745016,0.22227954729802568,0.20242534843174131,0.3361170697416384,16.0,0.1590046317904076,,,,
281,47,3,1.0,labelflip_mu0p2,tea_fl,TEA-FL,123,0.6053279003442351,0.6606326084930384,0.6309949026102802,23.375,0.5225397948041706,0.5591541589220665,0.5636161461022179,0.5279224482032787,0.6539912420966911,0.7427356929929596,0.5279224482032787,25,-0.03123171071878783,0.09483708317462458,0.18358153407089306,0.2148132447896809,13.0,0.2469007689433283,,,,
282,47,3,1.0,labelflip_mu0p2,arl_fl,ARL-FL,123,0.6121070881699526,0.6681389091579959,0.6413371850435418,27.3,0.5039002520929147,0.589781300932642,0.5950030307232502,0.5488857390116654,0.614985999972853,0.7384340123445488,0.5488857390116654,25,-0.04089556192097665,0.025204699040210943,0.14865271141190672,0.18954827333288338,20.0,0.1964358493024499,0.1969434790367495,0.2525335474986084,0.2765650704934228,0.3190565207353242
283,48,3,1.0,labelflip_mu0p2,fedavg,FedAvg,456,0.6439128868321248,0.7023576925245569,0.6639405246395736,26.0,0.5151937231999902,0.5077568410421083,0.5068496615061419,0.4536151651396082,0.677761235215121,0.814507822017216,0.4536151651396082,25,-0.054141675902500075,0.17000439417301272,0.3067509809751078,0.36089265687760785,16.0,0.2019291376767378,,,,
284,48,3,1.0,labelflip_mu0p2,fedprox,FedProx,456,0.648662433734231,0.7066859484948039,0.6670028742959098,26.0,0.5151937231999902,0.5113314967110855,0.5265158319066726,0.4713538134931034,0.6831881180185603,0.8137800079188054,0.4713538134931034,25,-0.03997768321798206,0.1718566213074748,0.30244851120772,0.34242619442570205,16.0,0.2019291376767378,,,,
285,48,3,1.0,labelflip_mu0p2,random_trimmed_mean,Random Trimmed Mean,456,0.6707038164563387,0.7394077808376773,0.6889576346141062,26.0,0.5151937231999902,0.4761809572882536,0.6077631211197374,0.6328930956905153,0.6946082578220721,0.8086285674657968,0.5983343370742901,30,0.15671213840226172,0.21842730053381854,0.3324476101775432,0.21029423039150674,16.0,0.2019291376767378,,,,
286,48,3,1.0,labelflip_mu0p2,fedle_adapted,FedLE-adapted,456,0.6500714970350419,0.702498595498442,0.6708082169098458,27.35,0.5064230478206312,0.5804319113649206,0.4449242336923555,0.5994131440542309,0.7057961902896981,0.7862717108646273,0.4449242336923555,20,0.01898123268931029,0.12536427892477753,0.20583979949970677,0.3413474771722718,20.0,0.2012246599845249,,,,
287,48,3,1.0,labelflip_mu0p2,tea_fl,TEA-FL,456,0.5935010519648316,0.6390336789657227,0.6283333514428895,24.35,0.5630063297903779,0.4801296098749625,0.5945333572768281,0.6457949682554406,0.6019433224765076,0.6613095821707842,0.5528289503609289,50,0.16566535838047808,0.12181371260154511,0.18117997229582167,0.10848063180985523,16.0,0.274758532098851,,,,
288,48,3,1.0,labelflip_mu0p2,arl_fl,ARL-FL,456,0.6423243869697305,0.6967197916946883,0.662914443205632,27.675,0.5458088391532931,0.6497657144370077,0.6549317095911941,0.4909079609983122,0.6125030236783996,0.7526904107716031,0.4909079609983122,25,-0.15885775343869551,-0.03726269075860811,0.10292469633459544,0.26178244977329096,25.0,0.2494471060445986,0.2047918921998925,0.2775386166562952,0.2734456507360133,0.320712890891151
289,49,3,1.0,labelflip_mu0p4,fedavg,FedAvg,123,0.5059365417157319,0.5464232266099155,0.5409626648494673,25.75,0.480229571522857,0.4786729941401235,0.3155590108825213,0.4796766231570359,0.4046915310700449,0.67748866141792,0.3155590108825213,20,0.0010036290169124218,-0.07398146307007858,0.19881566727779648,0.36192965053539866,12.0,0.1779288855355418,,,,
290,49,3,1.0,labelflip_mu0p4,fedprox,FedProx,123,0.505233996801721,0.5497108102824312,0.5412819402798751,25.75,0.480229571522857,0.4711211078643166,0.2984865087675466,0.5039517331389022,0.4475396604988689,0.6969352263276934,0.2984865087675466,20,0.03283062527458558,-0.023581447365447705,0.22581411846337685,0.3984487175601468,12.0,0.1779288855355418,,,,
291,49,3,1.0,labelflip_mu0p4,random_trimmed_mean,Random Trimmed Mean,123,0.49633907543049927,0.542253518036157,0.5303113779248048,25.75,0.480229571522857,0.4968805467810593,0.2377290212223595,0.4157657594729937,0.4795858901625803,0.6132372164604217,0.2377290212223595,20,-0.0811147873080656,-0.01729465661847901,0.11635666967936242,0.3755081952380622,12.0,0.1779288855355418,,,,
292,49,3,1.0,labelflip_mu0p4,fedle_adapted,FedLE-adapted,123,0.44624006084730994,0.4644586360725995,0.48982305361004774,26.25,0.4663380153734294,0.494061215113697,0.193589927958864,0.5140662571764175,0.5115223428483922,0.6625074977862317,0.1032584312557514,50,0.020005042062720524,0.01746112773469516,0.16844628267253475,0.5592490665304803,16.0,0.1590046317904076,,,,
293,49,3,1.0,labelflip_mu0p4,tea_fl,TEA-FL,123,0.6066550530582709,0.6624164873186327,0.6281236511073214,23.375,0.5190591788424147,0.5740465609187726,0.4886935416046025,0.6065985202300864,0.5980352415382583,0.6713408871010649,0.4762452922315603,30,0.03255195931131383,0.02398868061948567,0.09729432618229228,0.19509559486950456,13.0,0.2590062470225768,,,,
294,49,3,1.0,labelflip_mu0p4,arl_fl,ARL-FL,123,0.43912671728869057,0.46189475978522443,0.48962264420226986,27.55,0.5031385837191461,0.5905049286076205,0.2706193413848045,0.4702551043417568,0.4204975250001644,0.7422103640698591,0.2079799770192369,30,-0.12024982426586367,-0.1700074036074561,0.15170543546223858,0.5342303870506222,24.0,0.1956466079945483,0.2054542392020361,0.239172177322777,0.2543007485205938,0.2584804498873971
295,50,3,1.0,labelflip_mu0p4,fedavg,FedAvg,456,0.5163383033557585,0.5381333891790941,0.5423484359955947,26.0,0.5151937231999902,0.5602877494127761,0.4832926778853656,0.5373228530035271,0.6186705171328409,0.5504110008180038,0.1194103554269991,30,-0.022964896409249036,0.05838276772006479,-0.009876748594772389,0.4310006453910047,16.0,0.2019291376767378,,,,
296,50,3,1.0,labelflip_mu0p4,fedprox,FedProx,456,0.49770756826410095,0.5187590784547002,0.5281973884131298,26.0,0.5151937231999902,0.5117480460610105,0.4896255322531092,0.4738798683396563,0.6161985633224757,0.5683383185551688,0.1293408536157962,30,-0.03786817772135426,0.10445051726146515,0.05659027249415827,0.43899746493937264,16.0,0.2019291376767378,,,,
297,50,3,1.0,labelflip_mu0p4,random_trimmed_mean,Random Trimmed Mean,456,0.4709994251635771,0.49303301445019676,0.5055053816044748,26.0,0.5151937231999902,0.5016362384563964,0.5562672407811496,0.4059823697424474,0.5653655327222815,0.5001024204863099,0.0847237866284369,30,-0.09565386871394899,0.06372929426588514,-0.0015338179700864485,0.41537863385787305,16.0,0.2019291376767378,,,,
298,50,3,1.0,labelflip_mu0p4,fedle_adapted,FedLE-adapted,456,0.44705505054311045,0.45904138980309356,0.48940345050529915,27.35,0.5064230478206312,0.5153444274211939,0.2478162869894027,0.4133445702492493,0.2701403463498342,0.6067922031106979,0.220177431834228,30,-0.1019998571719446,-0.24520408107135971,0.09144777568950402,0.3866147712764699,20.0,0.2012246599845249,,,,
299,50,3,1.0,labelflip_mu0p4,tea_fl,TEA-FL,456,0.5738500923815439,0.6165937422894059,0.6078102875802354,23.7,0.544933189761064,0.4727706334291907,0.5470621973733267,0.6377421023111671,0.672794833027861,0.1084382934842147,0.1084382934842147,100,0.16497146888197645,0.20002419959867035,-0.364332339944976,0.0,14.0,0.2543438075925009,,,,
300,50,3,1.0,labelflip_mu0p4,arl_fl,ARL-FL,456,0.46990773526444335,0.5030987144292756,0.5069641509403613,27.825,0.5475915958423908,0.3856790254974596,0.4941811189828779,0.4799321648561981,0.4678934691435664,0.5636107671623084,0.2163643244448065,80,0.09425313935873852,0.0822144436461068,0.17793174166484882,0.34724644271750194,25.0,0.2515755688714821,0.2241098897655244,0.2247805580256904,0.2677722551058734,0.2735360590818992
301,51,3,0.1,clean,fedavg,FedAvg,123,0.42069212956286384,0.4648530571977162,0.4828518309750408,24.45,0.4753633750869226,0.2658807017163649,0.3808816840082323,0.3423241740208358,0.4152601919595673,0.5609230598764322,0.296664000237023,30,0.0764434723044709,0.1493794902432024,0.2950423581600673,0.2642590596394092,14.0,0.1793032400517513,,,,
302,51,3,0.1,clean,fedprox,FedProx,123,0.42784426660733743,0.47458467518593067,0.49209580325253216,24.45,0.4753633750869226,0.2651909324079203,0.3704860672888517,0.345159237193174,0.4062815927548149,0.5663556502251165,0.2783927384877705,30,0.07996830478525369,0.1410906603468946,0.30116471781719617,0.28796291173734595,14.0,0.1793032400517513,,,,
303,51,3,0.1,clean,random_trimmed_mean,Random Trimmed Mean,123,0.39052015574207066,0.4346881541303308,0.45972504418127713,24.45,0.4753633750869226,0.2450700551138609,0.327854262988517,0.4289347314034012,0.3704275613309002,0.4496481817822892,0.3150706750475193,55,0.1838646762895403,0.1253575062170393,0.2045781266684283,0.13457750673476992,14.0,0.1793032400517513,,,,
304,51,3,0.1,clean,fedle_adapted,FedLE-adapted,123,0.4395481650301788,0.4884242903440878,0.5011157658209509,25.825,0.463175451836073,0.3372379172335963,0.299997515534441,0.4427920018590196,0.487342325089648,0.5452608676476894,0.299997515534441,20,0.10555408462542332,0.15010440785605167,0.20802295041409313,0.24526335211324846,15.0,0.1673920763924799,,,,
305,51,3,0.1,clean,tea_fl,TEA-FL,123,0.3172907693708657,0.3492311950110751,0.4122197810809908,25.275,0.5526655052638285,0.2817966385673958,0.2400939704619189,0.3945061812300332,0.3699266925850191,0.45061239229947,0.2400939704619189,20,0.11270954266263744,0.0881300540176233,0.1688157537320742,0.21051842183755107,17.0,0.2767556870224706,,,,
306,51,3,0.1,clean,arl_fl,ARL-FL,123,0.38910332178463425,0.4335430648235061,0.46451506244209106,27.375,0.5045289512794382,0.3043921281250649,0.3996660357828431,0.1981781850030162,0.423755655792239,0.6570142675237509,0.1981781850030162,25,-0.10621394312204868,0.11936352766717412,0.35262213939868603,0.4588360825207347,21.0,0.198354229966974,0.1905621310218819,0.2182635800922231,0.2548602478596982,0.2743629129892403
307,52,3,0.1,clean,fedavg,FedAvg,456,0.402519335738395,0.4368635504825111,0.4668194941422189,25.85,0.5158655930040877,0.327155041870188,0.3454431255659051,0.4233013696583846,0.2578858756184727,0.5542440693943406,0.2578858756184727,40,0.0961463277881966,-0.06926916625171531,0.22708902752415255,0.29635819377586786,16.0,0.2136552532364819,,,,
308,52,3,0.1,clean,fedprox,FedProx,456,0.41041231652650795,0.4457972671540265,0.4748308721510259,25.85,0.5158655930040877,0.3290708012065222,0.3527100578315543,0.4298939579654827,0.3043918586847104,0.6204693162408151,0.3043918586847104,40,0.10082315675896047,-0.024678942521811797,0.2913985150342929,0.3160774575561047,16.0,0.2136552532364819,,,,
309,52,3,0.1,clean,random_trimmed_mean,Random Trimmed Mean,456,0.38837552929534425,0.42331477246124444,0.44975182458721286,25.85,0.5158655930040877,0.1763544769068387,0.3632032349522137,0.3644530517583358,0.376775115965388,0.5329602430407604,0.2693785525086566,70,0.1880985748514971,0.2004206390585493,0.3566057661339217,0.2635816905321038,16.0,0.2136552532364819,,,,
310,52,3,0.1,clean,fedle_adapted,FedLE-adapted,456,0.413440879466975,0.4507888072216154,0.48344518918884766,27.0,0.5011376098632823,0.3015720144870892,0.3728784435498095,0.2925797774862803,0.3129551402141192,0.6119435578395911,0.2925797774862803,25,-0.008992237000808923,0.011383125727029986,0.3103715433525019,0.3193637803533108,20.0,0.2083467838940928,,,,
311,52,3,0.1,clean,tea_fl,TEA-FL,456,0.30207332966435224,0.328061036116494,0.3924352968343857,26.0,0.5915151676105834,0.2845682927771918,0.1900116941347914,0.2327276468835449,0.2192365677468837,0.5045149508039612,0.166704467291282,45,-0.051840645893646925,-0.06533172503030812,0.21994665802676944,0.3378104835126793,18.0,0.3262600621547122,,,,
312,52,3,0.1,clean,arl_fl,ARL-FL,456,0.4199491628587235,0.47581224319022947,0.4819805529027814,27.125,0.5343394483430626,0.2024669676446207,0.3257189468951013,0.3804661659618373,0.3571007375891313,0.5134032165872963,0.225947645575947,30,0.1779991983172166,0.1546337699445106,0.3109362489426756,0.2874555710113493,23.0,0.2401597431485595,0.1813502182035569,0.2177947658432188,0.2498351957514451,0.2588395087781958
313,53,3,0.1,signflip_mu0p2,fedavg,FedAvg,123,0.07240988961936023,0.029916902848653382,0.15254407375541754,24.45,0.4753633750869226,0.2778393054749231,0.3497836674713857,0.067083348109271,0.0147122457810471,0.0133857122071875,0.0133857122071875,50,-0.21075595736565209,-0.26312705969387595,-0.2644535932677356,0.0,14.0,0.1793032400517513,,,,
314,53,3,0.1,signflip_mu0p2,fedprox,FedProx,123,0.06734589431340025,0.024963867975706322,0.14701728217204513,24.45,0.4753633750869226,0.2679708201036175,0.3261621352493835,0.0790396861244697,0.0133857122071875,0.0081264108352144,0.0081264108352144,35,-0.1889311339791478,-0.25458510789643,-0.2598444092684031,0.0,14.0,0.1793032400517513,,,,
315,53,3,0.1,signflip_mu0p2,random_trimmed_mean,Random Trimmed Mean,123,0.2792879498970875,0.29641724428447647,0.3733736894206053,24.45,0.4753633750869226,0.2341405831539454,0.3222462723408931,0.2594656302481448,0.3237565884466037,0.390329661508318,0.0737251633672211,45,0.025325047094199388,0.08961600529265831,0.1561890783543726,0.3166044981410969,14.0,0.1793032400517513,,,,
316,53,3,0.1,signflip_mu0p2,fedle_adapted,FedLE-adapted,123,0.05909532746118876,0.01821137392123867,0.13297626357649972,25.825,0.463175451836073,0.3413567574320362,0.119870823164861,0.0181190073322053,0.0147122457810471,0.0147122457810471,0.0147122457810471,30,-0.3232377500998309,-0.32664451165098907,-0.32664451165098907,0.0,15.0,0.1673920763924799,,,,
317,53,3,0.1,signflip_mu0p2,tea_fl,TEA-FL,123,0.2899381177603052,0.31151278822588074,0.3811249558303361,25.025,0.5504355580717296,0.2689150228369636,0.204541566010073,0.2039449229363207,0.2476681984838609,0.4227319309245672,0.0970317569765949,35,-0.06497009990064292,-0.02124682435310271,0.15381690808760357,0.3257001739479723,15.0,0.2631797124996772,,,,
318,53,3,0.1,signflip_mu0p2,arl_fl,ARL-FL,123,0.31213045576696996,0.35235326444211634,0.40201465200461245,26.325,0.5006899788196048,0.1318616657701733,0.289855793303616,0.1515083094159522,0.4130301389479381,0.4504141924861556,0.0147122457810471,70,0.019646643645778894,0.28116847317776483,0.31855252671598233,0.43570194670510853,19.0,0.1998027971130937,0.227021613179925,0.2271776414793958,0.2545761394000448,0.3785553339729474
319,54,3,0.1,signflip_mu0p2,fedavg,FedAvg,456,0.06756300688501518,0.02284242128797439,0.13730463008616645,25.85,0.5158655930040877,0.3279228883919392,0.1849048496362338,0.0176146010186757,0.0176146010186757,0.0176146010186757,0.0176146010186757,25,-0.31030828737326355,-0.31030828737326355,-0.31030828737326355,0.0,16.0,0.2136552532364819,,,,
320,54,3,0.1,signflip_mu0p2,fedprox,FedProx,456,0.06973154474592932,0.023901442022618336,0.13872061698756022,25.85,0.5158655930040877,0.3319383585706268,0.21879351314484,0.0176146010186757,0.0176146010186757,0.0176146010186757,0.0176146010186757,25,-0.31432375755195113,-0.31432375755195113,-0.31432375755195113,0.0,16.0,0.2136552532364819,,,,
321,54,3,0.1,signflip_mu0p2,random_trimmed_mean,Random Trimmed Mean,456,0.2737787070323307,0.28133803875404684,0.36841351649817583,25.85,0.5158655930040877,0.1817726016131694,0.2715163533035438,0.1929086647328642,0.2245266722829992,0.3800859388544468,0.1694623875909832,35,0.011136063119694783,0.04275407066982978,0.1983133372412774,0.2106235512634636,16.0,0.2136552532364819,,,,
322,54,3,0.1,signflip_mu0p2,fedle_adapted,FedLE-adapted,456,0.05509733251231922,0.011174159327245081,0.13106232931579911,27.0,0.5011376098632823,0.3073010436879194,0.09513575983625,0.0133857122071875,0.0081264108352144,0.0081264108352144,0.0081264108352144,30,-0.2939153314807319,-0.29917463285270496,-0.29917463285270496,0.0,20.0,0.2083467838940928,,,,
323,54,3,0.1,signflip_mu0p2,tea_fl,TEA-FL,456,0.21360687310913842,0.21710548365182722,0.3182864050230232,25.575,0.5941850658729385,0.2971723255258904,0.2346628669142338,0.176462995157681,0.1568587966845853,0.4262608304777802,0.074563342246269,50,-0.12070933036820941,-0.1403135288413051,0.12908850495188978,0.3516974882315112,19.0,0.3243700813246036,,,,
324,54,3,0.1,signflip_mu0p2,arl_fl,ARL-FL,456,0.31563649105667996,0.34810776671005284,0.4017367138661338,27.325,0.5349239891843043,0.1985636888364184,0.2732773914040791,0.3491843427324776,0.2852569868610763,0.4474306264783581,0.2358606939772715,65,0.15062065389605922,0.08669329802465792,0.24886693764193968,0.21156993250108658,23.0,0.2422730410994288,0.2046407539655692,0.2639867686109554,0.2342574308913319,0.370297108543998
325,55,3,0.1,signflip_mu0p4,fedavg,FedAvg,123,0.054081759801520565,0.014675680378125888,0.13082914594520229,24.45,0.4753633750869226,0.2687469374421118,0.120357387392812,0.0081264108352144,0.0081264108352144,0.0138526254714244,0.0081264108352144,25,-0.2606205266068974,-0.2606205266068974,-0.2548943119706874,0.00572621463621,14.0,0.1793032400517513,,,,
326,55,3,0.1,signflip_mu0p4,fedprox,FedProx,123,0.05600798430660699,0.01604602677226908,0.1325831470321979,24.45,0.4753633750869226,0.2749504951549933,0.1420531398121708,0.0081264108352144,0.0081264108352144,0.0138526254714244,0.0081264108352144,25,-0.2668240843197789,-0.2668240843197789,-0.2610978696835689,0.00572621463621,14.0,0.1793032400517513,,,,
327,55,3,0.1,signflip_mu0p4,random_trimmed_mean,Random Trimmed Mean,123,0.046553091757865435,0.015740889611692004,0.12000162172838007,24.45,0.4753633750869226,0.2215026335073484,0.0742770779599876,0.0138526254714244,0.0138526254714244,0.0138526254714244,0.0138526254714244,25,-0.20765000803592398,-0.20765000803592398,-0.20765000803592398,0.0,14.0,0.1793032400517513,,,,
328,55,3,0.1,signflip_mu0p4,fedle_adapted,FedLE-adapted,123,0.05480154439804985,0.015028040930508534,0.12914524436116362,25.825,0.463175451836073,0.3397950516635997,0.0541492220268269,0.0125109745390693,0.0138526254714244,0.0138526254714244,0.0125109745390693,25,-0.3272840771245304,-0.3259424261921753,-0.3259424261921753,0.0013416509323550992,15.0,0.1673920763924799,,,,
329,55,3,0.1,signflip_mu0p4,tea_fl,TEA-FL,123,0.2287138109361514,0.24129131181229874,0.3320716579901709,24.275,0.5421049577772331,0.2746588750999824,0.1659669228412116,0.2470977166829031,0.2135433243972774,0.2497114408368644,0.1529876795611663,35,-0.02756115841707929,-0.06111555070270497,-0.02494743426311799,0.0967237612756981,13.0,0.2521594358748953,,,,
330,55,3,0.1,signflip_mu0p4,arl_fl,ARL-FL,123,0.05306149506726551,0.019317645121723227,0.13117899171956193,26.775,0.503451558803772,0.3190289584728736,0.1887332542809867,0.0138526254714244,0.0138526254714244,0.0138526254714244,0.0138526254714244,25,-0.3051763330014492,-0.3051763330014492,-0.3051763330014492,0.0,19.0,0.1963344822997932,0.206477206999048,0.285743886959884,0.3777508221474869,0.409792190656897
331,56,3,0.1,signflip_mu0p4,fedavg,FedAvg,456,0.06514383532783799,0.021399891208965304,0.13569766570700323,25.85,0.5158655930040877,0.3313617891664541,0.1231072913885255,0.0181190073322053,0.0181190073322053,0.0181190073322053,0.0181190073322053,25,-0.3132427818342488,-0.3132427818342488,-0.3132427818342488,0.0,16.0,0.2136552532364819,,,,
332,56,3,0.1,signflip_mu0p4,fedprox,FedProx,456,0.06484548781860905,0.021303881314792383,0.13531980833542667,25.85,0.5158655930040877,0.329535781102116,0.1200349747749919,0.0181190073322053,0.0181190073322053,0.0181190073322053,0.0181190073322053,25,-0.3114167737699107,-0.3114167737699107,-0.3114167737699107,0.0,16.0,0.2136552532364819,,,,
333,56,3,0.1,signflip_mu0p4,random_trimmed_mean,Random Trimmed Mean,456,0.0662071902589829,0.02465924597473406,0.1395076009579392,25.85,0.5158655930040877,0.1809917453827046,0.2444287316881373,0.0590060059264933,0.0147122457810471,0.0147122457810471,0.0147122457810471,30,-0.1219857394562113,-0.1662794996016575,-0.1662794996016575,0.0,16.0,0.2136552532364819,,,,
334,56,3,0.1,signflip_mu0p4,fedle_adapted,FedLE-adapted,456,0.05563380752226386,0.011289967492482528,0.13138225562987302,27.0,0.5011376098632823,0.3100021573822792,0.1093602238677945,0.0081264108352144,0.0081264108352144,0.0081264108352144,0.0081264108352144,25,-0.3018757465470648,-0.3018757465470648,-0.3018757465470648,0.0,20.0,0.2083467838940928,,,,
335,56,3,0.1,signflip_mu0p4,tea_fl,TEA-FL,456,0.26918964719478816,0.289709761187399,0.36098709580498306,25.125,0.5727358545543315,0.294797617328486,0.134837105587092,0.1845029843434245,0.2769177237227295,0.2443592503842276,0.134837105587092,20,-0.11029463298506148,-0.01787989360575648,-0.05043836694425838,0.1095221447971356,15.0,0.2690710167525328,,,,
336,56,3,0.1,signflip_mu0p4,arl_fl,ARL-FL,456,0.06101957339205669,0.031262655171461595,0.13498104293566568,27.05,0.5360787931273057,0.206144801953762,0.1963689503620441,0.0137195121951219,0.0181190073322053,0.0181190073322053,0.0137195121951219,25,-0.1924252897586401,-0.1880257946215567,-0.1880257946215567,0.004399495137083402,20.0,0.2430700634097103,0.2239622750585316,0.2787688323496917,0.3700957248143042,0.3700957248143042
337,57,3,0.1,labelflip_mu0p2,fedavg,FedAvg,123,0.3358760127470532,0.3589312342736625,0.4119450977053685,24.45,0.4753633750869226,0.263223961978108,0.4000995142411556,0.3509076353016206,0.350956409036546,0.5004298122746799,0.1389372119268121,70,0.08768367332351262,0.08773244705843802,0.23720585029657187,0.3614926003478678,14.0,0.1793032400517513,,,,
338,57,3,0.1,labelflip_mu0p2,fedprox,FedProx,123,0.3323337487286839,0.35616986140585166,0.4064367901168317,24.45,0.4753633750869226,0.2700917418425436,0.3269390703586936,0.3039153179506438,0.3457229668202354,0.4948120920480753,0.1426701373443244,70,0.03382357610810022,0.07563122497769181,0.22472035020553172,0.35214195470375087,14.0,0.1793032400517513,,,,
339,57,3,0.1,labelflip_mu0p2,random_trimmed_mean,Random Trimmed Mean,123,0.30857381082744717,0.3335593506460356,0.38668979534569,24.45,0.4753633750869226,0.2396426389234283,0.323683277170485,0.3363734374458284,0.358904542463851,0.4410035055949694,0.1245852157032255,70,0.09673079852240013,0.11926190354042271,0.20136086667154113,0.3164182898917439,14.0,0.1793032400517513,,,,
340,57,3,0.1,labelflip_mu0p2,fedle_adapted,FedLE-adapted,123,0.3500260080133469,0.37621126262854776,0.4135333943847007,25.825,0.463175451836073,0.3441239248530343,0.2922991785127485,0.2529473229194374,0.1732189270646249,0.5950871002521475,0.1247074012335343,35,-0.09117660193359689,-0.17090499778840937,0.2509631753991132,0.4703796990186132,15.0,0.1673920763924799,,,,
341,57,3,0.1,labelflip_mu0p2,tea_fl,TEA-FL,123,0.35074213321922526,0.3873761760103879,0.42659273510653195,25.425,0.5532420362836343,0.3447479007522784,0.2649574463890706,0.2530319807129517,0.3086150325792546,0.4529212035756187,0.2530319807129517,25,-0.09171592003932671,-0.0361328681730238,0.10817330282334031,0.19988922286266703,13.0,0.2653784247337119,,,,
342,57,3,0.1,labelflip_mu0p2,arl_fl,ARL-FL,123,0.35399787917349246,0.39658601801360255,0.42853587917582364,26.85,0.5017687498391424,0.2445742929441001,0.3061332717403702,0.3150444768358917,0.3166231981942498,0.5134641484504606,0.2097906185061765,60,0.0704701838917916,0.07204890525014968,0.2688898555063605,0.3036735299442841,18.0,0.1961940621869045,0.1995376136278515,0.236496444261051,0.256254671368702,0.256254671368702
343,58,3,0.1,labelflip_mu0p2,fedavg,FedAvg,456,0.3644922748194647,0.3939076718849179,0.4191021978688086,25.85,0.5158655930040877,0.3288241313302912,0.1853519165981326,0.307660241130644,0.1978936512761794,0.6046813146592099,0.1853519165981326,20,-0.021163890199647206,-0.13093048005411181,0.27585718332891873,0.41932939806107733,16.0,0.2136552532364819,,,,
344,58,3,0.1,labelflip_mu0p2,fedprox,FedProx,456,0.3673985266562472,0.39658117106346913,0.42225462464418356,25.85,0.5158655930040877,0.3337930282008847,0.1989365461801182,0.2883395286832929,0.1874526768034612,0.6023721908493388,0.1874526768034612,40,-0.04545349951759181,-0.1463403513974235,0.2685791626484541,0.41491951404587757,16.0,0.2136552532364819,,,,
345,58,3,0.1,labelflip_mu0p2,random_trimmed_mean,Random Trimmed Mean,456,0.3732320977334966,0.40168535665132604,0.4339091389435955,25.85,0.5158655930040877,0.1902663681853224,0.4219386013620275,0.2687970060232253,0.3066370324206362,0.529398560852839,0.2687970060232253,25,0.07853063783790293,0.11637066423531384,0.3391321926675166,0.26060155482961367,16.0,0.2136552532364819,,,,
346,58,3,0.1,labelflip_mu0p2,fedle_adapted,FedLE-adapted,456,0.32244467584452235,0.3425476657967029,0.3872677126156738,27.0,0.5011376098632823,0.3063755155516717,0.1869660473147062,0.2098098784347451,0.196646982032415,0.4661080877417205,0.1205843557830255,30,-0.09656563711692659,-0.10972853351925668,0.15973257219004883,0.345523731958695,20.0,0.2083467838940928,,,,
347,58,3,0.1,labelflip_mu0p2,tea_fl,TEA-FL,456,0.270016718876239,0.28499412980502986,0.3675608311579853,25.95,0.5922886229117651,0.305916998705824,0.2946962466890368,0.2573511049172038,0.2050976237124789,0.3806932906248157,0.1839501040244404,55,-0.048565893788620196,-0.10081937499334512,0.07477629191899171,0.19674318660037532,20.0,0.3228508827816914,,,,
348,58,3,0.1,labelflip_mu0p2,arl_fl,ARL-FL,456,0.30118925534825913,0.33562773363393616,0.37175430723165775,27.05,0.5378503538462978,0.1418296074120258,0.2106044239916625,0.2465163830304473,0.2458729065507515,0.3962646460759071,0.167515616427954,60,0.10468677561842149,0.1040432991387257,0.2544350386638813,0.2287490296479531,22.0,0.2427864681055841,0.1842689907907632,0.209918476332879,0.2379871344526663,0.2575005603968708
349,59,3,0.1,labelflip_mu0p4,fedavg,FedAvg,123,0.27243791634315573,0.2884832199690154,0.3500652373531149,24.45,0.4753633750869226,0.2736152707955541,0.0930061635032601,0.1436704601513335,0.2187631643887097,0.2740436836025258,0.0930061635032601,20,-0.1299448106442206,-0.054852106406844375,0.0004284128069717008,0.1810375200992657,14.0,0.1793032400517513,,,,
350,59,3,0.1,labelflip_mu0p4,fedprox,FedProx,123,0.27055389832284815,0.28597334289863785,0.3472074903072388,24.45,0.4753633750869226,0.2702557685899059,0.0934451481284412,0.1517756689066933,0.214415695237051,0.3158316049967719,0.0934451481284412,20,-0.1184800996832126,-0.0558400733528549,0.045575836406865966,0.2223864568683307,14.0,0.1793032400517513,,,,
351,59,3,0.1,labelflip_mu0p4,random_trimmed_mean,Random Trimmed Mean,123,0.22788257858590602,0.23721962668975927,0.3084293014108345,24.45,0.4753633750869226,0.2297363896996835,0.2135106440764088,0.142198624118552,0.2126558224465773,0.2089609481850667,0.142198624118552,25,-0.0875377655811315,-0.017080567253106194,-0.0207754415146168,0.0667623240665147,14.0,0.1793032400517513,,,,
352,59,3,0.1,labelflip_mu0p4,fedle_adapted,FedLE-adapted,123,0.2024638200323956,0.1980153931636131,0.2799603918063511,25.825,0.463175451836073,0.3424744769395323,0.1032859503214799,0.1769562996570525,0.1837714642066683,0.1671896894121549,0.1032859503214799,20,-0.1655181772824798,-0.15870301273286402,-0.17528478752737742,0.063903739090675,15.0,0.1673920763924799,,,,
353,59,3,0.1,labelflip_mu0p4,tea_fl,TEA-FL,123,0.2637329798467168,0.27928342191819217,0.3516447231772913,25.475,0.5537364150096258,0.1896068012529087,0.3575260322942987,0.2869459649888988,0.2663044884908199,0.166716392332696,0.1358115680179112,95,0.09733916373599008,0.07669768723791118,-0.022890408920212713,0.030904824314784807,17.0,0.2716164405881255,,,,
354,59,3,0.1,labelflip_mu0p4,arl_fl,ARL-FL,123,0.20817803270013063,0.21681153596919556,0.2899110400344454,26.65,0.498972569955412,0.2335684809357938,0.1987837887432074,0.1112157596930517,0.2992038726695062,0.1049288427711041,0.1049288427711041,100,-0.1223527212427421,0.06563539173371241,-0.1286396381646897,0.0,18.0,0.192750200247594,0.2037641833737166,0.2184261548541898,0.256069641140446,0.2633009517359276
355,60,3,0.1,labelflip_mu0p4,fedavg,FedAvg,456,0.2645424968338623,0.2665040382216661,0.34774417437038346,25.85,0.5158655930040877,0.3312461723430921,0.2482542568280513,0.2397491002289595,0.247850493942778,0.2721327424223847,0.1417749982158649,30,-0.0914970721141326,-0.08339567840031412,-0.059113429920707394,0.13035774420651983,16.0,0.2136552532364819,,,,
356,60,3,0.1,labelflip_mu0p4,fedprox,FedProx,456,0.27866893571992074,0.28367325577314295,0.3572825531554031,25.85,0.5158655930040877,0.3307286501346294,0.2612998286441223,0.2394209750612342,0.3112864287735649,0.3778985031074759,0.129949658228355,30,-0.09130767507339518,-0.019442221361064493,0.04716985297284654,0.24794884487912092,16.0,0.2136552532364819,,,,
357,60,3,0.1,labelflip_mu0p4,random_trimmed_mean,Random Trimmed Mean,456,0.2019348830512565,0.19629776658883463,0.280633403252273,25.85,0.5158655930040877,0.1844735181741255,0.1548868355255573,0.1829907557600179,0.1801277763873821,0.0997176138648206,0.0997176138648206,100,-0.001482762414107608,-0.004345741786743407,-0.0847559043093049,0.0,16.0,0.2136552532364819,,,,
358,60,3,0.1,labelflip_mu0p4,fedle_adapted,FedLE-adapted,456,0.2840585756062334,0.29283855724563085,0.36611721467635916,27.0,0.5011376098632823,0.3001149839192797,0.2708698093183238,0.1621194312287033,0.1668244210891662,0.2801016669044002,0.0963023353986697,30,-0.13799555269057642,-0.1332905628301135,-0.020013317014879517,0.1837993315057305,20.0,0.2083467838940928,,,,
359,60,3,0.1,labelflip_mu0p4,tea_fl,TEA-FL,456,0.2388247565427417,0.25121693699127445,0.32696401772865036,25.95,0.5938721705067866,0.2950267462414119,0.1592097052280205,0.2202559704778892,0.1965726656543315,0.3992354641701626,0.1156886803517519,30,-0.0747707757635227,-0.09845408058708038,0.1042087179287507,0.2835467838184107,18.0,0.3278553546885798,,,,
360,60,3,0.1,labelflip_mu0p4,arl_fl,ARL-FL,456,0.22490377785984617,0.2355599825361348,0.30110690144286906,27.2,0.5337208473217165,0.140473024347642,0.3247684029562329,0.216451134610582,0.1944439194709209,0.2470572080438811,0.1089422097851863,45,0.07597811026293999,0.053970895123278906,0.1065841836962391,0.13811499825869478,22.0,0.2378185695431932,0.1897891327070979,0.2141022419789368,0.2254224597803258,0.2435810924294131
361,61,4,1.0,clean,fedavg,FedAvg,123,0.6469900063827835,0.715629297104637,0.6665816742979385,27.475,0.5449503127450638,0.4594858119447144,0.5519726991528933,0.704453022417328,0.6854638980660911,0.7643016103741238,0.5519726991528933,20,0.2449672104726136,0.2259780861213767,0.3048157984294094,0.21232891122123054,23.0,0.2371750735367968,,,,
362,61,4,1.0,clean,fedprox,FedProx,123,0.6500117751957418,0.7195748537174808,0.666997427101097,27.475,0.5449503127450638,0.4589258239931315,0.554244925223555,0.6973749318674779,0.6713617538424431,0.7555556205230114,0.554244925223555,20,0.23844910787434642,0.21243592984931164,0.2966297965298799,0.20131069529945644,23.0,0.2371750735367968,,,,
363,61,4,1.0,clean,random_trimmed_mean,Random Trimmed Mean,123,0.6288346811450233,0.7076723707374045,0.6522226758115721,27.475,0.5449503127450638,0.4336807351840084,0.5104673361944174,0.5763998067229971,0.703922774923838,0.756177024421004,0.5104673361944174,20,0.14271907153898866,0.27024203973982963,0.3224962892369956,0.24570968822658656,23.0,0.2371750735367968,,,,
364,61,4,1.0,clean,fedle_adapted,FedLE-adapted,123,0.6384909422183889,0.7021367763390419,0.6612475247480103,27.525,0.5349452306862684,0.5240359232146112,0.6043621595418626,0.5986358973713239,0.661236925399254,0.699650753466505,0.5986358973713239,25,0.07459997415671271,0.13720100218464282,0.17561483025189373,0.10101485609518102,21.0,0.2380552754954151,,,,
365,61,4,1.0,clean,tea_fl,TEA-FL,123,0.5622858882256806,0.623310984597446,0.59275714042417,24.125,0.5822873670980568,0.4419718779949437,0.4520569127978171,0.5010915696873426,0.561090380774158,0.7374395574805748,0.4520569127978171,20,0.05911969169239889,0.11911850277921426,0.2954676794856311,0.28538264468275765,15.0,0.2992371333640525,,,,
366,61,4,1.0,clean,arl_fl,ARL-FL,123,0.6357903036670465,0.7027915200601473,0.6582638046792058,27.525,0.5708740278352259,0.6126654318398755,0.6036522832882958,0.616178646539406,0.7082102485924141,0.727074118871892,0.6036522832882958,20,0.003513214699530476,0.09554481675253856,0.11440868703201645,0.1234218355835962,25.0,0.2736951442590883,0.1813483683126036,0.2468050796010129,0.2924383570246763,0.3022894250174915
367,62,4,1.0,clean,fedavg,FedAvg,456,0.6364019109130894,0.6948192297702627,0.6565266437425484,27.875,0.5359030120911792,0.4955798118247352,0.57348460901007,0.5832260939072125,0.7214105603141444,0.7157006777370624,0.5446655442775303,35,0.08764628208247727,0.2258307484894092,0.22012086591232716,0.17103513345953203,23.0,0.2309992968712212,,,,
368,62,4,1.0,clean,fedprox,FedProx,456,0.6341410802996509,0.6972498198390162,0.6545592801669082,27.875,0.5359030120911792,0.4108604527105344,0.5776035964317828,0.6040534417740783,0.699834040116856,0.7493568427851925,0.5776035964317828,20,0.19319298906354387,0.2889735874063216,0.33849639007465815,0.17175324635340972,23.0,0.2309992968712212,,,,
369,62,4,1.0,clean,random_trimmed_mean,Random Trimmed Mean,456,0.6353435412945525,0.6992904246458981,0.6534057519841427,27.875,0.5359030120911792,0.5540748786828382,0.6151915553445805,0.5270970660273999,0.729062356466854,0.7087496256287982,0.5270970660273999,25,-0.026977812655438305,0.1749874777840158,0.15467474694595995,0.18165255960139826,23.0,0.2309992968712212,,,,
370,62,4,1.0,clean,fedle_adapted,FedLE-adapted,456,0.627344643315158,0.6872801966400985,0.6449232373526591,26.525,0.5203277365849133,0.5548561759860543,0.5957668813127118,0.598134783778115,0.5630340673742453,0.7317838830016203,0.5630340673742453,40,0.04327860779206072,0.008177891388191028,0.17692770701556604,0.168749815627375,19.0,0.2285282798055292,,,,
371,62,4,1.0,clean,tea_fl,TEA-FL,456,0.5653877215109029,0.6225843963101568,0.5946095249852829,24.225,0.5712605119095816,0.4415374319589722,0.440135146838466,0.4749001191307054,0.5003543259969825,0.7028332551658423,0.440135146838466,20,0.033362687171733185,0.05881689403801027,0.26129582320687006,0.2626981083273763,15.0,0.2859179768606574,,,,
372,62,4,1.0,clean,arl_fl,ARL-FL,456,0.6274178030602934,0.6952978075749214,0.6470235995482223,27.8,0.5567861556347994,0.5778063399538401,0.5894273482626474,0.7111976835402974,0.6802018171414227,0.7432780714403663,0.5894273482626474,20,0.13339134358645732,0.10239547718758257,0.16547173148652616,0.15385072317771886,26.0,0.2691581704930781,0.1925009580579041,0.2366126408911803,0.2926406234285564,0.2972669222218114
373,63,4,1.0,signflip_mu0p2,fedavg,FedAvg,123,0.11107643184317029,0.04340551965286151,0.17337795961757543,27.475,0.5449503127450638,0.4955176932188679,0.5511530245478177,0.1844795336706805,0.015556597873671,0.015556597873671,0.0058454228799453,30,-0.31103815954818737,-0.47996109534519693,-0.47996109534519693,0.0097111749937257,23.0,0.2371750735367968,,,,
374,63,4,1.0,signflip_mu0p2,fedprox,FedProx,123,0.1098280866480755,0.04422177962847567,0.17797171501144043,27.475,0.5449503127450638,0.4697866002963002,0.5428289050609063,0.1956381643988505,0.0082759750901343,0.015556597873671,0.0082759750901343,30,-0.2741484358974497,-0.4615106252061659,-0.45423000242262923,0.0072806227835366995,23.0,0.2371750735367968,,,,
375,63,4,1.0,signflip_mu0p2,random_trimmed_mean,Random Trimmed Mean,123,0.498499418475172,0.544774954304944,0.5420586091085704,27.475,0.5449503127450638,0.4306177856490012,0.5366375126068942,0.4430055587510998,0.4471867145359887,0.6396458057472719,0.0868394441909732,35,0.012387773102098598,0.016568928886987466,0.2090280200982707,0.5528063615562987,23.0,0.2371750735367968,,,,
376,63,4,1.0,signflip_mu0p2,fedle_adapted,FedLE-adapted,123,0.1595624792173021,0.1078597961462701,0.2338983081634539,27.525,0.5349452306862684,0.5266904089474224,0.455833229269482,0.2233562444110517,0.3340697094647193,0.015556597873671,0.015556597873671,50,-0.30333416453637063,-0.19262069948270305,-0.5111338110737513,0.0,21.0,0.2380552754954151,,,,
377,63,4,1.0,signflip_mu0p2,tea_fl,TEA-FL,123,0.5650838840015454,0.6281184391057046,0.598237177498457,24.1,0.5780076383683891,0.4386050363375609,0.4206741795756222,0.4670226040493853,0.5500704452191847,0.7408809351371585,0.4206741795756222,20,0.028417567711824354,0.11146540888162376,0.30227589879959754,0.32020675556153627,14.0,0.2814119385551223,,,,
378,63,4,1.0,signflip_mu0p2,arl_fl,ARL-FL,123,0.5648437108927574,0.6145506316490067,0.5965268025246424,27.525,0.5678932909849224,0.6105648010512305,0.5908109031312138,0.3791529736144068,0.613969691216368,0.6665741767985325,0.3791529736144068,25,-0.23141182743682365,0.003404890165137564,0.056009375747302026,0.2874212031841257,25.0,0.2730456640011648,0.1750159920261169,0.2293960388860821,0.3952995364325705,0.4199150966167091
379,64,4,1.0,signflip_mu0p2,fedavg,FedAvg,456,0.07852301363050149,0.01383124278144251,0.14566973717229115,27.875,0.5359030120911792,0.4737151694771999,0.1246268915529242,0.0052856924472848,0.0272438056494798,0.0070201519656425,0.0052856924472848,25,-0.4684294770299151,-0.44647136382772007,-0.4666950175115574,0.0017344595183576995,23.0,0.2309992968712212,,,,
380,64,4,1.0,signflip_mu0p2,fedprox,FedProx,456,0.07873338667557916,0.012569606923151297,0.151634013157561,27.875,0.5359030120911792,0.4814903545017918,0.1265565270187562,0.0360432437592264,0.0070201519656425,0.0070201519656425,0.0070201519656425,30,-0.4454471107425654,-0.4744702025361493,-0.4744702025361493,0.0,23.0,0.2309992968712212,,,,
381,64,4,1.0,signflip_mu0p2,random_trimmed_mean,Random Trimmed Mean,456,0.5103996951810186,0.5579607947047943,0.5497043786745646,27.875,0.5359030120911792,0.5542143968843439,0.1497672781884802,0.5284225866065448,0.5742443203747152,0.5607073299243389,0.1497672781884802,20,-0.025791810277799088,0.02002992349037125,0.006492933039994986,0.4109400517358587,23.0,0.2309992968712212,,,,
382,64,4,1.0,signflip_mu0p2,fedle_adapted,FedLE-adapted,456,0.10103182028359996,0.029354499772215957,0.17096155376403932,26.525,0.5203277365849133,0.553207136889589,0.6082869401577917,0.0455268874696121,0.0082759750901343,0.0082759750901343,0.0082759750901343,30,-0.5076802494199769,-0.5449311617994547,-0.5449311617994547,0.0,19.0,0.2285282798055292,,,,
383,64,4,1.0,signflip_mu0p2,tea_fl,TEA-FL,456,0.5521426079542665,0.6012980261319504,0.58652028496345,24.4,0.5704830945679409,0.5114943810842897,0.3110374561816051,0.4218015905956516,0.4793247195071794,0.7230739442999914,0.3110374561816051,20,-0.0896927904886381,-0.032169661577110265,0.2115795632157017,0.4120364881183863,14.0,0.2807886389080608,,,,
384,64,4,1.0,signflip_mu0p2,arl_fl,ARL-FL,456,0.5209878082431738,0.5627283795957697,0.5601981501283002,27.95,0.5574990802163294,0.5755795656284428,0.5713700475753241,0.3745092220418797,0.5997433798293892,0.66070940394884,0.2999990268663059,45,-0.20107034358656312,0.024163814200946376,0.08512983832039722,0.3607103770825341,26.0,0.2655050941018721,0.2104102263698152,0.252901753432641,0.3111875763819942,0.4136395092933198
385,65,4,1.0,signflip_mu0p4,fedavg,FedAvg,123,0.08694503406911493,0.02011031290163566,0.16130644173965702,27.475,0.5449503127450638,0.4700837086242441,0.3869747850581778,0.0082759750901343,0.0082759750901343,0.0082759750901343,0.0082759750901343,25,-0.4618077335341098,-0.4618077335341098,-0.4618077335341098,0.0,23.0,0.2371750735367968,,,,
386,65,4,1.0,signflip_mu0p4,fedprox,FedProx,123,0.0869303068104571,0.02019305452992608,0.16123143840848048,27.475,0.5449503127450638,0.4728075917326619,0.3896225171634713,0.0082759750901343,0.0082759750901343,0.0082759750901343,0.0082759750901343,25,-0.4645316166425276,-0.4645316166425276,-0.4645316166425276,0.0,23.0,0.2371750735367968,,,,
387,65,4,1.0,signflip_mu0p4,random_trimmed_mean,Random Trimmed Mean,123,0.12146011959503099,0.07759480703202892,0.19481710051693532,27.475,0.5449503127450638,0.4330757800717959,0.399894546740154,0.5072605053761775,0.0082759750901343,0.0082759750901343,0.0082759750901343,40,0.07418472530438158,-0.42479980498166164,-0.42479980498166164,0.0,23.0,0.2371750735367968,,,,
388,65,4,1.0,signflip_mu0p4,fedle_adapted,FedLE-adapted,123,0.08102113496301021,0.018999501439629907,0.15240027153546365,27.525,0.5349452306862684,0.5216352990011534,0.1700894753610866,0.0141256313131313,0.0141256313131313,0.0141256313131313,0.0141256313131313,25,-0.5075096676880221,-0.5075096676880221,-0.5075096676880221,0.0,21.0,0.2380552754954151,,,,
389,65,4,1.0,signflip_mu0p4,tea_fl,TEA-FL,123,0.561769045976417,0.6283862163231291,0.5915140396092949,24.025,0.5664597816467606,0.4427825821678291,0.2690322125556737,0.5055474090941859,0.6561221416177195,0.100965146729055,0.100965146729055,100,0.06276482692635682,0.21333955944989041,-0.34181743543877413,0.0,13.0,0.2724289185080172,,,,
390,65,4,1.0,signflip_mu0p4,arl_fl,ARL-FL,123,0.12910397007415236,0.07268754755821741,0.20060285350478638,27.275,0.5640386090323403,0.5647773908079566,0.5975489975866378,0.3564333686440001,0.0838035463198017,0.0141256313131313,0.0126673040152963,45,-0.20834402216395653,-0.48097384448815494,-0.5506517594948254,0.0014583272978350003,23.0,0.2684116602333005,0.2172325456546511,0.2415101322941163,0.4409657257726275,0.4885811213009996
391,66,4,1.0,signflip_mu0p4,fedavg,FedAvg,456,0.09941050288472912,0.027283569969853604,0.16698092611138823,27.875,0.5359030120911792,0.4823012820331648,0.4803878145611301,0.0126673040152963,0.0126673040152963,0.0126673040152963,0.0126673040152963,25,-0.4696339780178685,-0.4696339780178685,-0.4696339780178685,0.0,23.0,0.2309992968712212,,,,
392,66,4,1.0,signflip_mu0p4,fedprox,FedProx,456,0.09962196940738913,0.027189435057290434,0.16841618406740744,27.875,0.5359030120911792,0.4884201186974031,0.4773754973591087,0.0126673040152963,0.0126673040152963,0.0126673040152963,0.0126673040152963,25,-0.4757528146821068,-0.4757528146821068,-0.4757528146821068,0.0,23.0,0.2309992968712212,,,,
393,66,4,1.0,signflip_mu0p4,random_trimmed_mean,Random Trimmed Mean,456,0.10697774596854563,0.03956868833246435,0.16798831118610116,27.875,0.5359030120911792,0.5532851487903282,0.6018966563007696,0.0082759750901343,0.0218726591760299,0.0218726591760299,0.0082759750901343,25,-0.5450091737001939,-0.5314124896142983,-0.5314124896142983,0.013596684085895601,23.0,0.2309992968712212,,,,
394,66,4,1.0,signflip_mu0p4,fedle_adapted,FedLE-adapted,456,0.07177558379795645,0.009811362591126369,0.14435169973094603,26.525,0.5203277365849133,0.564016815275422,0.0574083751218805,0.0082759750901343,0.0082759750901343,0.0082759750901343,0.0082759750901343,25,-0.5557408401852877,-0.5557408401852877,-0.5557408401852877,0.0,19.0,0.2285282798055292,,,,
395,66,4,1.0,signflip_mu0p4,tea_fl,TEA-FL,456,0.5516336521805851,0.6004827395797012,0.5848267137363725,24.375,0.5688061799270641,0.5112665237415045,0.1823927992679343,0.1103854076486963,0.6052229236193413,0.7048476739542733,0.1103854076486963,25,-0.4008811160928082,0.09395639987783677,0.19358115021276878,0.594462266305577,15.0,0.2734294876999195,,,,
396,66,4,1.0,signflip_mu0p4,arl_fl,ARL-FL,456,0.17553302838048485,0.14239392101391168,0.26347399883349365,27.425,0.5526141836789418,0.5810231539747126,0.1919400598640468,0.0884083650004452,0.090290356362217,0.0548267750108702,0.015556597873671,30,-0.4926147889742674,-0.4907327976124956,-0.5261963789638424,0.0392701771371992,23.0,0.2587271400010971,0.21032722388765,0.3197690957092524,0.4192202150628892,0.4871475793740311
397,67,4,1.0,labelflip_mu0p2,fedavg,FedAvg,123,0.6226662589563534,0.6845135714139647,0.6439617418480162,27.475,0.5449503127450638,0.4660545685607237,0.5685408375008041,0.67991770092088,0.6532491840279814,0.7731546568672291,0.5306774332528689,90,0.2138631323601563,0.18719461546725769,0.30710008830650537,0.2424772236143602,23.0,0.2371750735367968,,,,
398,67,4,1.0,labelflip_mu0p2,fedprox,FedProx,123,0.6236358680889612,0.6863271417269933,0.6444646138344016,27.475,0.5449503127450638,0.4628504904118957,0.5593266316196808,0.6754142470542949,0.6405031777122879,0.7477626481465475,0.5215940666141138,90,0.21256375664239918,0.17765268730039224,0.2849121577346518,0.2261685815324337,23.0,0.2371750735367968,,,,
399,67,4,1.0,labelflip_mu0p2,random_trimmed_mean,Random Trimmed Mean,123,0.587790059838762,0.6560860962305874,0.614842351760301,27.475,0.5449503127450638,0.4288411157393613,0.5282337314373701,0.5414449209629648,0.5920924081321656,0.7398577762057931,0.5282337314373701,20,0.11260380522360353,0.16325129239280428,0.3110166604664318,0.211624044768423,23.0,0.2371750735367968,,,,
400,67,4,1.0,labelflip_mu0p2,fedle_adapted,FedLE-adapted,123,0.5976446432255329,0.6486371437557996,0.6273804235177273,27.525,0.5349452306862684,0.5225483014384726,0.6883051736415403,0.5035479536925519,0.61115609118302,0.6361088021790685,0.4941656196418371,45,-0.019000347745920743,0.0886077897445473,0.11356050074059587,0.14194318253723143,21.0,0.2380552754954151,,,,
401,67,4,1.0,labelflip_mu0p2,tea_fl,TEA-FL,123,0.5787770780259067,0.6443489226146927,0.611557233092349,24.55,0.579637967117364,0.4524011301900135,0.4223372423111991,0.4937338762205086,0.625217029438288,0.7506505143172074,0.4223372423111991,20,0.04133274603049514,0.17281589924827456,0.29824938412719393,0.3283132720060083,16.0,0.287909461085823,,,,
402,67,4,1.0,labelflip_mu0p2,arl_fl,ARL-FL,123,0.5647966752974616,0.6177898897794339,0.5994005781207289,27.6,0.5693532010421907,0.5680736593897984,0.5768184439515703,0.5611907778702369,0.5168384859244614,0.6803187386882721,0.5087388330999982,35,-0.006882881519561512,-0.051235173465337014,0.11224507929847372,0.17157990558827385,26.0,0.2759368701774151,0.1814744157881832,0.2517839844804783,0.2891265316139644,0.2891265316139644
403,68,4,1.0,labelflip_mu0p2,fedavg,FedAvg,456,0.5665307607945415,0.6152732821661441,0.5969593544871233,27.875,0.5359030120911792,0.4962240721434875,0.3253872173237883,0.5258413509870368,0.5493838993490566,0.7437735311068462,0.3253872173237883,20,0.029617278843549255,0.05315982720556911,0.24754945896335867,0.4183863137830579,23.0,0.2309992968712212,,,,
404,68,4,1.0,labelflip_mu0p2,fedprox,FedProx,456,0.5552040277996025,0.6006774465424034,0.586244237289742,27.875,0.5359030120911792,0.4862428412864697,0.3683988644756081,0.4803789514364475,0.5473508460521449,0.6962266875633308,0.3683988644756081,20,-0.00586388985002223,0.06110800476567518,0.20998384627686112,0.32782782308772274,23.0,0.2309992968712212,,,,
405,68,4,1.0,labelflip_mu0p2,random_trimmed_mean,Random Trimmed Mean,456,0.5692890153409486,0.6257784498947025,0.5998903510403596,27.875,0.5359030120911792,0.5421815158820703,0.3745549882278933,0.4789968804518745,0.5348107055736073,0.7123017244242463,0.3745549882278933,20,-0.06318463543019581,-0.007370810308462983,0.17012020854217602,0.33774673619635304,23.0,0.2309992968712212,,,,
406,68,4,1.0,labelflip_mu0p2,fedle_adapted,FedLE-adapted,456,0.5534758160296785,0.596306742373174,0.5857210313995901,26.525,0.5203277365849133,0.5520052449088731,0.5739978161896492,0.3656810030131352,0.6627655862649284,0.7110282800138434,0.3656810030131352,25,-0.18632424189573793,0.11076034135605528,0.1590230351049703,0.3453472770007082,19.0,0.2285282798055292,,,,
407,68,4,1.0,labelflip_mu0p2,tea_fl,TEA-FL,456,0.5814750178513197,0.6415991068099791,0.6143138200605658,24.075,0.5675891662420841,0.5052901270642195,0.4268407135635311,0.4604478046548919,0.5198421643542805,0.6828307874024088,0.4268407135635311,20,-0.04484232240932762,0.014552037290061048,0.17754066033818927,0.2559900738388777,15.0,0.2709145617361089,,,,
408,68,4,1.0,labelflip_mu0p2,arl_fl,ARL-FL,456,0.5718641533962474,0.6303045288178125,0.6037617499265591,28.0,0.5551365685039165,0.5807591230393434,0.427091626176324,0.4435870196894331,0.6479785278403478,0.7292081084072696,0.427091626176324,20,-0.1371721033499103,0.06721940480100441,0.14844898536792617,0.30211648223094556,28.0,0.2626746841406553,0.2106801982855811,0.2353975986094466,0.26875717705705,0.3003695776399918
409,69,4,1.0,labelflip_mu0p4,fedavg,FedAvg,123,0.5299242116500951,0.5737779212416096,0.5641250212318915,27.475,0.5449503127450638,0.4688703965787188,0.3890185323476993,0.5514342444480028,0.4981687429428478,0.6409145148542609,0.3890185323476993,20,0.082563847869284,0.02929834636412898,0.17204411827554206,0.2518959825065616,23.0,0.2371750735367968,,,,
410,69,4,1.0,labelflip_mu0p4,fedprox,FedProx,123,0.5311870337624688,0.5760162831023352,0.5639462266037127,27.475,0.5449503127450638,0.4665638576059492,0.382539691433731,0.5480429379061635,0.5080326548446933,0.6390202762772141,0.382539691433731,20,0.08147908030021433,0.04146879723874408,0.17245641867126493,0.25648058484348313,23.0,0.2371750735367968,,,,
411,69,4,1.0,labelflip_mu0p4,random_trimmed_mean,Random Trimmed Mean,123,0.5100896009762299,0.5662981488423247,0.5420848123721376,27.475,0.5449503127450638,0.4279797268047702,0.2944976549550861,0.5428856776564559,0.534851091540429,0.6729579800411739,0.2944976549550861,20,0.1149059508516857,0.10687136473565878,0.2449782532364037,0.3784603250860878,23.0,0.2371750735367968,,,,
412,69,4,1.0,labelflip_mu0p4,fedle_adapted,FedLE-adapted,123,0.48437699416340174,0.5134451947205315,0.5236086303179754,27.525,0.5349452306862684,0.5223810881169672,0.4857641938661658,0.4184019194252835,0.6490045411587062,0.7015819177676107,0.3015052401470797,35,-0.10397916869168367,0.12662345304173905,0.17920082965064354,0.400076677620531,21.0,0.2380552754954151,,,,
413,69,4,1.0,labelflip_mu0p4,tea_fl,TEA-FL,123,0.30484402583717424,0.3074019836313936,0.3449687790848387,24.775,0.5839364803392706,0.4503006989619711,0.2483080309633565,0.4371620434418525,0.0800146801003397,0.7024265030214029,0.0682442279970899,45,-0.013138655520118614,-0.3702860188616314,0.25212580405943175,0.6341822750243129,17.0,0.2993349723273186,,,,
414,69,4,1.0,labelflip_mu0p4,arl_fl,ARL-FL,123,0.42622700699433375,0.44551026351717155,0.47293287246141813,27.875,0.5669527680637914,0.5721812359006216,0.5406195056347534,0.4194459760175691,0.2781452687891766,0.4671783848147559,0.2382169634593315,60,-0.15273525988305253,-0.29403596711144503,-0.10500285108586577,0.22896142135542438,27.0,0.270871957102855,0.201425429124834,0.2185067124318113,0.2630755751723824,0.2630755751723824
415,70,4,1.0,labelflip_mu0p4,fedavg,FedAvg,456,0.522478844411117,0.5629248557690577,0.5580778443782733,27.875,0.5359030120911792,0.4783002530875986,0.274082011583017,0.2935749812227753,0.6834631512760908,0.7105714391296508,0.274082011583017,20,-0.1847252718648233,0.2051628981884922,0.2322711860420522,0.43648942754663383,23.0,0.2309992968712212,,,,
416,70,4,1.0,labelflip_mu0p4,fedprox,FedProx,456,0.5319555454440854,0.5722751521117523,0.565426630008949,27.875,0.5359030120911792,0.478302041558112,0.3454417837285124,0.2797519036878683,0.6717719258438635,0.7194809514215912,0.2797519036878683,25,-0.19855013787024373,0.19346988428575146,0.24117890986347917,0.4397290477337229,23.0,0.2309992968712212,,,,
417,70,4,1.0,labelflip_mu0p4,random_trimmed_mean,Random Trimmed Mean,456,0.5012282560888369,0.5395709553633294,0.5350606609776253,27.875,0.5359030120911792,0.5388902931129459,0.4013747054054694,0.3760948002214544,0.6765015483352567,0.5982639093128262,0.1897830928498791,70,-0.16279549289149148,0.13761125522231077,0.05937361619988035,0.40848081646294715,23.0,0.2309992968712212,,,,
418,70,4,1.0,labelflip_mu0p4,fedle_adapted,FedLE-adapted,456,0.49290654189021693,0.527082578153988,0.5276700487851352,26.525,0.5203277365849133,0.5458501536190553,0.3701869150012298,0.459140835032333,0.2453053286682241,0.4989507005422152,0.2453053286682241,40,-0.08670931858672232,-0.30054482495083124,-0.046899453076840125,0.25364537187399105,19.0,0.2285282798055292,,,,
419,70,4,1.0,labelflip_mu0p4,tea_fl,TEA-FL,456,0.597507239301262,0.664772617982855,0.6220531893674186,24.575,0.5692985204810536,0.4979071256792025,0.1984388377780144,0.5021532718359055,0.6760835347486712,0.5858251849539942,0.1984388377780144,20,0.004246146156703046,0.17817640906946874,0.08791805927479168,0.38738634717597975,13.0,0.2796890864277823,,,,
420,70,4,1.0,labelflip_mu0p4,arl_fl,ARL-FL,456,0.4749393078004679,0.5173655998945285,0.5122411515398908,27.85,0.5545006119509189,0.5858925581255529,0.1537756478060397,0.2018736810957595,0.654289309048372,0.7383685120002864,0.1405243430967017,80,-0.3840188770297933,0.06839675092281916,0.15247595387473356,0.5978441689035847,26.0,0.2603086390174441,0.2120033413990001,0.2445741797357474,0.2284696160959485,0.2695209916349891
421,71,4,0.1,clean,fedavg,FedAvg,123,0.4737011470877496,0.5355074617446267,0.5172972873821204,26.575,0.5322589349146102,0.3642075691961914,0.3656304853890921,0.3545548323437277,0.502967720123573,0.6995066469056272,0.3545548323437277,25,-0.009652736852463706,0.13876015092738164,0.33529907770943584,0.34495181456189955,17.0,0.2223632887125675,,,,
422,71,4,0.1,clean,fedprox,FedProx,123,0.4768758474057569,0.5393254841317634,0.5199334357944713,26.575,0.5322589349146102,0.3612960642672124,0.3713927857265288,0.3410348171120154,0.4782998099657087,0.7095728860391789,0.3410348171120154,25,-0.020261247155197004,0.11700374569849631,0.3482768217719665,0.3685380689271635,17.0,0.2223632887125675,,,,
423,71,4,0.1,clean,random_trimmed_mean,Random Trimmed Mean,123,0.38691232472906,0.43293650561161634,0.44690451852473,26.575,0.5322589349146102,0.3515333056717741,0.4307921461116481,0.2464186664731257,0.3386872383459511,0.5104378741134773,0.2464186664731257,25,-0.10511463919864839,-0.012846067325822996,0.1589045684417032,0.2640192076403516,17.0,0.2223632887125675,,,,
424,71,4,0.1,clean,fedle_adapted,FedLE-adapted,123,0.4413229824169032,0.48851463624257824,0.5018562474752766,26.55,0.5143184004990751,0.3058650395371639,0.4174997664608222,0.3300278171487648,0.4728814161991874,0.6033675535386843,0.2967799036979591,30,0.024162777611600905,0.1670163766620235,0.29750251400152045,0.30658764984072523,18.0,0.2151648374788501,,,,
425,71,4,0.1,clean,tea_fl,TEA-FL,123,0.28703020646979716,0.307518338604729,0.3671866190941936,25.925,0.605240627058055,0.2782597718398028,0.2932838053550409,0.2512251217733299,0.242647819465118,0.3691810251291197,0.210473171162626,30,-0.02703465006647293,-0.03561195237468484,0.09092125328931688,0.1587078539664937,17.0,0.3326730839643156,,,,
426,71,4,0.1,clean,arl_fl,ARL-FL,123,0.38479009406022757,0.4429630082277921,0.4500237762560484,27.95,0.5629700041284333,0.1792328142999374,0.3664950859345872,0.2550761139124301,0.4838287846324164,0.5811881627514736,0.2550761139124301,25,0.07584329961249273,0.304595970332479,0.40195534845153613,0.32611204883904343,26.0,0.260056864604623,0.1839572796332127,0.2223380521031069,0.2522288353471817,0.2522288353471817
427,72,4,0.1,clean,fedavg,FedAvg,456,0.46044238407168675,0.5119790107307904,0.5062500290292937,25.725,0.5200821956656609,0.2972305019553999,0.3407745285499137,0.4109521821802294,0.466824826687277,0.6545673837699292,0.3407745285499137,20,0.11372168022482948,0.16959432473187708,0.3573368818145293,0.3137928552200155,17.0,0.22543963408607,,,,
428,72,4,0.1,clean,fedprox,FedProx,456,0.4666485513561639,0.5198760357805734,0.5135755797958457,25.725,0.5200821956656609,0.2922800960042944,0.3395140648291523,0.4181317141056391,0.4642493479533162,0.6336916025277234,0.3386958756474476,30,0.1258516181013447,0.1719692519490218,0.341411506523429,0.2949957268802758,17.0,0.22543963408607,,,,
429,72,4,0.1,clean,random_trimmed_mean,Random Trimmed Mean,456,0.3652029677858153,0.41571504061358144,0.433718223524704,25.725,0.5200821956656609,0.163478773664382,0.3413919456028217,0.3246836635795213,0.3735406972926574,0.4811911721847922,0.257063432640999,65,0.1612048899151393,0.2100619236282754,0.3177123985204102,0.22412773954379317,17.0,0.22543963408607,,,,
430,72,4,0.1,clean,fedle_adapted,FedLE-adapted,456,0.43709460786041243,0.4846561420527246,0.491018043932071,27.0,0.5114029532570199,0.3666407835053975,0.3455963435289253,0.3429600936690831,0.3639455309087281,0.5912390835759778,0.3423897272889659,30,-0.02368068983631444,-0.0026952525966694174,0.22459830007058024,0.24884935628701188,22.0,0.2205760463865937,,,,
431,72,4,0.1,clean,tea_fl,TEA-FL,456,0.27519021337172495,0.3122036626853436,0.3652934778565744,26.175,0.5926054811647175,0.1523603762428757,0.1759506047836906,0.1987414685103646,0.2109320909684986,0.3468034227087721,0.1759506047836906,20,0.04638109226748888,0.05857171472562289,0.1944430464658964,0.17085281792508153,19.0,0.3275430147422514,,,,
432,72,4,0.1,clean,arl_fl,ARL-FL,456,0.364624286048573,0.4147261465561155,0.43624394725407434,27.175,0.5414463060499729,0.1802341790895314,0.3008735093266827,0.357397174898816,0.3498396792334055,0.5935864254388072,0.2263920362386969,35,0.1771629958092846,0.16960550014387407,0.4133522463492758,0.3671943892001104,19.0,0.2454090494170073,0.1712496619229075,0.2178463758181405,0.2501937123845405,0.2651851078962429
433,73,4,0.1,signflip_mu0p2,fedavg,FedAvg,123,0.14946594060650403,0.12997931730850137,0.23388530677293837,26.575,0.5322589349146102,0.3561517468579763,0.3552035681826889,0.0874033303434407,0.0129611959287531,0.085920903691988,0.0129611959287531,30,-0.2687484165145356,-0.3431905509292232,-0.2702308431659883,0.0729597077632349,17.0,0.2223632887125675,,,,
434,73,4,0.1,signflip_mu0p2,fedprox,FedProx,123,0.15651382979217987,0.1363071131601019,0.23967540013786665,26.575,0.5322589349146102,0.3647848510554199,0.4220729809550645,0.0842058270676691,0.0129611959287531,0.0901747786483124,0.0129611959287531,30,-0.2805790239877508,-0.3518236551266668,-0.2746100724071075,0.0772135827195593,17.0,0.2223632887125675,,,,
435,73,4,0.1,signflip_mu0p2,random_trimmed_mean,Random Trimmed Mean,123,0.28962487783777036,0.31306725255411527,0.3695452893938051,26.575,0.5322589349146102,0.3292729632976199,0.4185325730625464,0.3189538293985349,0.2633034427573011,0.3717924410350787,0.0451188675129398,90,-0.010319133899085009,-0.0659695205403188,0.04251947773745879,0.3266735735221389,17.0,0.2223632887125675,,,,
436,73,4,0.1,signflip_mu0p2,fedle_adapted,FedLE-adapted,123,0.18160709702423258,0.1652549756343295,0.2621191689065813,27.0,0.5152482300514792,0.3197305777033256,0.349806233385279,0.321384783858063,0.3108534192841373,0.1091232241002786,0.0126673040152963,95,0.0016542061547374365,-0.008877158419188291,-0.210607353603047,0.0964559200849823,20.0,0.2156585365557568,,,,
437,73,4,0.1,signflip_mu0p2,tea_fl,TEA-FL,123,0.35198625826228275,0.395735971567976,0.4203757559893127,25.775,0.575415975836489,0.2102507794366382,0.2791944895168932,0.3646330265912406,0.4329969081582795,0.5951634176106633,0.2791944895168932,20,0.1543822471546024,0.22274612872164132,0.3849126381740251,0.3159689280937701,15.0,0.2725778020289065,,,,
438,73,4,0.1,signflip_mu0p2,arl_fl,ARL-FL,123,0.28551202568547346,0.3119931890881427,0.3710245576555565,27.675,0.5574879566411864,0.2720912665336641,0.3322740058193608,0.3719134887957209,0.3127632239313452,0.2129657003150771,0.2108878742908273,80,0.09982222226205678,0.04067195739768109,-0.059125566218587,0.0020778260242498015,25.0,0.2565957045119871,0.2502418683071682,0.2590448134076007,0.3766557907547419,0.3766557907547419
439,74,4,0.1,signflip_mu0p2,fedavg,FedAvg,456,0.11188524546161098,0.08133572802452893,0.19044682668129717,25.725,0.5200821956656609,0.2957626385579648,0.176982695278639,0.0774675665341212,0.10295609948785,0.0218726591760299,0.0218726591760299,80,-0.21829507202384363,-0.1928065390701148,-0.27388997938193493,0.0,17.0,0.22543963408607,,,,
440,74,4,0.1,signflip_mu0p2,fedprox,FedProx,456,0.1148280177610234,0.08532823843060006,0.2023243098097878,25.725,0.5200821956656609,0.2958029734480383,0.1690059540134877,0.0543870526182158,0.1049019005292158,0.0218726591760299,0.0218726591760299,85,-0.2414159208298225,-0.1909010729188225,-0.2739303142720084,0.0,17.0,0.22543963408607,,,,
441,74,4,0.1,signflip_mu0p2,random_trimmed_mean,Random Trimmed Mean,456,0.22959856734964526,0.25040633594518447,0.3168366860580032,25.725,0.5200821956656609,0.1631069788293343,0.227254102949837,0.2045336887118676,0.3204608594751504,0.2113975960305728,0.0822729268778895,80,0.0414267098825333,0.1573538806458161,0.04829061720123848,0.12912466915268328,17.0,0.22543963408607,,,,
442,74,4,0.1,signflip_mu0p2,fedle_adapted,FedLE-adapted,456,0.07509065381852965,0.041171905352617263,0.14739919355061173,27.0,0.5114029532570199,0.3568330310517181,0.0808633549213657,0.015556597873671,0.1069408549610165,0.0218726591760299,0.015556597873671,25,-0.3412764331780471,-0.24989217609070158,-0.33496037187568817,0.006316061302358901,22.0,0.2205760463865937,,,,
443,74,4,0.1,signflip_mu0p2,tea_fl,TEA-FL,456,0.24833548842132988,0.27768626655170475,0.3388942076595999,25.275,0.5807615018810497,0.1747663600974992,0.153816600606072,0.1715464682932872,0.2525955207228851,0.3792802935280869,0.153816600606072,20,-0.003219891804212005,0.07782916062538589,0.20451393343058769,0.2254636929220149,17.0,0.2888186566787332,,,,
444,74,4,0.1,signflip_mu0p2,arl_fl,ARL-FL,456,0.29360614412674085,0.32640607441990144,0.37124475136806284,27.2,0.5446851150019166,0.1694649734608783,0.3033522481561372,0.1714648364500574,0.3214133739724242,0.332991640777493,0.162323711623175,50,0.001999862989179091,0.1519484005115459,0.1635266673166147,0.170667929154318,20.0,0.2503222083893047,0.1888429058569798,0.2104308164964517,0.2941699783951502,0.3911773724800894
445,75,4,0.1,signflip_mu0p4,fedavg,FedAvg,123,0.049855504439638744,0.01646651920706647,0.11995447793029103,26.575,0.5322589349146102,0.3766414255526338,0.0271622594859403,0.0161214953271028,0.0161214953271028,0.0161214953271028,0.0161214953271028,25,-0.360519930225531,-0.360519930225531,-0.360519930225531,0.0,17.0,0.2223632887125675,,,,
446,75,4,0.1,signflip_mu0p4,fedprox,FedProx,123,0.052332371782053376,0.01775745205165775,0.12174604367868164,26.575,0.5322589349146102,0.3632911014900697,0.0684721105128612,0.0161214953271028,0.0161214953271028,0.0161214953271028,0.0161214953271028,25,-0.34716960616296694,-0.34716960616296694,-0.34716960616296694,0.0,17.0,0.2223632887125675,,,,
447,75,4,0.1,signflip_mu0p4,random_trimmed_mean,Random Trimmed Mean,123,0.06881748096647364,0.04346964928748191,0.15854682247158963,26.575,0.5322589349146102,0.3604653437428071,0.1573839190436687,0.1193741348477536,0.0148444863336475,0.0561332896605092,0.0148444863336475,40,-0.24109120889505348,-0.3456208574091596,-0.3043320540822979,0.041288803326861696,17.0,0.2223632887125675,,,,
448,75,4,0.1,signflip_mu0p4,fedle_adapted,FedLE-adapted,123,0.05549858673127251,0.017654822056289966,0.12852650506828658,26.55,0.5143184004990751,0.3012497025966982,0.065187950661092,0.0161214953271028,0.0161214953271028,0.0161214953271028,0.0161214953271028,25,-0.2851282072695954,-0.2851282072695954,-0.2851282072695954,0.0,18.0,0.2151648374788501,,,,
449,75,4,0.1,signflip_mu0p4,tea_fl,TEA-FL,123,0.25639087693266377,0.2865432344062963,0.3497502252364892,24.925,0.5803669019561315,0.1735930394861174,0.163231844793917,0.2477482290059615,0.2883603828441493,0.1897102159982613,0.163231844793917,20,0.0741551895198441,0.11476734335803188,0.016117176512143894,0.026478371204344292,13.0,0.2978602088452019,,,,
450,75,4,0.1,signflip_mu0p4,arl_fl,ARL-FL,123,0.09191758793134744,0.07361710202622825,0.1962893080467433,26.45,0.5583793462268896,0.2687454011403226,0.2421756916602427,0.0995897408822733,0.0931619427032812,0.0148444863336475,0.0148444863336475,100,-0.1691556602580493,-0.17558345843704137,-0.2539009148066751,0.0,20.0,0.2611138673996346,0.2107711566658603,0.2781248566023665,0.345507917532801,0.3727373261425889
451,76,4,0.1,signflip_mu0p4,fedavg,FedAvg,456,0.05660467699891396,0.015790631346583633,0.1303876720888337,25.725,0.5200821956656609,0.2919607703216081,0.0674056323836059,0.0141256313131313,0.0141256313131313,0.0141256313131313,0.0141256313131313,25,-0.2778351390084768,-0.2778351390084768,-0.2778351390084768,0.0,17.0,0.22543963408607,,,,
452,76,4,0.1,signflip_mu0p4,fedprox,FedProx,456,0.05650846590015386,0.015759159913849734,0.1303424768892435,25.725,0.5200821956656609,0.2912581525478568,0.0663985465361212,0.0141256313131313,0.0141256313131313,0.0141256313131313,0.0141256313131313,25,-0.2771325212347255,-0.2771325212347255,-0.2771325212347255,0.0,17.0,0.22543963408607,,,,
453,76,4,0.1,signflip_mu0p4,random_trimmed_mean,Random Trimmed Mean,456,0.049767372696034054,0.02258169876401804,0.12325966254758304,25.725,0.5200821956656609,0.1909996863147548,0.2256940162891781,0.015556597873671,0.0161214953271028,0.0144052792531788,0.0144052792531788,100,-0.1754430884410838,-0.174878190987652,-0.176594407061576,0.0,17.0,0.22543963408607,,,,
454,76,4,0.1,signflip_mu0p4,fedle_adapted,FedLE-adapted,456,0.05615503335338223,0.015877128889114876,0.13046516518726448,27.0,0.5114029532570199,0.3714959491511505,0.10627105066033,0.0129611959287531,0.0129611959287531,0.0129611959287531,0.0129611959287531,25,-0.35853475322239736,-0.35853475322239736,-0.35853475322239736,0.0,22.0,0.2205760463865937,,,,
455,76,4,0.1,signflip_mu0p4,tea_fl,TEA-FL,456,0.21053442917466583,0.22859272008500336,0.3060868364570725,25.625,0.5800718396632355,0.1281399608496232,0.0741478585664996,0.1363298948774975,0.2524433233205331,0.2869578089905935,0.0741478585664996,20,0.008189934027874296,0.1243033624709099,0.15881784814097027,0.2128099504240939,17.0,0.3046330174043211,,,,
456,76,4,0.1,signflip_mu0p4,arl_fl,ARL-FL,456,0.06523807673661572,0.04773077828060337,0.16483114333584628,27.225,0.5470573270085403,0.1797910441577813,0.0631385693989463,0.0161214953271028,0.0561801875970253,0.054335327078595,0.0139810426540284,90,-0.1636695488306785,-0.123610856560756,-0.1254557170791863,0.0403542844245666,23.0,0.2499976606816814,0.1799062378875125,0.3392160186406293,0.384025383446131,0.4396336906667995
457,77,4,0.1,labelflip_mu0p2,fedavg,FedAvg,123,0.4261784392548939,0.4760055876596752,0.4776712770307052,26.575,0.5322589349146102,0.3606153809923196,0.3680144169613047,0.4088365111307366,0.5202621859057667,0.6285850250205589,0.2931393908372011,35,0.048221130138417,0.15964680491344707,0.2679696440282393,0.3354456341833578,17.0,0.2223632887125675,,,,
458,77,4,0.1,labelflip_mu0p2,fedprox,FedProx,123,0.42034827521460527,0.46748322876753867,0.47299493149103683,26.575,0.5322589349146102,0.3617641633053144,0.402409279367176,0.4143167379667472,0.3615324559976731,0.6791621880327163,0.3221901038312943,35,0.05255257466143276,-0.00023170730764132674,0.3173980247274019,0.356972084201422,17.0,0.2223632887125675,,,,
459,77,4,0.1,labelflip_mu0p2,random_trimmed_mean,Random Trimmed Mean,123,0.34812668890744614,0.3846206537946072,0.4219424373648896,26.575,0.5322589349146102,0.3478904306898454,0.4236623850800451,0.3331961720022147,0.3241375245446173,0.4822179132838817,0.2816317220919849,30,-0.01469425868763069,-0.02375290614522807,0.13432748259403632,0.2005861911918968,17.0,0.2223632887125675,,,,
460,77,4,0.1,labelflip_mu0p2,fedle_adapted,FedLE-adapted,123,0.41120610807956504,0.45149470183865653,0.4761478773039113,26.55,0.5143184004990751,0.2991681495610263,0.4065551726891128,0.2544828873981304,0.3666852202624455,0.5812035156967417,0.2544828873981304,25,-0.04468526216289587,0.06751707070141921,0.2820353661357154,0.32672062829861126,18.0,0.2151648374788501,,,,
461,77,4,0.1,labelflip_mu0p2,tea_fl,TEA-FL,123,0.25159516839961965,0.2790202272069206,0.3362807079836149,26.175,0.600420067454387,0.1817623593361887,0.2429606547211895,0.2074580016007422,0.2037064814394551,0.4213778860397649,0.1991631151988082,45,0.02569564226455351,0.021944122103266406,0.2396155267035762,0.2222147708409567,19.0,0.3274183346460089,,,,
462,77,4,0.1,labelflip_mu0p2,arl_fl,ARL-FL,123,0.330460569535295,0.37612330168412583,0.40117033192070695,27.9,0.5630394184488093,0.1760063766882917,0.3420608370865062,0.2445013937402767,0.3434416737165609,0.5278079369170415,0.19050222164659,75,0.06849501705198502,0.16743529702826923,0.35180156022874987,0.3373057152704515,26.0,0.2640357042762661,0.2003045167294321,0.2244045281559329,0.2580246226724809,0.2580246226724809
463,78,4,0.1,labelflip_mu0p2,fedavg,FedAvg,456,0.3910544040598443,0.4298138424566357,0.45403348460791515,25.725,0.5200821956656609,0.2912699928536447,0.2026592986154133,0.223153457255309,0.3398953156223863,0.4629636058090609,0.2026592986154133,20,-0.06811653559833569,0.0486253227687416,0.17169361295541619,0.2603043071936476,17.0,0.22543963408607,,,,
464,78,4,0.1,labelflip_mu0p2,fedprox,FedProx,456,0.3857703020067138,0.42287758701073364,0.45102815617723047,25.725,0.5200821956656609,0.292176805466005,0.2044676491076584,0.2323671195615583,0.2791116385981418,0.4612158312826535,0.2044676491076584,20,-0.059809685904446686,-0.013065166867863187,0.16903902581664848,0.25674818217499507,17.0,0.22543963408607,,,,
465,78,4,0.1,labelflip_mu0p2,random_trimmed_mean,Random Trimmed Mean,456,0.29894331098155663,0.335926561013796,0.379930461997541,25.725,0.5200821956656609,0.1947881790914988,0.2029121656194538,0.2972636165229676,0.2513291694025267,0.5082193000135095,0.2029121656194538,20,0.10247543743146884,0.05654099031102791,0.31343112092201064,0.30530713439405566,17.0,0.22543963408607,,,,
466,78,4,0.1,labelflip_mu0p2,fedle_adapted,FedLE-adapted,456,0.37779234784638965,0.41337960197821405,0.4439538305877304,27.0,0.5114029532570199,0.365551322642637,0.2738972910248047,0.2256813024374969,0.3724057622826892,0.5956026187842298,0.2256813024374969,25,-0.1398700202051401,0.006854439640052168,0.2300512961415928,0.3699213163467329,22.0,0.2205760463865937,,,,
467,78,4,0.1,labelflip_mu0p2,tea_fl,TEA-FL,456,0.24665027033006598,0.2730088702853502,0.3343490108378526,25.925,0.5919621366282383,0.1921520365113226,0.1970958576735781,0.311799836967666,0.1736011289308035,0.3164854646490646,0.1736011289308035,40,0.1196478004563434,-0.018550907580519083,0.12433342813774198,0.14288433571826106,17.0,0.3236457531087192,,,,
468,78,4,0.1,labelflip_mu0p2,arl_fl,ARL-FL,456,0.30663567921354984,0.3421895936946303,0.39205498366127073,27.15,0.5455939515295294,0.1725073755006532,0.3095431247051609,0.3376850881261024,0.2458988445053808,0.3750276084912858,0.2300148535589668,30,0.16517771262544917,0.0733914690047276,0.2025202329906326,0.145012754932319,20.0,0.2527265938538442,0.180579104988672,0.21748906466864,0.256383196092818,0.256383196092818
469,79,4,0.1,labelflip_mu0p4,fedavg,FedAvg,123,0.3000098111126022,0.31756939924476585,0.37793708613379773,26.575,0.5322589349146102,0.3621668438314877,0.3649334394856214,0.2879336119099467,0.2452738776306449,0.4656119813314012,0.1622263002922064,30,-0.07423323192154097,-0.11689296620084277,0.10344513749991352,0.30338568103919483,17.0,0.2223632887125675,,,,
470,79,4,0.1,labelflip_mu0p4,fedprox,FedProx,123,0.30708246107932113,0.3262263431639588,0.3824632805168329,26.575,0.5322589349146102,0.363590481200384,0.3717121052441936,0.2762405604749602,0.2562874987584094,0.4327146273812359,0.1622206595020104,30,-0.0873499207254238,-0.10730298244197461,0.06912414618085189,0.2704939678792255,17.0,0.2223632887125675,,,,
471,79,4,0.1,labelflip_mu0p4,random_trimmed_mean,Random Trimmed Mean,123,0.2689816620551809,0.28974094519540106,0.3555576851854324,26.575,0.5322589349146102,0.3217014081811975,0.3486063602284786,0.2521590902030667,0.2578138651849683,0.3588717454440035,0.1536556456190258,45,-0.06954231797813082,-0.06388754299622923,0.037170337262806,0.2052160998249777,17.0,0.2223632887125675,,,,
472,79,4,0.1,labelflip_mu0p4,fedle_adapted,FedLE-adapted,123,0.27807340943425185,0.2924191132501878,0.3524340839001657,26.55,0.5143184004990751,0.299346923396067,0.1717629686506413,0.2401297083637464,0.406391049507471,0.3404621589660911,0.1529314757728797,55,-0.05921721503232061,0.10704412611140401,0.04111523557002411,0.18753068319321142,18.0,0.2151648374788501,,,,
473,79,4,0.1,labelflip_mu0p4,tea_fl,TEA-FL,123,0.2329471250686618,0.2527358497924418,0.3200417029902047,25.875,0.6038355872717518,0.1691147283377952,0.3246618557655349,0.295805240904583,0.2543435846878066,0.3389311040348632,0.1246683182611208,90,0.1266905125667878,0.0852288563500114,0.169816375697068,0.21426278577374241,17.0,0.334680359689558,,,,
474,79,4,0.1,labelflip_mu0p4,arl_fl,ARL-FL,123,0.2723474621077207,0.3069007642831612,0.3629227121311597,27.725,0.562489937063835,0.1856193614719651,0.1810889210255168,0.2885894324534446,0.3321335350119976,0.3340775438360778,0.1810889210255168,20,0.1029700709814795,0.14651417354003252,0.1484581823641127,0.152988622810561,25.0,0.262656117261706,0.1796121863587084,0.2123596154743544,0.2399718819930392,0.2525237136355173
475,80,4,0.1,labelflip_mu0p4,fedavg,FedAvg,456,0.24213516109627128,0.242590802711606,0.3081731027695016,25.725,0.5200821956656609,0.2918711152760745,0.2394986955479803,0.0459824484455633,0.1962008675101878,0.4420166156015599,0.0459824484455633,25,-0.24588866683051122,-0.0956702477658867,0.1501455003254854,0.3960341671559966,17.0,0.22543963408607,,,,
476,80,4,0.1,labelflip_mu0p4,fedprox,FedProx,456,0.24425220121113125,0.24556288217772998,0.3144267493354326,25.725,0.5200821956656609,0.2900226023463002,0.2254727968956573,0.0795589025186623,0.1692086784289477,0.4303666795380904,0.0715305399798519,65,-0.21046369982763788,-0.12081392391735246,0.1403440771917902,0.35883613955823845,17.0,0.22543963408607,,,,
477,80,4,0.1,labelflip_mu0p4,random_trimmed_mean,Random Trimmed Mean,456,0.25143115947587985,0.27427258136234584,0.32249620094765113,25.725,0.5200821956656609,0.1716990396005388,0.2870996433137019,0.1138405397504871,0.2720461121976124,0.4265743459895478,0.1138405397504871,25,-0.05785849985005172,0.10034707259707357,0.254875306389009,0.3127338062390607,17.0,0.22543963408607,,,,
478,80,4,0.1,labelflip_mu0p4,fedle_adapted,FedLE-adapted,456,0.28259941023273394,0.2992165230161894,0.3477839213364357,27.0,0.5114029532570199,0.3647851699397831,0.1033042986133769,0.1208175589454649,0.0612189840475031,0.510771508000817,0.0612189840475031,40,-0.24396761099431818,-0.30356618589228,0.14598633806103395,0.44955252395331396,22.0,0.2205760463865937,,,,
479,80,4,0.1,labelflip_mu0p4,tea_fl,TEA-FL,456,0.2451210856562827,0.2697988165928885,0.3387754028330346,25.7,0.5912177985041208,0.1906531276278035,0.1957371759683635,0.2434719748181887,0.2705897860624364,0.2999290721083663,0.1853065115934286,30,0.05281884719038518,0.07993665843463288,0.10927594448056277,0.11462256051493769,20.0,0.3297558252010418,,,,
480,80,4,0.1,labelflip_mu0p4,arl_fl,ARL-FL,456,0.22598470015570965,0.24450650766651974,0.30681408033779106,27.475,0.5452183368597291,0.234237823980879,0.0914898221968149,0.2217036236824572,0.3186566308304077,0.3920346273634148,0.0843875153860267,65,-0.01253420029842181,0.08441880684952868,0.15779680338253582,0.30764711197738814,23.0,0.2501076586870995,0.1692516921399794,0.2253488186662402,0.2511107261015233,0.2511107261015233
481,81,5,1.0,clean,fedavg,FedAvg,123,0.6814402772880196,0.7442942029152192,0.7003286584618297,27.1,0.5618321110517877,0.5260050202215254,0.6011342919567508,0.6107414777228983,0.6516979504345429,0.8160893670856774,0.6011342919567508,20,0.08473645750137293,0.12569293021301753,0.29008434686415197,0.21495507512892653,22.0,0.2673227074728961,,,,
482,81,5,1.0,clean,fedprox,FedProx,123,0.682163813146419,0.7430564597137886,0.7000181014374004,27.1,0.5618321110517877,0.562664629851506,0.5982250093367504,0.5457772592310065,0.7071572319302195,0.8216416538437891,0.5457772592310065,25,-0.016887370620499498,0.1444926020787135,0.25897702399228306,0.27586439461278256,22.0,0.2673227074728961,,,,
483,81,5,1.0,clean,random_trimmed_mean,Random Trimmed Mean,123,0.6732475189200112,0.7396593076738078,0.6945278476782052,27.1,0.5618321110517877,0.5045850838728638,0.6078942296755766,0.5814184991000813,0.6679199890704614,0.7967637150506741,0.5814184991000813,25,0.07683341522721743,0.16333490519759752,0.2921786311778103,0.21534521595059286,22.0,0.2673227074728961,,,,
484,81,5,1.0,clean,fedle_adapted,FedLE-adapted,123,0.6729810473042666,0.7402649583003169,0.6930404386698066,27.675,0.5495257489796856,0.5082081319653701,0.6140107638678547,0.6439961290610757,0.7261733864751355,0.8208780001850576,0.6140107638678547,20,0.13578799709570566,0.21796525450976545,0.31266986821968756,0.20686723631720294,25.0,0.2659347623248206,,,,
485,81,5,1.0,clean,tea_fl,TEA-FL,123,0.6230045488903637,0.6889217062114196,0.6496759259789726,25.0,0.6080913007920019,0.4896678311368073,0.531934926224371,0.5339637626215447,0.6592711115210271,0.736857450322542,0.531934926224371,20,0.04429593148473737,0.16960328038421985,0.24718961918573473,0.20492252409817102,18.0,0.3433386951062584,,,,
486,81,5,1.0,clean,arl_fl,ARL-FL,123,0.6453387842467804,0.7177206056755006,0.6752848383880057,27.725,0.583045500161685,0.4040396497413419,0.6546583898032973,0.6284531112614903,0.7252057927997471,0.801066475476829,0.6284531112614903,25,0.2244134615201484,0.3211661430584052,0.3970268257354871,0.17261336421533868,25.0,0.3021185226584252,0.1810209019207527,0.238867936671823,0.3003418303499294,0.3003418303499294
487,82,5,1.0,clean,fedavg,FedAvg,456,0.6750839573198368,0.7442177820168459,0.6938258442583687,26.025,0.51196376206414,0.6233766614791952,0.4657575689779704,0.6408929521309111,0.7573008613492037,0.8176702336963625,0.4657575689779704,20,0.017516290651715893,0.13392419987000848,0.19429357221716725,0.3519126647183921,17.0,0.2073250241853733,,,,
488,82,5,1.0,clean,fedprox,FedProx,456,0.6712085453868252,0.7422171179125157,0.6891841533515317,26.025,0.51196376206414,0.5562164649837411,0.5069025569394368,0.6377532462388966,0.782408146965797,0.8217814029564289,0.5069025569394368,20,0.08153678125515551,0.22619168198205586,0.26556493797268776,0.3148788460169921,17.0,0.2073250241853733,,,,
489,82,5,1.0,clean,random_trimmed_mean,Random Trimmed Mean,456,0.6607572495572623,0.7320632414458006,0.6824974067413041,26.025,0.51196376206414,0.5464508597612767,0.4751021891806098,0.643532990189771,0.7211764935470883,0.8106934388648712,0.4751021891806098,20,0.09708213042849423,0.17472563378581163,0.2642425791035945,0.3355912496842614,17.0,0.2073250241853733,,,,
490,82,5,1.0,clean,fedle_adapted,FedLE-adapted,456,0.6903483039544901,0.7634753526014639,0.7075113175396416,26.85,0.5111942249318522,0.5654476878721336,0.5821097682773749,0.7003523282770541,0.7119304033666135,0.7959452843273837,0.5821097682773749,20,0.13490464040492045,0.1464827154944799,0.23049759645525003,0.21383551605000872,22.0,0.2179690737104568,,,,
491,82,5,1.0,clean,tea_fl,TEA-FL,456,0.6064632799133174,0.6866634505639828,0.6373904763503332,24.425,0.5596173599595979,0.3748141713182544,0.44721694860848,0.5815079310662307,0.6447049998905969,0.7340896784001848,0.44721694860848,20,0.20669375974797627,0.26989082857234253,0.3592755070819304,0.2868727297917048,13.0,0.2785225645348647,,,,
492,82,5,1.0,clean,arl_fl,ARL-FL,456,0.6252020464162755,0.7080367398379155,0.6579268071261235,27.8,0.5359426926881361,0.4203431054148953,0.5852399177981011,0.5948311213842133,0.6373748548390025,0.7911734816881015,0.5852399177981011,20,0.17448801596931807,0.2170317494241072,0.37083037627320625,0.2059335638900004,26.0,0.2450747652934771,0.1808221191468216,0.2435309693806296,0.2951459649282909,0.2981106406646965
493,83,5,1.0,signflip_mu0p2,fedavg,FedAvg,123,0.14963499341539002,0.07850841926708484,0.22346504727266991,27.1,0.5618321110517877,0.5714648959761327,0.5439539240151178,0.2478234761222452,0.0567716192387611,0.2091934173257645,0.0099040544722995,65,-0.3236414198538875,-0.5146932767373716,-0.36227147865036824,0.199289362853465,22.0,0.2673227074728961,,,,
494,83,5,1.0,signflip_mu0p2,fedprox,FedProx,123,0.1603407802297011,0.09066506301449453,0.2457421485988273,27.1,0.5618321110517877,0.5786639187213833,0.5688525155357657,0.3828442581334976,0.0608564169387192,0.2217988844165504,0.0099040544722995,55,-0.19581966058788575,-0.5178075017826641,-0.35686503430483296,0.2118948299442509,22.0,0.2673227074728961,,,,
495,83,5,1.0,signflip_mu0p2,random_trimmed_mean,Random Trimmed Mean,123,0.546040004107379,0.5828595016699094,0.5731518338385871,27.1,0.5618321110517877,0.5034762936702707,0.5388114250758701,0.6405075424706531,0.3172261173089664,0.7492853174720824,0.0190888263103685,55,0.13703124880038242,-0.1862501763613043,0.2458090238018117,0.7301964911617139,22.0,0.2673227074728961,,,,
496,83,5,1.0,signflip_mu0p2,fedle_adapted,FedLE-adapted,123,0.16508254044486972,0.10999050689259833,0.24041308798538555,27.675,0.5495257489796856,0.5673054885019392,0.3537012878925178,0.3365550847207861,0.3106643624740641,0.0571878802997447,0.0099040544722995,90,-0.23075040378115308,-0.2566411260278751,-0.5101176082021945,0.0472838258274452,25.0,0.2659347623248206,,,,
497,83,5,1.0,signflip_mu0p2,tea_fl,TEA-FL,123,0.6326037480632443,0.7070620121195941,0.6578309735716303,24.85,0.5906618796664026,0.4819750205797735,0.3540231708244784,0.533333331204405,0.7046743501443027,0.711498595452781,0.3540231708244784,20,0.051358310624631476,0.2226993295645292,0.22952357487300756,0.3574754246283027,16.0,0.2965780313353779,,,,
498,83,5,1.0,signflip_mu0p2,arl_fl,ARL-FL,123,0.5024926025132771,0.5421620072910299,0.5370018267071355,27.8,0.5860527271009756,0.4022027882773078,0.5577325544340984,0.459458479073159,0.1815895047170397,0.7168139639972163,0.1815895047170397,40,0.05725569079585119,-0.22061328356026813,0.3146111757199085,0.5352244592801766,26.0,0.3042501228294799,0.2416591317175278,0.369038854221575,0.2697548042381897,0.4223857651398743
499,84,5,1.0,signflip_mu0p2,fedavg,FedAvg,456,0.09506633104227788,0.029420871641652652,0.16277502555887416,26.025,0.51196376206414,0.5611184440835917,0.2734462562870545,0.0629036022304247,0.0186970493718959,0.0186970493718959,0.0186970493718959,30,-0.498214841853167,-0.5424213947116958,-0.5424213947116958,0.0,17.0,0.2073250241853733,,,,
500,84,5,1.0,signflip_mu0p2,fedprox,FedProx,456,0.09910811776254302,0.032829218373654975,0.16806663467856578,26.025,0.51196376206414,0.577421278674142,0.278512755779551,0.0647511720002426,0.0186970493718959,0.0186970493718959,0.0186970493718959,35,-0.5126701066738993,-0.5587242293022461,-0.5587242293022461,0.0,17.0,0.2073250241853733,,,,
501,84,5,1.0,signflip_mu0p2,random_trimmed_mean,Random Trimmed Mean,456,0.592327995542584,0.6442372795304101,0.6313290711266093,26.025,0.51196376206414,0.553010897835499,0.5371837344954473,0.5502253672863141,0.6281465673985137,0.6797141687535674,0.3386199981528634,45,-0.0027855305491848448,0.07513566956301476,0.12670327091806843,0.34109417060070396,17.0,0.2073250241853733,,,,
502,84,5,1.0,signflip_mu0p2,fedle_adapted,FedLE-adapted,456,0.14446876655991614,0.0859980940087707,0.21728993367891186,26.85,0.5111942249318522,0.5597032307488857,0.435852976917275,0.1820156667687833,0.3424394508047919,0.0186970493718959,0.0186970493718959,50,-0.3776875639801024,-0.21726377994409385,-0.5410061813769899,0.0,22.0,0.2179690737104568,,,,
503,84,5,1.0,signflip_mu0p2,tea_fl,TEA-FL,456,0.6076523436930298,0.6879242374340133,0.6418555398442842,23.775,0.5469698610619421,0.3639028184223063,0.4740885469491601,0.5576065638262557,0.635124878814104,0.7507648903487074,0.4740885469491601,20,0.1937037454039494,0.27122206039179764,0.3868620719264011,0.27667634339954733,13.0,0.2494810023556534,,,,
504,84,5,1.0,signflip_mu0p2,arl_fl,ARL-FL,456,0.5543166260033499,0.6197852357092188,0.5995832443179171,27.5,0.5352420691507919,0.4042803543375734,0.5214557943613788,0.4840291588597003,0.3821353737454643,0.7410257542675498,0.3821353737454643,40,0.0797488045221269,-0.02214498059210912,0.3367453999299764,0.3588903805220855,24.0,0.23691551463507,0.2186279579008017,0.3864556804056552,0.2876778194088514,0.3869380403767357
505,85,5,1.0,signflip_mu0p4,fedavg,FedAvg,123,0.09866796851827064,0.02442115926709031,0.16720756407213688,27.1,0.5618321110517877,0.5321221035353032,0.3214950821584032,0.0148381294964028,0.0148381294964028,0.0148381294964028,0.0148381294964028,25,-0.5172839740389004,-0.5172839740389004,-0.5172839740389004,0.0,22.0,0.2673227074728961,,,,
506,85,5,1.0,signflip_mu0p4,fedprox,FedProx,123,0.09954401734513885,0.024792813025518407,0.16792013384539378,27.1,0.5618321110517877,0.5333533357000108,0.3333880024281022,0.0148381294964028,0.0148381294964028,0.0148381294964028,0.0148381294964028,25,-0.5185152062036079,-0.5185152062036079,-0.5185152062036079,0.0,22.0,0.2673227074728961,,,,
507,85,5,1.0,signflip_mu0p4,random_trimmed_mean,Random Trimmed Mean,123,0.1083958592226733,0.03511357273966268,0.1767566167063591,27.1,0.5618321110517877,0.5056631241967106,0.5553479929156647,0.06899028967893,0.0148381294964028,0.0148381294964028,0.0148381294964028,30,-0.43667283451778055,-0.49082499470030777,-0.49082499470030777,0.0,22.0,0.2673227074728961,,,,
508,85,5,1.0,signflip_mu0p4,fedle_adapted,FedLE-adapted,123,0.09417415745442692,0.022832477401207946,0.16386100361668762,27.675,0.5495257489796856,0.5642057098320014,0.3155235255903584,0.0133908306854289,0.0133908306854289,0.0133908306854289,0.0133908306854289,25,-0.5508148791465725,-0.5508148791465725,-0.5508148791465725,0.0,25.0,0.2659347623248206,,,,
509,85,5,1.0,signflip_mu0p4,tea_fl,TEA-FL,123,0.554868571460997,0.6151660636328877,0.5959433928231658,25.075,0.6033130746453361,0.4871024930115966,0.1770516333064177,0.3319805967836475,0.5348426447504867,0.7862155825663927,0.1770516333064177,20,-0.15512189622794909,0.047740151738890124,0.2991130895547961,0.609163949259975,15.0,0.3208335462835147,,,,
510,85,5,1.0,signflip_mu0p4,arl_fl,ARL-FL,123,0.17748905674722262,0.14060891099020467,0.26456723412496186,27.475,0.5783633574140876,0.4049871606337138,0.4095551143979852,0.5036944976321613,0.3859496267523974,0.0057197330791229,0.0057197330791229,45,0.09870733699844753,-0.019037533881316404,-0.39926742755459094,0.0,25.0,0.2899020917377609,0.2562810981045291,0.2135933328727452,0.3904105356642995,0.4613341241563302
511,86,5,1.0,signflip_mu0p4,fedavg,FedAvg,456,0.08173589877597985,0.016118658700738246,0.1517776579779265,26.025,0.51196376206414,0.6083938924758056,0.0558150640351371,0.0148381294964028,0.0148381294964028,0.0148381294964028,0.0148381294964028,25,-0.5935557629794027,-0.5935557629794027,-0.5935557629794027,0.0,17.0,0.2073250241853733,,,,
512,86,5,1.0,signflip_mu0p4,fedprox,FedProx,456,0.08171654190214607,0.018079968108411275,0.15085118663884362,26.025,0.51196376206414,0.5507973940298023,0.1185769650806741,0.0148381294964028,0.0148381294964028,0.0148381294964028,0.0148381294964028,25,-0.5359592645333995,-0.5359592645333995,-0.5359592645333995,0.0,17.0,0.2073250241853733,,,,
513,86,5,1.0,signflip_mu0p4,random_trimmed_mean,Random Trimmed Mean,456,0.08258679757595284,0.015375789509815382,0.15792944652083554,26.025,0.51196376206414,0.5558093768086225,0.2746099766860387,0.0070133963750985,0.0070133963750985,0.0070133963750985,0.0070133963750985,25,-0.5487959804335241,-0.5487959804335241,-0.5487959804335241,0.0,17.0,0.2073250241853733,,,,
514,86,5,1.0,signflip_mu0p4,fedle_adapted,FedLE-adapted,456,0.09012175938153419,0.02285744700704384,0.15932737578954806,26.85,0.5111942249318522,0.5661088644127106,0.2743508874588639,0.0133908306854289,0.0148381294964028,0.0148381294964028,0.0133908306854289,25,-0.5527180337272817,-0.5512707349163077,-0.5512707349163077,0.0014472988109738988,22.0,0.2179690737104568,,,,
515,86,5,1.0,signflip_mu0p4,tea_fl,TEA-FL,456,0.6146817717541532,0.6980023077013849,0.6453191387719527,24.2,0.5513221069157297,0.3623611310476822,0.4385649147363374,0.5109293385110686,0.6937311545797177,0.4235506380867087,0.4235506380867087,100,0.1485682074633864,0.3313700235320355,0.06118950703902648,0.0,14.0,0.255445931914008,,,,
516,86,5,1.0,signflip_mu0p4,arl_fl,ARL-FL,456,0.09148953698412474,0.04245091820446102,0.16331462138214903,27.275,0.5322588486727933,0.4341828292062357,0.5064304440896714,0.1220701238528022,0.0179803317187729,0.0179803317187729,0.0179803317187729,30,-0.3121127053534335,-0.4162024974874628,-0.4162024974874628,0.0,21.0,0.234705096819093,0.2437276029646923,0.311856134780572,0.2020276481443828,0.459582914776841
517,87,5,1.0,labelflip_mu0p2,fedavg,FedAvg,123,0.6545714347813734,0.7097398554849358,0.6722597468246444,27.1,0.5618321110517877,0.5412663068518851,0.6001315791222258,0.6314064060912091,0.5194832976302083,0.8076181888689146,0.5194832976302083,40,0.09014009923932398,-0.021783009221676863,0.2663518820170294,0.2881348912387063,22.0,0.2673227074728961,,,,
518,87,5,1.0,labelflip_mu0p2,fedprox,FedProx,123,0.6515652340516891,0.7069892707001189,0.6685927410352843,27.1,0.5618321110517877,0.5294562824264536,0.5936439439125488,0.6282598997675417,0.4869369007636365,0.804220476920679,0.4869369007636365,40,0.09880361734108811,-0.0425193816628171,0.2747641944942254,0.3172835761570425,22.0,0.2673227074728961,,,,
519,87,5,1.0,labelflip_mu0p2,random_trimmed_mean,Random Trimmed Mean,123,0.6441778747500719,0.7039380115122628,0.6661037052047873,27.1,0.5618321110517877,0.5057547131412669,0.5792494821862986,0.6276661811038184,0.5343045483391652,0.7861184107949146,0.5343045483391652,40,0.12191146796255159,0.028549835197898332,0.28036369765364777,0.25181386245574944,22.0,0.2673227074728961,,,,
520,87,5,1.0,labelflip_mu0p2,fedle_adapted,FedLE-adapted,123,0.63927200624162,0.6972745419632345,0.6618527338720266,27.675,0.5495257489796856,0.5473553416308593,0.5632570757779467,0.5756888899975094,0.7600494672481125,0.7456601770968724,0.5632570757779467,20,0.02833354836665014,0.2126941256172532,0.19830483546601307,0.18240310131892568,25.0,0.2659347623248206,,,,
521,87,5,1.0,labelflip_mu0p2,tea_fl,TEA-FL,123,0.6465784449582803,0.7154412556886445,0.668107885931432,24.875,0.5997484540133944,0.5265097075782564,0.5385548230523818,0.5004233311773091,0.6954711568202434,0.7847358591859113,0.5004233311773091,25,-0.026086376400947353,0.16896144924198697,0.25822615160765483,0.2843125280086022,19.0,0.325534294241926,,,,
522,87,5,1.0,labelflip_mu0p2,arl_fl,ARL-FL,123,0.6156485451202638,0.6864733309893569,0.6418009883865707,27.575,0.5847233466640411,0.4017623286347345,0.4744807132005459,0.6537065533087169,0.4661061509421296,0.7987673870530841,0.4527713511793284,30,0.25194422467398236,0.0643438223073951,0.39700505841834965,0.34599603587375577,25.0,0.3062735890462766,0.187416810281965,0.2474687110742842,0.2786727591583324,0.2879213155645593
523,88,5,1.0,labelflip_mu0p2,fedavg,FedAvg,456,0.6228137831328017,0.6752883668303377,0.6535270930637703,26.025,0.51196376206414,0.613803789321542,0.5896615299427274,0.5844439459375317,0.6957154114601205,0.6026162210888506,0.4442662035955163,45,-0.02935984338401032,0.0819116221385785,-0.011187568232691403,0.15835001749333433,17.0,0.2073250241853733,,,,
524,88,5,1.0,labelflip_mu0p2,fedprox,FedProx,456,0.6184554028539041,0.6744935380344291,0.647976320776451,26.025,0.51196376206414,0.5685762205450603,0.5395875566814542,0.5602693875806443,0.7133119562346178,0.6064305276654048,0.4127317170970118,30,-0.008306832964416033,0.14473573568955755,0.037854307120344544,0.19369881056839305,17.0,0.2073250241853733,,,,
525,88,5,1.0,labelflip_mu0p2,random_trimmed_mean,Random Trimmed Mean,456,0.6396291852379568,0.7034523988172714,0.6631240127493198,26.025,0.51196376206414,0.5481887900213079,0.5445890795091125,0.5460433854400596,0.6617730099171747,0.6852601670983227,0.5445890795091125,20,-0.0021454045812483447,0.11358421989586676,0.13707137707701478,0.1406710875892102,17.0,0.2073250241853733,,,,
526,88,5,1.0,labelflip_mu0p2,fedle_adapted,FedLE-adapted,456,0.647179659737555,0.7116940421959519,0.6741269372979595,26.85,0.5111942249318522,0.5697272501464791,0.5094934057772105,0.5227738062541779,0.7040445928479387,0.7682275233408612,0.5094934057772105,20,-0.04695344389230116,0.13431734270145967,0.19850027319438213,0.2587341175636507,22.0,0.2179690737104568,,,,
527,88,5,1.0,labelflip_mu0p2,tea_fl,TEA-FL,456,0.6210667865895937,0.7054652698528832,0.6505131262134697,24.25,0.5530963783632614,0.3534476173958286,0.4798679318946586,0.5968627796508095,0.7497868773204258,0.741138287276315,0.4798679318946586,20,0.2434151622549809,0.39633925992459723,0.38769066988048645,0.26127035538165644,16.0,0.267666913319081,,,,
528,88,5,1.0,labelflip_mu0p2,arl_fl,ARL-FL,456,0.6167006570698615,0.6965286296014865,0.6467074856012183,27.575,0.5388429168740322,0.4157150979049979,0.5361060429751207,0.4742590822599473,0.5939829834835714,0.8122859836887386,0.4742590822599473,25,0.0585439843549494,0.17826788557857348,0.3965708857837407,0.3380269014287913,25.0,0.245193450646927,0.2118843569615218,0.2636847338638259,0.300639725145015,0.300639725145015
529,89,5,1.0,labelflip_mu0p4,fedavg,FedAvg,123,0.5274428783083398,0.5532720894150656,0.5641109275947327,27.1,0.5618321110517877,0.5716070408348582,0.4672031408292356,0.4219238552199345,0.6493830609074126,0.7636577722190706,0.1254981516547614,50,-0.14968318561492377,0.07777602007255435,0.19205073138421236,0.6381596205643092,22.0,0.2673227074728961,,,,
530,89,5,1.0,labelflip_mu0p4,fedprox,FedProx,123,0.5267301448761309,0.5522548662563683,0.5654505022570855,27.1,0.5618321110517877,0.5424723860975743,0.5278978515916116,0.4254423113139798,0.6090129727951474,0.7894482764346521,0.1362056940807609,50,-0.1170300747835945,0.06654058669757312,0.24697589033707779,0.6532425823538912,22.0,0.2673227074728961,,,,
531,89,5,1.0,labelflip_mu0p4,random_trimmed_mean,Random Trimmed Mean,123,0.5374396106051887,0.5757949197024896,0.5774734731816232,27.1,0.5618321110517877,0.50489423662676,0.4110025492021603,0.4312829603357948,0.63525732950288,0.7810588148224972,0.2969355428944513,50,-0.07361127629096526,0.13036309287612002,0.27616457819573714,0.4841232719280459,22.0,0.2673227074728961,,,,
532,89,5,1.0,labelflip_mu0p4,fedle_adapted,FedLE-adapted,123,0.45962216102006903,0.4805251905473071,0.5087845333243284,27.675,0.5495257489796856,0.5573194340108891,0.3038439860651745,0.3273766673993942,0.5869948347884861,0.3298890939047734,0.1142012706192613,55,-0.22994276661149493,0.029675400777597005,-0.22743034010611574,0.2156878232855121,25.0,0.2659347623248206,,,,
533,89,5,1.0,labelflip_mu0p4,tea_fl,TEA-FL,123,0.5898370004116861,0.6526096827480792,0.6213123380458634,24.975,0.6029472586797594,0.4804348812236181,0.3677487539880126,0.4576211530938267,0.6169724151100878,0.7559446348891448,0.3677487539880126,20,-0.022813728129791377,0.13653753388646972,0.27550975366552666,0.38819588090113216,15.0,0.3151446675967124,,,,
534,89,5,1.0,labelflip_mu0p4,arl_fl,ARL-FL,123,0.47328928832079453,0.5082307028102196,0.525730122936328,27.975,0.5825391175763488,0.4028210909352599,0.4795384793158391,0.6069303663534571,0.2626218277191327,0.66987277595107,0.1296602725419378,75,0.20410927541819718,-0.1401992632161272,0.26705168501581006,0.5402125034091322,27.0,0.2991408485002464,0.2278761776662888,0.2210938494646362,0.2433615339696664,0.2515657660567525
535,90,5,1.0,labelflip_mu0p4,fedavg,FedAvg,456,0.5152955419694087,0.5530535411480996,0.5630540582741229,26.025,0.51196376206414,0.5721214850519466,0.2970005315995401,0.2769089131982281,0.4959226137086878,0.7776283610276097,0.2769089131982281,25,-0.2952125718537185,-0.07619887134325881,0.20550687597566308,0.5007194478293816,17.0,0.2073250241853733,,,,
536,90,5,1.0,labelflip_mu0p4,fedprox,FedProx,456,0.5142099412430031,0.5525307822365859,0.5627713519400529,26.025,0.51196376206414,0.5591000222861876,0.2965584117982406,0.2792699021900763,0.499028235276078,0.7729327743002422,0.2792699021900763,25,-0.2798301200961113,-0.06007178701010962,0.2138327520140546,0.4936628721101659,17.0,0.2073250241853733,,,,
537,90,5,1.0,labelflip_mu0p4,random_trimmed_mean,Random Trimmed Mean,456,0.5238449238970575,0.5641544069168909,0.5737781031001564,26.025,0.51196376206414,0.5490583292173212,0.3623660418144914,0.2765716360207718,0.453574258235063,0.7473075285651296,0.2765716360207718,25,-0.27248669319654945,-0.09548407098225825,0.19824919934780838,0.4707358925443578,17.0,0.2073250241853733,,,,
538,90,5,1.0,labelflip_mu0p4,fedle_adapted,FedLE-adapted,456,0.5075802854619917,0.5363000338009385,0.5591707898645836,26.85,0.5111942249318522,0.5688475111891279,0.520335000588195,0.4005213478354878,0.5591670148136842,0.6812930369816891,0.1613464402848143,85,-0.1683261633536401,-0.009680496375443659,0.11244552579256117,0.5199465966968748,22.0,0.2179690737104568,,,,
539,90,5,1.0,labelflip_mu0p4,tea_fl,TEA-FL,456,0.6176043388195167,0.7079503048858714,0.6486925130242686,24.475,0.5526589483302693,0.3615807753692597,0.2330345040137202,0.4546379782778953,0.7387947757230079,0.6692946020148615,0.2330345040137202,20,0.09305720290863562,0.3772140003537482,0.30771382664560176,0.4362600980011413,13.0,0.2575023255709555,,,,
540,90,5,1.0,labelflip_mu0p4,arl_fl,ARL-FL,456,0.49727352510796735,0.5546475093326332,0.551721470766686,27.675,0.5343574750891988,0.4701210594198828,0.2015677243604372,0.4813556335754811,0.5487560987228074,0.7274170300884943,0.2015677243604372,20,0.01123457415559831,0.07863503930292459,0.25729597066861154,0.5258493057280571,25.0,0.2402094225727744,0.1776428344619825,0.2266005162149138,0.2376843586060184,0.2516993124752452
541,91,5,0.1,clean,fedavg,FedAvg,123,0.4853296159565199,0.5445049114379215,0.5390758630000129,26.4,0.5536879282692009,0.2937680150009887,0.3475454117540559,0.396330288456979,0.3561937603302677,0.6965758057360794,0.3475454117540559,20,0.10256227345599028,0.06242574532927897,0.40280779073509065,0.34903039398202346,20.0,0.2604564222808874,,,,
542,91,5,0.1,clean,fedprox,FedProx,123,0.4801325264585196,0.537251992897749,0.5369675010972358,26.4,0.5536879282692009,0.3009628375240398,0.3532186008826335,0.3983532150574395,0.347269980220326,0.7438256771813251,0.347269980220326,40,0.09739037753339969,0.04630714269628622,0.4428628396572853,0.39655569696099907,20.0,0.2604564222808874,,,,
543,91,5,0.1,clean,random_trimmed_mean,Random Trimmed Mean,123,0.39205010516751154,0.44044417937730884,0.46095100952476514,26.4,0.5536879282692009,0.2127396091518852,0.2979874223188485,0.4462011593884796,0.2573906453961537,0.573347125108008,0.2573906453961537,40,0.2334615502365944,0.0446510362442685,0.36060751595612284,0.3159564797118543,20.0,0.2604564222808874,,,,
544,91,5,0.1,clean,fedle_adapted,FedLE-adapted,123,0.46529629343018397,0.5321122980735391,0.5275809720950473,27.3,0.5366040705509356,0.2252617105448512,0.2886696939632619,0.3759876264892774,0.5628159052659562,0.6717775043472662,0.2886696939632619,20,0.15072591594442622,0.3375541947211049,0.446515793802415,0.3831078103840043,22.0,0.2510704409241392,,,,
545,91,5,0.1,clean,tea_fl,TEA-FL,123,0.28645503848176174,0.31786472681231315,0.38828391202047713,26.575,0.6234521807293787,0.1912452969893798,0.2357725413170013,0.1685757815205004,0.1756953220360383,0.3734699062540149,0.1685757815205004,25,-0.02266951546887941,-0.015549974953341511,0.18222460926463507,0.20489412473351448,21.0,0.3773561787049635,,,,
546,91,5,0.1,clean,arl_fl,ARL-FL,123,0.377964506380645,0.42285392646977576,0.45518243239262435,27.725,0.5792240110063019,0.2543071390890403,0.3189147356754771,0.3847719002512051,0.2845960564296079,0.5699318254280664,0.2845960564296079,40,0.13046476116216482,0.0302889173405676,0.31562468633902613,0.2853357689984585,25.0,0.2957830697731629,0.1922922086112486,0.2187749325467561,0.2411372379370482,0.2623959185556448
547,92,5,0.1,clean,fedavg,FedAvg,456,0.4275012157799084,0.48251815027662087,0.49004357503615753,24.525,0.4943307839423678,0.2217583892955355,0.273991058335319,0.1437681911825303,0.4142146626727291,0.60817560410758,0.1437681911825303,25,-0.0779901981130052,0.1924562733771936,0.3864172148120445,0.46440741292504967,15.0,0.2033680803787556,,,,
548,92,5,0.1,clean,fedprox,FedProx,456,0.44767313049720564,0.5038139519501132,0.5056859895418196,24.525,0.4943307839423678,0.271440229131052,0.2950719382943136,0.1480025658305651,0.4191191495629446,0.6205716517232449,0.1480025658305651,25,-0.12343766330048689,0.14767892043189262,0.34913142259219293,0.4725690858926798,15.0,0.2033680803787556,,,,
549,92,5,0.1,clean,random_trimmed_mean,Random Trimmed Mean,456,0.3622347979841314,0.410787268381479,0.43174560233134834,24.525,0.4943307839423678,0.2171324257627999,0.2325508723779448,0.1413828914137073,0.5236387818943797,0.4729083536960181,0.1413828914137073,25,-0.0757495343490926,0.30650635613157984,0.2557759279332182,0.3315254622823108,15.0,0.2033680803787556,,,,
550,92,5,0.1,clean,fedle_adapted,FedLE-adapted,456,0.41809563746931244,0.46644436551903057,0.47811210459057724,27.425,0.49740113515495976,0.2970077378062429,0.3379276530882426,0.3221330627306207,0.4327611992888705,0.4342046709239324,0.204729027305734,35,0.0251253249243778,0.13575346148262762,0.1371969331176895,0.2294756436181984,19.0,0.2029333834304598,,,,
551,92,5,0.1,clean,tea_fl,TEA-FL,456,0.3122991332406489,0.33583137091712184,0.4023957160963997,26.1,0.5790772571155249,0.232965223826482,0.389457666455502,0.2244664083621056,0.183682658177014,0.3564032113844426,0.1754458248265533,35,-0.008498815464376391,-0.04928256564946798,0.1234379875579606,0.1809573865578893,18.0,0.3115603196426572,,,,
552,92,5,0.1,clean,arl_fl,ARL-FL,456,0.39737690671546694,0.4490578155923668,0.4587001276296354,27.125,0.5299346119882592,0.2981955543851597,0.3310849907451746,0.3319071030978806,0.3560127608965186,0.6352236792562899,0.2929932499397521,35,0.03371154871272086,0.05781720651135891,0.33702812487113015,0.34223042931653774,21.0,0.2328461531777509,0.183753838579348,0.2199910976600749,0.2534668664900931,0.2762912135564306
553,93,5,0.1,signflip_mu0p2,fedavg,FedAvg,123,0.07215792350685266,0.02825111140675952,0.14086614643416467,26.4,0.5536879282692009,0.2932290406092952,0.342605776991677,0.0141523637458596,0.0186970493718959,0.0186970493718959,0.0141523637458596,25,-0.2790766768634356,-0.2745319912373993,-0.2745319912373993,0.004544685626036301,20.0,0.2604564222808874,,,,
554,93,5,0.1,signflip_mu0p2,fedprox,FedProx,123,0.08092991009867802,0.03630818425705595,0.15453578227390297,26.4,0.5536879282692009,0.3011345597766256,0.4178832432042636,0.0141523637458596,0.0186970493718959,0.0511758691206543,0.0141523637458596,25,-0.286982196030766,-0.2824375104047297,-0.24995869065597132,0.0370235053747947,20.0,0.2604564222808874,,,,
555,93,5,0.1,signflip_mu0p2,random_trimmed_mean,Random Trimmed Mean,123,0.25135232119033807,0.2652231545670193,0.3428748049410856,26.4,0.5536879282692009,0.218883506069517,0.3445684997637001,0.2966234103008024,0.0544959359428601,0.4320735642220807,0.0544959359428601,40,0.0777399042312854,-0.16438757012665692,0.2131900581525637,0.3775776282792206,20.0,0.2604564222808874,,,,
556,93,5,0.1,signflip_mu0p2,fedle_adapted,FedLE-adapted,123,0.07853172325380661,0.051550651853932886,0.1665312569711669,27.3,0.5366040705509356,0.2318301025595017,0.1810197675308424,0.1298985860970206,0.0141523637458596,0.0496105767714149,0.0099040544722995,85,-0.10193151646248111,-0.2176777388136421,-0.1822195257880868,0.0397065222991154,22.0,0.2510704409241392,,,,
557,93,5,0.1,signflip_mu0p2,tea_fl,TEA-FL,123,0.2766111905967008,0.30244693415323126,0.3724244062399955,26.45,0.6170231957303769,0.2415459177343429,0.2317073157911093,0.1728719809635473,0.2647908157745512,0.5532191010062114,0.0973956630038863,50,-0.06867393677079559,0.023244898040208323,0.31167318327186855,0.4558234380023251,18.0,0.3588347106209232,,,,
558,93,5,0.1,signflip_mu0p2,arl_fl,ARL-FL,123,0.3066129490335576,0.33918302201258077,0.3935900421160396,27.65,0.575130064725354,0.2495342692102923,0.1871080299581538,0.2887491778274893,0.3384858934200154,0.4001604001582011,0.1284684679782094,70,0.039214908617197036,0.0889516242097231,0.1506261309479088,0.27169193217999166,24.0,0.2936585845256077,0.2197100466276108,0.2827824350844557,0.2167885781913471,0.2910626721639348
559,94,5,0.1,signflip_mu0p2,fedavg,FedAvg,456,0.056670968685339496,0.021306821007162784,0.1264274002836008,24.525,0.4943307839423678,0.2528938256769433,0.129257670434141,0.015565490975327,0.0179803317187729,0.0179803317187729,0.015565490975327,25,-0.2373283347016163,-0.2349134939581704,-0.2349134939581704,0.0024148407434459018,15.0,0.2033680803787556,,,,
560,94,5,0.1,signflip_mu0p2,fedprox,FedProx,456,0.06413748263119837,0.030598665683701086,0.13364985905148302,24.525,0.4943307839423678,0.2606474094234849,0.1226363000217231,0.0284376187841193,0.0179803317187729,0.0389308176100628,0.0179803317187729,30,-0.23220979063936562,-0.24266707770471202,-0.22171659181342213,0.020950485891289897,15.0,0.2033680803787556,,,,
561,94,5,0.1,signflip_mu0p2,random_trimmed_mean,Random Trimmed Mean,456,0.2791127711891745,0.3038117517324578,0.3723722240816163,24.525,0.4943307839423678,0.2204402115788612,0.3251284747292001,0.172435860323065,0.4670855520945957,0.3977961997746638,0.0704450835245586,80,-0.04800435125579622,0.24664534051573447,0.1773559881958026,0.3273511162501052,15.0,0.2033680803787556,,,,
562,94,5,0.1,signflip_mu0p2,fedle_adapted,FedLE-adapted,456,0.06331665151708876,0.030092684580953627,0.1302818067629016,27.425,0.49740113515495976,0.292418921527475,0.1260466853844572,0.0179803317187729,0.0179803317187729,0.0307892156862745,0.0075487701441899,90,-0.2744385898087021,-0.2744385898087021,-0.2616297058412005,0.0232404455420846,19.0,0.2029333834304598,,,,
563,94,5,0.1,signflip_mu0p2,tea_fl,TEA-FL,456,0.34103024530277926,0.37364149174578004,0.4259756273327482,25.525,0.5739470855276759,0.2339095336254598,0.138298468993212,0.3261759574731716,0.2346017656592434,0.611118464180514,0.138298468993212,20,0.09226642384771178,0.0006922320337836019,0.37720893055505417,0.472819995187302,17.0,0.3007871862472849,,,,
564,94,5,0.1,signflip_mu0p2,arl_fl,ARL-FL,456,0.3198238299695684,0.34914934271352827,0.40476610993666495,27.325,0.5287657539691195,0.3802794803608854,0.2416187016576309,0.3191800447817464,0.4056696790031234,0.3652369864493048,0.1434857794338778,35,-0.061099435579138994,0.025390198642238015,-0.015042493911580579,0.221751207015427,23.0,0.2369694452645361,0.1897159486951369,0.2601647207924538,0.2633224639074104,0.3993873125117441
565,95,5,0.1,signflip_mu0p4,fedavg,FedAvg,123,0.06788529997906663,0.024866821536485898,0.13808868684142575,26.4,0.5536879282692009,0.2903450943836993,0.2813679187971813,0.0165925925925925,0.0165925925925925,0.0165925925925925,0.0165925925925925,25,-0.27375250179110683,-0.27375250179110683,-0.27375250179110683,0.0,20.0,0.2604564222808874,,,,
566,95,5,0.1,signflip_mu0p4,fedprox,FedProx,123,0.06759205852302186,0.024325206265532993,0.13821002652912673,26.4,0.5536879282692009,0.3030233736838323,0.2640362301266883,0.0165925925925925,0.0165925925925925,0.0165925925925925,0.0165925925925925,25,-0.2864307810912398,-0.2864307810912398,-0.2864307810912398,0.0,20.0,0.2604564222808874,,,,
567,95,5,0.1,signflip_mu0p4,random_trimmed_mean,Random Trimmed Mean,123,0.05109079979346285,0.0217082627184448,0.12261054934817552,26.4,0.5536879282692009,0.2183180284485582,0.1276826171372811,0.0165925925925925,0.0186970493718959,0.0186970493718959,0.0165925925925925,25,-0.2017254358559657,-0.1996209790766623,-0.1996209790766623,0.0021044567793034007,20.0,0.2604564222808874,,,,
568,95,5,0.1,signflip_mu0p4,fedle_adapted,FedLE-adapted,123,0.046032890746341294,0.011705637550308502,0.1260982778735198,27.3,0.5366040705509356,0.2297825903009005,0.1571651139818185,0.0070133963750985,0.0070133963750985,0.0070133963750985,0.0070133963750985,25,-0.222769193925802,-0.222769193925802,-0.222769193925802,0.0,22.0,0.2510704409241392,,,,
569,95,5,0.1,signflip_mu0p4,tea_fl,TEA-FL,123,0.2739806405142401,0.3047378401299873,0.37162422181655025,24.825,0.5965571862218544,0.2194187702887566,0.0983954434902203,0.1677521300057788,0.1920936467881329,0.4235800311086921,0.0983954434902203,20,-0.051666640282977794,-0.027325123500623688,0.2041612608199355,0.3251845876184718,13.0,0.2971421572658744,,,,
570,95,5,0.1,signflip_mu0p4,arl_fl,ARL-FL,123,0.039678036846511194,0.010522516510784053,0.11723213944921135,25.925,0.5709786635309774,0.2541325391992053,0.0141523637458596,0.0070133963750985,0.0070133963750985,0.0186970493718959,0.0070133963750985,25,-0.2471191428241068,-0.2471191428241068,-0.2354354898273094,0.0116836529967974,21.0,0.2935049568867597,0.1987927391575229,0.2358966996364342,0.3898096610473933,0.4067003820331641
571,96,5,0.1,signflip_mu0p4,fedavg,FedAvg,456,0.04920206160213362,0.014235533282227694,0.11942869903418904,24.525,0.4943307839423678,0.2757009696800412,0.0189502296645153,0.0140834463021539,0.0140834463021539,0.0140834463021539,0.0140834463021539,25,-0.2616175233778873,-0.2616175233778873,-0.2616175233778873,0.0,15.0,0.2033680803787556,,,,
572,96,5,0.1,signflip_mu0p4,fedprox,FedProx,456,0.048285247245266394,0.01432876953906036,0.11922013380342239,24.525,0.4943307839423678,0.2529387811499583,0.0219337898831606,0.0140834463021539,0.0140834463021539,0.0140834463021539,0.0140834463021539,25,-0.2388553348478044,-0.2388553348478044,-0.2388553348478044,0.0,15.0,0.2033680803787556,,,,
573,96,5,0.1,signflip_mu0p4,random_trimmed_mean,Random Trimmed Mean,456,0.0534490993150319,0.02604740781402897,0.13736703351290497,24.525,0.4943307839423678,0.2413916759137749,0.1510075287316531,0.0341556219625269,0.0203278392355364,0.0440450279398598,0.0099040544722995,70,-0.207236053951248,-0.22106383667823848,-0.1973466479739151,0.0341409734675603,15.0,0.2033680803787556,,,,
574,96,5,0.1,signflip_mu0p4,fedle_adapted,FedLE-adapted,456,0.05005093191378496,0.01597179961797687,0.12257583490946855,27.425,0.49740113515495976,0.2891769032349826,0.0574730943038529,0.014633048176497,0.014633048176497,0.014633048176497,0.014633048176497,25,-0.27454385505848555,-0.27454385505848555,-0.27454385505848555,0.0,19.0,0.2029333834304598,,,,
575,96,5,0.1,signflip_mu0p4,tea_fl,TEA-FL,456,0.3558708399895371,0.38664513081139373,0.4347538280793887,24.275,0.5537083719827917,0.3510423570243646,0.0878126872644811,0.0979985226273667,0.2662152929735966,0.2286307687036787,0.0878126872644811,20,-0.2530438343969979,-0.08482706405076801,-0.12241158832068588,0.1408180814391976,13.0,0.281700521101185,,,,
576,96,5,0.1,signflip_mu0p4,arl_fl,ARL-FL,456,0.06332478417724272,0.02746469351648907,0.13946170043919426,26.275,0.5257826826321916,0.3784422296160806,0.2801391305784067,0.0148381294964028,0.0148381294964028,0.0148381294964028,0.0148381294964028,25,-0.3636041001196778,-0.3636041001196778,-0.3636041001196778,0.0,21.0,0.2400602953901136,0.1922003357609864,0.2272890465132041,0.3624789428424729,0.3624789428424729
577,97,5,0.1,labelflip_mu0p2,fedavg,FedAvg,123,0.35765142386517473,0.38453766137037915,0.4294288537240171,26.4,0.5536879282692009,0.2962105372907014,0.3619089869980637,0.3828898112790069,0.2277838118366931,0.6603583829577429,0.2277838118366931,40,0.0866792739883055,-0.0684267254540083,0.36414784566704145,0.43257457112104974,20.0,0.2604564222808874,,,,
578,97,5,0.1,labelflip_mu0p2,fedprox,FedProx,123,0.36382932551605174,0.3916699885609042,0.4326572872674674,26.4,0.5536879282692009,0.3010759878519952,0.3619079372811019,0.3884013059500968,0.2263090940290847,0.6585838861346716,0.2263090940290847,40,0.08732531809810162,-0.07476689382291049,0.3575078982826764,0.43227479210558684,20.0,0.2604564222808874,,,,
579,97,5,0.1,labelflip_mu0p2,random_trimmed_mean,Random Trimmed Mean,123,0.3163265811541121,0.34659834215595364,0.39545765204895966,26.4,0.5536879282692009,0.2153038691881715,0.2752172604929353,0.2545338587464559,0.2483578290856646,0.4393227182838843,0.2483578290856646,40,0.03922998955828441,0.0330539598974931,0.22401884909571282,0.19096488919821972,20.0,0.2604564222808874,,,,
580,97,5,0.1,labelflip_mu0p2,fedle_adapted,FedLE-adapted,123,0.39735345373818753,0.44688257282169574,0.460695197005786,27.3,0.5366040705509356,0.234299591949412,0.2769204016738943,0.3657121373370013,0.274197320728776,0.568614868036932,0.2308767117948142,35,0.1314125453875893,0.03989772877936401,0.33431527608752,0.3377381562421178,22.0,0.2510704409241392,,,,
581,97,5,0.1,labelflip_mu0p2,tea_fl,TEA-FL,123,0.2577771315193364,0.28074024456768587,0.3540007705514852,26.5,0.6258142953709632,0.2167351483630775,0.216599892404735,0.1906417149219584,0.2940923418358389,0.3930871849589326,0.1861409682274339,70,-0.026093433441119113,0.07735719347276138,0.17635203659585508,0.20694621673149868,20.0,0.381429357802587,,,,
582,97,5,0.1,labelflip_mu0p2,arl_fl,ARL-FL,123,0.30266618596529754,0.3316245920467959,0.3846681380642634,27.5,0.5786252931178287,0.3007030105385482,0.1679294721063362,0.3540154470061825,0.2362363594866965,0.4660272262402158,0.1679294721063362,20,0.05331243646763428,-0.0644666510518517,0.1653242157016676,0.2980977541338796,24.0,0.2967561311620143,0.1998845811534808,0.2379606416080201,0.2316534578007722,0.2654859110360228
583,98,5,0.1,labelflip_mu0p2,fedavg,FedAvg,456,0.38886719666730907,0.4294708251818419,0.45195659810295796,24.525,0.4943307839423678,0.2670452600173528,0.3384241571665273,0.0766428855485293,0.3359980127786409,0.5408069511745123,0.0766428855485293,25,-0.1904023744688235,0.0689527527612881,0.2737616911571595,0.464164065625983,15.0,0.2033680803787556,,,,
584,98,5,0.1,labelflip_mu0p2,fedprox,FedProx,456,0.38175597456058136,0.42361984107573536,0.44771572216582434,24.525,0.4943307839423678,0.2168471869682279,0.3371457620494878,0.1005437963055946,0.3830620156567815,0.5467317890033573,0.1005437963055946,25,-0.11630339066263332,0.16621482868855358,0.32988460203512937,0.44618799269776266,15.0,0.2033680803787556,,,,
585,98,5,0.1,labelflip_mu0p2,random_trimmed_mean,Random Trimmed Mean,456,0.3351511414473486,0.3740578268999569,0.40923487691435595,24.525,0.4943307839423678,0.2231374540023089,0.3167225350716815,0.2110849957204653,0.3590961057897998,0.4997408684796358,0.1855798298632407,45,-0.012052458281843592,0.1359586517874909,0.2766034144773269,0.3141610386163951,15.0,0.2033680803787556,,,,
586,98,5,0.1,labelflip_mu0p2,fedle_adapted,FedLE-adapted,456,0.36240361707626845,0.4037612793266437,0.4272993864988174,27.425,0.49740113515495976,0.2827302878861709,0.1393920076385634,0.270174461863682,0.3626155464766436,0.6834954375968693,0.1170324292680332,35,-0.012555826022488892,0.07988525859047274,0.4007651497106984,0.566463008328836,19.0,0.2029333834304598,,,,
587,98,5,0.1,labelflip_mu0p2,tea_fl,TEA-FL,456,0.3166435168697154,0.34255521518516396,0.4013154564923838,25.85,0.5760795741199809,0.3130921922674987,0.4193027047659192,0.2987048170100903,0.3858357731137343,0.362254549111983,0.2299275346265871,55,-0.014387375257408408,0.07274358084623561,0.049162356844484334,0.1323270144853959,18.0,0.3156480241100032,,,,
588,98,5,0.1,labelflip_mu0p2,arl_fl,ARL-FL,456,0.3196897890257436,0.3520447835383653,0.39678157737333725,27.3,0.5298046125320963,0.2660470997545997,0.3691582065824909,0.1948410114287864,0.3361778150238301,0.609621560754145,0.1228248546253586,55,-0.07120608832581332,0.07013071526923037,0.34357446099954525,0.4867967061287864,22.0,0.2390611195289858,0.1779442841341332,0.2233158646279555,0.2633485290465889,0.2655412418960363
589,99,5,0.1,labelflip_mu0p4,fedavg,FedAvg,123,0.3799371643305869,0.41319167207514607,0.4499374090831699,26.4,0.5536879282692009,0.2955958865633113,0.3244718573335916,0.23832635646888,0.3237182224223097,0.4914942914736031,0.23832635646888,25,-0.05726953009443131,0.02812233585899837,0.19589840491029176,0.25316793500472307,20.0,0.2604564222808874,,,,
590,99,5,0.1,labelflip_mu0p4,fedprox,FedProx,123,0.38173337560731924,0.41512687219557554,0.4500433449130594,26.4,0.5536879282692009,0.2975064025171614,0.3334614407632867,0.1978550448276129,0.3217547727192908,0.5167035246562475,0.1978550448276129,25,-0.09965135768954847,0.024248370202129443,0.2191971221390861,0.31884847982863457,20.0,0.2604564222808874,,,,
591,99,5,0.1,labelflip_mu0p4,random_trimmed_mean,Random Trimmed Mean,123,0.3006577166569999,0.3276039428845156,0.37792577981527187,26.4,0.5536879282692009,0.2237916576514839,0.3658385546102978,0.2587486111416345,0.338400555462553,0.45310948129949,0.2219129275526682,30,0.0349569534901506,0.11460889781106909,0.22931782364800612,0.23119655374682183,20.0,0.2604564222808874,,,,
592,99,5,0.1,labelflip_mu0p4,fedle_adapted,FedLE-adapted,123,0.33346090342443097,0.3657988126004465,0.40767694864409537,27.3,0.5366040705509356,0.2363111266369062,0.3086383740727172,0.2441971082554669,0.3619948136281692,0.3050012241818646,0.1667710854423663,60,0.007885981618560689,0.125683686991263,0.06869009754495839,0.1382301387394983,22.0,0.2510704409241392,,,,
593,99,5,0.1,labelflip_mu0p4,tea_fl,TEA-FL,123,0.20737763635462408,0.2255251052116855,0.31138232349880296,26.65,0.624933184411463,0.1617610916467351,0.119432120459438,0.1921540358327556,0.1299492310377077,0.3459772042991467,0.119432120459438,20,0.030392944186020482,-0.03181186060902741,0.18421611265241158,0.22654508383970867,22.0,0.3804654885741828,,,,
594,99,5,0.1,labelflip_mu0p4,arl_fl,ARL-FL,123,0.2904541251978319,0.315982923268049,0.3718299200263472,27.675,0.5792307582953773,0.2571759385106957,0.2204693929229536,0.2446863522011246,0.3865536119379277,0.4346174397707358,0.2191424070387759,80,-0.012489586309571088,0.129377673427232,0.1774415012600401,0.2154750327319599,25.0,0.298082224037724,0.2072236132472972,0.2215916742169785,0.2102863553885641,0.2352234482096819
595,100,5,0.1,labelflip_mu0p4,fedavg,FedAvg,456,0.31871490826768145,0.34555820641978807,0.3939653024744718,24.525,0.4943307839423678,0.209917912216291,0.333618042124228,0.0985714525242487,0.2711496539901181,0.4865827518329777,0.0985714525242487,25,-0.1113464596920423,0.06123174177382709,0.27666483961668675,0.388011299308729,15.0,0.2033680803787556,,,,
596,100,5,0.1,labelflip_mu0p4,fedprox,FedProx,456,0.3276599488794531,0.3560795900040329,0.40254263608852253,24.525,0.4943307839423678,0.229458664113906,0.3150696392313016,0.0877477156111193,0.2615152565040027,0.5164344722038864,0.0877477156111193,25,-0.1417109485027867,0.0320565923900967,0.28697580808998036,0.4286867565927671,15.0,0.2033680803787556,,,,
597,100,5,0.1,labelflip_mu0p4,random_trimmed_mean,Random Trimmed Mean,456,0.22121392618141283,0.23432792647894374,0.30753221179198553,24.525,0.4943307839423678,0.2431720698605952,0.1891935239852662,0.0374623597922324,0.1401749669013825,0.371981096294091,0.0374623597922324,25,-0.2057097100683628,-0.10299710295921269,0.1288090264334958,0.3345187365018586,15.0,0.2033680803787556,,,,
598,100,5,0.1,labelflip_mu0p4,fedle_adapted,FedLE-adapted,456,0.33559589136826706,0.36932721028047305,0.40854970481527764,27.425,0.49740113515495976,0.2817225116455089,0.185624002296491,0.41589175254012,0.4226302652309215,0.2768326744285876,0.173999556323298,35,0.13416924089461113,0.14090775358541263,-0.004889837216921267,0.10283311810528961,19.0,0.2029333834304598,,,,
599,100,5,0.1,labelflip_mu0p4,tea_fl,TEA-FL,456,0.18104519780699949,0.16810571481962439,0.27446447693743353,25.75,0.5818911340353057,0.2406031458601683,0.2887329362610216,0.1487127663125553,0.2312183381649361,0.3722537678591093,0.0354560875317795,70,-0.09189037954761298,-0.0093848076952322,0.131650621998941,0.3367976803273298,18.0,0.3137511707189934,,,,
600,100,5,0.1,labelflip_mu0p4,arl_fl,ARL-FL,456,0.25886328275953707,0.27128184305816583,0.3407684596673299,27.4,0.528318172262767,0.3829638363767075,0.2868603914770229,0.3770403221386165,0.1450911117784393,0.3866847828175166,0.1450911117784393,40,-0.00592351423809101,-0.2378727245982682,0.003720946440809114,0.2415936710390773,22.0,0.2340080106753791,0.1751070026890414,0.2259441539664624,0.2541239864279393,0.2543220879409051
