ConfigID,ExperimentalSeed,ClientID,SeedMaterial,SeedSHA256,SeedUInt64
alpha_0p1_seed_123,123,0,CICIoT2023_CLIENT_LOCAL_HASH_ORDER_V1|ASSIGNMENT_SET_SHA256=6161DDCA8874F3A079B3D61C19C62A0C1A60389ECFF2B2028E043FFC38B36E98|PREATTACK_IDENTITY_SHA256=81057E395366BA10088F4455897446945556325756CA18BBF39B5F5A6A1198E2|CONFIG_ID=alpha_0p1_seed_123|EXPERIMENTAL_SEED=123|CLIENT_ID=0,17288F6587F8E32F34F423372921FF786DA101FE34B058BBF4DEAD9E17768E49,1668741328176472879
alpha_0p1_seed_123,123,1,CICIoT2023_CLIENT_LOCAL_HASH_ORDER_V1|ASSIGNMENT_SET_SHA256=6161DDCA8874F3A079B3D61C19C62A0C1A60389ECFF2B2028E043FFC38B36E98|PREATTACK_IDENTITY_SHA256=81057E395366BA10088F4455897446945556325756CA18BBF39B5F5A6A1198E2|CONFIG_ID=alpha_0p1_seed_123|EXPERIMENTAL_SEED=123|CLIENT_ID=1,2D5F6DA18549775F29278C1091B35507E4666EBF67A497ACD328E5133A1357DA,3269452394987616095
alpha_0p1_seed_123,123,2,CICIoT2023_CLIENT_LOCAL_HASH_ORDER_V1|ASSIGNMENT_SET_SHA256=6161DDCA8874F3A079B3D61C19C62A0C1A60389ECFF2B2028E043FFC38B36E98|PREATTACK_IDENTITY_SHA256=81057E395366BA10088F4455897446945556325756CA18BBF39B5F5A6A1198E2|CONFIG_ID=alpha_0p1_seed_123|EXPERIMENTAL_SEED=123|CLIENT_ID=2,64838DC7B3063F8CA2FC22E2920CCED7E336C3F4846875473984F008802990EF,7242788514583429004
alpha_0p1_seed_123,123,3,CICIoT2023_CLIENT_LOCAL_HASH_ORDER_V1|ASSIGNMENT_SET_SHA256=6161DDCA8874F3A079B3D61C19C62A0C1A60389ECFF2B2028E043FFC38B36E98|PREATTACK_IDENTITY_SHA256=81057E395366BA10088F4455897446945556325756CA18BBF39B5F5A6A1198E2|CONFIG_ID=alpha_0p1_seed_123|EXPERIMENTAL_SEED=123|CLIENT_ID=3,182BA24599C580BDC656BC32FD963D1ADB6AA1EFC8D5BA3F5AF59C5F79A6A96F,1741664100725129405
alpha_0p1_seed_123,123,4,CICIoT2023_CLIENT_LOCAL_HASH_ORDER_V1|ASSIGNMENT_SET_SHA256=6161DDCA8874F3A079B3D61C19C62A0C1A60389ECFF2B2028E043FFC38B36E98|PREATTACK_IDENTITY_SHA256=81057E395366BA10088F4455897446945556325756CA18BBF39B5F5A6A1198E2|CONFIG_ID=alpha_0p1_seed_123|EXPERIMENTAL_SEED=123|CLIENT_ID=4,A45BB761F5C66C6A33FF804203C07D57A6E440F2B213CC08049C21C7C3CF66DB,11843261276463983722
alpha_0p1_seed_123,123,5,CICIoT2023_CLIENT_LOCAL_HASH_ORDER_V1|ASSIGNMENT_SET_SHA256=6161DDCA8874F3A079B3D61C19C62A0C1A60389ECFF2B2028E043FFC38B36E98|PREATTACK_IDENTITY_SHA256=81057E395366BA10088F4455897446945556325756CA18BBF39B5F5A6A1198E2|CONFIG_ID=alpha_0p1_seed_123|EXPERIMENTAL_SEED=123|CLIENT_ID=5,ABB54EAAA0710D9050127B1FBC25BE7EEB17282C80A6CE5CB416C00517AA7703,12372882046013476240
alpha_0p1_seed_123,123,6,CICIoT2023_CLIENT_LOCAL_HASH_ORDER_V1|ASSIGNMENT_SET_SHA256=6161DDCA8874F3A079B3D61C19C62A0C1A60389ECFF2B2028E043FFC38B36E98|PREATTACK_IDENTITY_SHA256=81057E395366BA10088F4455897446945556325756CA18BBF39B5F5A6A1198E2|CONFIG_ID=alpha_0p1_seed_123|EXPERIMENTAL_SEED=123|CLIENT_ID=6,899DFFDAB65173A2A75FFED18DA5E5232446F8C739FF20B3B67119222272BC87,9916363269366444962
alpha_0p1_seed_123,123,7,CICIoT2023_CLIENT_LOCAL_HASH_ORDER_V1|ASSIGNMENT_SET_SHA256=6161DDCA8874F3A079B3D61C19C62A0C1A60389ECFF2B2028E043FFC38B36E98|PREATTACK_IDENTITY_SHA256=81057E395366BA10088F4455897446945556325756CA18BBF39B5F5A6A1198E2|CONFIG_ID=alpha_0p1_seed_123|EXPERIMENTAL_SEED=123|CLIENT_ID=7,FCDBE8B01C29DD632C8E609FE4161C8B579F61B9DADF72E4D95B6ABF4A3EAA23,18220412560541867363
alpha_0p1_seed_123,123,8,CICIoT2023_CLIENT_LOCAL_HASH_ORDER_V1|ASSIGNMENT_SET_SHA256=6161DDCA8874F3A079B3D61C19C62A0C1A60389ECFF2B2028E043FFC38B36E98|PREATTACK_IDENTITY_SHA256=81057E395366BA10088F4455897446945556325756CA18BBF39B5F5A6A1198E2|CONFIG_ID=alpha_0p1_seed_123|EXPERIMENTAL_SEED=123|CLIENT_ID=8,FDF64992CB20D70F7F690DC7ACCBCFA970688AF78BBAD3D5555F5576ACB5D83B,18299895030688569103
alpha_0p1_seed_123,123,9,CICIoT2023_CLIENT_LOCAL_HASH_ORDER_V1|ASSIGNMENT_SET_SHA256=6161DDCA8874F3A079B3D61C19C62A0C1A60389ECFF2B2028E043FFC38B36E98|PREATTACK_IDENTITY_SHA256=81057E395366BA10088F4455897446945556325756CA18BBF39B5F5A6A1198E2|CONFIG_ID=alpha_0p1_seed_123|EXPERIMENTAL_SEED=123|CLIENT_ID=9,30B7E65F296E00DD79B77AF1FAAC87DD1BF037A5456AEE660BABFE5D585584C0,3510527730949947613
alpha_0p1_seed_123,123,10,CICIoT2023_CLIENT_LOCAL_HASH_ORDER_V1|ASSIGNMENT_SET_SHA256=6161DDCA8874F3A079B3D61C19C62A0C1A60389ECFF2B2028E043FFC38B36E98|PREATTACK_IDENTITY_SHA256=81057E395366BA10088F4455897446945556325756CA18BBF39B5F5A6A1198E2|CONFIG_ID=alpha_0p1_seed_123|EXPERIMENTAL_SEED=123|CLIENT_ID=10,E096EB56A20A2150F555F6835FCF4083CB1E257DCEB72B7F4260C5A10BE07601,16183381068320743760
alpha_0p1_seed_123,123,11,CICIoT2023_CLIENT_LOCAL_HASH_ORDER_V1|ASSIGNMENT_SET_SHA256=6161DDCA8874F3A079B3D61C19C62A0C1A60389ECFF2B2028E043FFC38B36E98|PREATTACK_IDENTITY_SHA256=81057E395366BA10088F4455897446945556325756CA18BBF39B5F5A6A1198E2|CONFIG_ID=alpha_0p1_seed_123|EXPERIMENTAL_SEED=123|CLIENT_ID=11,A1262D5AB4D70A7E5FBA6ABAA711C7D6875524AEB9DA977C6B22C696DE742FB9,11612018556825700990
alpha_0p1_seed_123,123,12,CICIoT2023_CLIENT_LOCAL_HASH_ORDER_V1|ASSIGNMENT_SET_SHA256=6161DDCA8874F3A079B3D61C19C62A0C1A60389ECFF2B2028E043FFC38B36E98|PREATTACK_IDENTITY_SHA256=81057E395366BA10088F4455897446945556325756CA18BBF39B5F5A6A1198E2|CONFIG_ID=alpha_0p1_seed_123|EXPERIMENTAL_SEED=123|CLIENT_ID=12,E3070021E997A432D932C864D7AA3C89318B36E4771FC64E4D1B6E5FBC3CAF72,16359044317099566130
alpha_0p1_seed_123,123,13,CICIoT2023_CLIENT_LOCAL_HASH_ORDER_V1|ASSIGNMENT_SET_SHA256=6161DDCA8874F3A079B3D61C19C62A0C1A60389ECFF2B2028E043FFC38B36E98|PREATTACK_IDENTITY_SHA256=81057E395366BA10088F4455897446945556325756CA18BBF39B5F5A6A1198E2|CONFIG_ID=alpha_0p1_seed_123|EXPERIMENTAL_SEED=123|CLIENT_ID=13,4AF6C4C4EA4F821E02372F8A28DFDA2D9F43A1705C188E2441B5C2249D612DCC,5401721153101201950
alpha_0p1_seed_123,123,14,CICIoT2023_CLIENT_LOCAL_HASH_ORDER_V1|ASSIGNMENT_SET_SHA256=6161DDCA8874F3A079B3D61C19C62A0C1A60389ECFF2B2028E043FFC38B36E98|PREATTACK_IDENTITY_SHA256=81057E395366BA10088F4455897446945556325756CA18BBF39B5F5A6A1198E2|CONFIG_ID=alpha_0p1_seed_123|EXPERIMENTAL_SEED=123|CLIENT_ID=14,28170AC33D3752406AC26E6554323252B60A6121253DC868696E894DD0C9F446,2888789519643398720
alpha_0p1_seed_123,123,15,CICIoT2023_CLIENT_LOCAL_HASH_ORDER_V1|ASSIGNMENT_SET_SHA256=6161DDCA8874F3A079B3D61C19C62A0C1A60389ECFF2B2028E043FFC38B36E98|PREATTACK_IDENTITY_SHA256=81057E395366BA10088F4455897446945556325756CA18BBF39B5F5A6A1198E2|CONFIG_ID=alpha_0p1_seed_123|EXPERIMENTAL_SEED=123|CLIENT_ID=15,2C9A544764F966364F29E33C494982C4D5CF52273A435D3E41B8B24000FA10C6,3213973949695747638
alpha_0p1_seed_123,123,16,CICIoT2023_CLIENT_LOCAL_HASH_ORDER_V1|ASSIGNMENT_SET_SHA256=6161DDCA8874F3A079B3D61C19C62A0C1A60389ECFF2B2028E043FFC38B36E98|PREATTACK_IDENTITY_SHA256=81057E395366BA10088F4455897446945556325756CA18BBF39B5F5A6A1198E2|CONFIG_ID=alpha_0p1_seed_123|EXPERIMENTAL_SEED=123|CLIENT_ID=16,4CBE1F60BC8D511D04E2141EB29FCA5EEF103DE7DB5D0199F544A41939F0FF92,5529891892798247197
alpha_0p1_seed_123,123,17,CICIoT2023_CLIENT_LOCAL_HASH_ORDER_V1|ASSIGNMENT_SET_SHA256=6161DDCA8874F3A079B3D61C19C62A0C1A60389ECFF2B2028E043FFC38B36E98|PREATTACK_IDENTITY_SHA256=81057E395366BA10088F4455897446945556325756CA18BBF39B5F5A6A1198E2|CONFIG_ID=alpha_0p1_seed_123|EXPERIMENTAL_SEED=123|CLIENT_ID=17,98A61E43A0E5C110039E0802A293FEB9C52EF2DE3A3F7CED2A85E10C5DA2A05B,10999512415710069008
alpha_0p1_seed_123,123,18,CICIoT2023_CLIENT_LOCAL_HASH_ORDER_V1|ASSIGNMENT_SET_SHA256=6161DDCA8874F3A079B3D61C19C62A0C1A60389ECFF2B2028E043FFC38B36E98|PREATTACK_IDENTITY_SHA256=81057E395366BA10088F4455897446945556325756CA18BBF39B5F5A6A1198E2|CONFIG_ID=alpha_0p1_seed_123|EXPERIMENTAL_SEED=123|CLIENT_ID=18,7E81FCD876A379B76AE332BEF6AD9617B7D2CE1060F40AD057598FBEC34C5F65,9115845127408155063
alpha_0p1_seed_123,123,19,CICIoT2023_CLIENT_LOCAL_HASH_ORDER_V1|ASSIGNMENT_SET_SHA256=6161DDCA8874F3A079B3D61C19C62A0C1A60389ECFF2B2028E043FFC38B36E98|PREATTACK_IDENTITY_SHA256=81057E395366BA10088F4455897446945556325756CA18BBF39B5F5A6A1198E2|CONFIG_ID=alpha_0p1_seed_123|EXPERIMENTAL_SEED=123|CLIENT_ID=19,E24D1B15447C645C583DDDF71A8DC4384F895159DE776DB8EE514907E2DC50A5,16306719603935700060
alpha_0p1_seed_123,123,20,CICIoT2023_CLIENT_LOCAL_HASH_ORDER_V1|ASSIGNMENT_SET_SHA256=6161DDCA8874F3A079B3D61C19C62A0C1A60389ECFF2B2028E043FFC38B36E98|PREATTACK_IDENTITY_SHA256=81057E395366BA10088F4455897446945556325756CA18BBF39B5F5A6A1198E2|CONFIG_ID=alpha_0p1_seed_123|EXPERIMENTAL_SEED=123|CLIENT_ID=20,7659BFF1199234191634A3D077C47D7D734780877DFB63D3CABCFE0873BF9509,8528058411639780377
alpha_0p1_seed_123,123,21,CICIoT2023_CLIENT_LOCAL_HASH_ORDER_V1|ASSIGNMENT_SET_SHA256=6161DDCA8874F3A079B3D61C19C62A0C1A60389ECFF2B2028E043FFC38B36E98|PREATTACK_IDENTITY_SHA256=81057E395366BA10088F4455897446945556325756CA18BBF39B5F5A6A1198E2|CONFIG_ID=alpha_0p1_seed_123|EXPERIMENTAL_SEED=123|CLIENT_ID=21,A5CDD9770C9AAD997FDECE0BCE0D6C6D419963FF6C4DE3B6F82942167ABAC0CC,11947444491819593113
alpha_0p1_seed_123,123,22,CICIoT2023_CLIENT_LOCAL_HASH_ORDER_V1|ASSIGNMENT_SET_SHA256=6161DDCA8874F3A079B3D61C19C62A0C1A60389ECFF2B2028E043FFC38B36E98|PREATTACK_IDENTITY_SHA256=81057E395366BA10088F4455897446945556325756CA18BBF39B5F5A6A1198E2|CONFIG_ID=alpha_0p1_seed_123|EXPERIMENTAL_SEED=123|CLIENT_ID=22,F2671F2A001556284A3EC23961716CB440518591833FAE05EC636859C8382C59,17466963945030243880
alpha_0p1_seed_123,123,23,CICIoT2023_CLIENT_LOCAL_HASH_ORDER_V1|ASSIGNMENT_SET_SHA256=6161DDCA8874F3A079B3D61C19C62A0C1A60389ECFF2B2028E043FFC38B36E98|PREATTACK_IDENTITY_SHA256=81057E395366BA10088F4455897446945556325756CA18BBF39B5F5A6A1198E2|CONFIG_ID=alpha_0p1_seed_123|EXPERIMENTAL_SEED=123|CLIENT_ID=23,C07662400E48FA23339B5827CA2283A3447F13A4F27E76F79E1379C3F8503954,13868380129791113763
alpha_0p1_seed_123,123,24,CICIoT2023_CLIENT_LOCAL_HASH_ORDER_V1|ASSIGNMENT_SET_SHA256=6161DDCA8874F3A079B3D61C19C62A0C1A60389ECFF2B2028E043FFC38B36E98|PREATTACK_IDENTITY_SHA256=81057E395366BA10088F4455897446945556325756CA18BBF39B5F5A6A1198E2|CONFIG_ID=alpha_0p1_seed_123|EXPERIMENTAL_SEED=123|CLIENT_ID=24,9C98A7B4E9AF0C8B5535668BBF926BA9F361F00A8C4581A5A0446FDF4ABAA0CC,11283953261833292939
alpha_0p1_seed_123,123,25,CICIoT2023_CLIENT_LOCAL_HASH_ORDER_V1|ASSIGNMENT_SET_SHA256=6161DDCA8874F3A079B3D61C19C62A0C1A60389ECFF2B2028E043FFC38B36E98|PREATTACK_IDENTITY_SHA256=81057E395366BA10088F4455897446945556325756CA18BBF39B5F5A6A1198E2|CONFIG_ID=alpha_0p1_seed_123|EXPERIMENTAL_SEED=123|CLIENT_ID=25,DC3AB1DBEBB7208E65800FA755D7AA882E5B9A7F962613BC020D5F757CA9A98D,15869191795103965326
alpha_0p1_seed_123,123,26,CICIoT2023_CLIENT_LOCAL_HASH_ORDER_V1|ASSIGNMENT_SET_SHA256=6161DDCA8874F3A079B3D61C19C62A0C1A60389ECFF2B2028E043FFC38B36E98|PREATTACK_IDENTITY_SHA256=81057E395366BA10088F4455897446945556325756CA18BBF39B5F5A6A1198E2|CONFIG_ID=alpha_0p1_seed_123|EXPERIMENTAL_SEED=123|CLIENT_ID=26,1B978A5CFFA97B300FF0274CB8959F343F01573B659A509B771B07246A0909F4,1988209892538284848
alpha_0p1_seed_123,123,27,CICIoT2023_CLIENT_LOCAL_HASH_ORDER_V1|ASSIGNMENT_SET_SHA256=6161DDCA8874F3A079B3D61C19C62A0C1A60389ECFF2B2028E043FFC38B36E98|PREATTACK_IDENTITY_SHA256=81057E395366BA10088F4455897446945556325756CA18BBF39B5F5A6A1198E2|CONFIG_ID=alpha_0p1_seed_123|EXPERIMENTAL_SEED=123|CLIENT_ID=27,B867C4A83023D8E1CF8BA9A4110BEB39B8C24E94FB33BC4D921E934DC0AD16D9,13287805452221143265
alpha_0p1_seed_123,123,28,CICIoT2023_CLIENT_LOCAL_HASH_ORDER_V1|ASSIGNMENT_SET_SHA256=6161DDCA8874F3A079B3D61C19C62A0C1A60389ECFF2B2028E043FFC38B36E98|PREATTACK_IDENTITY_SHA256=81057E395366BA10088F4455897446945556325756CA18BBF39B5F5A6A1198E2|CONFIG_ID=alpha_0p1_seed_123|EXPERIMENTAL_SEED=123|CLIENT_ID=28,97EEBC09C1C2168752B90DD2C28D09B4EF925DA6DE0396082E91FF83EF24EB23,10947894494275704455
alpha_0p1_seed_123,123,29,CICIoT2023_CLIENT_LOCAL_HASH_ORDER_V1|ASSIGNMENT_SET_SHA256=6161DDCA8874F3A079B3D61C19C62A0C1A60389ECFF2B2028E043FFC38B36E98|PREATTACK_IDENTITY_SHA256=81057E395366BA10088F4455897446945556325756CA18BBF39B5F5A6A1198E2|CONFIG_ID=alpha_0p1_seed_123|EXPERIMENTAL_SEED=123|CLIENT_ID=29,989CD8EE13FE9E3E89BBF7CD183064884CA41925C103ED59E91D0A69E3664EF4,10996902907181178430
alpha_0p1_seed_42,42,0,CICIoT2023_CLIENT_LOCAL_HASH_ORDER_V1|ASSIGNMENT_SET_SHA256=6161DDCA8874F3A079B3D61C19C62A0C1A60389ECFF2B2028E043FFC38B36E98|PREATTACK_IDENTITY_SHA256=81057E395366BA10088F4455897446945556325756CA18BBF39B5F5A6A1198E2|CONFIG_ID=alpha_0p1_seed_42|EXPERIMENTAL_SEED=42|CLIENT_ID=0,E36DC1476A3E4350A78052C83F04E2E8440419D6174C645897AFA4A524794B11,16387967131540407120
alpha_0p1_seed_42,42,1,CICIoT2023_CLIENT_LOCAL_HASH_ORDER_V1|ASSIGNMENT_SET_SHA256=6161DDCA8874F3A079B3D61C19C62A0C1A60389ECFF2B2028E043FFC38B36E98|PREATTACK_IDENTITY_SHA256=81057E395366BA10088F4455897446945556325756CA18BBF39B5F5A6A1198E2|CONFIG_ID=alpha_0p1_seed_42|EXPERIMENTAL_SEED=42|CLIENT_ID=1,5FCBF9ADE4CDC6AC80EFEA84712F06369EF05420008BF51C1969E86AABC44EC6,6902885379138766508
alpha_0p1_seed_42,42,2,CICIoT2023_CLIENT_LOCAL_HASH_ORDER_V1|ASSIGNMENT_SET_SHA256=6161DDCA8874F3A079B3D61C19C62A0C1A60389ECFF2B2028E043FFC38B36E98|PREATTACK_IDENTITY_SHA256=81057E395366BA10088F4455897446945556325756CA18BBF39B5F5A6A1198E2|CONFIG_ID=alpha_0p1_seed_42|EXPERIMENTAL_SEED=42|CLIENT_ID=2,8AA483866A50F338DA896800761DB3F9E385F4E7B1596AD37677AF362E9D5CA0,9990254486747149112
alpha_0p1_seed_42,42,3,CICIoT2023_CLIENT_LOCAL_HASH_ORDER_V1|ASSIGNMENT_SET_SHA256=6161DDCA8874F3A079B3D61C19C62A0C1A60389ECFF2B2028E043FFC38B36E98|PREATTACK_IDENTITY_SHA256=81057E395366BA10088F4455897446945556325756CA18BBF39B5F5A6A1198E2|CONFIG_ID=alpha_0p1_seed_42|EXPERIMENTAL_SEED=42|CLIENT_ID=3,A0AB76C44997773CF5A2598EAA1703916940C318944A13FFA378590BD316D855,11577477852506322748
alpha_0p1_seed_42,42,4,CICIoT2023_CLIENT_LOCAL_HASH_ORDER_V1|ASSIGNMENT_SET_SHA256=6161DDCA8874F3A079B3D61C19C62A0C1A60389ECFF2B2028E043FFC38B36E98|PREATTACK_IDENTITY_SHA256=81057E395366BA10088F4455897446945556325756CA18BBF39B5F5A6A1198E2|CONFIG_ID=alpha_0p1_seed_42|EXPERIMENTAL_SEED=42|CLIENT_ID=4,FBA036EDA8C5C986FCD165D491A631EDF7C49E538BA988FA869EB6DBCA60A7B1,18131552494160300422
alpha_0p1_seed_42,42,5,CICIoT2023_CLIENT_LOCAL_HASH_ORDER_V1|ASSIGNMENT_SET_SHA256=6161DDCA8874F3A079B3D61C19C62A0C1A60389ECFF2B2028E043FFC38B36E98|PREATTACK_IDENTITY_SHA256=81057E395366BA10088F4455897446945556325756CA18BBF39B5F5A6A1198E2|CONFIG_ID=alpha_0p1_seed_42|EXPERIMENTAL_SEED=42|CLIENT_ID=5,01C0EB61F36EC0EED08DDB3328713128C43798028BB4D6711CE6F35BFFC8774F,126359595494850798
alpha_0p1_seed_42,42,6,CICIoT2023_CLIENT_LOCAL_HASH_ORDER_V1|ASSIGNMENT_SET_SHA256=6161DDCA8874F3A079B3D61C19C62A0C1A60389ECFF2B2028E043FFC38B36E98|PREATTACK_IDENTITY_SHA256=81057E395366BA10088F4455897446945556325756CA18BBF39B5F5A6A1198E2|CONFIG_ID=alpha_0p1_seed_42|EXPERIMENTAL_SEED=42|CLIENT_ID=6,BF1295A34A8D4527016C2199B2A721975F74AE51A5EA149DDE20B570E4014365,13768231539388007719
alpha_0p1_seed_42,42,7,CICIoT2023_CLIENT_LOCAL_HASH_ORDER_V1|ASSIGNMENT_SET_SHA256=6161DDCA8874F3A079B3D61C19C62A0C1A60389ECFF2B2028E043FFC38B36E98|PREATTACK_IDENTITY_SHA256=81057E395366BA10088F4455897446945556325756CA18BBF39B5F5A6A1198E2|CONFIG_ID=alpha_0p1_seed_42|EXPERIMENTAL_SEED=42|CLIENT_ID=7,0AAA0BA495164381049FF981EF3C54651721EE4CA0C94554B8ADAE900A8973DE,768439487923897217
alpha_0p1_seed_42,42,8,CICIoT2023_CLIENT_LOCAL_HASH_ORDER_V1|ASSIGNMENT_SET_SHA256=6161DDCA8874F3A079B3D61C19C62A0C1A60389ECFF2B2028E043FFC38B36E98|PREATTACK_IDENTITY_SHA256=81057E395366BA10088F4455897446945556325756CA18BBF39B5F5A6A1198E2|CONFIG_ID=alpha_0p1_seed_42|EXPERIMENTAL_SEED=42|CLIENT_ID=8,5C5464FFF05CED777573AD9441E72701ABDC761D7D6701F529E7E06C902884FC,6653053599945125239
alpha_0p1_seed_42,42,9,CICIoT2023_CLIENT_LOCAL_HASH_ORDER_V1|ASSIGNMENT_SET_SHA256=6161DDCA8874F3A079B3D61C19C62A0C1A60389ECFF2B2028E043FFC38B36E98|PREATTACK_IDENTITY_SHA256=81057E395366BA10088F4455897446945556325756CA18BBF39B5F5A6A1198E2|CONFIG_ID=alpha_0p1_seed_42|EXPERIMENTAL_SEED=42|CLIENT_ID=9,889790D517312EBFA68124D3982172E1C4D17894F9FDDF09A27712CDAA21FA8D,9842494755533041343
alpha_0p1_seed_42,42,10,CICIoT2023_CLIENT_LOCAL_HASH_ORDER_V1|ASSIGNMENT_SET_SHA256=6161DDCA8874F3A079B3D61C19C62A0C1A60389ECFF2B2028E043FFC38B36E98|PREATTACK_IDENTITY_SHA256=81057E395366BA10088F4455897446945556325756CA18BBF39B5F5A6A1198E2|CONFIG_ID=alpha_0p1_seed_42|EXPERIMENTAL_SEED=42|CLIENT_ID=10,E004040C19ECB838F5E8D5F0BCA701A34EA51E025A974B11B2D3658F2071EFA1,16142031414423763000
alpha_0p1_seed_42,42,11,CICIoT2023_CLIENT_LOCAL_HASH_ORDER_V1|ASSIGNMENT_SET_SHA256=6161DDCA8874F3A079B3D61C19C62A0C1A60389ECFF2B2028E043FFC38B36E98|PREATTACK_IDENTITY_SHA256=81057E395366BA10088F4455897446945556325756CA18BBF39B5F5A6A1198E2|CONFIG_ID=alpha_0p1_seed_42|EXPERIMENTAL_SEED=42|CLIENT_ID=11,6DE3961C763DAA8C71BA605CC80915B7D454302F30C9F18563311C2B55F98700,7918337618834467468
alpha_0p1_seed_42,42,12,CICIoT2023_CLIENT_LOCAL_HASH_ORDER_V1|ASSIGNMENT_SET_SHA256=6161DDCA8874F3A079B3D61C19C62A0C1A60389ECFF2B2028E043FFC38B36E98|PREATTACK_IDENTITY_SHA256=81057E395366BA10088F4455897446945556325756CA18BBF39B5F5A6A1198E2|CONFIG_ID=alpha_0p1_seed_42|EXPERIMENTAL_SEED=42|CLIENT_ID=12,4D4C2BB0519D65B634C977809B4E7F2E4DED4DB8508FC8CB248B8689B3E756DA,5569874875433969078
alpha_0p1_seed_42,42,13,CICIoT2023_CLIENT_LOCAL_HASH_ORDER_V1|ASSIGNMENT_SET_SHA256=6161DDCA8874F3A079B3D61C19C62A0C1A60389ECFF2B2028E043FFC38B36E98|PREATTACK_IDENTITY_SHA256=81057E395366BA10088F4455897446945556325756CA18BBF39B5F5A6A1198E2|CONFIG_ID=alpha_0p1_seed_42|EXPERIMENTAL_SEED=42|CLIENT_ID=13,D1C529FE8E613D666C2EC556CEFAB98F48B5E78C8526864B72ADE637D62CC46A,15115533897626107238
alpha_0p1_seed_42,42,14,CICIoT2023_CLIENT_LOCAL_HASH_ORDER_V1|ASSIGNMENT_SET_SHA256=6161DDCA8874F3A079B3D61C19C62A0C1A60389ECFF2B2028E043FFC38B36E98|PREATTACK_IDENTITY_SHA256=81057E395366BA10088F4455897446945556325756CA18BBF39B5F5A6A1198E2|CONFIG_ID=alpha_0p1_seed_42|EXPERIMENTAL_SEED=42|CLIENT_ID=14,41E4CE11C82F8AB93270FF8108D43B7AF4B74F2A12162B17DB542FFA483803FD,4748146482923670201
alpha_0p1_seed_42,42,15,CICIoT2023_CLIENT_LOCAL_HASH_ORDER_V1|ASSIGNMENT_SET_SHA256=6161DDCA8874F3A079B3D61C19C62A0C1A60389ECFF2B2028E043FFC38B36E98|PREATTACK_IDENTITY_SHA256=81057E395366BA10088F4455897446945556325756CA18BBF39B5F5A6A1198E2|CONFIG_ID=alpha_0p1_seed_42|EXPERIMENTAL_SEED=42|CLIENT_ID=15,AD5258099CFF3CD4883CC55755F09417E31D09271194FC1A3FD15749EAE5CF54,12489141514963729620
alpha_0p1_seed_42,42,16,CICIoT2023_CLIENT_LOCAL_HASH_ORDER_V1|ASSIGNMENT_SET_SHA256=6161DDCA8874F3A079B3D61C19C62A0C1A60389ECFF2B2028E043FFC38B36E98|PREATTACK_IDENTITY_SHA256=81057E395366BA10088F4455897446945556325756CA18BBF39B5F5A6A1198E2|CONFIG_ID=alpha_0p1_seed_42|EXPERIMENTAL_SEED=42|CLIENT_ID=16,0E3D2661B1C5228C9DB2ACB4CF4FA69A4FB970B3DF3A10CA50444AED68B204D6,1026018491146510988
alpha_0p1_seed_42,42,17,CICIoT2023_CLIENT_LOCAL_HASH_ORDER_V1|ASSIGNMENT_SET_SHA256=6161DDCA8874F3A079B3D61C19C62A0C1A60389ECFF2B2028E043FFC38B36E98|PREATTACK_IDENTITY_SHA256=81057E395366BA10088F4455897446945556325756CA18BBF39B5F5A6A1198E2|CONFIG_ID=alpha_0p1_seed_42|EXPERIMENTAL_SEED=42|CLIENT_ID=17,30712B77A3F4B3933661ABCB54F12AF41B9F165F4739BDE2FAD72C629E5E0B6B,3490618979040670611
alpha_0p1_seed_42,42,18,CICIoT2023_CLIENT_LOCAL_HASH_ORDER_V1|ASSIGNMENT_SET_SHA256=6161DDCA8874F3A079B3D61C19C62A0C1A60389ECFF2B2028E043FFC38B36E98|PREATTACK_IDENTITY_SHA256=81057E395366BA10088F4455897446945556325756CA18BBF39B5F5A6A1198E2|CONFIG_ID=alpha_0p1_seed_42|EXPERIMENTAL_SEED=42|CLIENT_ID=18,E677ABC71AF5BB4168155B405BE325EDE1C43D33BE64387F289C786A011AC5F4,16606931022591146817
alpha_0p1_seed_42,42,19,CICIoT2023_CLIENT_LOCAL_HASH_ORDER_V1|ASSIGNMENT_SET_SHA256=6161DDCA8874F3A079B3D61C19C62A0C1A60389ECFF2B2028E043FFC38B36E98|PREATTACK_IDENTITY_SHA256=81057E395366BA10088F4455897446945556325756CA18BBF39B5F5A6A1198E2|CONFIG_ID=alpha_0p1_seed_42|EXPERIMENTAL_SEED=42|CLIENT_ID=19,8ED5CC6190B05CFF83F619B6167A2CD1D56D8E1AE3AE05CF65D7376C64D4F92B,10292357242836507903
alpha_0p1_seed_42,42,20,CICIoT2023_CLIENT_LOCAL_HASH_ORDER_V1|ASSIGNMENT_SET_SHA256=6161DDCA8874F3A079B3D61C19C62A0C1A60389ECFF2B2028E043FFC38B36E98|PREATTACK_IDENTITY_SHA256=81057E395366BA10088F4455897446945556325756CA18BBF39B5F5A6A1198E2|CONFIG_ID=alpha_0p1_seed_42|EXPERIMENTAL_SEED=42|CLIENT_ID=20,D21BAE5AC40C62AF6ABD258128CC1892A8E8810E3F8E922A8DD16F24F3173281,15139886277195489967
alpha_0p1_seed_42,42,21,CICIoT2023_CLIENT_LOCAL_HASH_ORDER_V1|ASSIGNMENT_SET_SHA256=6161DDCA8874F3A079B3D61C19C62A0C1A60389ECFF2B2028E043FFC38B36E98|PREATTACK_IDENTITY_SHA256=81057E395366BA10088F4455897446945556325756CA18BBF39B5F5A6A1198E2|CONFIG_ID=alpha_0p1_seed_42|EXPERIMENTAL_SEED=42|CLIENT_ID=21,5EAD15A09B0781329F9FE26C695926C501F59A72065B2F483767BA4205E01ADC,6822132790076080434
alpha_0p1_seed_42,42,22,CICIoT2023_CLIENT_LOCAL_HASH_ORDER_V1|ASSIGNMENT_SET_SHA256=6161DDCA8874F3A079B3D61C19C62A0C1A60389ECFF2B2028E043FFC38B36E98|PREATTACK_IDENTITY_SHA256=81057E395366BA10088F4455897446945556325756CA18BBF39B5F5A6A1198E2|CONFIG_ID=alpha_0p1_seed_42|EXPERIMENTAL_SEED=42|CLIENT_ID=22,6541D8C11378A49EA5AAE5C158D0C8C84AA6F8BCC0D458D0E6E30120E8EF351B,7296351195083875486
alpha_0p1_seed_42,42,23,CICIoT2023_CLIENT_LOCAL_HASH_ORDER_V1|ASSIGNMENT_SET_SHA256=6161DDCA8874F3A079B3D61C19C62A0C1A60389ECFF2B2028E043FFC38B36E98|PREATTACK_IDENTITY_SHA256=81057E395366BA10088F4455897446945556325756CA18BBF39B5F5A6A1198E2|CONFIG_ID=alpha_0p1_seed_42|EXPERIMENTAL_SEED=42|CLIENT_ID=23,B1707A3C1CF37495ECE5B226AF63E08FC6C299D5FFCAF2632C1C5F39CA977667,12785853740707181717
alpha_0p1_seed_42,42,24,CICIoT2023_CLIENT_LOCAL_HASH_ORDER_V1|ASSIGNMENT_SET_SHA256=6161DDCA8874F3A079B3D61C19C62A0C1A60389ECFF2B2028E043FFC38B36E98|PREATTACK_IDENTITY_SHA256=81057E395366BA10088F4455897446945556325756CA18BBF39B5F5A6A1198E2|CONFIG_ID=alpha_0p1_seed_42|EXPERIMENTAL_SEED=42|CLIENT_ID=24,F6F34C9F91CCD3F8FB44E714429D984CB2F05C541EFD65F55F25C21C12584F1C,17794650800900592632
alpha_0p1_seed_42,42,25,CICIoT2023_CLIENT_LOCAL_HASH_ORDER_V1|ASSIGNMENT_SET_SHA256=6161DDCA8874F3A079B3D61C19C62A0C1A60389ECFF2B2028E043FFC38B36E98|PREATTACK_IDENTITY_SHA256=81057E395366BA10088F4455897446945556325756CA18BBF39B5F5A6A1198E2|CONFIG_ID=alpha_0p1_seed_42|EXPERIMENTAL_SEED=42|CLIENT_ID=25,CC73B232DC882B21D625B1C40E3652BBD8469B75B3C522E702976294CAFBA8B5,14732314737577044769
alpha_0p1_seed_42,42,26,CICIoT2023_CLIENT_LOCAL_HASH_ORDER_V1|ASSIGNMENT_SET_SHA256=6161DDCA8874F3A079B3D61C19C62A0C1A60389ECFF2B2028E043FFC38B36E98|PREATTACK_IDENTITY_SHA256=81057E395366BA10088F4455897446945556325756CA18BBF39B5F5A6A1198E2|CONFIG_ID=alpha_0p1_seed_42|EXPERIMENTAL_SEED=42|CLIENT_ID=26,7E720F72FFBBB6FF1F76B32E2705E1033C66D50E4FE1F15846A0FA23C74832B0,9111361982715115263
alpha_0p1_seed_42,42,27,CICIoT2023_CLIENT_LOCAL_HASH_ORDER_V1|ASSIGNMENT_SET_SHA256=6161DDCA8874F3A079B3D61C19C62A0C1A60389ECFF2B2028E043FFC38B36E98|PREATTACK_IDENTITY_SHA256=81057E395366BA10088F4455897446945556325756CA18BBF39B5F5A6A1198E2|CONFIG_ID=alpha_0p1_seed_42|EXPERIMENTAL_SEED=42|CLIENT_ID=27,6D6550D586CD1184BE3D3EE8AA572DB8FF11EB20CCED9253356144367F320BAE,7882795600801763716
alpha_0p1_seed_42,42,28,CICIoT2023_CLIENT_LOCAL_HASH_ORDER_V1|ASSIGNMENT_SET_SHA256=6161DDCA8874F3A079B3D61C19C62A0C1A60389ECFF2B2028E043FFC38B36E98|PREATTACK_IDENTITY_SHA256=81057E395366BA10088F4455897446945556325756CA18BBF39B5F5A6A1198E2|CONFIG_ID=alpha_0p1_seed_42|EXPERIMENTAL_SEED=42|CLIENT_ID=28,D00C745663DF7AE686E4AD4DC32F64A30EBE6D9605480D9BEB6617B355DF5EEB,14991485174001138406
alpha_0p1_seed_42,42,29,CICIoT2023_CLIENT_LOCAL_HASH_ORDER_V1|ASSIGNMENT_SET_SHA256=6161DDCA8874F3A079B3D61C19C62A0C1A60389ECFF2B2028E043FFC38B36E98|PREATTACK_IDENTITY_SHA256=81057E395366BA10088F4455897446945556325756CA18BBF39B5F5A6A1198E2|CONFIG_ID=alpha_0p1_seed_42|EXPERIMENTAL_SEED=42|CLIENT_ID=29,2B9F5A04D1BD5D6358462FDBFD109FE091B3BF63BA5859C48412B895187807F6,3143330041673112931
alpha_0p1_seed_456,456,0,CICIoT2023_CLIENT_LOCAL_HASH_ORDER_V1|ASSIGNMENT_SET_SHA256=6161DDCA8874F3A079B3D61C19C62A0C1A60389ECFF2B2028E043FFC38B36E98|PREATTACK_IDENTITY_SHA256=81057E395366BA10088F4455897446945556325756CA18BBF39B5F5A6A1198E2|CONFIG_ID=alpha_0p1_seed_456|EXPERIMENTAL_SEED=456|CLIENT_ID=0,8BB4E05462A654C28E6E2C6DFBFDF356029AFAE04BFD7D730EAC85E79D6A4576,10066917720116843714
alpha_0p1_seed_456,456,1,CICIoT2023_CLIENT_LOCAL_HASH_ORDER_V1|ASSIGNMENT_SET_SHA256=6161DDCA8874F3A079B3D61C19C62A0C1A60389ECFF2B2028E043FFC38B36E98|PREATTACK_IDENTITY_SHA256=81057E395366BA10088F4455897446945556325756CA18BBF39B5F5A6A1198E2|CONFIG_ID=alpha_0p1_seed_456|EXPERIMENTAL_SEED=456|CLIENT_ID=1,5276608F5E384F99144CF2571DEE3451B9A36539AA24A1724EC60E29CD6AB8B7,5942042927239286681
alpha_0p1_seed_456,456,2,CICIoT2023_CLIENT_LOCAL_HASH_ORDER_V1|ASSIGNMENT_SET_SHA256=6161DDCA8874F3A079B3D61C19C62A0C1A60389ECFF2B2028E043FFC38B36E98|PREATTACK_IDENTITY_SHA256=81057E395366BA10088F4455897446945556325756CA18BBF39B5F5A6A1198E2|CONFIG_ID=alpha_0p1_seed_456|EXPERIMENTAL_SEED=456|CLIENT_ID=2,7BE85AF3CA294B252C0E5D70B2F18E4F68204494A78FEAF8DAC08FEF37A0FD8D,8928486264377264933
alpha_0p1_seed_456,456,3,CICIoT2023_CLIENT_LOCAL_HASH_ORDER_V1|ASSIGNMENT_SET_SHA256=6161DDCA8874F3A079B3D61C19C62A0C1A60389ECFF2B2028E043FFC38B36E98|PREATTACK_IDENTITY_SHA256=81057E395366BA10088F4455897446945556325756CA18BBF39B5F5A6A1198E2|CONFIG_ID=alpha_0p1_seed_456|EXPERIMENTAL_SEED=456|CLIENT_ID=3,8F1401E163B44DBD23DFE6CEF24F97316E1A8BB099DC00C90D5B8BDA091CB11C,10309867514509938109
alpha_0p1_seed_456,456,4,CICIoT2023_CLIENT_LOCAL_HASH_ORDER_V1|ASSIGNMENT_SET_SHA256=6161DDCA8874F3A079B3D61C19C62A0C1A60389ECFF2B2028E043FFC38B36E98|PREATTACK_IDENTITY_SHA256=81057E395366BA10088F4455897446945556325756CA18BBF39B5F5A6A1198E2|CONFIG_ID=alpha_0p1_seed_456|EXPERIMENTAL_SEED=456|CLIENT_ID=4,615219E1729A81C272881C6F09A34E7ACD9D754F16BF123848109C4C2889677A,7012696025850347970
alpha_0p1_seed_456,456,5,CICIoT2023_CLIENT_LOCAL_HASH_ORDER_V1|ASSIGNMENT_SET_SHA256=6161DDCA8874F3A079B3D61C19C62A0C1A60389ECFF2B2028E043FFC38B36E98|PREATTACK_IDENTITY_SHA256=81057E395366BA10088F4455897446945556325756CA18BBF39B5F5A6A1198E2|CONFIG_ID=alpha_0p1_seed_456|EXPERIMENTAL_SEED=456|CLIENT_ID=5,1AA1F0827F47FE7F5FEE7493DC5D41E4E41E37AC2399CE7366D0F71497AAF6DE,1919079359508381311
alpha_0p1_seed_456,456,6,CICIoT2023_CLIENT_LOCAL_HASH_ORDER_V1|ASSIGNMENT_SET_SHA256=6161DDCA8874F3A079B3D61C19C62A0C1A60389ECFF2B2028E043FFC38B36E98|PREATTACK_IDENTITY_SHA256=81057E395366BA10088F4455897446945556325756CA18BBF39B5F5A6A1198E2|CONFIG_ID=alpha_0p1_seed_456|EXPERIMENTAL_SEED=456|CLIENT_ID=6,2AFD8EEB63FCBA0545A80B1EDFA544436FEE47C40E23F2C1F82D06C833418ABF,3097789260346735109
alpha_0p1_seed_456,456,7,CICIoT2023_CLIENT_LOCAL_HASH_ORDER_V1|ASSIGNMENT_SET_SHA256=6161DDCA8874F3A079B3D61C19C62A0C1A60389ECFF2B2028E043FFC38B36E98|PREATTACK_IDENTITY_SHA256=81057E395366BA10088F4455897446945556325756CA18BBF39B5F5A6A1198E2|CONFIG_ID=alpha_0p1_seed_456|EXPERIMENTAL_SEED=456|CLIENT_ID=7,A6457DC0DBA5E3211EDDD0090505F2315FA790224C6EFA553ADB610A7958BCB8,11981120650961347361
alpha_0p1_seed_456,456,8,CICIoT2023_CLIENT_LOCAL_HASH_ORDER_V1|ASSIGNMENT_SET_SHA256=6161DDCA8874F3A079B3D61C19C62A0C1A60389ECFF2B2028E043FFC38B36E98|PREATTACK_IDENTITY_SHA256=81057E395366BA10088F4455897446945556325756CA18BBF39B5F5A6A1198E2|CONFIG_ID=alpha_0p1_seed_456|EXPERIMENTAL_SEED=456|CLIENT_ID=8,AFAD11DD653D11459C1B2C0C0DA5748FFB36A9313A7CB388CEA54CE225D0DCD5,12658793770192277829
alpha_0p1_seed_456,456,9,CICIoT2023_CLIENT_LOCAL_HASH_ORDER_V1|ASSIGNMENT_SET_SHA256=6161DDCA8874F3A079B3D61C19C62A0C1A60389ECFF2B2028E043FFC38B36E98|PREATTACK_IDENTITY_SHA256=81057E395366BA10088F4455897446945556325756CA18BBF39B5F5A6A1198E2|CONFIG_ID=alpha_0p1_seed_456|EXPERIMENTAL_SEED=456|CLIENT_ID=9,9024A4C4088BA5692D7B785BAFBC54F23534B5D39F940BEF8002F34065135D01,10386607802487121257
alpha_0p1_seed_456,456,10,CICIoT2023_CLIENT_LOCAL_HASH_ORDER_V1|ASSIGNMENT_SET_SHA256=6161DDCA8874F3A079B3D61C19C62A0C1A60389ECFF2B2028E043FFC38B36E98|PREATTACK_IDENTITY_SHA256=81057E395366BA10088F4455897446945556325756CA18BBF39B5F5A6A1198E2|CONFIG_ID=alpha_0p1_seed_456|EXPERIMENTAL_SEED=456|CLIENT_ID=10,9435777705EF47E759EDA17256E9E9E3A9A60D9D39BAB6AD6AE41AFFEAB58CB0,10679573444463380455
alpha_0p1_seed_456,456,11,CICIoT2023_CLIENT_LOCAL_HASH_ORDER_V1|ASSIGNMENT_SET_SHA256=6161DDCA8874F3A079B3D61C19C62A0C1A60389ECFF2B2028E043FFC38B36E98|PREATTACK_IDENTITY_SHA256=81057E395366BA10088F4455897446945556325756CA18BBF39B5F5A6A1198E2|CONFIG_ID=alpha_0p1_seed_456|EXPERIMENTAL_SEED=456|CLIENT_ID=11,5334B5627D8AE3AD88F74385DF149B1535CBC7AB58D9B8FD14B82F93162604D0,5995616438554649517
alpha_0p1_seed_456,456,12,CICIoT2023_CLIENT_LOCAL_HASH_ORDER_V1|ASSIGNMENT_SET_SHA256=6161DDCA8874F3A079B3D61C19C62A0C1A60389ECFF2B2028E043FFC38B36E98|PREATTACK_IDENTITY_SHA256=81057E395366BA10088F4455897446945556325756CA18BBF39B5F5A6A1198E2|CONFIG_ID=alpha_0p1_seed_456|EXPERIMENTAL_SEED=456|CLIENT_ID=12,4EEA071EDB6DBC50FE7EF4299C6AA008D7DFCC3264EB44DBEC359F7B2CCC8B0A,5686365308620487760
alpha_0p1_seed_456,456,13,CICIoT2023_CLIENT_LOCAL_HASH_ORDER_V1|ASSIGNMENT_SET_SHA256=6161DDCA8874F3A079B3D61C19C62A0C1A60389ECFF2B2028E043FFC38B36E98|PREATTACK_IDENTITY_SHA256=81057E395366BA10088F4455897446945556325756CA18BBF39B5F5A6A1198E2|CONFIG_ID=alpha_0p1_seed_456|EXPERIMENTAL_SEED=456|CLIENT_ID=13,1E0529FCE8E4225249727171FF746AFAB202D90CD5A5E28E27A5749587EB5621,2163181362237153874
alpha_0p1_seed_456,456,14,CICIoT2023_CLIENT_LOCAL_HASH_ORDER_V1|ASSIGNMENT_SET_SHA256=6161DDCA8874F3A079B3D61C19C62A0C1A60389ECFF2B2028E043FFC38B36E98|PREATTACK_IDENTITY_SHA256=81057E395366BA10088F4455897446945556325756CA18BBF39B5F5A6A1198E2|CONFIG_ID=alpha_0p1_seed_456|EXPERIMENTAL_SEED=456|CLIENT_ID=14,5229D0D067BA5546ED9CB48BE8AD08BF4EE946E7F69FD64D68CD62E07A8DD2F4,5920492778667267398
alpha_0p1_seed_456,456,15,CICIoT2023_CLIENT_LOCAL_HASH_ORDER_V1|ASSIGNMENT_SET_SHA256=6161DDCA8874F3A079B3D61C19C62A0C1A60389ECFF2B2028E043FFC38B36E98|PREATTACK_IDENTITY_SHA256=81057E395366BA10088F4455897446945556325756CA18BBF39B5F5A6A1198E2|CONFIG_ID=alpha_0p1_seed_456|EXPERIMENTAL_SEED=456|CLIENT_ID=15,69F1EF932DDE8EE5222444B7C5A588BBC7546BE2523859B8FF9A07F415A8633B,7634146258778492645
alpha_0p1_seed_456,456,16,CICIoT2023_CLIENT_LOCAL_HASH_ORDER_V1|ASSIGNMENT_SET_SHA256=6161DDCA8874F3A079B3D61C19C62A0C1A60389ECFF2B2028E043FFC38B36E98|PREATTACK_IDENTITY_SHA256=81057E395366BA10088F4455897446945556325756CA18BBF39B5F5A6A1198E2|CONFIG_ID=alpha_0p1_seed_456|EXPERIMENTAL_SEED=456|CLIENT_ID=16,AB5C8D3684EC86E8A8680CD811107834651321DB4925B9D61F40B55C58C3141B,12347899543640901352
alpha_0p1_seed_456,456,17,CICIoT2023_CLIENT_LOCAL_HASH_ORDER_V1|ASSIGNMENT_SET_SHA256=6161DDCA8874F3A079B3D61C19C62A0C1A60389ECFF2B2028E043FFC38B36E98|PREATTACK_IDENTITY_SHA256=81057E395366BA10088F4455897446945556325756CA18BBF39B5F5A6A1198E2|CONFIG_ID=alpha_0p1_seed_456|EXPERIMENTAL_SEED=456|CLIENT_ID=17,EDE828B9CF196DE47CBBF695DB9C3979A15CD5F4B86BB7F0FDF184E0063EB11A,17142996760094404068
alpha_0p1_seed_456,456,18,CICIoT2023_CLIENT_LOCAL_HASH_ORDER_V1|ASSIGNMENT_SET_SHA256=6161DDCA8874F3A079B3D61C19C62A0C1A60389ECFF2B2028E043FFC38B36E98|PREATTACK_IDENTITY_SHA256=81057E395366BA10088F4455897446945556325756CA18BBF39B5F5A6A1198E2|CONFIG_ID=alpha_0p1_seed_456|EXPERIMENTAL_SEED=456|CLIENT_ID=18,11F4BF76006CF47409303D9281411BA363AC2C907A1D6E6813D2227CCF24B780,1293869506496361588
alpha_0p1_seed_456,456,19,CICIoT2023_CLIENT_LOCAL_HASH_ORDER_V1|ASSIGNMENT_SET_SHA256=6161DDCA8874F3A079B3D61C19C62A0C1A60389ECFF2B2028E043FFC38B36E98|PREATTACK_IDENTITY_SHA256=81057E395366BA10088F4455897446945556325756CA18BBF39B5F5A6A1198E2|CONFIG_ID=alpha_0p1_seed_456|EXPERIMENTAL_SEED=456|CLIENT_ID=19,89E19E525B61C4FA2BC2CF32CF61565ECCE16F1790482C5CE75A2D7D0C32E50B,9935396329513665786
alpha_0p1_seed_456,456,20,CICIoT2023_CLIENT_LOCAL_HASH_ORDER_V1|ASSIGNMENT_SET_SHA256=6161DDCA8874F3A079B3D61C19C62A0C1A60389ECFF2B2028E043FFC38B36E98|PREATTACK_IDENTITY_SHA256=81057E395366BA10088F4455897446945556325756CA18BBF39B5F5A6A1198E2|CONFIG_ID=alpha_0p1_seed_456|EXPERIMENTAL_SEED=456|CLIENT_ID=20,80DDDDD8DEC9A630816824984E0295F8D88A951906230540524A66FB73792982,9285821930228262448
alpha_0p1_seed_456,456,21,CICIoT2023_CLIENT_LOCAL_HASH_ORDER_V1|ASSIGNMENT_SET_SHA256=6161DDCA8874F3A079B3D61C19C62A0C1A60389ECFF2B2028E043FFC38B36E98|PREATTACK_IDENTITY_SHA256=81057E395366BA10088F4455897446945556325756CA18BBF39B5F5A6A1198E2|CONFIG_ID=alpha_0p1_seed_456|EXPERIMENTAL_SEED=456|CLIENT_ID=21,EB23D0EF62068194DC79FCA1EF33249E99DF910436AB3E8768D7208BCD0A2B52,16943615949658292628
alpha_0p1_seed_456,456,22,CICIoT2023_CLIENT_LOCAL_HASH_ORDER_V1|ASSIGNMENT_SET_SHA256=6161DDCA8874F3A079B3D61C19C62A0C1A60389ECFF2B2028E043FFC38B36E98|PREATTACK_IDENTITY_SHA256=81057E395366BA10088F4455897446945556325756CA18BBF39B5F5A6A1198E2|CONFIG_ID=alpha_0p1_seed_456|EXPERIMENTAL_SEED=456|CLIENT_ID=22,8A9274C879DA8ADBAFBA6A527B8DBA8BC189F7C7032EEC765690CDC92E3F880A,9985171728220457691
alpha_0p1_seed_456,456,23,CICIoT2023_CLIENT_LOCAL_HASH_ORDER_V1|ASSIGNMENT_SET_SHA256=6161DDCA8874F3A079B3D61C19C62A0C1A60389ECFF2B2028E043FFC38B36E98|PREATTACK_IDENTITY_SHA256=81057E395366BA10088F4455897446945556325756CA18BBF39B5F5A6A1198E2|CONFIG_ID=alpha_0p1_seed_456|EXPERIMENTAL_SEED=456|CLIENT_ID=23,2BC0247EA34C09CDE5449A742523983508AAB7BEA4B862CADCB028965F304B0D,3152559865483495885
alpha_0p1_seed_456,456,24,CICIoT2023_CLIENT_LOCAL_HASH_ORDER_V1|ASSIGNMENT_SET_SHA256=6161DDCA8874F3A079B3D61C19C62A0C1A60389ECFF2B2028E043FFC38B36E98|PREATTACK_IDENTITY_SHA256=81057E395366BA10088F4455897446945556325756CA18BBF39B5F5A6A1198E2|CONFIG_ID=alpha_0p1_seed_456|EXPERIMENTAL_SEED=456|CLIENT_ID=24,BAB627FB275BFA59214445ED0DCCE1D9B92A7F4EF3276B469B99BBF5B26219C6,13453984896466549337
alpha_0p1_seed_456,456,25,CICIoT2023_CLIENT_LOCAL_HASH_ORDER_V1|ASSIGNMENT_SET_SHA256=6161DDCA8874F3A079B3D61C19C62A0C1A60389ECFF2B2028E043FFC38B36E98|PREATTACK_IDENTITY_SHA256=81057E395366BA10088F4455897446945556325756CA18BBF39B5F5A6A1198E2|CONFIG_ID=alpha_0p1_seed_456|EXPERIMENTAL_SEED=456|CLIENT_ID=25,70411EC4875C856B4020608B14D866BB9AC277CEBD2133F7A6CAA6C368607CF2,8088780235167532395
alpha_0p1_seed_456,456,26,CICIoT2023_CLIENT_LOCAL_HASH_ORDER_V1|ASSIGNMENT_SET_SHA256=6161DDCA8874F3A079B3D61C19C62A0C1A60389ECFF2B2028E043FFC38B36E98|PREATTACK_IDENTITY_SHA256=81057E395366BA10088F4455897446945556325756CA18BBF39B5F5A6A1198E2|CONFIG_ID=alpha_0p1_seed_456|EXPERIMENTAL_SEED=456|CLIENT_ID=26,920C45C4F2065BA882ED255EF3758D927DB1A3D01AE919A24D1A56058EA8D515,10523863141434416040
alpha_0p1_seed_456,456,27,CICIoT2023_CLIENT_LOCAL_HASH_ORDER_V1|ASSIGNMENT_SET_SHA256=6161DDCA8874F3A079B3D61C19C62A0C1A60389ECFF2B2028E043FFC38B36E98|PREATTACK_IDENTITY_SHA256=81057E395366BA10088F4455897446945556325756CA18BBF39B5F5A6A1198E2|CONFIG_ID=alpha_0p1_seed_456|EXPERIMENTAL_SEED=456|CLIENT_ID=27,23AE1D8994B06893711F8812870064C6C395C870DBFAD570391AC96191D8F7EC,2571024914017446035
alpha_0p1_seed_456,456,28,CICIoT2023_CLIENT_LOCAL_HASH_ORDER_V1|ASSIGNMENT_SET_SHA256=6161DDCA8874F3A079B3D61C19C62A0C1A60389ECFF2B2028E043FFC38B36E98|PREATTACK_IDENTITY_SHA256=81057E395366BA10088F4455897446945556325756CA18BBF39B5F5A6A1198E2|CONFIG_ID=alpha_0p1_seed_456|EXPERIMENTAL_SEED=456|CLIENT_ID=28,BE4BE8A05029BB7AE020FD2479DA51649F2CC9D0D1176F3382CA2B677140DCFD,13712309265696930682
alpha_0p1_seed_456,456,29,CICIoT2023_CLIENT_LOCAL_HASH_ORDER_V1|ASSIGNMENT_SET_SHA256=6161DDCA8874F3A079B3D61C19C62A0C1A60389ECFF2B2028E043FFC38B36E98|PREATTACK_IDENTITY_SHA256=81057E395366BA10088F4455897446945556325756CA18BBF39B5F5A6A1198E2|CONFIG_ID=alpha_0p1_seed_456|EXPERIMENTAL_SEED=456|CLIENT_ID=29,54AAB18CE8C3D898FA12D2D50B136BC8CCEA4057D98120DAC19B3F8A0AEA4C24,6100883863985445016
alpha_0p1_seed_789,789,0,CICIoT2023_CLIENT_LOCAL_HASH_ORDER_V1|ASSIGNMENT_SET_SHA256=6161DDCA8874F3A079B3D61C19C62A0C1A60389ECFF2B2028E043FFC38B36E98|PREATTACK_IDENTITY_SHA256=81057E395366BA10088F4455897446945556325756CA18BBF39B5F5A6A1198E2|CONFIG_ID=alpha_0p1_seed_789|EXPERIMENTAL_SEED=789|CLIENT_ID=0,8DA954570A4D8B3C8A3B19F1641161A3ADE0AEDC52F021AB5D1AB4D9D405617A,10207782763223681852
alpha_0p1_seed_789,789,1,CICIoT2023_CLIENT_LOCAL_HASH_ORDER_V1|ASSIGNMENT_SET_SHA256=6161DDCA8874F3A079B3D61C19C62A0C1A60389ECFF2B2028E043FFC38B36E98|PREATTACK_IDENTITY_SHA256=81057E395366BA10088F4455897446945556325756CA18BBF39B5F5A6A1198E2|CONFIG_ID=alpha_0p1_seed_789|EXPERIMENTAL_SEED=789|CLIENT_ID=1,51E1525628666DC85589D9D2FAE3A286DBB41F4904160838FFF84731D22755B2,5900087516830526920
alpha_0p1_seed_789,789,2,CICIoT2023_CLIENT_LOCAL_HASH_ORDER_V1|ASSIGNMENT_SET_SHA256=6161DDCA8874F3A079B3D61C19C62A0C1A60389ECFF2B2028E043FFC38B36E98|PREATTACK_IDENTITY_SHA256=81057E395366BA10088F4455897446945556325756CA18BBF39B5F5A6A1198E2|CONFIG_ID=alpha_0p1_seed_789|EXPERIMENTAL_SEED=789|CLIENT_ID=2,7BA7BA5D5208F47D6C249729092FDF0D1112C581C854201C0F11F0F1E7D47BED,8910295297746859133
alpha_0p1_seed_789,789,3,CICIoT2023_CLIENT_LOCAL_HASH_ORDER_V1|ASSIGNMENT_SET_SHA256=6161DDCA8874F3A079B3D61C19C62A0C1A60389ECFF2B2028E043FFC38B36E98|PREATTACK_IDENTITY_SHA256=81057E395366BA10088F4455897446945556325756CA18BBF39B5F5A6A1198E2|CONFIG_ID=alpha_0p1_seed_789|EXPERIMENTAL_SEED=789|CLIENT_ID=3,80D6B5784F413463EB541BBF6019B218BA631CF4AADD3D69D63AF6433AA0791E,9283807210201232483
alpha_0p1_seed_789,789,4,CICIoT2023_CLIENT_LOCAL_HASH_ORDER_V1|ASSIGNMENT_SET_SHA256=6161DDCA8874F3A079B3D61C19C62A0C1A60389ECFF2B2028E043FFC38B36E98|PREATTACK_IDENTITY_SHA256=81057E395366BA10088F4455897446945556325756CA18BBF39B5F5A6A1198E2|CONFIG_ID=alpha_0p1_seed_789|EXPERIMENTAL_SEED=789|CLIENT_ID=4,792026D1E6B9995AAC69A3A18D548B6CA32A0849797F5673CBCAB297D1E9ABCC,8728018760804964698
alpha_0p1_seed_789,789,5,CICIoT2023_CLIENT_LOCAL_HASH_ORDER_V1|ASSIGNMENT_SET_SHA256=6161DDCA8874F3A079B3D61C19C62A0C1A60389ECFF2B2028E043FFC38B36E98|PREATTACK_IDENTITY_SHA256=81057E395366BA10088F4455897446945556325756CA18BBF39B5F5A6A1198E2|CONFIG_ID=alpha_0p1_seed_789|EXPERIMENTAL_SEED=789|CLIENT_ID=5,4A3B59A8F4637DAF261619F2FEAEA4F8EBE87E4EA9FEC3EB4269533C4CA4B3CC,5348967564622134703
alpha_0p1_seed_789,789,6,CICIoT2023_CLIENT_LOCAL_HASH_ORDER_V1|ASSIGNMENT_SET_SHA256=6161DDCA8874F3A079B3D61C19C62A0C1A60389ECFF2B2028E043FFC38B36E98|PREATTACK_IDENTITY_SHA256=81057E395366BA10088F4455897446945556325756CA18BBF39B5F5A6A1198E2|CONFIG_ID=alpha_0p1_seed_789|EXPERIMENTAL_SEED=789|CLIENT_ID=6,47801A624F37B0462A0B1697BEFB605C283198777D6FB3278E7F6BBBBA30ADF2,5152146983250014278
alpha_0p1_seed_789,789,7,CICIoT2023_CLIENT_LOCAL_HASH_ORDER_V1|ASSIGNMENT_SET_SHA256=6161DDCA8874F3A079B3D61C19C62A0C1A60389ECFF2B2028E043FFC38B36E98|PREATTACK_IDENTITY_SHA256=81057E395366BA10088F4455897446945556325756CA18BBF39B5F5A6A1198E2|CONFIG_ID=alpha_0p1_seed_789|EXPERIMENTAL_SEED=789|CLIENT_ID=7,BB309132171892C1C71B3411D0947E1F25C55497BF4D3C6B6260721D78657188,13488440528296514241
alpha_0p1_seed_789,789,8,CICIoT2023_CLIENT_LOCAL_HASH_ORDER_V1|ASSIGNMENT_SET_SHA256=6161DDCA8874F3A079B3D61C19C62A0C1A60389ECFF2B2028E043FFC38B36E98|PREATTACK_IDENTITY_SHA256=81057E395366BA10088F4455897446945556325756CA18BBF39B5F5A6A1198E2|CONFIG_ID=alpha_0p1_seed_789|EXPERIMENTAL_SEED=789|CLIENT_ID=8,489B0E17476B5B1BDDC76702E8C10A34123E969343FB0BBD6413321A23A90CBB,5231790885266217755
alpha_0p1_seed_789,789,9,CICIoT2023_CLIENT_LOCAL_HASH_ORDER_V1|ASSIGNMENT_SET_SHA256=6161DDCA8874F3A079B3D61C19C62A0C1A60389ECFF2B2028E043FFC38B36E98|PREATTACK_IDENTITY_SHA256=81057E395366BA10088F4455897446945556325756CA18BBF39B5F5A6A1198E2|CONFIG_ID=alpha_0p1_seed_789|EXPERIMENTAL_SEED=789|CLIENT_ID=9,009707A59B5C0922B03180CA159E8045B35EA6028A5C598D2EA88E4F78808A3C,42511129340807458
alpha_0p1_seed_789,789,10,CICIoT2023_CLIENT_LOCAL_HASH_ORDER_V1|ASSIGNMENT_SET_SHA256=6161DDCA8874F3A079B3D61C19C62A0C1A60389ECFF2B2028E043FFC38B36E98|PREATTACK_IDENTITY_SHA256=81057E395366BA10088F4455897446945556325756CA18BBF39B5F5A6A1198E2|CONFIG_ID=alpha_0p1_seed_789|EXPERIMENTAL_SEED=789|CLIENT_ID=10,7773490667723975444F672C3935FF59614716DEC694E302D5E45AD0952B47B7,8607303604689320309
alpha_0p1_seed_789,789,11,CICIoT2023_CLIENT_LOCAL_HASH_ORDER_V1|ASSIGNMENT_SET_SHA256=6161DDCA8874F3A079B3D61C19C62A0C1A60389ECFF2B2028E043FFC38B36E98|PREATTACK_IDENTITY_SHA256=81057E395366BA10088F4455897446945556325756CA18BBF39B5F5A6A1198E2|CONFIG_ID=alpha_0p1_seed_789|EXPERIMENTAL_SEED=789|CLIENT_ID=11,D4F5DC6EDFE081F4555440578FFCDABFAA83F7E89064E5E186F3206864BC64A4,15345413674095378932
alpha_0p1_seed_789,789,12,CICIoT2023_CLIENT_LOCAL_HASH_ORDER_V1|ASSIGNMENT_SET_SHA256=6161DDCA8874F3A079B3D61C19C62A0C1A60389ECFF2B2028E043FFC38B36E98|PREATTACK_IDENTITY_SHA256=81057E395366BA10088F4455897446945556325756CA18BBF39B5F5A6A1198E2|CONFIG_ID=alpha_0p1_seed_789|EXPERIMENTAL_SEED=789|CLIENT_ID=12,BA175CC6C9BA05C36EAF51925DC360AC60765E507E64D174A3889E23A549DCA3,13409288424376632771
alpha_0p1_seed_789,789,13,CICIoT2023_CLIENT_LOCAL_HASH_ORDER_V1|ASSIGNMENT_SET_SHA256=6161DDCA8874F3A079B3D61C19C62A0C1A60389ECFF2B2028E043FFC38B36E98|PREATTACK_IDENTITY_SHA256=81057E395366BA10088F4455897446945556325756CA18BBF39B5F5A6A1198E2|CONFIG_ID=alpha_0p1_seed_789|EXPERIMENTAL_SEED=789|CLIENT_ID=13,186F6B2A02AD840B5E352EDE945D35975FDBA4366960D6D6A2FC6AE503FDCD05,1760743807502877707
alpha_0p1_seed_789,789,14,CICIoT2023_CLIENT_LOCAL_HASH_ORDER_V1|ASSIGNMENT_SET_SHA256=6161DDCA8874F3A079B3D61C19C62A0C1A60389ECFF2B2028E043FFC38B36E98|PREATTACK_IDENTITY_SHA256=81057E395366BA10088F4455897446945556325756CA18BBF39B5F5A6A1198E2|CONFIG_ID=alpha_0p1_seed_789|EXPERIMENTAL_SEED=789|CLIENT_ID=14,470256B4D89B82E27FEEB3AF85BBD5FCA787A6CF8947BE612D92521A686D30ED,5116747461374477026
alpha_0p1_seed_789,789,15,CICIoT2023_CLIENT_LOCAL_HASH_ORDER_V1|ASSIGNMENT_SET_SHA256=6161DDCA8874F3A079B3D61C19C62A0C1A60389ECFF2B2028E043FFC38B36E98|PREATTACK_IDENTITY_SHA256=81057E395366BA10088F4455897446945556325756CA18BBF39B5F5A6A1198E2|CONFIG_ID=alpha_0p1_seed_789|EXPERIMENTAL_SEED=789|CLIENT_ID=15,ECEB95547941E8D3309FB71746B8728634BAE94222FD930F707F6BA4F73F1644,17071903002522151123
alpha_0p1_seed_789,789,16,CICIoT2023_CLIENT_LOCAL_HASH_ORDER_V1|ASSIGNMENT_SET_SHA256=6161DDCA8874F3A079B3D61C19C62A0C1A60389ECFF2B2028E043FFC38B36E98|PREATTACK_IDENTITY_SHA256=81057E395366BA10088F4455897446945556325756CA18BBF39B5F5A6A1198E2|CONFIG_ID=alpha_0p1_seed_789|EXPERIMENTAL_SEED=789|CLIENT_ID=16,C364B0DB477D2528941E2BC9090788F73FC9D30EB8F0658A96EF953B25AD631A,14079572790910723368
alpha_0p1_seed_789,789,17,CICIoT2023_CLIENT_LOCAL_HASH_ORDER_V1|ASSIGNMENT_SET_SHA256=6161DDCA8874F3A079B3D61C19C62A0C1A60389ECFF2B2028E043FFC38B36E98|PREATTACK_IDENTITY_SHA256=81057E395366BA10088F4455897446945556325756CA18BBF39B5F5A6A1198E2|CONFIG_ID=alpha_0p1_seed_789|EXPERIMENTAL_SEED=789|CLIENT_ID=17,D7F8C5DC54CA5990581D0587AAD4BCCF30EF4B6DD873074CD4B8E4489FC281EF,15562406062484773264
alpha_0p1_seed_789,789,18,CICIoT2023_CLIENT_LOCAL_HASH_ORDER_V1|ASSIGNMENT_SET_SHA256=6161DDCA8874F3A079B3D61C19C62A0C1A60389ECFF2B2028E043FFC38B36E98|PREATTACK_IDENTITY_SHA256=81057E395366BA10088F4455897446945556325756CA18BBF39B5F5A6A1198E2|CONFIG_ID=alpha_0p1_seed_789|EXPERIMENTAL_SEED=789|CLIENT_ID=18,86552F5677B050DF906902267D8ED2029AF95717DA30F3F9066E3606B1B8856A,9679695022524485855
alpha_0p1_seed_789,789,19,CICIoT2023_CLIENT_LOCAL_HASH_ORDER_V1|ASSIGNMENT_SET_SHA256=6161DDCA8874F3A079B3D61C19C62A0C1A60389ECFF2B2028E043FFC38B36E98|PREATTACK_IDENTITY_SHA256=81057E395366BA10088F4455897446945556325756CA18BBF39B5F5A6A1198E2|CONFIG_ID=alpha_0p1_seed_789|EXPERIMENTAL_SEED=789|CLIENT_ID=19,BF92722988679BDC3F75D34120630F7E6F3AC8AADC30C2D25BC7C2B779024521,13804221330551708636
alpha_0p1_seed_789,789,20,CICIoT2023_CLIENT_LOCAL_HASH_ORDER_V1|ASSIGNMENT_SET_SHA256=6161DDCA8874F3A079B3D61C19C62A0C1A60389ECFF2B2028E043FFC38B36E98|PREATTACK_IDENTITY_SHA256=81057E395366BA10088F4455897446945556325756CA18BBF39B5F5A6A1198E2|CONFIG_ID=alpha_0p1_seed_789|EXPERIMENTAL_SEED=789|CLIENT_ID=20,1552804FD91DE74A46DD125AF781F253A1F1CC1160B0D085873974F516287F97,1536431503320147786
alpha_0p1_seed_789,789,21,CICIoT2023_CLIENT_LOCAL_HASH_ORDER_V1|ASSIGNMENT_SET_SHA256=6161DDCA8874F3A079B3D61C19C62A0C1A60389ECFF2B2028E043FFC38B36E98|PREATTACK_IDENTITY_SHA256=81057E395366BA10088F4455897446945556325756CA18BBF39B5F5A6A1198E2|CONFIG_ID=alpha_0p1_seed_789|EXPERIMENTAL_SEED=789|CLIENT_ID=21,B24BDF4A4F877054EB5195AD7E7C4E761D7578E38A6F1DC12C835D1384B7C9AF,12847607872259321940
alpha_0p1_seed_789,789,22,CICIoT2023_CLIENT_LOCAL_HASH_ORDER_V1|ASSIGNMENT_SET_SHA256=6161DDCA8874F3A079B3D61C19C62A0C1A60389ECFF2B2028E043FFC38B36E98|PREATTACK_IDENTITY_SHA256=81057E395366BA10088F4455897446945556325756CA18BBF39B5F5A6A1198E2|CONFIG_ID=alpha_0p1_seed_789|EXPERIMENTAL_SEED=789|CLIENT_ID=22,E22625E7183AD0C88FD6871A45B9FB5CBCC7BC83CA8BC88DD0715A2B893D1561,16295753976160899272
alpha_0p1_seed_789,789,23,CICIoT2023_CLIENT_LOCAL_HASH_ORDER_V1|ASSIGNMENT_SET_SHA256=6161DDCA8874F3A079B3D61C19C62A0C1A60389ECFF2B2028E043FFC38B36E98|PREATTACK_IDENTITY_SHA256=81057E395366BA10088F4455897446945556325756CA18BBF39B5F5A6A1198E2|CONFIG_ID=alpha_0p1_seed_789|EXPERIMENTAL_SEED=789|CLIENT_ID=23,7560DC50F9D6DE3213CD94AE899C943D6CAAF37B00044E91CDE489ED605D74F9,8458002340548894258
alpha_0p1_seed_789,789,24,CICIoT2023_CLIENT_LOCAL_HASH_ORDER_V1|ASSIGNMENT_SET_SHA256=6161DDCA8874F3A079B3D61C19C62A0C1A60389ECFF2B2028E043FFC38B36E98|PREATTACK_IDENTITY_SHA256=81057E395366BA10088F4455897446945556325756CA18BBF39B5F5A6A1198E2|CONFIG_ID=alpha_0p1_seed_789|EXPERIMENTAL_SEED=789|CLIENT_ID=24,973059E5D5BF5629C94BDA880DC2FFE98EAA85BBE83F6F6B23FC349BCD397F14,10894306342277699113
alpha_0p1_seed_789,789,25,CICIoT2023_CLIENT_LOCAL_HASH_ORDER_V1|ASSIGNMENT_SET_SHA256=6161DDCA8874F3A079B3D61C19C62A0C1A60389ECFF2B2028E043FFC38B36E98|PREATTACK_IDENTITY_SHA256=81057E395366BA10088F4455897446945556325756CA18BBF39B5F5A6A1198E2|CONFIG_ID=alpha_0p1_seed_789|EXPERIMENTAL_SEED=789|CLIENT_ID=25,63F51CB666760AB7CAE3E6FE433D1F18062E2BBF1FC8FD77187BFA903E938C61,7202694748777614007
alpha_0p1_seed_789,789,26,CICIoT2023_CLIENT_LOCAL_HASH_ORDER_V1|ASSIGNMENT_SET_SHA256=6161DDCA8874F3A079B3D61C19C62A0C1A60389ECFF2B2028E043FFC38B36E98|PREATTACK_IDENTITY_SHA256=81057E395366BA10088F4455897446945556325756CA18BBF39B5F5A6A1198E2|CONFIG_ID=alpha_0p1_seed_789|EXPERIMENTAL_SEED=789|CLIENT_ID=26,E02A2DED1CA8A225986C6E8F3DA3267EAD142973F1FF6D0A436A756733E9210B,16152773509929017893
alpha_0p1_seed_789,789,27,CICIoT2023_CLIENT_LOCAL_HASH_ORDER_V1|ASSIGNMENT_SET_SHA256=6161DDCA8874F3A079B3D61C19C62A0C1A60389ECFF2B2028E043FFC38B36E98|PREATTACK_IDENTITY_SHA256=81057E395366BA10088F4455897446945556325756CA18BBF39B5F5A6A1198E2|CONFIG_ID=alpha_0p1_seed_789|EXPERIMENTAL_SEED=789|CLIENT_ID=27,3DAFB5D173E1B64B2F80F9E8A47C9F693FA4A51E85EAB3F6B39BC6D5BDD48EDB,4444971268434933323
alpha_0p1_seed_789,789,28,CICIoT2023_CLIENT_LOCAL_HASH_ORDER_V1|ASSIGNMENT_SET_SHA256=6161DDCA8874F3A079B3D61C19C62A0C1A60389ECFF2B2028E043FFC38B36E98|PREATTACK_IDENTITY_SHA256=81057E395366BA10088F4455897446945556325756CA18BBF39B5F5A6A1198E2|CONFIG_ID=alpha_0p1_seed_789|EXPERIMENTAL_SEED=789|CLIENT_ID=28,02DCB432D14F217DF1308DA311851426391852E2E8850A8723E73436AE0DB7FC,206237813305188733
alpha_0p1_seed_789,789,29,CICIoT2023_CLIENT_LOCAL_HASH_ORDER_V1|ASSIGNMENT_SET_SHA256=6161DDCA8874F3A079B3D61C19C62A0C1A60389ECFF2B2028E043FFC38B36E98|PREATTACK_IDENTITY_SHA256=81057E395366BA10088F4455897446945556325756CA18BBF39B5F5A6A1198E2|CONFIG_ID=alpha_0p1_seed_789|EXPERIMENTAL_SEED=789|CLIENT_ID=29,868B6795008F90ABAFF012160B623E272CB3B5BC68D0759E535775388523A79D,9694956512502321323
alpha_0p1_seed_999,999,0,CICIoT2023_CLIENT_LOCAL_HASH_ORDER_V1|ASSIGNMENT_SET_SHA256=6161DDCA8874F3A079B3D61C19C62A0C1A60389ECFF2B2028E043FFC38B36E98|PREATTACK_IDENTITY_SHA256=81057E395366BA10088F4455897446945556325756CA18BBF39B5F5A6A1198E2|CONFIG_ID=alpha_0p1_seed_999|EXPERIMENTAL_SEED=999|CLIENT_ID=0,5D6731FA337869F0E9096088D497CD7FBF1891126D8334219438CCF7DE978C9D,6730403118803610096
alpha_0p1_seed_999,999,1,CICIoT2023_CLIENT_LOCAL_HASH_ORDER_V1|ASSIGNMENT_SET_SHA256=6161DDCA8874F3A079B3D61C19C62A0C1A60389ECFF2B2028E043FFC38B36E98|PREATTACK_IDENTITY_SHA256=81057E395366BA10088F4455897446945556325756CA18BBF39B5F5A6A1198E2|CONFIG_ID=alpha_0p1_seed_999|EXPERIMENTAL_SEED=999|CLIENT_ID=1,055C37FC399C83FF2833D592A23351DD4033EEB9BB8C5EECE7B65209B7471628,386245224484865023
alpha_0p1_seed_999,999,2,CICIoT2023_CLIENT_LOCAL_HASH_ORDER_V1|ASSIGNMENT_SET_SHA256=6161DDCA8874F3A079B3D61C19C62A0C1A60389ECFF2B2028E043FFC38B36E98|PREATTACK_IDENTITY_SHA256=81057E395366BA10088F4455897446945556325756CA18BBF39B5F5A6A1198E2|CONFIG_ID=alpha_0p1_seed_999|EXPERIMENTAL_SEED=999|CLIENT_ID=2,30AC8BCD0DCD0F796DB32CF6938DD4CA42F528D478B2A7A093D0AEB4F7755865,3507331922630872953
alpha_0p1_seed_999,999,3,CICIoT2023_CLIENT_LOCAL_HASH_ORDER_V1|ASSIGNMENT_SET_SHA256=6161DDCA8874F3A079B3D61C19C62A0C1A60389ECFF2B2028E043FFC38B36E98|PREATTACK_IDENTITY_SHA256=81057E395366BA10088F4455897446945556325756CA18BBF39B5F5A6A1198E2|CONFIG_ID=alpha_0p1_seed_999|EXPERIMENTAL_SEED=999|CLIENT_ID=3,4E7DBC3B7F6F39ACB8BF4EB4BC1EF0664A3B61132A9882D7872C3B19586499BA,5655883670774299052
alpha_0p1_seed_999,999,4,CICIoT2023_CLIENT_LOCAL_HASH_ORDER_V1|ASSIGNMENT_SET_SHA256=6161DDCA8874F3A079B3D61C19C62A0C1A60389ECFF2B2028E043FFC38B36E98|PREATTACK_IDENTITY_SHA256=81057E395366BA10088F4455897446945556325756CA18BBF39B5F5A6A1198E2|CONFIG_ID=alpha_0p1_seed_999|EXPERIMENTAL_SEED=999|CLIENT_ID=4,871C70C14F0973216AC416EBF5C51F3FED3ADA6A7FE788361AA4E83407176997,9735780470025188129
alpha_0p1_seed_999,999,5,CICIoT2023_CLIENT_LOCAL_HASH_ORDER_V1|ASSIGNMENT_SET_SHA256=6161DDCA8874F3A079B3D61C19C62A0C1A60389ECFF2B2028E043FFC38B36E98|PREATTACK_IDENTITY_SHA256=81057E395366BA10088F4455897446945556325756CA18BBF39B5F5A6A1198E2|CONFIG_ID=alpha_0p1_seed_999|EXPERIMENTAL_SEED=999|CLIENT_ID=5,C5E9F473FB6CDF5E744E9B3DB1C1F669FDBDEA2F8056ECC58A701AAA986B6B79,14261198474022018910
alpha_0p1_seed_999,999,6,CICIoT2023_CLIENT_LOCAL_HASH_ORDER_V1|ASSIGNMENT_SET_SHA256=6161DDCA8874F3A079B3D61C19C62A0C1A60389ECFF2B2028E043FFC38B36E98|PREATTACK_IDENTITY_SHA256=81057E395366BA10088F4455897446945556325756CA18BBF39B5F5A6A1198E2|CONFIG_ID=alpha_0p1_seed_999|EXPERIMENTAL_SEED=999|CLIENT_ID=6,BAE6064931C5A5F17DE8B6559E81FF1180077B2641D0074F026816553A376490,13467458647135462897
alpha_0p1_seed_999,999,7,CICIoT2023_CLIENT_LOCAL_HASH_ORDER_V1|ASSIGNMENT_SET_SHA256=6161DDCA8874F3A079B3D61C19C62A0C1A60389ECFF2B2028E043FFC38B36E98|PREATTACK_IDENTITY_SHA256=81057E395366BA10088F4455897446945556325756CA18BBF39B5F5A6A1198E2|CONFIG_ID=alpha_0p1_seed_999|EXPERIMENTAL_SEED=999|CLIENT_ID=7,69586EF7253C9F981F29842D0568645CFDB0D915CA352415BDF980925F655B46,7590939179693678488
alpha_0p1_seed_999,999,8,CICIoT2023_CLIENT_LOCAL_HASH_ORDER_V1|ASSIGNMENT_SET_SHA256=6161DDCA8874F3A079B3D61C19C62A0C1A60389ECFF2B2028E043FFC38B36E98|PREATTACK_IDENTITY_SHA256=81057E395366BA10088F4455897446945556325756CA18BBF39B5F5A6A1198E2|CONFIG_ID=alpha_0p1_seed_999|EXPERIMENTAL_SEED=999|CLIENT_ID=8,8946EDA1816C01F02FF6469C01EDA98F140C0CDB0B376EE37646EA4E283EB6F3,9891854909482729968
alpha_0p1_seed_999,999,9,CICIoT2023_CLIENT_LOCAL_HASH_ORDER_V1|ASSIGNMENT_SET_SHA256=6161DDCA8874F3A079B3D61C19C62A0C1A60389ECFF2B2028E043FFC38B36E98|PREATTACK_IDENTITY_SHA256=81057E395366BA10088F4455897446945556325756CA18BBF39B5F5A6A1198E2|CONFIG_ID=alpha_0p1_seed_999|EXPERIMENTAL_SEED=999|CLIENT_ID=9,C312267A1D3195464DC50D14A7455F01CDB6F7AD438B0496BCAD3A0C8497FBF5,14056339692894393670
alpha_0p1_seed_999,999,10,CICIoT2023_CLIENT_LOCAL_HASH_ORDER_V1|ASSIGNMENT_SET_SHA256=6161DDCA8874F3A079B3D61C19C62A0C1A60389ECFF2B2028E043FFC38B36E98|PREATTACK_IDENTITY_SHA256=81057E395366BA10088F4455897446945556325756CA18BBF39B5F5A6A1198E2|CONFIG_ID=alpha_0p1_seed_999|EXPERIMENTAL_SEED=999|CLIENT_ID=10,B2711B09E104DE09F4610F2E7F5A8559209F015BA7AE85906372501F153C90B4,12858088140363324937
alpha_0p1_seed_999,999,11,CICIoT2023_CLIENT_LOCAL_HASH_ORDER_V1|ASSIGNMENT_SET_SHA256=6161DDCA8874F3A079B3D61C19C62A0C1A60389ECFF2B2028E043FFC38B36E98|PREATTACK_IDENTITY_SHA256=81057E395366BA10088F4455897446945556325756CA18BBF39B5F5A6A1198E2|CONFIG_ID=alpha_0p1_seed_999|EXPERIMENTAL_SEED=999|CLIENT_ID=11,399469725E84C45EE562CDD7C5B2895DD1FC8CA1EFE7FCF5667C27AEEE87BDEF,4149057096648016990
alpha_0p1_seed_999,999,12,CICIoT2023_CLIENT_LOCAL_HASH_ORDER_V1|ASSIGNMENT_SET_SHA256=6161DDCA8874F3A079B3D61C19C62A0C1A60389ECFF2B2028E043FFC38B36E98|PREATTACK_IDENTITY_SHA256=81057E395366BA10088F4455897446945556325756CA18BBF39B5F5A6A1198E2|CONFIG_ID=alpha_0p1_seed_999|EXPERIMENTAL_SEED=999|CLIENT_ID=12,2A13D47A3E6E1190BE73F4793059A8DB88BC11A807060928F623F0D324F7D4AF,3032000595648975248
alpha_0p1_seed_999,999,13,CICIoT2023_CLIENT_LOCAL_HASH_ORDER_V1|ASSIGNMENT_SET_SHA256=6161DDCA8874F3A079B3D61C19C62A0C1A60389ECFF2B2028E043FFC38B36E98|PREATTACK_IDENTITY_SHA256=81057E395366BA10088F4455897446945556325756CA18BBF39B5F5A6A1198E2|CONFIG_ID=alpha_0p1_seed_999|EXPERIMENTAL_SEED=999|CLIENT_ID=13,F226B2CC84B96E517386373AD24D92370CF4D3CB4E3FE325CAB376DEE8450011,17448830397763382865
alpha_0p1_seed_999,999,14,CICIoT2023_CLIENT_LOCAL_HASH_ORDER_V1|ASSIGNMENT_SET_SHA256=6161DDCA8874F3A079B3D61C19C62A0C1A60389ECFF2B2028E043FFC38B36E98|PREATTACK_IDENTITY_SHA256=81057E395366BA10088F4455897446945556325756CA18BBF39B5F5A6A1198E2|CONFIG_ID=alpha_0p1_seed_999|EXPERIMENTAL_SEED=999|CLIENT_ID=14,3096396553916B7C66C01C384EE7B9FE5F700B1D104C188E8AF31D7B70578312,3501048867683658620
alpha_0p1_seed_999,999,15,CICIoT2023_CLIENT_LOCAL_HASH_ORDER_V1|ASSIGNMENT_SET_SHA256=6161DDCA8874F3A079B3D61C19C62A0C1A60389ECFF2B2028E043FFC38B36E98|PREATTACK_IDENTITY_SHA256=81057E395366BA10088F4455897446945556325756CA18BBF39B5F5A6A1198E2|CONFIG_ID=alpha_0p1_seed_999|EXPERIMENTAL_SEED=999|CLIENT_ID=15,20FAB6C5B43C624FF48C98913119A09FCC8FB99E8AF26EF5EBCFDA5D75E99704,2376412713640026703
alpha_0p1_seed_999,999,16,CICIoT2023_CLIENT_LOCAL_HASH_ORDER_V1|ASSIGNMENT_SET_SHA256=6161DDCA8874F3A079B3D61C19C62A0C1A60389ECFF2B2028E043FFC38B36E98|PREATTACK_IDENTITY_SHA256=81057E395366BA10088F4455897446945556325756CA18BBF39B5F5A6A1198E2|CONFIG_ID=alpha_0p1_seed_999|EXPERIMENTAL_SEED=999|CLIENT_ID=16,ACF81ED791A9D0B1DBFCA5F903327933D143A5AF1FCE817D18BA469A9464D66E,12463745879958474929
alpha_0p1_seed_999,999,17,CICIoT2023_CLIENT_LOCAL_HASH_ORDER_V1|ASSIGNMENT_SET_SHA256=6161DDCA8874F3A079B3D61C19C62A0C1A60389ECFF2B2028E043FFC38B36E98|PREATTACK_IDENTITY_SHA256=81057E395366BA10088F4455897446945556325756CA18BBF39B5F5A6A1198E2|CONFIG_ID=alpha_0p1_seed_999|EXPERIMENTAL_SEED=999|CLIENT_ID=17,2667A2F8347B4F5B5AE6292D72BF700C0E2956876DDEC9FEB8CFD431857C95C5,2767359682958544731
alpha_0p1_seed_999,999,18,CICIoT2023_CLIENT_LOCAL_HASH_ORDER_V1|ASSIGNMENT_SET_SHA256=6161DDCA8874F3A079B3D61C19C62A0C1A60389ECFF2B2028E043FFC38B36E98|PREATTACK_IDENTITY_SHA256=81057E395366BA10088F4455897446945556325756CA18BBF39B5F5A6A1198E2|CONFIG_ID=alpha_0p1_seed_999|EXPERIMENTAL_SEED=999|CLIENT_ID=18,6DC3042A256D74BD79458272BA44C4FA5A8A1C2F38800208FF5C1D06AC221EAE,7909169949655790781
alpha_0p1_seed_999,999,19,CICIoT2023_CLIENT_LOCAL_HASH_ORDER_V1|ASSIGNMENT_SET_SHA256=6161DDCA8874F3A079B3D61C19C62A0C1A60389ECFF2B2028E043FFC38B36E98|PREATTACK_IDENTITY_SHA256=81057E395366BA10088F4455897446945556325756CA18BBF39B5F5A6A1198E2|CONFIG_ID=alpha_0p1_seed_999|EXPERIMENTAL_SEED=999|CLIENT_ID=19,9F795B48B519A58C6FB91A9700B101B0CC137CF72D01476CCA55CF269C85946F,11491316292046661004
alpha_0p1_seed_999,999,20,CICIoT2023_CLIENT_LOCAL_HASH_ORDER_V1|ASSIGNMENT_SET_SHA256=6161DDCA8874F3A079B3D61C19C62A0C1A60389ECFF2B2028E043FFC38B36E98|PREATTACK_IDENTITY_SHA256=81057E395366BA10088F4455897446945556325756CA18BBF39B5F5A6A1198E2|CONFIG_ID=alpha_0p1_seed_999|EXPERIMENTAL_SEED=999|CLIENT_ID=20,A9FC2EFAA923D049C17A33CB0B24F4C3F79AAD34871A3FDC8734A41AD7A3FC9D,12248716740655304777
alpha_0p1_seed_999,999,21,CICIoT2023_CLIENT_LOCAL_HASH_ORDER_V1|ASSIGNMENT_SET_SHA256=6161DDCA8874F3A079B3D61C19C62A0C1A60389ECFF2B2028E043FFC38B36E98|PREATTACK_IDENTITY_SHA256=81057E395366BA10088F4455897446945556325756CA18BBF39B5F5A6A1198E2|CONFIG_ID=alpha_0p1_seed_999|EXPERIMENTAL_SEED=999|CLIENT_ID=21,74EDF3CA0B24F0801E41E787125B291321541B4B1AF0304C5DA9092897D0585A,8425658526975979648
alpha_0p1_seed_999,999,22,CICIoT2023_CLIENT_LOCAL_HASH_ORDER_V1|ASSIGNMENT_SET_SHA256=6161DDCA8874F3A079B3D61C19C62A0C1A60389ECFF2B2028E043FFC38B36E98|PREATTACK_IDENTITY_SHA256=81057E395366BA10088F4455897446945556325756CA18BBF39B5F5A6A1198E2|CONFIG_ID=alpha_0p1_seed_999|EXPERIMENTAL_SEED=999|CLIENT_ID=22,59F372F7F8F7A1C968B99DC0E5E425E19BC591EBA90DAA7BBF6620FEF9BF70CD,6481650698075742665
alpha_0p1_seed_999,999,23,CICIoT2023_CLIENT_LOCAL_HASH_ORDER_V1|ASSIGNMENT_SET_SHA256=6161DDCA8874F3A079B3D61C19C62A0C1A60389ECFF2B2028E043FFC38B36E98|PREATTACK_IDENTITY_SHA256=81057E395366BA10088F4455897446945556325756CA18BBF39B5F5A6A1198E2|CONFIG_ID=alpha_0p1_seed_999|EXPERIMENTAL_SEED=999|CLIENT_ID=23,2D997244D47CB4C2984BC217412DCEE8BCA5D48844C36240D06988F962AE28C1,3285783043091772610
alpha_0p1_seed_999,999,24,CICIoT2023_CLIENT_LOCAL_HASH_ORDER_V1|ASSIGNMENT_SET_SHA256=6161DDCA8874F3A079B3D61C19C62A0C1A60389ECFF2B2028E043FFC38B36E98|PREATTACK_IDENTITY_SHA256=81057E395366BA10088F4455897446945556325756CA18BBF39B5F5A6A1198E2|CONFIG_ID=alpha_0p1_seed_999|EXPERIMENTAL_SEED=999|CLIENT_ID=24,FDF79B7E5C0F636568E039D1D697CE45443EE445659997D73F87821C9987C746,18300266577855996773
alpha_0p1_seed_999,999,25,CICIoT2023_CLIENT_LOCAL_HASH_ORDER_V1|ASSIGNMENT_SET_SHA256=6161DDCA8874F3A079B3D61C19C62A0C1A60389ECFF2B2028E043FFC38B36E98|PREATTACK_IDENTITY_SHA256=81057E395366BA10088F4455897446945556325756CA18BBF39B5F5A6A1198E2|CONFIG_ID=alpha_0p1_seed_999|EXPERIMENTAL_SEED=999|CLIENT_ID=25,87A32D53DFF6EB7C7AB983D3408477274F266EAEEE062FBE6E6F6A82282A35A7,9773705454587145084
alpha_0p1_seed_999,999,26,CICIoT2023_CLIENT_LOCAL_HASH_ORDER_V1|ASSIGNMENT_SET_SHA256=6161DDCA8874F3A079B3D61C19C62A0C1A60389ECFF2B2028E043FFC38B36E98|PREATTACK_IDENTITY_SHA256=81057E395366BA10088F4455897446945556325756CA18BBF39B5F5A6A1198E2|CONFIG_ID=alpha_0p1_seed_999|EXPERIMENTAL_SEED=999|CLIENT_ID=26,F5E838D9608DD3C0E1CE6E718964ED3312D11F439851FB1CAA833B9A9BFC32E4,17719475240168182720
alpha_0p1_seed_999,999,27,CICIoT2023_CLIENT_LOCAL_HASH_ORDER_V1|ASSIGNMENT_SET_SHA256=6161DDCA8874F3A079B3D61C19C62A0C1A60389ECFF2B2028E043FFC38B36E98|PREATTACK_IDENTITY_SHA256=81057E395366BA10088F4455897446945556325756CA18BBF39B5F5A6A1198E2|CONFIG_ID=alpha_0p1_seed_999|EXPERIMENTAL_SEED=999|CLIENT_ID=27,190890359DBB8C830E612A3D173853515731DBD454D9FCDADC551D25A4210722,1803850210715864195
alpha_0p1_seed_999,999,28,CICIoT2023_CLIENT_LOCAL_HASH_ORDER_V1|ASSIGNMENT_SET_SHA256=6161DDCA8874F3A079B3D61C19C62A0C1A60389ECFF2B2028E043FFC38B36E98|PREATTACK_IDENTITY_SHA256=81057E395366BA10088F4455897446945556325756CA18BBF39B5F5A6A1198E2|CONFIG_ID=alpha_0p1_seed_999|EXPERIMENTAL_SEED=999|CLIENT_ID=28,461B04F7D4893954A0A6372020A19AD388CF93C5F0D107980B9AE374498996EB,5051636869495339348
alpha_0p1_seed_999,999,29,CICIoT2023_CLIENT_LOCAL_HASH_ORDER_V1|ASSIGNMENT_SET_SHA256=6161DDCA8874F3A079B3D61C19C62A0C1A60389ECFF2B2028E043FFC38B36E98|PREATTACK_IDENTITY_SHA256=81057E395366BA10088F4455897446945556325756CA18BBF39B5F5A6A1198E2|CONFIG_ID=alpha_0p1_seed_999|EXPERIMENTAL_SEED=999|CLIENT_ID=29,D1B8947C990ED03EB763793CBC5D977FE248A97CAE3D6492BA7056790934770C,15111991812506439742
alpha_1p0_seed_123,123,0,CICIoT2023_CLIENT_LOCAL_HASH_ORDER_V1|ASSIGNMENT_SET_SHA256=6161DDCA8874F3A079B3D61C19C62A0C1A60389ECFF2B2028E043FFC38B36E98|PREATTACK_IDENTITY_SHA256=81057E395366BA10088F4455897446945556325756CA18BBF39B5F5A6A1198E2|CONFIG_ID=alpha_1p0_seed_123|EXPERIMENTAL_SEED=123|CLIENT_ID=0,DC88E3EFFC7264BC99AF2756FF77264A2DF849C2FC667B2BFEEC4443971C4F40,15891201905048839356
alpha_1p0_seed_123,123,1,CICIoT2023_CLIENT_LOCAL_HASH_ORDER_V1|ASSIGNMENT_SET_SHA256=6161DDCA8874F3A079B3D61C19C62A0C1A60389ECFF2B2028E043FFC38B36E98|PREATTACK_IDENTITY_SHA256=81057E395366BA10088F4455897446945556325756CA18BBF39B5F5A6A1198E2|CONFIG_ID=alpha_1p0_seed_123|EXPERIMENTAL_SEED=123|CLIENT_ID=1,723AB7931E25A84963B0B276F5A8872F6D63696309C41DDA5E1F9AB866BEFD00,8231093111466862665
alpha_1p0_seed_123,123,2,CICIoT2023_CLIENT_LOCAL_HASH_ORDER_V1|ASSIGNMENT_SET_SHA256=6161DDCA8874F3A079B3D61C19C62A0C1A60389ECFF2B2028E043FFC38B36E98|PREATTACK_IDENTITY_SHA256=81057E395366BA10088F4455897446945556325756CA18BBF39B5F5A6A1198E2|CONFIG_ID=alpha_1p0_seed_123|EXPERIMENTAL_SEED=123|CLIENT_ID=2,25AE2D0733E0EAEFD842B8A732BAA4037CCE066DF2223DB2B7ABEED2C49B2420,2715157134309386991
alpha_1p0_seed_123,123,3,CICIoT2023_CLIENT_LOCAL_HASH_ORDER_V1|ASSIGNMENT_SET_SHA256=6161DDCA8874F3A079B3D61C19C62A0C1A60389ECFF2B2028E043FFC38B36E98|PREATTACK_IDENTITY_SHA256=81057E395366BA10088F4455897446945556325756CA18BBF39B5F5A6A1198E2|CONFIG_ID=alpha_1p0_seed_123|EXPERIMENTAL_SEED=123|CLIENT_ID=3,6DB04CE018DA65B432F89E343D13E01B298B7A955C722694222D9174B5769571,7903901871408571828
alpha_1p0_seed_123,123,4,CICIoT2023_CLIENT_LOCAL_HASH_ORDER_V1|ASSIGNMENT_SET_SHA256=6161DDCA8874F3A079B3D61C19C62A0C1A60389ECFF2B2028E043FFC38B36E98|PREATTACK_IDENTITY_SHA256=81057E395366BA10088F4455897446945556325756CA18BBF39B5F5A6A1198E2|CONFIG_ID=alpha_1p0_seed_123|EXPERIMENTAL_SEED=123|CLIENT_ID=4,17DCE58E12D0C4C546409E215A9122417AD0E02510B7115A43949918310A3A02,1719501556112475333
alpha_1p0_seed_123,123,5,CICIoT2023_CLIENT_LOCAL_HASH_ORDER_V1|ASSIGNMENT_SET_SHA256=6161DDCA8874F3A079B3D61C19C62A0C1A60389ECFF2B2028E043FFC38B36E98|PREATTACK_IDENTITY_SHA256=81057E395366BA10088F4455897446945556325756CA18BBF39B5F5A6A1198E2|CONFIG_ID=alpha_1p0_seed_123|EXPERIMENTAL_SEED=123|CLIENT_ID=5,4C97D12E649701188B5ABEA9FC0FBE3807AB363A724D90019CDB262D42F54C74,5519109865552150808
alpha_1p0_seed_123,123,6,CICIoT2023_CLIENT_LOCAL_HASH_ORDER_V1|ASSIGNMENT_SET_SHA256=6161DDCA8874F3A079B3D61C19C62A0C1A60389ECFF2B2028E043FFC38B36E98|PREATTACK_IDENTITY_SHA256=81057E395366BA10088F4455897446945556325756CA18BBF39B5F5A6A1198E2|CONFIG_ID=alpha_1p0_seed_123|EXPERIMENTAL_SEED=123|CLIENT_ID=6,9224F0DD6D2E4C60D11815D70F84B4D9D233F761373FDAFFB3D71C36E0544E03,10530806662509251680
alpha_1p0_seed_123,123,7,CICIoT2023_CLIENT_LOCAL_HASH_ORDER_V1|ASSIGNMENT_SET_SHA256=6161DDCA8874F3A079B3D61C19C62A0C1A60389ECFF2B2028E043FFC38B36E98|PREATTACK_IDENTITY_SHA256=81057E395366BA10088F4455897446945556325756CA18BBF39B5F5A6A1198E2|CONFIG_ID=alpha_1p0_seed_123|EXPERIMENTAL_SEED=123|CLIENT_ID=7,60D3E65E97ECA46D9B8E3E864667327EC5307909EA0D5C0E55D9D3ED884403EE,6977173541677212781
alpha_1p0_seed_123,123,8,CICIoT2023_CLIENT_LOCAL_HASH_ORDER_V1|ASSIGNMENT_SET_SHA256=6161DDCA8874F3A079B3D61C19C62A0C1A60389ECFF2B2028E043FFC38B36E98|PREATTACK_IDENTITY_SHA256=81057E395366BA10088F4455897446945556325756CA18BBF39B5F5A6A1198E2|CONFIG_ID=alpha_1p0_seed_123|EXPERIMENTAL_SEED=123|CLIENT_ID=8,7129D09F1E98F6F1A65556C29F2731E79EF69464C13FB510042CE64514004BBD,8154277982162712305
alpha_1p0_seed_123,123,9,CICIoT2023_CLIENT_LOCAL_HASH_ORDER_V1|ASSIGNMENT_SET_SHA256=6161DDCA8874F3A079B3D61C19C62A0C1A60389ECFF2B2028E043FFC38B36E98|PREATTACK_IDENTITY_SHA256=81057E395366BA10088F4455897446945556325756CA18BBF39B5F5A6A1198E2|CONFIG_ID=alpha_1p0_seed_123|EXPERIMENTAL_SEED=123|CLIENT_ID=9,8BD2DE788CD8CA600CAD2003E5DA24CC81C81E9FF137FC672EE49A133DD3B18C,10075359925721680480
alpha_1p0_seed_123,123,10,CICIoT2023_CLIENT_LOCAL_HASH_ORDER_V1|ASSIGNMENT_SET_SHA256=6161DDCA8874F3A079B3D61C19C62A0C1A60389ECFF2B2028E043FFC38B36E98|PREATTACK_IDENTITY_SHA256=81057E395366BA10088F4455897446945556325756CA18BBF39B5F5A6A1198E2|CONFIG_ID=alpha_1p0_seed_123|EXPERIMENTAL_SEED=123|CLIENT_ID=10,BE99F1899177905C83DF18888B7B37844C1230696DDA5BB7AA00A7772D0D0C88,13734274111796383836
alpha_1p0_seed_123,123,11,CICIoT2023_CLIENT_LOCAL_HASH_ORDER_V1|ASSIGNMENT_SET_SHA256=6161DDCA8874F3A079B3D61C19C62A0C1A60389ECFF2B2028E043FFC38B36E98|PREATTACK_IDENTITY_SHA256=81057E395366BA10088F4455897446945556325756CA18BBF39B5F5A6A1198E2|CONFIG_ID=alpha_1p0_seed_123|EXPERIMENTAL_SEED=123|CLIENT_ID=11,ED4ED571A465EE55E0159DA60BF85EC29C909DF249DCFE883FE16E4078126705,17099839519238516309
alpha_1p0_seed_123,123,12,CICIoT2023_CLIENT_LOCAL_HASH_ORDER_V1|ASSIGNMENT_SET_SHA256=6161DDCA8874F3A079B3D61C19C62A0C1A60389ECFF2B2028E043FFC38B36E98|PREATTACK_IDENTITY_SHA256=81057E395366BA10088F4455897446945556325756CA18BBF39B5F5A6A1198E2|CONFIG_ID=alpha_1p0_seed_123|EXPERIMENTAL_SEED=123|CLIENT_ID=12,AD9B62FD33FED993972B99438A85D2A7208E5D632F7A17FB06082C12F1540772,12509701229590272403
alpha_1p0_seed_123,123,13,CICIoT2023_CLIENT_LOCAL_HASH_ORDER_V1|ASSIGNMENT_SET_SHA256=6161DDCA8874F3A079B3D61C19C62A0C1A60389ECFF2B2028E043FFC38B36E98|PREATTACK_IDENTITY_SHA256=81057E395366BA10088F4455897446945556325756CA18BBF39B5F5A6A1198E2|CONFIG_ID=alpha_1p0_seed_123|EXPERIMENTAL_SEED=123|CLIENT_ID=13,0C55C9E148CE55D72C6A6179AB8C4975382B0210F50C516302FC03DF1205CF7E,888838470901847511
alpha_1p0_seed_123,123,14,CICIoT2023_CLIENT_LOCAL_HASH_ORDER_V1|ASSIGNMENT_SET_SHA256=6161DDCA8874F3A079B3D61C19C62A0C1A60389ECFF2B2028E043FFC38B36E98|PREATTACK_IDENTITY_SHA256=81057E395366BA10088F4455897446945556325756CA18BBF39B5F5A6A1198E2|CONFIG_ID=alpha_1p0_seed_123|EXPERIMENTAL_SEED=123|CLIENT_ID=14,76096C5209C25B76C36ECAF875D6FA846ADB84550AB18A404C575732E1A372BC,8505448470872742774
alpha_1p0_seed_123,123,15,CICIoT2023_CLIENT_LOCAL_HASH_ORDER_V1|ASSIGNMENT_SET_SHA256=6161DDCA8874F3A079B3D61C19C62A0C1A60389ECFF2B2028E043FFC38B36E98|PREATTACK_IDENTITY_SHA256=81057E395366BA10088F4455897446945556325756CA18BBF39B5F5A6A1198E2|CONFIG_ID=alpha_1p0_seed_123|EXPERIMENTAL_SEED=123|CLIENT_ID=15,5CBE7709AB8419BC818816502BB27BB2880610A6760387C4A587EFDFD8CA6AC9,6682909780480367036
alpha_1p0_seed_123,123,16,CICIoT2023_CLIENT_LOCAL_HASH_ORDER_V1|ASSIGNMENT_SET_SHA256=6161DDCA8874F3A079B3D61C19C62A0C1A60389ECFF2B2028E043FFC38B36E98|PREATTACK_IDENTITY_SHA256=81057E395366BA10088F4455897446945556325756CA18BBF39B5F5A6A1198E2|CONFIG_ID=alpha_1p0_seed_123|EXPERIMENTAL_SEED=123|CLIENT_ID=16,39BDCA3B10CD2B818FFC6D6D7DA7A1A93F9EEDC69AEE05828F6E720FE5EC24FA,4160703985793969025
alpha_1p0_seed_123,123,17,CICIoT2023_CLIENT_LOCAL_HASH_ORDER_V1|ASSIGNMENT_SET_SHA256=6161DDCA8874F3A079B3D61C19C62A0C1A60389ECFF2B2028E043FFC38B36E98|PREATTACK_IDENTITY_SHA256=81057E395366BA10088F4455897446945556325756CA18BBF39B5F5A6A1198E2|CONFIG_ID=alpha_1p0_seed_123|EXPERIMENTAL_SEED=123|CLIENT_ID=17,C3AE31C47A419CDA3B4962EFFAB3722D6E1DB5940E728C83C533B7424FD9B182,14100262203278073050
alpha_1p0_seed_123,123,18,CICIoT2023_CLIENT_LOCAL_HASH_ORDER_V1|ASSIGNMENT_SET_SHA256=6161DDCA8874F3A079B3D61C19C62A0C1A60389ECFF2B2028E043FFC38B36E98|PREATTACK_IDENTITY_SHA256=81057E395366BA10088F4455897446945556325756CA18BBF39B5F5A6A1198E2|CONFIG_ID=alpha_1p0_seed_123|EXPERIMENTAL_SEED=123|CLIENT_ID=18,C427CCB17E32F27D5A83428D90C39C26BCDA354C9991780FA06D8398FC6D3798,14134491018224136829
alpha_1p0_seed_123,123,19,CICIoT2023_CLIENT_LOCAL_HASH_ORDER_V1|ASSIGNMENT_SET_SHA256=6161DDCA8874F3A079B3D61C19C62A0C1A60389ECFF2B2028E043FFC38B36E98|PREATTACK_IDENTITY_SHA256=81057E395366BA10088F4455897446945556325756CA18BBF39B5F5A6A1198E2|CONFIG_ID=alpha_1p0_seed_123|EXPERIMENTAL_SEED=123|CLIENT_ID=19,6782D1EE21FA58E47D038A2854ABFF9FB8010111ECC214E7539280C2E4DD288B,7458754753581439204
alpha_1p0_seed_123,123,20,CICIoT2023_CLIENT_LOCAL_HASH_ORDER_V1|ASSIGNMENT_SET_SHA256=6161DDCA8874F3A079B3D61C19C62A0C1A60389ECFF2B2028E043FFC38B36E98|PREATTACK_IDENTITY_SHA256=81057E395366BA10088F4455897446945556325756CA18BBF39B5F5A6A1198E2|CONFIG_ID=alpha_1p0_seed_123|EXPERIMENTAL_SEED=123|CLIENT_ID=20,CFDE3D4B0128F4BA67215A9D8DF56C591AD9CDE75162777F9541DD0083EFF21D,14978476803032151226
alpha_1p0_seed_123,123,21,CICIoT2023_CLIENT_LOCAL_HASH_ORDER_V1|ASSIGNMENT_SET_SHA256=6161DDCA8874F3A079B3D61C19C62A0C1A60389ECFF2B2028E043FFC38B36E98|PREATTACK_IDENTITY_SHA256=81057E395366BA10088F4455897446945556325756CA18BBF39B5F5A6A1198E2|CONFIG_ID=alpha_1p0_seed_123|EXPERIMENTAL_SEED=123|CLIENT_ID=21,685B9B11C7F9179BA4D3DB8700BE59FE45EE156BB2011A09ED2DC984EC9C8A74,7519774503496914843
alpha_1p0_seed_123,123,22,CICIoT2023_CLIENT_LOCAL_HASH_ORDER_V1|ASSIGNMENT_SET_SHA256=6161DDCA8874F3A079B3D61C19C62A0C1A60389ECFF2B2028E043FFC38B36E98|PREATTACK_IDENTITY_SHA256=81057E395366BA10088F4455897446945556325756CA18BBF39B5F5A6A1198E2|CONFIG_ID=alpha_1p0_seed_123|EXPERIMENTAL_SEED=123|CLIENT_ID=22,F8C6FBAB41E1A16F6A2FC5E0C7DA1AC8D060F2890CF488E4094090CD4773074E,17926292079758123375
alpha_1p0_seed_123,123,23,CICIoT2023_CLIENT_LOCAL_HASH_ORDER_V1|ASSIGNMENT_SET_SHA256=6161DDCA8874F3A079B3D61C19C62A0C1A60389ECFF2B2028E043FFC38B36E98|PREATTACK_IDENTITY_SHA256=81057E395366BA10088F4455897446945556325756CA18BBF39B5F5A6A1198E2|CONFIG_ID=alpha_1p0_seed_123|EXPERIMENTAL_SEED=123|CLIENT_ID=23,A7D81FD10430E00FBE75884A0AF5C868CD49348BB6E25C5F0F70E6EF986FA12A,12094451781882404879
alpha_1p0_seed_123,123,24,CICIoT2023_CLIENT_LOCAL_HASH_ORDER_V1|ASSIGNMENT_SET_SHA256=6161DDCA8874F3A079B3D61C19C62A0C1A60389ECFF2B2028E043FFC38B36E98|PREATTACK_IDENTITY_SHA256=81057E395366BA10088F4455897446945556325756CA18BBF39B5F5A6A1198E2|CONFIG_ID=alpha_1p0_seed_123|EXPERIMENTAL_SEED=123|CLIENT_ID=24,8ED5C29E435B222A54D859875C64C4FD7D050E57004628CC7F9A11307FFC59C5,10292346508415803946
alpha_1p0_seed_123,123,25,CICIoT2023_CLIENT_LOCAL_HASH_ORDER_V1|ASSIGNMENT_SET_SHA256=6161DDCA8874F3A079B3D61C19C62A0C1A60389ECFF2B2028E043FFC38B36E98|PREATTACK_IDENTITY_SHA256=81057E395366BA10088F4455897446945556325756CA18BBF39B5F5A6A1198E2|CONFIG_ID=alpha_1p0_seed_123|EXPERIMENTAL_SEED=123|CLIENT_ID=25,9FA909BC76ABC30FAD463DB752C44D1D7EE08B98D5B3F2C310B16F2D2F8093A6,11504737428144112399
alpha_1p0_seed_123,123,26,CICIoT2023_CLIENT_LOCAL_HASH_ORDER_V1|ASSIGNMENT_SET_SHA256=6161DDCA8874F3A079B3D61C19C62A0C1A60389ECFF2B2028E043FFC38B36E98|PREATTACK_IDENTITY_SHA256=81057E395366BA10088F4455897446945556325756CA18BBF39B5F5A6A1198E2|CONFIG_ID=alpha_1p0_seed_123|EXPERIMENTAL_SEED=123|CLIENT_ID=26,534529F8DCEABB52283AB7BEFFE011908E0C395559FA7147673E3CDA91A7E38C,6000248227376053074
alpha_1p0_seed_123,123,27,CICIoT2023_CLIENT_LOCAL_HASH_ORDER_V1|ASSIGNMENT_SET_SHA256=6161DDCA8874F3A079B3D61C19C62A0C1A60389ECFF2B2028E043FFC38B36E98|PREATTACK_IDENTITY_SHA256=81057E395366BA10088F4455897446945556325756CA18BBF39B5F5A6A1198E2|CONFIG_ID=alpha_1p0_seed_123|EXPERIMENTAL_SEED=123|CLIENT_ID=27,7AFE4218BE7ADF28AE08377890E8B7C63D1BF87B34FC690892855C4F761CEA31,8862593790754086696
alpha_1p0_seed_123,123,28,CICIoT2023_CLIENT_LOCAL_HASH_ORDER_V1|ASSIGNMENT_SET_SHA256=6161DDCA8874F3A079B3D61C19C62A0C1A60389ECFF2B2028E043FFC38B36E98|PREATTACK_IDENTITY_SHA256=81057E395366BA10088F4455897446945556325756CA18BBF39B5F5A6A1198E2|CONFIG_ID=alpha_1p0_seed_123|EXPERIMENTAL_SEED=123|CLIENT_ID=28,247FE0ECABC8FCCA0FD9B2C0D9FA8FFF7FF7C2AD4AAC68421BE792FA097E1416,2630068014506638538
alpha_1p0_seed_123,123,29,CICIoT2023_CLIENT_LOCAL_HASH_ORDER_V1|ASSIGNMENT_SET_SHA256=6161DDCA8874F3A079B3D61C19C62A0C1A60389ECFF2B2028E043FFC38B36E98|PREATTACK_IDENTITY_SHA256=81057E395366BA10088F4455897446945556325756CA18BBF39B5F5A6A1198E2|CONFIG_ID=alpha_1p0_seed_123|EXPERIMENTAL_SEED=123|CLIENT_ID=29,E20EF35437AE6C2F45746B2BCD2F7F7E16175F457A69FB9EB7746D5CE0DF4FDB,16289224445282642991
alpha_1p0_seed_42,42,0,CICIoT2023_CLIENT_LOCAL_HASH_ORDER_V1|ASSIGNMENT_SET_SHA256=6161DDCA8874F3A079B3D61C19C62A0C1A60389ECFF2B2028E043FFC38B36E98|PREATTACK_IDENTITY_SHA256=81057E395366BA10088F4455897446945556325756CA18BBF39B5F5A6A1198E2|CONFIG_ID=alpha_1p0_seed_42|EXPERIMENTAL_SEED=42|CLIENT_ID=0,1B39BF520CBE9FD6C1E24DF1F17E79A449A8343C8DFAD76D9EDB01E7C0133889,1961809471818604502
alpha_1p0_seed_42,42,1,CICIoT2023_CLIENT_LOCAL_HASH_ORDER_V1|ASSIGNMENT_SET_SHA256=6161DDCA8874F3A079B3D61C19C62A0C1A60389ECFF2B2028E043FFC38B36E98|PREATTACK_IDENTITY_SHA256=81057E395366BA10088F4455897446945556325756CA18BBF39B5F5A6A1198E2|CONFIG_ID=alpha_1p0_seed_42|EXPERIMENTAL_SEED=42|CLIENT_ID=1,0135EB3AD8FF7B4BCA0571B49E78CE6994A3A7C655D918502E48FCA27DD3AC8C,87234405784845131
alpha_1p0_seed_42,42,2,CICIoT2023_CLIENT_LOCAL_HASH_ORDER_V1|ASSIGNMENT_SET_SHA256=6161DDCA8874F3A079B3D61C19C62A0C1A60389ECFF2B2028E043FFC38B36E98|PREATTACK_IDENTITY_SHA256=81057E395366BA10088F4455897446945556325756CA18BBF39B5F5A6A1198E2|CONFIG_ID=alpha_1p0_seed_42|EXPERIMENTAL_SEED=42|CLIENT_ID=2,0BB6C866568F48B92C63A7E40C074B6C5A646B1B7F320A742A748FB32A02BB23,844082322042996921
alpha_1p0_seed_42,42,3,CICIoT2023_CLIENT_LOCAL_HASH_ORDER_V1|ASSIGNMENT_SET_SHA256=6161DDCA8874F3A079B3D61C19C62A0C1A60389ECFF2B2028E043FFC38B36E98|PREATTACK_IDENTITY_SHA256=81057E395366BA10088F4455897446945556325756CA18BBF39B5F5A6A1198E2|CONFIG_ID=alpha_1p0_seed_42|EXPERIMENTAL_SEED=42|CLIENT_ID=3,EF1290C0344E373B55580A27402ACD076B910EF5E8C2C1B3DB746FB80E22A771,17226990679831230267
alpha_1p0_seed_42,42,4,CICIoT2023_CLIENT_LOCAL_HASH_ORDER_V1|ASSIGNMENT_SET_SHA256=6161DDCA8874F3A079B3D61C19C62A0C1A60389ECFF2B2028E043FFC38B36E98|PREATTACK_IDENTITY_SHA256=81057E395366BA10088F4455897446945556325756CA18BBF39B5F5A6A1198E2|CONFIG_ID=alpha_1p0_seed_42|EXPERIMENTAL_SEED=42|CLIENT_ID=4,6EBA522B30F7AF50E7B1C00BBD9C453B0031E18C114815159D6DCCE3110D20C8,7978780035298864976
alpha_1p0_seed_42,42,5,CICIoT2023_CLIENT_LOCAL_HASH_ORDER_V1|ASSIGNMENT_SET_SHA256=6161DDCA8874F3A079B3D61C19C62A0C1A60389ECFF2B2028E043FFC38B36E98|PREATTACK_IDENTITY_SHA256=81057E395366BA10088F4455897446945556325756CA18BBF39B5F5A6A1198E2|CONFIG_ID=alpha_1p0_seed_42|EXPERIMENTAL_SEED=42|CLIENT_ID=5,CD50F30F37BB8DB91A837A33A7A754F84AA20DF552F9F067B640AA8CFFDA2677,14794592022597176761
alpha_1p0_seed_42,42,6,CICIoT2023_CLIENT_LOCAL_HASH_ORDER_V1|ASSIGNMENT_SET_SHA256=6161DDCA8874F3A079B3D61C19C62A0C1A60389ECFF2B2028E043FFC38B36E98|PREATTACK_IDENTITY_SHA256=81057E395366BA10088F4455897446945556325756CA18BBF39B5F5A6A1198E2|CONFIG_ID=alpha_1p0_seed_42|EXPERIMENTAL_SEED=42|CLIENT_ID=6,CBE6D6663129836762856A0BFBBC6A6D9E9FF6DEFF9A171F1E7340EE901AF438,14692666568742634343
alpha_1p0_seed_42,42,7,CICIoT2023_CLIENT_LOCAL_HASH_ORDER_V1|ASSIGNMENT_SET_SHA256=6161DDCA8874F3A079B3D61C19C62A0C1A60389ECFF2B2028E043FFC38B36E98|PREATTACK_IDENTITY_SHA256=81057E395366BA10088F4455897446945556325756CA18BBF39B5F5A6A1198E2|CONFIG_ID=alpha_1p0_seed_42|EXPERIMENTAL_SEED=42|CLIENT_ID=7,9AE513BBCB336F95CC7D2C7C186B6A4D4400F3CBC5C667F8D18825C3D17EB245,11161348948796600213
alpha_1p0_seed_42,42,8,CICIoT2023_CLIENT_LOCAL_HASH_ORDER_V1|ASSIGNMENT_SET_SHA256=6161DDCA8874F3A079B3D61C19C62A0C1A60389ECFF2B2028E043FFC38B36E98|PREATTACK_IDENTITY_SHA256=81057E395366BA10088F4455897446945556325756CA18BBF39B5F5A6A1198E2|CONFIG_ID=alpha_1p0_seed_42|EXPERIMENTAL_SEED=42|CLIENT_ID=8,6393FB7A943E6F042853F3D1DBA488D7A401C7198182127894FC349121867D00,7175355135223033604
alpha_1p0_seed_42,42,9,CICIoT2023_CLIENT_LOCAL_HASH_ORDER_V1|ASSIGNMENT_SET_SHA256=6161DDCA8874F3A079B3D61C19C62A0C1A60389ECFF2B2028E043FFC38B36E98|PREATTACK_IDENTITY_SHA256=81057E395366BA10088F4455897446945556325756CA18BBF39B5F5A6A1198E2|CONFIG_ID=alpha_1p0_seed_42|EXPERIMENTAL_SEED=42|CLIENT_ID=9,854CA9F90F3559ED941BAD41460B29A4C3D8BC8DC0E2063D9EAC6A0174FB3DE1,9605238992441530861
alpha_1p0_seed_42,42,10,CICIoT2023_CLIENT_LOCAL_HASH_ORDER_V1|ASSIGNMENT_SET_SHA256=6161DDCA8874F3A079B3D61C19C62A0C1A60389ECFF2B2028E043FFC38B36E98|PREATTACK_IDENTITY_SHA256=81057E395366BA10088F4455897446945556325756CA18BBF39B5F5A6A1198E2|CONFIG_ID=alpha_1p0_seed_42|EXPERIMENTAL_SEED=42|CLIENT_ID=10,9D835026627309C0C3ADF816700AE594CAF309497E083F61FA523A022890720C,11350003611694467520
alpha_1p0_seed_42,42,11,CICIoT2023_CLIENT_LOCAL_HASH_ORDER_V1|ASSIGNMENT_SET_SHA256=6161DDCA8874F3A079B3D61C19C62A0C1A60389ECFF2B2028E043FFC38B36E98|PREATTACK_IDENTITY_SHA256=81057E395366BA10088F4455897446945556325756CA18BBF39B5F5A6A1198E2|CONFIG_ID=alpha_1p0_seed_42|EXPERIMENTAL_SEED=42|CLIENT_ID=11,5BA0152D8B5E3B66845ABACC266176ABDA06022CD494CBEE12FA191ED3CC5D2E,6602300339081067366
alpha_1p0_seed_42,42,12,CICIoT2023_CLIENT_LOCAL_HASH_ORDER_V1|ASSIGNMENT_SET_SHA256=6161DDCA8874F3A079B3D61C19C62A0C1A60389ECFF2B2028E043FFC38B36E98|PREATTACK_IDENTITY_SHA256=81057E395366BA10088F4455897446945556325756CA18BBF39B5F5A6A1198E2|CONFIG_ID=alpha_1p0_seed_42|EXPERIMENTAL_SEED=42|CLIENT_ID=12,16203899ABB815372EBD16314FD59105C7CF07A8B9440F82C8C6A6CC3BA80DB6,1594336500751275319
alpha_1p0_seed_42,42,13,CICIoT2023_CLIENT_LOCAL_HASH_ORDER_V1|ASSIGNMENT_SET_SHA256=6161DDCA8874F3A079B3D61C19C62A0C1A60389ECFF2B2028E043FFC38B36E98|PREATTACK_IDENTITY_SHA256=81057E395366BA10088F4455897446945556325756CA18BBF39B5F5A6A1198E2|CONFIG_ID=alpha_1p0_seed_42|EXPERIMENTAL_SEED=42|CLIENT_ID=13,52F896A6C411BB66E9185A5318D49C7A63066CB179E7ED13A16DBCD8FA91FD47,5978694148332567398
alpha_1p0_seed_42,42,14,CICIoT2023_CLIENT_LOCAL_HASH_ORDER_V1|ASSIGNMENT_SET_SHA256=6161DDCA8874F3A079B3D61C19C62A0C1A60389ECFF2B2028E043FFC38B36E98|PREATTACK_IDENTITY_SHA256=81057E395366BA10088F4455897446945556325756CA18BBF39B5F5A6A1198E2|CONFIG_ID=alpha_1p0_seed_42|EXPERIMENTAL_SEED=42|CLIENT_ID=14,98E5FB02896AC86E208800EE297B2E83AE72E0C39EA6FF79A55D38A49D336368,11017488051745769582
alpha_1p0_seed_42,42,15,CICIoT2023_CLIENT_LOCAL_HASH_ORDER_V1|ASSIGNMENT_SET_SHA256=6161DDCA8874F3A079B3D61C19C62A0C1A60389ECFF2B2028E043FFC38B36E98|PREATTACK_IDENTITY_SHA256=81057E395366BA10088F4455897446945556325756CA18BBF39B5F5A6A1198E2|CONFIG_ID=alpha_1p0_seed_42|EXPERIMENTAL_SEED=42|CLIENT_ID=15,7B8A04785DAE7D84B08E7F10C33F52B063DC80BCE11B65303577E7483963514E,8901932528465509764
alpha_1p0_seed_42,42,16,CICIoT2023_CLIENT_LOCAL_HASH_ORDER_V1|ASSIGNMENT_SET_SHA256=6161DDCA8874F3A079B3D61C19C62A0C1A60389ECFF2B2028E043FFC38B36E98|PREATTACK_IDENTITY_SHA256=81057E395366BA10088F4455897446945556325756CA18BBF39B5F5A6A1198E2|CONFIG_ID=alpha_1p0_seed_42|EXPERIMENTAL_SEED=42|CLIENT_ID=16,10D89233E255BFCE66BF1CB7109258527B02DCC4EFC9F06580B0D9CD6AB58B13,1213880851114606542
alpha_1p0_seed_42,42,17,CICIoT2023_CLIENT_LOCAL_HASH_ORDER_V1|ASSIGNMENT_SET_SHA256=6161DDCA8874F3A079B3D61C19C62A0C1A60389ECFF2B2028E043FFC38B36E98|PREATTACK_IDENTITY_SHA256=81057E395366BA10088F4455897446945556325756CA18BBF39B5F5A6A1198E2|CONFIG_ID=alpha_1p0_seed_42|EXPERIMENTAL_SEED=42|CLIENT_ID=17,EC4391E5AD7FA42D9709B2440F61EFDADDB8FBE2D4BFCDDAB4CF1016F6CE7333,17024611432034968621
alpha_1p0_seed_42,42,18,CICIoT2023_CLIENT_LOCAL_HASH_ORDER_V1|ASSIGNMENT_SET_SHA256=6161DDCA8874F3A079B3D61C19C62A0C1A60389ECFF2B2028E043FFC38B36E98|PREATTACK_IDENTITY_SHA256=81057E395366BA10088F4455897446945556325756CA18BBF39B5F5A6A1198E2|CONFIG_ID=alpha_1p0_seed_42|EXPERIMENTAL_SEED=42|CLIENT_ID=18,1446EA29AEC9521BCCEDF23EC347FA0DC07528B66159592039FB267BF3FCAADF,1461112593875292699
alpha_1p0_seed_42,42,19,CICIoT2023_CLIENT_LOCAL_HASH_ORDER_V1|ASSIGNMENT_SET_SHA256=6161DDCA8874F3A079B3D61C19C62A0C1A60389ECFF2B2028E043FFC38B36E98|PREATTACK_IDENTITY_SHA256=81057E395366BA10088F4455897446945556325756CA18BBF39B5F5A6A1198E2|CONFIG_ID=alpha_1p0_seed_42|EXPERIMENTAL_SEED=42|CLIENT_ID=19,873089E7382982AD9FD3C31F7458A772DBDF63BADF425B608B7F08044F87307B,9741437620175078061
alpha_1p0_seed_42,42,20,CICIoT2023_CLIENT_LOCAL_HASH_ORDER_V1|ASSIGNMENT_SET_SHA256=6161DDCA8874F3A079B3D61C19C62A0C1A60389ECFF2B2028E043FFC38B36E98|PREATTACK_IDENTITY_SHA256=81057E395366BA10088F4455897446945556325756CA18BBF39B5F5A6A1198E2|CONFIG_ID=alpha_1p0_seed_42|EXPERIMENTAL_SEED=42|CLIENT_ID=20,D2E8826884FC3BF7B0DCC0867EB2027E1D3FBBE85FC63137C1BE0CCFCE195228,15197540327981071351
alpha_1p0_seed_42,42,21,CICIoT2023_CLIENT_LOCAL_HASH_ORDER_V1|ASSIGNMENT_SET_SHA256=6161DDCA8874F3A079B3D61C19C62A0C1A60389ECFF2B2028E043FFC38B36E98|PREATTACK_IDENTITY_SHA256=81057E395366BA10088F4455897446945556325756CA18BBF39B5F5A6A1198E2|CONFIG_ID=alpha_1p0_seed_42|EXPERIMENTAL_SEED=42|CLIENT_ID=21,60EF8B8283C782AE934994166C13FA8CA1EBC852B2614769E005801E96AB2F8A,6984954939747828398
alpha_1p0_seed_42,42,22,CICIoT2023_CLIENT_LOCAL_HASH_ORDER_V1|ASSIGNMENT_SET_SHA256=6161DDCA8874F3A079B3D61C19C62A0C1A60389ECFF2B2028E043FFC38B36E98|PREATTACK_IDENTITY_SHA256=81057E395366BA10088F4455897446945556325756CA18BBF39B5F5A6A1198E2|CONFIG_ID=alpha_1p0_seed_42|EXPERIMENTAL_SEED=42|CLIENT_ID=22,E957A54F3FE611A4A18AD3F2F7B1C8F69BDDCA80D4F8A78ADE84FA22AD3088A8,16814089493604077988
alpha_1p0_seed_42,42,23,CICIoT2023_CLIENT_LOCAL_HASH_ORDER_V1|ASSIGNMENT_SET_SHA256=6161DDCA8874F3A079B3D61C19C62A0C1A60389ECFF2B2028E043FFC38B36E98|PREATTACK_IDENTITY_SHA256=81057E395366BA10088F4455897446945556325756CA18BBF39B5F5A6A1198E2|CONFIG_ID=alpha_1p0_seed_42|EXPERIMENTAL_SEED=42|CLIENT_ID=23,0FF96D4DD829D099E1C76F4AF6170AFF79FC5A05BA27AE42BC2B3EACEDB50987,1151071360876400793
alpha_1p0_seed_42,42,24,CICIoT2023_CLIENT_LOCAL_HASH_ORDER_V1|ASSIGNMENT_SET_SHA256=6161DDCA8874F3A079B3D61C19C62A0C1A60389ECFF2B2028E043FFC38B36E98|PREATTACK_IDENTITY_SHA256=81057E395366BA10088F4455897446945556325756CA18BBF39B5F5A6A1198E2|CONFIG_ID=alpha_1p0_seed_42|EXPERIMENTAL_SEED=42|CLIENT_ID=24,190C1FBA33E3CA932853ACDB03E5434D6A6BF7E349582DB17EAABB24E91AF1A5,1804852435263670931
alpha_1p0_seed_42,42,25,CICIoT2023_CLIENT_LOCAL_HASH_ORDER_V1|ASSIGNMENT_SET_SHA256=6161DDCA8874F3A079B3D61C19C62A0C1A60389ECFF2B2028E043FFC38B36E98|PREATTACK_IDENTITY_SHA256=81057E395366BA10088F4455897446945556325756CA18BBF39B5F5A6A1198E2|CONFIG_ID=alpha_1p0_seed_42|EXPERIMENTAL_SEED=42|CLIENT_ID=25,0AEEBC0197EBF8352C45CE20C10D8D09DFCEF9CC7D61108C467B541D9DA01C40,787773699866228789
alpha_1p0_seed_42,42,26,CICIoT2023_CLIENT_LOCAL_HASH_ORDER_V1|ASSIGNMENT_SET_SHA256=6161DDCA8874F3A079B3D61C19C62A0C1A60389ECFF2B2028E043FFC38B36E98|PREATTACK_IDENTITY_SHA256=81057E395366BA10088F4455897446945556325756CA18BBF39B5F5A6A1198E2|CONFIG_ID=alpha_1p0_seed_42|EXPERIMENTAL_SEED=42|CLIENT_ID=26,7B943538A0D8A060D4CB5D8008919936A6CAE5FE8119857036C4DF7E7C49F49B,8904800880551305312
alpha_1p0_seed_42,42,27,CICIoT2023_CLIENT_LOCAL_HASH_ORDER_V1|ASSIGNMENT_SET_SHA256=6161DDCA8874F3A079B3D61C19C62A0C1A60389ECFF2B2028E043FFC38B36E98|PREATTACK_IDENTITY_SHA256=81057E395366BA10088F4455897446945556325756CA18BBF39B5F5A6A1198E2|CONFIG_ID=alpha_1p0_seed_42|EXPERIMENTAL_SEED=42|CLIENT_ID=27,C19810A7846F418AC97D498EE8A209C601E0346FD7281DAD84966ACF6558E041,13949918157447577994
alpha_1p0_seed_42,42,28,CICIoT2023_CLIENT_LOCAL_HASH_ORDER_V1|ASSIGNMENT_SET_SHA256=6161DDCA8874F3A079B3D61C19C62A0C1A60389ECFF2B2028E043FFC38B36E98|PREATTACK_IDENTITY_SHA256=81057E395366BA10088F4455897446945556325756CA18BBF39B5F5A6A1198E2|CONFIG_ID=alpha_1p0_seed_42|EXPERIMENTAL_SEED=42|CLIENT_ID=28,A94E59B2AC767D3757E0D608AFE290741EAC3102D62D1CAA594CDEA87C7C5613,12199787064525749559
alpha_1p0_seed_42,42,29,CICIoT2023_CLIENT_LOCAL_HASH_ORDER_V1|ASSIGNMENT_SET_SHA256=6161DDCA8874F3A079B3D61C19C62A0C1A60389ECFF2B2028E043FFC38B36E98|PREATTACK_IDENTITY_SHA256=81057E395366BA10088F4455897446945556325756CA18BBF39B5F5A6A1198E2|CONFIG_ID=alpha_1p0_seed_42|EXPERIMENTAL_SEED=42|CLIENT_ID=29,24EA372970900CD44747A90ED36B3CB89CD1B3930F28E7DFAB658B94770603B9,2659999181037374676
alpha_1p0_seed_456,456,0,CICIoT2023_CLIENT_LOCAL_HASH_ORDER_V1|ASSIGNMENT_SET_SHA256=6161DDCA8874F3A079B3D61C19C62A0C1A60389ECFF2B2028E043FFC38B36E98|PREATTACK_IDENTITY_SHA256=81057E395366BA10088F4455897446945556325756CA18BBF39B5F5A6A1198E2|CONFIG_ID=alpha_1p0_seed_456|EXPERIMENTAL_SEED=456|CLIENT_ID=0,CAAFD180420D612EAB2B06198E93706D88584261AE441722ADF92B3A596F1CBA,14605122465380000046
alpha_1p0_seed_456,456,1,CICIoT2023_CLIENT_LOCAL_HASH_ORDER_V1|ASSIGNMENT_SET_SHA256=6161DDCA8874F3A079B3D61C19C62A0C1A60389ECFF2B2028E043FFC38B36E98|PREATTACK_IDENTITY_SHA256=81057E395366BA10088F4455897446945556325756CA18BBF39B5F5A6A1198E2|CONFIG_ID=alpha_1p0_seed_456|EXPERIMENTAL_SEED=456|CLIENT_ID=1,CE480FCAA6B94D8217D597734525CF01E19CEF33CFE7339502FA9D302886C6DE,14864147933191294338
alpha_1p0_seed_456,456,2,CICIoT2023_CLIENT_LOCAL_HASH_ORDER_V1|ASSIGNMENT_SET_SHA256=6161DDCA8874F3A079B3D61C19C62A0C1A60389ECFF2B2028E043FFC38B36E98|PREATTACK_IDENTITY_SHA256=81057E395366BA10088F4455897446945556325756CA18BBF39B5F5A6A1198E2|CONFIG_ID=alpha_1p0_seed_456|EXPERIMENTAL_SEED=456|CLIENT_ID=2,F1BF1CF87F1BE9DBE6584255706EDE3FB0772364FCCFA5B48C9DB6901FD819E6,17419673737302370779
alpha_1p0_seed_456,456,3,CICIoT2023_CLIENT_LOCAL_HASH_ORDER_V1|ASSIGNMENT_SET_SHA256=6161DDCA8874F3A079B3D61C19C62A0C1A60389ECFF2B2028E043FFC38B36E98|PREATTACK_IDENTITY_SHA256=81057E395366BA10088F4455897446945556325756CA18BBF39B5F5A6A1198E2|CONFIG_ID=alpha_1p0_seed_456|EXPERIMENTAL_SEED=456|CLIENT_ID=3,F5DBA0DADC6A2F39CC9C095C2C1CC831A865D661D45E51EF6091911FCFD181F0,17715930421053239097
alpha_1p0_seed_456,456,4,CICIoT2023_CLIENT_LOCAL_HASH_ORDER_V1|ASSIGNMENT_SET_SHA256=6161DDCA8874F3A079B3D61C19C62A0C1A60389ECFF2B2028E043FFC38B36E98|PREATTACK_IDENTITY_SHA256=81057E395366BA10088F4455897446945556325756CA18BBF39B5F5A6A1198E2|CONFIG_ID=alpha_1p0_seed_456|EXPERIMENTAL_SEED=456|CLIENT_ID=4,F4FC8947D2256D0752B12C9BCC754CAD2617C71CB6E22D8075E9FD3E2624971B,17653135580946853127
alpha_1p0_seed_456,456,5,CICIoT2023_CLIENT_LOCAL_HASH_ORDER_V1|ASSIGNMENT_SET_SHA256=6161DDCA8874F3A079B3D61C19C62A0C1A60389ECFF2B2028E043FFC38B36E98|PREATTACK_IDENTITY_SHA256=81057E395366BA10088F4455897446945556325756CA18BBF39B5F5A6A1198E2|CONFIG_ID=alpha_1p0_seed_456|EXPERIMENTAL_SEED=456|CLIENT_ID=5,3EA8CE60B78312DD953891319A0DB673AB027895BB7E928EF2A42D30EDB517A4,4515085541229925085
alpha_1p0_seed_456,456,6,CICIoT2023_CLIENT_LOCAL_HASH_ORDER_V1|ASSIGNMENT_SET_SHA256=6161DDCA8874F3A079B3D61C19C62A0C1A60389ECFF2B2028E043FFC38B36E98|PREATTACK_IDENTITY_SHA256=81057E395366BA10088F4455897446945556325756CA18BBF39B5F5A6A1198E2|CONFIG_ID=alpha_1p0_seed_456|EXPERIMENTAL_SEED=456|CLIENT_ID=6,B72455B2E52B2DDE4165AEDD1DB1EDD116DE366832054323973444594F9431FB,13196767034939747806
alpha_1p0_seed_456,456,7,CICIoT2023_CLIENT_LOCAL_HASH_ORDER_V1|ASSIGNMENT_SET_SHA256=6161DDCA8874F3A079B3D61C19C62A0C1A60389ECFF2B2028E043FFC38B36E98|PREATTACK_IDENTITY_SHA256=81057E395366BA10088F4455897446945556325756CA18BBF39B5F5A6A1198E2|CONFIG_ID=alpha_1p0_seed_456|EXPERIMENTAL_SEED=456|CLIENT_ID=7,3156F35A94C322D4A15E0D30964999E313FC2DC598A181F473BD7C434F57A9B6,3555296526224007892
alpha_1p0_seed_456,456,8,CICIoT2023_CLIENT_LOCAL_HASH_ORDER_V1|ASSIGNMENT_SET_SHA256=6161DDCA8874F3A079B3D61C19C62A0C1A60389ECFF2B2028E043FFC38B36E98|PREATTACK_IDENTITY_SHA256=81057E395366BA10088F4455897446945556325756CA18BBF39B5F5A6A1198E2|CONFIG_ID=alpha_1p0_seed_456|EXPERIMENTAL_SEED=456|CLIENT_ID=8,8493FF77EE8746CD54413A8EE9CF85D5511CCAB7DD5975B3A9F1E4DBE5CC5B2A,9553260125150987981
alpha_1p0_seed_456,456,9,CICIoT2023_CLIENT_LOCAL_HASH_ORDER_V1|ASSIGNMENT_SET_SHA256=6161DDCA8874F3A079B3D61C19C62A0C1A60389ECFF2B2028E043FFC38B36E98|PREATTACK_IDENTITY_SHA256=81057E395366BA10088F4455897446945556325756CA18BBF39B5F5A6A1198E2|CONFIG_ID=alpha_1p0_seed_456|EXPERIMENTAL_SEED=456|CLIENT_ID=9,F692E9A27E74B96384B4B83F333A467A1D1D41488BCAD31E60A12FEB81B05554,17767520364045580643
alpha_1p0_seed_456,456,10,CICIoT2023_CLIENT_LOCAL_HASH_ORDER_V1|ASSIGNMENT_SET_SHA256=6161DDCA8874F3A079B3D61C19C62A0C1A60389ECFF2B2028E043FFC38B36E98|PREATTACK_IDENTITY_SHA256=81057E395366BA10088F4455897446945556325756CA18BBF39B5F5A6A1198E2|CONFIG_ID=alpha_1p0_seed_456|EXPERIMENTAL_SEED=456|CLIENT_ID=10,1651F8E83E4FD1DA8058449EED888BB3FC31E459EA688F4581F5AC07728298B8,1608340218309497306
alpha_1p0_seed_456,456,11,CICIoT2023_CLIENT_LOCAL_HASH_ORDER_V1|ASSIGNMENT_SET_SHA256=6161DDCA8874F3A079B3D61C19C62A0C1A60389ECFF2B2028E043FFC38B36E98|PREATTACK_IDENTITY_SHA256=81057E395366BA10088F4455897446945556325756CA18BBF39B5F5A6A1198E2|CONFIG_ID=alpha_1p0_seed_456|EXPERIMENTAL_SEED=456|CLIENT_ID=11,5ABDB80AC01FBA60EAC4CB102F45830B9D780B90DC90FD5D651F7D599C7F40F4,6538584590324316768
alpha_1p0_seed_456,456,12,CICIoT2023_CLIENT_LOCAL_HASH_ORDER_V1|ASSIGNMENT_SET_SHA256=6161DDCA8874F3A079B3D61C19C62A0C1A60389ECFF2B2028E043FFC38B36E98|PREATTACK_IDENTITY_SHA256=81057E395366BA10088F4455897446945556325756CA18BBF39B5F5A6A1198E2|CONFIG_ID=alpha_1p0_seed_456|EXPERIMENTAL_SEED=456|CLIENT_ID=12,ED76590DF7E24E5A2D8D8AB2A24964566BC95AA55922E32E08B6F63004A2942C,17110961750769028698
alpha_1p0_seed_456,456,13,CICIoT2023_CLIENT_LOCAL_HASH_ORDER_V1|ASSIGNMENT_SET_SHA256=6161DDCA8874F3A079B3D61C19C62A0C1A60389ECFF2B2028E043FFC38B36E98|PREATTACK_IDENTITY_SHA256=81057E395366BA10088F4455897446945556325756CA18BBF39B5F5A6A1198E2|CONFIG_ID=alpha_1p0_seed_456|EXPERIMENTAL_SEED=456|CLIENT_ID=13,A42C60AAC27980E7EA5A01C65BE5BD57894BC8D83CE523B35BACCC94E78B2B3A,11829936607718899943
alpha_1p0_seed_456,456,14,CICIoT2023_CLIENT_LOCAL_HASH_ORDER_V1|ASSIGNMENT_SET_SHA256=6161DDCA8874F3A079B3D61C19C62A0C1A60389ECFF2B2028E043FFC38B36E98|PREATTACK_IDENTITY_SHA256=81057E395366BA10088F4455897446945556325756CA18BBF39B5F5A6A1198E2|CONFIG_ID=alpha_1p0_seed_456|EXPERIMENTAL_SEED=456|CLIENT_ID=14,5B861FEC05FAB04F3EAB77658BE2870F52DD01D2E2BC4C357C8F446DA750597B,6594993802903728207
alpha_1p0_seed_456,456,15,CICIoT2023_CLIENT_LOCAL_HASH_ORDER_V1|ASSIGNMENT_SET_SHA256=6161DDCA8874F3A079B3D61C19C62A0C1A60389ECFF2B2028E043FFC38B36E98|PREATTACK_IDENTITY_SHA256=81057E395366BA10088F4455897446945556325756CA18BBF39B5F5A6A1198E2|CONFIG_ID=alpha_1p0_seed_456|EXPERIMENTAL_SEED=456|CLIENT_ID=15,2C9BC322A84AE5CE6CFDC041ABB03B18DA82F7CB68938759761B266C87BEAC62,3214377312678766030
alpha_1p0_seed_456,456,16,CICIoT2023_CLIENT_LOCAL_HASH_ORDER_V1|ASSIGNMENT_SET_SHA256=6161DDCA8874F3A079B3D61C19C62A0C1A60389ECFF2B2028E043FFC38B36E98|PREATTACK_IDENTITY_SHA256=81057E395366BA10088F4455897446945556325756CA18BBF39B5F5A6A1198E2|CONFIG_ID=alpha_1p0_seed_456|EXPERIMENTAL_SEED=456|CLIENT_ID=16,226D2AFC17A9B5B04AAE27E4AF521717EEFD782C63850B3CCEC810CBBF684EF9,2480686231968134576
alpha_1p0_seed_456,456,17,CICIoT2023_CLIENT_LOCAL_HASH_ORDER_V1|ASSIGNMENT_SET_SHA256=6161DDCA8874F3A079B3D61C19C62A0C1A60389ECFF2B2028E043FFC38B36E98|PREATTACK_IDENTITY_SHA256=81057E395366BA10088F4455897446945556325756CA18BBF39B5F5A6A1198E2|CONFIG_ID=alpha_1p0_seed_456|EXPERIMENTAL_SEED=456|CLIENT_ID=17,502B82A7CDAB3FF270E4E11918BF5EB44858F723C302A64A91456711021A2263,5776854604254494706
alpha_1p0_seed_456,456,18,CICIoT2023_CLIENT_LOCAL_HASH_ORDER_V1|ASSIGNMENT_SET_SHA256=6161DDCA8874F3A079B3D61C19C62A0C1A60389ECFF2B2028E043FFC38B36E98|PREATTACK_IDENTITY_SHA256=81057E395366BA10088F4455897446945556325756CA18BBF39B5F5A6A1198E2|CONFIG_ID=alpha_1p0_seed_456|EXPERIMENTAL_SEED=456|CLIENT_ID=18,A1A4B6A38242708DD11D5F5507869625976450088574FA5B1E18B7FEBCAE165A,11647635349668262029
alpha_1p0_seed_456,456,19,CICIoT2023_CLIENT_LOCAL_HASH_ORDER_V1|ASSIGNMENT_SET_SHA256=6161DDCA8874F3A079B3D61C19C62A0C1A60389ECFF2B2028E043FFC38B36E98|PREATTACK_IDENTITY_SHA256=81057E395366BA10088F4455897446945556325756CA18BBF39B5F5A6A1198E2|CONFIG_ID=alpha_1p0_seed_456|EXPERIMENTAL_SEED=456|CLIENT_ID=19,8E3D7FEC43A6AE88627A7857E6FB05FB1BEB46C0969816D724B839246BD6E2C5,10249488979689123464
alpha_1p0_seed_456,456,20,CICIoT2023_CLIENT_LOCAL_HASH_ORDER_V1|ASSIGNMENT_SET_SHA256=6161DDCA8874F3A079B3D61C19C62A0C1A60389ECFF2B2028E043FFC38B36E98|PREATTACK_IDENTITY_SHA256=81057E395366BA10088F4455897446945556325756CA18BBF39B5F5A6A1198E2|CONFIG_ID=alpha_1p0_seed_456|EXPERIMENTAL_SEED=456|CLIENT_ID=20,B853C55C1482F5C1FA902FEB40EDFA02EC07D042985EFD2C8B5696005450894F,13282176725317514689
alpha_1p0_seed_456,456,21,CICIoT2023_CLIENT_LOCAL_HASH_ORDER_V1|ASSIGNMENT_SET_SHA256=6161DDCA8874F3A079B3D61C19C62A0C1A60389ECFF2B2028E043FFC38B36E98|PREATTACK_IDENTITY_SHA256=81057E395366BA10088F4455897446945556325756CA18BBF39B5F5A6A1198E2|CONFIG_ID=alpha_1p0_seed_456|EXPERIMENTAL_SEED=456|CLIENT_ID=21,11D45F32DAEE8AA6C43F260F897871CF650B4E24DB1A33D673B82EA81811D60A,1284756465733503654
alpha_1p0_seed_456,456,22,CICIoT2023_CLIENT_LOCAL_HASH_ORDER_V1|ASSIGNMENT_SET_SHA256=6161DDCA8874F3A079B3D61C19C62A0C1A60389ECFF2B2028E043FFC38B36E98|PREATTACK_IDENTITY_SHA256=81057E395366BA10088F4455897446945556325756CA18BBF39B5F5A6A1198E2|CONFIG_ID=alpha_1p0_seed_456|EXPERIMENTAL_SEED=456|CLIENT_ID=22,B1642C4077E275BD50316E9B817D9CAA186610F49E3F8A7821FEA9AD01FF6323,12782390297785169341
alpha_1p0_seed_456,456,23,CICIoT2023_CLIENT_LOCAL_HASH_ORDER_V1|ASSIGNMENT_SET_SHA256=6161DDCA8874F3A079B3D61C19C62A0C1A60389ECFF2B2028E043FFC38B36E98|PREATTACK_IDENTITY_SHA256=81057E395366BA10088F4455897446945556325756CA18BBF39B5F5A6A1198E2|CONFIG_ID=alpha_1p0_seed_456|EXPERIMENTAL_SEED=456|CLIENT_ID=23,3322D8301D7E2FFBBE21827EC52793FEE370612A79F0FB601A511F51AA279800,3684745146307325947
alpha_1p0_seed_456,456,24,CICIoT2023_CLIENT_LOCAL_HASH_ORDER_V1|ASSIGNMENT_SET_SHA256=6161DDCA8874F3A079B3D61C19C62A0C1A60389ECFF2B2028E043FFC38B36E98|PREATTACK_IDENTITY_SHA256=81057E395366BA10088F4455897446945556325756CA18BBF39B5F5A6A1198E2|CONFIG_ID=alpha_1p0_seed_456|EXPERIMENTAL_SEED=456|CLIENT_ID=24,D4B06AD72D99176CD240D6DE6B723261BCEB9AB3DF1C401E0BB88E184FAA2F24,15325867004357318508
alpha_1p0_seed_456,456,25,CICIoT2023_CLIENT_LOCAL_HASH_ORDER_V1|ASSIGNMENT_SET_SHA256=6161DDCA8874F3A079B3D61C19C62A0C1A60389ECFF2B2028E043FFC38B36E98|PREATTACK_IDENTITY_SHA256=81057E395366BA10088F4455897446945556325756CA18BBF39B5F5A6A1198E2|CONFIG_ID=alpha_1p0_seed_456|EXPERIMENTAL_SEED=456|CLIENT_ID=25,E3531CE62393186B4E2ED466053E4314921BF2FA7462B147679B28B6CF68C879,16380468044441524331
alpha_1p0_seed_456,456,26,CICIoT2023_CLIENT_LOCAL_HASH_ORDER_V1|ASSIGNMENT_SET_SHA256=6161DDCA8874F3A079B3D61C19C62A0C1A60389ECFF2B2028E043FFC38B36E98|PREATTACK_IDENTITY_SHA256=81057E395366BA10088F4455897446945556325756CA18BBF39B5F5A6A1198E2|CONFIG_ID=alpha_1p0_seed_456|EXPERIMENTAL_SEED=456|CLIENT_ID=26,258AF890BCE12BFA24862C431B4D6A1240B2E094592121FC13A4471217BF5531,2705247826717256698
alpha_1p0_seed_456,456,27,CICIoT2023_CLIENT_LOCAL_HASH_ORDER_V1|ASSIGNMENT_SET_SHA256=6161DDCA8874F3A079B3D61C19C62A0C1A60389ECFF2B2028E043FFC38B36E98|PREATTACK_IDENTITY_SHA256=81057E395366BA10088F4455897446945556325756CA18BBF39B5F5A6A1198E2|CONFIG_ID=alpha_1p0_seed_456|EXPERIMENTAL_SEED=456|CLIENT_ID=27,A318C9CF30D6321639CD2F789CCD890CBFFD57749258E2F3A492053A4C660888,11752365119338066454
alpha_1p0_seed_456,456,28,CICIoT2023_CLIENT_LOCAL_HASH_ORDER_V1|ASSIGNMENT_SET_SHA256=6161DDCA8874F3A079B3D61C19C62A0C1A60389ECFF2B2028E043FFC38B36E98|PREATTACK_IDENTITY_SHA256=81057E395366BA10088F4455897446945556325756CA18BBF39B5F5A6A1198E2|CONFIG_ID=alpha_1p0_seed_456|EXPERIMENTAL_SEED=456|CLIENT_ID=28,BB8B5274BBB2E6C4FD6EF83E50B5D8AEF7B74A45F93E64E4469852636054A3E6,13513985768174053060
alpha_1p0_seed_456,456,29,CICIoT2023_CLIENT_LOCAL_HASH_ORDER_V1|ASSIGNMENT_SET_SHA256=6161DDCA8874F3A079B3D61C19C62A0C1A60389ECFF2B2028E043FFC38B36E98|PREATTACK_IDENTITY_SHA256=81057E395366BA10088F4455897446945556325756CA18BBF39B5F5A6A1198E2|CONFIG_ID=alpha_1p0_seed_456|EXPERIMENTAL_SEED=456|CLIENT_ID=29,81A92ABEEF5683303CD004EB960C1F0E3CE7142C9A4492A7F4C7529D3AED7BDD,9343045901504381744
alpha_1p0_seed_789,789,0,CICIoT2023_CLIENT_LOCAL_HASH_ORDER_V1|ASSIGNMENT_SET_SHA256=6161DDCA8874F3A079B3D61C19C62A0C1A60389ECFF2B2028E043FFC38B36E98|PREATTACK_IDENTITY_SHA256=81057E395366BA10088F4455897446945556325756CA18BBF39B5F5A6A1198E2|CONFIG_ID=alpha_1p0_seed_789|EXPERIMENTAL_SEED=789|CLIENT_ID=0,77AACE9E9A1596295EF91669A44ABFD3BE966B36533D60120E3A32DB7254B856,8622931617139496489
alpha_1p0_seed_789,789,1,CICIoT2023_CLIENT_LOCAL_HASH_ORDER_V1|ASSIGNMENT_SET_SHA256=6161DDCA8874F3A079B3D61C19C62A0C1A60389ECFF2B2028E043FFC38B36E98|PREATTACK_IDENTITY_SHA256=81057E395366BA10088F4455897446945556325756CA18BBF39B5F5A6A1198E2|CONFIG_ID=alpha_1p0_seed_789|EXPERIMENTAL_SEED=789|CLIENT_ID=1,4A31371BC2B5B34F995769D0B0FBAFF2AA8E462F827B2C83B2A8750EADB1D03E,5346114825035821903
alpha_1p0_seed_789,789,2,CICIoT2023_CLIENT_LOCAL_HASH_ORDER_V1|ASSIGNMENT_SET_SHA256=6161DDCA8874F3A079B3D61C19C62A0C1A60389ECFF2B2028E043FFC38B36E98|PREATTACK_IDENTITY_SHA256=81057E395366BA10088F4455897446945556325756CA18BBF39B5F5A6A1198E2|CONFIG_ID=alpha_1p0_seed_789|EXPERIMENTAL_SEED=789|CLIENT_ID=2,DC9F9B144BAB2A20B69F906AE970494A27DDA467271754138523EB8AA8610F71,15897595721112300064
alpha_1p0_seed_789,789,3,CICIoT2023_CLIENT_LOCAL_HASH_ORDER_V1|ASSIGNMENT_SET_SHA256=6161DDCA8874F3A079B3D61C19C62A0C1A60389ECFF2B2028E043FFC38B36E98|PREATTACK_IDENTITY_SHA256=81057E395366BA10088F4455897446945556325756CA18BBF39B5F5A6A1198E2|CONFIG_ID=alpha_1p0_seed_789|EXPERIMENTAL_SEED=789|CLIENT_ID=3,BFD20B45BD0FA2E696E933BF3ED589C45E8E9E656CDC52F793D527B54080CE9B,13822122600506041062
alpha_1p0_seed_789,789,4,CICIoT2023_CLIENT_LOCAL_HASH_ORDER_V1|ASSIGNMENT_SET_SHA256=6161DDCA8874F3A079B3D61C19C62A0C1A60389ECFF2B2028E043FFC38B36E98|PREATTACK_IDENTITY_SHA256=81057E395366BA10088F4455897446945556325756CA18BBF39B5F5A6A1198E2|CONFIG_ID=alpha_1p0_seed_789|EXPERIMENTAL_SEED=789|CLIENT_ID=4,00510FECA069179EDD8081AA3D180D0533A4B61F297987113D4DCE4EA3571446,22816982091503518
alpha_1p0_seed_789,789,5,CICIoT2023_CLIENT_LOCAL_HASH_ORDER_V1|ASSIGNMENT_SET_SHA256=6161DDCA8874F3A079B3D61C19C62A0C1A60389ECFF2B2028E043FFC38B36E98|PREATTACK_IDENTITY_SHA256=81057E395366BA10088F4455897446945556325756CA18BBF39B5F5A6A1198E2|CONFIG_ID=alpha_1p0_seed_789|EXPERIMENTAL_SEED=789|CLIENT_ID=5,10C96FA46A3635906A8B9FF076C9CA94AE66497E94C54E934F3B8F716C5867AF,1209620726872946064
alpha_1p0_seed_789,789,6,CICIoT2023_CLIENT_LOCAL_HASH_ORDER_V1|ASSIGNMENT_SET_SHA256=6161DDCA8874F3A079B3D61C19C62A0C1A60389ECFF2B2028E043FFC38B36E98|PREATTACK_IDENTITY_SHA256=81057E395366BA10088F4455897446945556325756CA18BBF39B5F5A6A1198E2|CONFIG_ID=alpha_1p0_seed_789|EXPERIMENTAL_SEED=789|CLIENT_ID=6,89C217A4B56D7A5C02CF3ACEE32AAF5A5717CBC463E7779B3E49AE3AE6E87398,9926522524863920732
alpha_1p0_seed_789,789,7,CICIoT2023_CLIENT_LOCAL_HASH_ORDER_V1|ASSIGNMENT_SET_SHA256=6161DDCA8874F3A079B3D61C19C62A0C1A60389ECFF2B2028E043FFC38B36E98|PREATTACK_IDENTITY_SHA256=81057E395366BA10088F4455897446945556325756CA18BBF39B5F5A6A1198E2|CONFIG_ID=alpha_1p0_seed_789|EXPERIMENTAL_SEED=789|CLIENT_ID=7,73E259F9734A7DA08BA7C148EB747315AA0807A8E458DD8BA77F16E89E21E6AF,8350335587014311328
alpha_1p0_seed_789,789,8,CICIoT2023_CLIENT_LOCAL_HASH_ORDER_V1|ASSIGNMENT_SET_SHA256=6161DDCA8874F3A079B3D61C19C62A0C1A60389ECFF2B2028E043FFC38B36E98|PREATTACK_IDENTITY_SHA256=81057E395366BA10088F4455897446945556325756CA18BBF39B5F5A6A1198E2|CONFIG_ID=alpha_1p0_seed_789|EXPERIMENTAL_SEED=789|CLIENT_ID=8,DAC9A9EF474D333FAB19806E04C99828857398A950767ED432882BEE75ACAF12,15765318815745651519
alpha_1p0_seed_789,789,9,CICIoT2023_CLIENT_LOCAL_HASH_ORDER_V1|ASSIGNMENT_SET_SHA256=6161DDCA8874F3A079B3D61C19C62A0C1A60389ECFF2B2028E043FFC38B36E98|PREATTACK_IDENTITY_SHA256=81057E395366BA10088F4455897446945556325756CA18BBF39B5F5A6A1198E2|CONFIG_ID=alpha_1p0_seed_789|EXPERIMENTAL_SEED=789|CLIENT_ID=9,6A63E07FDEF31FFA90D1FED834938E604D959AE2C74F67B1A9F6E99F8F56B75F,7666217830520659962
alpha_1p0_seed_789,789,10,CICIoT2023_CLIENT_LOCAL_HASH_ORDER_V1|ASSIGNMENT_SET_SHA256=6161DDCA8874F3A079B3D61C19C62A0C1A60389ECFF2B2028E043FFC38B36E98|PREATTACK_IDENTITY_SHA256=81057E395366BA10088F4455897446945556325756CA18BBF39B5F5A6A1198E2|CONFIG_ID=alpha_1p0_seed_789|EXPERIMENTAL_SEED=789|CLIENT_ID=10,5EF65523653AAAF1C4C97B02F3970D14F2580669AE45F475158DDCB6D13F316D,6842750294346607345
alpha_1p0_seed_789,789,11,CICIoT2023_CLIENT_LOCAL_HASH_ORDER_V1|ASSIGNMENT_SET_SHA256=6161DDCA8874F3A079B3D61C19C62A0C1A60389ECFF2B2028E043FFC38B36E98|PREATTACK_IDENTITY_SHA256=81057E395366BA10088F4455897446945556325756CA18BBF39B5F5A6A1198E2|CONFIG_ID=alpha_1p0_seed_789|EXPERIMENTAL_SEED=789|CLIENT_ID=11,48C0FBC96690ACD12145870EB3C1773EF3EA296D4DA123DACA2C599479456BBD,5242466808687013073
alpha_1p0_seed_789,789,12,CICIoT2023_CLIENT_LOCAL_HASH_ORDER_V1|ASSIGNMENT_SET_SHA256=6161DDCA8874F3A079B3D61C19C62A0C1A60389ECFF2B2028E043FFC38B36E98|PREATTACK_IDENTITY_SHA256=81057E395366BA10088F4455897446945556325756CA18BBF39B5F5A6A1198E2|CONFIG_ID=alpha_1p0_seed_789|EXPERIMENTAL_SEED=789|CLIENT_ID=12,6814F8E5ADF59AFFE3176906B934B969B1426D497549A3724B8B2669786BCCA5,7499892944828472063
alpha_1p0_seed_789,789,13,CICIoT2023_CLIENT_LOCAL_HASH_ORDER_V1|ASSIGNMENT_SET_SHA256=6161DDCA8874F3A079B3D61C19C62A0C1A60389ECFF2B2028E043FFC38B36E98|PREATTACK_IDENTITY_SHA256=81057E395366BA10088F4455897446945556325756CA18BBF39B5F5A6A1198E2|CONFIG_ID=alpha_1p0_seed_789|EXPERIMENTAL_SEED=789|CLIENT_ID=13,318B274DE10F794DBBA9FF7A1611F5B5662213E8F718A9D1E9BAE2E5252DA2C2,3569990345063102797
alpha_1p0_seed_789,789,14,CICIoT2023_CLIENT_LOCAL_HASH_ORDER_V1|ASSIGNMENT_SET_SHA256=6161DDCA8874F3A079B3D61C19C62A0C1A60389ECFF2B2028E043FFC38B36E98|PREATTACK_IDENTITY_SHA256=81057E395366BA10088F4455897446945556325756CA18BBF39B5F5A6A1198E2|CONFIG_ID=alpha_1p0_seed_789|EXPERIMENTAL_SEED=789|CLIENT_ID=14,2BC5B6412797FDD300135C40EC45AC038028E575C74973CFCDF9A1F389567707,3154127504996302291
alpha_1p0_seed_789,789,15,CICIoT2023_CLIENT_LOCAL_HASH_ORDER_V1|ASSIGNMENT_SET_SHA256=6161DDCA8874F3A079B3D61C19C62A0C1A60389ECFF2B2028E043FFC38B36E98|PREATTACK_IDENTITY_SHA256=81057E395366BA10088F4455897446945556325756CA18BBF39B5F5A6A1198E2|CONFIG_ID=alpha_1p0_seed_789|EXPERIMENTAL_SEED=789|CLIENT_ID=15,DBE10058FD3871C47915827AFF2D6861AC1FB9CE8304299645BA8DED67366F85,15843945346271572420
alpha_1p0_seed_789,789,16,CICIoT2023_CLIENT_LOCAL_HASH_ORDER_V1|ASSIGNMENT_SET_SHA256=6161DDCA8874F3A079B3D61C19C62A0C1A60389ECFF2B2028E043FFC38B36E98|PREATTACK_IDENTITY_SHA256=81057E395366BA10088F4455897446945556325756CA18BBF39B5F5A6A1198E2|CONFIG_ID=alpha_1p0_seed_789|EXPERIMENTAL_SEED=789|CLIENT_ID=16,3012B4B2C9FD13F42C7B2DBDAB2B5B5B0B6D970068661918CFC18FE5930770E6,3464029743387317236
alpha_1p0_seed_789,789,17,CICIoT2023_CLIENT_LOCAL_HASH_ORDER_V1|ASSIGNMENT_SET_SHA256=6161DDCA8874F3A079B3D61C19C62A0C1A60389ECFF2B2028E043FFC38B36E98|PREATTACK_IDENTITY_SHA256=81057E395366BA10088F4455897446945556325756CA18BBF39B5F5A6A1198E2|CONFIG_ID=alpha_1p0_seed_789|EXPERIMENTAL_SEED=789|CLIENT_ID=17,EA4D10AEB87E696AF604B7D8CD9A6E52B71D71765DBB6FF1C8E971C16A1200AE,16883168920687503722
alpha_1p0_seed_789,789,18,CICIoT2023_CLIENT_LOCAL_HASH_ORDER_V1|ASSIGNMENT_SET_SHA256=6161DDCA8874F3A079B3D61C19C62A0C1A60389ECFF2B2028E043FFC38B36E98|PREATTACK_IDENTITY_SHA256=81057E395366BA10088F4455897446945556325756CA18BBF39B5F5A6A1198E2|CONFIG_ID=alpha_1p0_seed_789|EXPERIMENTAL_SEED=789|CLIENT_ID=18,E34580C2323CE1F2CA18A48035EDC03883E8A9D80CB7B7452B2E441E38AD2248,16376637191557538290
alpha_1p0_seed_789,789,19,CICIoT2023_CLIENT_LOCAL_HASH_ORDER_V1|ASSIGNMENT_SET_SHA256=6161DDCA8874F3A079B3D61C19C62A0C1A60389ECFF2B2028E043FFC38B36E98|PREATTACK_IDENTITY_SHA256=81057E395366BA10088F4455897446945556325756CA18BBF39B5F5A6A1198E2|CONFIG_ID=alpha_1p0_seed_789|EXPERIMENTAL_SEED=789|CLIENT_ID=19,0A3302E9D294D60ABA88904C45CE61C4EBA6D0348F1EA796E83963822E9ED557,734934367475127818
alpha_1p0_seed_789,789,20,CICIoT2023_CLIENT_LOCAL_HASH_ORDER_V1|ASSIGNMENT_SET_SHA256=6161DDCA8874F3A079B3D61C19C62A0C1A60389ECFF2B2028E043FFC38B36E98|PREATTACK_IDENTITY_SHA256=81057E395366BA10088F4455897446945556325756CA18BBF39B5F5A6A1198E2|CONFIG_ID=alpha_1p0_seed_789|EXPERIMENTAL_SEED=789|CLIENT_ID=20,E21E93DF296095D7BBABB15C1C569F0ACAEE35361C8B91040B9C1E8033CF6799,16293623088554218967
alpha_1p0_seed_789,789,21,CICIoT2023_CLIENT_LOCAL_HASH_ORDER_V1|ASSIGNMENT_SET_SHA256=6161DDCA8874F3A079B3D61C19C62A0C1A60389ECFF2B2028E043FFC38B36E98|PREATTACK_IDENTITY_SHA256=81057E395366BA10088F4455897446945556325756CA18BBF39B5F5A6A1198E2|CONFIG_ID=alpha_1p0_seed_789|EXPERIMENTAL_SEED=789|CLIENT_ID=21,CBCD49634B74E8CD3D37324B834B7AD63D0011C40474A6701BAA8580D3EBEFED,14685474650741598413
alpha_1p0_seed_789,789,22,CICIoT2023_CLIENT_LOCAL_HASH_ORDER_V1|ASSIGNMENT_SET_SHA256=6161DDCA8874F3A079B3D61C19C62A0C1A60389ECFF2B2028E043FFC38B36E98|PREATTACK_IDENTITY_SHA256=81057E395366BA10088F4455897446945556325756CA18BBF39B5F5A6A1198E2|CONFIG_ID=alpha_1p0_seed_789|EXPERIMENTAL_SEED=789|CLIENT_ID=22,A5E1A0D2A25F84E37EC091537FE9295154C8FCD681EE0B8F63D885885D5B0C97,11953011712545752291
alpha_1p0_seed_789,789,23,CICIoT2023_CLIENT_LOCAL_HASH_ORDER_V1|ASSIGNMENT_SET_SHA256=6161DDCA8874F3A079B3D61C19C62A0C1A60389ECFF2B2028E043FFC38B36E98|PREATTACK_IDENTITY_SHA256=81057E395366BA10088F4455897446945556325756CA18BBF39B5F5A6A1198E2|CONFIG_ID=alpha_1p0_seed_789|EXPERIMENTAL_SEED=789|CLIENT_ID=23,CC1814E4A7C5FDFC325B4FC71D4AD44E5D74364DA94475F2A3AA8DDC481EB37B,14706527555478224380
alpha_1p0_seed_789,789,24,CICIoT2023_CLIENT_LOCAL_HASH_ORDER_V1|ASSIGNMENT_SET_SHA256=6161DDCA8874F3A079B3D61C19C62A0C1A60389ECFF2B2028E043FFC38B36E98|PREATTACK_IDENTITY_SHA256=81057E395366BA10088F4455897446945556325756CA18BBF39B5F5A6A1198E2|CONFIG_ID=alpha_1p0_seed_789|EXPERIMENTAL_SEED=789|CLIENT_ID=24,7B2C5256099E1B398F40EDDFEAB41D770EA9406F7C60C8D80268259FB43759E7,8875559495122426681
alpha_1p0_seed_789,789,25,CICIoT2023_CLIENT_LOCAL_HASH_ORDER_V1|ASSIGNMENT_SET_SHA256=6161DDCA8874F3A079B3D61C19C62A0C1A60389ECFF2B2028E043FFC38B36E98|PREATTACK_IDENTITY_SHA256=81057E395366BA10088F4455897446945556325756CA18BBF39B5F5A6A1198E2|CONFIG_ID=alpha_1p0_seed_789|EXPERIMENTAL_SEED=789|CLIENT_ID=25,1FD3CF7453E77CDFC68781CDC44A44BEFE500BABE2D9BE31E5047C11E40A38AB,2293404733792550111
alpha_1p0_seed_789,789,26,CICIoT2023_CLIENT_LOCAL_HASH_ORDER_V1|ASSIGNMENT_SET_SHA256=6161DDCA8874F3A079B3D61C19C62A0C1A60389ECFF2B2028E043FFC38B36E98|PREATTACK_IDENTITY_SHA256=81057E395366BA10088F4455897446945556325756CA18BBF39B5F5A6A1198E2|CONFIG_ID=alpha_1p0_seed_789|EXPERIMENTAL_SEED=789|CLIENT_ID=26,B21691B183267C9DEAD3C49771CB72DD152508862813E9244B78925E6A0C8C06,12832604379834383517
alpha_1p0_seed_789,789,27,CICIoT2023_CLIENT_LOCAL_HASH_ORDER_V1|ASSIGNMENT_SET_SHA256=6161DDCA8874F3A079B3D61C19C62A0C1A60389ECFF2B2028E043FFC38B36E98|PREATTACK_IDENTITY_SHA256=81057E395366BA10088F4455897446945556325756CA18BBF39B5F5A6A1198E2|CONFIG_ID=alpha_1p0_seed_789|EXPERIMENTAL_SEED=789|CLIENT_ID=27,2F88C270696A831A70F3E0495A8536A538558791044290E021D2CA2EFF2EB544,3425201304675975962
alpha_1p0_seed_789,789,28,CICIoT2023_CLIENT_LOCAL_HASH_ORDER_V1|ASSIGNMENT_SET_SHA256=6161DDCA8874F3A079B3D61C19C62A0C1A60389ECFF2B2028E043FFC38B36E98|PREATTACK_IDENTITY_SHA256=81057E395366BA10088F4455897446945556325756CA18BBF39B5F5A6A1198E2|CONFIG_ID=alpha_1p0_seed_789|EXPERIMENTAL_SEED=789|CLIENT_ID=28,E700228F61104207319FD4723BBBB0C533593028760C6F0358EF2EF95408BF38,16645342221965476359
alpha_1p0_seed_789,789,29,CICIoT2023_CLIENT_LOCAL_HASH_ORDER_V1|ASSIGNMENT_SET_SHA256=6161DDCA8874F3A079B3D61C19C62A0C1A60389ECFF2B2028E043FFC38B36E98|PREATTACK_IDENTITY_SHA256=81057E395366BA10088F4455897446945556325756CA18BBF39B5F5A6A1198E2|CONFIG_ID=alpha_1p0_seed_789|EXPERIMENTAL_SEED=789|CLIENT_ID=29,9C79A9415D3BE0B0FF855D703C29DDACB47333A234AC1F0F57F16446411384DB,11275229240300921008
alpha_1p0_seed_999,999,0,CICIoT2023_CLIENT_LOCAL_HASH_ORDER_V1|ASSIGNMENT_SET_SHA256=6161DDCA8874F3A079B3D61C19C62A0C1A60389ECFF2B2028E043FFC38B36E98|PREATTACK_IDENTITY_SHA256=81057E395366BA10088F4455897446945556325756CA18BBF39B5F5A6A1198E2|CONFIG_ID=alpha_1p0_seed_999|EXPERIMENTAL_SEED=999|CLIENT_ID=0,3F67382BC3BC2F61CFEF66827FC80F3E58F39824FAE5FAF5A02E8BBB5FC5F1B6,4568682107609296737
alpha_1p0_seed_999,999,1,CICIoT2023_CLIENT_LOCAL_HASH_ORDER_V1|ASSIGNMENT_SET_SHA256=6161DDCA8874F3A079B3D61C19C62A0C1A60389ECFF2B2028E043FFC38B36E98|PREATTACK_IDENTITY_SHA256=81057E395366BA10088F4455897446945556325756CA18BBF39B5F5A6A1198E2|CONFIG_ID=alpha_1p0_seed_999|EXPERIMENTAL_SEED=999|CLIENT_ID=1,154A643CDE68AF03226C9A1480E8E747537BB68826B3105AFE2104CBFB5EC726,1534148835665293059
alpha_1p0_seed_999,999,2,CICIoT2023_CLIENT_LOCAL_HASH_ORDER_V1|ASSIGNMENT_SET_SHA256=6161DDCA8874F3A079B3D61C19C62A0C1A60389ECFF2B2028E043FFC38B36E98|PREATTACK_IDENTITY_SHA256=81057E395366BA10088F4455897446945556325756CA18BBF39B5F5A6A1198E2|CONFIG_ID=alpha_1p0_seed_999|EXPERIMENTAL_SEED=999|CLIENT_ID=2,A4EAE3394EA3D57CCD6842960A5D32FCDEF4DCF4485AD8F7CB79035877F919CF,11883560402042475900
alpha_1p0_seed_999,999,3,CICIoT2023_CLIENT_LOCAL_HASH_ORDER_V1|ASSIGNMENT_SET_SHA256=6161DDCA8874F3A079B3D61C19C62A0C1A60389ECFF2B2028E043FFC38B36E98|PREATTACK_IDENTITY_SHA256=81057E395366BA10088F4455897446945556325756CA18BBF39B5F5A6A1198E2|CONFIG_ID=alpha_1p0_seed_999|EXPERIMENTAL_SEED=999|CLIENT_ID=3,7C72AD7D2DB38FB96DBB834C28365BC88ABE15D8A55585D96CF7F5658099ECA3,8967420561197338553
alpha_1p0_seed_999,999,4,CICIoT2023_CLIENT_LOCAL_HASH_ORDER_V1|ASSIGNMENT_SET_SHA256=6161DDCA8874F3A079B3D61C19C62A0C1A60389ECFF2B2028E043FFC38B36E98|PREATTACK_IDENTITY_SHA256=81057E395366BA10088F4455897446945556325756CA18BBF39B5F5A6A1198E2|CONFIG_ID=alpha_1p0_seed_999|EXPERIMENTAL_SEED=999|CLIENT_ID=4,5302414644EB5FCAB972868EA0491F4F260682F707C5C2AC6C45AEF484D1C203,5981415025161232330
alpha_1p0_seed_999,999,5,CICIoT2023_CLIENT_LOCAL_HASH_ORDER_V1|ASSIGNMENT_SET_SHA256=6161DDCA8874F3A079B3D61C19C62A0C1A60389ECFF2B2028E043FFC38B36E98|PREATTACK_IDENTITY_SHA256=81057E395366BA10088F4455897446945556325756CA18BBF39B5F5A6A1198E2|CONFIG_ID=alpha_1p0_seed_999|EXPERIMENTAL_SEED=999|CLIENT_ID=5,27B4FFD7B536018AA697B80F7EDBA132943E6E5EE1066DB52524DE2811FF18E1,2861192965210374538
alpha_1p0_seed_999,999,6,CICIoT2023_CLIENT_LOCAL_HASH_ORDER_V1|ASSIGNMENT_SET_SHA256=6161DDCA8874F3A079B3D61C19C62A0C1A60389ECFF2B2028E043FFC38B36E98|PREATTACK_IDENTITY_SHA256=81057E395366BA10088F4455897446945556325756CA18BBF39B5F5A6A1198E2|CONFIG_ID=alpha_1p0_seed_999|EXPERIMENTAL_SEED=999|CLIENT_ID=6,0F866CC97E54B8A0A496A6AFE6EAF75571652481711026B945925B2C4BA37608,1118701170111854752
alpha_1p0_seed_999,999,7,CICIoT2023_CLIENT_LOCAL_HASH_ORDER_V1|ASSIGNMENT_SET_SHA256=6161DDCA8874F3A079B3D61C19C62A0C1A60389ECFF2B2028E043FFC38B36E98|PREATTACK_IDENTITY_SHA256=81057E395366BA10088F4455897446945556325756CA18BBF39B5F5A6A1198E2|CONFIG_ID=alpha_1p0_seed_999|EXPERIMENTAL_SEED=999|CLIENT_ID=7,01ECBF1E60DE0C1C45C1662BF2ED3B394DDC09416EDBA6C9A87A93EE759D435A,138695825736731676
alpha_1p0_seed_999,999,8,CICIoT2023_CLIENT_LOCAL_HASH_ORDER_V1|ASSIGNMENT_SET_SHA256=6161DDCA8874F3A079B3D61C19C62A0C1A60389ECFF2B2028E043FFC38B36E98|PREATTACK_IDENTITY_SHA256=81057E395366BA10088F4455897446945556325756CA18BBF39B5F5A6A1198E2|CONFIG_ID=alpha_1p0_seed_999|EXPERIMENTAL_SEED=999|CLIENT_ID=8,5871E629EEE82F1FCD8BE79797C4D7BD4C190AA005E3349288A89BA614BF5C80,6373128015482203935
alpha_1p0_seed_999,999,9,CICIoT2023_CLIENT_LOCAL_HASH_ORDER_V1|ASSIGNMENT_SET_SHA256=6161DDCA8874F3A079B3D61C19C62A0C1A60389ECFF2B2028E043FFC38B36E98|PREATTACK_IDENTITY_SHA256=81057E395366BA10088F4455897446945556325756CA18BBF39B5F5A6A1198E2|CONFIG_ID=alpha_1p0_seed_999|EXPERIMENTAL_SEED=999|CLIENT_ID=9,EE8066672EA209A4AC4615CCDE8FEB209551E5CE8538721E563740F9F52AE52E,17185848771395848612
alpha_1p0_seed_999,999,10,CICIoT2023_CLIENT_LOCAL_HASH_ORDER_V1|ASSIGNMENT_SET_SHA256=6161DDCA8874F3A079B3D61C19C62A0C1A60389ECFF2B2028E043FFC38B36E98|PREATTACK_IDENTITY_SHA256=81057E395366BA10088F4455897446945556325756CA18BBF39B5F5A6A1198E2|CONFIG_ID=alpha_1p0_seed_999|EXPERIMENTAL_SEED=999|CLIENT_ID=10,40EE5361D40E8C03AAAFCA92523B7195875CD8266212C3B60572ED8AD6EF99FB,4678768742519180291
alpha_1p0_seed_999,999,11,CICIoT2023_CLIENT_LOCAL_HASH_ORDER_V1|ASSIGNMENT_SET_SHA256=6161DDCA8874F3A079B3D61C19C62A0C1A60389ECFF2B2028E043FFC38B36E98|PREATTACK_IDENTITY_SHA256=81057E395366BA10088F4455897446945556325756CA18BBF39B5F5A6A1198E2|CONFIG_ID=alpha_1p0_seed_999|EXPERIMENTAL_SEED=999|CLIENT_ID=11,5099247E323B5FBA4DCB15967FD3BF41313789A6F13B95DB6D48F4825D86FE66,5807713318898196410
alpha_1p0_seed_999,999,12,CICIoT2023_CLIENT_LOCAL_HASH_ORDER_V1|ASSIGNMENT_SET_SHA256=6161DDCA8874F3A079B3D61C19C62A0C1A60389ECFF2B2028E043FFC38B36E98|PREATTACK_IDENTITY_SHA256=81057E395366BA10088F4455897446945556325756CA18BBF39B5F5A6A1198E2|CONFIG_ID=alpha_1p0_seed_999|EXPERIMENTAL_SEED=999|CLIENT_ID=12,9F2A7951F62B36E5CCD5E9217FC32C7674AAB4660ADCC06F557E0E827A7A8085,11469112793981728485
alpha_1p0_seed_999,999,13,CICIoT2023_CLIENT_LOCAL_HASH_ORDER_V1|ASSIGNMENT_SET_SHA256=6161DDCA8874F3A079B3D61C19C62A0C1A60389ECFF2B2028E043FFC38B36E98|PREATTACK_IDENTITY_SHA256=81057E395366BA10088F4455897446945556325756CA18BBF39B5F5A6A1198E2|CONFIG_ID=alpha_1p0_seed_999|EXPERIMENTAL_SEED=999|CLIENT_ID=13,E39B322302E0D7E0701C17765D0078D6E196B05041B84F62E1D54D3F6E4F4B49,16400757593953327072
alpha_1p0_seed_999,999,14,CICIoT2023_CLIENT_LOCAL_HASH_ORDER_V1|ASSIGNMENT_SET_SHA256=6161DDCA8874F3A079B3D61C19C62A0C1A60389ECFF2B2028E043FFC38B36E98|PREATTACK_IDENTITY_SHA256=81057E395366BA10088F4455897446945556325756CA18BBF39B5F5A6A1198E2|CONFIG_ID=alpha_1p0_seed_999|EXPERIMENTAL_SEED=999|CLIENT_ID=14,4B4D668F0FCCEEE407EE3BEB958C2EDF0A5C5E70C84AFC9B9AE4D512AFCE156F,5426105890682760932
alpha_1p0_seed_999,999,15,CICIoT2023_CLIENT_LOCAL_HASH_ORDER_V1|ASSIGNMENT_SET_SHA256=6161DDCA8874F3A079B3D61C19C62A0C1A60389ECFF2B2028E043FFC38B36E98|PREATTACK_IDENTITY_SHA256=81057E395366BA10088F4455897446945556325756CA18BBF39B5F5A6A1198E2|CONFIG_ID=alpha_1p0_seed_999|EXPERIMENTAL_SEED=999|CLIENT_ID=15,CB7608AD9986960C8BCB1338D51D20809409AE6434BC2280A7181CE795BC7CF7,14660915178649327116
alpha_1p0_seed_999,999,16,CICIoT2023_CLIENT_LOCAL_HASH_ORDER_V1|ASSIGNMENT_SET_SHA256=6161DDCA8874F3A079B3D61C19C62A0C1A60389ECFF2B2028E043FFC38B36E98|PREATTACK_IDENTITY_SHA256=81057E395366BA10088F4455897446945556325756CA18BBF39B5F5A6A1198E2|CONFIG_ID=alpha_1p0_seed_999|EXPERIMENTAL_SEED=999|CLIENT_ID=16,CC4E560C57248A5269C1433F793A36FE5F069D3260603FA077FE507F616582BC,14721798842922338898
alpha_1p0_seed_999,999,17,CICIoT2023_CLIENT_LOCAL_HASH_ORDER_V1|ASSIGNMENT_SET_SHA256=6161DDCA8874F3A079B3D61C19C62A0C1A60389ECFF2B2028E043FFC38B36E98|PREATTACK_IDENTITY_SHA256=81057E395366BA10088F4455897446945556325756CA18BBF39B5F5A6A1198E2|CONFIG_ID=alpha_1p0_seed_999|EXPERIMENTAL_SEED=999|CLIENT_ID=17,A5366E9F8B85FF2F9C82D7AB143AE0D4884C835AF5D074D4E94C8B21D216664C,11904824296520154927
alpha_1p0_seed_999,999,18,CICIoT2023_CLIENT_LOCAL_HASH_ORDER_V1|ASSIGNMENT_SET_SHA256=6161DDCA8874F3A079B3D61C19C62A0C1A60389ECFF2B2028E043FFC38B36E98|PREATTACK_IDENTITY_SHA256=81057E395366BA10088F4455897446945556325756CA18BBF39B5F5A6A1198E2|CONFIG_ID=alpha_1p0_seed_999|EXPERIMENTAL_SEED=999|CLIENT_ID=18,029A0B15F67A517CA472AA56CDF4035D3762B2FE275BF5F4F30981A07CB1D468,187474523446727036
alpha_1p0_seed_999,999,19,CICIoT2023_CLIENT_LOCAL_HASH_ORDER_V1|ASSIGNMENT_SET_SHA256=6161DDCA8874F3A079B3D61C19C62A0C1A60389ECFF2B2028E043FFC38B36E98|PREATTACK_IDENTITY_SHA256=81057E395366BA10088F4455897446945556325756CA18BBF39B5F5A6A1198E2|CONFIG_ID=alpha_1p0_seed_999|EXPERIMENTAL_SEED=999|CLIENT_ID=19,59CF3F52AE6CCF2F93C42B94CEBAA8196A543CD31D91DC5EBAED149C7E795124,6471460813900926767
alpha_1p0_seed_999,999,20,CICIoT2023_CLIENT_LOCAL_HASH_ORDER_V1|ASSIGNMENT_SET_SHA256=6161DDCA8874F3A079B3D61C19C62A0C1A60389ECFF2B2028E043FFC38B36E98|PREATTACK_IDENTITY_SHA256=81057E395366BA10088F4455897446945556325756CA18BBF39B5F5A6A1198E2|CONFIG_ID=alpha_1p0_seed_999|EXPERIMENTAL_SEED=999|CLIENT_ID=20,7D05AF9FD43932FE7619F38626AB5C4245D672C3DE94AC49EB105F2604215B37,9008799730619724542
alpha_1p0_seed_999,999,21,CICIoT2023_CLIENT_LOCAL_HASH_ORDER_V1|ASSIGNMENT_SET_SHA256=6161DDCA8874F3A079B3D61C19C62A0C1A60389ECFF2B2028E043FFC38B36E98|PREATTACK_IDENTITY_SHA256=81057E395366BA10088F4455897446945556325756CA18BBF39B5F5A6A1198E2|CONFIG_ID=alpha_1p0_seed_999|EXPERIMENTAL_SEED=999|CLIENT_ID=21,959C209695E1FAC9137BD30A538883B94E078A5CDFB5EF2408A5D3696E28B734,10780527439149923017
alpha_1p0_seed_999,999,22,CICIoT2023_CLIENT_LOCAL_HASH_ORDER_V1|ASSIGNMENT_SET_SHA256=6161DDCA8874F3A079B3D61C19C62A0C1A60389ECFF2B2028E043FFC38B36E98|PREATTACK_IDENTITY_SHA256=81057E395366BA10088F4455897446945556325756CA18BBF39B5F5A6A1198E2|CONFIG_ID=alpha_1p0_seed_999|EXPERIMENTAL_SEED=999|CLIENT_ID=22,6DE100EA813282EEE72B021D8F41C179A840DB81659D1559003AC7DDE9C7F932,7917610627083961070
alpha_1p0_seed_999,999,23,CICIoT2023_CLIENT_LOCAL_HASH_ORDER_V1|ASSIGNMENT_SET_SHA256=6161DDCA8874F3A079B3D61C19C62A0C1A60389ECFF2B2028E043FFC38B36E98|PREATTACK_IDENTITY_SHA256=81057E395366BA10088F4455897446945556325756CA18BBF39B5F5A6A1198E2|CONFIG_ID=alpha_1p0_seed_999|EXPERIMENTAL_SEED=999|CLIENT_ID=23,05488E775F4BBB9C87209B893DE5818FFFE64F923E3BD87B331833BF208AC074,380710811863858076
alpha_1p0_seed_999,999,24,CICIoT2023_CLIENT_LOCAL_HASH_ORDER_V1|ASSIGNMENT_SET_SHA256=6161DDCA8874F3A079B3D61C19C62A0C1A60389ECFF2B2028E043FFC38B36E98|PREATTACK_IDENTITY_SHA256=81057E395366BA10088F4455897446945556325756CA18BBF39B5F5A6A1198E2|CONFIG_ID=alpha_1p0_seed_999|EXPERIMENTAL_SEED=999|CLIENT_ID=24,2A0631369D3FB3874A2F91259431C96817F813AB4C2BFD51EE8FFEAC33592CBD,3028161910089429895
alpha_1p0_seed_999,999,25,CICIoT2023_CLIENT_LOCAL_HASH_ORDER_V1|ASSIGNMENT_SET_SHA256=6161DDCA8874F3A079B3D61C19C62A0C1A60389ECFF2B2028E043FFC38B36E98|PREATTACK_IDENTITY_SHA256=81057E395366BA10088F4455897446945556325756CA18BBF39B5F5A6A1198E2|CONFIG_ID=alpha_1p0_seed_999|EXPERIMENTAL_SEED=999|CLIENT_ID=25,83D3585AAFF4074C01E1D6AAC4AF2C3ED146D73ED9AD58431841C0EF6F5185A5,9499033185576814412
alpha_1p0_seed_999,999,26,CICIoT2023_CLIENT_LOCAL_HASH_ORDER_V1|ASSIGNMENT_SET_SHA256=6161DDCA8874F3A079B3D61C19C62A0C1A60389ECFF2B2028E043FFC38B36E98|PREATTACK_IDENTITY_SHA256=81057E395366BA10088F4455897446945556325756CA18BBF39B5F5A6A1198E2|CONFIG_ID=alpha_1p0_seed_999|EXPERIMENTAL_SEED=999|CLIENT_ID=26,5BF39C1AE16CE13BA3D8EFF7CCC828532028CF4A2816909C846634F4619E019D,6625811116057223483
alpha_1p0_seed_999,999,27,CICIoT2023_CLIENT_LOCAL_HASH_ORDER_V1|ASSIGNMENT_SET_SHA256=6161DDCA8874F3A079B3D61C19C62A0C1A60389ECFF2B2028E043FFC38B36E98|PREATTACK_IDENTITY_SHA256=81057E395366BA10088F4455897446945556325756CA18BBF39B5F5A6A1198E2|CONFIG_ID=alpha_1p0_seed_999|EXPERIMENTAL_SEED=999|CLIENT_ID=27,6B2F14194A2E9A40F04DFE31A290B5B005A432DEB2C76D7D300F410C77DB027D,7723413984814996032
alpha_1p0_seed_999,999,28,CICIoT2023_CLIENT_LOCAL_HASH_ORDER_V1|ASSIGNMENT_SET_SHA256=6161DDCA8874F3A079B3D61C19C62A0C1A60389ECFF2B2028E043FFC38B36E98|PREATTACK_IDENTITY_SHA256=81057E395366BA10088F4455897446945556325756CA18BBF39B5F5A6A1198E2|CONFIG_ID=alpha_1p0_seed_999|EXPERIMENTAL_SEED=999|CLIENT_ID=28,BD807A2F2FAB110EF1B1720D32663211DE931D5F098CBF4F382FA7CAE4FFFC60,13655048413269135630
alpha_1p0_seed_999,999,29,CICIoT2023_CLIENT_LOCAL_HASH_ORDER_V1|ASSIGNMENT_SET_SHA256=6161DDCA8874F3A079B3D61C19C62A0C1A60389ECFF2B2028E043FFC38B36E98|PREATTACK_IDENTITY_SHA256=81057E395366BA10088F4455897446945556325756CA18BBF39B5F5A6A1198E2|CONFIG_ID=alpha_1p0_seed_999|EXPERIMENTAL_SEED=999|CLIENT_ID=29,3A06CCA84F5B8D3E54969939E5E91E9FCF1B38B31520EA0A117A973D395A5035,4181254327318056254
