ExperimentalSeed,Round,ClientID,ParticipationOrdinal,SeedMaterial,SeedSHA256,SeedUInt64,SharedAcrossAlphaPair,SharedAcrossMethods,SharedAcrossScenarios
42,1,19,0,CICIoT2023_LOCAL_TRAIN_RNG_V1|PREATTACK_IDENTITY_SHA256=81057E395366BA10088F4455897446945556325756CA18BBF39B5F5A6A1198E2|EXPERIMENTAL_SEED=42|ROUND=1|CLIENT_ID=19|PARTICIPATION_ORDINAL=0,2C9E0B3F7F0A4F7860389EBA7CFE1C2A6CFE2E951ED81684CF7D7C1727BEBB61,3215019551331340152,True,True,True
42,1,15,0,CICIoT2023_LOCAL_TRAIN_RNG_V1|PREATTACK_IDENTITY_SHA256=81057E395366BA10088F4455897446945556325756CA18BBF39B5F5A6A1198E2|EXPERIMENTAL_SEED=42|ROUND=1|CLIENT_ID=15|PARTICIPATION_ORDINAL=0,FF543FC1B3EC027093D24B01E2556910C933FCFA2F875B4892C3DD05F4A9C411,18398400478895145584,True,True,True
42,1,3,0,CICIoT2023_LOCAL_TRAIN_RNG_V1|PREATTACK_IDENTITY_SHA256=81057E395366BA10088F4455897446945556325756CA18BBF39B5F5A6A1198E2|EXPERIMENTAL_SEED=42|ROUND=1|CLIENT_ID=3|PARTICIPATION_ORDINAL=0,3D27573178B5D5D961E9BCCE314A56677AAD47BA8E374AF8FCB18E95CCC0AA46,4406586630395516377,True,True,True
42,1,18,0,CICIoT2023_LOCAL_TRAIN_RNG_V1|PREATTACK_IDENTITY_SHA256=81057E395366BA10088F4455897446945556325756CA18BBF39B5F5A6A1198E2|EXPERIMENTAL_SEED=42|ROUND=1|CLIENT_ID=18|PARTICIPATION_ORDINAL=0,218ACBCD7FDE8901333540439D06FDCF0D984BA8FC7C868801A1342C0FF39B61,2416968233511717121,True,True,True
42,1,12,0,CICIoT2023_LOCAL_TRAIN_RNG_V1|PREATTACK_IDENTITY_SHA256=81057E395366BA10088F4455897446945556325756CA18BBF39B5F5A6A1198E2|EXPERIMENTAL_SEED=42|ROUND=1|CLIENT_ID=12|PARTICIPATION_ORDINAL=0,9298D8851DE6C975FE4C663D19CB255579D0BC9C50D681CCCF5611683A050A02,10563430992241412469,True,True,True
42,1,22,0,CICIoT2023_LOCAL_TRAIN_RNG_V1|PREATTACK_IDENTITY_SHA256=81057E395366BA10088F4455897446945556325756CA18BBF39B5F5A6A1198E2|EXPERIMENTAL_SEED=42|ROUND=1|CLIENT_ID=22|PARTICIPATION_ORDINAL=0,D77A33A643E799C4FC6FB00B536FDFD72DFCAACE02EBCEF0EC963B3ADA23646D,15526779454510045636,True,True,True
42,1,4,0,CICIoT2023_LOCAL_TRAIN_RNG_V1|PREATTACK_IDENTITY_SHA256=81057E395366BA10088F4455897446945556325756CA18BBF39B5F5A6A1198E2|EXPERIMENTAL_SEED=42|ROUND=1|CLIENT_ID=4|PARTICIPATION_ORDINAL=0,36A9F5F1EDF5293363860A4C6A4611C8B66F689FCBB0CE0EE69C606C9FF4FE4F,3938949768540399923,True,True,True
42,1,13,0,CICIoT2023_LOCAL_TRAIN_RNG_V1|PREATTACK_IDENTITY_SHA256=81057E395366BA10088F4455897446945556325756CA18BBF39B5F5A6A1198E2|EXPERIMENTAL_SEED=42|ROUND=1|CLIENT_ID=13|PARTICIPATION_ORDINAL=0,3D9288FA79749FC7BBF0F8263746CD0292CC5CD5A2CE911C218874EE61484809,4436759192274247623,True,True,True
42,1,8,0,CICIoT2023_LOCAL_TRAIN_RNG_V1|PREATTACK_IDENTITY_SHA256=81057E395366BA10088F4455897446945556325756CA18BBF39B5F5A6A1198E2|EXPERIMENTAL_SEED=42|ROUND=1|CLIENT_ID=8|PARTICIPATION_ORDINAL=0,288DDF95A220D1A0B447A34CE811D1812906FB75D87D471D3CD96F0F0C4066B4,2922237566996500896,True,True,True
42,2,16,0,CICIoT2023_LOCAL_TRAIN_RNG_V1|PREATTACK_IDENTITY_SHA256=81057E395366BA10088F4455897446945556325756CA18BBF39B5F5A6A1198E2|EXPERIMENTAL_SEED=42|ROUND=2|CLIENT_ID=16|PARTICIPATION_ORDINAL=0,7E96E0801B94FC928A0F5C8EA288381DB02A2A0D31C619410ABEE722146A87DC,9121724936108702866,True,True,True
42,2,2,0,CICIoT2023_LOCAL_TRAIN_RNG_V1|PREATTACK_IDENTITY_SHA256=81057E395366BA10088F4455897446945556325756CA18BBF39B5F5A6A1198E2|EXPERIMENTAL_SEED=42|ROUND=2|CLIENT_ID=2|PARTICIPATION_ORDINAL=0,E09DD45EDB00B4919DB135397F79D8F4CF378629B85BAFFDD8B6803AD68AAC08,16185326139705701521,True,True,True
42,2,28,0,CICIoT2023_LOCAL_TRAIN_RNG_V1|PREATTACK_IDENTITY_SHA256=81057E395366BA10088F4455897446945556325756CA18BBF39B5F5A6A1198E2|EXPERIMENTAL_SEED=42|ROUND=2|CLIENT_ID=28|PARTICIPATION_ORDINAL=0,BBE6FFAF552499D9EC64A1EB9760C990BBA4A5869BC4607310CFA0BEFAD5DFE2,13539790458248796633,True,True,True
42,2,6,0,CICIoT2023_LOCAL_TRAIN_RNG_V1|PREATTACK_IDENTITY_SHA256=81057E395366BA10088F4455897446945556325756CA18BBF39B5F5A6A1198E2|EXPERIMENTAL_SEED=42|ROUND=2|CLIENT_ID=6|PARTICIPATION_ORDINAL=0,0E364EDA2FDB95B834B8216B03962931C963E146A1498637977120F6DAE137FB,1024092664286123448,True,True,True
42,2,17,0,CICIoT2023_LOCAL_TRAIN_RNG_V1|PREATTACK_IDENTITY_SHA256=81057E395366BA10088F4455897446945556325756CA18BBF39B5F5A6A1198E2|EXPERIMENTAL_SEED=42|ROUND=2|CLIENT_ID=17|PARTICIPATION_ORDINAL=0,CE47DDCEE7837921858ECA5B8E24197190FCFC4E379AE2D839B6163908FD802B,14864092975876765985,True,True,True
42,2,1,0,CICIoT2023_LOCAL_TRAIN_RNG_V1|PREATTACK_IDENTITY_SHA256=81057E395366BA10088F4455897446945556325756CA18BBF39B5F5A6A1198E2|EXPERIMENTAL_SEED=42|ROUND=2|CLIENT_ID=1|PARTICIPATION_ORDINAL=0,E540752A271C1116366C29C4A8116E65BED269DFAFC414D2757BC0E8BC891533,16519332257100206358,True,True,True
42,2,0,0,CICIoT2023_LOCAL_TRAIN_RNG_V1|PREATTACK_IDENTITY_SHA256=81057E395366BA10088F4455897446945556325756CA18BBF39B5F5A6A1198E2|EXPERIMENTAL_SEED=42|ROUND=2|CLIENT_ID=0|PARTICIPATION_ORDINAL=0,0E4B0EAC9437C1BFAF30280786C3456EBD38B18D3087A209C70427EE8A95FB47,1029933074168136127,True,True,True
42,2,11,0,CICIoT2023_LOCAL_TRAIN_RNG_V1|PREATTACK_IDENTITY_SHA256=81057E395366BA10088F4455897446945556325756CA18BBF39B5F5A6A1198E2|EXPERIMENTAL_SEED=42|ROUND=2|CLIENT_ID=11|PARTICIPATION_ORDINAL=0,977C4BB45D9D97536914B78AE9BDC19E45AFB812F1D957D6A1BCE5CE28630575,10915682834876045139,True,True,True
42,2,10,0,CICIoT2023_LOCAL_TRAIN_RNG_V1|PREATTACK_IDENTITY_SHA256=81057E395366BA10088F4455897446945556325756CA18BBF39B5F5A6A1198E2|EXPERIMENTAL_SEED=42|ROUND=2|CLIENT_ID=10|PARTICIPATION_ORDINAL=0,6712D15C7963274EBFAAB2EF70764801D0609620014DF65A8BDEDEC46F0074E3,7427228930591106894,True,True,True
42,3,14,0,CICIoT2023_LOCAL_TRAIN_RNG_V1|PREATTACK_IDENTITY_SHA256=81057E395366BA10088F4455897446945556325756CA18BBF39B5F5A6A1198E2|EXPERIMENTAL_SEED=42|ROUND=3|CLIENT_ID=14|PARTICIPATION_ORDINAL=0,984941BCDB6F267518E28CF4878AABE1461BCE50DBDB0B4B39C8C9AC48CDA87D,10973374246456075893,True,True,True
42,3,24,0,CICIoT2023_LOCAL_TRAIN_RNG_V1|PREATTACK_IDENTITY_SHA256=81057E395366BA10088F4455897446945556325756CA18BBF39B5F5A6A1198E2|EXPERIMENTAL_SEED=42|ROUND=3|CLIENT_ID=24|PARTICIPATION_ORDINAL=0,5B92A2B7D83135089D77ECB4FF524E143B5F76662BA0D33E3782AF78EA9155B5,6598515314541016328,True,True,True
42,3,26,0,CICIoT2023_LOCAL_TRAIN_RNG_V1|PREATTACK_IDENTITY_SHA256=81057E395366BA10088F4455897446945556325756CA18BBF39B5F5A6A1198E2|EXPERIMENTAL_SEED=42|ROUND=3|CLIENT_ID=26|PARTICIPATION_ORDINAL=0,8B3099F6E3AEE4E172E142F428E0209328DED504D03DED1A5FB7B3CD0931BDDF,10029685655814989025,True,True,True
42,3,29,0,CICIoT2023_LOCAL_TRAIN_RNG_V1|PREATTACK_IDENTITY_SHA256=81057E395366BA10088F4455897446945556325756CA18BBF39B5F5A6A1198E2|EXPERIMENTAL_SEED=42|ROUND=3|CLIENT_ID=29|PARTICIPATION_ORDINAL=0,06D659229DC0A31F25492F210D4F03220BB92FE9DD80FA675345D145A36DBD5B,492679214454055711,True,True,True
42,3,20,0,CICIoT2023_LOCAL_TRAIN_RNG_V1|PREATTACK_IDENTITY_SHA256=81057E395366BA10088F4455897446945556325756CA18BBF39B5F5A6A1198E2|EXPERIMENTAL_SEED=42|ROUND=3|CLIENT_ID=20|PARTICIPATION_ORDINAL=0,5DC4607D9C1A6B57EB53AAB8148F7ED87BF35BD572B8F3BF723517CF12477FB8,6756631433568742231,True,True,True
42,3,27,0,CICIoT2023_LOCAL_TRAIN_RNG_V1|PREATTACK_IDENTITY_SHA256=81057E395366BA10088F4455897446945556325756CA18BBF39B5F5A6A1198E2|EXPERIMENTAL_SEED=42|ROUND=3|CLIENT_ID=27|PARTICIPATION_ORDINAL=0,B1C0AF78C20A1FC845F5F61E3D2AD7519A44A21A22A84C3AAD443AEC524DD20F,12808430273428070344,True,True,True
42,3,5,0,CICIoT2023_LOCAL_TRAIN_RNG_V1|PREATTACK_IDENTITY_SHA256=81057E395366BA10088F4455897446945556325756CA18BBF39B5F5A6A1198E2|EXPERIMENTAL_SEED=42|ROUND=3|CLIENT_ID=5|PARTICIPATION_ORDINAL=0,AD33798BAD50C94D71A4427C49557D3ACB6AF5A6990774937B355510369A53B0,12480452633188944205,True,True,True
42,3,21,0,CICIoT2023_LOCAL_TRAIN_RNG_V1|PREATTACK_IDENTITY_SHA256=81057E395366BA10088F4455897446945556325756CA18BBF39B5F5A6A1198E2|EXPERIMENTAL_SEED=42|ROUND=3|CLIENT_ID=21|PARTICIPATION_ORDINAL=0,FA2C01284CA27DA808C6CCBC77B4C259DA165D1C3609FB25D2CE89EC7769F669,18026784681053289896,True,True,True
42,3,7,0,CICIoT2023_LOCAL_TRAIN_RNG_V1|PREATTACK_IDENTITY_SHA256=81057E395366BA10088F4455897446945556325756CA18BBF39B5F5A6A1198E2|EXPERIMENTAL_SEED=42|ROUND=3|CLIENT_ID=7|PARTICIPATION_ORDINAL=0,419DAF0DAA8CB5BC296A59269F151E52F12F458EE8C7312D9CE4635ED9FDE1BE,4728127657039672764,True,True,True
42,4,9,0,CICIoT2023_LOCAL_TRAIN_RNG_V1|PREATTACK_IDENTITY_SHA256=81057E395366BA10088F4455897446945556325756CA18BBF39B5F5A6A1198E2|EXPERIMENTAL_SEED=42|ROUND=4|CLIENT_ID=9|PARTICIPATION_ORDINAL=0,68F2BBE20D2CA0C4DB20898B1230D071D3DD3587C7D3EAE3946F5CDD89BE621A,7562313303866515652,True,True,True
42,4,23,0,CICIoT2023_LOCAL_TRAIN_RNG_V1|PREATTACK_IDENTITY_SHA256=81057E395366BA10088F4455897446945556325756CA18BBF39B5F5A6A1198E2|EXPERIMENTAL_SEED=42|ROUND=4|CLIENT_ID=23|PARTICIPATION_ORDINAL=0,3831801DE8B1048D3C32920A446510692AB0CA34F235D1BC991602DE1F67718C,4049158405929108621,True,True,True
42,4,25,0,CICIoT2023_LOCAL_TRAIN_RNG_V1|PREATTACK_IDENTITY_SHA256=81057E395366BA10088F4455897446945556325756CA18BBF39B5F5A6A1198E2|EXPERIMENTAL_SEED=42|ROUND=4|CLIENT_ID=25|PARTICIPATION_ORDINAL=0,DF2B260D3F7C9EDB27ACB481A7B039AC39D011DBBB2C6250C1C204AA0E17F240,16080988732798050011,True,True,True
42,4,2,1,CICIoT2023_LOCAL_TRAIN_RNG_V1|PREATTACK_IDENTITY_SHA256=81057E395366BA10088F4455897446945556325756CA18BBF39B5F5A6A1198E2|EXPERIMENTAL_SEED=42|ROUND=4|CLIENT_ID=2|PARTICIPATION_ORDINAL=1,A072203EB7AA7834170F660504FFDD4639B298C0908481B5E8521A98F3D6262E,11561338647154948148,True,True,True
42,4,0,1,CICIoT2023_LOCAL_TRAIN_RNG_V1|PREATTACK_IDENTITY_SHA256=81057E395366BA10088F4455897446945556325756CA18BBF39B5F5A6A1198E2|EXPERIMENTAL_SEED=42|ROUND=4|CLIENT_ID=0|PARTICIPATION_ORDINAL=1,53652B89DBB990C5B961B4B0173A376728D4C03C5D327BC9095E2B28DF8E4549,6009257148892680389,True,True,True
42,4,18,1,CICIoT2023_LOCAL_TRAIN_RNG_V1|PREATTACK_IDENTITY_SHA256=81057E395366BA10088F4455897446945556325756CA18BBF39B5F5A6A1198E2|EXPERIMENTAL_SEED=42|ROUND=4|CLIENT_ID=18|PARTICIPATION_ORDINAL=1,F3FF9F85676F1EDE5CD77D764ECCA2D6E4991F602299FB861F1826DD29BF5D3F,17581946865592508126,True,True,True
42,4,16,1,CICIoT2023_LOCAL_TRAIN_RNG_V1|PREATTACK_IDENTITY_SHA256=81057E395366BA10088F4455897446945556325756CA18BBF39B5F5A6A1198E2|EXPERIMENTAL_SEED=42|ROUND=4|CLIENT_ID=16|PARTICIPATION_ORDINAL=1,C34926C5BC8CB95464907FB8AA6BAD4770721EAE257CED371B4CD7F1D65177CD,14071821141409577300,True,True,True
42,4,11,1,CICIoT2023_LOCAL_TRAIN_RNG_V1|PREATTACK_IDENTITY_SHA256=81057E395366BA10088F4455897446945556325756CA18BBF39B5F5A6A1198E2|EXPERIMENTAL_SEED=42|ROUND=4|CLIENT_ID=11|PARTICIPATION_ORDINAL=1,DC06F3B141611FF9FDBFF3B8A0BD3EF29DEF5E7CA6764A900012B85E47E9D394,15854627480836055033,True,True,True
42,4,17,1,CICIoT2023_LOCAL_TRAIN_RNG_V1|PREATTACK_IDENTITY_SHA256=81057E395366BA10088F4455897446945556325756CA18BBF39B5F5A6A1198E2|EXPERIMENTAL_SEED=42|ROUND=4|CLIENT_ID=17|PARTICIPATION_ORDINAL=1,B81E768C9B1962921173CBEB85EDA2AC49C3314F357367265AD96B70B05FB3E8,13267171898549691026,True,True,True
42,5,14,1,CICIoT2023_LOCAL_TRAIN_RNG_V1|PREATTACK_IDENTITY_SHA256=81057E395366BA10088F4455897446945556325756CA18BBF39B5F5A6A1198E2|EXPERIMENTAL_SEED=42|ROUND=5|CLIENT_ID=14|PARTICIPATION_ORDINAL=1,8EEFF83F1EC3FBD86566CD660A741FDD1036B06F5F8E19E7A1215DCA6F2A6F02,10299723822802402264,True,True,True
42,5,27,1,CICIoT2023_LOCAL_TRAIN_RNG_V1|PREATTACK_IDENTITY_SHA256=81057E395366BA10088F4455897446945556325756CA18BBF39B5F5A6A1198E2|EXPERIMENTAL_SEED=42|ROUND=5|CLIENT_ID=27|PARTICIPATION_ORDINAL=1,F55062768735F7ECD1B3C8EC99E4EBDEDFB7E1136D0344E648857A4EA76E4880,17676736798643320812,True,True,True
42,5,10,1,CICIoT2023_LOCAL_TRAIN_RNG_V1|PREATTACK_IDENTITY_SHA256=81057E395366BA10088F4455897446945556325756CA18BBF39B5F5A6A1198E2|EXPERIMENTAL_SEED=42|ROUND=5|CLIENT_ID=10|PARTICIPATION_ORDINAL=1,D75A88A31A8628DA1AF0D44691A1F12FD1E4B7F910F5ECDC9556EE3F31DBCC03,15517865700164511962,True,True,True
42,5,28,1,CICIoT2023_LOCAL_TRAIN_RNG_V1|PREATTACK_IDENTITY_SHA256=81057E395366BA10088F4455897446945556325756CA18BBF39B5F5A6A1198E2|EXPERIMENTAL_SEED=42|ROUND=5|CLIENT_ID=28|PARTICIPATION_ORDINAL=1,FF3B2DB851B1AD611D31325D1F937E769348BF55F21D2E30326DE2B02B84BE70,18391343772965383521,True,True,True
42,5,9,1,CICIoT2023_LOCAL_TRAIN_RNG_V1|PREATTACK_IDENTITY_SHA256=81057E395366BA10088F4455897446945556325756CA18BBF39B5F5A6A1198E2|EXPERIMENTAL_SEED=42|ROUND=5|CLIENT_ID=9|PARTICIPATION_ORDINAL=1,16035DB9FB393AEE44C35E76199E34472DF95BBC6B98D10A984C9607C49005EE,1586214547129711342,True,True,True
42,5,7,1,CICIoT2023_LOCAL_TRAIN_RNG_V1|PREATTACK_IDENTITY_SHA256=81057E395366BA10088F4455897446945556325756CA18BBF39B5F5A6A1198E2|EXPERIMENTAL_SEED=42|ROUND=5|CLIENT_ID=7|PARTICIPATION_ORDINAL=1,F47C67E67F7254D7C463C8EAF4150B34BBEAE2910C98DF3D75FF59A37E53C58D,17617070082044875991,True,True,True
42,5,22,1,CICIoT2023_LOCAL_TRAIN_RNG_V1|PREATTACK_IDENTITY_SHA256=81057E395366BA10088F4455897446945556325756CA18BBF39B5F5A6A1198E2|EXPERIMENTAL_SEED=42|ROUND=5|CLIENT_ID=22|PARTICIPATION_ORDINAL=1,0403FE02A765B50131A37667CC8357BC3002BA199E98027CFCB9AECCE89D341E,289354088433693953,True,True,True
42,5,21,1,CICIoT2023_LOCAL_TRAIN_RNG_V1|PREATTACK_IDENTITY_SHA256=81057E395366BA10088F4455897446945556325756CA18BBF39B5F5A6A1198E2|EXPERIMENTAL_SEED=42|ROUND=5|CLIENT_ID=21|PARTICIPATION_ORDINAL=1,1EDB8850D0E8E8D411D02A67BEE20D1B1ED12A0EC38FA0627772E9D0FB3CFE95,2223520721721157844,True,True,True
42,5,23,1,CICIoT2023_LOCAL_TRAIN_RNG_V1|PREATTACK_IDENTITY_SHA256=81057E395366BA10088F4455897446945556325756CA18BBF39B5F5A6A1198E2|EXPERIMENTAL_SEED=42|ROUND=5|CLIENT_ID=23|PARTICIPATION_ORDINAL=1,F413E21549C5125FCB3B1DF89DF7EC74247AE0E235988D8D8EDA75C5D1FF9668,17587649550871761503,True,True,True
42,6,12,1,CICIoT2023_LOCAL_TRAIN_RNG_V1|PREATTACK_IDENTITY_SHA256=81057E395366BA10088F4455897446945556325756CA18BBF39B5F5A6A1198E2|EXPERIMENTAL_SEED=42|ROUND=6|CLIENT_ID=12|PARTICIPATION_ORDINAL=1,BE46C69CB65E37BCD69967C28AF58F8B554D0F7F24C94A76F0A6071ED882DBDF,13710864491952879548,True,True,True
42,6,26,1,CICIoT2023_LOCAL_TRAIN_RNG_V1|PREATTACK_IDENTITY_SHA256=81057E395366BA10088F4455897446945556325756CA18BBF39B5F5A6A1198E2|EXPERIMENTAL_SEED=42|ROUND=6|CLIENT_ID=26|PARTICIPATION_ORDINAL=1,B5E204E6ADE6CFB68F7A812151FF6E727B97CC770213E90B0DBF0F1C25F3A0B7,13106043254408138678,True,True,True
42,6,24,1,CICIoT2023_LOCAL_TRAIN_RNG_V1|PREATTACK_IDENTITY_SHA256=81057E395366BA10088F4455897446945556325756CA18BBF39B5F5A6A1198E2|EXPERIMENTAL_SEED=42|ROUND=6|CLIENT_ID=24|PARTICIPATION_ORDINAL=1,9E252581AABA2D9647938B820AD38F4C146EE6395CBD0016D7E48A8308928B65,11395555670976245142,True,True,True
42,6,1,1,CICIoT2023_LOCAL_TRAIN_RNG_V1|PREATTACK_IDENTITY_SHA256=81057E395366BA10088F4455897446945556325756CA18BBF39B5F5A6A1198E2|EXPERIMENTAL_SEED=42|ROUND=6|CLIENT_ID=1|PARTICIPATION_ORDINAL=1,5CE97B3E6483DDE98EA920E80B46931924F056CFD5C98E8B727ACEAE1A0FBFCD,6695017828967505385,True,True,True
42,6,13,1,CICIoT2023_LOCAL_TRAIN_RNG_V1|PREATTACK_IDENTITY_SHA256=81057E395366BA10088F4455897446945556325756CA18BBF39B5F5A6A1198E2|EXPERIMENTAL_SEED=42|ROUND=6|CLIENT_ID=13|PARTICIPATION_ORDINAL=1,86F49F9268C5E6828558CB8D25F6A130C5FCE8CC5943ECB91D4FCCF3D4FA235F,9724572946571585154,True,True,True
42,6,3,1,CICIoT2023_LOCAL_TRAIN_RNG_V1|PREATTACK_IDENTITY_SHA256=81057E395366BA10088F4455897446945556325756CA18BBF39B5F5A6A1198E2|EXPERIMENTAL_SEED=42|ROUND=6|CLIENT_ID=3|PARTICIPATION_ORDINAL=1,C71B54E32BCB41DDBAD60AB92A6EE9AF8733D6DA9AD60DF579A6E1E09149A1DA,14347154372587897309,True,True,True
42,6,20,1,CICIoT2023_LOCAL_TRAIN_RNG_V1|PREATTACK_IDENTITY_SHA256=81057E395366BA10088F4455897446945556325756CA18BBF39B5F5A6A1198E2|EXPERIMENTAL_SEED=42|ROUND=6|CLIENT_ID=20|PARTICIPATION_ORDINAL=1,C0042169FCEF92D19FA348A51F5B79BBD59BF2BE87DBB91AC7BD4F8E5D0AAF9F,13836220694287848145,True,True,True
42,6,29,1,CICIoT2023_LOCAL_TRAIN_RNG_V1|PREATTACK_IDENTITY_SHA256=81057E395366BA10088F4455897446945556325756CA18BBF39B5F5A6A1198E2|EXPERIMENTAL_SEED=42|ROUND=6|CLIENT_ID=29|PARTICIPATION_ORDINAL=1,42C030897C5A067E5BBB3B270E1DFAE510478FC833B2007A6BE3166CDFE6F9A1,4809897769086617214,True,True,True
42,6,19,1,CICIoT2023_LOCAL_TRAIN_RNG_V1|PREATTACK_IDENTITY_SHA256=81057E395366BA10088F4455897446945556325756CA18BBF39B5F5A6A1198E2|EXPERIMENTAL_SEED=42|ROUND=6|CLIENT_ID=19|PARTICIPATION_ORDINAL=1,04DBB9433BDECA4D025F698A5204996E00C82F86362300D4F42712C6BFB9C60E,350077094469749325,True,True,True
42,7,8,1,CICIoT2023_LOCAL_TRAIN_RNG_V1|PREATTACK_IDENTITY_SHA256=81057E395366BA10088F4455897446945556325756CA18BBF39B5F5A6A1198E2|EXPERIMENTAL_SEED=42|ROUND=7|CLIENT_ID=8|PARTICIPATION_ORDINAL=1,2B2ECD36E0437AAB1DC2BBA509E309F985B4BC492F6DD4C24445C6F679CF36B4,3111650028134038187,True,True,True
42,7,6,1,CICIoT2023_LOCAL_TRAIN_RNG_V1|PREATTACK_IDENTITY_SHA256=81057E395366BA10088F4455897446945556325756CA18BBF39B5F5A6A1198E2|EXPERIMENTAL_SEED=42|ROUND=7|CLIENT_ID=6|PARTICIPATION_ORDINAL=1,C0AD5F4A00F00FE9144B6B4B07A00A39534A6C159E8C851FF8235DA13B8F1903,13883857997701058537,True,True,True
42,7,4,1,CICIoT2023_LOCAL_TRAIN_RNG_V1|PREATTACK_IDENTITY_SHA256=81057E395366BA10088F4455897446945556325756CA18BBF39B5F5A6A1198E2|EXPERIMENTAL_SEED=42|ROUND=7|CLIENT_ID=4|PARTICIPATION_ORDINAL=1,4795926F68579149551B29C3B663DACECF1E45E53DEEF304137FEC29910AED3D,5158189955412365641,True,True,True
42,7,5,1,CICIoT2023_LOCAL_TRAIN_RNG_V1|PREATTACK_IDENTITY_SHA256=81057E395366BA10088F4455897446945556325756CA18BBF39B5F5A6A1198E2|EXPERIMENTAL_SEED=42|ROUND=7|CLIENT_ID=5|PARTICIPATION_ORDINAL=1,8755F70D62ADBE947823F3E9323C4EDE6EE4BEBD445320F22852B0E694383606,9751972205002866324,True,True,True
42,7,15,1,CICIoT2023_LOCAL_TRAIN_RNG_V1|PREATTACK_IDENTITY_SHA256=81057E395366BA10088F4455897446945556325756CA18BBF39B5F5A6A1198E2|EXPERIMENTAL_SEED=42|ROUND=7|CLIENT_ID=15|PARTICIPATION_ORDINAL=1,D54026B5353DD38EB11E5A71F5FFB817F7775949A9250684E81F17AB688DF910,15366324488312312718,True,True,True
42,7,25,1,CICIoT2023_LOCAL_TRAIN_RNG_V1|PREATTACK_IDENTITY_SHA256=81057E395366BA10088F4455897446945556325756CA18BBF39B5F5A6A1198E2|EXPERIMENTAL_SEED=42|ROUND=7|CLIENT_ID=25|PARTICIPATION_ORDINAL=1,5CAF942595278A1F5521EF483C9AF2982572FCBEE783B98D9311C4775E21D9CF,6678719661550832159,True,True,True
42,7,12,2,CICIoT2023_LOCAL_TRAIN_RNG_V1|PREATTACK_IDENTITY_SHA256=81057E395366BA10088F4455897446945556325756CA18BBF39B5F5A6A1198E2|EXPERIMENTAL_SEED=42|ROUND=7|CLIENT_ID=12|PARTICIPATION_ORDINAL=2,112EC9F03F6B3C813E0CA6EF6B2E667823DB04844638CF60A299F358E8C36B8C,1238148981266791553,True,True,True
42,7,20,2,CICIoT2023_LOCAL_TRAIN_RNG_V1|PREATTACK_IDENTITY_SHA256=81057E395366BA10088F4455897446945556325756CA18BBF39B5F5A6A1198E2|EXPERIMENTAL_SEED=42|ROUND=7|CLIENT_ID=20|PARTICIPATION_ORDINAL=2,BC1318C3BBE6B12F07A7AD0AD83B2209F143E121396D68588357395504F4B5BB,13552202932638101807,True,True,True
42,7,0,2,CICIoT2023_LOCAL_TRAIN_RNG_V1|PREATTACK_IDENTITY_SHA256=81057E395366BA10088F4455897446945556325756CA18BBF39B5F5A6A1198E2|EXPERIMENTAL_SEED=42|ROUND=7|CLIENT_ID=0|PARTICIPATION_ORDINAL=2,3DA8B583D63AA305D34710586F5B301D23FBD93E694C483F056472C8F8F917B6,4443000610240504581,True,True,True
42,8,6,2,CICIoT2023_LOCAL_TRAIN_RNG_V1|PREATTACK_IDENTITY_SHA256=81057E395366BA10088F4455897446945556325756CA18BBF39B5F5A6A1198E2|EXPERIMENTAL_SEED=42|ROUND=8|CLIENT_ID=6|PARTICIPATION_ORDINAL=2,31FDCCC94D3E799334D265341393432604417607EACDE79D88DB100205522BAA,3602260441922697619,True,True,True
42,8,25,2,CICIoT2023_LOCAL_TRAIN_RNG_V1|PREATTACK_IDENTITY_SHA256=81057E395366BA10088F4455897446945556325756CA18BBF39B5F5A6A1198E2|EXPERIMENTAL_SEED=42|ROUND=8|CLIENT_ID=25|PARTICIPATION_ORDINAL=2,1503E0BC39598863DD350D7795B089FD859458B50E19987BBF4EE4E61EDA75F2,1514300998747261027,True,True,True
42,8,28,2,CICIoT2023_LOCAL_TRAIN_RNG_V1|PREATTACK_IDENTITY_SHA256=81057E395366BA10088F4455897446945556325756CA18BBF39B5F5A6A1198E2|EXPERIMENTAL_SEED=42|ROUND=8|CLIENT_ID=28|PARTICIPATION_ORDINAL=2,0D511123282BAFD7FA80CDFBDD1B5508ED4DDE0A9802A8AD182EA6C5CB47870F,959567038302105559,True,True,True
42,8,14,2,CICIoT2023_LOCAL_TRAIN_RNG_V1|PREATTACK_IDENTITY_SHA256=81057E395366BA10088F4455897446945556325756CA18BBF39B5F5A6A1198E2|EXPERIMENTAL_SEED=42|ROUND=8|CLIENT_ID=14|PARTICIPATION_ORDINAL=2,D70B4555D393799F4EBA1F344303D2E46A26DC69005CC7735242E7C255AD7C5F,15495555177822517663,True,True,True
42,8,9,2,CICIoT2023_LOCAL_TRAIN_RNG_V1|PREATTACK_IDENTITY_SHA256=81057E395366BA10088F4455897446945556325756CA18BBF39B5F5A6A1198E2|EXPERIMENTAL_SEED=42|ROUND=8|CLIENT_ID=9|PARTICIPATION_ORDINAL=2,0957220973CD767FDE044C1FBCF9520423A12C950DECB828A8D14747612E230B,673044093308073599,True,True,True
42,8,17,2,CICIoT2023_LOCAL_TRAIN_RNG_V1|PREATTACK_IDENTITY_SHA256=81057E395366BA10088F4455897446945556325756CA18BBF39B5F5A6A1198E2|EXPERIMENTAL_SEED=42|ROUND=8|CLIENT_ID=17|PARTICIPATION_ORDINAL=2,8AE00B638EF7DC36D13CA220CB97C3B3C97448ED380E95FADB9EB9E26403ED50,10007010894245518390,True,True,True
42,8,23,2,CICIoT2023_LOCAL_TRAIN_RNG_V1|PREATTACK_IDENTITY_SHA256=81057E395366BA10088F4455897446945556325756CA18BBF39B5F5A6A1198E2|EXPERIMENTAL_SEED=42|ROUND=8|CLIENT_ID=23|PARTICIPATION_ORDINAL=2,6B884C3AB2965FD866295DD02A5750CAF96AF49EF0E3454EC90176C869B04CA2,7748526973878951896,True,True,True
42,8,19,2,CICIoT2023_LOCAL_TRAIN_RNG_V1|PREATTACK_IDENTITY_SHA256=81057E395366BA10088F4455897446945556325756CA18BBF39B5F5A6A1198E2|EXPERIMENTAL_SEED=42|ROUND=8|CLIENT_ID=19|PARTICIPATION_ORDINAL=2,4F07FA8626AAFF7626649B3F33D98CB3DA0EA5188221FED2DCFDB02BFC93CAA0,5694795707914583926,True,True,True
42,8,24,2,CICIoT2023_LOCAL_TRAIN_RNG_V1|PREATTACK_IDENTITY_SHA256=81057E395366BA10088F4455897446945556325756CA18BBF39B5F5A6A1198E2|EXPERIMENTAL_SEED=42|ROUND=8|CLIENT_ID=24|PARTICIPATION_ORDINAL=2,F66BDDF6A7AE19600E51768E3B3430D4D2EC26B1024DEB670DCDF4D989354163,17756530007283210592,True,True,True
42,9,26,2,CICIoT2023_LOCAL_TRAIN_RNG_V1|PREATTACK_IDENTITY_SHA256=81057E395366BA10088F4455897446945556325756CA18BBF39B5F5A6A1198E2|EXPERIMENTAL_SEED=42|ROUND=9|CLIENT_ID=26|PARTICIPATION_ORDINAL=2,E9C39AE3FE483FD9B0839B3E52C5357D6378E2B42A457E6EA53CEEEE992F41D9,16844477335310188505,True,True,True
42,9,8,2,CICIoT2023_LOCAL_TRAIN_RNG_V1|PREATTACK_IDENTITY_SHA256=81057E395366BA10088F4455897446945556325756CA18BBF39B5F5A6A1198E2|EXPERIMENTAL_SEED=42|ROUND=9|CLIENT_ID=8|PARTICIPATION_ORDINAL=2,8CE9FAD4ACACEAC5FF63749A63B6313FAA4409313E50892E59F2E1D736925D62,10153922626220518085,True,True,True
42,9,4,2,CICIoT2023_LOCAL_TRAIN_RNG_V1|PREATTACK_IDENTITY_SHA256=81057E395366BA10088F4455897446945556325756CA18BBF39B5F5A6A1198E2|EXPERIMENTAL_SEED=42|ROUND=9|CLIENT_ID=4|PARTICIPATION_ORDINAL=2,431B166A2A3FA677A3D4244D4FACB60A4F0E58FCB8DED35D19B05DA8C3414C3D,4835483270143518327,True,True,True
42,9,5,2,CICIoT2023_LOCAL_TRAIN_RNG_V1|PREATTACK_IDENTITY_SHA256=81057E395366BA10088F4455897446945556325756CA18BBF39B5F5A6A1198E2|EXPERIMENTAL_SEED=42|ROUND=9|CLIENT_ID=5|PARTICIPATION_ORDINAL=2,1D5205DC31339EEA65A4BCDE0B16FB8FE203297BFACD73CE6C57A9626B12527B,2112757618466594538,True,True,True
42,9,29,2,CICIoT2023_LOCAL_TRAIN_RNG_V1|PREATTACK_IDENTITY_SHA256=81057E395366BA10088F4455897446945556325756CA18BBF39B5F5A6A1198E2|EXPERIMENTAL_SEED=42|ROUND=9|CLIENT_ID=29|PARTICIPATION_ORDINAL=2,37E39FDFA4EEA75E4F89AAD14D9AEB74341E608DCCCFDFA5337F471EECC80EDD,4027238274692982622,True,True,True
42,9,22,2,CICIoT2023_LOCAL_TRAIN_RNG_V1|PREATTACK_IDENTITY_SHA256=81057E395366BA10088F4455897446945556325756CA18BBF39B5F5A6A1198E2|EXPERIMENTAL_SEED=42|ROUND=9|CLIENT_ID=22|PARTICIPATION_ORDINAL=2,B151D0AB6E7A94585EE70A7F483D4F3E3490ED85B557D1B60695F40E6E6AE661,12777223052538319960,True,True,True
42,9,2,2,CICIoT2023_LOCAL_TRAIN_RNG_V1|PREATTACK_IDENTITY_SHA256=81057E395366BA10088F4455897446945556325756CA18BBF39B5F5A6A1198E2|EXPERIMENTAL_SEED=42|ROUND=9|CLIENT_ID=2|PARTICIPATION_ORDINAL=2,960F4B285E18F5AABCC0E1CCF656B8EA489233A8FAD5B34A4FB55AD4A805945C,10812943867089319338,True,True,True
42,9,7,2,CICIoT2023_LOCAL_TRAIN_RNG_V1|PREATTACK_IDENTITY_SHA256=81057E395366BA10088F4455897446945556325756CA18BBF39B5F5A6A1198E2|EXPERIMENTAL_SEED=42|ROUND=9|CLIENT_ID=7|PARTICIPATION_ORDINAL=2,AA885207A80C0E189FAB9DD1FB6DCD1088A9F7D4B96FA9E159FF7B34CDFA6B21,12288161776118009368,True,True,True
42,9,3,2,CICIoT2023_LOCAL_TRAIN_RNG_V1|PREATTACK_IDENTITY_SHA256=81057E395366BA10088F4455897446945556325756CA18BBF39B5F5A6A1198E2|EXPERIMENTAL_SEED=42|ROUND=9|CLIENT_ID=3|PARTICIPATION_ORDINAL=2,A6478D38A51C9854272D80F8B42192E83856787F3E3D5CA7A1D76A73580D5381,11981700608070293588,True,True,True
42,10,18,2,CICIoT2023_LOCAL_TRAIN_RNG_V1|PREATTACK_IDENTITY_SHA256=81057E395366BA10088F4455897446945556325756CA18BBF39B5F5A6A1198E2|EXPERIMENTAL_SEED=42|ROUND=10|CLIENT_ID=18|PARTICIPATION_ORDINAL=2,08BA8E5D15AE679469AAD72E1A5CBBF4611001282FAA8740FD6B6567DF9481BD,628971628418459540,True,True,True
42,10,10,2,CICIoT2023_LOCAL_TRAIN_RNG_V1|PREATTACK_IDENTITY_SHA256=81057E395366BA10088F4455897446945556325756CA18BBF39B5F5A6A1198E2|EXPERIMENTAL_SEED=42|ROUND=10|CLIENT_ID=10|PARTICIPATION_ORDINAL=2,A1C282A28E8D64D24782BABF18345CC58FBD2446916F633E094194656051FFC8,11656022420276208850,True,True,True
42,10,27,2,CICIoT2023_LOCAL_TRAIN_RNG_V1|PREATTACK_IDENTITY_SHA256=81057E395366BA10088F4455897446945556325756CA18BBF39B5F5A6A1198E2|EXPERIMENTAL_SEED=42|ROUND=10|CLIENT_ID=27|PARTICIPATION_ORDINAL=2,643C5079E1D5A6779F1D178B5C82460EAEC1B3BF96A437C19CC645956B1C287A,7222736386805573239,True,True,True
42,10,13,2,CICIoT2023_LOCAL_TRAIN_RNG_V1|PREATTACK_IDENTITY_SHA256=81057E395366BA10088F4455897446945556325756CA18BBF39B5F5A6A1198E2|EXPERIMENTAL_SEED=42|ROUND=10|CLIENT_ID=13|PARTICIPATION_ORDINAL=2,679178DC4C8D14221C976F32D88B1472183594CB1FAC96F4E6315D4FDFA8E202,7462878945102074914,True,True,True
42,10,11,2,CICIoT2023_LOCAL_TRAIN_RNG_V1|PREATTACK_IDENTITY_SHA256=81057E395366BA10088F4455897446945556325756CA18BBF39B5F5A6A1198E2|EXPERIMENTAL_SEED=42|ROUND=10|CLIENT_ID=11|PARTICIPATION_ORDINAL=2,8856841E5F4612BE295D22EED7C1AC20C54A4F1E46390B66CEBF12FD46F57D79,9824184903137628862,True,True,True
42,10,16,2,CICIoT2023_LOCAL_TRAIN_RNG_V1|PREATTACK_IDENTITY_SHA256=81057E395366BA10088F4455897446945556325756CA18BBF39B5F5A6A1198E2|EXPERIMENTAL_SEED=42|ROUND=10|CLIENT_ID=16|PARTICIPATION_ORDINAL=2,D328092391AC815FE62D4AEBBC688427A99AA24205BC756A014F5EF063C35E78,15215421389443727711,True,True,True
42,10,1,2,CICIoT2023_LOCAL_TRAIN_RNG_V1|PREATTACK_IDENTITY_SHA256=81057E395366BA10088F4455897446945556325756CA18BBF39B5F5A6A1198E2|EXPERIMENTAL_SEED=42|ROUND=10|CLIENT_ID=1|PARTICIPATION_ORDINAL=2,7864DE8C13247940C0066F94AF5878170EF6F9B58FA53250CB46A583F333BDD3,8675303475420363072,True,True,True
42,10,15,2,CICIoT2023_LOCAL_TRAIN_RNG_V1|PREATTACK_IDENTITY_SHA256=81057E395366BA10088F4455897446945556325756CA18BBF39B5F5A6A1198E2|EXPERIMENTAL_SEED=42|ROUND=10|CLIENT_ID=15|PARTICIPATION_ORDINAL=2,A414BB25969B70FCF751F6817AB7A0B804F29C3FF2F820EEB0768BA1E63A46B6,11823280691869348092,True,True,True
42,10,21,2,CICIoT2023_LOCAL_TRAIN_RNG_V1|PREATTACK_IDENTITY_SHA256=81057E395366BA10088F4455897446945556325756CA18BBF39B5F5A6A1198E2|EXPERIMENTAL_SEED=42|ROUND=10|CLIENT_ID=21|PARTICIPATION_ORDINAL=2,AEE939B64A7D304217FD963CBAA57DDAE09FFD8533807AB3DA31215CCED10F17,12603668487269593154,True,True,True
42,11,21,3,CICIoT2023_LOCAL_TRAIN_RNG_V1|PREATTACK_IDENTITY_SHA256=81057E395366BA10088F4455897446945556325756CA18BBF39B5F5A6A1198E2|EXPERIMENTAL_SEED=42|ROUND=11|CLIENT_ID=21|PARTICIPATION_ORDINAL=3,2E8B83835999B92758B13E2ACC983EDD4DAFE6BAFC5CB452CA955321E2081EE9,3353918947674667303,True,True,True
42,11,0,3,CICIoT2023_LOCAL_TRAIN_RNG_V1|PREATTACK_IDENTITY_SHA256=81057E395366BA10088F4455897446945556325756CA18BBF39B5F5A6A1198E2|EXPERIMENTAL_SEED=42|ROUND=11|CLIENT_ID=0|PARTICIPATION_ORDINAL=3,E5856E5A2E67093635A035F5D3074AC5BEB77347EFEC67912A8B8306BF14CAD7,16538746540192631094,True,True,True
42,11,6,3,CICIoT2023_LOCAL_TRAIN_RNG_V1|PREATTACK_IDENTITY_SHA256=81057E395366BA10088F4455897446945556325756CA18BBF39B5F5A6A1198E2|EXPERIMENTAL_SEED=42|ROUND=11|CLIENT_ID=6|PARTICIPATION_ORDINAL=3,5715ABFC4A828A68BBD36667957A0D825B5711D3310ED072222C9A47DBF95AF0,6275110755880831592,True,True,True
42,11,12,3,CICIoT2023_LOCAL_TRAIN_RNG_V1|PREATTACK_IDENTITY_SHA256=81057E395366BA10088F4455897446945556325756CA18BBF39B5F5A6A1198E2|EXPERIMENTAL_SEED=42|ROUND=11|CLIENT_ID=12|PARTICIPATION_ORDINAL=3,90F3D727DCF7F99CBB93F40A0BBF03AC50AFB11C265485337BF99BB240FC2301,10444928527013247388,True,True,True
42,11,1,3,CICIoT2023_LOCAL_TRAIN_RNG_V1|PREATTACK_IDENTITY_SHA256=81057E395366BA10088F4455897446945556325756CA18BBF39B5F5A6A1198E2|EXPERIMENTAL_SEED=42|ROUND=11|CLIENT_ID=1|PARTICIPATION_ORDINAL=3,567C15EC43290367B4A140F7AD5CA09F607EF7EEA11A79C299A7A4D7F7855848,6231880088857150311,True,True,True
42,11,25,3,CICIoT2023_LOCAL_TRAIN_RNG_V1|PREATTACK_IDENTITY_SHA256=81057E395366BA10088F4455897446945556325756CA18BBF39B5F5A6A1198E2|EXPERIMENTAL_SEED=42|ROUND=11|CLIENT_ID=25|PARTICIPATION_ORDINAL=3,95FA308D99D17B152DB039F4FA888BEB095AE77644AA8265774C7FD52A07AE9E,10807003640558091029,True,True,True
42,11,9,3,CICIoT2023_LOCAL_TRAIN_RNG_V1|PREATTACK_IDENTITY_SHA256=81057E395366BA10088F4455897446945556325756CA18BBF39B5F5A6A1198E2|EXPERIMENTAL_SEED=42|ROUND=11|CLIENT_ID=9|PARTICIPATION_ORDINAL=3,10776E58B35EF61FE11401F58093E9274CBC17C8955296913D67C78F48933740,1186538354080937503,True,True,True
42,11,13,3,CICIoT2023_LOCAL_TRAIN_RNG_V1|PREATTACK_IDENTITY_SHA256=81057E395366BA10088F4455897446945556325756CA18BBF39B5F5A6A1198E2|EXPERIMENTAL_SEED=42|ROUND=11|CLIENT_ID=13|PARTICIPATION_ORDINAL=3,4F605FB72C006DEEFC0E2CAD3CB7973861ED6D3AA89267B19B4C7906B59F820D,5719676767082409454,True,True,True
42,11,24,3,CICIoT2023_LOCAL_TRAIN_RNG_V1|PREATTACK_IDENTITY_SHA256=81057E395366BA10088F4455897446945556325756CA18BBF39B5F5A6A1198E2|EXPERIMENTAL_SEED=42|ROUND=11|CLIENT_ID=24|PARTICIPATION_ORDINAL=3,42BA2B53BABD5029BE4CEE8C65ED634D8610FA72F1B424052FF64CAE302AD110,4808203190786674729,True,True,True
42,12,3,3,CICIoT2023_LOCAL_TRAIN_RNG_V1|PREATTACK_IDENTITY_SHA256=81057E395366BA10088F4455897446945556325756CA18BBF39B5F5A6A1198E2|EXPERIMENTAL_SEED=42|ROUND=12|CLIENT_ID=3|PARTICIPATION_ORDINAL=3,F9C3B80B3376BBB8F6BC1E31F5869466DBDD3B335C3D484B830A1CBF3AF4F6B3,17997430894150204344,True,True,True
42,12,16,3,CICIoT2023_LOCAL_TRAIN_RNG_V1|PREATTACK_IDENTITY_SHA256=81057E395366BA10088F4455897446945556325756CA18BBF39B5F5A6A1198E2|EXPERIMENTAL_SEED=42|ROUND=12|CLIENT_ID=16|PARTICIPATION_ORDINAL=3,1FC94F3C6BCF5BAA5B12E9AFE86BF5D6B033F2DD04301E00F29E347941AECAA4,2290449006419991466,True,True,True
42,12,18,3,CICIoT2023_LOCAL_TRAIN_RNG_V1|PREATTACK_IDENTITY_SHA256=81057E395366BA10088F4455897446945556325756CA18BBF39B5F5A6A1198E2|EXPERIMENTAL_SEED=42|ROUND=12|CLIENT_ID=18|PARTICIPATION_ORDINAL=3,F4698C63ED0D314CB922A51F5BB51FB25E41BDB254A7FD07DCFBDA062320ABB9,17611762178615750988,True,True,True
42,12,17,3,CICIoT2023_LOCAL_TRAIN_RNG_V1|PREATTACK_IDENTITY_SHA256=81057E395366BA10088F4455897446945556325756CA18BBF39B5F5A6A1198E2|EXPERIMENTAL_SEED=42|ROUND=12|CLIENT_ID=17|PARTICIPATION_ORDINAL=3,1B0CD8D1524F02B3B258F9204A66A3DE646DFF62B898A5BD1BDB8FB7D4004E1E,1949171132285256371,True,True,True
42,12,19,3,CICIoT2023_LOCAL_TRAIN_RNG_V1|PREATTACK_IDENTITY_SHA256=81057E395366BA10088F4455897446945556325756CA18BBF39B5F5A6A1198E2|EXPERIMENTAL_SEED=42|ROUND=12|CLIENT_ID=19|PARTICIPATION_ORDINAL=3,1306FAB810735213754956CD1F3EDACEE782F2DA578A738E35D78BF064C88E8E,1371058805037814291,True,True,True
42,12,23,3,CICIoT2023_LOCAL_TRAIN_RNG_V1|PREATTACK_IDENTITY_SHA256=81057E395366BA10088F4455897446945556325756CA18BBF39B5F5A6A1198E2|EXPERIMENTAL_SEED=42|ROUND=12|CLIENT_ID=23|PARTICIPATION_ORDINAL=3,FCFA0EE720B6004D981F067698C7401462E3CCCF6D49179A1342D4BBDEF3E507,18228898827584536653,True,True,True
42,12,7,3,CICIoT2023_LOCAL_TRAIN_RNG_V1|PREATTACK_IDENTITY_SHA256=81057E395366BA10088F4455897446945556325756CA18BBF39B5F5A6A1198E2|EXPERIMENTAL_SEED=42|ROUND=12|CLIENT_ID=7|PARTICIPATION_ORDINAL=3,A01D0802D0AB2DA9DB36CF41C05CBE21982FE1A39B7CECD144867BE9C946FBBF,11537386628576914857,True,True,True
42,12,2,3,CICIoT2023_LOCAL_TRAIN_RNG_V1|PREATTACK_IDENTITY_SHA256=81057E395366BA10088F4455897446945556325756CA18BBF39B5F5A6A1198E2|EXPERIMENTAL_SEED=42|ROUND=12|CLIENT_ID=2|PARTICIPATION_ORDINAL=3,4BC047D18A97F53A97EDAFB4B1E354C04DCD5BE856C127B4B3D11FF1AC9FF51C,5458441713671992634,True,True,True
42,12,29,3,CICIoT2023_LOCAL_TRAIN_RNG_V1|PREATTACK_IDENTITY_SHA256=81057E395366BA10088F4455897446945556325756CA18BBF39B5F5A6A1198E2|EXPERIMENTAL_SEED=42|ROUND=12|CLIENT_ID=29|PARTICIPATION_ORDINAL=3,06309105B3D3E5AADCC8DA531E8DEC4D7F83F2843A010F7A5D980E5E7C7CE344,446015816787551658,True,True,True
42,13,8,3,CICIoT2023_LOCAL_TRAIN_RNG_V1|PREATTACK_IDENTITY_SHA256=81057E395366BA10088F4455897446945556325756CA18BBF39B5F5A6A1198E2|EXPERIMENTAL_SEED=42|ROUND=13|CLIENT_ID=8|PARTICIPATION_ORDINAL=3,45B08F13758BD78C6A23775CB137D993C0833E85F400301EEE7A8D6F6DF52509,5021670898257352588,True,True,True
42,13,15,3,CICIoT2023_LOCAL_TRAIN_RNG_V1|PREATTACK_IDENTITY_SHA256=81057E395366BA10088F4455897446945556325756CA18BBF39B5F5A6A1198E2|EXPERIMENTAL_SEED=42|ROUND=13|CLIENT_ID=15|PARTICIPATION_ORDINAL=3,D57C8820119262FAF13C256CB85D246DA34940A1F4FFBCD2C033AD1DE0109A29,15383320098505908986,True,True,True
42,13,20,3,CICIoT2023_LOCAL_TRAIN_RNG_V1|PREATTACK_IDENTITY_SHA256=81057E395366BA10088F4455897446945556325756CA18BBF39B5F5A6A1198E2|EXPERIMENTAL_SEED=42|ROUND=13|CLIENT_ID=20|PARTICIPATION_ORDINAL=3,08CA15127348D5598F7BC7FF1ECEC7E99D4B054CF9785E79A89534891E791F39,633341866586723673,True,True,True
42,13,5,3,CICIoT2023_LOCAL_TRAIN_RNG_V1|PREATTACK_IDENTITY_SHA256=81057E395366BA10088F4455897446945556325756CA18BBF39B5F5A6A1198E2|EXPERIMENTAL_SEED=42|ROUND=13|CLIENT_ID=5|PARTICIPATION_ORDINAL=3,5DD110501D336D43061714D2959625FDD0B378E6AD87DD23A3399175B72A6D18,6760202451933162819,True,True,True
42,13,10,3,CICIoT2023_LOCAL_TRAIN_RNG_V1|PREATTACK_IDENTITY_SHA256=81057E395366BA10088F4455897446945556325756CA18BBF39B5F5A6A1198E2|EXPERIMENTAL_SEED=42|ROUND=13|CLIENT_ID=10|PARTICIPATION_ORDINAL=3,1C79422BF5E77101222D800C206E521617973F5E0D8E54617155956E65E99F8E,2051743861820584193,True,True,True
42,13,14,3,CICIoT2023_LOCAL_TRAIN_RNG_V1|PREATTACK_IDENTITY_SHA256=81057E395366BA10088F4455897446945556325756CA18BBF39B5F5A6A1198E2|EXPERIMENTAL_SEED=42|ROUND=13|CLIENT_ID=14|PARTICIPATION_ORDINAL=3,71796566C67FBA8456167D7502F936DB4D6D285FB93AA54AAE7C99AF0EF1B9C7,8176678090559175300,True,True,True
42,13,22,3,CICIoT2023_LOCAL_TRAIN_RNG_V1|PREATTACK_IDENTITY_SHA256=81057E395366BA10088F4455897446945556325756CA18BBF39B5F5A6A1198E2|EXPERIMENTAL_SEED=42|ROUND=13|CLIENT_ID=22|PARTICIPATION_ORDINAL=3,38F0CC3B4723EB45985A5770CF1ED903169DC52D58A7D3ED0B1FC96EF42BAC41,4103003815503194949,True,True,True
42,13,28,3,CICIoT2023_LOCAL_TRAIN_RNG_V1|PREATTACK_IDENTITY_SHA256=81057E395366BA10088F4455897446945556325756CA18BBF39B5F5A6A1198E2|EXPERIMENTAL_SEED=42|ROUND=13|CLIENT_ID=28|PARTICIPATION_ORDINAL=3,7A24E1FFBD4A15460B3921E25B21CA042115F8E48B08025F3914D5B1D520EDAF,8801408060297450822,True,True,True
42,13,27,3,CICIoT2023_LOCAL_TRAIN_RNG_V1|PREATTACK_IDENTITY_SHA256=81057E395366BA10088F4455897446945556325756CA18BBF39B5F5A6A1198E2|EXPERIMENTAL_SEED=42|ROUND=13|CLIENT_ID=27|PARTICIPATION_ORDINAL=3,236CB83F18D995C2BF761CC1F42C6FE78C7AA0FD3410BC086B5C90B13D9A4FF2,2552617669951591874,True,True,True
42,14,26,3,CICIoT2023_LOCAL_TRAIN_RNG_V1|PREATTACK_IDENTITY_SHA256=81057E395366BA10088F4455897446945556325756CA18BBF39B5F5A6A1198E2|EXPERIMENTAL_SEED=42|ROUND=14|CLIENT_ID=26|PARTICIPATION_ORDINAL=3,AE0D0C38E91EE51F3A1F0D9632E275B70B0DF5BC5E4ABD6BA3D13609679EF176,12541693975865517343,True,True,True
42,14,11,3,CICIoT2023_LOCAL_TRAIN_RNG_V1|PREATTACK_IDENTITY_SHA256=81057E395366BA10088F4455897446945556325756CA18BBF39B5F5A6A1198E2|EXPERIMENTAL_SEED=42|ROUND=14|CLIENT_ID=11|PARTICIPATION_ORDINAL=3,4C4D4C6A3EAD5BF81CD4AC40764CD0B1BD1CCDFD02EA9374CA66CE26403C5AFA,5498134739291036664,True,True,True
42,14,4,3,CICIoT2023_LOCAL_TRAIN_RNG_V1|PREATTACK_IDENTITY_SHA256=81057E395366BA10088F4455897446945556325756CA18BBF39B5F5A6A1198E2|EXPERIMENTAL_SEED=42|ROUND=14|CLIENT_ID=4|PARTICIPATION_ORDINAL=3,B2378839B7CC2C8573FDB5324D87C10CA6DDA5140FE5784A95C6826E0870CBA4,12841882643948383365,True,True,True
42,14,29,4,CICIoT2023_LOCAL_TRAIN_RNG_V1|PREATTACK_IDENTITY_SHA256=81057E395366BA10088F4455897446945556325756CA18BBF39B5F5A6A1198E2|EXPERIMENTAL_SEED=42|ROUND=14|CLIENT_ID=29|PARTICIPATION_ORDINAL=4,AEF1679BC75D8E39B781CCCE42FC30B9067451B496D204C0DA62A238A201431C,12605970750749118009,True,True,True
42,14,19,4,CICIoT2023_LOCAL_TRAIN_RNG_V1|PREATTACK_IDENTITY_SHA256=81057E395366BA10088F4455897446945556325756CA18BBF39B5F5A6A1198E2|EXPERIMENTAL_SEED=42|ROUND=14|CLIENT_ID=19|PARTICIPATION_ORDINAL=4,5D60022ECEBD82BD4E145A53F10DF26A4EB46F6547955D038AF41F2710D961F4,6728380243351798461,True,True,True
42,14,2,4,CICIoT2023_LOCAL_TRAIN_RNG_V1|PREATTACK_IDENTITY_SHA256=81057E395366BA10088F4455897446945556325756CA18BBF39B5F5A6A1198E2|EXPERIMENTAL_SEED=42|ROUND=14|CLIENT_ID=2|PARTICIPATION_ORDINAL=4,2C0B5A63D9B2D0FD9EAB1DC728069FB8AA85400EDCC6DAA0BC95F2CD688B3D08,3173729747313283325,True,True,True
42,14,12,4,CICIoT2023_LOCAL_TRAIN_RNG_V1|PREATTACK_IDENTITY_SHA256=81057E395366BA10088F4455897446945556325756CA18BBF39B5F5A6A1198E2|EXPERIMENTAL_SEED=42|ROUND=14|CLIENT_ID=12|PARTICIPATION_ORDINAL=4,58C1A62CCDCBDEF3466C7630802A7F0CFA4BAEE14138EE6C8EF7EA23C564CACC,6395575657204276979,True,True,True
42,14,8,4,CICIoT2023_LOCAL_TRAIN_RNG_V1|PREATTACK_IDENTITY_SHA256=81057E395366BA10088F4455897446945556325756CA18BBF39B5F5A6A1198E2|EXPERIMENTAL_SEED=42|ROUND=14|CLIENT_ID=8|PARTICIPATION_ORDINAL=4,4DAA00D5D6AEF9853178EE59D90E45465A48CFCCA3A4D826CCBCE9D48F3B3CC9,5596286405391088005,True,True,True
42,14,14,4,CICIoT2023_LOCAL_TRAIN_RNG_V1|PREATTACK_IDENTITY_SHA256=81057E395366BA10088F4455897446945556325756CA18BBF39B5F5A6A1198E2|EXPERIMENTAL_SEED=42|ROUND=14|CLIENT_ID=14|PARTICIPATION_ORDINAL=4,D88040739A5F39B9111DDD70E7FDF11C1077BFF17A19249E0C853642D55C6ED3,15600539974466746809,True,True,True
42,15,6,4,CICIoT2023_LOCAL_TRAIN_RNG_V1|PREATTACK_IDENTITY_SHA256=81057E395366BA10088F4455897446945556325756CA18BBF39B5F5A6A1198E2|EXPERIMENTAL_SEED=42|ROUND=15|CLIENT_ID=6|PARTICIPATION_ORDINAL=4,25918EF03903BD08E6B1C70E03395E0FE25D8242D622C4ECE02978490FFC67EC,2707102013426220296,True,True,True
42,15,18,4,CICIoT2023_LOCAL_TRAIN_RNG_V1|PREATTACK_IDENTITY_SHA256=81057E395366BA10088F4455897446945556325756CA18BBF39B5F5A6A1198E2|EXPERIMENTAL_SEED=42|ROUND=15|CLIENT_ID=18|PARTICIPATION_ORDINAL=4,9EC1A46F5590AFD414C1DA335039C681D445B0D7D94FD5763C897C47B2E36E65,11439605326581641172,True,True,True
42,15,9,4,CICIoT2023_LOCAL_TRAIN_RNG_V1|PREATTACK_IDENTITY_SHA256=81057E395366BA10088F4455897446945556325756CA18BBF39B5F5A6A1198E2|EXPERIMENTAL_SEED=42|ROUND=15|CLIENT_ID=9|PARTICIPATION_ORDINAL=4,84E74FBB45490E2F576B0B2D6B73874EF2D0FF0426C536A1E27DCE836A3A290F,9576710798366543407,True,True,True
42,15,13,4,CICIoT2023_LOCAL_TRAIN_RNG_V1|PREATTACK_IDENTITY_SHA256=81057E395366BA10088F4455897446945556325756CA18BBF39B5F5A6A1198E2|EXPERIMENTAL_SEED=42|ROUND=15|CLIENT_ID=13|PARTICIPATION_ORDINAL=4,F446DD8B7C9037B23945D0EFFACC8A4170481DF4D780D91B57C6FCC2C1342380,17601999784784181170,True,True,True
42,15,4,4,CICIoT2023_LOCAL_TRAIN_RNG_V1|PREATTACK_IDENTITY_SHA256=81057E395366BA10088F4455897446945556325756CA18BBF39B5F5A6A1198E2|EXPERIMENTAL_SEED=42|ROUND=15|CLIENT_ID=4|PARTICIPATION_ORDINAL=4,0225D36CEB5027ED654171D728C11121EE00D0506DE4D11E92E6E5B02B5C1D39,154762226971977709,True,True,True
42,15,21,4,CICIoT2023_LOCAL_TRAIN_RNG_V1|PREATTACK_IDENTITY_SHA256=81057E395366BA10088F4455897446945556325756CA18BBF39B5F5A6A1198E2|EXPERIMENTAL_SEED=42|ROUND=15|CLIENT_ID=21|PARTICIPATION_ORDINAL=4,7DDC42727EE63414DC97B1F5602226A6D64D91AF45DC6FDF98417E01FA4BC7E8,9069196809140057108,True,True,True
42,15,3,4,CICIoT2023_LOCAL_TRAIN_RNG_V1|PREATTACK_IDENTITY_SHA256=81057E395366BA10088F4455897446945556325756CA18BBF39B5F5A6A1198E2|EXPERIMENTAL_SEED=42|ROUND=15|CLIENT_ID=3|PARTICIPATION_ORDINAL=4,3ED2181D18D832C0CEA88D2A0144AAF5AB07272060A21CECC8A9F26B371C9D38,4526707088710709952,True,True,True
42,15,24,4,CICIoT2023_LOCAL_TRAIN_RNG_V1|PREATTACK_IDENTITY_SHA256=81057E395366BA10088F4455897446945556325756CA18BBF39B5F5A6A1198E2|EXPERIMENTAL_SEED=42|ROUND=15|CLIENT_ID=24|PARTICIPATION_ORDINAL=4,BE0E68FCBD9667A3F20097079E2BAEA0EE8CDC9FC96806C9D7498AC834ACA03A,13694998951602055075,True,True,True
42,15,0,4,CICIoT2023_LOCAL_TRAIN_RNG_V1|PREATTACK_IDENTITY_SHA256=81057E395366BA10088F4455897446945556325756CA18BBF39B5F5A6A1198E2|EXPERIMENTAL_SEED=42|ROUND=15|CLIENT_ID=0|PARTICIPATION_ORDINAL=4,037B4F6B1908FE16A39484D7B59B70772A84203356570BAC38451D83DFB8596D,250881525649309206,True,True,True
42,16,10,4,CICIoT2023_LOCAL_TRAIN_RNG_V1|PREATTACK_IDENTITY_SHA256=81057E395366BA10088F4455897446945556325756CA18BBF39B5F5A6A1198E2|EXPERIMENTAL_SEED=42|ROUND=16|CLIENT_ID=10|PARTICIPATION_ORDINAL=4,2CDA3E7ADCDEE194E9695FA3F596CA18561A1B8E1818A033B2FEAC99E8F8BF0E,3231964380004278676,True,True,True
42,16,11,4,CICIoT2023_LOCAL_TRAIN_RNG_V1|PREATTACK_IDENTITY_SHA256=81057E395366BA10088F4455897446945556325756CA18BBF39B5F5A6A1198E2|EXPERIMENTAL_SEED=42|ROUND=16|CLIENT_ID=11|PARTICIPATION_ORDINAL=4,A2E4376A2F5E287CDFA1DD62F0B6B579BEB20A27B75B39CA3C598F2C63B536F4,11737567458035116156,True,True,True
42,16,16,4,CICIoT2023_LOCAL_TRAIN_RNG_V1|PREATTACK_IDENTITY_SHA256=81057E395366BA10088F4455897446945556325756CA18BBF39B5F5A6A1198E2|EXPERIMENTAL_SEED=42|ROUND=16|CLIENT_ID=16|PARTICIPATION_ORDINAL=4,021A72FBD71431B8C61E82FE5E971256DE3AE6DC74F9B04E0AA0C77B545F8AFB,151559963441115576,True,True,True
42,16,5,4,CICIoT2023_LOCAL_TRAIN_RNG_V1|PREATTACK_IDENTITY_SHA256=81057E395366BA10088F4455897446945556325756CA18BBF39B5F5A6A1198E2|EXPERIMENTAL_SEED=42|ROUND=16|CLIENT_ID=5|PARTICIPATION_ORDINAL=4,3D1A985377C0103A4481238E47CAD4C8984BE9EE448102443F30DCF455817927,4402999069966864442,True,True,True
42,16,25,4,CICIoT2023_LOCAL_TRAIN_RNG_V1|PREATTACK_IDENTITY_SHA256=81057E395366BA10088F4455897446945556325756CA18BBF39B5F5A6A1198E2|EXPERIMENTAL_SEED=42|ROUND=16|CLIENT_ID=25|PARTICIPATION_ORDINAL=4,E161888A1D6D3772122E5490741806A4DF505664210484758394138C650DB0E8,16240411858055280498,True,True,True
42,16,17,4,CICIoT2023_LOCAL_TRAIN_RNG_V1|PREATTACK_IDENTITY_SHA256=81057E395366BA10088F4455897446945556325756CA18BBF39B5F5A6A1198E2|EXPERIMENTAL_SEED=42|ROUND=16|CLIENT_ID=17|PARTICIPATION_ORDINAL=4,72D4520E1778C9CFB9E770F39D2FCF7B234C5F7D9AF97408B4A93BADC57F1BCA,8274328635863255503,True,True,True
42,16,7,4,CICIoT2023_LOCAL_TRAIN_RNG_V1|PREATTACK_IDENTITY_SHA256=81057E395366BA10088F4455897446945556325756CA18BBF39B5F5A6A1198E2|EXPERIMENTAL_SEED=42|ROUND=16|CLIENT_ID=7|PARTICIPATION_ORDINAL=4,C847A9F80CB32A8FD4F7BA9222C1A0A3675A318A13C91D362F3EBADC1D4B5C47,14431690413762095759,True,True,True
42,16,28,4,CICIoT2023_LOCAL_TRAIN_RNG_V1|PREATTACK_IDENTITY_SHA256=81057E395366BA10088F4455897446945556325756CA18BBF39B5F5A6A1198E2|EXPERIMENTAL_SEED=42|ROUND=16|CLIENT_ID=28|PARTICIPATION_ORDINAL=4,CBD0CA14163D6AA5EF89A53B48207DD0D58C0701EB4542F6AFE2C7DCC7B80690,14686460572476467877,True,True,True
42,16,27,4,CICIoT2023_LOCAL_TRAIN_RNG_V1|PREATTACK_IDENTITY_SHA256=81057E395366BA10088F4455897446945556325756CA18BBF39B5F5A6A1198E2|EXPERIMENTAL_SEED=42|ROUND=16|CLIENT_ID=27|PARTICIPATION_ORDINAL=4,2F7CE5822292284B8E3134905DEBB55B8DF07E477B6F93DD490FB0EF069BCF4B,3421862163983247435,True,True,True
42,17,1,4,CICIoT2023_LOCAL_TRAIN_RNG_V1|PREATTACK_IDENTITY_SHA256=81057E395366BA10088F4455897446945556325756CA18BBF39B5F5A6A1198E2|EXPERIMENTAL_SEED=42|ROUND=17|CLIENT_ID=1|PARTICIPATION_ORDINAL=4,04663C533D8ECDA35ADBFFE9CAF8ECEF98611C3916678AA525E5BFACB02E979D,317007151988919715,True,True,True
42,17,26,4,CICIoT2023_LOCAL_TRAIN_RNG_V1|PREATTACK_IDENTITY_SHA256=81057E395366BA10088F4455897446945556325756CA18BBF39B5F5A6A1198E2|EXPERIMENTAL_SEED=42|ROUND=17|CLIENT_ID=26|PARTICIPATION_ORDINAL=4,ABFE545A1F767BB4E2216F8594B5324DC7C28CE59A513FED3609B7AF28ED49AE,12393435970621832116,True,True,True
42,17,22,4,CICIoT2023_LOCAL_TRAIN_RNG_V1|PREATTACK_IDENTITY_SHA256=81057E395366BA10088F4455897446945556325756CA18BBF39B5F5A6A1198E2|EXPERIMENTAL_SEED=42|ROUND=17|CLIENT_ID=22|PARTICIPATION_ORDINAL=4,1CF895358570045E7D9F28DB0607E5B74A089DEA811C93EE64FAB5F23FB9FEB5,2087582484390741086,True,True,True
42,17,23,4,CICIoT2023_LOCAL_TRAIN_RNG_V1|PREATTACK_IDENTITY_SHA256=81057E395366BA10088F4455897446945556325756CA18BBF39B5F5A6A1198E2|EXPERIMENTAL_SEED=42|ROUND=17|CLIENT_ID=23|PARTICIPATION_ORDINAL=4,E31130C12F4831AE26814DF6B305AF12DE124BF770ACC57D3AFF5E212F15D02D,16361912527493804462,True,True,True
42,17,15,4,CICIoT2023_LOCAL_TRAIN_RNG_V1|PREATTACK_IDENTITY_SHA256=81057E395366BA10088F4455897446945556325756CA18BBF39B5F5A6A1198E2|EXPERIMENTAL_SEED=42|ROUND=17|CLIENT_ID=15|PARTICIPATION_ORDINAL=4,438E4D7703E9D229B48422CDA3C850CEE8434F0A93CF0D4A0351222A28FC0AD9,4867913420796187177,True,True,True
42,17,20,4,CICIoT2023_LOCAL_TRAIN_RNG_V1|PREATTACK_IDENTITY_SHA256=81057E395366BA10088F4455897446945556325756CA18BBF39B5F5A6A1198E2|EXPERIMENTAL_SEED=42|ROUND=17|CLIENT_ID=20|PARTICIPATION_ORDINAL=4,32B7EF1BAA41A2F066F2A007C11F2AA85B4716B43D3370989A3036598A0A925F,3654652524734030576,True,True,True
42,17,5,5,CICIoT2023_LOCAL_TRAIN_RNG_V1|PREATTACK_IDENTITY_SHA256=81057E395366BA10088F4455897446945556325756CA18BBF39B5F5A6A1198E2|EXPERIMENTAL_SEED=42|ROUND=17|CLIENT_ID=5|PARTICIPATION_ORDINAL=5,A9B5CE7F2762B36CDE89F601FB242A5960AD96CC8D91A2C127FDE8B44D9EE26E,12228907408711398252,True,True,True
42,17,3,5,CICIoT2023_LOCAL_TRAIN_RNG_V1|PREATTACK_IDENTITY_SHA256=81057E395366BA10088F4455897446945556325756CA18BBF39B5F5A6A1198E2|EXPERIMENTAL_SEED=42|ROUND=17|CLIENT_ID=3|PARTICIPATION_ORDINAL=5,E481CD8B0C6B29637F31C2ECEA672D0D608EA4FA9BC75E5CDE6CCA3E77B0249C,16465667709735741795,True,True,True
42,17,24,5,CICIoT2023_LOCAL_TRAIN_RNG_V1|PREATTACK_IDENTITY_SHA256=81057E395366BA10088F4455897446945556325756CA18BBF39B5F5A6A1198E2|EXPERIMENTAL_SEED=42|ROUND=17|CLIENT_ID=24|PARTICIPATION_ORDINAL=5,F1B0C202103E0D1D504D0CBA11A181324558B924D8508ED8E444C1CC14FB9E8E,17415633073159933213,True,True,True
42,18,26,5,CICIoT2023_LOCAL_TRAIN_RNG_V1|PREATTACK_IDENTITY_SHA256=81057E395366BA10088F4455897446945556325756CA18BBF39B5F5A6A1198E2|EXPERIMENTAL_SEED=42|ROUND=18|CLIENT_ID=26|PARTICIPATION_ORDINAL=5,AF84E9FE1AFAE873D5329154F9A3938E685D569E64DE2B09633C43B692FAF20C,12647490931146811507,True,True,True
42,18,4,5,CICIoT2023_LOCAL_TRAIN_RNG_V1|PREATTACK_IDENTITY_SHA256=81057E395366BA10088F4455897446945556325756CA18BBF39B5F5A6A1198E2|EXPERIMENTAL_SEED=42|ROUND=18|CLIENT_ID=4|PARTICIPATION_ORDINAL=5,41F0269153F5C8D00AE677D2382B062E25831C02A3F6A28539A11C7333738A67,4751340012496603344,True,True,True
42,18,17,5,CICIoT2023_LOCAL_TRAIN_RNG_V1|PREATTACK_IDENTITY_SHA256=81057E395366BA10088F4455897446945556325756CA18BBF39B5F5A6A1198E2|EXPERIMENTAL_SEED=42|ROUND=18|CLIENT_ID=17|PARTICIPATION_ORDINAL=5,783FCD04B2828C3FC311FA663D27A3FEF0AF6DCBC2B8A37249C2C0B778B98A0E,8664869628142586943,True,True,True
42,18,14,5,CICIoT2023_LOCAL_TRAIN_RNG_V1|PREATTACK_IDENTITY_SHA256=81057E395366BA10088F4455897446945556325756CA18BBF39B5F5A6A1198E2|EXPERIMENTAL_SEED=42|ROUND=18|CLIENT_ID=14|PARTICIPATION_ORDINAL=5,5E1386EB92559322CF58B41671DA64A43DC515F00CAB196DB48BD258569A820B,6778910210453246754,True,True,True
42,18,29,5,CICIoT2023_LOCAL_TRAIN_RNG_V1|PREATTACK_IDENTITY_SHA256=81057E395366BA10088F4455897446945556325756CA18BBF39B5F5A6A1198E2|EXPERIMENTAL_SEED=42|ROUND=18|CLIENT_ID=29|PARTICIPATION_ORDINAL=5,FDE7422AAD9AB89CBAC08E49D0CAE7873789F5135B9D678B3893B73EC8F8E31A,18295664762284587164,True,True,True
42,18,28,5,CICIoT2023_LOCAL_TRAIN_RNG_V1|PREATTACK_IDENTITY_SHA256=81057E395366BA10088F4455897446945556325756CA18BBF39B5F5A6A1198E2|EXPERIMENTAL_SEED=42|ROUND=18|CLIENT_ID=28|PARTICIPATION_ORDINAL=5,3FCCFD0E1F259A26AB669BED6596CBD15083F750790EB506B1DEF4B2E022B026,4597327556732361254,True,True,True
42,18,2,5,CICIoT2023_LOCAL_TRAIN_RNG_V1|PREATTACK_IDENTITY_SHA256=81057E395366BA10088F4455897446945556325756CA18BBF39B5F5A6A1198E2|EXPERIMENTAL_SEED=42|ROUND=18|CLIENT_ID=2|PARTICIPATION_ORDINAL=5,77B931384A4F76B7C6EDBA830110AE10131487727A7FEA3292E9D92EF7287B63,8626980679039547063,True,True,True
42,18,12,5,CICIoT2023_LOCAL_TRAIN_RNG_V1|PREATTACK_IDENTITY_SHA256=81057E395366BA10088F4455897446945556325756CA18BBF39B5F5A6A1198E2|EXPERIMENTAL_SEED=42|ROUND=18|CLIENT_ID=12|PARTICIPATION_ORDINAL=5,B6B744F46D34A067C1FEF5E3401C03422E1B98725EF8E7ED0E67AFB5C937C8D6,13166067852235808871,True,True,True
42,18,13,5,CICIoT2023_LOCAL_TRAIN_RNG_V1|PREATTACK_IDENTITY_SHA256=81057E395366BA10088F4455897446945556325756CA18BBF39B5F5A6A1198E2|EXPERIMENTAL_SEED=42|ROUND=18|CLIENT_ID=13|PARTICIPATION_ORDINAL=5,6FE39680CAD867BEDDBFE502BAA337487BBE161FC3F12B45FB81E59A1EAD51C1,8062453237826480062,True,True,True
42,19,7,5,CICIoT2023_LOCAL_TRAIN_RNG_V1|PREATTACK_IDENTITY_SHA256=81057E395366BA10088F4455897446945556325756CA18BBF39B5F5A6A1198E2|EXPERIMENTAL_SEED=42|ROUND=19|CLIENT_ID=7|PARTICIPATION_ORDINAL=5,EFBDD8FEB32CFDC2E84C9B985547B23ED7A086A4A37CB52262B18929741706A6,17275202334102453698,True,True,True
42,19,15,5,CICIoT2023_LOCAL_TRAIN_RNG_V1|PREATTACK_IDENTITY_SHA256=81057E395366BA10088F4455897446945556325756CA18BBF39B5F5A6A1198E2|EXPERIMENTAL_SEED=42|ROUND=19|CLIENT_ID=15|PARTICIPATION_ORDINAL=5,DCE5AAB99C464911CB3ACEFC2716A7E666DBFEE6516E180725D82723B4172C81,15917316172178409745,True,True,True
42,19,20,5,CICIoT2023_LOCAL_TRAIN_RNG_V1|PREATTACK_IDENTITY_SHA256=81057E395366BA10088F4455897446945556325756CA18BBF39B5F5A6A1198E2|EXPERIMENTAL_SEED=42|ROUND=19|CLIENT_ID=20|PARTICIPATION_ORDINAL=5,FEBB95D8A4C8B2F1CF13D1D9E4BE9BF912E6584478F1509B2C3A625921F7F917,18355429463988679409,True,True,True
42,19,16,5,CICIoT2023_LOCAL_TRAIN_RNG_V1|PREATTACK_IDENTITY_SHA256=81057E395366BA10088F4455897446945556325756CA18BBF39B5F5A6A1198E2|EXPERIMENTAL_SEED=42|ROUND=19|CLIENT_ID=16|PARTICIPATION_ORDINAL=5,22DF25BB660BCAF2C38916BC0C9620CEEF5BAB9082AFCA5725C425E371925540,2512768603897187058,True,True,True
42,19,23,5,CICIoT2023_LOCAL_TRAIN_RNG_V1|PREATTACK_IDENTITY_SHA256=81057E395366BA10088F4455897446945556325756CA18BBF39B5F5A6A1198E2|EXPERIMENTAL_SEED=42|ROUND=19|CLIENT_ID=23|PARTICIPATION_ORDINAL=5,58A1CCB6B868FC50D3CFEBB822203BF3E892E3FB41DD3FF731112B8FFBC14604,6386610831738076240,True,True,True
42,19,27,5,CICIoT2023_LOCAL_TRAIN_RNG_V1|PREATTACK_IDENTITY_SHA256=81057E395366BA10088F4455897446945556325756CA18BBF39B5F5A6A1198E2|EXPERIMENTAL_SEED=42|ROUND=19|CLIENT_ID=27|PARTICIPATION_ORDINAL=5,1B97A2365947F4319742D066F09141122C5FBDBFE2E72277FC0D707E860A6BBC,1988236114817184817,True,True,True
42,19,22,5,CICIoT2023_LOCAL_TRAIN_RNG_V1|PREATTACK_IDENTITY_SHA256=81057E395366BA10088F4455897446945556325756CA18BBF39B5F5A6A1198E2|EXPERIMENTAL_SEED=42|ROUND=19|CLIENT_ID=22|PARTICIPATION_ORDINAL=5,D44D60F9BC883E26E25E522216E68FBCFEA6413806CD3A5AB869C8D25A6A9B5C,15297990134973611558,True,True,True
42,19,9,5,CICIoT2023_LOCAL_TRAIN_RNG_V1|PREATTACK_IDENTITY_SHA256=81057E395366BA10088F4455897446945556325756CA18BBF39B5F5A6A1198E2|EXPERIMENTAL_SEED=42|ROUND=19|CLIENT_ID=9|PARTICIPATION_ORDINAL=5,BFFE6855EB41CF5AFAD272417B1B9522FFFE4906F233DF2965F35D57A3AEC41D,13834609823557209946,True,True,True
42,19,1,5,CICIoT2023_LOCAL_TRAIN_RNG_V1|PREATTACK_IDENTITY_SHA256=81057E395366BA10088F4455897446945556325756CA18BBF39B5F5A6A1198E2|EXPERIMENTAL_SEED=42|ROUND=19|CLIENT_ID=1|PARTICIPATION_ORDINAL=5,D536CE2820BAE80978E6AD168B0AEA4E296270B180BE4986ACEE0D2C63D5ECBB,15363693850564159497,True,True,True
42,20,6,5,CICIoT2023_LOCAL_TRAIN_RNG_V1|PREATTACK_IDENTITY_SHA256=81057E395366BA10088F4455897446945556325756CA18BBF39B5F5A6A1198E2|EXPERIMENTAL_SEED=42|ROUND=20|CLIENT_ID=6|PARTICIPATION_ORDINAL=5,59732EEBCB4CD825D0004E1CEEF495DC22574B77E93C32E261818EC77B8C3DB4,6445547081960314917,True,True,True
42,20,11,5,CICIoT2023_LOCAL_TRAIN_RNG_V1|PREATTACK_IDENTITY_SHA256=81057E395366BA10088F4455897446945556325756CA18BBF39B5F5A6A1198E2|EXPERIMENTAL_SEED=42|ROUND=20|CLIENT_ID=11|PARTICIPATION_ORDINAL=5,2274A146C007FD0F889965D732512CCD18FD28D8D0914CB48C2E3EC19FD36A7B,2482786619829517583,True,True,True
42,20,21,5,CICIoT2023_LOCAL_TRAIN_RNG_V1|PREATTACK_IDENTITY_SHA256=81057E395366BA10088F4455897446945556325756CA18BBF39B5F5A6A1198E2|EXPERIMENTAL_SEED=42|ROUND=20|CLIENT_ID=21|PARTICIPATION_ORDINAL=5,CF81B54131156A1857B980D144458079895DDCAD11A40CF5F9030AB64584AA42,14952431529447746072,True,True,True
42,20,10,5,CICIoT2023_LOCAL_TRAIN_RNG_V1|PREATTACK_IDENTITY_SHA256=81057E395366BA10088F4455897446945556325756CA18BBF39B5F5A6A1198E2|EXPERIMENTAL_SEED=42|ROUND=20|CLIENT_ID=10|PARTICIPATION_ORDINAL=5,EEDC4B6905B67EB059D2B3630616D8675CA14AFFBE00AE5E80F0C74A5651EEEA,17211714790342688432,True,True,True
42,20,25,5,CICIoT2023_LOCAL_TRAIN_RNG_V1|PREATTACK_IDENTITY_SHA256=81057E395366BA10088F4455897446945556325756CA18BBF39B5F5A6A1198E2|EXPERIMENTAL_SEED=42|ROUND=20|CLIENT_ID=25|PARTICIPATION_ORDINAL=5,87800716EFF119095E8E38D7F666C028C9F805F894EAC240E497697AAA7529A4,9763811787235465481,True,True,True
42,20,19,5,CICIoT2023_LOCAL_TRAIN_RNG_V1|PREATTACK_IDENTITY_SHA256=81057E395366BA10088F4455897446945556325756CA18BBF39B5F5A6A1198E2|EXPERIMENTAL_SEED=42|ROUND=20|CLIENT_ID=19|PARTICIPATION_ORDINAL=5,ED1EE7DFBFEC3D8B76DEAF468A885A3734ADF7C18282A66C08BF41A38A86C234,17086348984473894283,True,True,True
42,20,0,5,CICIoT2023_LOCAL_TRAIN_RNG_V1|PREATTACK_IDENTITY_SHA256=81057E395366BA10088F4455897446945556325756CA18BBF39B5F5A6A1198E2|EXPERIMENTAL_SEED=42|ROUND=20|CLIENT_ID=0|PARTICIPATION_ORDINAL=5,CB1BBB0F66BD8DC985D905EB36740121B124EFA0FACE8661CADAEA77B7C66693,14635497088893160905,True,True,True
42,20,18,5,CICIoT2023_LOCAL_TRAIN_RNG_V1|PREATTACK_IDENTITY_SHA256=81057E395366BA10088F4455897446945556325756CA18BBF39B5F5A6A1198E2|EXPERIMENTAL_SEED=42|ROUND=20|CLIENT_ID=18|PARTICIPATION_ORDINAL=5,760DA1DC0E4EF7EF6858ECB841618C727A969506C1A65544115FA794521F6D93,8506633237677668335,True,True,True
42,20,8,5,CICIoT2023_LOCAL_TRAIN_RNG_V1|PREATTACK_IDENTITY_SHA256=81057E395366BA10088F4455897446945556325756CA18BBF39B5F5A6A1198E2|EXPERIMENTAL_SEED=42|ROUND=20|CLIENT_ID=8|PARTICIPATION_ORDINAL=5,ADAC665DCA706CA05BD605DD7468B6923914B90C47887B7E8B601DAB6602D9EA,12514490017570122912,True,True,True
123,1,4,0,CICIoT2023_LOCAL_TRAIN_RNG_V1|PREATTACK_IDENTITY_SHA256=81057E395366BA10088F4455897446945556325756CA18BBF39B5F5A6A1198E2|EXPERIMENTAL_SEED=123|ROUND=1|CLIENT_ID=4|PARTICIPATION_ORDINAL=0,B2548712CA204E4D50E187FF799F0875E77475D3F17A123FCC3E15D43A8F0FA5,12850044151565143629,True,True,True
123,1,27,0,CICIoT2023_LOCAL_TRAIN_RNG_V1|PREATTACK_IDENTITY_SHA256=81057E395366BA10088F4455897446945556325756CA18BBF39B5F5A6A1198E2|EXPERIMENTAL_SEED=123|ROUND=1|CLIENT_ID=27|PARTICIPATION_ORDINAL=0,587717B7D5D7EC46F0E875F58240A4AEC9719CC30BAA19C82506ABF3FB978914,6374589875900378182,True,True,True
123,1,29,0,CICIoT2023_LOCAL_TRAIN_RNG_V1|PREATTACK_IDENTITY_SHA256=81057E395366BA10088F4455897446945556325756CA18BBF39B5F5A6A1198E2|EXPERIMENTAL_SEED=123|ROUND=1|CLIENT_ID=29|PARTICIPATION_ORDINAL=0,65EA973FFE65F8E2101F175B4383D3FC917A44712EB32915F2A60400F9A6B454,7343848443487844578,True,True,True
123,1,10,0,CICIoT2023_LOCAL_TRAIN_RNG_V1|PREATTACK_IDENTITY_SHA256=81057E395366BA10088F4455897446945556325756CA18BBF39B5F5A6A1198E2|EXPERIMENTAL_SEED=123|ROUND=1|CLIENT_ID=10|PARTICIPATION_ORDINAL=0,D6E309A67F52EA98A90B6DE187AA7295DF0E0B581F821C4F5C894F849C062B3B,15484230554535258776,True,True,True
123,1,3,0,CICIoT2023_LOCAL_TRAIN_RNG_V1|PREATTACK_IDENTITY_SHA256=81057E395366BA10088F4455897446945556325756CA18BBF39B5F5A6A1198E2|EXPERIMENTAL_SEED=123|ROUND=1|CLIENT_ID=3|PARTICIPATION_ORDINAL=0,929698E178A10232902B4D41A4D4D616278008131C2CB31E0646528D28EF3F72,10562798070202958386,True,True,True
123,1,21,0,CICIoT2023_LOCAL_TRAIN_RNG_V1|PREATTACK_IDENTITY_SHA256=81057E395366BA10088F4455897446945556325756CA18BBF39B5F5A6A1198E2|EXPERIMENTAL_SEED=123|ROUND=1|CLIENT_ID=21|PARTICIPATION_ORDINAL=0,44504126F745D08A1AD1A5A763B6943D7D5F5790AD4424A0CCED25FB11D5CABD,4922506028329062538,True,True,True
123,1,14,0,CICIoT2023_LOCAL_TRAIN_RNG_V1|PREATTACK_IDENTITY_SHA256=81057E395366BA10088F4455897446945556325756CA18BBF39B5F5A6A1198E2|EXPERIMENTAL_SEED=123|ROUND=1|CLIENT_ID=14|PARTICIPATION_ORDINAL=0,EFECA1BB3B249AD8836169EB13F5562BCB2F6971FDD02B8FE00F08CED790891F,17288370895091702488,True,True,True
123,1,18,0,CICIoT2023_LOCAL_TRAIN_RNG_V1|PREATTACK_IDENTITY_SHA256=81057E395366BA10088F4455897446945556325756CA18BBF39B5F5A6A1198E2|EXPERIMENTAL_SEED=123|ROUND=1|CLIENT_ID=18|PARTICIPATION_ORDINAL=0,DBAE55F81CE0F8A2F08B95CAE168330EF3F6C0C8812C2752AB8F3AD2302E33B9,15829684264378628258,True,True,True
123,1,12,0,CICIoT2023_LOCAL_TRAIN_RNG_V1|PREATTACK_IDENTITY_SHA256=81057E395366BA10088F4455897446945556325756CA18BBF39B5F5A6A1198E2|EXPERIMENTAL_SEED=123|ROUND=1|CLIENT_ID=12|PARTICIPATION_ORDINAL=0,9E02C27851D5475E695EDABA43EB804F54F1BC4C21423FE3E23C1535279387D3,11385876629970831198,True,True,True
123,2,15,0,CICIoT2023_LOCAL_TRAIN_RNG_V1|PREATTACK_IDENTITY_SHA256=81057E395366BA10088F4455897446945556325756CA18BBF39B5F5A6A1198E2|EXPERIMENTAL_SEED=123|ROUND=2|CLIENT_ID=15|PARTICIPATION_ORDINAL=0,00DFE55FF956D0A13464A4D7A4F208DC38219A48A07F5BAE450BF9CD71264DBE,63021120174346401,True,True,True
123,2,11,0,CICIoT2023_LOCAL_TRAIN_RNG_V1|PREATTACK_IDENTITY_SHA256=81057E395366BA10088F4455897446945556325756CA18BBF39B5F5A6A1198E2|EXPERIMENTAL_SEED=123|ROUND=2|CLIENT_ID=11|PARTICIPATION_ORDINAL=0,52E66620990E19DA6264DD41E7C25517A2295820B1C9FB5014D486253239E1DE,5973574245946366426,True,True,True
123,2,28,0,CICIoT2023_LOCAL_TRAIN_RNG_V1|PREATTACK_IDENTITY_SHA256=81057E395366BA10088F4455897446945556325756CA18BBF39B5F5A6A1198E2|EXPERIMENTAL_SEED=123|ROUND=2|CLIENT_ID=28|PARTICIPATION_ORDINAL=0,045551D0B968E74B0407ACF43B4AC89DBEF000B1CEADF13893E039833B1644F2,312245706077824843,True,True,True
123,2,0,0,CICIoT2023_LOCAL_TRAIN_RNG_V1|PREATTACK_IDENTITY_SHA256=81057E395366BA10088F4455897446945556325756CA18BBF39B5F5A6A1198E2|EXPERIMENTAL_SEED=123|ROUND=2|CLIENT_ID=0|PARTICIPATION_ORDINAL=0,1554659F7F2C095C16A9B7F2F1776095964CBC49FDB4241FB09F6D0B7C21A4D6,1536965108547979612,True,True,True
123,2,17,0,CICIoT2023_LOCAL_TRAIN_RNG_V1|PREATTACK_IDENTITY_SHA256=81057E395366BA10088F4455897446945556325756CA18BBF39B5F5A6A1198E2|EXPERIMENTAL_SEED=123|ROUND=2|CLIENT_ID=17|PARTICIPATION_ORDINAL=0,3357C5DC365996BEF205937D9A3417C254A77534A68335DEE6B435B9A7318101,3699643168503469758,True,True,True
123,2,24,0,CICIoT2023_LOCAL_TRAIN_RNG_V1|PREATTACK_IDENTITY_SHA256=81057E395366BA10088F4455897446945556325756CA18BBF39B5F5A6A1198E2|EXPERIMENTAL_SEED=123|ROUND=2|CLIENT_ID=24|PARTICIPATION_ORDINAL=0,4BB7E17071B85A11DA082262D0BAEC8FF68C2C28822966317FDA5229188911C6,5456077346643139089,True,True,True
123,2,13,0,CICIoT2023_LOCAL_TRAIN_RNG_V1|PREATTACK_IDENTITY_SHA256=81057E395366BA10088F4455897446945556325756CA18BBF39B5F5A6A1198E2|EXPERIMENTAL_SEED=123|ROUND=2|CLIENT_ID=13|PARTICIPATION_ORDINAL=0,B879677C249CB2BD4FA4AD0C630DFD43494506953E63CE2D0C958971B397F250,13292769558048584381,True,True,True
123,2,16,0,CICIoT2023_LOCAL_TRAIN_RNG_V1|PREATTACK_IDENTITY_SHA256=81057E395366BA10088F4455897446945556325756CA18BBF39B5F5A6A1198E2|EXPERIMENTAL_SEED=123|ROUND=2|CLIENT_ID=16|PARTICIPATION_ORDINAL=0,FEC971DEE6871D1968C4C6F3E3395242BC2D6E67B62B935270E93FD654C692BB,18359330558116830489,True,True,True
123,2,2,0,CICIoT2023_LOCAL_TRAIN_RNG_V1|PREATTACK_IDENTITY_SHA256=81057E395366BA10088F4455897446945556325756CA18BBF39B5F5A6A1198E2|EXPERIMENTAL_SEED=123|ROUND=2|CLIENT_ID=2|PARTICIPATION_ORDINAL=0,2A25C801593D0C7693D3914E89BAC1B1D17A13C8E30BF9561593F398B9A9C21E,3037053431848963190,True,True,True
123,3,19,0,CICIoT2023_LOCAL_TRAIN_RNG_V1|PREATTACK_IDENTITY_SHA256=81057E395366BA10088F4455897446945556325756CA18BBF39B5F5A6A1198E2|EXPERIMENTAL_SEED=123|ROUND=3|CLIENT_ID=19|PARTICIPATION_ORDINAL=0,C3869F64EE914AA112A888097D242EB70BAFD5B210120C1866CF6ED29AE47988,14089123740123220641,True,True,True
123,3,9,0,CICIoT2023_LOCAL_TRAIN_RNG_V1|PREATTACK_IDENTITY_SHA256=81057E395366BA10088F4455897446945556325756CA18BBF39B5F5A6A1198E2|EXPERIMENTAL_SEED=123|ROUND=3|CLIENT_ID=9|PARTICIPATION_ORDINAL=0,0E064972F903CD9BEAD81E2AE89B7A58B868A6341D6B36E5B6D0B08F298386F3,1010575924544130459,True,True,True
123,3,5,0,CICIoT2023_LOCAL_TRAIN_RNG_V1|PREATTACK_IDENTITY_SHA256=81057E395366BA10088F4455897446945556325756CA18BBF39B5F5A6A1198E2|EXPERIMENTAL_SEED=123|ROUND=3|CLIENT_ID=5|PARTICIPATION_ORDINAL=0,B3E4192ED305796561EB0818D105E658799B037632D572DCFB28FC10521DE7F0,12962513316378671461,True,True,True
123,3,1,0,CICIoT2023_LOCAL_TRAIN_RNG_V1|PREATTACK_IDENTITY_SHA256=81057E395366BA10088F4455897446945556325756CA18BBF39B5F5A6A1198E2|EXPERIMENTAL_SEED=123|ROUND=3|CLIENT_ID=1|PARTICIPATION_ORDINAL=0,1CB91CADFB7A75029AECE40AC8E856F1B9E484C22C024BCD9C7B3183F40E3A62,2069717037327480066,True,True,True
123,3,7,0,CICIoT2023_LOCAL_TRAIN_RNG_V1|PREATTACK_IDENTITY_SHA256=81057E395366BA10088F4455897446945556325756CA18BBF39B5F5A6A1198E2|EXPERIMENTAL_SEED=123|ROUND=3|CLIENT_ID=7|PARTICIPATION_ORDINAL=0,58F606ABD9EBC519F1426B09DABF1A50D02F0F14B5B0EC70559B5B75822C05FF,6410318454773761305,True,True,True
123,3,22,0,CICIoT2023_LOCAL_TRAIN_RNG_V1|PREATTACK_IDENTITY_SHA256=81057E395366BA10088F4455897446945556325756CA18BBF39B5F5A6A1198E2|EXPERIMENTAL_SEED=123|ROUND=3|CLIENT_ID=22|PARTICIPATION_ORDINAL=0,DA1D7DF19561BD1DDF91C2C57909C1ADD463057CC3B6F0ED24C5359CA9538F4C,15716856751139699997,True,True,True
123,3,20,0,CICIoT2023_LOCAL_TRAIN_RNG_V1|PREATTACK_IDENTITY_SHA256=81057E395366BA10088F4455897446945556325756CA18BBF39B5F5A6A1198E2|EXPERIMENTAL_SEED=123|ROUND=3|CLIENT_ID=20|PARTICIPATION_ORDINAL=0,C3EE36B769366C5120AECFC6D0C3DD0BDB22011DFD555F025CA26BF82A9E677B,14118282043225173073,True,True,True
123,3,25,0,CICIoT2023_LOCAL_TRAIN_RNG_V1|PREATTACK_IDENTITY_SHA256=81057E395366BA10088F4455897446945556325756CA18BBF39B5F5A6A1198E2|EXPERIMENTAL_SEED=123|ROUND=3|CLIENT_ID=25|PARTICIPATION_ORDINAL=0,6310D7EDC8A914AD1FA8B595BB0642ADB0CF62B84418229237008A93FE4A5EBE,7138442825655981229,True,True,True
123,3,6,0,CICIoT2023_LOCAL_TRAIN_RNG_V1|PREATTACK_IDENTITY_SHA256=81057E395366BA10088F4455897446945556325756CA18BBF39B5F5A6A1198E2|EXPERIMENTAL_SEED=123|ROUND=3|CLIENT_ID=6|PARTICIPATION_ORDINAL=0,B0461F0DBA3E0D8D8ECDF2BA77117467A9D6B39048A0E34A0D859A99724D52DB,12701873942864727437,True,True,True
123,4,23,0,CICIoT2023_LOCAL_TRAIN_RNG_V1|PREATTACK_IDENTITY_SHA256=81057E395366BA10088F4455897446945556325756CA18BBF39B5F5A6A1198E2|EXPERIMENTAL_SEED=123|ROUND=4|CLIENT_ID=23|PARTICIPATION_ORDINAL=0,9B15E09FA185FA5D4164BD377478D39A3AD255CCBD4364B31AA7E95211FA238F,11175085026604087901,True,True,True
123,4,26,0,CICIoT2023_LOCAL_TRAIN_RNG_V1|PREATTACK_IDENTITY_SHA256=81057E395366BA10088F4455897446945556325756CA18BBF39B5F5A6A1198E2|EXPERIMENTAL_SEED=123|ROUND=4|CLIENT_ID=26|PARTICIPATION_ORDINAL=0,AA82C17E66AAD2CC83FDC493D82692C671322E9300E46A33C717AFF31A40F3ED,12286595482052645580,True,True,True
123,4,8,0,CICIoT2023_LOCAL_TRAIN_RNG_V1|PREATTACK_IDENTITY_SHA256=81057E395366BA10088F4455897446945556325756CA18BBF39B5F5A6A1198E2|EXPERIMENTAL_SEED=123|ROUND=4|CLIENT_ID=8|PARTICIPATION_ORDINAL=0,715CD99918A96B649F6941A87A159031E09987C19539AFA4E3D122D5ACFA0155,8168643075710217060,True,True,True
123,4,14,1,CICIoT2023_LOCAL_TRAIN_RNG_V1|PREATTACK_IDENTITY_SHA256=81057E395366BA10088F4455897446945556325756CA18BBF39B5F5A6A1198E2|EXPERIMENTAL_SEED=123|ROUND=4|CLIENT_ID=14|PARTICIPATION_ORDINAL=1,8EE743EB6DCC0DCEC5C38A161EE724554F2ABDD4ED913475EF45036223F213E3,10297273751444393422,True,True,True
123,4,25,1,CICIoT2023_LOCAL_TRAIN_RNG_V1|PREATTACK_IDENTITY_SHA256=81057E395366BA10088F4455897446945556325756CA18BBF39B5F5A6A1198E2|EXPERIMENTAL_SEED=123|ROUND=4|CLIENT_ID=25|PARTICIPATION_ORDINAL=1,0F6637922B951F4EF94659D3A08CBEF684AFA6D5EDA8E4CD921C8D4A05888642,1109635459129352014,True,True,True
123,4,3,1,CICIoT2023_LOCAL_TRAIN_RNG_V1|PREATTACK_IDENTITY_SHA256=81057E395366BA10088F4455897446945556325756CA18BBF39B5F5A6A1198E2|EXPERIMENTAL_SEED=123|ROUND=4|CLIENT_ID=3|PARTICIPATION_ORDINAL=1,636D5A6A2454A4BB9A794DABF3107BF8969DC94302324C3090179768E7E6CA11,7164481994138887355,True,True,True
123,4,13,1,CICIoT2023_LOCAL_TRAIN_RNG_V1|PREATTACK_IDENTITY_SHA256=81057E395366BA10088F4455897446945556325756CA18BBF39B5F5A6A1198E2|EXPERIMENTAL_SEED=123|ROUND=4|CLIENT_ID=13|PARTICIPATION_ORDINAL=1,B29776F8DD05F12BE8336749DC99A55ABDB850FEA6BAA089AF1DE9E629930734,12868885271466602795,True,True,True
123,4,22,1,CICIoT2023_LOCAL_TRAIN_RNG_V1|PREATTACK_IDENTITY_SHA256=81057E395366BA10088F4455897446945556325756CA18BBF39B5F5A6A1198E2|EXPERIMENTAL_SEED=123|ROUND=4|CLIENT_ID=22|PARTICIPATION_ORDINAL=1,BC31C193F5191E72489FF2065D73358E0703C7FC6A57803F73C81C3F2009FC24,13560832794205691506,True,True,True
123,4,29,1,CICIoT2023_LOCAL_TRAIN_RNG_V1|PREATTACK_IDENTITY_SHA256=81057E395366BA10088F4455897446945556325756CA18BBF39B5F5A6A1198E2|EXPERIMENTAL_SEED=123|ROUND=4|CLIENT_ID=29|PARTICIPATION_ORDINAL=1,C55C20EE6F4448CBE9E5D56B8481CE319F77D2C3CAB67B604BAB14B646814886,14221277931770235083,True,True,True
123,5,24,1,CICIoT2023_LOCAL_TRAIN_RNG_V1|PREATTACK_IDENTITY_SHA256=81057E395366BA10088F4455897446945556325756CA18BBF39B5F5A6A1198E2|EXPERIMENTAL_SEED=123|ROUND=5|CLIENT_ID=24|PARTICIPATION_ORDINAL=1,DD22FA8DD03A9B20E954C92CAACEF619B7097C247F63B43D1B9CD7F5C7380CC9,15934573918581070624,True,True,True
123,5,26,1,CICIoT2023_LOCAL_TRAIN_RNG_V1|PREATTACK_IDENTITY_SHA256=81057E395366BA10088F4455897446945556325756CA18BBF39B5F5A6A1198E2|EXPERIMENTAL_SEED=123|ROUND=5|CLIENT_ID=26|PARTICIPATION_ORDINAL=1,D4DDC095595B087B87E5BEFD060646A99A34D883F29091646AC2478E6FA10650,15338627653575575675,True,True,True
123,5,27,1,CICIoT2023_LOCAL_TRAIN_RNG_V1|PREATTACK_IDENTITY_SHA256=81057E395366BA10088F4455897446945556325756CA18BBF39B5F5A6A1198E2|EXPERIMENTAL_SEED=123|ROUND=5|CLIENT_ID=27|PARTICIPATION_ORDINAL=1,C6FEDA0E1B6DCD9D00F5EE0303BC4E99375E951E97CA558E04E4CDC1BA876675,14339138017718816157,True,True,True
123,5,9,1,CICIoT2023_LOCAL_TRAIN_RNG_V1|PREATTACK_IDENTITY_SHA256=81057E395366BA10088F4455897446945556325756CA18BBF39B5F5A6A1198E2|EXPERIMENTAL_SEED=123|ROUND=5|CLIENT_ID=9|PARTICIPATION_ORDINAL=1,CB82393CD02AEEA27685B0E36408CE523F86B4163D8D65AA83029108898F48FD,14664346270025051810,True,True,True
123,5,19,1,CICIoT2023_LOCAL_TRAIN_RNG_V1|PREATTACK_IDENTITY_SHA256=81057E395366BA10088F4455897446945556325756CA18BBF39B5F5A6A1198E2|EXPERIMENTAL_SEED=123|ROUND=5|CLIENT_ID=19|PARTICIPATION_ORDINAL=1,0FF8416AA5CC210D9EF213530E6906D50C8A3B390221EBCC0F5AABBA7D9AA727,1150741631097118989,True,True,True
123,5,16,1,CICIoT2023_LOCAL_TRAIN_RNG_V1|PREATTACK_IDENTITY_SHA256=81057E395366BA10088F4455897446945556325756CA18BBF39B5F5A6A1198E2|EXPERIMENTAL_SEED=123|ROUND=5|CLIENT_ID=16|PARTICIPATION_ORDINAL=1,726D703BB9240DE84E35EA432BF6F637C3FBF76CAF6839200DA13D706B82806F,8245369894596775400,True,True,True
123,5,10,1,CICIoT2023_LOCAL_TRAIN_RNG_V1|PREATTACK_IDENTITY_SHA256=81057E395366BA10088F4455897446945556325756CA18BBF39B5F5A6A1198E2|EXPERIMENTAL_SEED=123|ROUND=5|CLIENT_ID=10|PARTICIPATION_ORDINAL=1,F86D3B4C58F28440F6681734E3248C4BB588159C739EE1EAE869A0C537C5D4CC,17901029292963431488,True,True,True
123,5,18,1,CICIoT2023_LOCAL_TRAIN_RNG_V1|PREATTACK_IDENTITY_SHA256=81057E395366BA10088F4455897446945556325756CA18BBF39B5F5A6A1198E2|EXPERIMENTAL_SEED=123|ROUND=5|CLIENT_ID=18|PARTICIPATION_ORDINAL=1,FE18B85AFD417E502BCBB05CDAF3F2DBC6DDEF799D4CBBC9D96E6133BA1321D4,18309586986010246736,True,True,True
123,5,0,1,CICIoT2023_LOCAL_TRAIN_RNG_V1|PREATTACK_IDENTITY_SHA256=81057E395366BA10088F4455897446945556325756CA18BBF39B5F5A6A1198E2|EXPERIMENTAL_SEED=123|ROUND=5|CLIENT_ID=0|PARTICIPATION_ORDINAL=1,AB098A1B194BA38999A3095456A8C49B36D9765773FC8A934A780DBE6A47A10D,12324533704269210505,True,True,True
123,6,12,1,CICIoT2023_LOCAL_TRAIN_RNG_V1|PREATTACK_IDENTITY_SHA256=81057E395366BA10088F4455897446945556325756CA18BBF39B5F5A6A1198E2|EXPERIMENTAL_SEED=123|ROUND=6|CLIENT_ID=12|PARTICIPATION_ORDINAL=1,84A0C5EDB41A515F8085E01BAE3850878F4B6D8CBE292697445F5D078B13EDE1,9556856033999737183,True,True,True
123,6,11,1,CICIoT2023_LOCAL_TRAIN_RNG_V1|PREATTACK_IDENTITY_SHA256=81057E395366BA10088F4455897446945556325756CA18BBF39B5F5A6A1198E2|EXPERIMENTAL_SEED=123|ROUND=6|CLIENT_ID=11|PARTICIPATION_ORDINAL=1,6F31C009F947FB2CAE68AB9485C6D0641078ADB93AFF3070ABF907D2940669BB,8012396361138305836,True,True,True
123,6,15,1,CICIoT2023_LOCAL_TRAIN_RNG_V1|PREATTACK_IDENTITY_SHA256=81057E395366BA10088F4455897446945556325756CA18BBF39B5F5A6A1198E2|EXPERIMENTAL_SEED=123|ROUND=6|CLIENT_ID=15|PARTICIPATION_ORDINAL=1,813B89A4984E825CC5673A65F42154B17F22B4876ED89B922D345592F121AD6D,9312187994541556316,True,True,True
123,6,17,1,CICIoT2023_LOCAL_TRAIN_RNG_V1|PREATTACK_IDENTITY_SHA256=81057E395366BA10088F4455897446945556325756CA18BBF39B5F5A6A1198E2|EXPERIMENTAL_SEED=123|ROUND=6|CLIENT_ID=17|PARTICIPATION_ORDINAL=1,11FE729A1618F2F04A6F50FB0879F8BB7078D59B5F5A41530C0B84595EB27309,1296599748850545392,True,True,True
123,6,28,1,CICIoT2023_LOCAL_TRAIN_RNG_V1|PREATTACK_IDENTITY_SHA256=81057E395366BA10088F4455897446945556325756CA18BBF39B5F5A6A1198E2|EXPERIMENTAL_SEED=123|ROUND=6|CLIENT_ID=28|PARTICIPATION_ORDINAL=1,A1EFC487B20AF662E0D20B90DAEB8050A43498C8CF5AAFF6BCB10E0E16692C3C,11668761246626936418,True,True,True
123,6,6,1,CICIoT2023_LOCAL_TRAIN_RNG_V1|PREATTACK_IDENTITY_SHA256=81057E395366BA10088F4455897446945556325756CA18BBF39B5F5A6A1198E2|EXPERIMENTAL_SEED=123|ROUND=6|CLIENT_ID=6|PARTICIPATION_ORDINAL=1,6ED956437BF6833601BE4787DE8B019321D7FAAD0367C6F24AD6DEF344475EDA,7987510261960835894,True,True,True
123,6,1,1,CICIoT2023_LOCAL_TRAIN_RNG_V1|PREATTACK_IDENTITY_SHA256=81057E395366BA10088F4455897446945556325756CA18BBF39B5F5A6A1198E2|EXPERIMENTAL_SEED=123|ROUND=6|CLIENT_ID=1|PARTICIPATION_ORDINAL=1,CACE9D0A8C987981358208D4FC4BC4EA623B6C4A348EFCB2EC951AF4E9BFC8FA,14613790509497874817,True,True,True
123,6,2,1,CICIoT2023_LOCAL_TRAIN_RNG_V1|PREATTACK_IDENTITY_SHA256=81057E395366BA10088F4455897446945556325756CA18BBF39B5F5A6A1198E2|EXPERIMENTAL_SEED=123|ROUND=6|CLIENT_ID=2|PARTICIPATION_ORDINAL=1,2A82CBBCDA866C9A18A94E1521A6F8659B61BC92BEFFB01B6E06236163F28FA4,3063234708545891482,True,True,True
123,6,7,1,CICIoT2023_LOCAL_TRAIN_RNG_V1|PREATTACK_IDENTITY_SHA256=81057E395366BA10088F4455897446945556325756CA18BBF39B5F5A6A1198E2|EXPERIMENTAL_SEED=123|ROUND=6|CLIENT_ID=7|PARTICIPATION_ORDINAL=1,81337486EBC9E6F8609989F1391C7FD78D433E97CB3B19EA38401855015BA7DA,9309912977535264504,True,True,True
123,7,20,1,CICIoT2023_LOCAL_TRAIN_RNG_V1|PREATTACK_IDENTITY_SHA256=81057E395366BA10088F4455897446945556325756CA18BBF39B5F5A6A1198E2|EXPERIMENTAL_SEED=123|ROUND=7|CLIENT_ID=20|PARTICIPATION_ORDINAL=1,D501465D7F5ED481ECCB99206A8A65C9C133C74EC3FADDF1FEFC601973A02A08,15348626372438185089,True,True,True
123,7,5,1,CICIoT2023_LOCAL_TRAIN_RNG_V1|PREATTACK_IDENTITY_SHA256=81057E395366BA10088F4455897446945556325756CA18BBF39B5F5A6A1198E2|EXPERIMENTAL_SEED=123|ROUND=7|CLIENT_ID=5|PARTICIPATION_ORDINAL=1,E031CEC6F21D5D556C17FB0922C545765BB1DBC6B1BD19586E17500C75E7A456,16154920692215536981,True,True,True
123,7,23,1,CICIoT2023_LOCAL_TRAIN_RNG_V1|PREATTACK_IDENTITY_SHA256=81057E395366BA10088F4455897446945556325756CA18BBF39B5F5A6A1198E2|EXPERIMENTAL_SEED=123|ROUND=7|CLIENT_ID=23|PARTICIPATION_ORDINAL=1,8E78EE76701FE44F387C3481C4716E53F6735EE3FDD63A018310A9678C2E18FC,10266217543045735503,True,True,True
123,7,4,1,CICIoT2023_LOCAL_TRAIN_RNG_V1|PREATTACK_IDENTITY_SHA256=81057E395366BA10088F4455897446945556325756CA18BBF39B5F5A6A1198E2|EXPERIMENTAL_SEED=123|ROUND=7|CLIENT_ID=4|PARTICIPATION_ORDINAL=1,0F3BB60620676AD1C2A8BFD65D0A0518FF24D7CCEBD9AE2F9110201C556E1C70,1097671071624555217,True,True,True
123,7,21,1,CICIoT2023_LOCAL_TRAIN_RNG_V1|PREATTACK_IDENTITY_SHA256=81057E395366BA10088F4455897446945556325756CA18BBF39B5F5A6A1198E2|EXPERIMENTAL_SEED=123|ROUND=7|CLIENT_ID=21|PARTICIPATION_ORDINAL=1,9829B880A37AB3F9C411EB39074388E3B528426D339A3ADF7F2441843AD87C5F,10964497630448235513,True,True,True
123,7,8,1,CICIoT2023_LOCAL_TRAIN_RNG_V1|PREATTACK_IDENTITY_SHA256=81057E395366BA10088F4455897446945556325756CA18BBF39B5F5A6A1198E2|EXPERIMENTAL_SEED=123|ROUND=7|CLIENT_ID=8|PARTICIPATION_ORDINAL=1,9918214D794BCA9E244DA16CCCCDFB6C5E0EE0894E198260B8DEE45ED32161A7,11031603903875238558,True,True,True
123,7,15,2,CICIoT2023_LOCAL_TRAIN_RNG_V1|PREATTACK_IDENTITY_SHA256=81057E395366BA10088F4455897446945556325756CA18BBF39B5F5A6A1198E2|EXPERIMENTAL_SEED=123|ROUND=7|CLIENT_ID=15|PARTICIPATION_ORDINAL=2,A37ACE656597FDC9AC0968B61DC8C6E9F8B9485A428E2426B3907DD56A74AAA9,11779954710232432073,True,True,True
123,7,24,2,CICIoT2023_LOCAL_TRAIN_RNG_V1|PREATTACK_IDENTITY_SHA256=81057E395366BA10088F4455897446945556325756CA18BBF39B5F5A6A1198E2|EXPERIMENTAL_SEED=123|ROUND=7|CLIENT_ID=24|PARTICIPATION_ORDINAL=2,EF895269E8EA63A6DDF89D827214BAA4B38E43EAD0E611C683C082A845D6DD5E,17260417661706855334,True,True,True
123,7,16,2,CICIoT2023_LOCAL_TRAIN_RNG_V1|PREATTACK_IDENTITY_SHA256=81057E395366BA10088F4455897446945556325756CA18BBF39B5F5A6A1198E2|EXPERIMENTAL_SEED=123|ROUND=7|CLIENT_ID=16|PARTICIPATION_ORDINAL=2,192A2C487D2CA9A3452FA3CFE68E9FBD518F8D3FC9B4B68FE7B6807B47E3EB0D,1813310489819392419,True,True,True
123,8,7,2,CICIoT2023_LOCAL_TRAIN_RNG_V1|PREATTACK_IDENTITY_SHA256=81057E395366BA10088F4455897446945556325756CA18BBF39B5F5A6A1198E2|EXPERIMENTAL_SEED=123|ROUND=8|CLIENT_ID=7|PARTICIPATION_ORDINAL=2,91C0FBB963DA7F4218C41D9F8CB73EA621E7BA4DE9A708AE4866C881FFEC3833,10502671104690782018,True,True,True
123,8,5,2,CICIoT2023_LOCAL_TRAIN_RNG_V1|PREATTACK_IDENTITY_SHA256=81057E395366BA10088F4455897446945556325756CA18BBF39B5F5A6A1198E2|EXPERIMENTAL_SEED=123|ROUND=8|CLIENT_ID=5|PARTICIPATION_ORDINAL=2,D1F03DE0061B8034E29DBDA799DF5BC323F02DE0E509A60AB83238DD3A381BC7,15127659180721930292,True,True,True
123,8,6,2,CICIoT2023_LOCAL_TRAIN_RNG_V1|PREATTACK_IDENTITY_SHA256=81057E395366BA10088F4455897446945556325756CA18BBF39B5F5A6A1198E2|EXPERIMENTAL_SEED=123|ROUND=8|CLIENT_ID=6|PARTICIPATION_ORDINAL=2,39A51C910FAFAA640F41E2687B781A2D96A966D24A142DA00538304F6479FFB4,4153757640678156900,True,True,True
123,8,23,2,CICIoT2023_LOCAL_TRAIN_RNG_V1|PREATTACK_IDENTITY_SHA256=81057E395366BA10088F4455897446945556325756CA18BBF39B5F5A6A1198E2|EXPERIMENTAL_SEED=123|ROUND=8|CLIENT_ID=23|PARTICIPATION_ORDINAL=2,30FF0C4D502826DA2D2606B1B1F3ED319B9E0952FDE16B1407176CDCC71F1385,3530554159078581978,True,True,True
123,8,29,2,CICIoT2023_LOCAL_TRAIN_RNG_V1|PREATTACK_IDENTITY_SHA256=81057E395366BA10088F4455897446945556325756CA18BBF39B5F5A6A1198E2|EXPERIMENTAL_SEED=123|ROUND=8|CLIENT_ID=29|PARTICIPATION_ORDINAL=2,598F36692793BDFC46F42BC370BDAE808465BB63843C7BEC09A16CC48A961049,6453436616308669948,True,True,True
123,8,11,2,CICIoT2023_LOCAL_TRAIN_RNG_V1|PREATTACK_IDENTITY_SHA256=81057E395366BA10088F4455897446945556325756CA18BBF39B5F5A6A1198E2|EXPERIMENTAL_SEED=123|ROUND=8|CLIENT_ID=11|PARTICIPATION_ORDINAL=2,74792A0CAAAA535654BDF76074883AD7A4F25DE43B4CD4F8817DCF8F882D8CBD,8392785614472893270,True,True,True
123,8,1,2,CICIoT2023_LOCAL_TRAIN_RNG_V1|PREATTACK_IDENTITY_SHA256=81057E395366BA10088F4455897446945556325756CA18BBF39B5F5A6A1198E2|EXPERIMENTAL_SEED=123|ROUND=8|CLIENT_ID=1|PARTICIPATION_ORDINAL=2,C0276D7D50C91085037DE349E454B0C12EFB3522087EEA9AFB82C080884B6153,13846155964367573125,True,True,True
123,8,3,2,CICIoT2023_LOCAL_TRAIN_RNG_V1|PREATTACK_IDENTITY_SHA256=81057E395366BA10088F4455897446945556325756CA18BBF39B5F5A6A1198E2|EXPERIMENTAL_SEED=123|ROUND=8|CLIENT_ID=3|PARTICIPATION_ORDINAL=2,15C68D93ADAC8803E7ED4563F66F8E615ABCF3376F39BFB7527CFB607346912A,1569097185598670851,True,True,True
123,8,10,2,CICIoT2023_LOCAL_TRAIN_RNG_V1|PREATTACK_IDENTITY_SHA256=81057E395366BA10088F4455897446945556325756CA18BBF39B5F5A6A1198E2|EXPERIMENTAL_SEED=123|ROUND=8|CLIENT_ID=10|PARTICIPATION_ORDINAL=2,EABA0FC20A04E79F3352EF4DA59A31FD3EEF5E02F39BDCB58792891C74D980A5,16913848676609484703,True,True,True
123,9,12,2,CICIoT2023_LOCAL_TRAIN_RNG_V1|PREATTACK_IDENTITY_SHA256=81057E395366BA10088F4455897446945556325756CA18BBF39B5F5A6A1198E2|EXPERIMENTAL_SEED=123|ROUND=9|CLIENT_ID=12|PARTICIPATION_ORDINAL=2,BFD0B201B24C142FC88B6FFE73FA556C768C10B829C8E30DCFCE782D546B8208,13821742976756093999,True,True,True
123,9,27,2,CICIoT2023_LOCAL_TRAIN_RNG_V1|PREATTACK_IDENTITY_SHA256=81057E395366BA10088F4455897446945556325756CA18BBF39B5F5A6A1198E2|EXPERIMENTAL_SEED=123|ROUND=9|CLIENT_ID=27|PARTICIPATION_ORDINAL=2,7A9A7139D9B9B8E7FCACFB9C7CC26E0DEFD5CC9C17DE8DECDB7D4618F18734E1,8834498112320551143,True,True,True
123,9,0,2,CICIoT2023_LOCAL_TRAIN_RNG_V1|PREATTACK_IDENTITY_SHA256=81057E395366BA10088F4455897446945556325756CA18BBF39B5F5A6A1198E2|EXPERIMENTAL_SEED=123|ROUND=9|CLIENT_ID=0|PARTICIPATION_ORDINAL=2,1AF52722DC069A1F4B2760E25E3D1A54181F9FC6F8C6AABDBDB24AD859C18099,1942501844954028575,True,True,True
123,9,21,2,CICIoT2023_LOCAL_TRAIN_RNG_V1|PREATTACK_IDENTITY_SHA256=81057E395366BA10088F4455897446945556325756CA18BBF39B5F5A6A1198E2|EXPERIMENTAL_SEED=123|ROUND=9|CLIENT_ID=21|PARTICIPATION_ORDINAL=2,4DF3F8C938C62C09566EE840C10BE15890674BE30AB0F088D3F45E524A3F7B9F,5617106703385766921,True,True,True
123,9,18,2,CICIoT2023_LOCAL_TRAIN_RNG_V1|PREATTACK_IDENTITY_SHA256=81057E395366BA10088F4455897446945556325756CA18BBF39B5F5A6A1198E2|EXPERIMENTAL_SEED=123|ROUND=9|CLIENT_ID=18|PARTICIPATION_ORDINAL=2,F85F6303F43E0E9A8B1C7F841B4148F6DB9DC04BFC325F243AAC632AEDDF3A7D,17897132312827399834,True,True,True
123,9,4,2,CICIoT2023_LOCAL_TRAIN_RNG_V1|PREATTACK_IDENTITY_SHA256=81057E395366BA10088F4455897446945556325756CA18BBF39B5F5A6A1198E2|EXPERIMENTAL_SEED=123|ROUND=9|CLIENT_ID=4|PARTICIPATION_ORDINAL=2,E423985AA9F9339A69370F74053C66EC262583B72B526EE1DCFBB615A7413457,16439150579998602138,True,True,True
123,9,20,2,CICIoT2023_LOCAL_TRAIN_RNG_V1|PREATTACK_IDENTITY_SHA256=81057E395366BA10088F4455897446945556325756CA18BBF39B5F5A6A1198E2|EXPERIMENTAL_SEED=123|ROUND=9|CLIENT_ID=20|PARTICIPATION_ORDINAL=2,3E5450CCD613C9E4E4777FBD7A09EB1D6CEC86FAC1E2B232165872A1AF3D19BC,4491303569090398692,True,True,True
123,9,17,2,CICIoT2023_LOCAL_TRAIN_RNG_V1|PREATTACK_IDENTITY_SHA256=81057E395366BA10088F4455897446945556325756CA18BBF39B5F5A6A1198E2|EXPERIMENTAL_SEED=123|ROUND=9|CLIENT_ID=17|PARTICIPATION_ORDINAL=2,3AA303BEA7079EC0566E9DFB15E0599CA8782CC7E76353CE39213320F441AA84,4225224992784621248,True,True,True
123,9,13,2,CICIoT2023_LOCAL_TRAIN_RNG_V1|PREATTACK_IDENTITY_SHA256=81057E395366BA10088F4455897446945556325756CA18BBF39B5F5A6A1198E2|EXPERIMENTAL_SEED=123|ROUND=9|CLIENT_ID=13|PARTICIPATION_ORDINAL=2,627B869E2862A64F6C0059BF98FC2BAD0874FC0DD8670506462C37F7A5F63449,7096413651692856911,True,True,True
123,10,2,2,CICIoT2023_LOCAL_TRAIN_RNG_V1|PREATTACK_IDENTITY_SHA256=81057E395366BA10088F4455897446945556325756CA18BBF39B5F5A6A1198E2|EXPERIMENTAL_SEED=123|ROUND=10|CLIENT_ID=2|PARTICIPATION_ORDINAL=2,AB9D6F567FAB7F82E33B987D6B51E01D4383296B609BF19713460C241C1316DC,12366162569129066370,True,True,True
123,10,25,2,CICIoT2023_LOCAL_TRAIN_RNG_V1|PREATTACK_IDENTITY_SHA256=81057E395366BA10088F4455897446945556325756CA18BBF39B5F5A6A1198E2|EXPERIMENTAL_SEED=123|ROUND=10|CLIENT_ID=25|PARTICIPATION_ORDINAL=2,75017541A47161D1E9FCCEC6D4A9E6FC6DC353280D0AC77FE6016BA640078331,8431148902206497233,True,True,True
123,10,8,2,CICIoT2023_LOCAL_TRAIN_RNG_V1|PREATTACK_IDENTITY_SHA256=81057E395366BA10088F4455897446945556325756CA18BBF39B5F5A6A1198E2|EXPERIMENTAL_SEED=123|ROUND=10|CLIENT_ID=8|PARTICIPATION_ORDINAL=2,56396211C3146171B8C865A62BA0A6B1FC2825C13EBFE4440E5C386A11E52C45,6213104989361168753,True,True,True
123,10,26,2,CICIoT2023_LOCAL_TRAIN_RNG_V1|PREATTACK_IDENTITY_SHA256=81057E395366BA10088F4455897446945556325756CA18BBF39B5F5A6A1198E2|EXPERIMENTAL_SEED=123|ROUND=10|CLIENT_ID=26|PARTICIPATION_ORDINAL=2,F7FD4AD6421DC64BFD3CFB261A11898B227589D5B5DD9952A763203D25FDE013,17869521180568700491,True,True,True
123,10,9,2,CICIoT2023_LOCAL_TRAIN_RNG_V1|PREATTACK_IDENTITY_SHA256=81057E395366BA10088F4455897446945556325756CA18BBF39B5F5A6A1198E2|EXPERIMENTAL_SEED=123|ROUND=10|CLIENT_ID=9|PARTICIPATION_ORDINAL=2,081F68BE29B9C0CAFF497587A8595C92DFD49AFC059C4101E188A9E2BF466052,585301642534568138,True,True,True
123,10,22,2,CICIoT2023_LOCAL_TRAIN_RNG_V1|PREATTACK_IDENTITY_SHA256=81057E395366BA10088F4455897446945556325756CA18BBF39B5F5A6A1198E2|EXPERIMENTAL_SEED=123|ROUND=10|CLIENT_ID=22|PARTICIPATION_ORDINAL=2,2CA6CC991647A7A78042F15F1FA84E1E9EDDC21F3B781B2DC79C52C3EC604C7F,3217483941678655399,True,True,True
123,10,19,2,CICIoT2023_LOCAL_TRAIN_RNG_V1|PREATTACK_IDENTITY_SHA256=81057E395366BA10088F4455897446945556325756CA18BBF39B5F5A6A1198E2|EXPERIMENTAL_SEED=123|ROUND=10|CLIENT_ID=19|PARTICIPATION_ORDINAL=2,5D726DC75A3AD265BDC214D926E6D6CD9585CD25993A059B5893DA775503DC2B,6733565095852036709,True,True,True
123,10,14,2,CICIoT2023_LOCAL_TRAIN_RNG_V1|PREATTACK_IDENTITY_SHA256=81057E395366BA10088F4455897446945556325756CA18BBF39B5F5A6A1198E2|EXPERIMENTAL_SEED=123|ROUND=10|CLIENT_ID=14|PARTICIPATION_ORDINAL=2,5E59CEA65FEAE648727696ED3FC76D4BB2F609AFFFDCC7794A7F2EA3AB61A888,6798692326461597256,True,True,True
123,10,28,2,CICIoT2023_LOCAL_TRAIN_RNG_V1|PREATTACK_IDENTITY_SHA256=81057E395366BA10088F4455897446945556325756CA18BBF39B5F5A6A1198E2|EXPERIMENTAL_SEED=123|ROUND=10|CLIENT_ID=28|PARTICIPATION_ORDINAL=2,41B3FDD0B6D77612C51C099C51339E234EFC79E2725D08AD7EE43B899D5B9D9C,4734406706159121938,True,True,True
123,11,7,3,CICIoT2023_LOCAL_TRAIN_RNG_V1|PREATTACK_IDENTITY_SHA256=81057E395366BA10088F4455897446945556325756CA18BBF39B5F5A6A1198E2|EXPERIMENTAL_SEED=123|ROUND=11|CLIENT_ID=7|PARTICIPATION_ORDINAL=3,267BBCC18006AB4812785DAFF21373D7F370AB360FC6D2057B9E940FC7E6823E,2773017534839302984,True,True,True
123,11,22,3,CICIoT2023_LOCAL_TRAIN_RNG_V1|PREATTACK_IDENTITY_SHA256=81057E395366BA10088F4455897446945556325756CA18BBF39B5F5A6A1198E2|EXPERIMENTAL_SEED=123|ROUND=11|CLIENT_ID=22|PARTICIPATION_ORDINAL=3,655319D25584E1AE853B4522E8EE592957D9B0B97CD4D9EB665976AE62E90574,7301207812066304430,True,True,True
123,11,3,3,CICIoT2023_LOCAL_TRAIN_RNG_V1|PREATTACK_IDENTITY_SHA256=81057E395366BA10088F4455897446945556325756CA18BBF39B5F5A6A1198E2|EXPERIMENTAL_SEED=123|ROUND=11|CLIENT_ID=3|PARTICIPATION_ORDINAL=3,FD333E9B061ACC3A02B93655E8B43CE0477798A0312D1A1BE0B46F3F4CB55456,18244995350951283770,True,True,True
123,11,13,3,CICIoT2023_LOCAL_TRAIN_RNG_V1|PREATTACK_IDENTITY_SHA256=81057E395366BA10088F4455897446945556325756CA18BBF39B5F5A6A1198E2|EXPERIMENTAL_SEED=123|ROUND=11|CLIENT_ID=13|PARTICIPATION_ORDINAL=3,3401ED951672288F28C168982A4C5710F944DDBCF46B334467674E7883BD45B6,3747537589531453583,True,True,True
123,11,4,3,CICIoT2023_LOCAL_TRAIN_RNG_V1|PREATTACK_IDENTITY_SHA256=81057E395366BA10088F4455897446945556325756CA18BBF39B5F5A6A1198E2|EXPERIMENTAL_SEED=123|ROUND=11|CLIENT_ID=4|PARTICIPATION_ORDINAL=3,D45E9C7BFD59DD956D8C90B23D4B143DD34548F7BBFC6A503828FA3F722A5B0A,15302840640196959637,True,True,True
123,11,18,3,CICIoT2023_LOCAL_TRAIN_RNG_V1|PREATTACK_IDENTITY_SHA256=81057E395366BA10088F4455897446945556325756CA18BBF39B5F5A6A1198E2|EXPERIMENTAL_SEED=123|ROUND=11|CLIENT_ID=18|PARTICIPATION_ORDINAL=3,698A57E07E04889A5F9265296CA56B9DE6E8D950A30BC71A2B92DBEA82058738,7604987542467020954,True,True,True
123,11,15,3,CICIoT2023_LOCAL_TRAIN_RNG_V1|PREATTACK_IDENTITY_SHA256=81057E395366BA10088F4455897446945556325756CA18BBF39B5F5A6A1198E2|EXPERIMENTAL_SEED=123|ROUND=11|CLIENT_ID=15|PARTICIPATION_ORDINAL=3,E93AF9648F16C1A43587FBFC924199D5071EAB7D92DD9EF990D97271F0C9DD7C,16806019169779106212,True,True,True
123,11,0,3,CICIoT2023_LOCAL_TRAIN_RNG_V1|PREATTACK_IDENTITY_SHA256=81057E395366BA10088F4455897446945556325756CA18BBF39B5F5A6A1198E2|EXPERIMENTAL_SEED=123|ROUND=11|CLIENT_ID=0|PARTICIPATION_ORDINAL=3,CBF0BD06DB033315F1F89D7B28B00253A345A248AF6B00BC833548D73C077F2D,14695453421251801877,True,True,True
123,11,28,3,CICIoT2023_LOCAL_TRAIN_RNG_V1|PREATTACK_IDENTITY_SHA256=81057E395366BA10088F4455897446945556325756CA18BBF39B5F5A6A1198E2|EXPERIMENTAL_SEED=123|ROUND=11|CLIENT_ID=28|PARTICIPATION_ORDINAL=3,F98A983A9E9BF5306BDD1D26207EAF848B988D823068F34BE15652217DEE1F44,17981351839766672688,True,True,True
123,12,21,3,CICIoT2023_LOCAL_TRAIN_RNG_V1|PREATTACK_IDENTITY_SHA256=81057E395366BA10088F4455897446945556325756CA18BBF39B5F5A6A1198E2|EXPERIMENTAL_SEED=123|ROUND=12|CLIENT_ID=21|PARTICIPATION_ORDINAL=3,B48CACC209C9CFC4BFF63853AB49E80648B277917A7286E69AB3F2E3D31DB3AA,13009963372954374084,True,True,True
123,12,24,3,CICIoT2023_LOCAL_TRAIN_RNG_V1|PREATTACK_IDENTITY_SHA256=81057E395366BA10088F4455897446945556325756CA18BBF39B5F5A6A1198E2|EXPERIMENTAL_SEED=123|ROUND=12|CLIENT_ID=24|PARTICIPATION_ORDINAL=3,D7F5ED8D5D184D23B0950F8F5A6842961137E096F3DFB68DBF680535D63A060E,15561605278856662307,True,True,True
123,12,11,3,CICIoT2023_LOCAL_TRAIN_RNG_V1|PREATTACK_IDENTITY_SHA256=81057E395366BA10088F4455897446945556325756CA18BBF39B5F5A6A1198E2|EXPERIMENTAL_SEED=123|ROUND=12|CLIENT_ID=11|PARTICIPATION_ORDINAL=3,B148C49328DAA5D208BA9C74B01F3C07897C6BE7C913A521F3FA6DAF33D8A66A,12774676479361066450,True,True,True
123,12,23,3,CICIoT2023_LOCAL_TRAIN_RNG_V1|PREATTACK_IDENTITY_SHA256=81057E395366BA10088F4455897446945556325756CA18BBF39B5F5A6A1198E2|EXPERIMENTAL_SEED=123|ROUND=12|CLIENT_ID=23|PARTICIPATION_ORDINAL=3,97CEE06B1A8061D883429DDC032AEF0037DF0CAFB298C2C4FA66E1B30620C0F7,10938927295540257240,True,True,True
123,12,16,3,CICIoT2023_LOCAL_TRAIN_RNG_V1|PREATTACK_IDENTITY_SHA256=81057E395366BA10088F4455897446945556325756CA18BBF39B5F5A6A1198E2|EXPERIMENTAL_SEED=123|ROUND=12|CLIENT_ID=16|PARTICIPATION_ORDINAL=3,D3B37E65FC3F718BEBB98F7EE3C5086B67801E3EA6B2E2296F61D3EEF13A3A73,15254675339322814859,True,True,True
123,12,9,3,CICIoT2023_LOCAL_TRAIN_RNG_V1|PREATTACK_IDENTITY_SHA256=81057E395366BA10088F4455897446945556325756CA18BBF39B5F5A6A1198E2|EXPERIMENTAL_SEED=123|ROUND=12|CLIENT_ID=9|PARTICIPATION_ORDINAL=3,1E66686015D9FF3BD22ABCC8C8E3CB3EA88B773937981FF1547093A2B3024406,2190553030655082299,True,True,True
123,12,25,3,CICIoT2023_LOCAL_TRAIN_RNG_V1|PREATTACK_IDENTITY_SHA256=81057E395366BA10088F4455897446945556325756CA18BBF39B5F5A6A1198E2|EXPERIMENTAL_SEED=123|ROUND=12|CLIENT_ID=25|PARTICIPATION_ORDINAL=3,A59656D8F75749F98BDCF8BAD5B12DCC242C415CD92E0E582C1E45FD5F245124,11931819752627325433,True,True,True
123,12,2,3,CICIoT2023_LOCAL_TRAIN_RNG_V1|PREATTACK_IDENTITY_SHA256=81057E395366BA10088F4455897446945556325756CA18BBF39B5F5A6A1198E2|EXPERIMENTAL_SEED=123|ROUND=12|CLIENT_ID=2|PARTICIPATION_ORDINAL=3,9F8AB9006F96C93314BF20797E1608EA4FBD7D4887CB35A4E521013F991C637E,11496204410339903795,True,True,True
123,12,17,3,CICIoT2023_LOCAL_TRAIN_RNG_V1|PREATTACK_IDENTITY_SHA256=81057E395366BA10088F4455897446945556325756CA18BBF39B5F5A6A1198E2|EXPERIMENTAL_SEED=123|ROUND=12|CLIENT_ID=17|PARTICIPATION_ORDINAL=3,502B92BDFECF3AB2AB7A1F0C04F2E12F98E07520F20C841FB2DDCDEAEDA1839F,5776872291754261170,True,True,True
123,13,14,3,CICIoT2023_LOCAL_TRAIN_RNG_V1|PREATTACK_IDENTITY_SHA256=81057E395366BA10088F4455897446945556325756CA18BBF39B5F5A6A1198E2|EXPERIMENTAL_SEED=123|ROUND=13|CLIENT_ID=14|PARTICIPATION_ORDINAL=3,F344A37BABAB939998CDE256EC71D82CDE879290408446880F8AD3C57095673A,17529315401189266329,True,True,True
123,13,12,3,CICIoT2023_LOCAL_TRAIN_RNG_V1|PREATTACK_IDENTITY_SHA256=81057E395366BA10088F4455897446945556325756CA18BBF39B5F5A6A1198E2|EXPERIMENTAL_SEED=123|ROUND=13|CLIENT_ID=12|PARTICIPATION_ORDINAL=3,088D58E498854224623A90D797FD043286A037FFC0B4FFE604999F82747A1793,616246462854283812,True,True,True
123,13,8,3,CICIoT2023_LOCAL_TRAIN_RNG_V1|PREATTACK_IDENTITY_SHA256=81057E395366BA10088F4455897446945556325756CA18BBF39B5F5A6A1198E2|EXPERIMENTAL_SEED=123|ROUND=13|CLIENT_ID=8|PARTICIPATION_ORDINAL=3,3B39405997C290363627F75B0A9D62107D16B01B2E8D82EE108DFCD7F764B979,4267512875452633142,True,True,True
123,13,6,3,CICIoT2023_LOCAL_TRAIN_RNG_V1|PREATTACK_IDENTITY_SHA256=81057E395366BA10088F4455897446945556325756CA18BBF39B5F5A6A1198E2|EXPERIMENTAL_SEED=123|ROUND=13|CLIENT_ID=6|PARTICIPATION_ORDINAL=3,793B7E03BC98CF83CD200B4D347C2B1CC14BAC47B6616FA41EC0856C441DA441,8735714456729341827,True,True,True
123,13,1,3,CICIoT2023_LOCAL_TRAIN_RNG_V1|PREATTACK_IDENTITY_SHA256=81057E395366BA10088F4455897446945556325756CA18BBF39B5F5A6A1198E2|EXPERIMENTAL_SEED=123|ROUND=13|CLIENT_ID=1|PARTICIPATION_ORDINAL=3,3D646CB507A373273758B2ED0D8087477D220939F3FF72C9E58E3896B83ECBF9,4423780258757702439,True,True,True
123,13,29,3,CICIoT2023_LOCAL_TRAIN_RNG_V1|PREATTACK_IDENTITY_SHA256=81057E395366BA10088F4455897446945556325756CA18BBF39B5F5A6A1198E2|EXPERIMENTAL_SEED=123|ROUND=13|CLIENT_ID=29|PARTICIPATION_ORDINAL=3,48801FD3AF083FDAC64EC03BE0280911EB7143AC7F4CBA3D10BE16E7D491A545,5224210561784889306,True,True,True
123,13,27,3,CICIoT2023_LOCAL_TRAIN_RNG_V1|PREATTACK_IDENTITY_SHA256=81057E395366BA10088F4455897446945556325756CA18BBF39B5F5A6A1198E2|EXPERIMENTAL_SEED=123|ROUND=13|CLIENT_ID=27|PARTICIPATION_ORDINAL=3,8107B687AF965EACB772A5B770DF61372BB18044DA8D26E0FBD2B9C6D3D4ADB2,9297600649612385964,True,True,True
123,13,20,3,CICIoT2023_LOCAL_TRAIN_RNG_V1|PREATTACK_IDENTITY_SHA256=81057E395366BA10088F4455897446945556325756CA18BBF39B5F5A6A1198E2|EXPERIMENTAL_SEED=123|ROUND=13|CLIENT_ID=20|PARTICIPATION_ORDINAL=3,A664DD599EAB1BEFD3717758D3CF2962A0BA2D2B40F5230A63FC10B0CAC5C693,11989951484950944751,True,True,True
123,13,5,3,CICIoT2023_LOCAL_TRAIN_RNG_V1|PREATTACK_IDENTITY_SHA256=81057E395366BA10088F4455897446945556325756CA18BBF39B5F5A6A1198E2|EXPERIMENTAL_SEED=123|ROUND=13|CLIENT_ID=5|PARTICIPATION_ORDINAL=3,4354800184ADC5EB27E20EA1B58C0A9A69051E801CF7EA88F637E85EBA09ABD4,4851643442594170347,True,True,True
123,14,19,3,CICIoT2023_LOCAL_TRAIN_RNG_V1|PREATTACK_IDENTITY_SHA256=81057E395366BA10088F4455897446945556325756CA18BBF39B5F5A6A1198E2|EXPERIMENTAL_SEED=123|ROUND=14|CLIENT_ID=19|PARTICIPATION_ORDINAL=3,F847000F415985621EEFF8DADFCB6F1DE2EB16987468980BA70F947766BA7DB4,17890268110273480034,True,True,True
123,14,26,3,CICIoT2023_LOCAL_TRAIN_RNG_V1|PREATTACK_IDENTITY_SHA256=81057E395366BA10088F4455897446945556325756CA18BBF39B5F5A6A1198E2|EXPERIMENTAL_SEED=123|ROUND=14|CLIENT_ID=26|PARTICIPATION_ORDINAL=3,60BE5BD99C8C200B9BA9E2C6690D35FE7157C58F4C8DCA0318907F908A48EE7D,6971110263408566283,True,True,True
123,14,10,3,CICIoT2023_LOCAL_TRAIN_RNG_V1|PREATTACK_IDENTITY_SHA256=81057E395366BA10088F4455897446945556325756CA18BBF39B5F5A6A1198E2|EXPERIMENTAL_SEED=123|ROUND=14|CLIENT_ID=10|PARTICIPATION_ORDINAL=3,FA3A66708B3F032486C48AF7C5021F630B590F4C832F8C008096681B4746C94B,18030836691689734948,True,True,True
123,14,23,4,CICIoT2023_LOCAL_TRAIN_RNG_V1|PREATTACK_IDENTITY_SHA256=81057E395366BA10088F4455897446945556325756CA18BBF39B5F5A6A1198E2|EXPERIMENTAL_SEED=123|ROUND=14|CLIENT_ID=23|PARTICIPATION_ORDINAL=4,DE32C580A10E00D684797A3D242FAA0CD4EBC809E960875AF6D944AB9E56F30E,16011076781504069846,True,True,True
123,14,20,4,CICIoT2023_LOCAL_TRAIN_RNG_V1|PREATTACK_IDENTITY_SHA256=81057E395366BA10088F4455897446945556325756CA18BBF39B5F5A6A1198E2|EXPERIMENTAL_SEED=123|ROUND=14|CLIENT_ID=20|PARTICIPATION_ORDINAL=4,9BA241E3131A93705EC78DA8CDD5953F380BFD723E15DF623C826F235B6AB5A7,11214598465639846768,True,True,True
123,14,7,4,CICIoT2023_LOCAL_TRAIN_RNG_V1|PREATTACK_IDENTITY_SHA256=81057E395366BA10088F4455897446945556325756CA18BBF39B5F5A6A1198E2|EXPERIMENTAL_SEED=123|ROUND=14|CLIENT_ID=7|PARTICIPATION_ORDINAL=4,22AE314586C7E8CB1EF3E71520F3AD17FEB3B765AC8AA60D081AD4425C44D650,2498989017920956619,True,True,True
123,14,3,4,CICIoT2023_LOCAL_TRAIN_RNG_V1|PREATTACK_IDENTITY_SHA256=81057E395366BA10088F4455897446945556325756CA18BBF39B5F5A6A1198E2|EXPERIMENTAL_SEED=123|ROUND=14|CLIENT_ID=3|PARTICIPATION_ORDINAL=4,5CBD47786F4CF85B63D1BAECC82F795A18CFA7C73928443EDA1ED3CBB82D0C24,6682576004676647003,True,True,True
123,14,0,4,CICIoT2023_LOCAL_TRAIN_RNG_V1|PREATTACK_IDENTITY_SHA256=81057E395366BA10088F4455897446945556325756CA18BBF39B5F5A6A1198E2|EXPERIMENTAL_SEED=123|ROUND=14|CLIENT_ID=0|PARTICIPATION_ORDINAL=4,64C719AF566DD722B9972C5CD5AD288B15EA924805CDBFCDBFC44A364948D0B5,7261801165018224418,True,True,True
123,14,29,4,CICIoT2023_LOCAL_TRAIN_RNG_V1|PREATTACK_IDENTITY_SHA256=81057E395366BA10088F4455897446945556325756CA18BBF39B5F5A6A1198E2|EXPERIMENTAL_SEED=123|ROUND=14|CLIENT_ID=29|PARTICIPATION_ORDINAL=4,59B9C06675D2E3BDB4AEBBA545E18E40C1046F17F6E0CB83E84752A4CDB17F85,6465410286363009981,True,True,True
123,15,24,4,CICIoT2023_LOCAL_TRAIN_RNG_V1|PREATTACK_IDENTITY_SHA256=81057E395366BA10088F4455897446945556325756CA18BBF39B5F5A6A1198E2|EXPERIMENTAL_SEED=123|ROUND=15|CLIENT_ID=24|PARTICIPATION_ORDINAL=4,7F3DAE5F0C7E8C5771B8BDF46FA2F6C6201A73FC34D1DF98186D271B9959BEA5,9168676139650944087,True,True,True
123,15,8,4,CICIoT2023_LOCAL_TRAIN_RNG_V1|PREATTACK_IDENTITY_SHA256=81057E395366BA10088F4455897446945556325756CA18BBF39B5F5A6A1198E2|EXPERIMENTAL_SEED=123|ROUND=15|CLIENT_ID=8|PARTICIPATION_ORDINAL=4,56666CC88065CDCE61C5C11B2D829639C35BE2375B3F9B113A95E6ACBAFEAE85,6225783143289703886,True,True,True
123,15,17,4,CICIoT2023_LOCAL_TRAIN_RNG_V1|PREATTACK_IDENTITY_SHA256=81057E395366BA10088F4455897446945556325756CA18BBF39B5F5A6A1198E2|EXPERIMENTAL_SEED=123|ROUND=15|CLIENT_ID=17|PARTICIPATION_ORDINAL=4,9EBF37A14EB4E573627D6D42E3F28A5D1C1ADE11C8ECDBF1C580B049AFF97619,11438922744494089587,True,True,True
123,15,11,4,CICIoT2023_LOCAL_TRAIN_RNG_V1|PREATTACK_IDENTITY_SHA256=81057E395366BA10088F4455897446945556325756CA18BBF39B5F5A6A1198E2|EXPERIMENTAL_SEED=123|ROUND=15|CLIENT_ID=11|PARTICIPATION_ORDINAL=4,556A6656D1E08FDFE77C00EAE6932CEE1F48657F7166BF5D0A98E9BCEBF70B8B,6154844363829579743,True,True,True
123,15,27,4,CICIoT2023_LOCAL_TRAIN_RNG_V1|PREATTACK_IDENTITY_SHA256=81057E395366BA10088F4455897446945556325756CA18BBF39B5F5A6A1198E2|EXPERIMENTAL_SEED=123|ROUND=15|CLIENT_ID=27|PARTICIPATION_ORDINAL=4,747FF6FD5DBAF889E5C047BB6A23D9D0DBB5344142733A103B901B81A293925B,8394699798501587081,True,True,True
123,15,1,4,CICIoT2023_LOCAL_TRAIN_RNG_V1|PREATTACK_IDENTITY_SHA256=81057E395366BA10088F4455897446945556325756CA18BBF39B5F5A6A1198E2|EXPERIMENTAL_SEED=123|ROUND=15|CLIENT_ID=1|PARTICIPATION_ORDINAL=4,CA6A1BD074CE4533159A7996D768765A589E33F24F2D660E51108B41A6D8E6B2,14585500925319595315,True,True,True
123,15,6,4,CICIoT2023_LOCAL_TRAIN_RNG_V1|PREATTACK_IDENTITY_SHA256=81057E395366BA10088F4455897446945556325756CA18BBF39B5F5A6A1198E2|EXPERIMENTAL_SEED=123|ROUND=15|CLIENT_ID=6|PARTICIPATION_ORDINAL=4,0D6484A758C441E7310F60DB8EBE442F1FAC2C271ED13F9EB46D3DA05472C23D,965042074447790567,True,True,True
123,15,18,4,CICIoT2023_LOCAL_TRAIN_RNG_V1|PREATTACK_IDENTITY_SHA256=81057E395366BA10088F4455897446945556325756CA18BBF39B5F5A6A1198E2|EXPERIMENTAL_SEED=123|ROUND=15|CLIENT_ID=18|PARTICIPATION_ORDINAL=4,7834461C8567E2895B5182AC1EA638FE8332568FE8E512283EB3BF99E588D880,8661625071651512969,True,True,True
123,15,19,4,CICIoT2023_LOCAL_TRAIN_RNG_V1|PREATTACK_IDENTITY_SHA256=81057E395366BA10088F4455897446945556325756CA18BBF39B5F5A6A1198E2|EXPERIMENTAL_SEED=123|ROUND=15|CLIENT_ID=19|PARTICIPATION_ORDINAL=4,31506E32047D9572B1CC12A5F728203333C419D559B0DA44D5274154C7030972,3553461267098080626,True,True,True
123,16,10,4,CICIoT2023_LOCAL_TRAIN_RNG_V1|PREATTACK_IDENTITY_SHA256=81057E395366BA10088F4455897446945556325756CA18BBF39B5F5A6A1198E2|EXPERIMENTAL_SEED=123|ROUND=16|CLIENT_ID=10|PARTICIPATION_ORDINAL=4,28CC427D0F53D17EBDCD25A3C820B46B08A1A8E7459CE5C764A5CFB82525B9CF,2939797761661587838,True,True,True
123,16,28,4,CICIoT2023_LOCAL_TRAIN_RNG_V1|PREATTACK_IDENTITY_SHA256=81057E395366BA10088F4455897446945556325756CA18BBF39B5F5A6A1198E2|EXPERIMENTAL_SEED=123|ROUND=16|CLIENT_ID=28|PARTICIPATION_ORDINAL=4,ADE3959B8016D571E7DC171D95C6C28BA1954B8446EED94AA24423E1A6580F83,12530023083376301425,True,True,True
123,16,14,4,CICIoT2023_LOCAL_TRAIN_RNG_V1|PREATTACK_IDENTITY_SHA256=81057E395366BA10088F4455897446945556325756CA18BBF39B5F5A6A1198E2|EXPERIMENTAL_SEED=123|ROUND=16|CLIENT_ID=14|PARTICIPATION_ORDINAL=4,33B5FC7783C0B5F07066D2378F0B6919F73E74DF263E1E72595FD0ED5E5929B9,3726161856960706032,True,True,True
123,16,22,4,CICIoT2023_LOCAL_TRAIN_RNG_V1|PREATTACK_IDENTITY_SHA256=81057E395366BA10088F4455897446945556325756CA18BBF39B5F5A6A1198E2|EXPERIMENTAL_SEED=123|ROUND=16|CLIENT_ID=22|PARTICIPATION_ORDINAL=4,6E655D3FDEB845E63171A6E28503DB497617FAD07BC45158709DA4CA137E8B29,7954866845720790502,True,True,True
123,16,15,4,CICIoT2023_LOCAL_TRAIN_RNG_V1|PREATTACK_IDENTITY_SHA256=81057E395366BA10088F4455897446945556325756CA18BBF39B5F5A6A1198E2|EXPERIMENTAL_SEED=123|ROUND=16|CLIENT_ID=15|PARTICIPATION_ORDINAL=4,F383561D52E4E6366989BC7F65E4F084F41B7559B96A43DED5131F36DB6367C9,17546963257110357558,True,True,True
123,16,4,4,CICIoT2023_LOCAL_TRAIN_RNG_V1|PREATTACK_IDENTITY_SHA256=81057E395366BA10088F4455897446945556325756CA18BBF39B5F5A6A1198E2|EXPERIMENTAL_SEED=123|ROUND=16|CLIENT_ID=4|PARTICIPATION_ORDINAL=4,E5AF1C4A84405BB8A1FDBFFFC78D3507C9D2F8661D22F9485977D9DCF6C990A6,16550478261981830072,True,True,True
123,16,12,4,CICIoT2023_LOCAL_TRAIN_RNG_V1|PREATTACK_IDENTITY_SHA256=81057E395366BA10088F4455897446945556325756CA18BBF39B5F5A6A1198E2|EXPERIMENTAL_SEED=123|ROUND=16|CLIENT_ID=12|PARTICIPATION_ORDINAL=4,35BD7524DCD13B80747D7B21C8B10F17EFB6D0B1367B3394B2568C593CC18488,3872380055792466816,True,True,True
123,16,9,4,CICIoT2023_LOCAL_TRAIN_RNG_V1|PREATTACK_IDENTITY_SHA256=81057E395366BA10088F4455897446945556325756CA18BBF39B5F5A6A1198E2|EXPERIMENTAL_SEED=123|ROUND=16|CLIENT_ID=9|PARTICIPATION_ORDINAL=4,C4D79F8C4B7DF269B0008638D78288A2C52E33745B3447776D3DBEEB68D23851,14183980976337449577,True,True,True
123,16,16,4,CICIoT2023_LOCAL_TRAIN_RNG_V1|PREATTACK_IDENTITY_SHA256=81057E395366BA10088F4455897446945556325756CA18BBF39B5F5A6A1198E2|EXPERIMENTAL_SEED=123|ROUND=16|CLIENT_ID=16|PARTICIPATION_ORDINAL=4,E23F9768FC6362A5EC56FB563D407264F868BC5D1F7029553D9C3D239E409C02,16302915653271249573,True,True,True
123,17,21,4,CICIoT2023_LOCAL_TRAIN_RNG_V1|PREATTACK_IDENTITY_SHA256=81057E395366BA10088F4455897446945556325756CA18BBF39B5F5A6A1198E2|EXPERIMENTAL_SEED=123|ROUND=17|CLIENT_ID=21|PARTICIPATION_ORDINAL=4,871E6E57A2B28735920325FEE35E4064DB4251D9847E6C811A10704F3BCF37D5,9736340767092410165,True,True,True
123,17,5,4,CICIoT2023_LOCAL_TRAIN_RNG_V1|PREATTACK_IDENTITY_SHA256=81057E395366BA10088F4455897446945556325756CA18BBF39B5F5A6A1198E2|EXPERIMENTAL_SEED=123|ROUND=17|CLIENT_ID=5|PARTICIPATION_ORDINAL=4,5A42C18A7AD75B30B7C9717DD45B37FF76907533F2A90E814D18ADBD9DC61DAA,6503973612386999088,True,True,True
123,17,26,4,CICIoT2023_LOCAL_TRAIN_RNG_V1|PREATTACK_IDENTITY_SHA256=81057E395366BA10088F4455897446945556325756CA18BBF39B5F5A6A1198E2|EXPERIMENTAL_SEED=123|ROUND=17|CLIENT_ID=26|PARTICIPATION_ORDINAL=4,903852AD18C563725D9DC98F613059F7C4FCE97B14C36B5BBC10A462ADF97237,10392147043555828594,True,True,True
123,17,2,4,CICIoT2023_LOCAL_TRAIN_RNG_V1|PREATTACK_IDENTITY_SHA256=81057E395366BA10088F4455897446945556325756CA18BBF39B5F5A6A1198E2|EXPERIMENTAL_SEED=123|ROUND=17|CLIENT_ID=2|PARTICIPATION_ORDINAL=4,E16FBE2F433B56AD40576E9519611574AADD5DAC808A7BD44209F0B1ED1E1B10,16244411491149371053,True,True,True
123,17,25,4,CICIoT2023_LOCAL_TRAIN_RNG_V1|PREATTACK_IDENTITY_SHA256=81057E395366BA10088F4455897446945556325756CA18BBF39B5F5A6A1198E2|EXPERIMENTAL_SEED=123|ROUND=17|CLIENT_ID=25|PARTICIPATION_ORDINAL=4,AF3C8665294F9C61A207A468A20ADC6A61A02C30AC2D176C15051B9578C8FE90,12627115224282930273,True,True,True
123,17,13,4,CICIoT2023_LOCAL_TRAIN_RNG_V1|PREATTACK_IDENTITY_SHA256=81057E395366BA10088F4455897446945556325756CA18BBF39B5F5A6A1198E2|EXPERIMENTAL_SEED=123|ROUND=17|CLIENT_ID=13|PARTICIPATION_ORDINAL=4,EE6AD7DC4181531D6D92B94EC743665CC7D1BB12CDECFE268F06FA006128647E,17179781069549949725,True,True,True
123,17,7,5,CICIoT2023_LOCAL_TRAIN_RNG_V1|PREATTACK_IDENTITY_SHA256=81057E395366BA10088F4455897446945556325756CA18BBF39B5F5A6A1198E2|EXPERIMENTAL_SEED=123|ROUND=17|CLIENT_ID=7|PARTICIPATION_ORDINAL=5,5D8C821EEEB1666017C8716D5D5FAA01076BD7F3C76DD5545EAB58238983DA02,6740905811632023136,True,True,True
123,17,22,5,CICIoT2023_LOCAL_TRAIN_RNG_V1|PREATTACK_IDENTITY_SHA256=81057E395366BA10088F4455897446945556325756CA18BBF39B5F5A6A1198E2|EXPERIMENTAL_SEED=123|ROUND=17|CLIENT_ID=22|PARTICIPATION_ORDINAL=5,9F154E9D55A040CCB815621B67C3127B9CF47FB954188218EE60C0D720407DC7,11463154864194863308,True,True,True
123,17,12,5,CICIoT2023_LOCAL_TRAIN_RNG_V1|PREATTACK_IDENTITY_SHA256=81057E395366BA10088F4455897446945556325756CA18BBF39B5F5A6A1198E2|EXPERIMENTAL_SEED=123|ROUND=17|CLIENT_ID=12|PARTICIPATION_ORDINAL=5,EC5DA2900F8427E8847E0FCCFEE01A10A0628089536D99E85F2961E4FFEC2008,17031948105404393448,True,True,True
123,18,20,5,CICIoT2023_LOCAL_TRAIN_RNG_V1|PREATTACK_IDENTITY_SHA256=81057E395366BA10088F4455897446945556325756CA18BBF39B5F5A6A1198E2|EXPERIMENTAL_SEED=123|ROUND=18|CLIENT_ID=20|PARTICIPATION_ORDINAL=5,56B456B9E1BFF74C6596AE046361A1657DB7180F858F5CD587227A070B4CCAD3,6247713939426113356,True,True,True
123,18,19,5,CICIoT2023_LOCAL_TRAIN_RNG_V1|PREATTACK_IDENTITY_SHA256=81057E395366BA10088F4455897446945556325756CA18BBF39B5F5A6A1198E2|EXPERIMENTAL_SEED=123|ROUND=18|CLIENT_ID=19|PARTICIPATION_ORDINAL=5,F30BB6F14961FB17C2341EFCC2B8C709E9A8E06A1804FF39FADAB44DB00E70B8,17513292723394837271,True,True,True
123,18,2,5,CICIoT2023_LOCAL_TRAIN_RNG_V1|PREATTACK_IDENTITY_SHA256=81057E395366BA10088F4455897446945556325756CA18BBF39B5F5A6A1198E2|EXPERIMENTAL_SEED=123|ROUND=18|CLIENT_ID=2|PARTICIPATION_ORDINAL=5,2977893883D57D6BA8128218649F669EB746C4EAC08709D6A13D48132615F617,2988007753606593899,True,True,True
123,18,4,5,CICIoT2023_LOCAL_TRAIN_RNG_V1|PREATTACK_IDENTITY_SHA256=81057E395366BA10088F4455897446945556325756CA18BBF39B5F5A6A1198E2|EXPERIMENTAL_SEED=123|ROUND=18|CLIENT_ID=4|PARTICIPATION_ORDINAL=5,C316286B4081E53EFEB5F13A60EA5C1E80FC0B66C6D7221E0A3921FD06A15D0D,14057467727992448318,True,True,True
123,18,3,5,CICIoT2023_LOCAL_TRAIN_RNG_V1|PREATTACK_IDENTITY_SHA256=81057E395366BA10088F4455897446945556325756CA18BBF39B5F5A6A1198E2|EXPERIMENTAL_SEED=123|ROUND=18|CLIENT_ID=3|PARTICIPATION_ORDINAL=5,DA4E17E9C144852A94EA24D5D1D06CA8CFC4B19372DE347A7D4E99F608152744,15730536841189033258,True,True,True
123,18,26,5,CICIoT2023_LOCAL_TRAIN_RNG_V1|PREATTACK_IDENTITY_SHA256=81057E395366BA10088F4455897446945556325756CA18BBF39B5F5A6A1198E2|EXPERIMENTAL_SEED=123|ROUND=18|CLIENT_ID=26|PARTICIPATION_ORDINAL=5,30F5A98C727A631D7009516E38A66B09090C5CFC0A9B8377F69991064DCD4264,3527912303795790621,True,True,True
123,18,0,5,CICIoT2023_LOCAL_TRAIN_RNG_V1|PREATTACK_IDENTITY_SHA256=81057E395366BA10088F4455897446945556325756CA18BBF39B5F5A6A1198E2|EXPERIMENTAL_SEED=123|ROUND=18|CLIENT_ID=0|PARTICIPATION_ORDINAL=5,5CC16BDD51063100F18F06DE792454EDF3B4D2E3B8B44EFDE49211FC9222E242,6683741920285831424,True,True,True
123,18,9,5,CICIoT2023_LOCAL_TRAIN_RNG_V1|PREATTACK_IDENTITY_SHA256=81057E395366BA10088F4455897446945556325756CA18BBF39B5F5A6A1198E2|EXPERIMENTAL_SEED=123|ROUND=18|CLIENT_ID=9|PARTICIPATION_ORDINAL=5,06D488AD808835E7538F02169107D9CA291855DF229FE933A4B06F022A2E1EBD,492168538057356775,True,True,True
123,18,17,5,CICIoT2023_LOCAL_TRAIN_RNG_V1|PREATTACK_IDENTITY_SHA256=81057E395366BA10088F4455897446945556325756CA18BBF39B5F5A6A1198E2|EXPERIMENTAL_SEED=123|ROUND=18|CLIENT_ID=17|PARTICIPATION_ORDINAL=5,BC801F5E58CFC510E695C286F31CF31CA0A0389CF579B983349C01EC20DCB56C,13582890966226814224,True,True,True
123,19,14,5,CICIoT2023_LOCAL_TRAIN_RNG_V1|PREATTACK_IDENTITY_SHA256=81057E395366BA10088F4455897446945556325756CA18BBF39B5F5A6A1198E2|EXPERIMENTAL_SEED=123|ROUND=19|CLIENT_ID=14|PARTICIPATION_ORDINAL=5,FA75B84DBBC0437B88DB0C333985C4033F4FF0B0C0109CE9AE6B83E5B499B07E,18047533725759062907,True,True,True
123,19,11,5,CICIoT2023_LOCAL_TRAIN_RNG_V1|PREATTACK_IDENTITY_SHA256=81057E395366BA10088F4455897446945556325756CA18BBF39B5F5A6A1198E2|EXPERIMENTAL_SEED=123|ROUND=19|CLIENT_ID=11|PARTICIPATION_ORDINAL=5,5BB4F7F5DDE7C962B0FBF69DEE09ACDB276A646A1F5C4A27BEBB7A9E690E5BFD,6608179188621363554,True,True,True
123,19,24,5,CICIoT2023_LOCAL_TRAIN_RNG_V1|PREATTACK_IDENTITY_SHA256=81057E395366BA10088F4455897446945556325756CA18BBF39B5F5A6A1198E2|EXPERIMENTAL_SEED=123|ROUND=19|CLIENT_ID=24|PARTICIPATION_ORDINAL=5,90F8314257FE10DE1BC320B4192DC5F6ABBA68DF036ED7CA2B2BDC2538BC5F9C,10446153496699736286,True,True,True
123,19,27,5,CICIoT2023_LOCAL_TRAIN_RNG_V1|PREATTACK_IDENTITY_SHA256=81057E395366BA10088F4455897446945556325756CA18BBF39B5F5A6A1198E2|EXPERIMENTAL_SEED=123|ROUND=19|CLIENT_ID=27|PARTICIPATION_ORDINAL=5,72602D967041509E5049B7C63440F9F4C62BDB1DC639D05D9F0B92C105DCB20C,8241637442239680670,True,True,True
123,19,29,5,CICIoT2023_LOCAL_TRAIN_RNG_V1|PREATTACK_IDENTITY_SHA256=81057E395366BA10088F4455897446945556325756CA18BBF39B5F5A6A1198E2|EXPERIMENTAL_SEED=123|ROUND=19|CLIENT_ID=29|PARTICIPATION_ORDINAL=5,557A9BD7F05CED454665D766EF970FCE56575FFFC4807B4773205706E2D4FA6B,6159406792135470405,True,True,True
123,19,10,5,CICIoT2023_LOCAL_TRAIN_RNG_V1|PREATTACK_IDENTITY_SHA256=81057E395366BA10088F4455897446945556325756CA18BBF39B5F5A6A1198E2|EXPERIMENTAL_SEED=123|ROUND=19|CLIENT_ID=10|PARTICIPATION_ORDINAL=5,C79C20915EFDD04258588FE6057CCCA0BD0F588D31A114A4C08EA7E717D9F91E,14383407118650560578,True,True,True
123,19,8,5,CICIoT2023_LOCAL_TRAIN_RNG_V1|PREATTACK_IDENTITY_SHA256=81057E395366BA10088F4455897446945556325756CA18BBF39B5F5A6A1198E2|EXPERIMENTAL_SEED=123|ROUND=19|CLIENT_ID=8|PARTICIPATION_ORDINAL=5,49D7DF3CB5AC0C806877F2BBA661B7AB63FC8B843D4BED9D4CE7DE987CC42B12,5320966936600513664,True,True,True
123,19,23,5,CICIoT2023_LOCAL_TRAIN_RNG_V1|PREATTACK_IDENTITY_SHA256=81057E395366BA10088F4455897446945556325756CA18BBF39B5F5A6A1198E2|EXPERIMENTAL_SEED=123|ROUND=19|CLIENT_ID=23|PARTICIPATION_ORDINAL=5,AE6E069068BA6B2699F447154E43D650C5AF3A696D6ADC19767E0CFCDF35F9A3,12568990827339737894,True,True,True
123,19,5,5,CICIoT2023_LOCAL_TRAIN_RNG_V1|PREATTACK_IDENTITY_SHA256=81057E395366BA10088F4455897446945556325756CA18BBF39B5F5A6A1198E2|EXPERIMENTAL_SEED=123|ROUND=19|CLIENT_ID=5|PARTICIPATION_ORDINAL=5,D988E2331188CDC6AC8751D641A5BC0C314CEC7936DB73971C4CD8AC6C4EBF24,15675027212028399046,True,True,True
123,20,1,5,CICIoT2023_LOCAL_TRAIN_RNG_V1|PREATTACK_IDENTITY_SHA256=81057E395366BA10088F4455897446945556325756CA18BBF39B5F5A6A1198E2|EXPERIMENTAL_SEED=123|ROUND=20|CLIENT_ID=1|PARTICIPATION_ORDINAL=5,0D06E67DFC8D76D0BC55929612020F5E4EF5676F7A40C7632310423C3B733441,938691001135757008,True,True,True
123,20,16,5,CICIoT2023_LOCAL_TRAIN_RNG_V1|PREATTACK_IDENTITY_SHA256=81057E395366BA10088F4455897446945556325756CA18BBF39B5F5A6A1198E2|EXPERIMENTAL_SEED=123|ROUND=20|CLIENT_ID=16|PARTICIPATION_ORDINAL=5,CE6E51D81D56288D53E1A12755C067E8A8D674CB9D62E33E0C79B39A1396B429,14874916607898298509,True,True,True
123,20,6,5,CICIoT2023_LOCAL_TRAIN_RNG_V1|PREATTACK_IDENTITY_SHA256=81057E395366BA10088F4455897446945556325756CA18BBF39B5F5A6A1198E2|EXPERIMENTAL_SEED=123|ROUND=20|CLIENT_ID=6|PARTICIPATION_ORDINAL=5,3D0E10EB354119D4CB6C06A39872A401820918CE7E7FB2B2650050FBE4B966AC,4399472488384371156,True,True,True
123,20,18,5,CICIoT2023_LOCAL_TRAIN_RNG_V1|PREATTACK_IDENTITY_SHA256=81057E395366BA10088F4455897446945556325756CA18BBF39B5F5A6A1198E2|EXPERIMENTAL_SEED=123|ROUND=20|CLIENT_ID=18|PARTICIPATION_ORDINAL=5,93AA047253C24C157EF1772E59BA92476F4710F6C3979EDA2AE9821EA631A2F7,10640321958694243349,True,True,True
123,20,25,5,CICIoT2023_LOCAL_TRAIN_RNG_V1|PREATTACK_IDENTITY_SHA256=81057E395366BA10088F4455897446945556325756CA18BBF39B5F5A6A1198E2|EXPERIMENTAL_SEED=123|ROUND=20|CLIENT_ID=25|PARTICIPATION_ORDINAL=5,E81D8B6F98CACF6A07F0132E82DE3DDD42ACD3FAE5AE46874D34A48CB4820088,16725677902544949098,True,True,True
123,20,15,5,CICIoT2023_LOCAL_TRAIN_RNG_V1|PREATTACK_IDENTITY_SHA256=81057E395366BA10088F4455897446945556325756CA18BBF39B5F5A6A1198E2|EXPERIMENTAL_SEED=123|ROUND=20|CLIENT_ID=15|PARTICIPATION_ORDINAL=5,9A671BB943FDC0E459A0BA15257C7BBF593AFEAFD2C0B62977BA70E1BFBF5DE9,11125891886965702884,True,True,True
123,20,28,5,CICIoT2023_LOCAL_TRAIN_RNG_V1|PREATTACK_IDENTITY_SHA256=81057E395366BA10088F4455897446945556325756CA18BBF39B5F5A6A1198E2|EXPERIMENTAL_SEED=123|ROUND=20|CLIENT_ID=28|PARTICIPATION_ORDINAL=5,C973DF896978409095997466E5D6B7A10BEE0D1A6DFC0099A5E223541D24534A,14516191805218242704,True,True,True
123,20,13,5,CICIoT2023_LOCAL_TRAIN_RNG_V1|PREATTACK_IDENTITY_SHA256=81057E395366BA10088F4455897446945556325756CA18BBF39B5F5A6A1198E2|EXPERIMENTAL_SEED=123|ROUND=20|CLIENT_ID=13|PARTICIPATION_ORDINAL=5,A5689A71A61777237B043BBC584E294C8A11E75AFC43BEB5AE27CCC2475CDFA0,11918946226744555299,True,True,True
123,20,21,5,CICIoT2023_LOCAL_TRAIN_RNG_V1|PREATTACK_IDENTITY_SHA256=81057E395366BA10088F4455897446945556325756CA18BBF39B5F5A6A1198E2|EXPERIMENTAL_SEED=123|ROUND=20|CLIENT_ID=21|PARTICIPATION_ORDINAL=5,810B4A55BD336646D126F30CB514E3542631DDCC915865D3BB03ECBAC88AC0A3,9298607587743458886,True,True,True
456,1,23,0,CICIoT2023_LOCAL_TRAIN_RNG_V1|PREATTACK_IDENTITY_SHA256=81057E395366BA10088F4455897446945556325756CA18BBF39B5F5A6A1198E2|EXPERIMENTAL_SEED=456|ROUND=1|CLIENT_ID=23|PARTICIPATION_ORDINAL=0,E1C9FDDC9A673D66BCB170FE5CF82832ACBA88BF73DE725E65A5F95F17EA87B2,16269814252777717094,True,True,True
456,1,24,0,CICIoT2023_LOCAL_TRAIN_RNG_V1|PREATTACK_IDENTITY_SHA256=81057E395366BA10088F4455897446945556325756CA18BBF39B5F5A6A1198E2|EXPERIMENTAL_SEED=456|ROUND=1|CLIENT_ID=24|PARTICIPATION_ORDINAL=0,1ECC9BE7F06EAB63C9F80520F60512A73A8C8B8FC58A25308B8BC50A066F3E5E,2219320136860347235,True,True,True
456,1,2,0,CICIoT2023_LOCAL_TRAIN_RNG_V1|PREATTACK_IDENTITY_SHA256=81057E395366BA10088F4455897446945556325756CA18BBF39B5F5A6A1198E2|EXPERIMENTAL_SEED=456|ROUND=1|CLIENT_ID=2|PARTICIPATION_ORDINAL=0,7C7803E2A9151C6D694A5E3470BECAD7785091FA37BF3FC19E9D5E2CCAAE2B93,8968922929942568045,True,True,True
456,1,13,0,CICIoT2023_LOCAL_TRAIN_RNG_V1|PREATTACK_IDENTITY_SHA256=81057E395366BA10088F4455897446945556325756CA18BBF39B5F5A6A1198E2|EXPERIMENTAL_SEED=456|ROUND=1|CLIENT_ID=13|PARTICIPATION_ORDINAL=0,C1A8521C4688976131EC685D3D62D921A2A57A3CB2DEA748818F668EB96AB2FD,13954493726803400545,True,True,True
456,1,28,0,CICIoT2023_LOCAL_TRAIN_RNG_V1|PREATTACK_IDENTITY_SHA256=81057E395366BA10088F4455897446945556325756CA18BBF39B5F5A6A1198E2|EXPERIMENTAL_SEED=456|ROUND=1|CLIENT_ID=28|PARTICIPATION_ORDINAL=0,CE7FBD8745673A2B6C1A4A1BD54C7EF761B99A9A65EC0DF54460465312F1DB20,14879820082538035755,True,True,True
456,1,9,0,CICIoT2023_LOCAL_TRAIN_RNG_V1|PREATTACK_IDENTITY_SHA256=81057E395366BA10088F4455897446945556325756CA18BBF39B5F5A6A1198E2|EXPERIMENTAL_SEED=456|ROUND=1|CLIENT_ID=9|PARTICIPATION_ORDINAL=0,313855BD242C1CAC1F89BF9852A5C15AB45ABE3F4643E1E1F9E9F97DFEB8CD9F,3546678977398316204,True,True,True
456,1,16,0,CICIoT2023_LOCAL_TRAIN_RNG_V1|PREATTACK_IDENTITY_SHA256=81057E395366BA10088F4455897446945556325756CA18BBF39B5F5A6A1198E2|EXPERIMENTAL_SEED=456|ROUND=1|CLIENT_ID=16|PARTICIPATION_ORDINAL=0,7E8E3CEA6030CA8305C137E4A7CA3A2ECAC5E7225DF7D8EE8CB0F39B220B7C95,9119293272805657219,True,True,True
456,1,12,0,CICIoT2023_LOCAL_TRAIN_RNG_V1|PREATTACK_IDENTITY_SHA256=81057E395366BA10088F4455897446945556325756CA18BBF39B5F5A6A1198E2|EXPERIMENTAL_SEED=456|ROUND=1|CLIENT_ID=12|PARTICIPATION_ORDINAL=0,A11B1BCEA4AD0DA7B2F8303090F7A3D6F02C19F8347677267C961BF2D323904B,11608903038817602983,True,True,True
456,1,19,0,CICIoT2023_LOCAL_TRAIN_RNG_V1|PREATTACK_IDENTITY_SHA256=81057E395366BA10088F4455897446945556325756CA18BBF39B5F5A6A1198E2|EXPERIMENTAL_SEED=456|ROUND=1|CLIENT_ID=19|PARTICIPATION_ORDINAL=0,509493244D2961B91FE03652EC5BAE954CC5D815BEB1787A60F5D87390D70886,5806427603710075321,True,True,True
456,2,6,0,CICIoT2023_LOCAL_TRAIN_RNG_V1|PREATTACK_IDENTITY_SHA256=81057E395366BA10088F4455897446945556325756CA18BBF39B5F5A6A1198E2|EXPERIMENTAL_SEED=456|ROUND=2|CLIENT_ID=6|PARTICIPATION_ORDINAL=0,E027BDD770AFCA35A0BA54090C37066A0783247928E1665C4F5F1CAE506BEBE2,16152087321593760309,True,True,True
456,2,27,0,CICIoT2023_LOCAL_TRAIN_RNG_V1|PREATTACK_IDENTITY_SHA256=81057E395366BA10088F4455897446945556325756CA18BBF39B5F5A6A1198E2|EXPERIMENTAL_SEED=456|ROUND=2|CLIENT_ID=27|PARTICIPATION_ORDINAL=0,575D76AEDFDA6D25C1CE1C23047354AD87CB16249D4B83B3766336B4631A5F88,6295318347585842469,True,True,True
456,2,11,0,CICIoT2023_LOCAL_TRAIN_RNG_V1|PREATTACK_IDENTITY_SHA256=81057E395366BA10088F4455897446945556325756CA18BBF39B5F5A6A1198E2|EXPERIMENTAL_SEED=456|ROUND=2|CLIENT_ID=11|PARTICIPATION_ORDINAL=0,86A7FAE64B7BB898D1697CDF32C4A4C8D7371A68BDD870286A3FB88103775913,9702999789208844440,True,True,True
456,2,20,0,CICIoT2023_LOCAL_TRAIN_RNG_V1|PREATTACK_IDENTITY_SHA256=81057E395366BA10088F4455897446945556325756CA18BBF39B5F5A6A1198E2|EXPERIMENTAL_SEED=456|ROUND=2|CLIENT_ID=20|PARTICIPATION_ORDINAL=0,33428C054454388648CD406D5A496489E29C513479E3E5F2FB9E018DE788AD20,3693668598646323334,True,True,True
456,2,21,0,CICIoT2023_LOCAL_TRAIN_RNG_V1|PREATTACK_IDENTITY_SHA256=81057E395366BA10088F4455897446945556325756CA18BBF39B5F5A6A1198E2|EXPERIMENTAL_SEED=456|ROUND=2|CLIENT_ID=21|PARTICIPATION_ORDINAL=0,6FADEC7562031DF266295AF723F32CF22519EBB1EDACA0F6F9AEA4CFC49A8A03,8047348098080644594,True,True,True
456,2,29,0,CICIoT2023_LOCAL_TRAIN_RNG_V1|PREATTACK_IDENTITY_SHA256=81057E395366BA10088F4455897446945556325756CA18BBF39B5F5A6A1198E2|EXPERIMENTAL_SEED=456|ROUND=2|CLIENT_ID=29|PARTICIPATION_ORDINAL=0,5114FEEA08701B350F94F17782E696CCA7EFA388B3D0F3DFFDA400B8BA5CCA6D,5842574897723743029,True,True,True
456,2,25,0,CICIoT2023_LOCAL_TRAIN_RNG_V1|PREATTACK_IDENTITY_SHA256=81057E395366BA10088F4455897446945556325756CA18BBF39B5F5A6A1198E2|EXPERIMENTAL_SEED=456|ROUND=2|CLIENT_ID=25|PARTICIPATION_ORDINAL=0,61308E4E51E99E5FF31A5A93DAA5A45363F68D02A4958687A624413C1A0048F0,7003253887593979487,True,True,True
456,2,4,0,CICIoT2023_LOCAL_TRAIN_RNG_V1|PREATTACK_IDENTITY_SHA256=81057E395366BA10088F4455897446945556325756CA18BBF39B5F5A6A1198E2|EXPERIMENTAL_SEED=456|ROUND=2|CLIENT_ID=4|PARTICIPATION_ORDINAL=0,202874E54A2901823B337CA1E645A7BE4843C90D62F2C254D1A9A1959266AB9E,2317230536422654338,True,True,True
456,2,0,0,CICIoT2023_LOCAL_TRAIN_RNG_V1|PREATTACK_IDENTITY_SHA256=81057E395366BA10088F4455897446945556325756CA18BBF39B5F5A6A1198E2|EXPERIMENTAL_SEED=456|ROUND=2|CLIENT_ID=0|PARTICIPATION_ORDINAL=0,DF2B936DBD8F15994C565D4B324EB68E6BC8AA91DB12D8D0B85291796BDE8421,16081108993997477273,True,True,True
456,3,26,0,CICIoT2023_LOCAL_TRAIN_RNG_V1|PREATTACK_IDENTITY_SHA256=81057E395366BA10088F4455897446945556325756CA18BBF39B5F5A6A1198E2|EXPERIMENTAL_SEED=456|ROUND=3|CLIENT_ID=26|PARTICIPATION_ORDINAL=0,96C538CA3291994C5FB835BB66A95749F888C2C0844C0CC2E1FC475F88A74852,10864152117184141644,True,True,True
456,3,10,0,CICIoT2023_LOCAL_TRAIN_RNG_V1|PREATTACK_IDENTITY_SHA256=81057E395366BA10088F4455897446945556325756CA18BBF39B5F5A6A1198E2|EXPERIMENTAL_SEED=456|ROUND=3|CLIENT_ID=10|PARTICIPATION_ORDINAL=0,A87D1CB0E088F4AF8805A44DE031457C56AE85BA2EB9745866AE794BFE9907AB,12140891716467618991,True,True,True
456,3,14,0,CICIoT2023_LOCAL_TRAIN_RNG_V1|PREATTACK_IDENTITY_SHA256=81057E395366BA10088F4455897446945556325756CA18BBF39B5F5A6A1198E2|EXPERIMENTAL_SEED=456|ROUND=3|CLIENT_ID=14|PARTICIPATION_ORDINAL=0,50C67303CED44EB23B3A2E778696FB6D66C61C0754F5DCAAC5447FD805FDFF5F,5820466028615061170,True,True,True
456,3,18,0,CICIoT2023_LOCAL_TRAIN_RNG_V1|PREATTACK_IDENTITY_SHA256=81057E395366BA10088F4455897446945556325756CA18BBF39B5F5A6A1198E2|EXPERIMENTAL_SEED=456|ROUND=3|CLIENT_ID=18|PARTICIPATION_ORDINAL=0,EFDB6CA997708CA357CC8D20162646AD9554805D2BEB2C453E91C235E735562A,17283527470610418851,True,True,True
456,3,22,0,CICIoT2023_LOCAL_TRAIN_RNG_V1|PREATTACK_IDENTITY_SHA256=81057E395366BA10088F4455897446945556325756CA18BBF39B5F5A6A1198E2|EXPERIMENTAL_SEED=456|ROUND=3|CLIENT_ID=22|PARTICIPATION_ORDINAL=0,DEFC2B0CBB4145F0419AF6858FB379CDC064F6A9EC7B91B92DEEF4F53ED1F938,16067764904232306160,True,True,True
456,3,15,0,CICIoT2023_LOCAL_TRAIN_RNG_V1|PREATTACK_IDENTITY_SHA256=81057E395366BA10088F4455897446945556325756CA18BBF39B5F5A6A1198E2|EXPERIMENTAL_SEED=456|ROUND=3|CLIENT_ID=15|PARTICIPATION_ORDINAL=0,BC1B9D2AE0FC1DFA37A04EFCD5768DD18DC11619EC321E25152D4B9E313709B6,13554600310990446074,True,True,True
456,3,3,0,CICIoT2023_LOCAL_TRAIN_RNG_V1|PREATTACK_IDENTITY_SHA256=81057E395366BA10088F4455897446945556325756CA18BBF39B5F5A6A1198E2|EXPERIMENTAL_SEED=456|ROUND=3|CLIENT_ID=3|PARTICIPATION_ORDINAL=0,4A6FC81FBD3F4CCEF50D459575773623632A4B7C0045461127159983534D8982,5363725719866133710,True,True,True
456,3,1,0,CICIoT2023_LOCAL_TRAIN_RNG_V1|PREATTACK_IDENTITY_SHA256=81057E395366BA10088F4455897446945556325756CA18BBF39B5F5A6A1198E2|EXPERIMENTAL_SEED=456|ROUND=3|CLIENT_ID=1|PARTICIPATION_ORDINAL=0,E5DA871DBA10FED4091546F4BAAF9CE349B2183A0508DA31DAD83646DA424799,16562699141353897684,True,True,True
456,3,5,0,CICIoT2023_LOCAL_TRAIN_RNG_V1|PREATTACK_IDENTITY_SHA256=81057E395366BA10088F4455897446945556325756CA18BBF39B5F5A6A1198E2|EXPERIMENTAL_SEED=456|ROUND=3|CLIENT_ID=5|PARTICIPATION_ORDINAL=0,E1DC021066B69B6CB9235793FFD631050C64141EAEF2DAF5834271250F824DD3,16274885422876105580,True,True,True
456,4,17,0,CICIoT2023_LOCAL_TRAIN_RNG_V1|PREATTACK_IDENTITY_SHA256=81057E395366BA10088F4455897446945556325756CA18BBF39B5F5A6A1198E2|EXPERIMENTAL_SEED=456|ROUND=4|CLIENT_ID=17|PARTICIPATION_ORDINAL=0,435039913299393AD422CE5D71E025989F269E44DE0EB1B6A0EB1FBC4548DB20,4850440094459967802,True,True,True
456,4,8,0,CICIoT2023_LOCAL_TRAIN_RNG_V1|PREATTACK_IDENTITY_SHA256=81057E395366BA10088F4455897446945556325756CA18BBF39B5F5A6A1198E2|EXPERIMENTAL_SEED=456|ROUND=4|CLIENT_ID=8|PARTICIPATION_ORDINAL=0,D7D466881EC17E8D3E1D5E39504653363903B655AB0CB9EEF799C0295AEF7AD2,15552168148034748045,True,True,True
456,4,7,0,CICIoT2023_LOCAL_TRAIN_RNG_V1|PREATTACK_IDENTITY_SHA256=81057E395366BA10088F4455897446945556325756CA18BBF39B5F5A6A1198E2|EXPERIMENTAL_SEED=456|ROUND=4|CLIENT_ID=7|PARTICIPATION_ORDINAL=0,BC59387625BC01DE0FA2E0075A5CA3D0D344B8855443DB317FAE9CAE8BDCCDC8,13571941032148074974,True,True,True
456,4,29,1,CICIoT2023_LOCAL_TRAIN_RNG_V1|PREATTACK_IDENTITY_SHA256=81057E395366BA10088F4455897446945556325756CA18BBF39B5F5A6A1198E2|EXPERIMENTAL_SEED=456|ROUND=4|CLIENT_ID=29|PARTICIPATION_ORDINAL=1,0AFB94EC3612DDCEEE4E3C6338D7314BADF22114E9860E5B8504B2DFA4638828,791389901774052814,True,True,True
456,4,3,1,CICIoT2023_LOCAL_TRAIN_RNG_V1|PREATTACK_IDENTITY_SHA256=81057E395366BA10088F4455897446945556325756CA18BBF39B5F5A6A1198E2|EXPERIMENTAL_SEED=456|ROUND=4|CLIENT_ID=3|PARTICIPATION_ORDINAL=1,DB0D815074EEEC68171072852036E82521C723EFB68812DA139C90BE25230AF1,15784414451562638440,True,True,True
456,4,13,1,CICIoT2023_LOCAL_TRAIN_RNG_V1|PREATTACK_IDENTITY_SHA256=81057E395366BA10088F4455897446945556325756CA18BBF39B5F5A6A1198E2|EXPERIMENTAL_SEED=456|ROUND=4|CLIENT_ID=13|PARTICIPATION_ORDINAL=1,1D14B39B3CED03EE10869A7948D894F509F41B6F335A5259E65E816D832A64C1,2095497205957592046,True,True,True
456,4,12,1,CICIoT2023_LOCAL_TRAIN_RNG_V1|PREATTACK_IDENTITY_SHA256=81057E395366BA10088F4455897446945556325756CA18BBF39B5F5A6A1198E2|EXPERIMENTAL_SEED=456|ROUND=4|CLIENT_ID=12|PARTICIPATION_ORDINAL=1,DACA5463CC34D687DF3DA01558FA36B6E14E0DCFDADAC763EE3E0B6C17554D6F,15765506233168352903,True,True,True
456,4,11,1,CICIoT2023_LOCAL_TRAIN_RNG_V1|PREATTACK_IDENTITY_SHA256=81057E395366BA10088F4455897446945556325756CA18BBF39B5F5A6A1198E2|EXPERIMENTAL_SEED=456|ROUND=4|CLIENT_ID=11|PARTICIPATION_ORDINAL=1,EA94E086241F34F35C9781E77989594B6733A9FDB6E4FEFD3F046FB6B3680C9A,16903382168164578547,True,True,True
456,4,18,1,CICIoT2023_LOCAL_TRAIN_RNG_V1|PREATTACK_IDENTITY_SHA256=81057E395366BA10088F4455897446945556325756CA18BBF39B5F5A6A1198E2|EXPERIMENTAL_SEED=456|ROUND=4|CLIENT_ID=18|PARTICIPATION_ORDINAL=1,67C4113F2FFFCD6FCB9EAA4147E4F4ED64997600F4B949C5EFCE62680CCE7885,7477120244427771247,True,True,True
456,5,6,1,CICIoT2023_LOCAL_TRAIN_RNG_V1|PREATTACK_IDENTITY_SHA256=81057E395366BA10088F4455897446945556325756CA18BBF39B5F5A6A1198E2|EXPERIMENTAL_SEED=456|ROUND=5|CLIENT_ID=6|PARTICIPATION_ORDINAL=1,4663DF02039259F291A2AA791563F26A8910AC725C19D2D6C9EEBA1B3FF5C72A,5072142805092162034,True,True,True
456,5,15,1,CICIoT2023_LOCAL_TRAIN_RNG_V1|PREATTACK_IDENTITY_SHA256=81057E395366BA10088F4455897446945556325756CA18BBF39B5F5A6A1198E2|EXPERIMENTAL_SEED=456|ROUND=5|CLIENT_ID=15|PARTICIPATION_ORDINAL=1,A8F9456C3A05C1BA945020D5761AFF47961EAAAADA5DE84EEFA92EA651995325,12175839398705086906,True,True,True
456,5,1,1,CICIoT2023_LOCAL_TRAIN_RNG_V1|PREATTACK_IDENTITY_SHA256=81057E395366BA10088F4455897446945556325756CA18BBF39B5F5A6A1198E2|EXPERIMENTAL_SEED=456|ROUND=5|CLIENT_ID=1|PARTICIPATION_ORDINAL=1,1FCAE14408A772E824A43AD6F851769E9DE59C9D720D202910394D1C2D7B76B3,2290891042790535912,True,True,True
456,5,16,1,CICIoT2023_LOCAL_TRAIN_RNG_V1|PREATTACK_IDENTITY_SHA256=81057E395366BA10088F4455897446945556325756CA18BBF39B5F5A6A1198E2|EXPERIMENTAL_SEED=456|ROUND=5|CLIENT_ID=16|PARTICIPATION_ORDINAL=1,5F0CF6E7B86EF2576EED056102D1BB51A14A87E4C55614DE2E905B24F1AA88E3,6849120608415838807,True,True,True
456,5,23,1,CICIoT2023_LOCAL_TRAIN_RNG_V1|PREATTACK_IDENTITY_SHA256=81057E395366BA10088F4455897446945556325756CA18BBF39B5F5A6A1198E2|EXPERIMENTAL_SEED=456|ROUND=5|CLIENT_ID=23|PARTICIPATION_ORDINAL=1,4B41F470F2F843C128E46A8688ABDA39FF7B322967D3F6D7735BD6CB9BFEF3BA,5422884192280658881,True,True,True
456,5,20,1,CICIoT2023_LOCAL_TRAIN_RNG_V1|PREATTACK_IDENTITY_SHA256=81057E395366BA10088F4455897446945556325756CA18BBF39B5F5A6A1198E2|EXPERIMENTAL_SEED=456|ROUND=5|CLIENT_ID=20|PARTICIPATION_ORDINAL=1,827BD5DDB201E83851DFC25E131DF7E449BF48D3A6D5F9D683F1BA5FD4E35625,9402343795217000504,True,True,True
456,5,2,1,CICIoT2023_LOCAL_TRAIN_RNG_V1|PREATTACK_IDENTITY_SHA256=81057E395366BA10088F4455897446945556325756CA18BBF39B5F5A6A1198E2|EXPERIMENTAL_SEED=456|ROUND=5|CLIENT_ID=2|PARTICIPATION_ORDINAL=1,784BB82625FC7FF7CC315EB5E0C980B3030A620CC8514426BFA06DFCA7746F38,8668224381790224375,True,True,True
456,5,19,1,CICIoT2023_LOCAL_TRAIN_RNG_V1|PREATTACK_IDENTITY_SHA256=81057E395366BA10088F4455897446945556325756CA18BBF39B5F5A6A1198E2|EXPERIMENTAL_SEED=456|ROUND=5|CLIENT_ID=19|PARTICIPATION_ORDINAL=1,5F79C1A17EE7A71C23E8F4DB84DFEC4F4D07B9843CFAE1CD31E93F695801E636,6879742805148149532,True,True,True
456,5,5,1,CICIoT2023_LOCAL_TRAIN_RNG_V1|PREATTACK_IDENTITY_SHA256=81057E395366BA10088F4455897446945556325756CA18BBF39B5F5A6A1198E2|EXPERIMENTAL_SEED=456|ROUND=5|CLIENT_ID=5|PARTICIPATION_ORDINAL=1,B35A67B416F246EFADBA4E5EF6F4B8711B0571BD8E286FF7BE19D9BF8B9189B2,12923756103869810415,True,True,True
456,6,7,1,CICIoT2023_LOCAL_TRAIN_RNG_V1|PREATTACK_IDENTITY_SHA256=81057E395366BA10088F4455897446945556325756CA18BBF39B5F5A6A1198E2|EXPERIMENTAL_SEED=456|ROUND=6|CLIENT_ID=7|PARTICIPATION_ORDINAL=1,1E0E5B09F2D7961A7D2AFB239D092FF32C66E61520D89C117B6B1436DC12DFC5,2165768569098835482,True,True,True
456,6,24,1,CICIoT2023_LOCAL_TRAIN_RNG_V1|PREATTACK_IDENTITY_SHA256=81057E395366BA10088F4455897446945556325756CA18BBF39B5F5A6A1198E2|EXPERIMENTAL_SEED=456|ROUND=6|CLIENT_ID=24|PARTICIPATION_ORDINAL=1,C901EC0159031E1C5359044F3ECDC6E44E1AEC007ED1C9B4E1076C6CDE399547,14484117367132724764,True,True,True
456,6,28,1,CICIoT2023_LOCAL_TRAIN_RNG_V1|PREATTACK_IDENTITY_SHA256=81057E395366BA10088F4455897446945556325756CA18BBF39B5F5A6A1198E2|EXPERIMENTAL_SEED=456|ROUND=6|CLIENT_ID=28|PARTICIPATION_ORDINAL=1,8DF7387BD72FECE1865E69FD6E551FAC7FD2B114D462ED42B223B0EFC9B6D7EE,10229707183137746145,True,True,True
456,6,17,1,CICIoT2023_LOCAL_TRAIN_RNG_V1|PREATTACK_IDENTITY_SHA256=81057E395366BA10088F4455897446945556325756CA18BBF39B5F5A6A1198E2|EXPERIMENTAL_SEED=456|ROUND=6|CLIENT_ID=17|PARTICIPATION_ORDINAL=1,56D2EB5DC5F08F6CD72B62BF57483EBA929B899912DEA8A0B92552ECD9DEDCFD,6256321620356403052,True,True,True
456,6,8,1,CICIoT2023_LOCAL_TRAIN_RNG_V1|PREATTACK_IDENTITY_SHA256=81057E395366BA10088F4455897446945556325756CA18BBF39B5F5A6A1198E2|EXPERIMENTAL_SEED=456|ROUND=6|CLIENT_ID=8|PARTICIPATION_ORDINAL=1,18445C82BEA574C8F263E0F05360F38F776DFEC951CF2FA131945D1CFE81B29F,1748624271940613320,True,True,True
456,6,26,1,CICIoT2023_LOCAL_TRAIN_RNG_V1|PREATTACK_IDENTITY_SHA256=81057E395366BA10088F4455897446945556325756CA18BBF39B5F5A6A1198E2|EXPERIMENTAL_SEED=456|ROUND=6|CLIENT_ID=26|PARTICIPATION_ORDINAL=1,B90BB3B23F5337130115142481E64548F65FAD3FB8E8E1D523907F5E3925CD87,13333948699908454163,True,True,True
456,6,0,1,CICIoT2023_LOCAL_TRAIN_RNG_V1|PREATTACK_IDENTITY_SHA256=81057E395366BA10088F4455897446945556325756CA18BBF39B5F5A6A1198E2|EXPERIMENTAL_SEED=456|ROUND=6|CLIENT_ID=0|PARTICIPATION_ORDINAL=1,CA16F248B593CBABD325877EF7E736F186006569690B7C7446375A89D8193EB2,14562092839247006635,True,True,True
456,6,22,1,CICIoT2023_LOCAL_TRAIN_RNG_V1|PREATTACK_IDENTITY_SHA256=81057E395366BA10088F4455897446945556325756CA18BBF39B5F5A6A1198E2|EXPERIMENTAL_SEED=456|ROUND=6|CLIENT_ID=22|PARTICIPATION_ORDINAL=1,F355FDD376C704ADBCB66BD34193373523ABF3CF999B94271E5410961036EE90,17534199808909575341,True,True,True
456,6,9,1,CICIoT2023_LOCAL_TRAIN_RNG_V1|PREATTACK_IDENTITY_SHA256=81057E395366BA10088F4455897446945556325756CA18BBF39B5F5A6A1198E2|EXPERIMENTAL_SEED=456|ROUND=6|CLIENT_ID=9|PARTICIPATION_ORDINAL=1,62FE6FD10F524C0B0E697A4675EB381CD49F464743A2C5C250BDE3E4BE8511CE,7133261803497344011,True,True,True
456,7,10,1,CICIoT2023_LOCAL_TRAIN_RNG_V1|PREATTACK_IDENTITY_SHA256=81057E395366BA10088F4455897446945556325756CA18BBF39B5F5A6A1198E2|EXPERIMENTAL_SEED=456|ROUND=7|CLIENT_ID=10|PARTICIPATION_ORDINAL=1,38D95EE9741E6048B095833910E6F303E2F28DA104AE88594FA2A61638A3C265,4096409692838715464,True,True,True
456,7,25,1,CICIoT2023_LOCAL_TRAIN_RNG_V1|PREATTACK_IDENTITY_SHA256=81057E395366BA10088F4455897446945556325756CA18BBF39B5F5A6A1198E2|EXPERIMENTAL_SEED=456|ROUND=7|CLIENT_ID=25|PARTICIPATION_ORDINAL=1,CD732B539F183AAD04151CA6B5A1338297FEDD3D810E7CAECCA04B63536C4E3D,14804224038248397485,True,True,True
456,7,14,1,CICIoT2023_LOCAL_TRAIN_RNG_V1|PREATTACK_IDENTITY_SHA256=81057E395366BA10088F4455897446945556325756CA18BBF39B5F5A6A1198E2|EXPERIMENTAL_SEED=456|ROUND=7|CLIENT_ID=14|PARTICIPATION_ORDINAL=1,CC0586F41F926BA971D63AD039BC4E10EE898ED56E542B71160CD91094A14FD9,14701304941680683945,True,True,True
456,7,27,1,CICIoT2023_LOCAL_TRAIN_RNG_V1|PREATTACK_IDENTITY_SHA256=81057E395366BA10088F4455897446945556325756CA18BBF39B5F5A6A1198E2|EXPERIMENTAL_SEED=456|ROUND=7|CLIENT_ID=27|PARTICIPATION_ORDINAL=1,41224C42BF034678F25E81AE1A55A259534D99C39F6E10E77B42CA8400BB755F,4693397611229693560,True,True,True
456,7,4,1,CICIoT2023_LOCAL_TRAIN_RNG_V1|PREATTACK_IDENTITY_SHA256=81057E395366BA10088F4455897446945556325756CA18BBF39B5F5A6A1198E2|EXPERIMENTAL_SEED=456|ROUND=7|CLIENT_ID=4|PARTICIPATION_ORDINAL=1,B4DDC041549DA1619F7E0CE9AC00465C74FC50A86C206531D80C5BEA8F52C4C0,13032784283505107297,True,True,True
456,7,21,1,CICIoT2023_LOCAL_TRAIN_RNG_V1|PREATTACK_IDENTITY_SHA256=81057E395366BA10088F4455897446945556325756CA18BBF39B5F5A6A1198E2|EXPERIMENTAL_SEED=456|ROUND=7|CLIENT_ID=21|PARTICIPATION_ORDINAL=1,5C04521F057962A329BB8BAF0E130B9030AC38F0D4DC5D2EB639302AAD75C3B7,6630514844585517731,True,True,True
456,7,23,2,CICIoT2023_LOCAL_TRAIN_RNG_V1|PREATTACK_IDENTITY_SHA256=81057E395366BA10088F4455897446945556325756CA18BBF39B5F5A6A1198E2|EXPERIMENTAL_SEED=456|ROUND=7|CLIENT_ID=23|PARTICIPATION_ORDINAL=2,06C19B184A00A7805660C4AD24CD916930EFDA41449F1F81E228D13ACDF21325,486840763355801472,True,True,True
456,7,11,2,CICIoT2023_LOCAL_TRAIN_RNG_V1|PREATTACK_IDENTITY_SHA256=81057E395366BA10088F4455897446945556325756CA18BBF39B5F5A6A1198E2|EXPERIMENTAL_SEED=456|ROUND=7|CLIENT_ID=11|PARTICIPATION_ORDINAL=2,93011DD6CB332215A0A3CDA8806B8489BDBEAF4DD1C6E28D67376D39DEB41182,10592780606921450005,True,True,True
456,7,3,2,CICIoT2023_LOCAL_TRAIN_RNG_V1|PREATTACK_IDENTITY_SHA256=81057E395366BA10088F4455897446945556325756CA18BBF39B5F5A6A1198E2|EXPERIMENTAL_SEED=456|ROUND=7|CLIENT_ID=3|PARTICIPATION_ORDINAL=2,772624999B977B1BFB8436C92D284F89FCE8F52455275265FC3739B0573BC4D8,8585589981787421467,True,True,True
456,8,21,2,CICIoT2023_LOCAL_TRAIN_RNG_V1|PREATTACK_IDENTITY_SHA256=81057E395366BA10088F4455897446945556325756CA18BBF39B5F5A6A1198E2|EXPERIMENTAL_SEED=456|ROUND=8|CLIENT_ID=21|PARTICIPATION_ORDINAL=2,33BFD6C31761A80A8551D8D133E3D4D759842E7953AC347FC1C105033C8D4C5C,3728935149885302794,True,True,True
456,8,22,2,CICIoT2023_LOCAL_TRAIN_RNG_V1|PREATTACK_IDENTITY_SHA256=81057E395366BA10088F4455897446945556325756CA18BBF39B5F5A6A1198E2|EXPERIMENTAL_SEED=456|ROUND=8|CLIENT_ID=22|PARTICIPATION_ORDINAL=2,A4192884457FC2B41C766B753C5E1ABEC1E1CBD25E8245BF3FC693C886E252D1,11824526845204742836,True,True,True
456,8,28,2,CICIoT2023_LOCAL_TRAIN_RNG_V1|PREATTACK_IDENTITY_SHA256=81057E395366BA10088F4455897446945556325756CA18BBF39B5F5A6A1198E2|EXPERIMENTAL_SEED=456|ROUND=8|CLIENT_ID=28|PARTICIPATION_ORDINAL=2,E535CE4E192A44FCCAB82ED7E36252716EC061189BABD5AA290E4687AF546821,16516334043276133628,True,True,True
456,8,20,2,CICIoT2023_LOCAL_TRAIN_RNG_V1|PREATTACK_IDENTITY_SHA256=81057E395366BA10088F4455897446945556325756CA18BBF39B5F5A6A1198E2|EXPERIMENTAL_SEED=456|ROUND=8|CLIENT_ID=20|PARTICIPATION_ORDINAL=2,F2EF65B60A27A7CEAD8438B30F1006C92D9DF74808F093A9EEBF9343156F59C0,17505322109141231566,True,True,True
456,8,19,2,CICIoT2023_LOCAL_TRAIN_RNG_V1|PREATTACK_IDENTITY_SHA256=81057E395366BA10088F4455897446945556325756CA18BBF39B5F5A6A1198E2|EXPERIMENTAL_SEED=456|ROUND=8|CLIENT_ID=19|PARTICIPATION_ORDINAL=2,543A4E4F7625F53B785507CAB735C9227FD3138704438414762CBA532C651CB8,6069249551026746683,True,True,True
456,8,15,2,CICIoT2023_LOCAL_TRAIN_RNG_V1|PREATTACK_IDENTITY_SHA256=81057E395366BA10088F4455897446945556325756CA18BBF39B5F5A6A1198E2|EXPERIMENTAL_SEED=456|ROUND=8|CLIENT_ID=15|PARTICIPATION_ORDINAL=2,762E21EE7F09CAB19CE9CC029AD74DF6D06708AAF5D888E51CE8804EFF5EFD70,8515781253621467825,True,True,True
456,8,0,2,CICIoT2023_LOCAL_TRAIN_RNG_V1|PREATTACK_IDENTITY_SHA256=81057E395366BA10088F4455897446945556325756CA18BBF39B5F5A6A1198E2|EXPERIMENTAL_SEED=456|ROUND=8|CLIENT_ID=0|PARTICIPATION_ORDINAL=2,C246DAD120F4285D4E02A63C6E1DDB87AD1E78510B0FBB75390E39F42ABCA231,13999117083463657565,True,True,True
456,8,9,2,CICIoT2023_LOCAL_TRAIN_RNG_V1|PREATTACK_IDENTITY_SHA256=81057E395366BA10088F4455897446945556325756CA18BBF39B5F5A6A1198E2|EXPERIMENTAL_SEED=456|ROUND=8|CLIENT_ID=9|PARTICIPATION_ORDINAL=2,EFB6A002B3D5C6287A0A981F807D69B23C4554D14D1687FDF262C0A2520AD75E,17273169354293626408,True,True,True
456,8,29,2,CICIoT2023_LOCAL_TRAIN_RNG_V1|PREATTACK_IDENTITY_SHA256=81057E395366BA10088F4455897446945556325756CA18BBF39B5F5A6A1198E2|EXPERIMENTAL_SEED=456|ROUND=8|CLIENT_ID=29|PARTICIPATION_ORDINAL=2,BE3C69D8856E609E1729C45641AE8EBB2FEE23E1E92E4112851BCC948662B9EF,13707947744481403038,True,True,True
456,9,10,2,CICIoT2023_LOCAL_TRAIN_RNG_V1|PREATTACK_IDENTITY_SHA256=81057E395366BA10088F4455897446945556325756CA18BBF39B5F5A6A1198E2|EXPERIMENTAL_SEED=456|ROUND=9|CLIENT_ID=10|PARTICIPATION_ORDINAL=2,E6AD065E5C107C0394783DF846684E4E10D43E2FF44695170F301ED1567CB42F,16621948802035645443,True,True,True
456,9,6,2,CICIoT2023_LOCAL_TRAIN_RNG_V1|PREATTACK_IDENTITY_SHA256=81057E395366BA10088F4455897446945556325756CA18BBF39B5F5A6A1198E2|EXPERIMENTAL_SEED=456|ROUND=9|CLIENT_ID=6|PARTICIPATION_ORDINAL=2,8B29D77CED4734E2DB9EC0DB7B2E4770811B49303186BBAB17C6BE8EE544AC57,10027782976873903330,True,True,True
456,9,24,2,CICIoT2023_LOCAL_TRAIN_RNG_V1|PREATTACK_IDENTITY_SHA256=81057E395366BA10088F4455897446945556325756CA18BBF39B5F5A6A1198E2|EXPERIMENTAL_SEED=456|ROUND=9|CLIENT_ID=24|PARTICIPATION_ORDINAL=2,FB95E041133436E91F18275733100CA96AA1348801F8A231CC52DF3BDD1ECC1D,18128642445149484777,True,True,True
456,9,1,2,CICIoT2023_LOCAL_TRAIN_RNG_V1|PREATTACK_IDENTITY_SHA256=81057E395366BA10088F4455897446945556325756CA18BBF39B5F5A6A1198E2|EXPERIMENTAL_SEED=456|ROUND=9|CLIENT_ID=1|PARTICIPATION_ORDINAL=2,29CC3D73CD3FF15BBC921C338693803B4D45B01E2641FC8F100D965ABA8726F7,3011849818378072411,True,True,True
456,9,13,2,CICIoT2023_LOCAL_TRAIN_RNG_V1|PREATTACK_IDENTITY_SHA256=81057E395366BA10088F4455897446945556325756CA18BBF39B5F5A6A1198E2|EXPERIMENTAL_SEED=456|ROUND=9|CLIENT_ID=13|PARTICIPATION_ORDINAL=2,7D12F3F78FB4D5C862C5601099B3809946FCFA67333DFA6226603279A81A76A0,9012534048915248584,True,True,True
456,9,25,2,CICIoT2023_LOCAL_TRAIN_RNG_V1|PREATTACK_IDENTITY_SHA256=81057E395366BA10088F4455897446945556325756CA18BBF39B5F5A6A1198E2|EXPERIMENTAL_SEED=456|ROUND=9|CLIENT_ID=25|PARTICIPATION_ORDINAL=2,0D12CBB280300EAD6DE323C89C8E0F2522A75C60B8E7040A5C6D45EC0639AF0D,942039239589105325,True,True,True
456,9,7,2,CICIoT2023_LOCAL_TRAIN_RNG_V1|PREATTACK_IDENTITY_SHA256=81057E395366BA10088F4455897446945556325756CA18BBF39B5F5A6A1198E2|EXPERIMENTAL_SEED=456|ROUND=9|CLIENT_ID=7|PARTICIPATION_ORDINAL=2,1646EF95F88A944A8E13D6C16C51305A1ECB312A657C56A75D69E5AF6A031B63,1605233744603157578,True,True,True
456,9,2,2,CICIoT2023_LOCAL_TRAIN_RNG_V1|PREATTACK_IDENTITY_SHA256=81057E395366BA10088F4455897446945556325756CA18BBF39B5F5A6A1198E2|EXPERIMENTAL_SEED=456|ROUND=9|CLIENT_ID=2|PARTICIPATION_ORDINAL=2,07C2530E5C642FEF5032EE61B79ED9E56883C4162CCF976CAAFCC65E1D7DA199,559100624892080111,True,True,True
456,9,14,2,CICIoT2023_LOCAL_TRAIN_RNG_V1|PREATTACK_IDENTITY_SHA256=81057E395366BA10088F4455897446945556325756CA18BBF39B5F5A6A1198E2|EXPERIMENTAL_SEED=456|ROUND=9|CLIENT_ID=14|PARTICIPATION_ORDINAL=2,77F4315BEB863D5A064B29FB1000E71B29C497416D870EF822B50F092A5D4D42,8643587855694052698,True,True,True
456,10,16,2,CICIoT2023_LOCAL_TRAIN_RNG_V1|PREATTACK_IDENTITY_SHA256=81057E395366BA10088F4455897446945556325756CA18BBF39B5F5A6A1198E2|EXPERIMENTAL_SEED=456|ROUND=10|CLIENT_ID=16|PARTICIPATION_ORDINAL=2,BC1660E7D59C4817E4C8DF91CA340CE8246F3F53751EC86770309A109D392984,13553126677455587351,True,True,True
456,10,18,2,CICIoT2023_LOCAL_TRAIN_RNG_V1|PREATTACK_IDENTITY_SHA256=81057E395366BA10088F4455897446945556325756CA18BBF39B5F5A6A1198E2|EXPERIMENTAL_SEED=456|ROUND=10|CLIENT_ID=18|PARTICIPATION_ORDINAL=2,4AF4D3643957D5C56E3960681617E59BE8EAAD9A5CD4DF91F71FF59A5DBA0196,5401174280536315333,True,True,True
456,10,27,2,CICIoT2023_LOCAL_TRAIN_RNG_V1|PREATTACK_IDENTITY_SHA256=81057E395366BA10088F4455897446945556325756CA18BBF39B5F5A6A1198E2|EXPERIMENTAL_SEED=456|ROUND=10|CLIENT_ID=27|PARTICIPATION_ORDINAL=2,3829C1695D7C90CAD3790D3FE97E5F9FAF38AC152871C8D3F2E9FE8405A222ED,4046978398453272778,True,True,True
456,10,8,2,CICIoT2023_LOCAL_TRAIN_RNG_V1|PREATTACK_IDENTITY_SHA256=81057E395366BA10088F4455897446945556325756CA18BBF39B5F5A6A1198E2|EXPERIMENTAL_SEED=456|ROUND=10|CLIENT_ID=8|PARTICIPATION_ORDINAL=2,55142CD6E48E2683FB67634CAA64FD604223D4FD6626706112944AABFC0D71EA,6130574294227232387,True,True,True
456,10,12,2,CICIoT2023_LOCAL_TRAIN_RNG_V1|PREATTACK_IDENTITY_SHA256=81057E395366BA10088F4455897446945556325756CA18BBF39B5F5A6A1198E2|EXPERIMENTAL_SEED=456|ROUND=10|CLIENT_ID=12|PARTICIPATION_ORDINAL=2,7E12CE33335F7AFD12EF508ED80735204AC31ACC6476EAC4480300ECEB778C47,9084550117660261117,True,True,True
456,10,26,2,CICIoT2023_LOCAL_TRAIN_RNG_V1|PREATTACK_IDENTITY_SHA256=81057E395366BA10088F4455897446945556325756CA18BBF39B5F5A6A1198E2|EXPERIMENTAL_SEED=456|ROUND=10|CLIENT_ID=26|PARTICIPATION_ORDINAL=2,85057CA394A8106CB1524DC2EA9971320BC891E41B55D9D829DB0504BB172797,9585204423943524460,True,True,True
456,10,5,2,CICIoT2023_LOCAL_TRAIN_RNG_V1|PREATTACK_IDENTITY_SHA256=81057E395366BA10088F4455897446945556325756CA18BBF39B5F5A6A1198E2|EXPERIMENTAL_SEED=456|ROUND=10|CLIENT_ID=5|PARTICIPATION_ORDINAL=2,65231B5B15AF8B36A8200667B0CF877A357338AB9B6D0F41FDE78A38C2CEB907,7287698700035394358,True,True,True
456,10,4,2,CICIoT2023_LOCAL_TRAIN_RNG_V1|PREATTACK_IDENTITY_SHA256=81057E395366BA10088F4455897446945556325756CA18BBF39B5F5A6A1198E2|EXPERIMENTAL_SEED=456|ROUND=10|CLIENT_ID=4|PARTICIPATION_ORDINAL=2,E0884028E37DDAAD5B84A7DE066CD8DA493A435EF310536F0377535E3B743710,16179252205688052397,True,True,True
456,10,17,2,CICIoT2023_LOCAL_TRAIN_RNG_V1|PREATTACK_IDENTITY_SHA256=81057E395366BA10088F4455897446945556325756CA18BBF39B5F5A6A1198E2|EXPERIMENTAL_SEED=456|ROUND=10|CLIENT_ID=17|PARTICIPATION_ORDINAL=2,8989603B9235DC52B8AF523A9B4EB33C063CB85916A1408DCCAF924BFACF8661,9910558263977827410,True,True,True
456,11,8,3,CICIoT2023_LOCAL_TRAIN_RNG_V1|PREATTACK_IDENTITY_SHA256=81057E395366BA10088F4455897446945556325756CA18BBF39B5F5A6A1198E2|EXPERIMENTAL_SEED=456|ROUND=11|CLIENT_ID=8|PARTICIPATION_ORDINAL=3,5BC6EE1A6C494A2CB5FE3301EAB68373EDFB5BA86EA189176E98754EAC961F92,6613234900093454892,True,True,True
456,11,13,3,CICIoT2023_LOCAL_TRAIN_RNG_V1|PREATTACK_IDENTITY_SHA256=81057E395366BA10088F4455897446945556325756CA18BBF39B5F5A6A1198E2|EXPERIMENTAL_SEED=456|ROUND=11|CLIENT_ID=13|PARTICIPATION_ORDINAL=3,8AEDAA013F47B2EB52185ED7A5E54625A43E4EA08D95247A71279E8DA689FEBA,10010844469047833323,True,True,True
456,11,29,3,CICIoT2023_LOCAL_TRAIN_RNG_V1|PREATTACK_IDENTITY_SHA256=81057E395366BA10088F4455897446945556325756CA18BBF39B5F5A6A1198E2|EXPERIMENTAL_SEED=456|ROUND=11|CLIENT_ID=29|PARTICIPATION_ORDINAL=3,75C3193D1D24414F1A46C6C28B6A39BAB8929BE11FA7F31EA636FFCB7D39BBAE,8485653873168761167,True,True,True
456,11,1,3,CICIoT2023_LOCAL_TRAIN_RNG_V1|PREATTACK_IDENTITY_SHA256=81057E395366BA10088F4455897446945556325756CA18BBF39B5F5A6A1198E2|EXPERIMENTAL_SEED=456|ROUND=11|CLIENT_ID=1|PARTICIPATION_ORDINAL=3,02DE6583B834F9DE52DA23FBB2DF27567C348C8491B40CDD0431A2B3CBF6635E,206714249311222238,True,True,True
456,11,4,3,CICIoT2023_LOCAL_TRAIN_RNG_V1|PREATTACK_IDENTITY_SHA256=81057E395366BA10088F4455897446945556325756CA18BBF39B5F5A6A1198E2|EXPERIMENTAL_SEED=456|ROUND=11|CLIENT_ID=4|PARTICIPATION_ORDINAL=3,6A60F293A57B72A296799FFBC2FFB1FC90674E692F62311C5A959F3643A28E2B,7665393281735029410,True,True,True
456,11,27,3,CICIoT2023_LOCAL_TRAIN_RNG_V1|PREATTACK_IDENTITY_SHA256=81057E395366BA10088F4455897446945556325756CA18BBF39B5F5A6A1198E2|EXPERIMENTAL_SEED=456|ROUND=11|CLIENT_ID=27|PARTICIPATION_ORDINAL=3,296AE13B6AA5BDC8431609E9805A1085B8C6C3BD75E4F83F7541FB32E7BF156D,2984445348394941896,True,True,True
456,11,12,3,CICIoT2023_LOCAL_TRAIN_RNG_V1|PREATTACK_IDENTITY_SHA256=81057E395366BA10088F4455897446945556325756CA18BBF39B5F5A6A1198E2|EXPERIMENTAL_SEED=456|ROUND=11|CLIENT_ID=12|PARTICIPATION_ORDINAL=3,8544D4B878E222926E6751478674D1BAB1EE6BCD872664AFD14709A7F96E636B,9603034194227896978,True,True,True
456,11,5,3,CICIoT2023_LOCAL_TRAIN_RNG_V1|PREATTACK_IDENTITY_SHA256=81057E395366BA10088F4455897446945556325756CA18BBF39B5F5A6A1198E2|EXPERIMENTAL_SEED=456|ROUND=11|CLIENT_ID=5|PARTICIPATION_ORDINAL=3,5FF98FFCEE0F0D07C97025FE0FE42DB9F2777BD81E5D9DD60CE42C44C08C9D0C,6915717019292601607,True,True,True
456,11,10,3,CICIoT2023_LOCAL_TRAIN_RNG_V1|PREATTACK_IDENTITY_SHA256=81057E395366BA10088F4455897446945556325756CA18BBF39B5F5A6A1198E2|EXPERIMENTAL_SEED=456|ROUND=11|CLIENT_ID=10|PARTICIPATION_ORDINAL=3,48B85238C10576F1ED47AF4EEF04B650E398D053D563EA7024B218C38BCD3FE5,5240028570155579121,True,True,True
456,12,2,3,CICIoT2023_LOCAL_TRAIN_RNG_V1|PREATTACK_IDENTITY_SHA256=81057E395366BA10088F4455897446945556325756CA18BBF39B5F5A6A1198E2|EXPERIMENTAL_SEED=456|ROUND=12|CLIENT_ID=2|PARTICIPATION_ORDINAL=3,BB510C6D9BDB2CCB0DCCCDDF0B79F0518A1072CABD24E42ECF655469230949F9,13497583223111888075,True,True,True
456,12,28,3,CICIoT2023_LOCAL_TRAIN_RNG_V1|PREATTACK_IDENTITY_SHA256=81057E395366BA10088F4455897446945556325756CA18BBF39B5F5A6A1198E2|EXPERIMENTAL_SEED=456|ROUND=12|CLIENT_ID=28|PARTICIPATION_ORDINAL=3,8E54ACEF8716D13C264286D7EC47B8CFAC1B70E487E0050D53AE059038C77957,10256012396193042748,True,True,True
456,12,11,3,CICIoT2023_LOCAL_TRAIN_RNG_V1|PREATTACK_IDENTITY_SHA256=81057E395366BA10088F4455897446945556325756CA18BBF39B5F5A6A1198E2|EXPERIMENTAL_SEED=456|ROUND=12|CLIENT_ID=11|PARTICIPATION_ORDINAL=3,0070FE935071730722BAE1A34D356700B75F899503022FA4C79BFFC37A8ED5C1,31805106054853383,True,True,True
456,12,22,3,CICIoT2023_LOCAL_TRAIN_RNG_V1|PREATTACK_IDENTITY_SHA256=81057E395366BA10088F4455897446945556325756CA18BBF39B5F5A6A1198E2|EXPERIMENTAL_SEED=456|ROUND=12|CLIENT_ID=22|PARTICIPATION_ORDINAL=3,EB244F91D2D8CFD8D093BFF47F3AD7F0643BA3D42473B3721D5B919F5ADA3935,16943755185800925144,True,True,True
456,12,24,3,CICIoT2023_LOCAL_TRAIN_RNG_V1|PREATTACK_IDENTITY_SHA256=81057E395366BA10088F4455897446945556325756CA18BBF39B5F5A6A1198E2|EXPERIMENTAL_SEED=456|ROUND=12|CLIENT_ID=24|PARTICIPATION_ORDINAL=3,D13CE668CFAE76194633280B76A17812DFBF23C8DFD40436711CB9F2E9B86E78,15077178990364882457,True,True,True
456,12,26,3,CICIoT2023_LOCAL_TRAIN_RNG_V1|PREATTACK_IDENTITY_SHA256=81057E395366BA10088F4455897446945556325756CA18BBF39B5F5A6A1198E2|EXPERIMENTAL_SEED=456|ROUND=12|CLIENT_ID=26|PARTICIPATION_ORDINAL=3,2C8EBB3AFD7EF414C078A34E99F6A8583B073376EB662E71D0C7C538636CE2B9,3210709446397195284,True,True,True
456,12,9,3,CICIoT2023_LOCAL_TRAIN_RNG_V1|PREATTACK_IDENTITY_SHA256=81057E395366BA10088F4455897446945556325756CA18BBF39B5F5A6A1198E2|EXPERIMENTAL_SEED=456|ROUND=12|CLIENT_ID=9|PARTICIPATION_ORDINAL=3,B7B2D330E4F5113DDA817183B2FB80D2649EDB07142BD66018549755B56269C4,13236874461748465981,True,True,True
456,12,25,3,CICIoT2023_LOCAL_TRAIN_RNG_V1|PREATTACK_IDENTITY_SHA256=81057E395366BA10088F4455897446945556325756CA18BBF39B5F5A6A1198E2|EXPERIMENTAL_SEED=456|ROUND=12|CLIENT_ID=25|PARTICIPATION_ORDINAL=3,AA0EB08D6FC0F402CFEDF9CEF9ED76C90B124C0B1ED9697F34BD0B3FAFBCD544,12253925757633491970,True,True,True
456,12,15,3,CICIoT2023_LOCAL_TRAIN_RNG_V1|PREATTACK_IDENTITY_SHA256=81057E395366BA10088F4455897446945556325756CA18BBF39B5F5A6A1198E2|EXPERIMENTAL_SEED=456|ROUND=12|CLIENT_ID=15|PARTICIPATION_ORDINAL=3,9080E7117BDBBF43A545142C8A81836D73A437D0AEBEC3D54D267C811741B239,10412576400759045955,True,True,True
456,13,0,3,CICIoT2023_LOCAL_TRAIN_RNG_V1|PREATTACK_IDENTITY_SHA256=81057E395366BA10088F4455897446945556325756CA18BBF39B5F5A6A1198E2|EXPERIMENTAL_SEED=456|ROUND=13|CLIENT_ID=0|PARTICIPATION_ORDINAL=3,99F4719134D5DB7B7E1A31E411F8BF7CC2D2CF1EFE97C0DC9A56B859F44DC89E,11093616650591001467,True,True,True
456,13,14,3,CICIoT2023_LOCAL_TRAIN_RNG_V1|PREATTACK_IDENTITY_SHA256=81057E395366BA10088F4455897446945556325756CA18BBF39B5F5A6A1198E2|EXPERIMENTAL_SEED=456|ROUND=13|CLIENT_ID=14|PARTICIPATION_ORDINAL=3,9AEC34FACE23361DED195DEC248C85475FEC6DDAA8276001E375689217C85740,11163355828149499421,True,True,True
456,13,19,3,CICIoT2023_LOCAL_TRAIN_RNG_V1|PREATTACK_IDENTITY_SHA256=81057E395366BA10088F4455897446945556325756CA18BBF39B5F5A6A1198E2|EXPERIMENTAL_SEED=456|ROUND=13|CLIENT_ID=19|PARTICIPATION_ORDINAL=3,9086BBC0188980FC0C44FA21D2C00C1601F4496C4C7818F5081F11F65E7F31A6,10414217622060630268,True,True,True
456,13,6,3,CICIoT2023_LOCAL_TRAIN_RNG_V1|PREATTACK_IDENTITY_SHA256=81057E395366BA10088F4455897446945556325756CA18BBF39B5F5A6A1198E2|EXPERIMENTAL_SEED=456|ROUND=13|CLIENT_ID=6|PARTICIPATION_ORDINAL=3,4A90982789EBF65C0776089752F2951062D2EC44081F7075D64159F6FA6F5BCA,5372961651038090844,True,True,True
456,13,18,3,CICIoT2023_LOCAL_TRAIN_RNG_V1|PREATTACK_IDENTITY_SHA256=81057E395366BA10088F4455897446945556325756CA18BBF39B5F5A6A1198E2|EXPERIMENTAL_SEED=456|ROUND=13|CLIENT_ID=18|PARTICIPATION_ORDINAL=3,2F96042F496252657153C8B174DC4E02099050CC32CD833A90E97BD617CB2240,3428932767430365797,True,True,True
456,13,20,3,CICIoT2023_LOCAL_TRAIN_RNG_V1|PREATTACK_IDENTITY_SHA256=81057E395366BA10088F4455897446945556325756CA18BBF39B5F5A6A1198E2|EXPERIMENTAL_SEED=456|ROUND=13|CLIENT_ID=20|PARTICIPATION_ORDINAL=3,71FC30D607B352F08A50AC46E53A8DBCA27920FA8CE9D82DD0920E897EF4AF54,8213493516227269360,True,True,True
456,13,3,3,CICIoT2023_LOCAL_TRAIN_RNG_V1|PREATTACK_IDENTITY_SHA256=81057E395366BA10088F4455897446945556325756CA18BBF39B5F5A6A1198E2|EXPERIMENTAL_SEED=456|ROUND=13|CLIENT_ID=3|PARTICIPATION_ORDINAL=3,31C6E235BA574E95D1EA43FB15C5289F7BEB869C86826B9CC77ABA4A79A4EDA8,3586802873634606741,True,True,True
456,13,17,3,CICIoT2023_LOCAL_TRAIN_RNG_V1|PREATTACK_IDENTITY_SHA256=81057E395366BA10088F4455897446945556325756CA18BBF39B5F5A6A1198E2|EXPERIMENTAL_SEED=456|ROUND=13|CLIENT_ID=17|PARTICIPATION_ORDINAL=3,136BB2948A18774F1D97060F0A2C6D7B111BFB00F6C258CBDBE05598DAFD212C,1399408460270434127,True,True,True
456,13,23,3,CICIoT2023_LOCAL_TRAIN_RNG_V1|PREATTACK_IDENTITY_SHA256=81057E395366BA10088F4455897446945556325756CA18BBF39B5F5A6A1198E2|EXPERIMENTAL_SEED=456|ROUND=13|CLIENT_ID=23|PARTICIPATION_ORDINAL=3,18D780239641EA7486F355C8AAFB20FDB27D6CD3DBF168890034A17CC30DA9DB,1790040267236174452,True,True,True
456,14,7,3,CICIoT2023_LOCAL_TRAIN_RNG_V1|PREATTACK_IDENTITY_SHA256=81057E395366BA10088F4455897446945556325756CA18BBF39B5F5A6A1198E2|EXPERIMENTAL_SEED=456|ROUND=14|CLIENT_ID=7|PARTICIPATION_ORDINAL=3,01E9B68676EB5CB045FA935103751965A18616028AE9A51F628B5F7C32A188A3,137841952248519856,True,True,True
456,14,16,3,CICIoT2023_LOCAL_TRAIN_RNG_V1|PREATTACK_IDENTITY_SHA256=81057E395366BA10088F4455897446945556325756CA18BBF39B5F5A6A1198E2|EXPERIMENTAL_SEED=456|ROUND=14|CLIENT_ID=16|PARTICIPATION_ORDINAL=3,10DD38619295EC14882F7AF123160F85498379789B5B6FBDEEBAFD3E86414884,1215189466182183956,True,True,True
456,14,21,3,CICIoT2023_LOCAL_TRAIN_RNG_V1|PREATTACK_IDENTITY_SHA256=81057E395366BA10088F4455897446945556325756CA18BBF39B5F5A6A1198E2|EXPERIMENTAL_SEED=456|ROUND=14|CLIENT_ID=21|PARTICIPATION_ORDINAL=3,F6A917FBA992A765C20C72D5D62B461C7A018A313E944628CC1B3008957DE72F,17773763774043563877,True,True,True
456,14,28,4,CICIoT2023_LOCAL_TRAIN_RNG_V1|PREATTACK_IDENTITY_SHA256=81057E395366BA10088F4455897446945556325756CA18BBF39B5F5A6A1198E2|EXPERIMENTAL_SEED=456|ROUND=14|CLIENT_ID=28|PARTICIPATION_ORDINAL=4,4C7FD8D7C275CDA423DEFEDEF07C69100879EFBF7D29B2C52DCAEB4BDD5580C2,5512362890116844964,True,True,True
456,14,10,4,CICIoT2023_LOCAL_TRAIN_RNG_V1|PREATTACK_IDENTITY_SHA256=81057E395366BA10088F4455897446945556325756CA18BBF39B5F5A6A1198E2|EXPERIMENTAL_SEED=456|ROUND=14|CLIENT_ID=10|PARTICIPATION_ORDINAL=4,A46C4DBBEC83506848B4ABC73B05301585E4D48B8E5E673FCAC1F9B7EAE83AC4,11847930189227184232,True,True,True
456,14,25,4,CICIoT2023_LOCAL_TRAIN_RNG_V1|PREATTACK_IDENTITY_SHA256=81057E395366BA10088F4455897446945556325756CA18BBF39B5F5A6A1198E2|EXPERIMENTAL_SEED=456|ROUND=14|CLIENT_ID=25|PARTICIPATION_ORDINAL=4,94D25BFD9549D83740DEB1BB1C647D33D837A12260B021FE7D703CE480264E4A,10723734807412070455,True,True,True
456,14,19,4,CICIoT2023_LOCAL_TRAIN_RNG_V1|PREATTACK_IDENTITY_SHA256=81057E395366BA10088F4455897446945556325756CA18BBF39B5F5A6A1198E2|EXPERIMENTAL_SEED=456|ROUND=14|CLIENT_ID=19|PARTICIPATION_ORDINAL=4,8812BB254625EA51D771D5F1044F646B7EC13218C4DB1C1617BA798FFD9624F3,9805105107504065105,True,True,True
456,14,1,4,CICIoT2023_LOCAL_TRAIN_RNG_V1|PREATTACK_IDENTITY_SHA256=81057E395366BA10088F4455897446945556325756CA18BBF39B5F5A6A1198E2|EXPERIMENTAL_SEED=456|ROUND=14|CLIENT_ID=1|PARTICIPATION_ORDINAL=4,C231A45920B63A2F9E1C1816C0731FD165CB976B22D2EE896CF3C374C527589B,13993146219924699695,True,True,True
456,14,0,4,CICIoT2023_LOCAL_TRAIN_RNG_V1|PREATTACK_IDENTITY_SHA256=81057E395366BA10088F4455897446945556325756CA18BBF39B5F5A6A1198E2|EXPERIMENTAL_SEED=456|ROUND=14|CLIENT_ID=0|PARTICIPATION_ORDINAL=4,A266C71B456CBC2DF947A9FB402FA17F73FE8F2C86B9E7376F8123A19B50C32A,11702259601711610925,True,True,True
456,15,21,4,CICIoT2023_LOCAL_TRAIN_RNG_V1|PREATTACK_IDENTITY_SHA256=81057E395366BA10088F4455897446945556325756CA18BBF39B5F5A6A1198E2|EXPERIMENTAL_SEED=456|ROUND=15|CLIENT_ID=21|PARTICIPATION_ORDINAL=4,04CF9D9252B813F7E27939A4DD96BEB0E45D4D194B5B9347758392A926F85DBF,346668948109399031,True,True,True
456,15,5,4,CICIoT2023_LOCAL_TRAIN_RNG_V1|PREATTACK_IDENTITY_SHA256=81057E395366BA10088F4455897446945556325756CA18BBF39B5F5A6A1198E2|EXPERIMENTAL_SEED=456|ROUND=15|CLIENT_ID=5|PARTICIPATION_ORDINAL=4,DE00DC7FCA39A9E8F7ED52DEB55E7403C239613A9D8E4711943F08A79AD52A05,15997028317831735784,True,True,True
456,15,4,4,CICIoT2023_LOCAL_TRAIN_RNG_V1|PREATTACK_IDENTITY_SHA256=81057E395366BA10088F4455897446945556325756CA18BBF39B5F5A6A1198E2|EXPERIMENTAL_SEED=456|ROUND=15|CLIENT_ID=4|PARTICIPATION_ORDINAL=4,50949EAD4F2070E42822F2F3C22EB2E8B03D39B6492181077EE7B9674A61FC9D,5806440286781468900,True,True,True
456,15,20,4,CICIoT2023_LOCAL_TRAIN_RNG_V1|PREATTACK_IDENTITY_SHA256=81057E395366BA10088F4455897446945556325756CA18BBF39B5F5A6A1198E2|EXPERIMENTAL_SEED=456|ROUND=15|CLIENT_ID=20|PARTICIPATION_ORDINAL=4,58CA760AAF5A79A36D02CBA75FE993E6913D91257A9BE2BA9AC7D866485DBA46,6398056008896903587,True,True,True
456,15,15,4,CICIoT2023_LOCAL_TRAIN_RNG_V1|PREATTACK_IDENTITY_SHA256=81057E395366BA10088F4455897446945556325756CA18BBF39B5F5A6A1198E2|EXPERIMENTAL_SEED=456|ROUND=15|CLIENT_ID=15|PARTICIPATION_ORDINAL=4,0BD0C7893FE8F456FD66BF0144DDB4D3766D8260310CA84B779490D7427D334D,851399721869702230,True,True,True
456,15,2,4,CICIoT2023_LOCAL_TRAIN_RNG_V1|PREATTACK_IDENTITY_SHA256=81057E395366BA10088F4455897446945556325756CA18BBF39B5F5A6A1198E2|EXPERIMENTAL_SEED=456|ROUND=15|CLIENT_ID=2|PARTICIPATION_ORDINAL=4,B8AB5D87BC0B84AC60B17BB0081F57B074E1A1B5DDBCA788331B6C8EBA30072D,13306832361553101996,True,True,True
456,15,3,4,CICIoT2023_LOCAL_TRAIN_RNG_V1|PREATTACK_IDENTITY_SHA256=81057E395366BA10088F4455897446945556325756CA18BBF39B5F5A6A1198E2|EXPERIMENTAL_SEED=456|ROUND=15|CLIENT_ID=3|PARTICIPATION_ORDINAL=4,136119DFE55AC0A7B3DD10785928684AFB43F5AF950F4156DEF2CA8B2FB300E1,1396425808877895847,True,True,True
456,15,24,4,CICIoT2023_LOCAL_TRAIN_RNG_V1|PREATTACK_IDENTITY_SHA256=81057E395366BA10088F4455897446945556325756CA18BBF39B5F5A6A1198E2|EXPERIMENTAL_SEED=456|ROUND=15|CLIENT_ID=24|PARTICIPATION_ORDINAL=4,43E9E399C9B358962106E09BC8F57A7A444C4FB5AB917298E38F5C1CD3BCFDB3,4893692719768230038,True,True,True
456,15,7,4,CICIoT2023_LOCAL_TRAIN_RNG_V1|PREATTACK_IDENTITY_SHA256=81057E395366BA10088F4455897446945556325756CA18BBF39B5F5A6A1198E2|EXPERIMENTAL_SEED=456|ROUND=15|CLIENT_ID=7|PARTICIPATION_ORDINAL=4,8F8C6909DB108C0389E2A651AD5617A096F6FE1231CD746DF024E91297BCFF37,10343757935214103555,True,True,True
456,16,22,4,CICIoT2023_LOCAL_TRAIN_RNG_V1|PREATTACK_IDENTITY_SHA256=81057E395366BA10088F4455897446945556325756CA18BBF39B5F5A6A1198E2|EXPERIMENTAL_SEED=456|ROUND=16|CLIENT_ID=22|PARTICIPATION_ORDINAL=4,09851FC4225725BF05018B0F6A9FBF85C079DB31D077E33D2A0D12CA5B70F32F,685989445494056383,True,True,True
456,16,17,4,CICIoT2023_LOCAL_TRAIN_RNG_V1|PREATTACK_IDENTITY_SHA256=81057E395366BA10088F4455897446945556325756CA18BBF39B5F5A6A1198E2|EXPERIMENTAL_SEED=456|ROUND=16|CLIENT_ID=17|PARTICIPATION_ORDINAL=4,006FAB82D187482657C386BD5E295FD633BD1319E2A655FCC4B2A07AE958C1C1,31432300764284966,True,True,True
456,16,18,4,CICIoT2023_LOCAL_TRAIN_RNG_V1|PREATTACK_IDENTITY_SHA256=81057E395366BA10088F4455897446945556325756CA18BBF39B5F5A6A1198E2|EXPERIMENTAL_SEED=456|ROUND=16|CLIENT_ID=18|PARTICIPATION_ORDINAL=4,369364E545796E09D7090270615B2CE0017A0184FBA54B9085D66A544AC29C7D,3932597835500449289,True,True,True
456,16,13,4,CICIoT2023_LOCAL_TRAIN_RNG_V1|PREATTACK_IDENTITY_SHA256=81057E395366BA10088F4455897446945556325756CA18BBF39B5F5A6A1198E2|EXPERIMENTAL_SEED=456|ROUND=16|CLIENT_ID=13|PARTICIPATION_ORDINAL=4,029204B1CA20468890187DC3C1E10054A1CD54D08434C6DB8E1069EFB21A7F0F,185215696322446984,True,True,True
456,16,27,4,CICIoT2023_LOCAL_TRAIN_RNG_V1|PREATTACK_IDENTITY_SHA256=81057E395366BA10088F4455897446945556325756CA18BBF39B5F5A6A1198E2|EXPERIMENTAL_SEED=456|ROUND=16|CLIENT_ID=27|PARTICIPATION_ORDINAL=4,9C82391D2B014BCCABBD57C8C33174C3274BB39D41F0B925E3BDD616034A92A6,11277639214327483340,True,True,True
456,16,14,4,CICIoT2023_LOCAL_TRAIN_RNG_V1|PREATTACK_IDENTITY_SHA256=81057E395366BA10088F4455897446945556325756CA18BBF39B5F5A6A1198E2|EXPERIMENTAL_SEED=456|ROUND=16|CLIENT_ID=14|PARTICIPATION_ORDINAL=4,7FDFB35CE3EBEC2500BF05519DE4DAEA27D720186E24304B2EC01ADC2B695BDD,9214280574165576741,True,True,True
456,16,12,4,CICIoT2023_LOCAL_TRAIN_RNG_V1|PREATTACK_IDENTITY_SHA256=81057E395366BA10088F4455897446945556325756CA18BBF39B5F5A6A1198E2|EXPERIMENTAL_SEED=456|ROUND=16|CLIENT_ID=12|PARTICIPATION_ORDINAL=4,A82A21D860FA0CBC69E9ED7EBE840064D132D6FA4884A4FBDB4EB51A7A3167C1,12117534960617393340,True,True,True
456,16,16,4,CICIoT2023_LOCAL_TRAIN_RNG_V1|PREATTACK_IDENTITY_SHA256=81057E395366BA10088F4455897446945556325756CA18BBF39B5F5A6A1198E2|EXPERIMENTAL_SEED=456|ROUND=16|CLIENT_ID=16|PARTICIPATION_ORDINAL=4,FD17199FE6A035AB14628814BDCC8CB0E043CFB2DD29AAB41832EB88AF06BE98,18237073390619866539,True,True,True
456,16,26,4,CICIoT2023_LOCAL_TRAIN_RNG_V1|PREATTACK_IDENTITY_SHA256=81057E395366BA10088F4455897446945556325756CA18BBF39B5F5A6A1198E2|EXPERIMENTAL_SEED=456|ROUND=16|CLIENT_ID=26|PARTICIPATION_ORDINAL=4,75E261DDDFDF2C3588F5401228FE43D596F2F41CBED0927C6D12FE35E33C6FF3,8494459452745788469,True,True,True
456,17,11,4,CICIoT2023_LOCAL_TRAIN_RNG_V1|PREATTACK_IDENTITY_SHA256=81057E395366BA10088F4455897446945556325756CA18BBF39B5F5A6A1198E2|EXPERIMENTAL_SEED=456|ROUND=17|CLIENT_ID=11|PARTICIPATION_ORDINAL=4,B241B4DAA0DCE4131D7B064F405813C8C25DF51F80398BC5B9AB662C8D2E999E,12844746463332066323,True,True,True
456,17,6,4,CICIoT2023_LOCAL_TRAIN_RNG_V1|PREATTACK_IDENTITY_SHA256=81057E395366BA10088F4455897446945556325756CA18BBF39B5F5A6A1198E2|EXPERIMENTAL_SEED=456|ROUND=17|CLIENT_ID=6|PARTICIPATION_ORDINAL=4,4C5C1FA49FE9C81F957AEBEB633184FBC6C883CA31ACCFB71879710ECB288EB5,5502307636657899551,True,True,True
456,17,8,4,CICIoT2023_LOCAL_TRAIN_RNG_V1|PREATTACK_IDENTITY_SHA256=81057E395366BA10088F4455897446945556325756CA18BBF39B5F5A6A1198E2|EXPERIMENTAL_SEED=456|ROUND=17|CLIENT_ID=8|PARTICIPATION_ORDINAL=4,965D90583CD472D5E375DF6DCF33214E83F95F9FF4B8558A3CFA953D1CB38B48,10834974987175359189,True,True,True
456,17,9,4,CICIoT2023_LOCAL_TRAIN_RNG_V1|PREATTACK_IDENTITY_SHA256=81057E395366BA10088F4455897446945556325756CA18BBF39B5F5A6A1198E2|EXPERIMENTAL_SEED=456|ROUND=17|CLIENT_ID=9|PARTICIPATION_ORDINAL=4,C05CCDE460E96960B88AB17DC21EF9C5E1BC9D0CC06FB5CABF5520759C071B5D,13861180133901691232,True,True,True
456,17,23,4,CICIoT2023_LOCAL_TRAIN_RNG_V1|PREATTACK_IDENTITY_SHA256=81057E395366BA10088F4455897446945556325756CA18BBF39B5F5A6A1198E2|EXPERIMENTAL_SEED=456|ROUND=17|CLIENT_ID=23|PARTICIPATION_ORDINAL=4,69E3D29937D558D1729841F5590E326D6BAF5F9397E1CDDB7950DCA73115673D,7630173749204310225,True,True,True
456,17,29,4,CICIoT2023_LOCAL_TRAIN_RNG_V1|PREATTACK_IDENTITY_SHA256=81057E395366BA10088F4455897446945556325756CA18BBF39B5F5A6A1198E2|EXPERIMENTAL_SEED=456|ROUND=17|CLIENT_ID=29|PARTICIPATION_ORDINAL=4,BFA5F5C9FBB081E1051C60219C60FAB6624BF2A9F8E8061C638074DF47C21B48,13809714080261374433,True,True,True
456,17,10,5,CICIoT2023_LOCAL_TRAIN_RNG_V1|PREATTACK_IDENTITY_SHA256=81057E395366BA10088F4455897446945556325756CA18BBF39B5F5A6A1198E2|EXPERIMENTAL_SEED=456|ROUND=17|CLIENT_ID=10|PARTICIPATION_ORDINAL=5,FF735A67F11000A09B541543544BD9E19F7AC926B3F6517E948AB414A5E2037E,18407155504465838240,True,True,True
456,17,0,5,CICIoT2023_LOCAL_TRAIN_RNG_V1|PREATTACK_IDENTITY_SHA256=81057E395366BA10088F4455897446945556325756CA18BBF39B5F5A6A1198E2|EXPERIMENTAL_SEED=456|ROUND=17|CLIENT_ID=0|PARTICIPATION_ORDINAL=5,326F64EECD7C5DF2C794D9EA4B685D317ABFE808CA5255CBB8E3DB280D4A0816,3634234401123753458,True,True,True
456,17,22,5,CICIoT2023_LOCAL_TRAIN_RNG_V1|PREATTACK_IDENTITY_SHA256=81057E395366BA10088F4455897446945556325756CA18BBF39B5F5A6A1198E2|EXPERIMENTAL_SEED=456|ROUND=17|CLIENT_ID=22|PARTICIPATION_ORDINAL=5,40AFB3EE94FD5E36FA1D575ACB7E7792F8620FAEEF7922A5ABAC950A79B82BCE,4661141976634973750,True,True,True
456,18,3,5,CICIoT2023_LOCAL_TRAIN_RNG_V1|PREATTACK_IDENTITY_SHA256=81057E395366BA10088F4455897446945556325756CA18BBF39B5F5A6A1198E2|EXPERIMENTAL_SEED=456|ROUND=18|CLIENT_ID=3|PARTICIPATION_ORDINAL=5,083E115973CB67A256385BEFD847C95B691B08759A839BD3F09BD42023EE2A4B,593931276751955874,True,True,True
456,18,27,5,CICIoT2023_LOCAL_TRAIN_RNG_V1|PREATTACK_IDENTITY_SHA256=81057E395366BA10088F4455897446945556325756CA18BBF39B5F5A6A1198E2|EXPERIMENTAL_SEED=456|ROUND=18|CLIENT_ID=27|PARTICIPATION_ORDINAL=5,DE2C51800E0ED5236E4D36CC9EA998A708E929A239BF0A963594E5F2F244EA17,16009260385828787491,True,True,True
456,18,9,5,CICIoT2023_LOCAL_TRAIN_RNG_V1|PREATTACK_IDENTITY_SHA256=81057E395366BA10088F4455897446945556325756CA18BBF39B5F5A6A1198E2|EXPERIMENTAL_SEED=456|ROUND=18|CLIENT_ID=9|PARTICIPATION_ORDINAL=5,BCF0C00E5752EA92AF84D2B51D05A2D41B9DF113D0F6C17421EF9F2DD2DD1F46,13614592841368136338,True,True,True
456,18,13,5,CICIoT2023_LOCAL_TRAIN_RNG_V1|PREATTACK_IDENTITY_SHA256=81057E395366BA10088F4455897446945556325756CA18BBF39B5F5A6A1198E2|EXPERIMENTAL_SEED=456|ROUND=18|CLIENT_ID=13|PARTICIPATION_ORDINAL=5,ECCBC0EA8C95CA5FE697FD248931E23DEA24E6980A08C0DFDA844378F150C9D2,17062943726836763231,True,True,True
456,18,19,5,CICIoT2023_LOCAL_TRAIN_RNG_V1|PREATTACK_IDENTITY_SHA256=81057E395366BA10088F4455897446945556325756CA18BBF39B5F5A6A1198E2|EXPERIMENTAL_SEED=456|ROUND=18|CLIENT_ID=19|PARTICIPATION_ORDINAL=5,223408A21585F9FCCE40B4860E47C313C392D27832EAAE5E5ADBE20728181518,2464604388317329916,True,True,True
456,18,15,5,CICIoT2023_LOCAL_TRAIN_RNG_V1|PREATTACK_IDENTITY_SHA256=81057E395366BA10088F4455897446945556325756CA18BBF39B5F5A6A1198E2|EXPERIMENTAL_SEED=456|ROUND=18|CLIENT_ID=15|PARTICIPATION_ORDINAL=5,2C1015E02C173B8D0F45023A4B1F1EFB2F04869689EB0C25763E88674059B6D0,3175061789852777357,True,True,True
456,18,1,5,CICIoT2023_LOCAL_TRAIN_RNG_V1|PREATTACK_IDENTITY_SHA256=81057E395366BA10088F4455897446945556325756CA18BBF39B5F5A6A1198E2|EXPERIMENTAL_SEED=456|ROUND=18|CLIENT_ID=1|PARTICIPATION_ORDINAL=5,50C2D80716A649A7DE92AFE4892C4811E08CF15E9BE86E150BCDFDBB3E473896,5819451193472469415,True,True,True
456,18,20,5,CICIoT2023_LOCAL_TRAIN_RNG_V1|PREATTACK_IDENTITY_SHA256=81057E395366BA10088F4455897446945556325756CA18BBF39B5F5A6A1198E2|EXPERIMENTAL_SEED=456|ROUND=18|CLIENT_ID=20|PARTICIPATION_ORDINAL=5,5A52063EB8E4CB48BF36C9F26E5E9A862FB0FF40699E89F4EB5FE3036022FBBE,6508271277963529032,True,True,True
456,18,21,5,CICIoT2023_LOCAL_TRAIN_RNG_V1|PREATTACK_IDENTITY_SHA256=81057E395366BA10088F4455897446945556325756CA18BBF39B5F5A6A1198E2|EXPERIMENTAL_SEED=456|ROUND=18|CLIENT_ID=21|PARTICIPATION_ORDINAL=5,F3EBEE5670228B904716B22A1110756D6922BD9421070A623BD67FCC85C86758,17576404025759402896,True,True,True
456,19,17,5,CICIoT2023_LOCAL_TRAIN_RNG_V1|PREATTACK_IDENTITY_SHA256=81057E395366BA10088F4455897446945556325756CA18BBF39B5F5A6A1198E2|EXPERIMENTAL_SEED=456|ROUND=19|CLIENT_ID=17|PARTICIPATION_ORDINAL=5,3188B80D49E68173D071B1786AB50F76F1D144242E2AE95581F3956AEFC5687C,3569305071905046899,True,True,True
456,19,8,5,CICIoT2023_LOCAL_TRAIN_RNG_V1|PREATTACK_IDENTITY_SHA256=81057E395366BA10088F4455897446945556325756CA18BBF39B5F5A6A1198E2|EXPERIMENTAL_SEED=456|ROUND=19|CLIENT_ID=8|PARTICIPATION_ORDINAL=5,38589AE031B31CB25207B50B92D42233CBBFC258CBE57EA591EA0884D9CF527B,4060165351771675826,True,True,True
456,19,11,5,CICIoT2023_LOCAL_TRAIN_RNG_V1|PREATTACK_IDENTITY_SHA256=81057E395366BA10088F4455897446945556325756CA18BBF39B5F5A6A1198E2|EXPERIMENTAL_SEED=456|ROUND=19|CLIENT_ID=11|PARTICIPATION_ORDINAL=5,2E80D4D790FEABB683209DE268115677A4140D3CB370EC42273F5FCD077433C7,3350912145079315382,True,True,True
456,19,16,5,CICIoT2023_LOCAL_TRAIN_RNG_V1|PREATTACK_IDENTITY_SHA256=81057E395366BA10088F4455897446945556325756CA18BBF39B5F5A6A1198E2|EXPERIMENTAL_SEED=456|ROUND=19|CLIENT_ID=16|PARTICIPATION_ORDINAL=5,7D99CACE4A43658C83CA8F9990DFA47150AA12E2671FC4812BB8C4C72B9D0F6C,9050487913535726988,True,True,True
456,19,2,5,CICIoT2023_LOCAL_TRAIN_RNG_V1|PREATTACK_IDENTITY_SHA256=81057E395366BA10088F4455897446945556325756CA18BBF39B5F5A6A1198E2|EXPERIMENTAL_SEED=456|ROUND=19|CLIENT_ID=2|PARTICIPATION_ORDINAL=5,94082FFA9DB0A44B6918C9AD4D880B0397F0D2AAFCC0CE1A8D74F931F63BEA5C,10666828470860948555,True,True,True
456,19,26,5,CICIoT2023_LOCAL_TRAIN_RNG_V1|PREATTACK_IDENTITY_SHA256=81057E395366BA10088F4455897446945556325756CA18BBF39B5F5A6A1198E2|EXPERIMENTAL_SEED=456|ROUND=19|CLIENT_ID=26|PARTICIPATION_ORDINAL=5,42E6E143D315DA0FFBED9DB7E172D916FF7F4F93AFE1A71468F6C5084EA1268C,4820788132567177743,True,True,True
456,19,24,5,CICIoT2023_LOCAL_TRAIN_RNG_V1|PREATTACK_IDENTITY_SHA256=81057E395366BA10088F4455897446945556325756CA18BBF39B5F5A6A1198E2|EXPERIMENTAL_SEED=456|ROUND=19|CLIENT_ID=24|PARTICIPATION_ORDINAL=5,8990A77F88922907D12A5E741AD9A68385FE9794A63FF04C6CF2CF5FAD7CD9F8,9912606946036427015,True,True,True
456,19,6,5,CICIoT2023_LOCAL_TRAIN_RNG_V1|PREATTACK_IDENTITY_SHA256=81057E395366BA10088F4455897446945556325756CA18BBF39B5F5A6A1198E2|EXPERIMENTAL_SEED=456|ROUND=19|CLIENT_ID=6|PARTICIPATION_ORDINAL=5,4E01FF9F4D4CA9B02F06C4D82ED583D92A3C310CDA7500AD8873A014F37CF3A2,5621054869596842416,True,True,True
456,19,4,5,CICIoT2023_LOCAL_TRAIN_RNG_V1|PREATTACK_IDENTITY_SHA256=81057E395366BA10088F4455897446945556325756CA18BBF39B5F5A6A1198E2|EXPERIMENTAL_SEED=456|ROUND=19|CLIENT_ID=4|PARTICIPATION_ORDINAL=5,0D39AFC8C706EDF3537C2AC7EC2D585C873DF5B6F0B909316E2C14B4D1DE1B05,952986073033010675,True,True,True
456,20,5,5,CICIoT2023_LOCAL_TRAIN_RNG_V1|PREATTACK_IDENTITY_SHA256=81057E395366BA10088F4455897446945556325756CA18BBF39B5F5A6A1198E2|EXPERIMENTAL_SEED=456|ROUND=20|CLIENT_ID=5|PARTICIPATION_ORDINAL=5,E5DCAF7CF641319EA980A866F2D19933B29ACE2B8C2891FC9C4089ADF867C828,16563306480804114846,True,True,True
456,20,23,5,CICIoT2023_LOCAL_TRAIN_RNG_V1|PREATTACK_IDENTITY_SHA256=81057E395366BA10088F4455897446945556325756CA18BBF39B5F5A6A1198E2|EXPERIMENTAL_SEED=456|ROUND=20|CLIENT_ID=23|PARTICIPATION_ORDINAL=5,9020A288C3DB8D3047346B34C39FE2466147887D9BBDEB7B3B69AD53E9BDB978,10385479449001561392,True,True,True
456,20,28,5,CICIoT2023_LOCAL_TRAIN_RNG_V1|PREATTACK_IDENTITY_SHA256=81057E395366BA10088F4455897446945556325756CA18BBF39B5F5A6A1198E2|EXPERIMENTAL_SEED=456|ROUND=20|CLIENT_ID=28|PARTICIPATION_ORDINAL=5,781211806A522391DE01C73E509393D844F0F99A862CA119AB338F4E6D9925DE,8651997077369398161,True,True,True
456,20,7,5,CICIoT2023_LOCAL_TRAIN_RNG_V1|PREATTACK_IDENTITY_SHA256=81057E395366BA10088F4455897446945556325756CA18BBF39B5F5A6A1198E2|EXPERIMENTAL_SEED=456|ROUND=20|CLIENT_ID=7|PARTICIPATION_ORDINAL=5,1BECC1DFDF40576D555F5D1694625E4B5523858774447621A6A8A330346F8D17,2012196300795172717,True,True,True
456,20,14,5,CICIoT2023_LOCAL_TRAIN_RNG_V1|PREATTACK_IDENTITY_SHA256=81057E395366BA10088F4455897446945556325756CA18BBF39B5F5A6A1198E2|EXPERIMENTAL_SEED=456|ROUND=20|CLIENT_ID=14|PARTICIPATION_ORDINAL=5,B757D712753C246BB4A91152A24D38EDE721A5F0ADAA039365A6B38600B452BF,13211264506190898283,True,True,True
456,20,18,5,CICIoT2023_LOCAL_TRAIN_RNG_V1|PREATTACK_IDENTITY_SHA256=81057E395366BA10088F4455897446945556325756CA18BBF39B5F5A6A1198E2|EXPERIMENTAL_SEED=456|ROUND=20|CLIENT_ID=18|PARTICIPATION_ORDINAL=5,BFD89F6FD927C4D7FD0A64F20624B9CDA62FE9F736B21019A22F9122D0352D7E,13823974358947185879,True,True,True
456,20,12,5,CICIoT2023_LOCAL_TRAIN_RNG_V1|PREATTACK_IDENTITY_SHA256=81057E395366BA10088F4455897446945556325756CA18BBF39B5F5A6A1198E2|EXPERIMENTAL_SEED=456|ROUND=20|CLIENT_ID=12|PARTICIPATION_ORDINAL=5,D7DA9419CB561714BD45584D712877A5B577317BA98EAFBC9EFE8C22164B24AC,15553907101583939348,True,True,True
456,20,29,5,CICIoT2023_LOCAL_TRAIN_RNG_V1|PREATTACK_IDENTITY_SHA256=81057E395366BA10088F4455897446945556325756CA18BBF39B5F5A6A1198E2|EXPERIMENTAL_SEED=456|ROUND=20|CLIENT_ID=29|PARTICIPATION_ORDINAL=5,1DC37078CDFE66EA4C7C651F9E9990E5C4E82543A3A4AC0B24C2A291F4D76668,2144681511712876266,True,True,True
456,20,25,5,CICIoT2023_LOCAL_TRAIN_RNG_V1|PREATTACK_IDENTITY_SHA256=81057E395366BA10088F4455897446945556325756CA18BBF39B5F5A6A1198E2|EXPERIMENTAL_SEED=456|ROUND=20|CLIENT_ID=25|PARTICIPATION_ORDINAL=5,E5770D4E82AE6BA2FF0EA1FDDAA03BD9ECFE415F34B86506CF81DECD4B1A924B,16534699187765144482,True,True,True
789,1,20,0,CICIoT2023_LOCAL_TRAIN_RNG_V1|PREATTACK_IDENTITY_SHA256=81057E395366BA10088F4455897446945556325756CA18BBF39B5F5A6A1198E2|EXPERIMENTAL_SEED=789|ROUND=1|CLIENT_ID=20|PARTICIPATION_ORDINAL=0,2ECD085D48DA3AC9C5CEEE73F4649A1EE9972048D067D8569E8BB2146D4E85B8,3372360892717611721,True,True,True
789,1,10,0,CICIoT2023_LOCAL_TRAIN_RNG_V1|PREATTACK_IDENTITY_SHA256=81057E395366BA10088F4455897446945556325756CA18BBF39B5F5A6A1198E2|EXPERIMENTAL_SEED=789|ROUND=1|CLIENT_ID=10|PARTICIPATION_ORDINAL=0,C221070B5589BDDF55739A49845D9A95A3F4E0E40904C65A96B36347693BE532,13988469662850596319,True,True,True
789,1,9,0,CICIoT2023_LOCAL_TRAIN_RNG_V1|PREATTACK_IDENTITY_SHA256=81057E395366BA10088F4455897446945556325756CA18BBF39B5F5A6A1198E2|EXPERIMENTAL_SEED=789|ROUND=1|CLIENT_ID=9|PARTICIPATION_ORDINAL=0,E5AC7F1E834D8634A8F8F8CFF40BA1E505CEFBF0E863F58F7A7D90C359B448AB,16549742499708372532,True,True,True
789,1,12,0,CICIoT2023_LOCAL_TRAIN_RNG_V1|PREATTACK_IDENTITY_SHA256=81057E395366BA10088F4455897446945556325756CA18BBF39B5F5A6A1198E2|EXPERIMENTAL_SEED=789|ROUND=1|CLIENT_ID=12|PARTICIPATION_ORDINAL=0,41F28398BDFF56EA4EEB8DC2EDFDD3F9AC5B9ED63BBD12AAE2E24E1178751D1E,4752005248875189994,True,True,True
789,1,13,0,CICIoT2023_LOCAL_TRAIN_RNG_V1|PREATTACK_IDENTITY_SHA256=81057E395366BA10088F4455897446945556325756CA18BBF39B5F5A6A1198E2|EXPERIMENTAL_SEED=789|ROUND=1|CLIENT_ID=13|PARTICIPATION_ORDINAL=0,44F711A67FF39439730A05751621E4A1FD5A0922A661106EEE73CAC342547FCB,4969460120635544633,True,True,True
789,1,11,0,CICIoT2023_LOCAL_TRAIN_RNG_V1|PREATTACK_IDENTITY_SHA256=81057E395366BA10088F4455897446945556325756CA18BBF39B5F5A6A1198E2|EXPERIMENTAL_SEED=789|ROUND=1|CLIENT_ID=11|PARTICIPATION_ORDINAL=0,045BACF148C50B3ABBCB209448A13E43A7BCD855ED5E94A2C3C346777F476EAD,314034751340350266,True,True,True
789,1,15,0,CICIoT2023_LOCAL_TRAIN_RNG_V1|PREATTACK_IDENTITY_SHA256=81057E395366BA10088F4455897446945556325756CA18BBF39B5F5A6A1198E2|EXPERIMENTAL_SEED=789|ROUND=1|CLIENT_ID=15|PARTICIPATION_ORDINAL=0,C79498F2908B63B95253D059D7EBE2F6BB4F41DD3564CA1A8495176C7EBF1E81,14381287677675398073,True,True,True
789,1,3,0,CICIoT2023_LOCAL_TRAIN_RNG_V1|PREATTACK_IDENTITY_SHA256=81057E395366BA10088F4455897446945556325756CA18BBF39B5F5A6A1198E2|EXPERIMENTAL_SEED=789|ROUND=1|CLIENT_ID=3|PARTICIPATION_ORDINAL=0,31DAEC434B9DE0B47896644BFA77C33D5F8EBB01A6D99743EC52D0426A1C1E61,3592443426556993716,True,True,True
789,1,2,0,CICIoT2023_LOCAL_TRAIN_RNG_V1|PREATTACK_IDENTITY_SHA256=81057E395366BA10088F4455897446945556325756CA18BBF39B5F5A6A1198E2|EXPERIMENTAL_SEED=789|ROUND=1|CLIENT_ID=2|PARTICIPATION_ORDINAL=0,408A757D62B52BB297A27CB6156454D09E5C945B7FB47751691A70BD5B9A3E88,4650658746600860594,True,True,True
789,2,24,0,CICIoT2023_LOCAL_TRAIN_RNG_V1|PREATTACK_IDENTITY_SHA256=81057E395366BA10088F4455897446945556325756CA18BBF39B5F5A6A1198E2|EXPERIMENTAL_SEED=789|ROUND=2|CLIENT_ID=24|PARTICIPATION_ORDINAL=0,28DE5CF59E6BBA6731F4242C6649862D7E21AD416D3DA1F8044D8FAE917BF53F,2944893416341486183,True,True,True
789,2,28,0,CICIoT2023_LOCAL_TRAIN_RNG_V1|PREATTACK_IDENTITY_SHA256=81057E395366BA10088F4455897446945556325756CA18BBF39B5F5A6A1198E2|EXPERIMENTAL_SEED=789|ROUND=2|CLIENT_ID=28|PARTICIPATION_ORDINAL=0,F730AD15FA844125986236D02D666B43723AA517F5B6EB0862E1ECC74A4F4078,17811926836159201573,True,True,True
789,2,4,0,CICIoT2023_LOCAL_TRAIN_RNG_V1|PREATTACK_IDENTITY_SHA256=81057E395366BA10088F4455897446945556325756CA18BBF39B5F5A6A1198E2|EXPERIMENTAL_SEED=789|ROUND=2|CLIENT_ID=4|PARTICIPATION_ORDINAL=0,49FD7DA7940B544DEFB1207811DE7AA26A4CFA27208E2309B58B5650B629BB45,5331555692573316173,True,True,True
789,2,0,0,CICIoT2023_LOCAL_TRAIN_RNG_V1|PREATTACK_IDENTITY_SHA256=81057E395366BA10088F4455897446945556325756CA18BBF39B5F5A6A1198E2|EXPERIMENTAL_SEED=789|ROUND=2|CLIENT_ID=0|PARTICIPATION_ORDINAL=0,02F212AC50E1EB51A18D969060A3FC8F3B42B723124066E152A932B67B9A70A3,212252663740492625,True,True,True
789,2,25,0,CICIoT2023_LOCAL_TRAIN_RNG_V1|PREATTACK_IDENTITY_SHA256=81057E395366BA10088F4455897446945556325756CA18BBF39B5F5A6A1198E2|EXPERIMENTAL_SEED=789|ROUND=2|CLIENT_ID=25|PARTICIPATION_ORDINAL=0,F45CFC672175B47F0E34790BE3D2DC527A0F7062EC66BB3964D05925337AD75B,17608226162984989823,True,True,True
789,2,14,0,CICIoT2023_LOCAL_TRAIN_RNG_V1|PREATTACK_IDENTITY_SHA256=81057E395366BA10088F4455897446945556325756CA18BBF39B5F5A6A1198E2|EXPERIMENTAL_SEED=789|ROUND=2|CLIENT_ID=14|PARTICIPATION_ORDINAL=0,2F3EE35C1F025B42FE781C66C570C526C5436CBAF47EAD116C1E95808233564C,3404408353135418178,True,True,True
789,2,17,0,CICIoT2023_LOCAL_TRAIN_RNG_V1|PREATTACK_IDENTITY_SHA256=81057E395366BA10088F4455897446945556325756CA18BBF39B5F5A6A1198E2|EXPERIMENTAL_SEED=789|ROUND=2|CLIENT_ID=17|PARTICIPATION_ORDINAL=0,31672C86F15874B44AC8CCCE813106568CFD9D4CFA863BB3843C3999BA1E2ED6,3559862988546012340,True,True,True
789,2,23,0,CICIoT2023_LOCAL_TRAIN_RNG_V1|PREATTACK_IDENTITY_SHA256=81057E395366BA10088F4455897446945556325756CA18BBF39B5F5A6A1198E2|EXPERIMENTAL_SEED=789|ROUND=2|CLIENT_ID=23|PARTICIPATION_ORDINAL=0,5F2004C4A84AE4407227D0BC33C1D3C9632039D8DE313D0590121C3946325098,6854483875541476416,True,True,True
789,2,22,0,CICIoT2023_LOCAL_TRAIN_RNG_V1|PREATTACK_IDENTITY_SHA256=81057E395366BA10088F4455897446945556325756CA18BBF39B5F5A6A1198E2|EXPERIMENTAL_SEED=789|ROUND=2|CLIENT_ID=22|PARTICIPATION_ORDINAL=0,FDCF5FE9AD6B51C0CF292C65F6E20527A03C66F7AAD0DF33A052F11A96951CE4,18288942069016383936,True,True,True
789,3,27,0,CICIoT2023_LOCAL_TRAIN_RNG_V1|PREATTACK_IDENTITY_SHA256=81057E395366BA10088F4455897446945556325756CA18BBF39B5F5A6A1198E2|EXPERIMENTAL_SEED=789|ROUND=3|CLIENT_ID=27|PARTICIPATION_ORDINAL=0,C8F3328D2CAE4B1B500B5BA6C4D05BEE78B77A210E6CA7205B22F5206DF2CE9D,14479972808847674139,True,True,True
789,3,21,0,CICIoT2023_LOCAL_TRAIN_RNG_V1|PREATTACK_IDENTITY_SHA256=81057E395366BA10088F4455897446945556325756CA18BBF39B5F5A6A1198E2|EXPERIMENTAL_SEED=789|ROUND=3|CLIENT_ID=21|PARTICIPATION_ORDINAL=0,4126BBD4030D5418112CAA1AC69180E324A3995567822E1BD0568688BDFBAD41,4694646180838986776,True,True,True
789,3,7,0,CICIoT2023_LOCAL_TRAIN_RNG_V1|PREATTACK_IDENTITY_SHA256=81057E395366BA10088F4455897446945556325756CA18BBF39B5F5A6A1198E2|EXPERIMENTAL_SEED=789|ROUND=3|CLIENT_ID=7|PARTICIPATION_ORDINAL=0,64BD79490CA881B2901FF0AD19969AC119438E7020A0FDB45F551BB75DC2AEB8,7259091529043050930,True,True,True
789,3,5,0,CICIoT2023_LOCAL_TRAIN_RNG_V1|PREATTACK_IDENTITY_SHA256=81057E395366BA10088F4455897446945556325756CA18BBF39B5F5A6A1198E2|EXPERIMENTAL_SEED=789|ROUND=3|CLIENT_ID=5|PARTICIPATION_ORDINAL=0,C28F6CED991D53CDC282B18724E816F7FA10932B927404C707A9ACD7F72C6E7C,14019543932759528397,True,True,True
789,3,16,0,CICIoT2023_LOCAL_TRAIN_RNG_V1|PREATTACK_IDENTITY_SHA256=81057E395366BA10088F4455897446945556325756CA18BBF39B5F5A6A1198E2|EXPERIMENTAL_SEED=789|ROUND=3|CLIENT_ID=16|PARTICIPATION_ORDINAL=0,473961EC6BE872EA12931DDD58D95B56B1FAE893D8EF06E96B1EC89FC28471C5,5132240918415962858,True,True,True
789,3,19,0,CICIoT2023_LOCAL_TRAIN_RNG_V1|PREATTACK_IDENTITY_SHA256=81057E395366BA10088F4455897446945556325756CA18BBF39B5F5A6A1198E2|EXPERIMENTAL_SEED=789|ROUND=3|CLIENT_ID=19|PARTICIPATION_ORDINAL=0,9BDE69FB8C7BF4E7876D5852EA6E687AEDEDDCC9B268965398BE64E8DDD83744,11231531049823237351,True,True,True
789,3,29,0,CICIoT2023_LOCAL_TRAIN_RNG_V1|PREATTACK_IDENTITY_SHA256=81057E395366BA10088F4455897446945556325756CA18BBF39B5F5A6A1198E2|EXPERIMENTAL_SEED=789|ROUND=3|CLIENT_ID=29|PARTICIPATION_ORDINAL=0,59524089FF0F890F5E3C477FC22A301749B7907C66478F3588F4A4F2BC495245,6436277778899765519,True,True,True
789,3,8,0,CICIoT2023_LOCAL_TRAIN_RNG_V1|PREATTACK_IDENTITY_SHA256=81057E395366BA10088F4455897446945556325756CA18BBF39B5F5A6A1198E2|EXPERIMENTAL_SEED=789|ROUND=3|CLIENT_ID=8|PARTICIPATION_ORDINAL=0,909C09563D197D7B2E41A57DBF3ADA077EBC0BCB6CC8A1E7CC7B5A4DA412E51D,10420213903825403259,True,True,True
789,3,1,0,CICIoT2023_LOCAL_TRAIN_RNG_V1|PREATTACK_IDENTITY_SHA256=81057E395366BA10088F4455897446945556325756CA18BBF39B5F5A6A1198E2|EXPERIMENTAL_SEED=789|ROUND=3|CLIENT_ID=1|PARTICIPATION_ORDINAL=0,35D5F49D7944D81086657F50250382A6E4A23F8E1028A42ACCED5BE03D86DAB6,3879275611231148048,True,True,True
789,4,6,0,CICIoT2023_LOCAL_TRAIN_RNG_V1|PREATTACK_IDENTITY_SHA256=81057E395366BA10088F4455897446945556325756CA18BBF39B5F5A6A1198E2|EXPERIMENTAL_SEED=789|ROUND=4|CLIENT_ID=6|PARTICIPATION_ORDINAL=0,0F15908E3F034DB72D69C4D2E404DD0304BF65A6A39B2832E66014490B413AD8,1086933825696779703,True,True,True
789,4,18,0,CICIoT2023_LOCAL_TRAIN_RNG_V1|PREATTACK_IDENTITY_SHA256=81057E395366BA10088F4455897446945556325756CA18BBF39B5F5A6A1198E2|EXPERIMENTAL_SEED=789|ROUND=4|CLIENT_ID=18|PARTICIPATION_ORDINAL=0,6C4D1AA3935CF0EECEE643C556A299045FA430F2EFFD085D3B7ECD724557716C,7803923019157270766,True,True,True
789,4,26,0,CICIoT2023_LOCAL_TRAIN_RNG_V1|PREATTACK_IDENTITY_SHA256=81057E395366BA10088F4455897446945556325756CA18BBF39B5F5A6A1198E2|EXPERIMENTAL_SEED=789|ROUND=4|CLIENT_ID=26|PARTICIPATION_ORDINAL=0,B326C580D341F9AF16548328E243DD495F2E589D51D8BDD45581DC0DA0892299,12909222538994907567,True,True,True
789,4,5,1,CICIoT2023_LOCAL_TRAIN_RNG_V1|PREATTACK_IDENTITY_SHA256=81057E395366BA10088F4455897446945556325756CA18BBF39B5F5A6A1198E2|EXPERIMENTAL_SEED=789|ROUND=4|CLIENT_ID=5|PARTICIPATION_ORDINAL=1,902907994F521A0DFC6D42518F6FBB1699D333D3EA46115655D199FE382ED47E,10387842370548931085,True,True,True
789,4,7,1,CICIoT2023_LOCAL_TRAIN_RNG_V1|PREATTACK_IDENTITY_SHA256=81057E395366BA10088F4455897446945556325756CA18BBF39B5F5A6A1198E2|EXPERIMENTAL_SEED=789|ROUND=4|CLIENT_ID=7|PARTICIPATION_ORDINAL=1,CCB2466CBE3AE664316BF596722441B41CEBDEC9C4106015E54E8CBE0553CA26,14749929162453739108,True,True,True
789,4,3,1,CICIoT2023_LOCAL_TRAIN_RNG_V1|PREATTACK_IDENTITY_SHA256=81057E395366BA10088F4455897446945556325756CA18BBF39B5F5A6A1198E2|EXPERIMENTAL_SEED=789|ROUND=4|CLIENT_ID=3|PARTICIPATION_ORDINAL=1,3AC8D4FCD5E95E2281A26194AE0FC227D00AA1093861C2639416742D4B111DCF,4235869631927639586,True,True,True
789,4,10,1,CICIoT2023_LOCAL_TRAIN_RNG_V1|PREATTACK_IDENTITY_SHA256=81057E395366BA10088F4455897446945556325756CA18BBF39B5F5A6A1198E2|EXPERIMENTAL_SEED=789|ROUND=4|CLIENT_ID=10|PARTICIPATION_ORDINAL=1,5F8804386E0EB1E4E72A26A0F567B34097518C9679BA6497CA898DD144A21F19,6883756670846939620,True,True,True
789,4,28,1,CICIoT2023_LOCAL_TRAIN_RNG_V1|PREATTACK_IDENTITY_SHA256=81057E395366BA10088F4455897446945556325756CA18BBF39B5F5A6A1198E2|EXPERIMENTAL_SEED=789|ROUND=4|CLIENT_ID=28|PARTICIPATION_ORDINAL=1,3CEA34975A8609E6B2CE330408DD90A66477EEC445AB60B9B59B3151E3FE3AED,4389378611489409510,True,True,True
789,4,21,1,CICIoT2023_LOCAL_TRAIN_RNG_V1|PREATTACK_IDENTITY_SHA256=81057E395366BA10088F4455897446945556325756CA18BBF39B5F5A6A1198E2|EXPERIMENTAL_SEED=789|ROUND=4|CLIENT_ID=21|PARTICIPATION_ORDINAL=1,114092CF4C50E4C5DCF5B55C77A19A5135DF1ECE7C43C620AADEB168AF6530E0,1243154916190512325,True,True,True
789,5,23,1,CICIoT2023_LOCAL_TRAIN_RNG_V1|PREATTACK_IDENTITY_SHA256=81057E395366BA10088F4455897446945556325756CA18BBF39B5F5A6A1198E2|EXPERIMENTAL_SEED=789|ROUND=5|CLIENT_ID=23|PARTICIPATION_ORDINAL=1,D9EE295EB7D2B09339A07813CC80B63CE1BAD8DF1C779A421BBD7D99AB13CE31,15703534437475201171,True,True,True
789,5,2,1,CICIoT2023_LOCAL_TRAIN_RNG_V1|PREATTACK_IDENTITY_SHA256=81057E395366BA10088F4455897446945556325756CA18BBF39B5F5A6A1198E2|EXPERIMENTAL_SEED=789|ROUND=5|CLIENT_ID=2|PARTICIPATION_ORDINAL=1,B9C4D13A8DD884F63AB9D6B8A90E44B6EAF64F723A3AC4457F68892BE61EE93B,13386054041870042358,True,True,True
789,5,25,1,CICIoT2023_LOCAL_TRAIN_RNG_V1|PREATTACK_IDENTITY_SHA256=81057E395366BA10088F4455897446945556325756CA18BBF39B5F5A6A1198E2|EXPERIMENTAL_SEED=789|ROUND=5|CLIENT_ID=25|PARTICIPATION_ORDINAL=1,622F7E598CED88A27BF73A41EEAB2E1467B493DD27BF42BB03B674D914832071,7075012462703904930,True,True,True
789,5,0,1,CICIoT2023_LOCAL_TRAIN_RNG_V1|PREATTACK_IDENTITY_SHA256=81057E395366BA10088F4455897446945556325756CA18BBF39B5F5A6A1198E2|EXPERIMENTAL_SEED=789|ROUND=5|CLIENT_ID=0|PARTICIPATION_ORDINAL=1,00BA7A0AB21B696AAB66527EA7A32E14B60F78AD9BA45118564A6BE80E66F0C5,52488532024584554,True,True,True
789,5,22,1,CICIoT2023_LOCAL_TRAIN_RNG_V1|PREATTACK_IDENTITY_SHA256=81057E395366BA10088F4455897446945556325756CA18BBF39B5F5A6A1198E2|EXPERIMENTAL_SEED=789|ROUND=5|CLIENT_ID=22|PARTICIPATION_ORDINAL=1,68624547D78F74241327615146BFA999CD560B739B00B262D9C2256D8FE89EE9,7521650502523647012,True,True,True
789,5,20,1,CICIoT2023_LOCAL_TRAIN_RNG_V1|PREATTACK_IDENTITY_SHA256=81057E395366BA10088F4455897446945556325756CA18BBF39B5F5A6A1198E2|EXPERIMENTAL_SEED=789|ROUND=5|CLIENT_ID=20|PARTICIPATION_ORDINAL=1,9B136DD63CCA34A215B7B9207E3A526C86294144B7AFC99D60DD0654D5A9BE0E,11174395867346646178,True,True,True
789,5,18,1,CICIoT2023_LOCAL_TRAIN_RNG_V1|PREATTACK_IDENTITY_SHA256=81057E395366BA10088F4455897446945556325756CA18BBF39B5F5A6A1198E2|EXPERIMENTAL_SEED=789|ROUND=5|CLIENT_ID=18|PARTICIPATION_ORDINAL=1,43D53E7DD02CBCBE7BE3EFCDF24D7A261F9B148D5995A4F1F802FC83BEA3350C,4887881680664968382,True,True,True
789,5,26,1,CICIoT2023_LOCAL_TRAIN_RNG_V1|PREATTACK_IDENTITY_SHA256=81057E395366BA10088F4455897446945556325756CA18BBF39B5F5A6A1198E2|EXPERIMENTAL_SEED=789|ROUND=5|CLIENT_ID=26|PARTICIPATION_ORDINAL=1,D5177A3FF4A925E150565A59F29ACB011D7F979305EBFF800E4DFEE7FEB51BD9,15354875869649249761,True,True,True
789,5,1,1,CICIoT2023_LOCAL_TRAIN_RNG_V1|PREATTACK_IDENTITY_SHA256=81057E395366BA10088F4455897446945556325756CA18BBF39B5F5A6A1198E2|EXPERIMENTAL_SEED=789|ROUND=5|CLIENT_ID=1|PARTICIPATION_ORDINAL=1,F4009FADB58535D58E314AC21F98D789AF11A8F651BE065AFCF381789213A83A,17582228513677981141,True,True,True
789,6,12,1,CICIoT2023_LOCAL_TRAIN_RNG_V1|PREATTACK_IDENTITY_SHA256=81057E395366BA10088F4455897446945556325756CA18BBF39B5F5A6A1198E2|EXPERIMENTAL_SEED=789|ROUND=6|CLIENT_ID=12|PARTICIPATION_ORDINAL=1,510A5D42541D1AA43BE35FD86064399B663FD24F0296786B44BDDB19937382A5,5839582406299687588,True,True,True
789,6,6,1,CICIoT2023_LOCAL_TRAIN_RNG_V1|PREATTACK_IDENTITY_SHA256=81057E395366BA10088F4455897446945556325756CA18BBF39B5F5A6A1198E2|EXPERIMENTAL_SEED=789|ROUND=6|CLIENT_ID=6|PARTICIPATION_ORDINAL=1,CD90DD460231624906DABAE6EACC36942FE1640F461FA79B060E6D3A6D578AC1,14812582467175801417,True,True,True
789,6,13,1,CICIoT2023_LOCAL_TRAIN_RNG_V1|PREATTACK_IDENTITY_SHA256=81057E395366BA10088F4455897446945556325756CA18BBF39B5F5A6A1198E2|EXPERIMENTAL_SEED=789|ROUND=6|CLIENT_ID=13|PARTICIPATION_ORDINAL=1,22123ECB0DB7CAEAB738028440F5D3DACD53D13C19EBC100D3FC2F2EB6E72D0C,2455093788699773674,True,True,True
789,6,4,1,CICIoT2023_LOCAL_TRAIN_RNG_V1|PREATTACK_IDENTITY_SHA256=81057E395366BA10088F4455897446945556325756CA18BBF39B5F5A6A1198E2|EXPERIMENTAL_SEED=789|ROUND=6|CLIENT_ID=4|PARTICIPATION_ORDINAL=1,3AEB2D0CBFE273F384EE29789E5D0CBECADE94601E4E4B1428B8D142C0BC48D0,4245536606508970995,True,True,True
789,6,16,1,CICIoT2023_LOCAL_TRAIN_RNG_V1|PREATTACK_IDENTITY_SHA256=81057E395366BA10088F4455897446945556325756CA18BBF39B5F5A6A1198E2|EXPERIMENTAL_SEED=789|ROUND=6|CLIENT_ID=16|PARTICIPATION_ORDINAL=1,1436C284CD488C3E8D67C26A3470EB203B1FAA185EFF83F8F3FA60874F2461FD,1456565405136489534,True,True,True
789,6,14,1,CICIoT2023_LOCAL_TRAIN_RNG_V1|PREATTACK_IDENTITY_SHA256=81057E395366BA10088F4455897446945556325756CA18BBF39B5F5A6A1198E2|EXPERIMENTAL_SEED=789|ROUND=6|CLIENT_ID=14|PARTICIPATION_ORDINAL=1,A35F7FDED9BA4161398F276E9D364E6628B1E1C751755203A25E61D5421B4CDD,11772268546082095457,True,True,True
789,6,27,1,CICIoT2023_LOCAL_TRAIN_RNG_V1|PREATTACK_IDENTITY_SHA256=81057E395366BA10088F4455897446945556325756CA18BBF39B5F5A6A1198E2|EXPERIMENTAL_SEED=789|ROUND=6|CLIENT_ID=27|PARTICIPATION_ORDINAL=1,2811E7C411003508185828CBE16ED46BABE8DD94D50404190A83D296C423483E,2887343665406031112,True,True,True
789,6,29,1,CICIoT2023_LOCAL_TRAIN_RNG_V1|PREATTACK_IDENTITY_SHA256=81057E395366BA10088F4455897446945556325756CA18BBF39B5F5A6A1198E2|EXPERIMENTAL_SEED=789|ROUND=6|CLIENT_ID=29|PARTICIPATION_ORDINAL=1,7B803A653B2A651A2A0002D3D9E663B25DACE2D9B656C44219358F32AFA4F04E,8899177070142842138,True,True,True
789,6,11,1,CICIoT2023_LOCAL_TRAIN_RNG_V1|PREATTACK_IDENTITY_SHA256=81057E395366BA10088F4455897446945556325756CA18BBF39B5F5A6A1198E2|EXPERIMENTAL_SEED=789|ROUND=6|CLIENT_ID=11|PARTICIPATION_ORDINAL=1,6C3341F3933A73F84783654AC39BCCC6FC3AA34F86C35F1331BF749F1ECCAB57,7796647894311400440,True,True,True
789,7,19,1,CICIoT2023_LOCAL_TRAIN_RNG_V1|PREATTACK_IDENTITY_SHA256=81057E395366BA10088F4455897446945556325756CA18BBF39B5F5A6A1198E2|EXPERIMENTAL_SEED=789|ROUND=7|CLIENT_ID=19|PARTICIPATION_ORDINAL=1,D681FBBDFB71D948AE7C34D777AFF3CB6F69387007480F27623F9A89F59B1760,15456912189498186056,True,True,True
789,7,17,1,CICIoT2023_LOCAL_TRAIN_RNG_V1|PREATTACK_IDENTITY_SHA256=81057E395366BA10088F4455897446945556325756CA18BBF39B5F5A6A1198E2|EXPERIMENTAL_SEED=789|ROUND=7|CLIENT_ID=17|PARTICIPATION_ORDINAL=1,A9945DF498879D81EB9ED1FD4E4C0CC118B620B9866E062D759EA6BF7027BFD4,12219494994075426177,True,True,True
789,7,9,1,CICIoT2023_LOCAL_TRAIN_RNG_V1|PREATTACK_IDENTITY_SHA256=81057E395366BA10088F4455897446945556325756CA18BBF39B5F5A6A1198E2|EXPERIMENTAL_SEED=789|ROUND=7|CLIENT_ID=9|PARTICIPATION_ORDINAL=1,9305D65601806AE6F3B49A7F50D81F58AE53BA11045607968E90FBD3F97223F2,10594109363339684582,True,True,True
789,7,15,1,CICIoT2023_LOCAL_TRAIN_RNG_V1|PREATTACK_IDENTITY_SHA256=81057E395366BA10088F4455897446945556325756CA18BBF39B5F5A6A1198E2|EXPERIMENTAL_SEED=789|ROUND=7|CLIENT_ID=15|PARTICIPATION_ORDINAL=1,C3E9BF2B21DB08531EB1FAE10DB965D92D2B8EC72DEDDD5B40CC762E963E9950,14117024698942031955,True,True,True
789,7,8,1,CICIoT2023_LOCAL_TRAIN_RNG_V1|PREATTACK_IDENTITY_SHA256=81057E395366BA10088F4455897446945556325756CA18BBF39B5F5A6A1198E2|EXPERIMENTAL_SEED=789|ROUND=7|CLIENT_ID=8|PARTICIPATION_ORDINAL=1,0D91775EAB6928B09E8302EA28F74DB48CB093C587749C2196F91B1AB457326B,977693842602535088,True,True,True
789,7,24,1,CICIoT2023_LOCAL_TRAIN_RNG_V1|PREATTACK_IDENTITY_SHA256=81057E395366BA10088F4455897446945556325756CA18BBF39B5F5A6A1198E2|EXPERIMENTAL_SEED=789|ROUND=7|CLIENT_ID=24|PARTICIPATION_ORDINAL=1,350B91F9A64AF9711B207E13E4BB06FA5ABCE876893D019BE76C083D857A8E83,3822309210176813425,True,True,True
789,7,16,2,CICIoT2023_LOCAL_TRAIN_RNG_V1|PREATTACK_IDENTITY_SHA256=81057E395366BA10088F4455897446945556325756CA18BBF39B5F5A6A1198E2|EXPERIMENTAL_SEED=789|ROUND=7|CLIENT_ID=16|PARTICIPATION_ORDINAL=2,3C2C78C5FCD9ABFABC684EE2CBC5A9111669A4A5ADF345FFA6190939BAC49F6D,4335973332996959226,True,True,True
789,7,10,2,CICIoT2023_LOCAL_TRAIN_RNG_V1|PREATTACK_IDENTITY_SHA256=81057E395366BA10088F4455897446945556325756CA18BBF39B5F5A6A1198E2|EXPERIMENTAL_SEED=789|ROUND=7|CLIENT_ID=10|PARTICIPATION_ORDINAL=2,DB81D245B8B93DCC6A122AB90AB4FAFAF335281B6789DA13B522C884F89641EA,15817154563195616716,True,True,True
789,7,29,2,CICIoT2023_LOCAL_TRAIN_RNG_V1|PREATTACK_IDENTITY_SHA256=81057E395366BA10088F4455897446945556325756CA18BBF39B5F5A6A1198E2|EXPERIMENTAL_SEED=789|ROUND=7|CLIENT_ID=29|PARTICIPATION_ORDINAL=2,D147A002EF8FD0D2AC2079AE01383ADB794964F97C6C71F0FF2FBC665F300B0A,15080197811742953682,True,True,True
789,8,24,2,CICIoT2023_LOCAL_TRAIN_RNG_V1|PREATTACK_IDENTITY_SHA256=81057E395366BA10088F4455897446945556325756CA18BBF39B5F5A6A1198E2|EXPERIMENTAL_SEED=789|ROUND=8|CLIENT_ID=24|PARTICIPATION_ORDINAL=2,B337AD6C1EA53EDE74476CC56EEE43613D7945CB39F47D9F442FD4D14A6C47B3,12913981136390405854,True,True,True
789,8,27,2,CICIoT2023_LOCAL_TRAIN_RNG_V1|PREATTACK_IDENTITY_SHA256=81057E395366BA10088F4455897446945556325756CA18BBF39B5F5A6A1198E2|EXPERIMENTAL_SEED=789|ROUND=8|CLIENT_ID=27|PARTICIPATION_ORDINAL=2,CADC62B2B3A35A221A24E49732AA324ECADA42406CD1D573076910CC3104F757,14617667010195315234,True,True,True
789,8,9,2,CICIoT2023_LOCAL_TRAIN_RNG_V1|PREATTACK_IDENTITY_SHA256=81057E395366BA10088F4455897446945556325756CA18BBF39B5F5A6A1198E2|EXPERIMENTAL_SEED=789|ROUND=8|CLIENT_ID=9|PARTICIPATION_ORDINAL=2,BA5F24C49061AF93ECCE604497D48AFC2201E7673AB38FD6A3F325D4160AF0E1,13429493040496619411,True,True,True
789,8,25,2,CICIoT2023_LOCAL_TRAIN_RNG_V1|PREATTACK_IDENTITY_SHA256=81057E395366BA10088F4455897446945556325756CA18BBF39B5F5A6A1198E2|EXPERIMENTAL_SEED=789|ROUND=8|CLIENT_ID=25|PARTICIPATION_ORDINAL=2,A2231B60B53269C857E324FB59B0D027506F00B37AC28F05EFE85B50C1CF9A4A,11683211960499988936,True,True,True
789,8,13,2,CICIoT2023_LOCAL_TRAIN_RNG_V1|PREATTACK_IDENTITY_SHA256=81057E395366BA10088F4455897446945556325756CA18BBF39B5F5A6A1198E2|EXPERIMENTAL_SEED=789|ROUND=8|CLIENT_ID=13|PARTICIPATION_ORDINAL=2,38E0E9D44FBE188157E7A5ADED8EB89406A8D37EBFB38B9599964EB09C255991,4098532758987348097,True,True,True
789,8,23,2,CICIoT2023_LOCAL_TRAIN_RNG_V1|PREATTACK_IDENTITY_SHA256=81057E395366BA10088F4455897446945556325756CA18BBF39B5F5A6A1198E2|EXPERIMENTAL_SEED=789|ROUND=8|CLIENT_ID=23|PARTICIPATION_ORDINAL=2,A2590CAD8BDE4D903079A46AFEE7F06A4BBB6427A2E2ED871F000906FD6BAF60,11698395446587051408,True,True,True
789,8,4,2,CICIoT2023_LOCAL_TRAIN_RNG_V1|PREATTACK_IDENTITY_SHA256=81057E395366BA10088F4455897446945556325756CA18BBF39B5F5A6A1198E2|EXPERIMENTAL_SEED=789|ROUND=8|CLIENT_ID=4|PARTICIPATION_ORDINAL=2,D58061C34A6EF9CCDE583BA6979920CF4BC66410DC1D29CD3BD73916ABA6D8DD,15384403818492918220,True,True,True
789,8,28,2,CICIoT2023_LOCAL_TRAIN_RNG_V1|PREATTACK_IDENTITY_SHA256=81057E395366BA10088F4455897446945556325756CA18BBF39B5F5A6A1198E2|EXPERIMENTAL_SEED=789|ROUND=8|CLIENT_ID=28|PARTICIPATION_ORDINAL=2,8938BEEB124E15B796001272D50E7C59AC1A6424609472DE4E88A7535A0B5B77,9887862898725623223,True,True,True
789,8,15,2,CICIoT2023_LOCAL_TRAIN_RNG_V1|PREATTACK_IDENTITY_SHA256=81057E395366BA10088F4455897446945556325756CA18BBF39B5F5A6A1198E2|EXPERIMENTAL_SEED=789|ROUND=8|CLIENT_ID=15|PARTICIPATION_ORDINAL=2,62767ACB110A540C331C3366C07A31C0089F89628F3511E00F2179C83D27D917,7094993275551634444,True,True,True
789,9,21,2,CICIoT2023_LOCAL_TRAIN_RNG_V1|PREATTACK_IDENTITY_SHA256=81057E395366BA10088F4455897446945556325756CA18BBF39B5F5A6A1198E2|EXPERIMENTAL_SEED=789|ROUND=9|CLIENT_ID=21|PARTICIPATION_ORDINAL=2,57976CE04024FC03F61E758890BDBA2275C51599572B9297FD75808BFF8DCEF4,6311633113187679235,True,True,True
789,9,11,2,CICIoT2023_LOCAL_TRAIN_RNG_V1|PREATTACK_IDENTITY_SHA256=81057E395366BA10088F4455897446945556325756CA18BBF39B5F5A6A1198E2|EXPERIMENTAL_SEED=789|ROUND=9|CLIENT_ID=11|PARTICIPATION_ORDINAL=2,D78358B3FB86140B88DE8FD9087CDB80ACFF96126F0E398B567F745C2950209B,15529353470145860619,True,True,True
789,9,5,2,CICIoT2023_LOCAL_TRAIN_RNG_V1|PREATTACK_IDENTITY_SHA256=81057E395366BA10088F4455897446945556325756CA18BBF39B5F5A6A1198E2|EXPERIMENTAL_SEED=789|ROUND=9|CLIENT_ID=5|PARTICIPATION_ORDINAL=2,874F5BA7C51E963C725FBC3B6A3A82F3AED3E91923A89471CE77EBC85DA7AC43,9750112494405195324,True,True,True
789,9,12,2,CICIoT2023_LOCAL_TRAIN_RNG_V1|PREATTACK_IDENTITY_SHA256=81057E395366BA10088F4455897446945556325756CA18BBF39B5F5A6A1198E2|EXPERIMENTAL_SEED=789|ROUND=9|CLIENT_ID=12|PARTICIPATION_ORDINAL=2,15A94F926CA29C20330D9352846F9D32FE316A5E0450E500CCF83488644A4BAF,1560866236167003168,True,True,True
789,9,6,2,CICIoT2023_LOCAL_TRAIN_RNG_V1|PREATTACK_IDENTITY_SHA256=81057E395366BA10088F4455897446945556325756CA18BBF39B5F5A6A1198E2|EXPERIMENTAL_SEED=789|ROUND=9|CLIENT_ID=6|PARTICIPATION_ORDINAL=2,C2A08EE225F046F27784EB6838E14C14CED10B2D2E3B494A639D20A258A35564,14024366341581981426,True,True,True
789,9,2,2,CICIoT2023_LOCAL_TRAIN_RNG_V1|PREATTACK_IDENTITY_SHA256=81057E395366BA10088F4455897446945556325756CA18BBF39B5F5A6A1198E2|EXPERIMENTAL_SEED=789|ROUND=9|CLIENT_ID=2|PARTICIPATION_ORDINAL=2,37D918BB1917A09D62C8F638EF96AE23ED14D877E800F653A1180672F61928EE,4024274933891178653,True,True,True
789,9,3,2,CICIoT2023_LOCAL_TRAIN_RNG_V1|PREATTACK_IDENTITY_SHA256=81057E395366BA10088F4455897446945556325756CA18BBF39B5F5A6A1198E2|EXPERIMENTAL_SEED=789|ROUND=9|CLIENT_ID=3|PARTICIPATION_ORDINAL=2,FE211213D9451DA1D64D51EA9A00ED58DF7F353BBCEE57891AB789A8605EC601,18311937436324011425,True,True,True
789,9,8,2,CICIoT2023_LOCAL_TRAIN_RNG_V1|PREATTACK_IDENTITY_SHA256=81057E395366BA10088F4455897446945556325756CA18BBF39B5F5A6A1198E2|EXPERIMENTAL_SEED=789|ROUND=9|CLIENT_ID=8|PARTICIPATION_ORDINAL=2,CA9E697C62D2C903D3933B35C0409A6E9BDAF3EC4FA52384F314B5C5E4E8BE14,14600223024936569091,True,True,True
789,9,1,2,CICIoT2023_LOCAL_TRAIN_RNG_V1|PREATTACK_IDENTITY_SHA256=81057E395366BA10088F4455897446945556325756CA18BBF39B5F5A6A1198E2|EXPERIMENTAL_SEED=789|ROUND=9|CLIENT_ID=1|PARTICIPATION_ORDINAL=2,BE0570A0DC81141BDFF61797FF1A0175039782D40C819C592C454348EC41F5EB,13692474078286386203,True,True,True
789,10,26,2,CICIoT2023_LOCAL_TRAIN_RNG_V1|PREATTACK_IDENTITY_SHA256=81057E395366BA10088F4455897446945556325756CA18BBF39B5F5A6A1198E2|EXPERIMENTAL_SEED=789|ROUND=10|CLIENT_ID=26|PARTICIPATION_ORDINAL=2,2F7C8DCF5BEEC9528291EC3AFCBA9B24B8DADC2697C73646C4F3B552721C879E,3421765738634856786,True,True,True
789,10,17,2,CICIoT2023_LOCAL_TRAIN_RNG_V1|PREATTACK_IDENTITY_SHA256=81057E395366BA10088F4455897446945556325756CA18BBF39B5F5A6A1198E2|EXPERIMENTAL_SEED=789|ROUND=10|CLIENT_ID=17|PARTICIPATION_ORDINAL=2,1ABAC59074F7D7045C12317A4F8F7BCB33827991766F9F4A76BB9A185BC837E2,1926069014882670340,True,True,True
789,10,19,2,CICIoT2023_LOCAL_TRAIN_RNG_V1|PREATTACK_IDENTITY_SHA256=81057E395366BA10088F4455897446945556325756CA18BBF39B5F5A6A1198E2|EXPERIMENTAL_SEED=789|ROUND=10|CLIENT_ID=19|PARTICIPATION_ORDINAL=2,070D7A1856037BAE0BFF95BEA02B5BD3BE7B97AAC2DF2615A5B17169192E40DA,508196577903606702,True,True,True
789,10,14,2,CICIoT2023_LOCAL_TRAIN_RNG_V1|PREATTACK_IDENTITY_SHA256=81057E395366BA10088F4455897446945556325756CA18BBF39B5F5A6A1198E2|EXPERIMENTAL_SEED=789|ROUND=10|CLIENT_ID=14|PARTICIPATION_ORDINAL=2,B44C2E50DD5680A661528D0DDE13C7F98303DB87E0B0C037A1CD79A785B6BA5F,12991809949902733478,True,True,True
789,10,18,2,CICIoT2023_LOCAL_TRAIN_RNG_V1|PREATTACK_IDENTITY_SHA256=81057E395366BA10088F4455897446945556325756CA18BBF39B5F5A6A1198E2|EXPERIMENTAL_SEED=789|ROUND=10|CLIENT_ID=18|PARTICIPATION_ORDINAL=2,5700186FFB202BC3EA8AA8CD4DF9AFA5297C18DB514A640E9FDC5BBB9647A613,6269037550533356483,True,True,True
789,10,20,2,CICIoT2023_LOCAL_TRAIN_RNG_V1|PREATTACK_IDENTITY_SHA256=81057E395366BA10088F4455897446945556325756CA18BBF39B5F5A6A1198E2|EXPERIMENTAL_SEED=789|ROUND=10|CLIENT_ID=20|PARTICIPATION_ORDINAL=2,9C9E6B1C5BE1BC0C9563163B1D21191B789D1D90B041083E86FA26DB433583D1,11285575485781818380,True,True,True
789,10,7,2,CICIoT2023_LOCAL_TRAIN_RNG_V1|PREATTACK_IDENTITY_SHA256=81057E395366BA10088F4455897446945556325756CA18BBF39B5F5A6A1198E2|EXPERIMENTAL_SEED=789|ROUND=10|CLIENT_ID=7|PARTICIPATION_ORDINAL=2,AB5424C382CE50B16C5D9DF1CFF3C06A30F6AA80F353BCBF4DEE384394470CB1,12345532900661153969,True,True,True
789,10,0,2,CICIoT2023_LOCAL_TRAIN_RNG_V1|PREATTACK_IDENTITY_SHA256=81057E395366BA10088F4455897446945556325756CA18BBF39B5F5A6A1198E2|EXPERIMENTAL_SEED=789|ROUND=10|CLIENT_ID=0|PARTICIPATION_ORDINAL=2,F8E013240AF8A75A8F34757E7F470AF8495282192B6992D8E09315B80B9B1A1D,17933354761713133402,True,True,True
789,10,22,2,CICIoT2023_LOCAL_TRAIN_RNG_V1|PREATTACK_IDENTITY_SHA256=81057E395366BA10088F4455897446945556325756CA18BBF39B5F5A6A1198E2|EXPERIMENTAL_SEED=789|ROUND=10|CLIENT_ID=22|PARTICIPATION_ORDINAL=2,002833AF5ABCC12DE2CF2A2FB2C873F4B8AA9A8595DA801C21DEC8EC3DCBD703,11315827303039277,True,True,True
789,11,26,3,CICIoT2023_LOCAL_TRAIN_RNG_V1|PREATTACK_IDENTITY_SHA256=81057E395366BA10088F4455897446945556325756CA18BBF39B5F5A6A1198E2|EXPERIMENTAL_SEED=789|ROUND=11|CLIENT_ID=26|PARTICIPATION_ORDINAL=3,D48A7AD17B26FEAECB9031E2FF0451020319CF186D27E020DE77164ABC53F671,15315188522959699630,True,True,True
789,11,13,3,CICIoT2023_LOCAL_TRAIN_RNG_V1|PREATTACK_IDENTITY_SHA256=81057E395366BA10088F4455897446945556325756CA18BBF39B5F5A6A1198E2|EXPERIMENTAL_SEED=789|ROUND=11|CLIENT_ID=13|PARTICIPATION_ORDINAL=3,47CF048DECA01AD524FDD0E6F837CF9103FE7873B91017B4E55F706EB23001E5,5174359504478804693,True,True,True
789,11,20,3,CICIoT2023_LOCAL_TRAIN_RNG_V1|PREATTACK_IDENTITY_SHA256=81057E395366BA10088F4455897446945556325756CA18BBF39B5F5A6A1198E2|EXPERIMENTAL_SEED=789|ROUND=11|CLIENT_ID=20|PARTICIPATION_ORDINAL=3,88F133E66FF31B6051E5047B161BA963BF96D49D92BED9D8E96728DB01809C4D,9867725323359165280,True,True,True
789,11,11,3,CICIoT2023_LOCAL_TRAIN_RNG_V1|PREATTACK_IDENTITY_SHA256=81057E395366BA10088F4455897446945556325756CA18BBF39B5F5A6A1198E2|EXPERIMENTAL_SEED=789|ROUND=11|CLIENT_ID=11|PARTICIPATION_ORDINAL=3,F80CA968E8D17FFA47780A481FC28C5368E872C6612D3F9DEB7CE63CDA4B07F3,17873847289174392826,True,True,True
789,11,2,3,CICIoT2023_LOCAL_TRAIN_RNG_V1|PREATTACK_IDENTITY_SHA256=81057E395366BA10088F4455897446945556325756CA18BBF39B5F5A6A1198E2|EXPERIMENTAL_SEED=789|ROUND=11|CLIENT_ID=2|PARTICIPATION_ORDINAL=3,029B4B88A138894B6A998F7A3C99B550F573C8E72C792D355B5C651FA02DC439,187826859658479947,True,True,True
789,11,23,3,CICIoT2023_LOCAL_TRAIN_RNG_V1|PREATTACK_IDENTITY_SHA256=81057E395366BA10088F4455897446945556325756CA18BBF39B5F5A6A1198E2|EXPERIMENTAL_SEED=789|ROUND=11|CLIENT_ID=23|PARTICIPATION_ORDINAL=3,D24C35C949F736D7D4ACD3C49E2563B7D87EAA94B7A529298573EA81D1FC875E,15153545984840513239,True,True,True
789,11,8,3,CICIoT2023_LOCAL_TRAIN_RNG_V1|PREATTACK_IDENTITY_SHA256=81057E395366BA10088F4455897446945556325756CA18BBF39B5F5A6A1198E2|EXPERIMENTAL_SEED=789|ROUND=11|CLIENT_ID=8|PARTICIPATION_ORDINAL=3,5ADDBD001D6059DAF6D05984C9D0F1A5F49983670484DFDDFE0E229453D52330,6547597241457072602,True,True,True
789,11,24,3,CICIoT2023_LOCAL_TRAIN_RNG_V1|PREATTACK_IDENTITY_SHA256=81057E395366BA10088F4455897446945556325756CA18BBF39B5F5A6A1198E2|EXPERIMENTAL_SEED=789|ROUND=11|CLIENT_ID=24|PARTICIPATION_ORDINAL=3,DD2D859383774F7F43DB1F4DB23F0C280AF105F7B37592BB15E029FBAC29528F,15937541524946374527,True,True,True
789,11,9,3,CICIoT2023_LOCAL_TRAIN_RNG_V1|PREATTACK_IDENTITY_SHA256=81057E395366BA10088F4455897446945556325756CA18BBF39B5F5A6A1198E2|EXPERIMENTAL_SEED=789|ROUND=11|CLIENT_ID=9|PARTICIPATION_ORDINAL=3,B467EAC61DE920D3B2FB727B71D2020074B3E45184DA27A0C29970EA8C055B35,12999616986054467795,True,True,True
789,12,28,3,CICIoT2023_LOCAL_TRAIN_RNG_V1|PREATTACK_IDENTITY_SHA256=81057E395366BA10088F4455897446945556325756CA18BBF39B5F5A6A1198E2|EXPERIMENTAL_SEED=789|ROUND=12|CLIENT_ID=28|PARTICIPATION_ORDINAL=3,C440C43C6E402C493D190FFB1DAB8BAE02D8B6526DCA3BA688FF435170BCAC84,14141518593770138697,True,True,True
789,12,3,3,CICIoT2023_LOCAL_TRAIN_RNG_V1|PREATTACK_IDENTITY_SHA256=81057E395366BA10088F4455897446945556325756CA18BBF39B5F5A6A1198E2|EXPERIMENTAL_SEED=789|ROUND=12|CLIENT_ID=3|PARTICIPATION_ORDINAL=3,E9731C71C8022D0A1096D8C22948D6A5EFAA9D227740B03E34021A4152DE8E08,16821820308171402506,True,True,True
789,12,22,3,CICIoT2023_LOCAL_TRAIN_RNG_V1|PREATTACK_IDENTITY_SHA256=81057E395366BA10088F4455897446945556325756CA18BBF39B5F5A6A1198E2|EXPERIMENTAL_SEED=789|ROUND=12|CLIENT_ID=22|PARTICIPATION_ORDINAL=3,BF0AA466C12BA92BD9F61FFAC5C64AAF15969235368A86B97BC5F786EAFBBB94,13765995972245825835,True,True,True
789,12,6,3,CICIoT2023_LOCAL_TRAIN_RNG_V1|PREATTACK_IDENTITY_SHA256=81057E395366BA10088F4455897446945556325756CA18BBF39B5F5A6A1198E2|EXPERIMENTAL_SEED=789|ROUND=12|CLIENT_ID=6|PARTICIPATION_ORDINAL=3,81316F01F1A2CF58489AE2D37310B034EFF7D2131EF00DC024D84CE8C86A6A25,9309343958891155288,True,True,True
789,12,1,3,CICIoT2023_LOCAL_TRAIN_RNG_V1|PREATTACK_IDENTITY_SHA256=81057E395366BA10088F4455897446945556325756CA18BBF39B5F5A6A1198E2|EXPERIMENTAL_SEED=789|ROUND=12|CLIENT_ID=1|PARTICIPATION_ORDINAL=3,AD8FECFB39F872C45B879818B37C15AF53779D7ACDFFFDE7A8F96874F2AE3249,12506475253984686788,True,True,True
789,12,4,3,CICIoT2023_LOCAL_TRAIN_RNG_V1|PREATTACK_IDENTITY_SHA256=81057E395366BA10088F4455897446945556325756CA18BBF39B5F5A6A1198E2|EXPERIMENTAL_SEED=789|ROUND=12|CLIENT_ID=4|PARTICIPATION_ORDINAL=3,83D93C2D9CBBE000315C5314075C34CC9A0B66629E0DE74B7B7D65C1B58EE395,9500691055515525120,True,True,True
789,12,18,3,CICIoT2023_LOCAL_TRAIN_RNG_V1|PREATTACK_IDENTITY_SHA256=81057E395366BA10088F4455897446945556325756CA18BBF39B5F5A6A1198E2|EXPERIMENTAL_SEED=789|ROUND=12|CLIENT_ID=18|PARTICIPATION_ORDINAL=3,F9835A801CBAAADC212D0E58C1C01EC37DF14F76B6B9C863715715CC38378B88,17979313643677461212,True,True,True
789,12,17,3,CICIoT2023_LOCAL_TRAIN_RNG_V1|PREATTACK_IDENTITY_SHA256=81057E395366BA10088F4455897446945556325756CA18BBF39B5F5A6A1198E2|EXPERIMENTAL_SEED=789|ROUND=12|CLIENT_ID=17|PARTICIPATION_ORDINAL=3,CE8ABE637F1D049BE53A4D4C70B819AF4C918ABEBF338F623948D8D7D27AEDB2,14882917253142873243,True,True,True
789,12,16,3,CICIoT2023_LOCAL_TRAIN_RNG_V1|PREATTACK_IDENTITY_SHA256=81057E395366BA10088F4455897446945556325756CA18BBF39B5F5A6A1198E2|EXPERIMENTAL_SEED=789|ROUND=12|CLIENT_ID=16|PARTICIPATION_ORDINAL=3,02DB023C89AE25A8EF06A3026F69014E3C2D76E555D8952E5562230DDC582515,205760667006674344,True,True,True
789,13,12,3,CICIoT2023_LOCAL_TRAIN_RNG_V1|PREATTACK_IDENTITY_SHA256=81057E395366BA10088F4455897446945556325756CA18BBF39B5F5A6A1198E2|EXPERIMENTAL_SEED=789|ROUND=13|CLIENT_ID=12|PARTICIPATION_ORDINAL=3,760A6BF7865EA1FA9EEDDB6B34DAB6F16906E17CD4022FF36E4D9EBE8C3C7DAD,8505729557098045946,True,True,True
789,13,25,3,CICIoT2023_LOCAL_TRAIN_RNG_V1|PREATTACK_IDENTITY_SHA256=81057E395366BA10088F4455897446945556325756CA18BBF39B5F5A6A1198E2|EXPERIMENTAL_SEED=789|ROUND=13|CLIENT_ID=25|PARTICIPATION_ORDINAL=3,C0429ED2DD7EBB83BFB26F38516710E4D5A7A1AE3D1C60802306AFF853010498,13853810032241458051,True,True,True
789,13,29,3,CICIoT2023_LOCAL_TRAIN_RNG_V1|PREATTACK_IDENTITY_SHA256=81057E395366BA10088F4455897446945556325756CA18BBF39B5F5A6A1198E2|EXPERIMENTAL_SEED=789|ROUND=13|CLIENT_ID=29|PARTICIPATION_ORDINAL=3,589F0F2D802D449705CEB261A2D55D4642E3F7BF3923DF6A9921F5BFC611207A,6385839484733047959,True,True,True
789,13,5,3,CICIoT2023_LOCAL_TRAIN_RNG_V1|PREATTACK_IDENTITY_SHA256=81057E395366BA10088F4455897446945556325756CA18BBF39B5F5A6A1198E2|EXPERIMENTAL_SEED=789|ROUND=13|CLIENT_ID=5|PARTICIPATION_ORDINAL=3,21F61E7A1BCF03381791A9B1604F5D4519E38DC9106B068B5E5D05ECB95645B7,2447176957323838264,True,True,True
789,13,7,3,CICIoT2023_LOCAL_TRAIN_RNG_V1|PREATTACK_IDENTITY_SHA256=81057E395366BA10088F4455897446945556325756CA18BBF39B5F5A6A1198E2|EXPERIMENTAL_SEED=789|ROUND=13|CLIENT_ID=7|PARTICIPATION_ORDINAL=3,BB0A05695700ED26A53C86115B72EF0EBABD9C82CB2308D2D30500EE5086BF1B,13477590784849014054,True,True,True
789,13,21,3,CICIoT2023_LOCAL_TRAIN_RNG_V1|PREATTACK_IDENTITY_SHA256=81057E395366BA10088F4455897446945556325756CA18BBF39B5F5A6A1198E2|EXPERIMENTAL_SEED=789|ROUND=13|CLIENT_ID=21|PARTICIPATION_ORDINAL=3,0163D9CD0E8BFB95E5ECE32150F132345880B0F478FBEA8FB5D31F06FC4CFF30,100163091467860885,True,True,True
789,13,27,3,CICIoT2023_LOCAL_TRAIN_RNG_V1|PREATTACK_IDENTITY_SHA256=81057E395366BA10088F4455897446945556325756CA18BBF39B5F5A6A1198E2|EXPERIMENTAL_SEED=789|ROUND=13|CLIENT_ID=27|PARTICIPATION_ORDINAL=3,AEEB17362F86E306101032E9DEC4C06C7EE90BED329F0B02E1A1B5D832689EA0,12604193503619506950,True,True,True
789,13,10,3,CICIoT2023_LOCAL_TRAIN_RNG_V1|PREATTACK_IDENTITY_SHA256=81057E395366BA10088F4455897446945556325756CA18BBF39B5F5A6A1198E2|EXPERIMENTAL_SEED=789|ROUND=13|CLIENT_ID=10|PARTICIPATION_ORDINAL=3,33E58F207CFA545DEFA4A0CD1A1CAAAE918C1AEA50181587F215E3005FCD113A,3739552435299570781,True,True,True
789,13,0,3,CICIoT2023_LOCAL_TRAIN_RNG_V1|PREATTACK_IDENTITY_SHA256=81057E395366BA10088F4455897446945556325756CA18BBF39B5F5A6A1198E2|EXPERIMENTAL_SEED=789|ROUND=13|CLIENT_ID=0|PARTICIPATION_ORDINAL=3,2C995BDC64CA84FD1146B8ED3B1B2A6A89501647364BFE5535F86173A9294C7C,3213700811247486205,True,True,True
789,14,15,3,CICIoT2023_LOCAL_TRAIN_RNG_V1|PREATTACK_IDENTITY_SHA256=81057E395366BA10088F4455897446945556325756CA18BBF39B5F5A6A1198E2|EXPERIMENTAL_SEED=789|ROUND=14|CLIENT_ID=15|PARTICIPATION_ORDINAL=3,8BE338AB34CE139E7716F78D4BBF64092E15EE8BF831901712E06053A3DCCFFF,10079962698961785758,True,True,True
789,14,14,3,CICIoT2023_LOCAL_TRAIN_RNG_V1|PREATTACK_IDENTITY_SHA256=81057E395366BA10088F4455897446945556325756CA18BBF39B5F5A6A1198E2|EXPERIMENTAL_SEED=789|ROUND=14|CLIENT_ID=14|PARTICIPATION_ORDINAL=3,434605CC6B1F378B3BCD8A77B091424249C58311AA2C2DFB4CE7672BE6249D26,4847568424439592843,True,True,True
789,14,19,3,CICIoT2023_LOCAL_TRAIN_RNG_V1|PREATTACK_IDENTITY_SHA256=81057E395366BA10088F4455897446945556325756CA18BBF39B5F5A6A1198E2|EXPERIMENTAL_SEED=789|ROUND=14|CLIENT_ID=19|PARTICIPATION_ORDINAL=3,0AE5BD3E1E17F9ED03C610CF19659353463F464140EB4DFF0300B3E0EA6DDFDE,785241784536529389,True,True,True
789,14,4,4,CICIoT2023_LOCAL_TRAIN_RNG_V1|PREATTACK_IDENTITY_SHA256=81057E395366BA10088F4455897446945556325756CA18BBF39B5F5A6A1198E2|EXPERIMENTAL_SEED=789|ROUND=14|CLIENT_ID=4|PARTICIPATION_ORDINAL=4,8EDD3003BA66DBECF451FEE59743C732A2EDBDC38C59AE4F6A3ED417C0C4D192,10294437115809160172,True,True,True
789,14,16,4,CICIoT2023_LOCAL_TRAIN_RNG_V1|PREATTACK_IDENTITY_SHA256=81057E395366BA10088F4455897446945556325756CA18BBF39B5F5A6A1198E2|EXPERIMENTAL_SEED=789|ROUND=14|CLIENT_ID=16|PARTICIPATION_ORDINAL=4,15099155D6B4BD41E08737F041F36C78DE3E2AFD250272578A9532D4D1BE1472,1515902547447299393,True,True,True
789,14,18,4,CICIoT2023_LOCAL_TRAIN_RNG_V1|PREATTACK_IDENTITY_SHA256=81057E395366BA10088F4455897446945556325756CA18BBF39B5F5A6A1198E2|EXPERIMENTAL_SEED=789|ROUND=14|CLIENT_ID=18|PARTICIPATION_ORDINAL=4,59AAE22157F42BBA55748B3990F18A7650111B9807AAEDFF9D62D928503C2610,6461225248253815738,True,True,True
789,14,20,4,CICIoT2023_LOCAL_TRAIN_RNG_V1|PREATTACK_IDENTITY_SHA256=81057E395366BA10088F4455897446945556325756CA18BBF39B5F5A6A1198E2|EXPERIMENTAL_SEED=789|ROUND=14|CLIENT_ID=20|PARTICIPATION_ORDINAL=4,93CA220EE11DE73492A51E059449B68F151874A90A95A4BA68DB5AEFFAAA6EC6,10649361716172678964,True,True,True
789,14,22,4,CICIoT2023_LOCAL_TRAIN_RNG_V1|PREATTACK_IDENTITY_SHA256=81057E395366BA10088F4455897446945556325756CA18BBF39B5F5A6A1198E2|EXPERIMENTAL_SEED=789|ROUND=14|CLIENT_ID=22|PARTICIPATION_ORDINAL=4,6B03E7E87CB4A5D3DE83BA8A1CF10616D8438994BB56A592B35004365ACF62B8,7711261972699063763,True,True,True
789,14,27,4,CICIoT2023_LOCAL_TRAIN_RNG_V1|PREATTACK_IDENTITY_SHA256=81057E395366BA10088F4455897446945556325756CA18BBF39B5F5A6A1198E2|EXPERIMENTAL_SEED=789|ROUND=14|CLIENT_ID=27|PARTICIPATION_ORDINAL=4,74FDE43A751DC55D0C7ED174099B20E8240D8ECD649C36409DA2ED965A66D73C,8430145017231557981,True,True,True
789,15,12,4,CICIoT2023_LOCAL_TRAIN_RNG_V1|PREATTACK_IDENTITY_SHA256=81057E395366BA10088F4455897446945556325756CA18BBF39B5F5A6A1198E2|EXPERIMENTAL_SEED=789|ROUND=15|CLIENT_ID=12|PARTICIPATION_ORDINAL=4,621390DA19F66A13EEDBEB72F455DB4082351BE427BCB9D0E577AD2B2AAD5B0D,7067151506687289875,True,True,True
789,15,26,4,CICIoT2023_LOCAL_TRAIN_RNG_V1|PREATTACK_IDENTITY_SHA256=81057E395366BA10088F4455897446945556325756CA18BBF39B5F5A6A1198E2|EXPERIMENTAL_SEED=789|ROUND=15|CLIENT_ID=26|PARTICIPATION_ORDINAL=4,EB5DC8F4B2A6EC9425F8611F9F99EEC84B195E42C04371F99D081EE85C01A586,16959932725042015380,True,True,True
789,15,15,4,CICIoT2023_LOCAL_TRAIN_RNG_V1|PREATTACK_IDENTITY_SHA256=81057E395366BA10088F4455897446945556325756CA18BBF39B5F5A6A1198E2|EXPERIMENTAL_SEED=789|ROUND=15|CLIENT_ID=15|PARTICIPATION_ORDINAL=4,A3FAB42AE33E4C6C9EA7106FC6782B6074A0D273D8FFDE0CB95018275A6119E0,11815954668654054508,True,True,True
789,15,2,4,CICIoT2023_LOCAL_TRAIN_RNG_V1|PREATTACK_IDENTITY_SHA256=81057E395366BA10088F4455897446945556325756CA18BBF39B5F5A6A1198E2|EXPERIMENTAL_SEED=789|ROUND=15|CLIENT_ID=2|PARTICIPATION_ORDINAL=4,A37B5815FB692DB72C71371F358338D7D6FEB55EE3F2FCDCE8BB3ADEA70813FC,11780106101753195959,True,True,True
789,15,24,4,CICIoT2023_LOCAL_TRAIN_RNG_V1|PREATTACK_IDENTITY_SHA256=81057E395366BA10088F4455897446945556325756CA18BBF39B5F5A6A1198E2|EXPERIMENTAL_SEED=789|ROUND=15|CLIENT_ID=24|PARTICIPATION_ORDINAL=4,ADC9A7ACE2CB70E81A524ED53DDBB17022434336E61C11050EE71F7AAC538B55,12522724599861571816,True,True,True
789,15,23,4,CICIoT2023_LOCAL_TRAIN_RNG_V1|PREATTACK_IDENTITY_SHA256=81057E395366BA10088F4455897446945556325756CA18BBF39B5F5A6A1198E2|EXPERIMENTAL_SEED=789|ROUND=15|CLIENT_ID=23|PARTICIPATION_ORDINAL=4,598CBD45D89B66E4290C27C1B4D662768BCC44CF4889ECC84CE4577B1100CE0F,6452740473799534308,True,True,True
789,15,25,4,CICIoT2023_LOCAL_TRAIN_RNG_V1|PREATTACK_IDENTITY_SHA256=81057E395366BA10088F4455897446945556325756CA18BBF39B5F5A6A1198E2|EXPERIMENTAL_SEED=789|ROUND=15|CLIENT_ID=25|PARTICIPATION_ORDINAL=4,811B3D73FF8C0F020250DE00FD84D2855D6AB19B2DED39CABB8CB26F2EDE097C,9303097023681793794,True,True,True
789,15,10,4,CICIoT2023_LOCAL_TRAIN_RNG_V1|PREATTACK_IDENTITY_SHA256=81057E395366BA10088F4455897446945556325756CA18BBF39B5F5A6A1198E2|EXPERIMENTAL_SEED=789|ROUND=15|CLIENT_ID=10|PARTICIPATION_ORDINAL=4,093C92965C218D4164BBF0C67A70ACA5BF32DD2474624E1EF2A440DDCD16F22B,665568019432443201,True,True,True
789,15,9,4,CICIoT2023_LOCAL_TRAIN_RNG_V1|PREATTACK_IDENTITY_SHA256=81057E395366BA10088F4455897446945556325756CA18BBF39B5F5A6A1198E2|EXPERIMENTAL_SEED=789|ROUND=15|CLIENT_ID=9|PARTICIPATION_ORDINAL=4,D9BFBD800C7C1220A39D1785797586D7268C3DED6BB59C7D08990AF92E9DAE4D,15690467984445018656,True,True,True
789,16,11,4,CICIoT2023_LOCAL_TRAIN_RNG_V1|PREATTACK_IDENTITY_SHA256=81057E395366BA10088F4455897446945556325756CA18BBF39B5F5A6A1198E2|EXPERIMENTAL_SEED=789|ROUND=16|CLIENT_ID=11|PARTICIPATION_ORDINAL=4,4C85A7D5C121407CCA4D6EB4F1C24884C9C2ECC08D51FA2A187459CCD616BD44,5513997855295094908,True,True,True
789,16,14,4,CICIoT2023_LOCAL_TRAIN_RNG_V1|PREATTACK_IDENTITY_SHA256=81057E395366BA10088F4455897446945556325756CA18BBF39B5F5A6A1198E2|EXPERIMENTAL_SEED=789|ROUND=16|CLIENT_ID=14|PARTICIPATION_ORDINAL=4,83555C739DBB26968CACDFA6F4C819D526718AC3F5B21A87E85EBD1806EED771,9463571843626247830,True,True,True
789,16,5,4,CICIoT2023_LOCAL_TRAIN_RNG_V1|PREATTACK_IDENTITY_SHA256=81057E395366BA10088F4455897446945556325756CA18BBF39B5F5A6A1198E2|EXPERIMENTAL_SEED=789|ROUND=16|CLIENT_ID=5|PARTICIPATION_ORDINAL=4,AE54DF39D00BDE4B5458463BFA28D286D88E80DF062F5118A268CA52681B2D6D,12561910700039724619,True,True,True
789,16,7,4,CICIoT2023_LOCAL_TRAIN_RNG_V1|PREATTACK_IDENTITY_SHA256=81057E395366BA10088F4455897446945556325756CA18BBF39B5F5A6A1198E2|EXPERIMENTAL_SEED=789|ROUND=16|CLIENT_ID=7|PARTICIPATION_ORDINAL=4,46704E56C021EB7A2DDABDE3FAF26423C8F5B40D0C556DEDE1B9338125ED8FE8,5075642914544151418,True,True,True
789,16,19,4,CICIoT2023_LOCAL_TRAIN_RNG_V1|PREATTACK_IDENTITY_SHA256=81057E395366BA10088F4455897446945556325756CA18BBF39B5F5A6A1198E2|EXPERIMENTAL_SEED=789|ROUND=16|CLIENT_ID=19|PARTICIPATION_ORDINAL=4,1210C922D5E187E0CA88AE9CE8420A5F640F0063E0C64E8537EAEE8CC645D2D4,1301761443764471776,True,True,True
789,16,17,4,CICIoT2023_LOCAL_TRAIN_RNG_V1|PREATTACK_IDENTITY_SHA256=81057E395366BA10088F4455897446945556325756CA18BBF39B5F5A6A1198E2|EXPERIMENTAL_SEED=789|ROUND=16|CLIENT_ID=17|PARTICIPATION_ORDINAL=4,50B146B6F8BDAAA17800C3ECB02A090E1A14B1342675F679BBCDC9EEEDE015CE,5814506345583192737,True,True,True
789,16,8,4,CICIoT2023_LOCAL_TRAIN_RNG_V1|PREATTACK_IDENTITY_SHA256=81057E395366BA10088F4455897446945556325756CA18BBF39B5F5A6A1198E2|EXPERIMENTAL_SEED=789|ROUND=16|CLIENT_ID=8|PARTICIPATION_ORDINAL=4,7E75585C86FB93B0A2A743009E5D2ABA7915826744D9B6E1829749CBCB57436C,9112286575478936496,True,True,True
789,16,1,4,CICIoT2023_LOCAL_TRAIN_RNG_V1|PREATTACK_IDENTITY_SHA256=81057E395366BA10088F4455897446945556325756CA18BBF39B5F5A6A1198E2|EXPERIMENTAL_SEED=789|ROUND=16|CLIENT_ID=1|PARTICIPATION_ORDINAL=4,A3B8D5945D0CD691A2532472144AE5151656D311C31D571EF41AD3D8BA2AEF74,11797414057090012817,True,True,True
789,16,21,4,CICIoT2023_LOCAL_TRAIN_RNG_V1|PREATTACK_IDENTITY_SHA256=81057E395366BA10088F4455897446945556325756CA18BBF39B5F5A6A1198E2|EXPERIMENTAL_SEED=789|ROUND=16|CLIENT_ID=21|PARTICIPATION_ORDINAL=4,E896010147774AAE3C43685174FA9C387E46926991913E158B2FFA905025C031,16759584168311474862,True,True,True
789,17,3,4,CICIoT2023_LOCAL_TRAIN_RNG_V1|PREATTACK_IDENTITY_SHA256=81057E395366BA10088F4455897446945556325756CA18BBF39B5F5A6A1198E2|EXPERIMENTAL_SEED=789|ROUND=17|CLIENT_ID=3|PARTICIPATION_ORDINAL=4,AC7D8E0B293D6F2329084A78A791EB8C965D8596550C1BB9B5634240711A38F0,12429246725200113443,True,True,True
789,17,28,4,CICIoT2023_LOCAL_TRAIN_RNG_V1|PREATTACK_IDENTITY_SHA256=81057E395366BA10088F4455897446945556325756CA18BBF39B5F5A6A1198E2|EXPERIMENTAL_SEED=789|ROUND=17|CLIENT_ID=28|PARTICIPATION_ORDINAL=4,1B9AB4F528A5570F4B9938A38553395AF0228A30EB2C20E5E5828C0DDA6AFB36,1989101150479406863,True,True,True
789,17,13,4,CICIoT2023_LOCAL_TRAIN_RNG_V1|PREATTACK_IDENTITY_SHA256=81057E395366BA10088F4455897446945556325756CA18BBF39B5F5A6A1198E2|EXPERIMENTAL_SEED=789|ROUND=17|CLIENT_ID=13|PARTICIPATION_ORDINAL=4,FC51C291A3FB8C0E36C01E609A2A40293ED10CFD7CE28BE6B660B88EF2F3EB7B,18181527101448621070,True,True,True
789,17,29,4,CICIoT2023_LOCAL_TRAIN_RNG_V1|PREATTACK_IDENTITY_SHA256=81057E395366BA10088F4455897446945556325756CA18BBF39B5F5A6A1198E2|EXPERIMENTAL_SEED=789|ROUND=17|CLIENT_ID=29|PARTICIPATION_ORDINAL=4,4E9D05B3754878684C6F9C4797DA5EA9128F75295B4EA50B5764CDF5F1D37B57,5664690174626920552,True,True,True
789,17,6,4,CICIoT2023_LOCAL_TRAIN_RNG_V1|PREATTACK_IDENTITY_SHA256=81057E395366BA10088F4455897446945556325756CA18BBF39B5F5A6A1198E2|EXPERIMENTAL_SEED=789|ROUND=17|CLIENT_ID=6|PARTICIPATION_ORDINAL=4,6F523D3B02224A1B9C0660E6CB338968732BF234A120306E778BA328078703EC,8021541209948441115,True,True,True
789,17,0,4,CICIoT2023_LOCAL_TRAIN_RNG_V1|PREATTACK_IDENTITY_SHA256=81057E395366BA10088F4455897446945556325756CA18BBF39B5F5A6A1198E2|EXPERIMENTAL_SEED=789|ROUND=17|CLIENT_ID=0|PARTICIPATION_ORDINAL=4,4674A3B5CE569657DC0C87F734910C21E1A80473DBE6E939940FA8CF86A0C423,5076862681199580759,True,True,True
789,17,12,5,CICIoT2023_LOCAL_TRAIN_RNG_V1|PREATTACK_IDENTITY_SHA256=81057E395366BA10088F4455897446945556325756CA18BBF39B5F5A6A1198E2|EXPERIMENTAL_SEED=789|ROUND=17|CLIENT_ID=12|PARTICIPATION_ORDINAL=5,9457F03DBF1C188A06E0CE1B79A6DD578E1DB05F73925692759CBF85AAA41B50,10689276388577122442,True,True,True
789,17,9,5,CICIoT2023_LOCAL_TRAIN_RNG_V1|PREATTACK_IDENTITY_SHA256=81057E395366BA10088F4455897446945556325756CA18BBF39B5F5A6A1198E2|EXPERIMENTAL_SEED=789|ROUND=17|CLIENT_ID=9|PARTICIPATION_ORDINAL=5,5808A358DC15BD25BE5A84AE6DF0200F52CD9A1B8C7FABA1FD4B9D3D741A2781,6343499677196205349,True,True,True
789,17,7,5,CICIoT2023_LOCAL_TRAIN_RNG_V1|PREATTACK_IDENTITY_SHA256=81057E395366BA10088F4455897446945556325756CA18BBF39B5F5A6A1198E2|EXPERIMENTAL_SEED=789|ROUND=17|CLIENT_ID=7|PARTICIPATION_ORDINAL=5,C0D8DE4F4DD486E0F73A2FBBDF2911D9E9625A1768318A27D399BD73F052F5B6,13896101082441221856,True,True,True
789,18,13,5,CICIoT2023_LOCAL_TRAIN_RNG_V1|PREATTACK_IDENTITY_SHA256=81057E395366BA10088F4455897446945556325756CA18BBF39B5F5A6A1198E2|EXPERIMENTAL_SEED=789|ROUND=18|CLIENT_ID=13|PARTICIPATION_ORDINAL=5,2E99FD1AE65F3E992CF42035560BF425A73FB7EBE531C5BCF1DC598E884F2059,3357993289157394073,True,True,True
789,18,4,5,CICIoT2023_LOCAL_TRAIN_RNG_V1|PREATTACK_IDENTITY_SHA256=81057E395366BA10088F4455897446945556325756CA18BBF39B5F5A6A1198E2|EXPERIMENTAL_SEED=789|ROUND=18|CLIENT_ID=4|PARTICIPATION_ORDINAL=5,25F22A23F9F93AED3563AFB73EC970ABB9417ED38F530D7AEF616B44822B475F,2734294257773394669,True,True,True
789,18,26,5,CICIoT2023_LOCAL_TRAIN_RNG_V1|PREATTACK_IDENTITY_SHA256=81057E395366BA10088F4455897446945556325756CA18BBF39B5F5A6A1198E2|EXPERIMENTAL_SEED=789|ROUND=18|CLIENT_ID=26|PARTICIPATION_ORDINAL=5,3AAC9678EB3CF95EFD71141C33EC068061EC3538C34CCFADD990651F360F8E6D,4227919596280936798,True,True,True
789,18,18,5,CICIoT2023_LOCAL_TRAIN_RNG_V1|PREATTACK_IDENTITY_SHA256=81057E395366BA10088F4455897446945556325756CA18BBF39B5F5A6A1198E2|EXPERIMENTAL_SEED=789|ROUND=18|CLIENT_ID=18|PARTICIPATION_ORDINAL=5,B7527B78639AF995B934F59D437FD426466AC6EB7AA915DD1361795D99C29647,13209756414028478869,True,True,True
789,18,15,5,CICIoT2023_LOCAL_TRAIN_RNG_V1|PREATTACK_IDENTITY_SHA256=81057E395366BA10088F4455897446945556325756CA18BBF39B5F5A6A1198E2|EXPERIMENTAL_SEED=789|ROUND=18|CLIENT_ID=15|PARTICIPATION_ORDINAL=5,1315FEF95ADF79D91B1A02D6FD1AEB35C2502866DEB4AFDCFFE48D75D2946DBD,1375285608156461529,True,True,True
789,18,20,5,CICIoT2023_LOCAL_TRAIN_RNG_V1|PREATTACK_IDENTITY_SHA256=81057E395366BA10088F4455897446945556325756CA18BBF39B5F5A6A1198E2|EXPERIMENTAL_SEED=789|ROUND=18|CLIENT_ID=20|PARTICIPATION_ORDINAL=5,A17FF90C85081A0640735E4176E670189499169F95BFFA7A286350CE381EC9A8,11637293794315475462,True,True,True
789,18,1,5,CICIoT2023_LOCAL_TRAIN_RNG_V1|PREATTACK_IDENTITY_SHA256=81057E395366BA10088F4455897446945556325756CA18BBF39B5F5A6A1198E2|EXPERIMENTAL_SEED=789|ROUND=18|CLIENT_ID=1|PARTICIPATION_ORDINAL=5,C3645B90C64846D90F92AA5EA0F7E67F05AABDF1C9B1A09BD956CF1EDE17617E,14079479012427056857,True,True,True
789,18,21,5,CICIoT2023_LOCAL_TRAIN_RNG_V1|PREATTACK_IDENTITY_SHA256=81057E395366BA10088F4455897446945556325756CA18BBF39B5F5A6A1198E2|EXPERIMENTAL_SEED=789|ROUND=18|CLIENT_ID=21|PARTICIPATION_ORDINAL=5,07E461A4773341F73C3F6669C965993DBA81427F67D99FC13B666730239CC91C,568686811957903863,True,True,True
789,18,8,5,CICIoT2023_LOCAL_TRAIN_RNG_V1|PREATTACK_IDENTITY_SHA256=81057E395366BA10088F4455897446945556325756CA18BBF39B5F5A6A1198E2|EXPERIMENTAL_SEED=789|ROUND=18|CLIENT_ID=8|PARTICIPATION_ORDINAL=5,DA212A5217E450E90E16E7A6708021D7267F0FFDD6D4473DB54B6FB5529FD3F8,15717890706576265449,True,True,True
789,19,29,5,CICIoT2023_LOCAL_TRAIN_RNG_V1|PREATTACK_IDENTITY_SHA256=81057E395366BA10088F4455897446945556325756CA18BBF39B5F5A6A1198E2|EXPERIMENTAL_SEED=789|ROUND=19|CLIENT_ID=29|PARTICIPATION_ORDINAL=5,F65BA2BA5CDE80AD5BAA1A3F946C281589828036A62B67629EB3963C75816FA0,17751961277516644525,True,True,True
789,19,22,5,CICIoT2023_LOCAL_TRAIN_RNG_V1|PREATTACK_IDENTITY_SHA256=81057E395366BA10088F4455897446945556325756CA18BBF39B5F5A6A1198E2|EXPERIMENTAL_SEED=789|ROUND=19|CLIENT_ID=22|PARTICIPATION_ORDINAL=5,DF6001272CD4D1713D56759817F9063C1CD6CDED39CBF0832F14DF69575863A9,16095866335989649777,True,True,True
789,19,14,5,CICIoT2023_LOCAL_TRAIN_RNG_V1|PREATTACK_IDENTITY_SHA256=81057E395366BA10088F4455897446945556325756CA18BBF39B5F5A6A1198E2|EXPERIMENTAL_SEED=789|ROUND=19|CLIENT_ID=14|PARTICIPATION_ORDINAL=5,4A71EFA97EF28895D8F98FF7D88B9CE0A1D0CDBF14B7F13A9A4E2DF3918E11F4,5364332142433306773,True,True,True
789,19,0,5,CICIoT2023_LOCAL_TRAIN_RNG_V1|PREATTACK_IDENTITY_SHA256=81057E395366BA10088F4455897446945556325756CA18BBF39B5F5A6A1198E2|EXPERIMENTAL_SEED=789|ROUND=19|CLIENT_ID=0|PARTICIPATION_ORDINAL=5,14DDBFFB6574BBEF63E53FFA586A65745CD85A0D471C0B7841FD28D20E6C525C,1503568937071459311,True,True,True
789,19,5,5,CICIoT2023_LOCAL_TRAIN_RNG_V1|PREATTACK_IDENTITY_SHA256=81057E395366BA10088F4455897446945556325756CA18BBF39B5F5A6A1198E2|EXPERIMENTAL_SEED=789|ROUND=19|CLIENT_ID=5|PARTICIPATION_ORDINAL=5,5D051CDEAECAEB8A1DB68964691FAABC7B2B34EDFB306C2261F178BAEDA06ADC,6702795363151702922,True,True,True
789,19,27,5,CICIoT2023_LOCAL_TRAIN_RNG_V1|PREATTACK_IDENTITY_SHA256=81057E395366BA10088F4455897446945556325756CA18BBF39B5F5A6A1198E2|EXPERIMENTAL_SEED=789|ROUND=19|CLIENT_ID=27|PARTICIPATION_ORDINAL=5,0699F1C63B39DD14BBAF1729EB1F12C384D656513B0529C57A8B639B4FAE0A7B,475677069363764500,True,True,True
789,19,11,5,CICIoT2023_LOCAL_TRAIN_RNG_V1|PREATTACK_IDENTITY_SHA256=81057E395366BA10088F4455897446945556325756CA18BBF39B5F5A6A1198E2|EXPERIMENTAL_SEED=789|ROUND=19|CLIENT_ID=11|PARTICIPATION_ORDINAL=5,EBE07D8FA7FD264A7578D672A50A3ACBDAE17135A10523277C94DBBB75EBA3CC,16996723049648432714,True,True,True
789,19,23,5,CICIoT2023_LOCAL_TRAIN_RNG_V1|PREATTACK_IDENTITY_SHA256=81057E395366BA10088F4455897446945556325756CA18BBF39B5F5A6A1198E2|EXPERIMENTAL_SEED=789|ROUND=19|CLIENT_ID=23|PARTICIPATION_ORDINAL=5,C1E55C04925AF333697292A7B1AC5CDB45D0E5F3941B9B63C7C62677070BD1A1,13971674593691890483,True,True,True
789,19,6,5,CICIoT2023_LOCAL_TRAIN_RNG_V1|PREATTACK_IDENTITY_SHA256=81057E395366BA10088F4455897446945556325756CA18BBF39B5F5A6A1198E2|EXPERIMENTAL_SEED=789|ROUND=19|CLIENT_ID=6|PARTICIPATION_ORDINAL=5,73B274CB9CB5983775952E485B6C014EB9044178028E1D5E047D15F9AA338610,8336854278072539191,True,True,True
789,20,19,5,CICIoT2023_LOCAL_TRAIN_RNG_V1|PREATTACK_IDENTITY_SHA256=81057E395366BA10088F4455897446945556325756CA18BBF39B5F5A6A1198E2|EXPERIMENTAL_SEED=789|ROUND=20|CLIENT_ID=19|PARTICIPATION_ORDINAL=5,18A46DBDD7F3D22827E0D4F15B5C3E1B436398E850965136BD0F6B18BE1C9743,1775664815230145064,True,True,True
789,20,17,5,CICIoT2023_LOCAL_TRAIN_RNG_V1|PREATTACK_IDENTITY_SHA256=81057E395366BA10088F4455897446945556325756CA18BBF39B5F5A6A1198E2|EXPERIMENTAL_SEED=789|ROUND=20|CLIENT_ID=17|PARTICIPATION_ORDINAL=5,8B7515AF643BE7443F8B9BCC46E2514CF5F712ABD23E2B50EC47C11EB2E51E7C,10048961986592237380,True,True,True
789,20,16,5,CICIoT2023_LOCAL_TRAIN_RNG_V1|PREATTACK_IDENTITY_SHA256=81057E395366BA10088F4455897446945556325756CA18BBF39B5F5A6A1198E2|EXPERIMENTAL_SEED=789|ROUND=20|CLIENT_ID=16|PARTICIPATION_ORDINAL=5,48F6FA567BB0AA577941C31AFDE608115EE471452F68E6DAC97A18E89EB82F67,5257664864350939735,True,True,True
789,20,25,5,CICIoT2023_LOCAL_TRAIN_RNG_V1|PREATTACK_IDENTITY_SHA256=81057E395366BA10088F4455897446945556325756CA18BBF39B5F5A6A1198E2|EXPERIMENTAL_SEED=789|ROUND=20|CLIENT_ID=25|PARTICIPATION_ORDINAL=5,8D93A642060D884AA7BDFEF493DEAA9DC2C2E5A1EBF95E0629DB57E1DA70C88B,10201680383423907914,True,True,True
789,20,24,5,CICIoT2023_LOCAL_TRAIN_RNG_V1|PREATTACK_IDENTITY_SHA256=81057E395366BA10088F4455897446945556325756CA18BBF39B5F5A6A1198E2|EXPERIMENTAL_SEED=789|ROUND=20|CLIENT_ID=24|PARTICIPATION_ORDINAL=5,352D628AFED861F3D62A37C1B888CF7BCB3381FF603F31D00A4D1323CF6A024F,3831827207082762739,True,True,True
789,20,3,5,CICIoT2023_LOCAL_TRAIN_RNG_V1|PREATTACK_IDENTITY_SHA256=81057E395366BA10088F4455897446945556325756CA18BBF39B5F5A6A1198E2|EXPERIMENTAL_SEED=789|ROUND=20|CLIENT_ID=3|PARTICIPATION_ORDINAL=5,98A930483D91DB8F47F5E12A0903A4F6C3B3F2AF89004CB62F3A8F104A913B0C,11000376651657894799,True,True,True
789,20,2,5,CICIoT2023_LOCAL_TRAIN_RNG_V1|PREATTACK_IDENTITY_SHA256=81057E395366BA10088F4455897446945556325756CA18BBF39B5F5A6A1198E2|EXPERIMENTAL_SEED=789|ROUND=20|CLIENT_ID=2|PARTICIPATION_ORDINAL=5,FBC58C63E83E4A47CD8DC6E07371E0A997785C7F023B5F8C32E39858054F0F5A,18142061034657958471,True,True,True
789,20,10,5,CICIoT2023_LOCAL_TRAIN_RNG_V1|PREATTACK_IDENTITY_SHA256=81057E395366BA10088F4455897446945556325756CA18BBF39B5F5A6A1198E2|EXPERIMENTAL_SEED=789|ROUND=20|CLIENT_ID=10|PARTICIPATION_ORDINAL=5,C76792FAC1988F948AF1B99EF269F517E62D3D99C63E6B81632F0911784AAF7E,14368614741836337044,True,True,True
789,20,28,5,CICIoT2023_LOCAL_TRAIN_RNG_V1|PREATTACK_IDENTITY_SHA256=81057E395366BA10088F4455897446945556325756CA18BBF39B5F5A6A1198E2|EXPERIMENTAL_SEED=789|ROUND=20|CLIENT_ID=28|PARTICIPATION_ORDINAL=5,47546C41A099A1BF5C313D90A2901F3165E6C8791A253F76123BBE28F0353458,5139852103859675583,True,True,True
999,1,20,0,CICIoT2023_LOCAL_TRAIN_RNG_V1|PREATTACK_IDENTITY_SHA256=81057E395366BA10088F4455897446945556325756CA18BBF39B5F5A6A1198E2|EXPERIMENTAL_SEED=999|ROUND=1|CLIENT_ID=20|PARTICIPATION_ORDINAL=0,747B1115A3BBBA98DFE99454219476E2D95E0764CF700BEBA5FB80DBABC73843,8393321115174025880,True,True,True
999,1,15,0,CICIoT2023_LOCAL_TRAIN_RNG_V1|PREATTACK_IDENTITY_SHA256=81057E395366BA10088F4455897446945556325756CA18BBF39B5F5A6A1198E2|EXPERIMENTAL_SEED=999|ROUND=1|CLIENT_ID=15|PARTICIPATION_ORDINAL=0,4DC1D6DB6F5FB6E473B987BD08448F5FA49B5E021FDB1CB6063A96538EB097D2,5602995649380333284,True,True,True
999,1,13,0,CICIoT2023_LOCAL_TRAIN_RNG_V1|PREATTACK_IDENTITY_SHA256=81057E395366BA10088F4455897446945556325756CA18BBF39B5F5A6A1198E2|EXPERIMENTAL_SEED=999|ROUND=1|CLIENT_ID=13|PARTICIPATION_ORDINAL=0,5CA965D777BFF9275DBB49C5BAC932422B783CACB2C1A57DDB15F2F2E8E8F582,6676979898654914855,True,True,True
999,1,4,0,CICIoT2023_LOCAL_TRAIN_RNG_V1|PREATTACK_IDENTITY_SHA256=81057E395366BA10088F4455897446945556325756CA18BBF39B5F5A6A1198E2|EXPERIMENTAL_SEED=999|ROUND=1|CLIENT_ID=4|PARTICIPATION_ORDINAL=0,37B7488FF3625398BA70007463303E2D89F62EDE12C07AC62B50AC565CD6FD80,4014757375924917144,True,True,True
999,1,14,0,CICIoT2023_LOCAL_TRAIN_RNG_V1|PREATTACK_IDENTITY_SHA256=81057E395366BA10088F4455897446945556325756CA18BBF39B5F5A6A1198E2|EXPERIMENTAL_SEED=999|ROUND=1|CLIENT_ID=14|PARTICIPATION_ORDINAL=0,2A95E768AE611D04FFDA3FB10D3E5275179B0263D359136F48A908A571BA6D42,3068613157911076100,True,True,True
999,1,17,0,CICIoT2023_LOCAL_TRAIN_RNG_V1|PREATTACK_IDENTITY_SHA256=81057E395366BA10088F4455897446945556325756CA18BBF39B5F5A6A1198E2|EXPERIMENTAL_SEED=999|ROUND=1|CLIENT_ID=17|PARTICIPATION_ORDINAL=0,045C01757C99FE4107846F2A8FA7F9D4773C8153BD27D98BC3D76CB4F9E84FA9,314127678122360385,True,True,True
999,1,5,0,CICIoT2023_LOCAL_TRAIN_RNG_V1|PREATTACK_IDENTITY_SHA256=81057E395366BA10088F4455897446945556325756CA18BBF39B5F5A6A1198E2|EXPERIMENTAL_SEED=999|ROUND=1|CLIENT_ID=5|PARTICIPATION_ORDINAL=0,EBBCDBC0BA0C29CE696BCC38206A69FBEFB843F872B44EEAA69DDB36120F6122,16986693515336231374,True,True,True
999,1,2,0,CICIoT2023_LOCAL_TRAIN_RNG_V1|PREATTACK_IDENTITY_SHA256=81057E395366BA10088F4455897446945556325756CA18BBF39B5F5A6A1198E2|EXPERIMENTAL_SEED=999|ROUND=1|CLIENT_ID=2|PARTICIPATION_ORDINAL=0,566CC51C38C1102B49ABBCC41BA45E7DB4E83101E79CEB53EBF8C260EE3C14D6,6227569109748486187,True,True,True
999,1,26,0,CICIoT2023_LOCAL_TRAIN_RNG_V1|PREATTACK_IDENTITY_SHA256=81057E395366BA10088F4455897446945556325756CA18BBF39B5F5A6A1198E2|EXPERIMENTAL_SEED=999|ROUND=1|CLIENT_ID=26|PARTICIPATION_ORDINAL=0,C4BE78D0841B307CED70321937F31FE16F00AB8545CC0A7A551E933D7230B17D,14176901513973805180,True,True,True
999,2,6,0,CICIoT2023_LOCAL_TRAIN_RNG_V1|PREATTACK_IDENTITY_SHA256=81057E395366BA10088F4455897446945556325756CA18BBF39B5F5A6A1198E2|EXPERIMENTAL_SEED=999|ROUND=2|CLIENT_ID=6|PARTICIPATION_ORDINAL=0,C60EEFF73C95D4728ECED4C38B4238A8F57BEF966B1CC2AB8F73FCA3D2F4CA6C,14271608114336093298,True,True,True
999,2,28,0,CICIoT2023_LOCAL_TRAIN_RNG_V1|PREATTACK_IDENTITY_SHA256=81057E395366BA10088F4455897446945556325756CA18BBF39B5F5A6A1198E2|EXPERIMENTAL_SEED=999|ROUND=2|CLIENT_ID=28|PARTICIPATION_ORDINAL=0,7445BDDDAD5FCF108205DB7A3A638EA8AEA765BECE233AC373F0E170DE4D66A3,8378311441586835216,True,True,True
999,2,23,0,CICIoT2023_LOCAL_TRAIN_RNG_V1|PREATTACK_IDENTITY_SHA256=81057E395366BA10088F4455897446945556325756CA18BBF39B5F5A6A1198E2|EXPERIMENTAL_SEED=999|ROUND=2|CLIENT_ID=23|PARTICIPATION_ORDINAL=0,23D784C9AD0AB406437368865DC3469DA49E9F9A3A147727925B7CA80B1F2C14,2582678913046721542,True,True,True
999,2,25,0,CICIoT2023_LOCAL_TRAIN_RNG_V1|PREATTACK_IDENTITY_SHA256=81057E395366BA10088F4455897446945556325756CA18BBF39B5F5A6A1198E2|EXPERIMENTAL_SEED=999|ROUND=2|CLIENT_ID=25|PARTICIPATION_ORDINAL=0,4F66C627D59113C847792875B1C63D88772261027991164917581751A8E5598F,5721478251009872840,True,True,True
999,2,29,0,CICIoT2023_LOCAL_TRAIN_RNG_V1|PREATTACK_IDENTITY_SHA256=81057E395366BA10088F4455897446945556325756CA18BBF39B5F5A6A1198E2|EXPERIMENTAL_SEED=999|ROUND=2|CLIENT_ID=29|PARTICIPATION_ORDINAL=0,F928720FB2191C64878F99D7A055E149520018AEC488141760EA16574736609E,17953725326250548324,True,True,True
999,2,21,0,CICIoT2023_LOCAL_TRAIN_RNG_V1|PREATTACK_IDENTITY_SHA256=81057E395366BA10088F4455897446945556325756CA18BBF39B5F5A6A1198E2|EXPERIMENTAL_SEED=999|ROUND=2|CLIENT_ID=21|PARTICIPATION_ORDINAL=0,274F88139B69616360BD50F435AD881C22006278842915080088E718AB6206A9,2832632308432462179,True,True,True
999,2,0,0,CICIoT2023_LOCAL_TRAIN_RNG_V1|PREATTACK_IDENTITY_SHA256=81057E395366BA10088F4455897446945556325756CA18BBF39B5F5A6A1198E2|EXPERIMENTAL_SEED=999|ROUND=2|CLIENT_ID=0|PARTICIPATION_ORDINAL=0,C8C381637EC7FB3CE54C53274A92933F805A2FC4351FB75DA10D4FFA3F48068A,14466548692372945724,True,True,True
999,2,11,0,CICIoT2023_LOCAL_TRAIN_RNG_V1|PREATTACK_IDENTITY_SHA256=81057E395366BA10088F4455897446945556325756CA18BBF39B5F5A6A1198E2|EXPERIMENTAL_SEED=999|ROUND=2|CLIENT_ID=11|PARTICIPATION_ORDINAL=0,5AAAA1140549564D4535B05A6943D0992C2CE28A1DAB5FA67E849E5706D0DB18,6533211316814435917,True,True,True
999,2,27,0,CICIoT2023_LOCAL_TRAIN_RNG_V1|PREATTACK_IDENTITY_SHA256=81057E395366BA10088F4455897446945556325756CA18BBF39B5F5A6A1198E2|EXPERIMENTAL_SEED=999|ROUND=2|CLIENT_ID=27|PARTICIPATION_ORDINAL=0,34CDF5B3F4AE7512B09231FBE82FF35294E0A6303A3A50105508E1FFDCA2A213,3804967413450962194,True,True,True
999,3,7,0,CICIoT2023_LOCAL_TRAIN_RNG_V1|PREATTACK_IDENTITY_SHA256=81057E395366BA10088F4455897446945556325756CA18BBF39B5F5A6A1198E2|EXPERIMENTAL_SEED=999|ROUND=3|CLIENT_ID=7|PARTICIPATION_ORDINAL=0,5946E83CEAA4226B91C595DA8A20336D79D520E4229F328C59C455C8ECD8269E,6433084466077639275,True,True,True
999,3,8,0,CICIoT2023_LOCAL_TRAIN_RNG_V1|PREATTACK_IDENTITY_SHA256=81057E395366BA10088F4455897446945556325756CA18BBF39B5F5A6A1198E2|EXPERIMENTAL_SEED=999|ROUND=3|CLIENT_ID=8|PARTICIPATION_ORDINAL=0,69349FEE43EA550A0170D67CDA3555A252F08F9792847A0B6BE86720C656F038,7580859918461850890,True,True,True
999,3,3,0,CICIoT2023_LOCAL_TRAIN_RNG_V1|PREATTACK_IDENTITY_SHA256=81057E395366BA10088F4455897446945556325756CA18BBF39B5F5A6A1198E2|EXPERIMENTAL_SEED=999|ROUND=3|CLIENT_ID=3|PARTICIPATION_ORDINAL=0,1DF98E8937AE469EBEFEE932832F41F769BD3BA3FF29F2C9079A2019A2F8EBE6,2159914216296695454,True,True,True
999,3,1,0,CICIoT2023_LOCAL_TRAIN_RNG_V1|PREATTACK_IDENTITY_SHA256=81057E395366BA10088F4455897446945556325756CA18BBF39B5F5A6A1198E2|EXPERIMENTAL_SEED=999|ROUND=3|CLIENT_ID=1|PARTICIPATION_ORDINAL=0,A32AE0DB24A2A9DCC30FEF4519B37EA97ACB2F395D513C0813DD48F11BE24D87,11757457009021200860,True,True,True
999,3,18,0,CICIoT2023_LOCAL_TRAIN_RNG_V1|PREATTACK_IDENTITY_SHA256=81057E395366BA10088F4455897446945556325756CA18BBF39B5F5A6A1198E2|EXPERIMENTAL_SEED=999|ROUND=3|CLIENT_ID=18|PARTICIPATION_ORDINAL=0,E98EAEEB824B371AC21096C786964EDDB5D2184E1112708BE4371589E88D0A6F,16829581184056637210,True,True,True
999,3,24,0,CICIoT2023_LOCAL_TRAIN_RNG_V1|PREATTACK_IDENTITY_SHA256=81057E395366BA10088F4455897446945556325756CA18BBF39B5F5A6A1198E2|EXPERIMENTAL_SEED=999|ROUND=3|CLIENT_ID=24|PARTICIPATION_ORDINAL=0,E2BA308BC1A32D6B3FA8D9D728DE50AAD4B601939C1D5476E71AD6216190B3CD,16337423975047179627,True,True,True
999,3,16,0,CICIoT2023_LOCAL_TRAIN_RNG_V1|PREATTACK_IDENTITY_SHA256=81057E395366BA10088F4455897446945556325756CA18BBF39B5F5A6A1198E2|EXPERIMENTAL_SEED=999|ROUND=3|CLIENT_ID=16|PARTICIPATION_ORDINAL=0,ED479394B95849CCAD696684A4F68F01C9350E0BD4A0591D01A2FEEFE62CD560,17097796777309391308,True,True,True
999,3,9,0,CICIoT2023_LOCAL_TRAIN_RNG_V1|PREATTACK_IDENTITY_SHA256=81057E395366BA10088F4455897446945556325756CA18BBF39B5F5A6A1198E2|EXPERIMENTAL_SEED=999|ROUND=3|CLIENT_ID=9|PARTICIPATION_ORDINAL=0,D7497E2BA1B874880B7E80E6ECD9C8CADF449E02B8D5CE6DB11637AF8E5AA49A,15513069117316297864,True,True,True
999,3,19,0,CICIoT2023_LOCAL_TRAIN_RNG_V1|PREATTACK_IDENTITY_SHA256=81057E395366BA10088F4455897446945556325756CA18BBF39B5F5A6A1198E2|EXPERIMENTAL_SEED=999|ROUND=3|CLIENT_ID=19|PARTICIPATION_ORDINAL=0,7AA8B5C5D162EE4F0584397A26A06A3DE5880FA1A6AC914BBE3E2EDB6D83DCBB,8838514129940704847,True,True,True
999,4,10,0,CICIoT2023_LOCAL_TRAIN_RNG_V1|PREATTACK_IDENTITY_SHA256=81057E395366BA10088F4455897446945556325756CA18BBF39B5F5A6A1198E2|EXPERIMENTAL_SEED=999|ROUND=4|CLIENT_ID=10|PARTICIPATION_ORDINAL=0,7B709606A5347AB301B15F0AD2EB1E8A14FB376ECD4F80B5B74304AE5FD82AF0,8894774219342379699,True,True,True
999,4,12,0,CICIoT2023_LOCAL_TRAIN_RNG_V1|PREATTACK_IDENTITY_SHA256=81057E395366BA10088F4455897446945556325756CA18BBF39B5F5A6A1198E2|EXPERIMENTAL_SEED=999|ROUND=4|CLIENT_ID=12|PARTICIPATION_ORDINAL=0,43D30CA58365671118107C418A5F985A43F8C4497F8E6AC0A02817A7289857F3,4887263925640718097,True,True,True
999,4,22,0,CICIoT2023_LOCAL_TRAIN_RNG_V1|PREATTACK_IDENTITY_SHA256=81057E395366BA10088F4455897446945556325756CA18BBF39B5F5A6A1198E2|EXPERIMENTAL_SEED=999|ROUND=4|CLIENT_ID=22|PARTICIPATION_ORDINAL=0,368CC2AFF08BB496D7D2A885F16F51089C8882BC17F6D7B8116949C96099D531,3930730635698353302,True,True,True
999,4,1,1,CICIoT2023_LOCAL_TRAIN_RNG_V1|PREATTACK_IDENTITY_SHA256=81057E395366BA10088F4455897446945556325756CA18BBF39B5F5A6A1198E2|EXPERIMENTAL_SEED=999|ROUND=4|CLIENT_ID=1|PARTICIPATION_ORDINAL=1,E8F9DD7D7197EE70B2193CC1164335ACA127103721FE82FB6DADFEEDE8424E49,16787692616846667376,True,True,True
999,4,28,1,CICIoT2023_LOCAL_TRAIN_RNG_V1|PREATTACK_IDENTITY_SHA256=81057E395366BA10088F4455897446945556325756CA18BBF39B5F5A6A1198E2|EXPERIMENTAL_SEED=999|ROUND=4|CLIENT_ID=28|PARTICIPATION_ORDINAL=1,630A0169F9838DF5A294FF9A24155F0D18F13767674917C882217FE398174AD7,7136518114191314421,True,True,True
999,4,20,1,CICIoT2023_LOCAL_TRAIN_RNG_V1|PREATTACK_IDENTITY_SHA256=81057E395366BA10088F4455897446945556325756CA18BBF39B5F5A6A1198E2|EXPERIMENTAL_SEED=999|ROUND=4|CLIENT_ID=20|PARTICIPATION_ORDINAL=1,D013A9AF674D47E30D5C88CF791A92227610CC2D96B6BF74AA117915C0775E29,14993514155264002019,True,True,True
999,4,9,1,CICIoT2023_LOCAL_TRAIN_RNG_V1|PREATTACK_IDENTITY_SHA256=81057E395366BA10088F4455897446945556325756CA18BBF39B5F5A6A1198E2|EXPERIMENTAL_SEED=999|ROUND=4|CLIENT_ID=9|PARTICIPATION_ORDINAL=1,21EA96D63DFE996D53C51B4729198DC0C9656067D549D2B9B0D80C12740520B3,2443931594709178733,True,True,True
999,4,5,1,CICIoT2023_LOCAL_TRAIN_RNG_V1|PREATTACK_IDENTITY_SHA256=81057E395366BA10088F4455897446945556325756CA18BBF39B5F5A6A1198E2|EXPERIMENTAL_SEED=999|ROUND=4|CLIENT_ID=5|PARTICIPATION_ORDINAL=1,CF34BDC87876D625046BFAE97F60296901657548CB585D65BAAABAFECEE62171,14930767333352199717,True,True,True
999,4,24,1,CICIoT2023_LOCAL_TRAIN_RNG_V1|PREATTACK_IDENTITY_SHA256=81057E395366BA10088F4455897446945556325756CA18BBF39B5F5A6A1198E2|EXPERIMENTAL_SEED=999|ROUND=4|CLIENT_ID=24|PARTICIPATION_ORDINAL=1,ABFC7CC59B562593FC0CCF31C6F50D600CA1A491EC32397D3E275552CD763B58,12392917462773278099,True,True,True
999,5,12,1,CICIoT2023_LOCAL_TRAIN_RNG_V1|PREATTACK_IDENTITY_SHA256=81057E395366BA10088F4455897446945556325756CA18BBF39B5F5A6A1198E2|EXPERIMENTAL_SEED=999|ROUND=5|CLIENT_ID=12|PARTICIPATION_ORDINAL=1,3E65957BA52CA256734E3D0A0679F7E77FC47C1D4BF3D3F73A4C4FB55376AA1F,4496164161283990102,True,True,True
999,5,23,1,CICIoT2023_LOCAL_TRAIN_RNG_V1|PREATTACK_IDENTITY_SHA256=81057E395366BA10088F4455897446945556325756CA18BBF39B5F5A6A1198E2|EXPERIMENTAL_SEED=999|ROUND=5|CLIENT_ID=23|PARTICIPATION_ORDINAL=1,D6DCB298E2B1B2B019B8264FB8F1DB5E1E7A3A6B6577F7925F79C2AF43412047,15482445988700992176,True,True,True
999,5,7,1,CICIoT2023_LOCAL_TRAIN_RNG_V1|PREATTACK_IDENTITY_SHA256=81057E395366BA10088F4455897446945556325756CA18BBF39B5F5A6A1198E2|EXPERIMENTAL_SEED=999|ROUND=5|CLIENT_ID=7|PARTICIPATION_ORDINAL=1,F2726E39F62F571FACC6BCFCE92F737F1F2E219EBC3160AE149F1FD674D558F0,17470147099746064159,True,True,True
999,5,29,1,CICIoT2023_LOCAL_TRAIN_RNG_V1|PREATTACK_IDENTITY_SHA256=81057E395366BA10088F4455897446945556325756CA18BBF39B5F5A6A1198E2|EXPERIMENTAL_SEED=999|ROUND=5|CLIENT_ID=29|PARTICIPATION_ORDINAL=1,A1183CA06C90686A788EBD1415F0245DC508D0A7AD6E6EC669A4DE1DF89E36C4,11608094699261290602,True,True,True
999,5,10,1,CICIoT2023_LOCAL_TRAIN_RNG_V1|PREATTACK_IDENTITY_SHA256=81057E395366BA10088F4455897446945556325756CA18BBF39B5F5A6A1198E2|EXPERIMENTAL_SEED=999|ROUND=5|CLIENT_ID=10|PARTICIPATION_ORDINAL=1,8989D65684638F2BE3913AF6FBEFC0FC9B49F6D19A6EEE88B78D0868B85A32C0,9910688122082135851,True,True,True
999,5,22,1,CICIoT2023_LOCAL_TRAIN_RNG_V1|PREATTACK_IDENTITY_SHA256=81057E395366BA10088F4455897446945556325756CA18BBF39B5F5A6A1198E2|EXPERIMENTAL_SEED=999|ROUND=5|CLIENT_ID=22|PARTICIPATION_ORDINAL=1,A082486BA40F61EDAE09D8F5EFBFC0CD415B382F469582B5DF662517C2A74E2E,11565886420192027117,True,True,True
999,5,14,1,CICIoT2023_LOCAL_TRAIN_RNG_V1|PREATTACK_IDENTITY_SHA256=81057E395366BA10088F4455897446945556325756CA18BBF39B5F5A6A1198E2|EXPERIMENTAL_SEED=999|ROUND=5|CLIENT_ID=14|PARTICIPATION_ORDINAL=1,944ECF36466180F67EC6D62B8621305F337C610432B3C2B168F4B4CDEB999EDB,10686706797812744438,True,True,True
999,5,15,1,CICIoT2023_LOCAL_TRAIN_RNG_V1|PREATTACK_IDENTITY_SHA256=81057E395366BA10088F4455897446945556325756CA18BBF39B5F5A6A1198E2|EXPERIMENTAL_SEED=999|ROUND=5|CLIENT_ID=15|PARTICIPATION_ORDINAL=1,F87F646A3531DBDEE43FE9C9232E0BB52D80205FC1E5DF59903325006789F9CF,17906141050770152414,True,True,True
999,5,0,1,CICIoT2023_LOCAL_TRAIN_RNG_V1|PREATTACK_IDENTITY_SHA256=81057E395366BA10088F4455897446945556325756CA18BBF39B5F5A6A1198E2|EXPERIMENTAL_SEED=999|ROUND=5|CLIENT_ID=0|PARTICIPATION_ORDINAL=1,BFC972A955A26583BABEB00E4C66965B1CF3CCEF7D1F17B9124C3FA5CA342627,13819703003174823299,True,True,True
999,6,17,1,CICIoT2023_LOCAL_TRAIN_RNG_V1|PREATTACK_IDENTITY_SHA256=81057E395366BA10088F4455897446945556325756CA18BBF39B5F5A6A1198E2|EXPERIMENTAL_SEED=999|ROUND=6|CLIENT_ID=17|PARTICIPATION_ORDINAL=1,A4362E984C07D2757A300DF6D8DF8ED9A10F0DB883FA3046E4FD87F0D2317761,11832696302608044661,True,True,True
999,6,2,1,CICIoT2023_LOCAL_TRAIN_RNG_V1|PREATTACK_IDENTITY_SHA256=81057E395366BA10088F4455897446945556325756CA18BBF39B5F5A6A1198E2|EXPERIMENTAL_SEED=999|ROUND=6|CLIENT_ID=2|PARTICIPATION_ORDINAL=1,0A5F516B38E9F3362E0C36C25E07F284AC97736ACE961BAF5CF6AA4F83ECFFE8,747405584124998454,True,True,True
999,6,3,1,CICIoT2023_LOCAL_TRAIN_RNG_V1|PREATTACK_IDENTITY_SHA256=81057E395366BA10088F4455897446945556325756CA18BBF39B5F5A6A1198E2|EXPERIMENTAL_SEED=999|ROUND=6|CLIENT_ID=3|PARTICIPATION_ORDINAL=1,7BFD2A5A4A9AC7B8ABA8C140E7D4129CFD162A3F3377BF8CE134C945085BB0F9,8934343803060012984,True,True,True
999,6,16,1,CICIoT2023_LOCAL_TRAIN_RNG_V1|PREATTACK_IDENTITY_SHA256=81057E395366BA10088F4455897446945556325756CA18BBF39B5F5A6A1198E2|EXPERIMENTAL_SEED=999|ROUND=6|CLIENT_ID=16|PARTICIPATION_ORDINAL=1,253FB785E86EC1212AD6CFD50587CC2F89FF217007AF3C9AE1F435139359DB0A,2684065688694210849,True,True,True
999,6,6,1,CICIoT2023_LOCAL_TRAIN_RNG_V1|PREATTACK_IDENTITY_SHA256=81057E395366BA10088F4455897446945556325756CA18BBF39B5F5A6A1198E2|EXPERIMENTAL_SEED=999|ROUND=6|CLIENT_ID=6|PARTICIPATION_ORDINAL=1,FF24F191264785875293479C94A67AD77489E4C1AD1A4AF804EF8C8FC3621A07,18385085184547980679,True,True,True
999,6,27,1,CICIoT2023_LOCAL_TRAIN_RNG_V1|PREATTACK_IDENTITY_SHA256=81057E395366BA10088F4455897446945556325756CA18BBF39B5F5A6A1198E2|EXPERIMENTAL_SEED=999|ROUND=6|CLIENT_ID=27|PARTICIPATION_ORDINAL=1,0DCBAFCE74A698FB14E8B3E9607A8626344F557CFF70492570AF894104063DE6,994081444020525307,True,True,True
999,6,8,1,CICIoT2023_LOCAL_TRAIN_RNG_V1|PREATTACK_IDENTITY_SHA256=81057E395366BA10088F4455897446945556325756CA18BBF39B5F5A6A1198E2|EXPERIMENTAL_SEED=999|ROUND=6|CLIENT_ID=8|PARTICIPATION_ORDINAL=1,06800326B3CA56BEB0016FE4F19FDDD0CF01728C61CCC351E683CBB44FFC1458,468377826006554302,True,True,True
999,6,18,1,CICIoT2023_LOCAL_TRAIN_RNG_V1|PREATTACK_IDENTITY_SHA256=81057E395366BA10088F4455897446945556325756CA18BBF39B5F5A6A1198E2|EXPERIMENTAL_SEED=999|ROUND=6|CLIENT_ID=18|PARTICIPATION_ORDINAL=1,B1ACA23872D579D38F57D6065D524A7A32182F3BAC3272E19080B136F766F5A9,12802786204035938771,True,True,True
999,6,11,1,CICIoT2023_LOCAL_TRAIN_RNG_V1|PREATTACK_IDENTITY_SHA256=81057E395366BA10088F4455897446945556325756CA18BBF39B5F5A6A1198E2|EXPERIMENTAL_SEED=999|ROUND=6|CLIENT_ID=11|PARTICIPATION_ORDINAL=1,FDB3024A38F09B7883877ECA997BA5A86886F949CBC7A78C863CD0C6FB555E63,18280957830233103224,True,True,True
999,7,13,1,CICIoT2023_LOCAL_TRAIN_RNG_V1|PREATTACK_IDENTITY_SHA256=81057E395366BA10088F4455897446945556325756CA18BBF39B5F5A6A1198E2|EXPERIMENTAL_SEED=999|ROUND=7|CLIENT_ID=13|PARTICIPATION_ORDINAL=1,DBA922BA06B21D19835AA07A5768F458629CA45B151B7FD79C02E461373748B2,15828220547741916441,True,True,True
999,7,4,1,CICIoT2023_LOCAL_TRAIN_RNG_V1|PREATTACK_IDENTITY_SHA256=81057E395366BA10088F4455897446945556325756CA18BBF39B5F5A6A1198E2|EXPERIMENTAL_SEED=999|ROUND=7|CLIENT_ID=4|PARTICIPATION_ORDINAL=1,A16E9B609BF132F679A3263C34ADDEE3543E8AFAAC4FD1A9AD7C25D7CE2D8AF1,11632405726780011254,True,True,True
999,7,25,1,CICIoT2023_LOCAL_TRAIN_RNG_V1|PREATTACK_IDENTITY_SHA256=81057E395366BA10088F4455897446945556325756CA18BBF39B5F5A6A1198E2|EXPERIMENTAL_SEED=999|ROUND=7|CLIENT_ID=25|PARTICIPATION_ORDINAL=1,8FDF7A1679A7440BEA0363F6F7D02E75BF81868FEB195522728CA9B9EE69970C,10367139104179045387,True,True,True
999,7,19,1,CICIoT2023_LOCAL_TRAIN_RNG_V1|PREATTACK_IDENTITY_SHA256=81057E395366BA10088F4455897446945556325756CA18BBF39B5F5A6A1198E2|EXPERIMENTAL_SEED=999|ROUND=7|CLIENT_ID=19|PARTICIPATION_ORDINAL=1,3A1CA782F81C707AAB1BF19E9AEE2EE8B8186A48EFC0B8657781100631D9BB0A,4187405934497919098,True,True,True
999,7,21,1,CICIoT2023_LOCAL_TRAIN_RNG_V1|PREATTACK_IDENTITY_SHA256=81057E395366BA10088F4455897446945556325756CA18BBF39B5F5A6A1198E2|EXPERIMENTAL_SEED=999|ROUND=7|CLIENT_ID=21|PARTICIPATION_ORDINAL=1,27C05820095996D0FEB71607181320CFBEB43038F719AA1F47D6A058893A58C7,2864386257626699472,True,True,True
999,7,26,1,CICIoT2023_LOCAL_TRAIN_RNG_V1|PREATTACK_IDENTITY_SHA256=81057E395366BA10088F4455897446945556325756CA18BBF39B5F5A6A1198E2|EXPERIMENTAL_SEED=999|ROUND=7|CLIENT_ID=26|PARTICIPATION_ORDINAL=1,53750D19B08646C7A66B8000C16D6BC40D02C05FCF72D75992E7E027FCD3EABE,6013727281410098887,True,True,True
999,7,10,2,CICIoT2023_LOCAL_TRAIN_RNG_V1|PREATTACK_IDENTITY_SHA256=81057E395366BA10088F4455897446945556325756CA18BBF39B5F5A6A1198E2|EXPERIMENTAL_SEED=999|ROUND=7|CLIENT_ID=10|PARTICIPATION_ORDINAL=2,595FDB6E1BC4A254D49898C1F6866A9211C4D93E5198A548045F55F87F6E0379,6440107258121855572,True,True,True
999,7,22,2,CICIoT2023_LOCAL_TRAIN_RNG_V1|PREATTACK_IDENTITY_SHA256=81057E395366BA10088F4455897446945556325756CA18BBF39B5F5A6A1198E2|EXPERIMENTAL_SEED=999|ROUND=7|CLIENT_ID=22|PARTICIPATION_ORDINAL=2,0D30BDFD53DC208F7BCF1C617B7A8CE7BBEB7D74BF141C6D31664595319236EB,950468417106485391,True,True,True
999,7,11,2,CICIoT2023_LOCAL_TRAIN_RNG_V1|PREATTACK_IDENTITY_SHA256=81057E395366BA10088F4455897446945556325756CA18BBF39B5F5A6A1198E2|EXPERIMENTAL_SEED=999|ROUND=7|CLIENT_ID=11|PARTICIPATION_ORDINAL=2,462C43C3B88C417B6B249BDFF5F2F2455EB6ED7A412DD270BA05964D3A7A7D88,5056490989524107643,True,True,True
999,8,0,2,CICIoT2023_LOCAL_TRAIN_RNG_V1|PREATTACK_IDENTITY_SHA256=81057E395366BA10088F4455897446945556325756CA18BBF39B5F5A6A1198E2|EXPERIMENTAL_SEED=999|ROUND=8|CLIENT_ID=0|PARTICIPATION_ORDINAL=2,56B85AD5471DC6AF06511655F7BF421A7E11034247E226EA4AF6B2A600CF592A,6248844355044230831,True,True,True
999,8,14,2,CICIoT2023_LOCAL_TRAIN_RNG_V1|PREATTACK_IDENTITY_SHA256=81057E395366BA10088F4455897446945556325756CA18BBF39B5F5A6A1198E2|EXPERIMENTAL_SEED=999|ROUND=8|CLIENT_ID=14|PARTICIPATION_ORDINAL=2,FEB369E7818DC81793A87C14CD2716D024AF665E8882170D17B6058828BA2094,18353129349496817687,True,True,True
999,8,13,2,CICIoT2023_LOCAL_TRAIN_RNG_V1|PREATTACK_IDENTITY_SHA256=81057E395366BA10088F4455897446945556325756CA18BBF39B5F5A6A1198E2|EXPERIMENTAL_SEED=999|ROUND=8|CLIENT_ID=13|PARTICIPATION_ORDINAL=2,21A493765D31BA77719FD87A771AB2A5119EC62743A97EA8EDB43E87C9BE1433,2424224636011133559,True,True,True
999,8,18,2,CICIoT2023_LOCAL_TRAIN_RNG_V1|PREATTACK_IDENTITY_SHA256=81057E395366BA10088F4455897446945556325756CA18BBF39B5F5A6A1198E2|EXPERIMENTAL_SEED=999|ROUND=8|CLIENT_ID=18|PARTICIPATION_ORDINAL=2,049608D1C3B6B69157576E8883755FD33EB75FFAD462BC3D8061013717865129,330461319683028625,True,True,True
999,8,26,2,CICIoT2023_LOCAL_TRAIN_RNG_V1|PREATTACK_IDENTITY_SHA256=81057E395366BA10088F4455897446945556325756CA18BBF39B5F5A6A1198E2|EXPERIMENTAL_SEED=999|ROUND=8|CLIENT_ID=26|PARTICIPATION_ORDINAL=2,D157CF50831C43083846635A2349811A8AFD1D9BC7F018029F648A868A220946,15084753421604766472,True,True,True
999,8,1,2,CICIoT2023_LOCAL_TRAIN_RNG_V1|PREATTACK_IDENTITY_SHA256=81057E395366BA10088F4455897446945556325756CA18BBF39B5F5A6A1198E2|EXPERIMENTAL_SEED=999|ROUND=8|CLIENT_ID=1|PARTICIPATION_ORDINAL=2,AA5F03062C2D65925F60EDCDFA888F2E520938AFC535FE11D7B6BDDF584861A2,12276534434281121170,True,True,True
999,8,29,2,CICIoT2023_LOCAL_TRAIN_RNG_V1|PREATTACK_IDENTITY_SHA256=81057E395366BA10088F4455897446945556325756CA18BBF39B5F5A6A1198E2|EXPERIMENTAL_SEED=999|ROUND=8|CLIENT_ID=29|PARTICIPATION_ORDINAL=2,285ED91CA536FE832AB4935F0CA63BB6B1FFB67128B59629E0FCA12A238E8C1A,2909001126382075523,True,True,True
999,8,28,2,CICIoT2023_LOCAL_TRAIN_RNG_V1|PREATTACK_IDENTITY_SHA256=81057E395366BA10088F4455897446945556325756CA18BBF39B5F5A6A1198E2|EXPERIMENTAL_SEED=999|ROUND=8|CLIENT_ID=28|PARTICIPATION_ORDINAL=2,A79334B3784BF4414A606FF01FCEDDD61167C129881CC615FE10AEE54A8030E8,12075052971332465729,True,True,True
999,8,24,2,CICIoT2023_LOCAL_TRAIN_RNG_V1|PREATTACK_IDENTITY_SHA256=81057E395366BA10088F4455897446945556325756CA18BBF39B5F5A6A1198E2|EXPERIMENTAL_SEED=999|ROUND=8|CLIENT_ID=24|PARTICIPATION_ORDINAL=2,D428DAB4AEC2F80398AF31F3EB5BC850B936F0F624D6E04A81AB318C4BD8B19A,15287709404670130179,True,True,True
999,9,9,2,CICIoT2023_LOCAL_TRAIN_RNG_V1|PREATTACK_IDENTITY_SHA256=81057E395366BA10088F4455897446945556325756CA18BBF39B5F5A6A1198E2|EXPERIMENTAL_SEED=999|ROUND=9|CLIENT_ID=9|PARTICIPATION_ORDINAL=2,D9D7C09D2E1027BD5F17DC5D16A5FDE8C28EC0C3125A6863201C0142D90F869B,15697226807538362301,True,True,True
999,9,5,2,CICIoT2023_LOCAL_TRAIN_RNG_V1|PREATTACK_IDENTITY_SHA256=81057E395366BA10088F4455897446945556325756CA18BBF39B5F5A6A1198E2|EXPERIMENTAL_SEED=999|ROUND=9|CLIENT_ID=5|PARTICIPATION_ORDINAL=2,247FDF332D1A2F6264ABEFD02672D1138598394F23EBF81CD2C5E312E1089AAA,2630066118300675938,True,True,True
999,9,17,2,CICIoT2023_LOCAL_TRAIN_RNG_V1|PREATTACK_IDENTITY_SHA256=81057E395366BA10088F4455897446945556325756CA18BBF39B5F5A6A1198E2|EXPERIMENTAL_SEED=999|ROUND=9|CLIENT_ID=17|PARTICIPATION_ORDINAL=2,1ED33DD358DE505570CE7229BE12136F39781AD31CF3B8A43D2376849E6D148E,2221187019162144853,True,True,True
999,9,25,2,CICIoT2023_LOCAL_TRAIN_RNG_V1|PREATTACK_IDENTITY_SHA256=81057E395366BA10088F4455897446945556325756CA18BBF39B5F5A6A1198E2|EXPERIMENTAL_SEED=999|ROUND=9|CLIENT_ID=25|PARTICIPATION_ORDINAL=2,A3324729F076F5D5EFD88AA6EFE793F8850C4C92812A6C2117D9BF629FEF233B,11759539822471345621,True,True,True
999,9,23,2,CICIoT2023_LOCAL_TRAIN_RNG_V1|PREATTACK_IDENTITY_SHA256=81057E395366BA10088F4455897446945556325756CA18BBF39B5F5A6A1198E2|EXPERIMENTAL_SEED=999|ROUND=9|CLIENT_ID=23|PARTICIPATION_ORDINAL=2,FC980F65090F2218208FEB075001F8B56D0CC2E2D0B010DEAE23F34932B6860B,18201314820635959832,True,True,True
999,9,2,2,CICIoT2023_LOCAL_TRAIN_RNG_V1|PREATTACK_IDENTITY_SHA256=81057E395366BA10088F4455897446945556325756CA18BBF39B5F5A6A1198E2|EXPERIMENTAL_SEED=999|ROUND=9|CLIENT_ID=2|PARTICIPATION_ORDINAL=2,A97D446BE13EFA12F9C0BA92D6D8D54817F5A84173C4D47C4223DB61AE2A94C0,12212992994629843474,True,True,True
999,9,7,2,CICIoT2023_LOCAL_TRAIN_RNG_V1|PREATTACK_IDENTITY_SHA256=81057E395366BA10088F4455897446945556325756CA18BBF39B5F5A6A1198E2|EXPERIMENTAL_SEED=999|ROUND=9|CLIENT_ID=7|PARTICIPATION_ORDINAL=2,398C10065093FDEF6D765AE48D26C31501F692701405844B75BA4645C73AA041,4146706976209108463,True,True,True
999,9,12,2,CICIoT2023_LOCAL_TRAIN_RNG_V1|PREATTACK_IDENTITY_SHA256=81057E395366BA10088F4455897446945556325756CA18BBF39B5F5A6A1198E2|EXPERIMENTAL_SEED=999|ROUND=9|CLIENT_ID=12|PARTICIPATION_ORDINAL=2,8BA8EDBDC47D16E37505960A891CE96DA7FF63811ED1D7B050A1C0B27B5417C3,10063554766660507363,True,True,True
999,9,20,2,CICIoT2023_LOCAL_TRAIN_RNG_V1|PREATTACK_IDENTITY_SHA256=81057E395366BA10088F4455897446945556325756CA18BBF39B5F5A6A1198E2|EXPERIMENTAL_SEED=999|ROUND=9|CLIENT_ID=20|PARTICIPATION_ORDINAL=2,E30C1376DF5730C6F6E464077A3BDDAB6682CE5478142980B623CC53CCF29562,16360472947604271302,True,True,True
999,10,15,2,CICIoT2023_LOCAL_TRAIN_RNG_V1|PREATTACK_IDENTITY_SHA256=81057E395366BA10088F4455897446945556325756CA18BBF39B5F5A6A1198E2|EXPERIMENTAL_SEED=999|ROUND=10|CLIENT_ID=15|PARTICIPATION_ORDINAL=2,9D741D0E63D2FA586DDD019C3AFD1B748532E62D0C5E0F966FE1D38DCAC053CE,11345725308894640728,True,True,True
999,10,4,2,CICIoT2023_LOCAL_TRAIN_RNG_V1|PREATTACK_IDENTITY_SHA256=81057E395366BA10088F4455897446945556325756CA18BBF39B5F5A6A1198E2|EXPERIMENTAL_SEED=999|ROUND=10|CLIENT_ID=4|PARTICIPATION_ORDINAL=2,BAB1E870CD63069A61CA727C4894D19C0D3C190208339C9A798EAAB7A5A4576C,13452789133112182426,True,True,True
999,10,27,2,CICIoT2023_LOCAL_TRAIN_RNG_V1|PREATTACK_IDENTITY_SHA256=81057E395366BA10088F4455897446945556325756CA18BBF39B5F5A6A1198E2|EXPERIMENTAL_SEED=999|ROUND=10|CLIENT_ID=27|PARTICIPATION_ORDINAL=2,E9E0DB162A021BD101A0E3FE38837B9C7555945FEEDB86C15BC72A37CD197E5C,16852710693860940753,True,True,True
999,10,8,2,CICIoT2023_LOCAL_TRAIN_RNG_V1|PREATTACK_IDENTITY_SHA256=81057E395366BA10088F4455897446945556325756CA18BBF39B5F5A6A1198E2|EXPERIMENTAL_SEED=999|ROUND=10|CLIENT_ID=8|PARTICIPATION_ORDINAL=2,4910B68DB3EE651E4BF9C809975316EB96B414F05CEC632B816EFAD1BBC99609,5264908684121498910,True,True,True
999,10,6,2,CICIoT2023_LOCAL_TRAIN_RNG_V1|PREATTACK_IDENTITY_SHA256=81057E395366BA10088F4455897446945556325756CA18BBF39B5F5A6A1198E2|EXPERIMENTAL_SEED=999|ROUND=10|CLIENT_ID=6|PARTICIPATION_ORDINAL=2,7FF0F3C2E327781BAC8AF0AC6FDBCDDDE525490B94A13A02E479F1BC58EE006E,9219136455587624987,True,True,True
999,10,19,2,CICIoT2023_LOCAL_TRAIN_RNG_V1|PREATTACK_IDENTITY_SHA256=81057E395366BA10088F4455897446945556325756CA18BBF39B5F5A6A1198E2|EXPERIMENTAL_SEED=999|ROUND=10|CLIENT_ID=19|PARTICIPATION_ORDINAL=2,3B30BA0B7359C590954C36CF0656B4A21A6DE95EDAE70F480E039781358400B9,4265113405462529424,True,True,True
999,10,21,2,CICIoT2023_LOCAL_TRAIN_RNG_V1|PREATTACK_IDENTITY_SHA256=81057E395366BA10088F4455897446945556325756CA18BBF39B5F5A6A1198E2|EXPERIMENTAL_SEED=999|ROUND=10|CLIENT_ID=21|PARTICIPATION_ORDINAL=2,141A93C02AF325019579560BDAA0B1B7B3DC56E0DA56D968A9AE656544504D93,1448632683716617473,True,True,True
999,10,3,2,CICIoT2023_LOCAL_TRAIN_RNG_V1|PREATTACK_IDENTITY_SHA256=81057E395366BA10088F4455897446945556325756CA18BBF39B5F5A6A1198E2|EXPERIMENTAL_SEED=999|ROUND=10|CLIENT_ID=3|PARTICIPATION_ORDINAL=2,93835BA8056288715AFC551E21BA979AF7D0C12EB0BC9DD95EF77A1ADF11A06A,10629440322727479409,True,True,True
999,10,16,2,CICIoT2023_LOCAL_TRAIN_RNG_V1|PREATTACK_IDENTITY_SHA256=81057E395366BA10088F4455897446945556325756CA18BBF39B5F5A6A1198E2|EXPERIMENTAL_SEED=999|ROUND=10|CLIENT_ID=16|PARTICIPATION_ORDINAL=2,1BCC422F7A08BC30967A1CDFC10B6787A7F69A13A57BD638300A40FD690D3E5A,2003048705951317040,True,True,True
999,11,18,3,CICIoT2023_LOCAL_TRAIN_RNG_V1|PREATTACK_IDENTITY_SHA256=81057E395366BA10088F4455897446945556325756CA18BBF39B5F5A6A1198E2|EXPERIMENTAL_SEED=999|ROUND=11|CLIENT_ID=18|PARTICIPATION_ORDINAL=3,A4832D274ADB9B29385D1BC11777B919463F15982A42813DA0CDADBC0CAAF48E,11854368290952157993,True,True,True
999,11,14,3,CICIoT2023_LOCAL_TRAIN_RNG_V1|PREATTACK_IDENTITY_SHA256=81057E395366BA10088F4455897446945556325756CA18BBF39B5F5A6A1198E2|EXPERIMENTAL_SEED=999|ROUND=11|CLIENT_ID=14|PARTICIPATION_ORDINAL=3,089DBCADE4ECB4200E5080DB09F80117AD4E9EF182BD27614BA601CF5AF868F0,620859778703078432,True,True,True
999,11,19,3,CICIoT2023_LOCAL_TRAIN_RNG_V1|PREATTACK_IDENTITY_SHA256=81057E395366BA10088F4455897446945556325756CA18BBF39B5F5A6A1198E2|EXPERIMENTAL_SEED=999|ROUND=11|CLIENT_ID=19|PARTICIPATION_ORDINAL=3,71889DB404454B2B8A2B64AD71278452EEDB48CEBCFB22A182D5B782CEF4E23E,8180962119609830187,True,True,True
999,11,8,3,CICIoT2023_LOCAL_TRAIN_RNG_V1|PREATTACK_IDENTITY_SHA256=81057E395366BA10088F4455897446945556325756CA18BBF39B5F5A6A1198E2|EXPERIMENTAL_SEED=999|ROUND=11|CLIENT_ID=8|PARTICIPATION_ORDINAL=3,54FFA148AC91EECD087D25DC5700B1727F637AEF085F5F1521AD90F9CE4B9A1E,6124791351752126157,True,True,True
999,11,10,3,CICIoT2023_LOCAL_TRAIN_RNG_V1|PREATTACK_IDENTITY_SHA256=81057E395366BA10088F4455897446945556325756CA18BBF39B5F5A6A1198E2|EXPERIMENTAL_SEED=999|ROUND=11|CLIENT_ID=10|PARTICIPATION_ORDINAL=3,9C49BBC886A3F88E1075D40A6A0BBF565FDE437F1EA76B816CB93AC9FAF4E5DE,11261738813143382158,True,True,True
999,11,22,3,CICIoT2023_LOCAL_TRAIN_RNG_V1|PREATTACK_IDENTITY_SHA256=81057E395366BA10088F4455897446945556325756CA18BBF39B5F5A6A1198E2|EXPERIMENTAL_SEED=999|ROUND=11|CLIENT_ID=22|PARTICIPATION_ORDINAL=3,B750FF121FF069A8A40852BEFAD71B5B58CD9764A708573211BC7875200864F8,13209338160388008360,True,True,True
999,11,6,3,CICIoT2023_LOCAL_TRAIN_RNG_V1|PREATTACK_IDENTITY_SHA256=81057E395366BA10088F4455897446945556325756CA18BBF39B5F5A6A1198E2|EXPERIMENTAL_SEED=999|ROUND=11|CLIENT_ID=6|PARTICIPATION_ORDINAL=3,91CE0895F86571DFCD974D9A95F10C4CD2CC471D3AE2EFB65F32B195263D710A,10506344420912493023,True,True,True
999,11,29,3,CICIoT2023_LOCAL_TRAIN_RNG_V1|PREATTACK_IDENTITY_SHA256=81057E395366BA10088F4455897446945556325756CA18BBF39B5F5A6A1198E2|EXPERIMENTAL_SEED=999|ROUND=11|CLIENT_ID=29|PARTICIPATION_ORDINAL=3,F9D9C67E40C4E321A3AFD1FC9C0545E8CD3179902A887763BE4A5517C6C0327C,18003639230945092385,True,True,True
999,11,20,3,CICIoT2023_LOCAL_TRAIN_RNG_V1|PREATTACK_IDENTITY_SHA256=81057E395366BA10088F4455897446945556325756CA18BBF39B5F5A6A1198E2|EXPERIMENTAL_SEED=999|ROUND=11|CLIENT_ID=20|PARTICIPATION_ORDINAL=3,1F58E4B925F7F21E418A1B7C3741B6047EB34F421E91208F945B9B0F1D6147CA,2258806696983392798,True,True,True
999,12,7,3,CICIoT2023_LOCAL_TRAIN_RNG_V1|PREATTACK_IDENTITY_SHA256=81057E395366BA10088F4455897446945556325756CA18BBF39B5F5A6A1198E2|EXPERIMENTAL_SEED=999|ROUND=12|CLIENT_ID=7|PARTICIPATION_ORDINAL=3,A0F34664A7BC7332EA78A29521CD8973B72C81B8A993BCA2E08F62BA8F0C6DA7,11597690863533978418,True,True,True
999,12,2,3,CICIoT2023_LOCAL_TRAIN_RNG_V1|PREATTACK_IDENTITY_SHA256=81057E395366BA10088F4455897446945556325756CA18BBF39B5F5A6A1198E2|EXPERIMENTAL_SEED=999|ROUND=12|CLIENT_ID=2|PARTICIPATION_ORDINAL=3,3F3BDFD12D3B8C6FD2198201997BB64B468E44CD876CD64EFEDBC50C4FA70EA4,4556481537515424879,True,True,True
999,12,13,3,CICIoT2023_LOCAL_TRAIN_RNG_V1|PREATTACK_IDENTITY_SHA256=81057E395366BA10088F4455897446945556325756CA18BBF39B5F5A6A1198E2|EXPERIMENTAL_SEED=999|ROUND=12|CLIENT_ID=13|PARTICIPATION_ORDINAL=3,5EEADF4C40642D5E9BC03DDEFFE282FB500F20B90158A456AC336E722FC04472,6839524502706335070,True,True,True
999,12,12,3,CICIoT2023_LOCAL_TRAIN_RNG_V1|PREATTACK_IDENTITY_SHA256=81057E395366BA10088F4455897446945556325756CA18BBF39B5F5A6A1198E2|EXPERIMENTAL_SEED=999|ROUND=12|CLIENT_ID=12|PARTICIPATION_ORDINAL=3,A9D7E49A9AA564433C828FE08D5C38A6D23F431A6FB217473A186E2F7F10563F,12238501865073239107,True,True,True
999,12,4,3,CICIoT2023_LOCAL_TRAIN_RNG_V1|PREATTACK_IDENTITY_SHA256=81057E395366BA10088F4455897446945556325756CA18BBF39B5F5A6A1198E2|EXPERIMENTAL_SEED=999|ROUND=12|CLIENT_ID=4|PARTICIPATION_ORDINAL=3,FE15C4F7933A8BF4893F88FE8903A9A19324395DAA32FCD8AB1DB2312F92E385,18308756427750673396,True,True,True
999,12,24,3,CICIoT2023_LOCAL_TRAIN_RNG_V1|PREATTACK_IDENTITY_SHA256=81057E395366BA10088F4455897446945556325756CA18BBF39B5F5A6A1198E2|EXPERIMENTAL_SEED=999|ROUND=12|CLIENT_ID=24|PARTICIPATION_ORDINAL=3,9F446110101F9E831C88A05CEF871450C6C8868C6439E5014FAFCC3FBDA10CB7,11476404472064745091,True,True,True
999,12,21,3,CICIoT2023_LOCAL_TRAIN_RNG_V1|PREATTACK_IDENTITY_SHA256=81057E395366BA10088F4455897446945556325756CA18BBF39B5F5A6A1198E2|EXPERIMENTAL_SEED=999|ROUND=12|CLIENT_ID=21|PARTICIPATION_ORDINAL=3,ED979E0A3A1C63CADC4CFCAD68F99EC8C6AF970FB7D88901C8AA997CE13B6E02,17120326275234030538,True,True,True
999,12,25,3,CICIoT2023_LOCAL_TRAIN_RNG_V1|PREATTACK_IDENTITY_SHA256=81057E395366BA10088F4455897446945556325756CA18BBF39B5F5A6A1198E2|EXPERIMENTAL_SEED=999|ROUND=12|CLIENT_ID=25|PARTICIPATION_ORDINAL=3,15F3D534CCD81280F4BE4A0AB4A964C2A5E3092D92D8B197289F8F8C06935D59,1581842316888904320,True,True,True
999,12,16,3,CICIoT2023_LOCAL_TRAIN_RNG_V1|PREATTACK_IDENTITY_SHA256=81057E395366BA10088F4455897446945556325756CA18BBF39B5F5A6A1198E2|EXPERIMENTAL_SEED=999|ROUND=12|CLIENT_ID=16|PARTICIPATION_ORDINAL=3,FE743FE6A82C55799E0C0C69793444BAC0E0F47C3F6528F148343396D1096DEF,18335350242828637561,True,True,True
999,13,28,3,CICIoT2023_LOCAL_TRAIN_RNG_V1|PREATTACK_IDENTITY_SHA256=81057E395366BA10088F4455897446945556325756CA18BBF39B5F5A6A1198E2|EXPERIMENTAL_SEED=999|ROUND=13|CLIENT_ID=28|PARTICIPATION_ORDINAL=3,7D44B5EF1CF498C3224E51F3224688DA47753174BA8E409430FB96D7708B7C7F,9026539591744919747,True,True,True
999,13,5,3,CICIoT2023_LOCAL_TRAIN_RNG_V1|PREATTACK_IDENTITY_SHA256=81057E395366BA10088F4455897446945556325756CA18BBF39B5F5A6A1198E2|EXPERIMENTAL_SEED=999|ROUND=13|CLIENT_ID=5|PARTICIPATION_ORDINAL=3,08F14955C92E1A6EE00855D2C41B4C3CFF528AC6BD72CFB931659173C2970BC5,644376854486981230,True,True,True
999,13,9,3,CICIoT2023_LOCAL_TRAIN_RNG_V1|PREATTACK_IDENTITY_SHA256=81057E395366BA10088F4455897446945556325756CA18BBF39B5F5A6A1198E2|EXPERIMENTAL_SEED=999|ROUND=13|CLIENT_ID=9|PARTICIPATION_ORDINAL=3,59E775554BCCF9501A2FD804F92F88B02D67184103A23FB06F1E500593F7BBC0,6478275598200142160,True,True,True
999,13,26,3,CICIoT2023_LOCAL_TRAIN_RNG_V1|PREATTACK_IDENTITY_SHA256=81057E395366BA10088F4455897446945556325756CA18BBF39B5F5A6A1198E2|EXPERIMENTAL_SEED=999|ROUND=13|CLIENT_ID=26|PARTICIPATION_ORDINAL=3,E9C14E8B4279AB6193F5187B0A2FF18D4B0C3D653E7E436268A4B66FAF243B8B,16843830441365056353,True,True,True
999,13,11,3,CICIoT2023_LOCAL_TRAIN_RNG_V1|PREATTACK_IDENTITY_SHA256=81057E395366BA10088F4455897446945556325756CA18BBF39B5F5A6A1198E2|EXPERIMENTAL_SEED=999|ROUND=13|CLIENT_ID=11|PARTICIPATION_ORDINAL=3,A4D56C00FBA8787BD1B54C4841D3A281D094CF1221CBE8E4B38DA75024466F93,11877518343737473147,True,True,True
999,13,3,3,CICIoT2023_LOCAL_TRAIN_RNG_V1|PREATTACK_IDENTITY_SHA256=81057E395366BA10088F4455897446945556325756CA18BBF39B5F5A6A1198E2|EXPERIMENTAL_SEED=999|ROUND=13|CLIENT_ID=3|PARTICIPATION_ORDINAL=3,5A9883197531F7FB30215A537533B86CB20F1F31CA1CDC39B0F6B19A83448894,6528111805237164027,True,True,True
999,13,27,3,CICIoT2023_LOCAL_TRAIN_RNG_V1|PREATTACK_IDENTITY_SHA256=81057E395366BA10088F4455897446945556325756CA18BBF39B5F5A6A1198E2|EXPERIMENTAL_SEED=999|ROUND=13|CLIENT_ID=27|PARTICIPATION_ORDINAL=3,5746EBF0812325D239EC4A4F71675A658EABFBEB1A31F954997AEBA32A0B7D06,6288973347860719058,True,True,True
999,13,0,3,CICIoT2023_LOCAL_TRAIN_RNG_V1|PREATTACK_IDENTITY_SHA256=81057E395366BA10088F4455897446945556325756CA18BBF39B5F5A6A1198E2|EXPERIMENTAL_SEED=999|ROUND=13|CLIENT_ID=0|PARTICIPATION_ORDINAL=3,58B64BBEFD616289FC1449D36AAF0A423E778F46A831EADD15ACD5190F78B17F,6392380004765885065,True,True,True
999,13,23,3,CICIoT2023_LOCAL_TRAIN_RNG_V1|PREATTACK_IDENTITY_SHA256=81057E395366BA10088F4455897446945556325756CA18BBF39B5F5A6A1198E2|EXPERIMENTAL_SEED=999|ROUND=13|CLIENT_ID=23|PARTICIPATION_ORDINAL=3,3CFE7389EA164D9E1F7458643966C44B0C8F7F55EA1653351D35BAA37BE87F45,4395077322535226782,True,True,True
999,14,17,3,CICIoT2023_LOCAL_TRAIN_RNG_V1|PREATTACK_IDENTITY_SHA256=81057E395366BA10088F4455897446945556325756CA18BBF39B5F5A6A1198E2|EXPERIMENTAL_SEED=999|ROUND=14|CLIENT_ID=17|PARTICIPATION_ORDINAL=3,33E9447F158708EA1A29E95432307C3DC71A229303D2E772129A1B26E318027C,3740596278120614122,True,True,True
999,14,1,3,CICIoT2023_LOCAL_TRAIN_RNG_V1|PREATTACK_IDENTITY_SHA256=81057E395366BA10088F4455897446945556325756CA18BBF39B5F5A6A1198E2|EXPERIMENTAL_SEED=999|ROUND=14|CLIENT_ID=1|PARTICIPATION_ORDINAL=3,A08CEF4D224EED68B1A63E2CFF26F0E0CD1B640FD3315CF11E959E4B5AF11A05,11568884657375079784,True,True,True
999,14,15,3,CICIoT2023_LOCAL_TRAIN_RNG_V1|PREATTACK_IDENTITY_SHA256=81057E395366BA10088F4455897446945556325756CA18BBF39B5F5A6A1198E2|EXPERIMENTAL_SEED=999|ROUND=14|CLIENT_ID=15|PARTICIPATION_ORDINAL=3,E51B5594E464CB4C01BA26DA6CDE253AB008150D9CE6CDE9E03C9AFC842D213B,16508882957032016716,True,True,True
999,14,14,4,CICIoT2023_LOCAL_TRAIN_RNG_V1|PREATTACK_IDENTITY_SHA256=81057E395366BA10088F4455897446945556325756CA18BBF39B5F5A6A1198E2|EXPERIMENTAL_SEED=999|ROUND=14|CLIENT_ID=14|PARTICIPATION_ORDINAL=4,F55AC8FC1C6BFC0B25ED3E86A2D07615039E42F9B1AE47C93FD6DB04C075CBBD,17679664272330456075,True,True,True
999,14,16,4,CICIoT2023_LOCAL_TRAIN_RNG_V1|PREATTACK_IDENTITY_SHA256=81057E395366BA10088F4455897446945556325756CA18BBF39B5F5A6A1198E2|EXPERIMENTAL_SEED=999|ROUND=14|CLIENT_ID=16|PARTICIPATION_ORDINAL=4,CF02DF0D7AAA875D6105D5C382E34952D1485552251C65443EDD204D117E44B6,14916730164790069085,True,True,True
999,14,10,4,CICIoT2023_LOCAL_TRAIN_RNG_V1|PREATTACK_IDENTITY_SHA256=81057E395366BA10088F4455897446945556325756CA18BBF39B5F5A6A1198E2|EXPERIMENTAL_SEED=999|ROUND=14|CLIENT_ID=10|PARTICIPATION_ORDINAL=4,127ACEE2D65C98C41CCD57513F08BA5ACF2D2AA003C8736EF04BE3B6B899B6AC,1331604113495726276,True,True,True
999,14,11,4,CICIoT2023_LOCAL_TRAIN_RNG_V1|PREATTACK_IDENTITY_SHA256=81057E395366BA10088F4455897446945556325756CA18BBF39B5F5A6A1198E2|EXPERIMENTAL_SEED=999|ROUND=14|CLIENT_ID=11|PARTICIPATION_ORDINAL=4,A077E6914A1D9BBD73C4D45BFD27B7F05170ECF4B8A45FBB0F85CBA09BB84989,11562964079985138621,True,True,True
999,14,8,4,CICIoT2023_LOCAL_TRAIN_RNG_V1|PREATTACK_IDENTITY_SHA256=81057E395366BA10088F4455897446945556325756CA18BBF39B5F5A6A1198E2|EXPERIMENTAL_SEED=999|ROUND=14|CLIENT_ID=8|PARTICIPATION_ORDINAL=4,79E7A37CA58C19637A1F1F9DE5A164654340F1D4A692B0D3414F549DC6729836,8784169353958136163,True,True,True
999,14,24,4,CICIoT2023_LOCAL_TRAIN_RNG_V1|PREATTACK_IDENTITY_SHA256=81057E395366BA10088F4455897446945556325756CA18BBF39B5F5A6A1198E2|EXPERIMENTAL_SEED=999|ROUND=14|CLIENT_ID=24|PARTICIPATION_ORDINAL=4,68F6388B5D241C8A20ACA9B5F8D1ED51ABDABE3FA27A881A12423E23B66A8C64,7563294795429584010,True,True,True
999,15,15,4,CICIoT2023_LOCAL_TRAIN_RNG_V1|PREATTACK_IDENTITY_SHA256=81057E395366BA10088F4455897446945556325756CA18BBF39B5F5A6A1198E2|EXPERIMENTAL_SEED=999|ROUND=15|CLIENT_ID=15|PARTICIPATION_ORDINAL=4,49FC8B9CF3701F0EC1769306EF03BADBEE4B6AACDBDFDDD4D6B99132E0E283AE,5331289565115195150,True,True,True
999,15,19,4,CICIoT2023_LOCAL_TRAIN_RNG_V1|PREATTACK_IDENTITY_SHA256=81057E395366BA10088F4455897446945556325756CA18BBF39B5F5A6A1198E2|EXPERIMENTAL_SEED=999|ROUND=15|CLIENT_ID=19|PARTICIPATION_ORDINAL=4,6914F4F0E0BD485850BF9506E4E50F974165473CE32E0E6EAA64F62761BCD048,7571946188916475992,True,True,True
999,15,4,4,CICIoT2023_LOCAL_TRAIN_RNG_V1|PREATTACK_IDENTITY_SHA256=81057E395366BA10088F4455897446945556325756CA18BBF39B5F5A6A1198E2|EXPERIMENTAL_SEED=999|ROUND=15|CLIENT_ID=4|PARTICIPATION_ORDINAL=4,C17DDBEA2CDF085F029DE9A294B03F3205839823A2937BA32CF0DBC611841238,13942541820230568031,True,True,True
999,15,17,4,CICIoT2023_LOCAL_TRAIN_RNG_V1|PREATTACK_IDENTITY_SHA256=81057E395366BA10088F4455897446945556325756CA18BBF39B5F5A6A1198E2|EXPERIMENTAL_SEED=999|ROUND=15|CLIENT_ID=17|PARTICIPATION_ORDINAL=4,215AE90C9CA9736F46477A52748F456FF1C03A3D3772B64CF64A3547007534BF,2403489591532811119,True,True,True
999,15,25,4,CICIoT2023_LOCAL_TRAIN_RNG_V1|PREATTACK_IDENTITY_SHA256=81057E395366BA10088F4455897446945556325756CA18BBF39B5F5A6A1198E2|EXPERIMENTAL_SEED=999|ROUND=15|CLIENT_ID=25|PARTICIPATION_ORDINAL=4,DC044DB141A879BE7EAA1E776D58E047A203A0B711843AE03845388FB62875CD,15853882011957098942,True,True,True
999,15,26,4,CICIoT2023_LOCAL_TRAIN_RNG_V1|PREATTACK_IDENTITY_SHA256=81057E395366BA10088F4455897446945556325756CA18BBF39B5F5A6A1198E2|EXPERIMENTAL_SEED=999|ROUND=15|CLIENT_ID=26|PARTICIPATION_ORDINAL=4,B49F06A24573445D1755968C09C7F5A983E15730EA07F550F1DE43FEED98FEB9,13015128742143673437,True,True,True
999,15,22,4,CICIoT2023_LOCAL_TRAIN_RNG_V1|PREATTACK_IDENTITY_SHA256=81057E395366BA10088F4455897446945556325756CA18BBF39B5F5A6A1198E2|EXPERIMENTAL_SEED=999|ROUND=15|CLIENT_ID=22|PARTICIPATION_ORDINAL=4,4E0A0BB44A1E7E71FF618479DB46435C2EAEA49FC84ADA694A804C065F1857D1,5623319953691016817,True,True,True
999,15,27,4,CICIoT2023_LOCAL_TRAIN_RNG_V1|PREATTACK_IDENTITY_SHA256=81057E395366BA10088F4455897446945556325756CA18BBF39B5F5A6A1198E2|EXPERIMENTAL_SEED=999|ROUND=15|CLIENT_ID=27|PARTICIPATION_ORDINAL=4,DF13FF888B1ADD5B944EFD294ECEB013BA599EC6C26EA22F55044FF5B043E6B1,16074472456929860955,True,True,True
999,15,29,4,CICIoT2023_LOCAL_TRAIN_RNG_V1|PREATTACK_IDENTITY_SHA256=81057E395366BA10088F4455897446945556325756CA18BBF39B5F5A6A1198E2|EXPERIMENTAL_SEED=999|ROUND=15|CLIENT_ID=29|PARTICIPATION_ORDINAL=4,04761FE4535CE13A916EDEE10290DE7A8F15FDA3B5F6E501785CA2EA05BE8A7B,321479488915169594,True,True,True
999,16,20,4,CICIoT2023_LOCAL_TRAIN_RNG_V1|PREATTACK_IDENTITY_SHA256=81057E395366BA10088F4455897446945556325756CA18BBF39B5F5A6A1198E2|EXPERIMENTAL_SEED=999|ROUND=16|CLIENT_ID=20|PARTICIPATION_ORDINAL=4,AF54D6F77970353D38BD3DA8E3C68D552D8F746C86972DD3150F177C466BC5AF,12633959213063746877,True,True,True
999,16,12,4,CICIoT2023_LOCAL_TRAIN_RNG_V1|PREATTACK_IDENTITY_SHA256=81057E395366BA10088F4455897446945556325756CA18BBF39B5F5A6A1198E2|EXPERIMENTAL_SEED=999|ROUND=16|CLIENT_ID=12|PARTICIPATION_ORDINAL=4,58B8A9C396DFC393481574C236A74DC9DB8E1AAFD4C6ECF387B5A03B1A3B0AB9,6393046328567382931,True,True,True
999,16,6,4,CICIoT2023_LOCAL_TRAIN_RNG_V1|PREATTACK_IDENTITY_SHA256=81057E395366BA10088F4455897446945556325756CA18BBF39B5F5A6A1198E2|EXPERIMENTAL_SEED=999|ROUND=16|CLIENT_ID=6|PARTICIPATION_ORDINAL=4,D15ABD507F375C21DCBCCADD237685FD146F1BC929EDB368C2E5336BF9BD3463,15085578055260265505,True,True,True
999,16,2,4,CICIoT2023_LOCAL_TRAIN_RNG_V1|PREATTACK_IDENTITY_SHA256=81057E395366BA10088F4455897446945556325756CA18BBF39B5F5A6A1198E2|EXPERIMENTAL_SEED=999|ROUND=16|CLIENT_ID=2|PARTICIPATION_ORDINAL=4,60A9A0585C1DEBB07826DDFC2D173CA180681EFD3D50D64D39A183E1F31CCB3C,6965274600068213680,True,True,True
999,16,9,4,CICIoT2023_LOCAL_TRAIN_RNG_V1|PREATTACK_IDENTITY_SHA256=81057E395366BA10088F4455897446945556325756CA18BBF39B5F5A6A1198E2|EXPERIMENTAL_SEED=999|ROUND=16|CLIENT_ID=9|PARTICIPATION_ORDINAL=4,C9E53F0E56F8267E738E39D0C81F4DAA8C881B01C333FE1BD303DDABAF0F9358,14548103502111450750,True,True,True
999,16,21,4,CICIoT2023_LOCAL_TRAIN_RNG_V1|PREATTACK_IDENTITY_SHA256=81057E395366BA10088F4455897446945556325756CA18BBF39B5F5A6A1198E2|EXPERIMENTAL_SEED=999|ROUND=16|CLIENT_ID=21|PARTICIPATION_ORDINAL=4,43D56B72D584A0111F76C7953210D2EF46704ADD0472BC7F4A0C7B80570F2F5D,4887931111533223953,True,True,True
999,16,3,4,CICIoT2023_LOCAL_TRAIN_RNG_V1|PREATTACK_IDENTITY_SHA256=81057E395366BA10088F4455897446945556325756CA18BBF39B5F5A6A1198E2|EXPERIMENTAL_SEED=999|ROUND=16|CLIENT_ID=3|PARTICIPATION_ORDINAL=4,D7E47CAB404C6F05208728DA085B434F1EB7F6E6B134A3E2127F4EBA3ED55802,15556696087804538629,True,True,True
999,16,5,4,CICIoT2023_LOCAL_TRAIN_RNG_V1|PREATTACK_IDENTITY_SHA256=81057E395366BA10088F4455897446945556325756CA18BBF39B5F5A6A1198E2|EXPERIMENTAL_SEED=999|ROUND=16|CLIENT_ID=5|PARTICIPATION_ORDINAL=4,CD21CB84858875395DD0E67C2F3202177000118127341AEDD258CA937F9F2881,14781319222043112761,True,True,True
999,16,28,4,CICIoT2023_LOCAL_TRAIN_RNG_V1|PREATTACK_IDENTITY_SHA256=81057E395366BA10088F4455897446945556325756CA18BBF39B5F5A6A1198E2|EXPERIMENTAL_SEED=999|ROUND=16|CLIENT_ID=28|PARTICIPATION_ORDINAL=4,DC1360449128B7CC26C5A02BD89AD603794AC3A2532753D5161B6D12CAE059EC,15858124560511055820,True,True,True
999,17,13,4,CICIoT2023_LOCAL_TRAIN_RNG_V1|PREATTACK_IDENTITY_SHA256=81057E395366BA10088F4455897446945556325756CA18BBF39B5F5A6A1198E2|EXPERIMENTAL_SEED=999|ROUND=17|CLIENT_ID=13|PARTICIPATION_ORDINAL=4,C1D59E58503F1D8E6F7AAD552F40774709DA6B1E78404532419D09758DDE426D,13967243921500085646,True,True,True
999,17,1,4,CICIoT2023_LOCAL_TRAIN_RNG_V1|PREATTACK_IDENTITY_SHA256=81057E395366BA10088F4455897446945556325756CA18BBF39B5F5A6A1198E2|EXPERIMENTAL_SEED=999|ROUND=17|CLIENT_ID=1|PARTICIPATION_ORDINAL=4,451FBA209D8EA89E78E341FE091862DAA088E3316B3AA500608D22512D6C8D26,4980904362140149918,True,True,True
999,17,23,4,CICIoT2023_LOCAL_TRAIN_RNG_V1|PREATTACK_IDENTITY_SHA256=81057E395366BA10088F4455897446945556325756CA18BBF39B5F5A6A1198E2|EXPERIMENTAL_SEED=999|ROUND=17|CLIENT_ID=23|PARTICIPATION_ORDINAL=4,C63BEBEF2474DD1574FBF8A5F983243B79C9F7ACDF29D1043D33377B5288B678,14284270055477009685,True,True,True
999,17,18,4,CICIoT2023_LOCAL_TRAIN_RNG_V1|PREATTACK_IDENTITY_SHA256=81057E395366BA10088F4455897446945556325756CA18BBF39B5F5A6A1198E2|EXPERIMENTAL_SEED=999|ROUND=17|CLIENT_ID=18|PARTICIPATION_ORDINAL=4,CBE1661D9C1B4C798DB5E5165213F9998F5430CE989C8F78B65A5B417EFFAF7A,14691135736818388089,True,True,True
999,17,0,4,CICIoT2023_LOCAL_TRAIN_RNG_V1|PREATTACK_IDENTITY_SHA256=81057E395366BA10088F4455897446945556325756CA18BBF39B5F5A6A1198E2|EXPERIMENTAL_SEED=999|ROUND=17|CLIENT_ID=0|PARTICIPATION_ORDINAL=4,DC0D4C77D7839391C5FBBE7036CA1606ED9A01CB60D12E15EE74774020C6D272,15856413940641928081,True,True,True
999,17,7,4,CICIoT2023_LOCAL_TRAIN_RNG_V1|PREATTACK_IDENTITY_SHA256=81057E395366BA10088F4455897446945556325756CA18BBF39B5F5A6A1198E2|EXPERIMENTAL_SEED=999|ROUND=17|CLIENT_ID=7|PARTICIPATION_ORDINAL=4,9F714F9116CA76A5366E5978C51B06F0C9F5F31478E691ABF859FB07284A7894,11489051608970065573,True,True,True
999,17,15,5,CICIoT2023_LOCAL_TRAIN_RNG_V1|PREATTACK_IDENTITY_SHA256=81057E395366BA10088F4455897446945556325756CA18BBF39B5F5A6A1198E2|EXPERIMENTAL_SEED=999|ROUND=17|CLIENT_ID=15|PARTICIPATION_ORDINAL=5,0D15B1D9E829AF8EB2059433C29548A124B21F4A791A8BD42B58BD8E48BD3C1E,942855246465052558,True,True,True
999,17,21,5,CICIoT2023_LOCAL_TRAIN_RNG_V1|PREATTACK_IDENTITY_SHA256=81057E395366BA10088F4455897446945556325756CA18BBF39B5F5A6A1198E2|EXPERIMENTAL_SEED=999|ROUND=17|CLIENT_ID=21|PARTICIPATION_ORDINAL=5,E0522EC74F3FB2C64B268C4F0A1F37E7A32093C69367FD530C515D488028CA31,16164033446149075654,True,True,True
999,17,9,5,CICIoT2023_LOCAL_TRAIN_RNG_V1|PREATTACK_IDENTITY_SHA256=81057E395366BA10088F4455897446945556325756CA18BBF39B5F5A6A1198E2|EXPERIMENTAL_SEED=999|ROUND=17|CLIENT_ID=9|PARTICIPATION_ORDINAL=5,9316CD23EEFE7F06A32F5424D8A1E5E2CE124D714DA91D9B77B58B790856544F,10598884327280246534,True,True,True
999,18,8,5,CICIoT2023_LOCAL_TRAIN_RNG_V1|PREATTACK_IDENTITY_SHA256=81057E395366BA10088F4455897446945556325756CA18BBF39B5F5A6A1198E2|EXPERIMENTAL_SEED=999|ROUND=18|CLIENT_ID=8|PARTICIPATION_ORDINAL=5,1C5034A3823127F997872895B09263BFCC15E537700ADD87AB59F5604D5B6281,2040188508067407865,True,True,True
999,18,10,5,CICIoT2023_LOCAL_TRAIN_RNG_V1|PREATTACK_IDENTITY_SHA256=81057E395366BA10088F4455897446945556325756CA18BBF39B5F5A6A1198E2|EXPERIMENTAL_SEED=999|ROUND=18|CLIENT_ID=10|PARTICIPATION_ORDINAL=5,191C50E7CF66D4C4C2C8D263ED223D1F7784208C7EFF6F171881291FC4F08754,1809410106843387076,True,True,True
999,18,3,5,CICIoT2023_LOCAL_TRAIN_RNG_V1|PREATTACK_IDENTITY_SHA256=81057E395366BA10088F4455897446945556325756CA18BBF39B5F5A6A1198E2|EXPERIMENTAL_SEED=999|ROUND=18|CLIENT_ID=3|PARTICIPATION_ORDINAL=5,B627E959EB556321D5F683B790609844DBF1ABAE581F26E4DB1B24B4296E7349,13125716211404202785,True,True,True
999,18,23,5,CICIoT2023_LOCAL_TRAIN_RNG_V1|PREATTACK_IDENTITY_SHA256=81057E395366BA10088F4455897446945556325756CA18BBF39B5F5A6A1198E2|EXPERIMENTAL_SEED=999|ROUND=18|CLIENT_ID=23|PARTICIPATION_ORDINAL=5,E35A9B5105E483EB78DA03B11631721993469D99580194210F175F0BB8088F0B,16382577366807118827,True,True,True
999,18,20,5,CICIoT2023_LOCAL_TRAIN_RNG_V1|PREATTACK_IDENTITY_SHA256=81057E395366BA10088F4455897446945556325756CA18BBF39B5F5A6A1198E2|EXPERIMENTAL_SEED=999|ROUND=18|CLIENT_ID=20|PARTICIPATION_ORDINAL=5,8D01AB75CB8479931DEAE78F3AF23E70BEE13E5EFFB01A3CC29C617E5626B695,10160590756738529683,True,True,True
999,18,24,5,CICIoT2023_LOCAL_TRAIN_RNG_V1|PREATTACK_IDENTITY_SHA256=81057E395366BA10088F4455897446945556325756CA18BBF39B5F5A6A1198E2|EXPERIMENTAL_SEED=999|ROUND=18|CLIENT_ID=24|PARTICIPATION_ORDINAL=5,3A785C3E521DCDE048DF00F82F4AFEF30F31E6FF6100D6C80B652BAAE20BB787,4213218874140511712,True,True,True
999,18,7,5,CICIoT2023_LOCAL_TRAIN_RNG_V1|PREATTACK_IDENTITY_SHA256=81057E395366BA10088F4455897446945556325756CA18BBF39B5F5A6A1198E2|EXPERIMENTAL_SEED=999|ROUND=18|CLIENT_ID=7|PARTICIPATION_ORDINAL=5,3BB459B38C344EC84FD52EC76F1DEE7F7661895A5E1AFE841D2903E8B29F2A39,4302162171731922632,True,True,True
999,18,26,5,CICIoT2023_LOCAL_TRAIN_RNG_V1|PREATTACK_IDENTITY_SHA256=81057E395366BA10088F4455897446945556325756CA18BBF39B5F5A6A1198E2|EXPERIMENTAL_SEED=999|ROUND=18|CLIENT_ID=26|PARTICIPATION_ORDINAL=5,F7F799CD70FCA5F78249D69A75258F8D4E99D016C9579653B29D977102DB3902,17867919154258683383,True,True,True
999,18,6,5,CICIoT2023_LOCAL_TRAIN_RNG_V1|PREATTACK_IDENTITY_SHA256=81057E395366BA10088F4455897446945556325756CA18BBF39B5F5A6A1198E2|EXPERIMENTAL_SEED=999|ROUND=18|CLIENT_ID=6|PARTICIPATION_ORDINAL=5,A6420EF5F5ED5E2AD756169D50104726B3CFF0BB107171E2B1BBAC7E6CF514E3,11980154408314691114,True,True,True
999,19,11,5,CICIoT2023_LOCAL_TRAIN_RNG_V1|PREATTACK_IDENTITY_SHA256=81057E395366BA10088F4455897446945556325756CA18BBF39B5F5A6A1198E2|EXPERIMENTAL_SEED=999|ROUND=19|CLIENT_ID=11|PARTICIPATION_ORDINAL=5,A109D34451BA6A27FF01085F4335C188E3514043A266E0F7F8E7E50644779F1A,11604038205279201831,True,True,True
999,19,22,5,CICIoT2023_LOCAL_TRAIN_RNG_V1|PREATTACK_IDENTITY_SHA256=81057E395366BA10088F4455897446945556325756CA18BBF39B5F5A6A1198E2|EXPERIMENTAL_SEED=999|ROUND=19|CLIENT_ID=22|PARTICIPATION_ORDINAL=5,CE8D7FCA26F59CB5C6E4337642B62803C9EA0D0E98FC83B002035220532DC302,14883692849743109301,True,True,True
999,19,18,5,CICIoT2023_LOCAL_TRAIN_RNG_V1|PREATTACK_IDENTITY_SHA256=81057E395366BA10088F4455897446945556325756CA18BBF39B5F5A6A1198E2|EXPERIMENTAL_SEED=999|ROUND=19|CLIENT_ID=18|PARTICIPATION_ORDINAL=5,48E1FF98573C43C7D1B1F35DDB0F45B266B4C9F69692235716C09491ECF1DAC7,5251759670254388167,True,True,True
999,19,28,5,CICIoT2023_LOCAL_TRAIN_RNG_V1|PREATTACK_IDENTITY_SHA256=81057E395366BA10088F4455897446945556325756CA18BBF39B5F5A6A1198E2|EXPERIMENTAL_SEED=999|ROUND=19|CLIENT_ID=28|PARTICIPATION_ORDINAL=5,F21D26851BAD87D5F85B902E61C54A268892DBA07E7A0F28ECC33820F26D4621,17446142884640032725,True,True,True
999,19,16,5,CICIoT2023_LOCAL_TRAIN_RNG_V1|PREATTACK_IDENTITY_SHA256=81057E395366BA10088F4455897446945556325756CA18BBF39B5F5A6A1198E2|EXPERIMENTAL_SEED=999|ROUND=19|CLIENT_ID=16|PARTICIPATION_ORDINAL=5,159E6AB6187FD600DA8078B2BD8102EF05414AA6C700A04F38B8FBFE6DA8A8A1,1557799851444393472,True,True,True
999,19,14,5,CICIoT2023_LOCAL_TRAIN_RNG_V1|PREATTACK_IDENTITY_SHA256=81057E395366BA10088F4455897446945556325756CA18BBF39B5F5A6A1198E2|EXPERIMENTAL_SEED=999|ROUND=19|CLIENT_ID=14|PARTICIPATION_ORDINAL=5,FED24EA3C2037B84371CFEC34DECF1BD391C5AD96CF5A83BE1911848886695AF,18361825095984577412,True,True,True
999,19,5,5,CICIoT2023_LOCAL_TRAIN_RNG_V1|PREATTACK_IDENTITY_SHA256=81057E395366BA10088F4455897446945556325756CA18BBF39B5F5A6A1198E2|EXPERIMENTAL_SEED=999|ROUND=19|CLIENT_ID=5|PARTICIPATION_ORDINAL=5,11AB98CC36FFC0AC8D4C741B122DD49E66763D2EACC701B50E3C4A28BC72544C,1273279322525778092,True,True,True
999,19,27,5,CICIoT2023_LOCAL_TRAIN_RNG_V1|PREATTACK_IDENTITY_SHA256=81057E395366BA10088F4455897446945556325756CA18BBF39B5F5A6A1198E2|EXPERIMENTAL_SEED=999|ROUND=19|CLIENT_ID=27|PARTICIPATION_ORDINAL=5,F49A8ED207387F956499EF7321804CE7402761F69B41D393F24DEBA25B79263C,17625557124383276949,True,True,True
999,19,29,5,CICIoT2023_LOCAL_TRAIN_RNG_V1|PREATTACK_IDENTITY_SHA256=81057E395366BA10088F4455897446945556325756CA18BBF39B5F5A6A1198E2|EXPERIMENTAL_SEED=999|ROUND=19|CLIENT_ID=29|PARTICIPATION_ORDINAL=5,923435B9A213D10446420E835FA75C20E17AA73AF83F1C9035F7D34FE421A38F,10535104499730862340,True,True,True
999,20,12,5,CICIoT2023_LOCAL_TRAIN_RNG_V1|PREATTACK_IDENTITY_SHA256=81057E395366BA10088F4455897446945556325756CA18BBF39B5F5A6A1198E2|EXPERIMENTAL_SEED=999|ROUND=20|CLIENT_ID=12|PARTICIPATION_ORDINAL=5,847BACB0D2A654490D7A04EE43BA831B8764B5852AF3CB628242E661FE4BE8AA,9546413710590235721,True,True,True
999,20,19,5,CICIoT2023_LOCAL_TRAIN_RNG_V1|PREATTACK_IDENTITY_SHA256=81057E395366BA10088F4455897446945556325756CA18BBF39B5F5A6A1198E2|EXPERIMENTAL_SEED=999|ROUND=20|CLIENT_ID=19|PARTICIPATION_ORDINAL=5,8E58D1ACD931578CDEC92F0079067BAE6E8AD56A0CF7A035BC1F88C558024E61,10257178691644774284,True,True,True
999,20,13,5,CICIoT2023_LOCAL_TRAIN_RNG_V1|PREATTACK_IDENTITY_SHA256=81057E395366BA10088F4455897446945556325756CA18BBF39B5F5A6A1198E2|EXPERIMENTAL_SEED=999|ROUND=20|CLIENT_ID=13|PARTICIPATION_ORDINAL=5,E7F36334B50EE3FF54564A8CC62C3EC8D38C395DA484AE148CF76180DBEC5BA8,16713811720129143807,True,True,True
999,20,17,5,CICIoT2023_LOCAL_TRAIN_RNG_V1|PREATTACK_IDENTITY_SHA256=81057E395366BA10088F4455897446945556325756CA18BBF39B5F5A6A1198E2|EXPERIMENTAL_SEED=999|ROUND=20|CLIENT_ID=17|PARTICIPATION_ORDINAL=5,C66A90E381AB1141EC197423CCF3BE54BA22C4140D06AA3A5F9B8BD8DB697A19,14297399273848508737,True,True,True
999,20,2,5,CICIoT2023_LOCAL_TRAIN_RNG_V1|PREATTACK_IDENTITY_SHA256=81057E395366BA10088F4455897446945556325756CA18BBF39B5F5A6A1198E2|EXPERIMENTAL_SEED=999|ROUND=20|CLIENT_ID=2|PARTICIPATION_ORDINAL=5,0BCB2099D2A1A88EF6CAE45EB20F9B735BA5C123865324DECD30C19F99C9EF1F,849808799725365390,True,True,True
999,20,25,5,CICIoT2023_LOCAL_TRAIN_RNG_V1|PREATTACK_IDENTITY_SHA256=81057E395366BA10088F4455897446945556325756CA18BBF39B5F5A6A1198E2|EXPERIMENTAL_SEED=999|ROUND=20|CLIENT_ID=25|PARTICIPATION_ORDINAL=5,DD53EE4D2825E461254D1154D393F037FCA2E8EA832FD45AC2FD4989FDB7DA30,15948352720602522721,True,True,True
999,20,4,5,CICIoT2023_LOCAL_TRAIN_RNG_V1|PREATTACK_IDENTITY_SHA256=81057E395366BA10088F4455897446945556325756CA18BBF39B5F5A6A1198E2|EXPERIMENTAL_SEED=999|ROUND=20|CLIENT_ID=4|PARTICIPATION_ORDINAL=5,5BC6756AB358306D155EF8AA989F5540323F03B305C08FEE20E5D112C5E786B6,6613102203976036461,True,True,True
999,20,1,5,CICIoT2023_LOCAL_TRAIN_RNG_V1|PREATTACK_IDENTITY_SHA256=81057E395366BA10088F4455897446945556325756CA18BBF39B5F5A6A1198E2|EXPERIMENTAL_SEED=999|ROUND=20|CLIENT_ID=1|PARTICIPATION_ORDINAL=5,44A14601C927A76E7F88D23713BB64939FD77B9BA1102F548BAF4B74AD154D61,4945310839313246062,True,True,True
999,20,0,5,CICIoT2023_LOCAL_TRAIN_RNG_V1|PREATTACK_IDENTITY_SHA256=81057E395366BA10088F4455897446945556325756CA18BBF39B5F5A6A1198E2|EXPERIMENTAL_SEED=999|ROUND=20|CLIENT_ID=0|PARTICIPATION_ORDINAL=5,AA8FE6BDC188903750ECF41DB9C75E72A42C6F12429F49D53C7F873F01D114C4,12290295610787532855,True,True,True
