ExperimentalSeed,Round,ClientID,ParticipationOrdinal,SeedUInt64,TorchManualSeedInt64,ApplicationPoint,DataLoaderShuffle,DataLoaderWorkers
42,1,19,0,3215019551331340152,3215019551331340152,IMMEDIATELY_BEFORE_FIRST_STOCHASTIC_LOCAL_TRAINING_OPERATION,False,0
42,1,15,0,18398400478895145584,9175028442040369777,IMMEDIATELY_BEFORE_FIRST_STOCHASTIC_LOCAL_TRAINING_OPERATION,False,0
42,1,3,0,4406586630395516377,4406586630395516377,IMMEDIATELY_BEFORE_FIRST_STOCHASTIC_LOCAL_TRAINING_OPERATION,False,0
42,1,18,0,2416968233511717121,2416968233511717121,IMMEDIATELY_BEFORE_FIRST_STOCHASTIC_LOCAL_TRAINING_OPERATION,False,0
42,1,12,0,10563430992241412469,1340058955386636662,IMMEDIATELY_BEFORE_FIRST_STOCHASTIC_LOCAL_TRAINING_OPERATION,False,0
42,1,22,0,15526779454510045636,6303407417655269829,IMMEDIATELY_BEFORE_FIRST_STOCHASTIC_LOCAL_TRAINING_OPERATION,False,0
42,1,4,0,3938949768540399923,3938949768540399923,IMMEDIATELY_BEFORE_FIRST_STOCHASTIC_LOCAL_TRAINING_OPERATION,False,0
42,1,13,0,4436759192274247623,4436759192274247623,IMMEDIATELY_BEFORE_FIRST_STOCHASTIC_LOCAL_TRAINING_OPERATION,False,0
42,1,8,0,2922237566996500896,2922237566996500896,IMMEDIATELY_BEFORE_FIRST_STOCHASTIC_LOCAL_TRAINING_OPERATION,False,0
42,2,16,0,9121724936108702866,9121724936108702866,IMMEDIATELY_BEFORE_FIRST_STOCHASTIC_LOCAL_TRAINING_OPERATION,False,0
42,2,2,0,16185326139705701521,6961954102850925714,IMMEDIATELY_BEFORE_FIRST_STOCHASTIC_LOCAL_TRAINING_OPERATION,False,0
42,2,28,0,13539790458248796633,4316418421394020826,IMMEDIATELY_BEFORE_FIRST_STOCHASTIC_LOCAL_TRAINING_OPERATION,False,0
42,2,6,0,1024092664286123448,1024092664286123448,IMMEDIATELY_BEFORE_FIRST_STOCHASTIC_LOCAL_TRAINING_OPERATION,False,0
42,2,17,0,14864092975876765985,5640720939021990178,IMMEDIATELY_BEFORE_FIRST_STOCHASTIC_LOCAL_TRAINING_OPERATION,False,0
42,2,1,0,16519332257100206358,7295960220245430551,IMMEDIATELY_BEFORE_FIRST_STOCHASTIC_LOCAL_TRAINING_OPERATION,False,0
42,2,0,0,1029933074168136127,1029933074168136127,IMMEDIATELY_BEFORE_FIRST_STOCHASTIC_LOCAL_TRAINING_OPERATION,False,0
42,2,11,0,10915682834876045139,1692310798021269332,IMMEDIATELY_BEFORE_FIRST_STOCHASTIC_LOCAL_TRAINING_OPERATION,False,0
42,2,10,0,7427228930591106894,7427228930591106894,IMMEDIATELY_BEFORE_FIRST_STOCHASTIC_LOCAL_TRAINING_OPERATION,False,0
42,3,14,0,10973374246456075893,1750002209601300086,IMMEDIATELY_BEFORE_FIRST_STOCHASTIC_LOCAL_TRAINING_OPERATION,False,0
42,3,24,0,6598515314541016328,6598515314541016328,IMMEDIATELY_BEFORE_FIRST_STOCHASTIC_LOCAL_TRAINING_OPERATION,False,0
42,3,26,0,10029685655814989025,806313618960213218,IMMEDIATELY_BEFORE_FIRST_STOCHASTIC_LOCAL_TRAINING_OPERATION,False,0
42,3,29,0,492679214454055711,492679214454055711,IMMEDIATELY_BEFORE_FIRST_STOCHASTIC_LOCAL_TRAINING_OPERATION,False,0
42,3,20,0,6756631433568742231,6756631433568742231,IMMEDIATELY_BEFORE_FIRST_STOCHASTIC_LOCAL_TRAINING_OPERATION,False,0
42,3,27,0,12808430273428070344,3585058236573294537,IMMEDIATELY_BEFORE_FIRST_STOCHASTIC_LOCAL_TRAINING_OPERATION,False,0
42,3,5,0,12480452633188944205,3257080596334168398,IMMEDIATELY_BEFORE_FIRST_STOCHASTIC_LOCAL_TRAINING_OPERATION,False,0
42,3,21,0,18026784681053289896,8803412644198514089,IMMEDIATELY_BEFORE_FIRST_STOCHASTIC_LOCAL_TRAINING_OPERATION,False,0
42,3,7,0,4728127657039672764,4728127657039672764,IMMEDIATELY_BEFORE_FIRST_STOCHASTIC_LOCAL_TRAINING_OPERATION,False,0
42,4,9,0,7562313303866515652,7562313303866515652,IMMEDIATELY_BEFORE_FIRST_STOCHASTIC_LOCAL_TRAINING_OPERATION,False,0
42,4,23,0,4049158405929108621,4049158405929108621,IMMEDIATELY_BEFORE_FIRST_STOCHASTIC_LOCAL_TRAINING_OPERATION,False,0
42,4,25,0,16080988732798050011,6857616695943274204,IMMEDIATELY_BEFORE_FIRST_STOCHASTIC_LOCAL_TRAINING_OPERATION,False,0
42,4,2,1,11561338647154948148,2337966610300172341,IMMEDIATELY_BEFORE_FIRST_STOCHASTIC_LOCAL_TRAINING_OPERATION,False,0
42,4,0,1,6009257148892680389,6009257148892680389,IMMEDIATELY_BEFORE_FIRST_STOCHASTIC_LOCAL_TRAINING_OPERATION,False,0
42,4,18,1,17581946865592508126,8358574828737732319,IMMEDIATELY_BEFORE_FIRST_STOCHASTIC_LOCAL_TRAINING_OPERATION,False,0
42,4,16,1,14071821141409577300,4848449104554801493,IMMEDIATELY_BEFORE_FIRST_STOCHASTIC_LOCAL_TRAINING_OPERATION,False,0
42,4,11,1,15854627480836055033,6631255443981279226,IMMEDIATELY_BEFORE_FIRST_STOCHASTIC_LOCAL_TRAINING_OPERATION,False,0
42,4,17,1,13267171898549691026,4043799861694915219,IMMEDIATELY_BEFORE_FIRST_STOCHASTIC_LOCAL_TRAINING_OPERATION,False,0
42,5,14,1,10299723822802402264,1076351785947626457,IMMEDIATELY_BEFORE_FIRST_STOCHASTIC_LOCAL_TRAINING_OPERATION,False,0
42,5,27,1,17676736798643320812,8453364761788545005,IMMEDIATELY_BEFORE_FIRST_STOCHASTIC_LOCAL_TRAINING_OPERATION,False,0
42,5,10,1,15517865700164511962,6294493663309736155,IMMEDIATELY_BEFORE_FIRST_STOCHASTIC_LOCAL_TRAINING_OPERATION,False,0
42,5,28,1,18391343772965383521,9167971736110607714,IMMEDIATELY_BEFORE_FIRST_STOCHASTIC_LOCAL_TRAINING_OPERATION,False,0
42,5,9,1,1586214547129711342,1586214547129711342,IMMEDIATELY_BEFORE_FIRST_STOCHASTIC_LOCAL_TRAINING_OPERATION,False,0
42,5,7,1,17617070082044875991,8393698045190100184,IMMEDIATELY_BEFORE_FIRST_STOCHASTIC_LOCAL_TRAINING_OPERATION,False,0
42,5,22,1,289354088433693953,289354088433693953,IMMEDIATELY_BEFORE_FIRST_STOCHASTIC_LOCAL_TRAINING_OPERATION,False,0
42,5,21,1,2223520721721157844,2223520721721157844,IMMEDIATELY_BEFORE_FIRST_STOCHASTIC_LOCAL_TRAINING_OPERATION,False,0
42,5,23,1,17587649550871761503,8364277514016985696,IMMEDIATELY_BEFORE_FIRST_STOCHASTIC_LOCAL_TRAINING_OPERATION,False,0
42,6,12,1,13710864491952879548,4487492455098103741,IMMEDIATELY_BEFORE_FIRST_STOCHASTIC_LOCAL_TRAINING_OPERATION,False,0
42,6,26,1,13106043254408138678,3882671217553362871,IMMEDIATELY_BEFORE_FIRST_STOCHASTIC_LOCAL_TRAINING_OPERATION,False,0
42,6,24,1,11395555670976245142,2172183634121469335,IMMEDIATELY_BEFORE_FIRST_STOCHASTIC_LOCAL_TRAINING_OPERATION,False,0
42,6,1,1,6695017828967505385,6695017828967505385,IMMEDIATELY_BEFORE_FIRST_STOCHASTIC_LOCAL_TRAINING_OPERATION,False,0
42,6,13,1,9724572946571585154,501200909716809347,IMMEDIATELY_BEFORE_FIRST_STOCHASTIC_LOCAL_TRAINING_OPERATION,False,0
42,6,3,1,14347154372587897309,5123782335733121502,IMMEDIATELY_BEFORE_FIRST_STOCHASTIC_LOCAL_TRAINING_OPERATION,False,0
42,6,20,1,13836220694287848145,4612848657433072338,IMMEDIATELY_BEFORE_FIRST_STOCHASTIC_LOCAL_TRAINING_OPERATION,False,0
42,6,29,1,4809897769086617214,4809897769086617214,IMMEDIATELY_BEFORE_FIRST_STOCHASTIC_LOCAL_TRAINING_OPERATION,False,0
42,6,19,1,350077094469749325,350077094469749325,IMMEDIATELY_BEFORE_FIRST_STOCHASTIC_LOCAL_TRAINING_OPERATION,False,0
42,7,8,1,3111650028134038187,3111650028134038187,IMMEDIATELY_BEFORE_FIRST_STOCHASTIC_LOCAL_TRAINING_OPERATION,False,0
42,7,6,1,13883857997701058537,4660485960846282730,IMMEDIATELY_BEFORE_FIRST_STOCHASTIC_LOCAL_TRAINING_OPERATION,False,0
42,7,4,1,5158189955412365641,5158189955412365641,IMMEDIATELY_BEFORE_FIRST_STOCHASTIC_LOCAL_TRAINING_OPERATION,False,0
42,7,5,1,9751972205002866324,528600168148090517,IMMEDIATELY_BEFORE_FIRST_STOCHASTIC_LOCAL_TRAINING_OPERATION,False,0
42,7,15,1,15366324488312312718,6142952451457536911,IMMEDIATELY_BEFORE_FIRST_STOCHASTIC_LOCAL_TRAINING_OPERATION,False,0
42,7,25,1,6678719661550832159,6678719661550832159,IMMEDIATELY_BEFORE_FIRST_STOCHASTIC_LOCAL_TRAINING_OPERATION,False,0
42,7,12,2,1238148981266791553,1238148981266791553,IMMEDIATELY_BEFORE_FIRST_STOCHASTIC_LOCAL_TRAINING_OPERATION,False,0
42,7,20,2,13552202932638101807,4328830895783326000,IMMEDIATELY_BEFORE_FIRST_STOCHASTIC_LOCAL_TRAINING_OPERATION,False,0
42,7,0,2,4443000610240504581,4443000610240504581,IMMEDIATELY_BEFORE_FIRST_STOCHASTIC_LOCAL_TRAINING_OPERATION,False,0
42,8,6,2,3602260441922697619,3602260441922697619,IMMEDIATELY_BEFORE_FIRST_STOCHASTIC_LOCAL_TRAINING_OPERATION,False,0
42,8,25,2,1514300998747261027,1514300998747261027,IMMEDIATELY_BEFORE_FIRST_STOCHASTIC_LOCAL_TRAINING_OPERATION,False,0
42,8,28,2,959567038302105559,959567038302105559,IMMEDIATELY_BEFORE_FIRST_STOCHASTIC_LOCAL_TRAINING_OPERATION,False,0
42,8,14,2,15495555177822517663,6272183140967741856,IMMEDIATELY_BEFORE_FIRST_STOCHASTIC_LOCAL_TRAINING_OPERATION,False,0
42,8,9,2,673044093308073599,673044093308073599,IMMEDIATELY_BEFORE_FIRST_STOCHASTIC_LOCAL_TRAINING_OPERATION,False,0
42,8,17,2,10007010894245518390,783638857390742583,IMMEDIATELY_BEFORE_FIRST_STOCHASTIC_LOCAL_TRAINING_OPERATION,False,0
42,8,23,2,7748526973878951896,7748526973878951896,IMMEDIATELY_BEFORE_FIRST_STOCHASTIC_LOCAL_TRAINING_OPERATION,False,0
42,8,19,2,5694795707914583926,5694795707914583926,IMMEDIATELY_BEFORE_FIRST_STOCHASTIC_LOCAL_TRAINING_OPERATION,False,0
42,8,24,2,17756530007283210592,8533157970428434785,IMMEDIATELY_BEFORE_FIRST_STOCHASTIC_LOCAL_TRAINING_OPERATION,False,0
42,9,26,2,16844477335310188505,7621105298455412698,IMMEDIATELY_BEFORE_FIRST_STOCHASTIC_LOCAL_TRAINING_OPERATION,False,0
42,9,8,2,10153922626220518085,930550589365742278,IMMEDIATELY_BEFORE_FIRST_STOCHASTIC_LOCAL_TRAINING_OPERATION,False,0
42,9,4,2,4835483270143518327,4835483270143518327,IMMEDIATELY_BEFORE_FIRST_STOCHASTIC_LOCAL_TRAINING_OPERATION,False,0
42,9,5,2,2112757618466594538,2112757618466594538,IMMEDIATELY_BEFORE_FIRST_STOCHASTIC_LOCAL_TRAINING_OPERATION,False,0
42,9,29,2,4027238274692982622,4027238274692982622,IMMEDIATELY_BEFORE_FIRST_STOCHASTIC_LOCAL_TRAINING_OPERATION,False,0
42,9,22,2,12777223052538319960,3553851015683544153,IMMEDIATELY_BEFORE_FIRST_STOCHASTIC_LOCAL_TRAINING_OPERATION,False,0
42,9,2,2,10812943867089319338,1589571830234543531,IMMEDIATELY_BEFORE_FIRST_STOCHASTIC_LOCAL_TRAINING_OPERATION,False,0
42,9,7,2,12288161776118009368,3064789739263233561,IMMEDIATELY_BEFORE_FIRST_STOCHASTIC_LOCAL_TRAINING_OPERATION,False,0
42,9,3,2,11981700608070293588,2758328571215517781,IMMEDIATELY_BEFORE_FIRST_STOCHASTIC_LOCAL_TRAINING_OPERATION,False,0
42,10,18,2,628971628418459540,628971628418459540,IMMEDIATELY_BEFORE_FIRST_STOCHASTIC_LOCAL_TRAINING_OPERATION,False,0
42,10,10,2,11656022420276208850,2432650383421433043,IMMEDIATELY_BEFORE_FIRST_STOCHASTIC_LOCAL_TRAINING_OPERATION,False,0
42,10,27,2,7222736386805573239,7222736386805573239,IMMEDIATELY_BEFORE_FIRST_STOCHASTIC_LOCAL_TRAINING_OPERATION,False,0
42,10,13,2,7462878945102074914,7462878945102074914,IMMEDIATELY_BEFORE_FIRST_STOCHASTIC_LOCAL_TRAINING_OPERATION,False,0
42,10,11,2,9824184903137628862,600812866282853055,IMMEDIATELY_BEFORE_FIRST_STOCHASTIC_LOCAL_TRAINING_OPERATION,False,0
42,10,16,2,15215421389443727711,5992049352588951904,IMMEDIATELY_BEFORE_FIRST_STOCHASTIC_LOCAL_TRAINING_OPERATION,False,0
42,10,1,2,8675303475420363072,8675303475420363072,IMMEDIATELY_BEFORE_FIRST_STOCHASTIC_LOCAL_TRAINING_OPERATION,False,0
42,10,15,2,11823280691869348092,2599908655014572285,IMMEDIATELY_BEFORE_FIRST_STOCHASTIC_LOCAL_TRAINING_OPERATION,False,0
42,10,21,2,12603668487269593154,3380296450414817347,IMMEDIATELY_BEFORE_FIRST_STOCHASTIC_LOCAL_TRAINING_OPERATION,False,0
42,11,21,3,3353918947674667303,3353918947674667303,IMMEDIATELY_BEFORE_FIRST_STOCHASTIC_LOCAL_TRAINING_OPERATION,False,0
42,11,0,3,16538746540192631094,7315374503337855287,IMMEDIATELY_BEFORE_FIRST_STOCHASTIC_LOCAL_TRAINING_OPERATION,False,0
42,11,6,3,6275110755880831592,6275110755880831592,IMMEDIATELY_BEFORE_FIRST_STOCHASTIC_LOCAL_TRAINING_OPERATION,False,0
42,11,12,3,10444928527013247388,1221556490158471581,IMMEDIATELY_BEFORE_FIRST_STOCHASTIC_LOCAL_TRAINING_OPERATION,False,0
42,11,1,3,6231880088857150311,6231880088857150311,IMMEDIATELY_BEFORE_FIRST_STOCHASTIC_LOCAL_TRAINING_OPERATION,False,0
42,11,25,3,10807003640558091029,1583631603703315222,IMMEDIATELY_BEFORE_FIRST_STOCHASTIC_LOCAL_TRAINING_OPERATION,False,0
42,11,9,3,1186538354080937503,1186538354080937503,IMMEDIATELY_BEFORE_FIRST_STOCHASTIC_LOCAL_TRAINING_OPERATION,False,0
42,11,13,3,5719676767082409454,5719676767082409454,IMMEDIATELY_BEFORE_FIRST_STOCHASTIC_LOCAL_TRAINING_OPERATION,False,0
42,11,24,3,4808203190786674729,4808203190786674729,IMMEDIATELY_BEFORE_FIRST_STOCHASTIC_LOCAL_TRAINING_OPERATION,False,0
42,12,3,3,17997430894150204344,8774058857295428537,IMMEDIATELY_BEFORE_FIRST_STOCHASTIC_LOCAL_TRAINING_OPERATION,False,0
42,12,16,3,2290449006419991466,2290449006419991466,IMMEDIATELY_BEFORE_FIRST_STOCHASTIC_LOCAL_TRAINING_OPERATION,False,0
42,12,18,3,17611762178615750988,8388390141760975181,IMMEDIATELY_BEFORE_FIRST_STOCHASTIC_LOCAL_TRAINING_OPERATION,False,0
42,12,17,3,1949171132285256371,1949171132285256371,IMMEDIATELY_BEFORE_FIRST_STOCHASTIC_LOCAL_TRAINING_OPERATION,False,0
42,12,19,3,1371058805037814291,1371058805037814291,IMMEDIATELY_BEFORE_FIRST_STOCHASTIC_LOCAL_TRAINING_OPERATION,False,0
42,12,23,3,18228898827584536653,9005526790729760846,IMMEDIATELY_BEFORE_FIRST_STOCHASTIC_LOCAL_TRAINING_OPERATION,False,0
42,12,7,3,11537386628576914857,2314014591722139050,IMMEDIATELY_BEFORE_FIRST_STOCHASTIC_LOCAL_TRAINING_OPERATION,False,0
42,12,2,3,5458441713671992634,5458441713671992634,IMMEDIATELY_BEFORE_FIRST_STOCHASTIC_LOCAL_TRAINING_OPERATION,False,0
42,12,29,3,446015816787551658,446015816787551658,IMMEDIATELY_BEFORE_FIRST_STOCHASTIC_LOCAL_TRAINING_OPERATION,False,0
42,13,8,3,5021670898257352588,5021670898257352588,IMMEDIATELY_BEFORE_FIRST_STOCHASTIC_LOCAL_TRAINING_OPERATION,False,0
42,13,15,3,15383320098505908986,6159948061651133179,IMMEDIATELY_BEFORE_FIRST_STOCHASTIC_LOCAL_TRAINING_OPERATION,False,0
42,13,20,3,633341866586723673,633341866586723673,IMMEDIATELY_BEFORE_FIRST_STOCHASTIC_LOCAL_TRAINING_OPERATION,False,0
42,13,5,3,6760202451933162819,6760202451933162819,IMMEDIATELY_BEFORE_FIRST_STOCHASTIC_LOCAL_TRAINING_OPERATION,False,0
42,13,10,3,2051743861820584193,2051743861820584193,IMMEDIATELY_BEFORE_FIRST_STOCHASTIC_LOCAL_TRAINING_OPERATION,False,0
42,13,14,3,8176678090559175300,8176678090559175300,IMMEDIATELY_BEFORE_FIRST_STOCHASTIC_LOCAL_TRAINING_OPERATION,False,0
42,13,22,3,4103003815503194949,4103003815503194949,IMMEDIATELY_BEFORE_FIRST_STOCHASTIC_LOCAL_TRAINING_OPERATION,False,0
42,13,28,3,8801408060297450822,8801408060297450822,IMMEDIATELY_BEFORE_FIRST_STOCHASTIC_LOCAL_TRAINING_OPERATION,False,0
42,13,27,3,2552617669951591874,2552617669951591874,IMMEDIATELY_BEFORE_FIRST_STOCHASTIC_LOCAL_TRAINING_OPERATION,False,0
42,14,26,3,12541693975865517343,3318321939010741536,IMMEDIATELY_BEFORE_FIRST_STOCHASTIC_LOCAL_TRAINING_OPERATION,False,0
42,14,11,3,5498134739291036664,5498134739291036664,IMMEDIATELY_BEFORE_FIRST_STOCHASTIC_LOCAL_TRAINING_OPERATION,False,0
42,14,4,3,12841882643948383365,3618510607093607558,IMMEDIATELY_BEFORE_FIRST_STOCHASTIC_LOCAL_TRAINING_OPERATION,False,0
42,14,29,4,12605970750749118009,3382598713894342202,IMMEDIATELY_BEFORE_FIRST_STOCHASTIC_LOCAL_TRAINING_OPERATION,False,0
42,14,19,4,6728380243351798461,6728380243351798461,IMMEDIATELY_BEFORE_FIRST_STOCHASTIC_LOCAL_TRAINING_OPERATION,False,0
42,14,2,4,3173729747313283325,3173729747313283325,IMMEDIATELY_BEFORE_FIRST_STOCHASTIC_LOCAL_TRAINING_OPERATION,False,0
42,14,12,4,6395575657204276979,6395575657204276979,IMMEDIATELY_BEFORE_FIRST_STOCHASTIC_LOCAL_TRAINING_OPERATION,False,0
42,14,8,4,5596286405391088005,5596286405391088005,IMMEDIATELY_BEFORE_FIRST_STOCHASTIC_LOCAL_TRAINING_OPERATION,False,0
42,14,14,4,15600539974466746809,6377167937611971002,IMMEDIATELY_BEFORE_FIRST_STOCHASTIC_LOCAL_TRAINING_OPERATION,False,0
42,15,6,4,2707102013426220296,2707102013426220296,IMMEDIATELY_BEFORE_FIRST_STOCHASTIC_LOCAL_TRAINING_OPERATION,False,0
42,15,18,4,11439605326581641172,2216233289726865365,IMMEDIATELY_BEFORE_FIRST_STOCHASTIC_LOCAL_TRAINING_OPERATION,False,0
42,15,9,4,9576710798366543407,353338761511767600,IMMEDIATELY_BEFORE_FIRST_STOCHASTIC_LOCAL_TRAINING_OPERATION,False,0
42,15,13,4,17601999784784181170,8378627747929405363,IMMEDIATELY_BEFORE_FIRST_STOCHASTIC_LOCAL_TRAINING_OPERATION,False,0
42,15,4,4,154762226971977709,154762226971977709,IMMEDIATELY_BEFORE_FIRST_STOCHASTIC_LOCAL_TRAINING_OPERATION,False,0
42,15,21,4,9069196809140057108,9069196809140057108,IMMEDIATELY_BEFORE_FIRST_STOCHASTIC_LOCAL_TRAINING_OPERATION,False,0
42,15,3,4,4526707088710709952,4526707088710709952,IMMEDIATELY_BEFORE_FIRST_STOCHASTIC_LOCAL_TRAINING_OPERATION,False,0
42,15,24,4,13694998951602055075,4471626914747279268,IMMEDIATELY_BEFORE_FIRST_STOCHASTIC_LOCAL_TRAINING_OPERATION,False,0
42,15,0,4,250881525649309206,250881525649309206,IMMEDIATELY_BEFORE_FIRST_STOCHASTIC_LOCAL_TRAINING_OPERATION,False,0
42,16,10,4,3231964380004278676,3231964380004278676,IMMEDIATELY_BEFORE_FIRST_STOCHASTIC_LOCAL_TRAINING_OPERATION,False,0
42,16,11,4,11737567458035116156,2514195421180340349,IMMEDIATELY_BEFORE_FIRST_STOCHASTIC_LOCAL_TRAINING_OPERATION,False,0
42,16,16,4,151559963441115576,151559963441115576,IMMEDIATELY_BEFORE_FIRST_STOCHASTIC_LOCAL_TRAINING_OPERATION,False,0
42,16,5,4,4402999069966864442,4402999069966864442,IMMEDIATELY_BEFORE_FIRST_STOCHASTIC_LOCAL_TRAINING_OPERATION,False,0
42,16,25,4,16240411858055280498,7017039821200504691,IMMEDIATELY_BEFORE_FIRST_STOCHASTIC_LOCAL_TRAINING_OPERATION,False,0
42,16,17,4,8274328635863255503,8274328635863255503,IMMEDIATELY_BEFORE_FIRST_STOCHASTIC_LOCAL_TRAINING_OPERATION,False,0
42,16,7,4,14431690413762095759,5208318376907319952,IMMEDIATELY_BEFORE_FIRST_STOCHASTIC_LOCAL_TRAINING_OPERATION,False,0
42,16,28,4,14686460572476467877,5463088535621692070,IMMEDIATELY_BEFORE_FIRST_STOCHASTIC_LOCAL_TRAINING_OPERATION,False,0
42,16,27,4,3421862163983247435,3421862163983247435,IMMEDIATELY_BEFORE_FIRST_STOCHASTIC_LOCAL_TRAINING_OPERATION,False,0
42,17,1,4,317007151988919715,317007151988919715,IMMEDIATELY_BEFORE_FIRST_STOCHASTIC_LOCAL_TRAINING_OPERATION,False,0
42,17,26,4,12393435970621832116,3170063933767056309,IMMEDIATELY_BEFORE_FIRST_STOCHASTIC_LOCAL_TRAINING_OPERATION,False,0
42,17,22,4,2087582484390741086,2087582484390741086,IMMEDIATELY_BEFORE_FIRST_STOCHASTIC_LOCAL_TRAINING_OPERATION,False,0
42,17,23,4,16361912527493804462,7138540490639028655,IMMEDIATELY_BEFORE_FIRST_STOCHASTIC_LOCAL_TRAINING_OPERATION,False,0
42,17,15,4,4867913420796187177,4867913420796187177,IMMEDIATELY_BEFORE_FIRST_STOCHASTIC_LOCAL_TRAINING_OPERATION,False,0
42,17,20,4,3654652524734030576,3654652524734030576,IMMEDIATELY_BEFORE_FIRST_STOCHASTIC_LOCAL_TRAINING_OPERATION,False,0
42,17,5,5,12228907408711398252,3005535371856622445,IMMEDIATELY_BEFORE_FIRST_STOCHASTIC_LOCAL_TRAINING_OPERATION,False,0
42,17,3,5,16465667709735741795,7242295672880965988,IMMEDIATELY_BEFORE_FIRST_STOCHASTIC_LOCAL_TRAINING_OPERATION,False,0
42,17,24,5,17415633073159933213,8192261036305157406,IMMEDIATELY_BEFORE_FIRST_STOCHASTIC_LOCAL_TRAINING_OPERATION,False,0
42,18,26,5,12647490931146811507,3424118894292035700,IMMEDIATELY_BEFORE_FIRST_STOCHASTIC_LOCAL_TRAINING_OPERATION,False,0
42,18,4,5,4751340012496603344,4751340012496603344,IMMEDIATELY_BEFORE_FIRST_STOCHASTIC_LOCAL_TRAINING_OPERATION,False,0
42,18,17,5,8664869628142586943,8664869628142586943,IMMEDIATELY_BEFORE_FIRST_STOCHASTIC_LOCAL_TRAINING_OPERATION,False,0
42,18,14,5,6778910210453246754,6778910210453246754,IMMEDIATELY_BEFORE_FIRST_STOCHASTIC_LOCAL_TRAINING_OPERATION,False,0
42,18,29,5,18295664762284587164,9072292725429811357,IMMEDIATELY_BEFORE_FIRST_STOCHASTIC_LOCAL_TRAINING_OPERATION,False,0
42,18,28,5,4597327556732361254,4597327556732361254,IMMEDIATELY_BEFORE_FIRST_STOCHASTIC_LOCAL_TRAINING_OPERATION,False,0
42,18,2,5,8626980679039547063,8626980679039547063,IMMEDIATELY_BEFORE_FIRST_STOCHASTIC_LOCAL_TRAINING_OPERATION,False,0
42,18,12,5,13166067852235808871,3942695815381033064,IMMEDIATELY_BEFORE_FIRST_STOCHASTIC_LOCAL_TRAINING_OPERATION,False,0
42,18,13,5,8062453237826480062,8062453237826480062,IMMEDIATELY_BEFORE_FIRST_STOCHASTIC_LOCAL_TRAINING_OPERATION,False,0
42,19,7,5,17275202334102453698,8051830297247677891,IMMEDIATELY_BEFORE_FIRST_STOCHASTIC_LOCAL_TRAINING_OPERATION,False,0
42,19,15,5,15917316172178409745,6693944135323633938,IMMEDIATELY_BEFORE_FIRST_STOCHASTIC_LOCAL_TRAINING_OPERATION,False,0
42,19,20,5,18355429463988679409,9132057427133903602,IMMEDIATELY_BEFORE_FIRST_STOCHASTIC_LOCAL_TRAINING_OPERATION,False,0
42,19,16,5,2512768603897187058,2512768603897187058,IMMEDIATELY_BEFORE_FIRST_STOCHASTIC_LOCAL_TRAINING_OPERATION,False,0
42,19,23,5,6386610831738076240,6386610831738076240,IMMEDIATELY_BEFORE_FIRST_STOCHASTIC_LOCAL_TRAINING_OPERATION,False,0
42,19,27,5,1988236114817184817,1988236114817184817,IMMEDIATELY_BEFORE_FIRST_STOCHASTIC_LOCAL_TRAINING_OPERATION,False,0
42,19,22,5,15297990134973611558,6074618098118835751,IMMEDIATELY_BEFORE_FIRST_STOCHASTIC_LOCAL_TRAINING_OPERATION,False,0
42,19,9,5,13834609823557209946,4611237786702434139,IMMEDIATELY_BEFORE_FIRST_STOCHASTIC_LOCAL_TRAINING_OPERATION,False,0
42,19,1,5,15363693850564159497,6140321813709383690,IMMEDIATELY_BEFORE_FIRST_STOCHASTIC_LOCAL_TRAINING_OPERATION,False,0
42,20,6,5,6445547081960314917,6445547081960314917,IMMEDIATELY_BEFORE_FIRST_STOCHASTIC_LOCAL_TRAINING_OPERATION,False,0
42,20,11,5,2482786619829517583,2482786619829517583,IMMEDIATELY_BEFORE_FIRST_STOCHASTIC_LOCAL_TRAINING_OPERATION,False,0
42,20,21,5,14952431529447746072,5729059492592970265,IMMEDIATELY_BEFORE_FIRST_STOCHASTIC_LOCAL_TRAINING_OPERATION,False,0
42,20,10,5,17211714790342688432,7988342753487912625,IMMEDIATELY_BEFORE_FIRST_STOCHASTIC_LOCAL_TRAINING_OPERATION,False,0
42,20,25,5,9763811787235465481,540439750380689674,IMMEDIATELY_BEFORE_FIRST_STOCHASTIC_LOCAL_TRAINING_OPERATION,False,0
42,20,19,5,17086348984473894283,7862976947619118476,IMMEDIATELY_BEFORE_FIRST_STOCHASTIC_LOCAL_TRAINING_OPERATION,False,0
42,20,0,5,14635497088893160905,5412125052038385098,IMMEDIATELY_BEFORE_FIRST_STOCHASTIC_LOCAL_TRAINING_OPERATION,False,0
42,20,18,5,8506633237677668335,8506633237677668335,IMMEDIATELY_BEFORE_FIRST_STOCHASTIC_LOCAL_TRAINING_OPERATION,False,0
42,20,8,5,12514490017570122912,3291117980715347105,IMMEDIATELY_BEFORE_FIRST_STOCHASTIC_LOCAL_TRAINING_OPERATION,False,0
123,1,4,0,12850044151565143629,3626672114710367822,IMMEDIATELY_BEFORE_FIRST_STOCHASTIC_LOCAL_TRAINING_OPERATION,False,0
123,1,27,0,6374589875900378182,6374589875900378182,IMMEDIATELY_BEFORE_FIRST_STOCHASTIC_LOCAL_TRAINING_OPERATION,False,0
123,1,29,0,7343848443487844578,7343848443487844578,IMMEDIATELY_BEFORE_FIRST_STOCHASTIC_LOCAL_TRAINING_OPERATION,False,0
123,1,10,0,15484230554535258776,6260858517680482969,IMMEDIATELY_BEFORE_FIRST_STOCHASTIC_LOCAL_TRAINING_OPERATION,False,0
123,1,3,0,10562798070202958386,1339426033348182579,IMMEDIATELY_BEFORE_FIRST_STOCHASTIC_LOCAL_TRAINING_OPERATION,False,0
123,1,21,0,4922506028329062538,4922506028329062538,IMMEDIATELY_BEFORE_FIRST_STOCHASTIC_LOCAL_TRAINING_OPERATION,False,0
123,1,14,0,17288370895091702488,8064998858236926681,IMMEDIATELY_BEFORE_FIRST_STOCHASTIC_LOCAL_TRAINING_OPERATION,False,0
123,1,18,0,15829684264378628258,6606312227523852451,IMMEDIATELY_BEFORE_FIRST_STOCHASTIC_LOCAL_TRAINING_OPERATION,False,0
123,1,12,0,11385876629970831198,2162504593116055391,IMMEDIATELY_BEFORE_FIRST_STOCHASTIC_LOCAL_TRAINING_OPERATION,False,0
123,2,15,0,63021120174346401,63021120174346401,IMMEDIATELY_BEFORE_FIRST_STOCHASTIC_LOCAL_TRAINING_OPERATION,False,0
123,2,11,0,5973574245946366426,5973574245946366426,IMMEDIATELY_BEFORE_FIRST_STOCHASTIC_LOCAL_TRAINING_OPERATION,False,0
123,2,28,0,312245706077824843,312245706077824843,IMMEDIATELY_BEFORE_FIRST_STOCHASTIC_LOCAL_TRAINING_OPERATION,False,0
123,2,0,0,1536965108547979612,1536965108547979612,IMMEDIATELY_BEFORE_FIRST_STOCHASTIC_LOCAL_TRAINING_OPERATION,False,0
123,2,17,0,3699643168503469758,3699643168503469758,IMMEDIATELY_BEFORE_FIRST_STOCHASTIC_LOCAL_TRAINING_OPERATION,False,0
123,2,24,0,5456077346643139089,5456077346643139089,IMMEDIATELY_BEFORE_FIRST_STOCHASTIC_LOCAL_TRAINING_OPERATION,False,0
123,2,13,0,13292769558048584381,4069397521193808574,IMMEDIATELY_BEFORE_FIRST_STOCHASTIC_LOCAL_TRAINING_OPERATION,False,0
123,2,16,0,18359330558116830489,9135958521262054682,IMMEDIATELY_BEFORE_FIRST_STOCHASTIC_LOCAL_TRAINING_OPERATION,False,0
123,2,2,0,3037053431848963190,3037053431848963190,IMMEDIATELY_BEFORE_FIRST_STOCHASTIC_LOCAL_TRAINING_OPERATION,False,0
123,3,19,0,14089123740123220641,4865751703268444834,IMMEDIATELY_BEFORE_FIRST_STOCHASTIC_LOCAL_TRAINING_OPERATION,False,0
123,3,9,0,1010575924544130459,1010575924544130459,IMMEDIATELY_BEFORE_FIRST_STOCHASTIC_LOCAL_TRAINING_OPERATION,False,0
123,3,5,0,12962513316378671461,3739141279523895654,IMMEDIATELY_BEFORE_FIRST_STOCHASTIC_LOCAL_TRAINING_OPERATION,False,0
123,3,1,0,2069717037327480066,2069717037327480066,IMMEDIATELY_BEFORE_FIRST_STOCHASTIC_LOCAL_TRAINING_OPERATION,False,0
123,3,7,0,6410318454773761305,6410318454773761305,IMMEDIATELY_BEFORE_FIRST_STOCHASTIC_LOCAL_TRAINING_OPERATION,False,0
123,3,22,0,15716856751139699997,6493484714284924190,IMMEDIATELY_BEFORE_FIRST_STOCHASTIC_LOCAL_TRAINING_OPERATION,False,0
123,3,20,0,14118282043225173073,4894910006370397266,IMMEDIATELY_BEFORE_FIRST_STOCHASTIC_LOCAL_TRAINING_OPERATION,False,0
123,3,25,0,7138442825655981229,7138442825655981229,IMMEDIATELY_BEFORE_FIRST_STOCHASTIC_LOCAL_TRAINING_OPERATION,False,0
123,3,6,0,12701873942864727437,3478501906009951630,IMMEDIATELY_BEFORE_FIRST_STOCHASTIC_LOCAL_TRAINING_OPERATION,False,0
123,4,23,0,11175085026604087901,1951712989749312094,IMMEDIATELY_BEFORE_FIRST_STOCHASTIC_LOCAL_TRAINING_OPERATION,False,0
123,4,26,0,12286595482052645580,3063223445197869773,IMMEDIATELY_BEFORE_FIRST_STOCHASTIC_LOCAL_TRAINING_OPERATION,False,0
123,4,8,0,8168643075710217060,8168643075710217060,IMMEDIATELY_BEFORE_FIRST_STOCHASTIC_LOCAL_TRAINING_OPERATION,False,0
123,4,14,1,10297273751444393422,1073901714589617615,IMMEDIATELY_BEFORE_FIRST_STOCHASTIC_LOCAL_TRAINING_OPERATION,False,0
123,4,25,1,1109635459129352014,1109635459129352014,IMMEDIATELY_BEFORE_FIRST_STOCHASTIC_LOCAL_TRAINING_OPERATION,False,0
123,4,3,1,7164481994138887355,7164481994138887355,IMMEDIATELY_BEFORE_FIRST_STOCHASTIC_LOCAL_TRAINING_OPERATION,False,0
123,4,13,1,12868885271466602795,3645513234611826988,IMMEDIATELY_BEFORE_FIRST_STOCHASTIC_LOCAL_TRAINING_OPERATION,False,0
123,4,22,1,13560832794205691506,4337460757350915699,IMMEDIATELY_BEFORE_FIRST_STOCHASTIC_LOCAL_TRAINING_OPERATION,False,0
123,4,29,1,14221277931770235083,4997905894915459276,IMMEDIATELY_BEFORE_FIRST_STOCHASTIC_LOCAL_TRAINING_OPERATION,False,0
123,5,24,1,15934573918581070624,6711201881726294817,IMMEDIATELY_BEFORE_FIRST_STOCHASTIC_LOCAL_TRAINING_OPERATION,False,0
123,5,26,1,15338627653575575675,6115255616720799868,IMMEDIATELY_BEFORE_FIRST_STOCHASTIC_LOCAL_TRAINING_OPERATION,False,0
123,5,27,1,14339138017718816157,5115765980864040350,IMMEDIATELY_BEFORE_FIRST_STOCHASTIC_LOCAL_TRAINING_OPERATION,False,0
123,5,9,1,14664346270025051810,5440974233170276003,IMMEDIATELY_BEFORE_FIRST_STOCHASTIC_LOCAL_TRAINING_OPERATION,False,0
123,5,19,1,1150741631097118989,1150741631097118989,IMMEDIATELY_BEFORE_FIRST_STOCHASTIC_LOCAL_TRAINING_OPERATION,False,0
123,5,16,1,8245369894596775400,8245369894596775400,IMMEDIATELY_BEFORE_FIRST_STOCHASTIC_LOCAL_TRAINING_OPERATION,False,0
123,5,10,1,17901029292963431488,8677657256108655681,IMMEDIATELY_BEFORE_FIRST_STOCHASTIC_LOCAL_TRAINING_OPERATION,False,0
123,5,18,1,18309586986010246736,9086214949155470929,IMMEDIATELY_BEFORE_FIRST_STOCHASTIC_LOCAL_TRAINING_OPERATION,False,0
123,5,0,1,12324533704269210505,3101161667414434698,IMMEDIATELY_BEFORE_FIRST_STOCHASTIC_LOCAL_TRAINING_OPERATION,False,0
123,6,12,1,9556856033999737183,333483997144961376,IMMEDIATELY_BEFORE_FIRST_STOCHASTIC_LOCAL_TRAINING_OPERATION,False,0
123,6,11,1,8012396361138305836,8012396361138305836,IMMEDIATELY_BEFORE_FIRST_STOCHASTIC_LOCAL_TRAINING_OPERATION,False,0
123,6,15,1,9312187994541556316,88815957686780509,IMMEDIATELY_BEFORE_FIRST_STOCHASTIC_LOCAL_TRAINING_OPERATION,False,0
123,6,17,1,1296599748850545392,1296599748850545392,IMMEDIATELY_BEFORE_FIRST_STOCHASTIC_LOCAL_TRAINING_OPERATION,False,0
123,6,28,1,11668761246626936418,2445389209772160611,IMMEDIATELY_BEFORE_FIRST_STOCHASTIC_LOCAL_TRAINING_OPERATION,False,0
123,6,6,1,7987510261960835894,7987510261960835894,IMMEDIATELY_BEFORE_FIRST_STOCHASTIC_LOCAL_TRAINING_OPERATION,False,0
123,6,1,1,14613790509497874817,5390418472643099010,IMMEDIATELY_BEFORE_FIRST_STOCHASTIC_LOCAL_TRAINING_OPERATION,False,0
123,6,2,1,3063234708545891482,3063234708545891482,IMMEDIATELY_BEFORE_FIRST_STOCHASTIC_LOCAL_TRAINING_OPERATION,False,0
123,6,7,1,9309912977535264504,86540940680488697,IMMEDIATELY_BEFORE_FIRST_STOCHASTIC_LOCAL_TRAINING_OPERATION,False,0
123,7,20,1,15348626372438185089,6125254335583409282,IMMEDIATELY_BEFORE_FIRST_STOCHASTIC_LOCAL_TRAINING_OPERATION,False,0
123,7,5,1,16154920692215536981,6931548655360761174,IMMEDIATELY_BEFORE_FIRST_STOCHASTIC_LOCAL_TRAINING_OPERATION,False,0
123,7,23,1,10266217543045735503,1042845506190959696,IMMEDIATELY_BEFORE_FIRST_STOCHASTIC_LOCAL_TRAINING_OPERATION,False,0
123,7,4,1,1097671071624555217,1097671071624555217,IMMEDIATELY_BEFORE_FIRST_STOCHASTIC_LOCAL_TRAINING_OPERATION,False,0
123,7,21,1,10964497630448235513,1741125593593459706,IMMEDIATELY_BEFORE_FIRST_STOCHASTIC_LOCAL_TRAINING_OPERATION,False,0
123,7,8,1,11031603903875238558,1808231867020462751,IMMEDIATELY_BEFORE_FIRST_STOCHASTIC_LOCAL_TRAINING_OPERATION,False,0
123,7,15,2,11779954710232432073,2556582673377656266,IMMEDIATELY_BEFORE_FIRST_STOCHASTIC_LOCAL_TRAINING_OPERATION,False,0
123,7,24,2,17260417661706855334,8037045624852079527,IMMEDIATELY_BEFORE_FIRST_STOCHASTIC_LOCAL_TRAINING_OPERATION,False,0
123,7,16,2,1813310489819392419,1813310489819392419,IMMEDIATELY_BEFORE_FIRST_STOCHASTIC_LOCAL_TRAINING_OPERATION,False,0
123,8,7,2,10502671104690782018,1279299067836006211,IMMEDIATELY_BEFORE_FIRST_STOCHASTIC_LOCAL_TRAINING_OPERATION,False,0
123,8,5,2,15127659180721930292,5904287143867154485,IMMEDIATELY_BEFORE_FIRST_STOCHASTIC_LOCAL_TRAINING_OPERATION,False,0
123,8,6,2,4153757640678156900,4153757640678156900,IMMEDIATELY_BEFORE_FIRST_STOCHASTIC_LOCAL_TRAINING_OPERATION,False,0
123,8,23,2,3530554159078581978,3530554159078581978,IMMEDIATELY_BEFORE_FIRST_STOCHASTIC_LOCAL_TRAINING_OPERATION,False,0
123,8,29,2,6453436616308669948,6453436616308669948,IMMEDIATELY_BEFORE_FIRST_STOCHASTIC_LOCAL_TRAINING_OPERATION,False,0
123,8,11,2,8392785614472893270,8392785614472893270,IMMEDIATELY_BEFORE_FIRST_STOCHASTIC_LOCAL_TRAINING_OPERATION,False,0
123,8,1,2,13846155964367573125,4622783927512797318,IMMEDIATELY_BEFORE_FIRST_STOCHASTIC_LOCAL_TRAINING_OPERATION,False,0
123,8,3,2,1569097185598670851,1569097185598670851,IMMEDIATELY_BEFORE_FIRST_STOCHASTIC_LOCAL_TRAINING_OPERATION,False,0
123,8,10,2,16913848676609484703,7690476639754708896,IMMEDIATELY_BEFORE_FIRST_STOCHASTIC_LOCAL_TRAINING_OPERATION,False,0
123,9,12,2,13821742976756093999,4598370939901318192,IMMEDIATELY_BEFORE_FIRST_STOCHASTIC_LOCAL_TRAINING_OPERATION,False,0
123,9,27,2,8834498112320551143,8834498112320551143,IMMEDIATELY_BEFORE_FIRST_STOCHASTIC_LOCAL_TRAINING_OPERATION,False,0
123,9,0,2,1942501844954028575,1942501844954028575,IMMEDIATELY_BEFORE_FIRST_STOCHASTIC_LOCAL_TRAINING_OPERATION,False,0
123,9,21,2,5617106703385766921,5617106703385766921,IMMEDIATELY_BEFORE_FIRST_STOCHASTIC_LOCAL_TRAINING_OPERATION,False,0
123,9,18,2,17897132312827399834,8673760275972624027,IMMEDIATELY_BEFORE_FIRST_STOCHASTIC_LOCAL_TRAINING_OPERATION,False,0
123,9,4,2,16439150579998602138,7215778543143826331,IMMEDIATELY_BEFORE_FIRST_STOCHASTIC_LOCAL_TRAINING_OPERATION,False,0
123,9,20,2,4491303569090398692,4491303569090398692,IMMEDIATELY_BEFORE_FIRST_STOCHASTIC_LOCAL_TRAINING_OPERATION,False,0
123,9,17,2,4225224992784621248,4225224992784621248,IMMEDIATELY_BEFORE_FIRST_STOCHASTIC_LOCAL_TRAINING_OPERATION,False,0
123,9,13,2,7096413651692856911,7096413651692856911,IMMEDIATELY_BEFORE_FIRST_STOCHASTIC_LOCAL_TRAINING_OPERATION,False,0
123,10,2,2,12366162569129066370,3142790532274290563,IMMEDIATELY_BEFORE_FIRST_STOCHASTIC_LOCAL_TRAINING_OPERATION,False,0
123,10,25,2,8431148902206497233,8431148902206497233,IMMEDIATELY_BEFORE_FIRST_STOCHASTIC_LOCAL_TRAINING_OPERATION,False,0
123,10,8,2,6213104989361168753,6213104989361168753,IMMEDIATELY_BEFORE_FIRST_STOCHASTIC_LOCAL_TRAINING_OPERATION,False,0
123,10,26,2,17869521180568700491,8646149143713924684,IMMEDIATELY_BEFORE_FIRST_STOCHASTIC_LOCAL_TRAINING_OPERATION,False,0
123,10,9,2,585301642534568138,585301642534568138,IMMEDIATELY_BEFORE_FIRST_STOCHASTIC_LOCAL_TRAINING_OPERATION,False,0
123,10,22,2,3217483941678655399,3217483941678655399,IMMEDIATELY_BEFORE_FIRST_STOCHASTIC_LOCAL_TRAINING_OPERATION,False,0
123,10,19,2,6733565095852036709,6733565095852036709,IMMEDIATELY_BEFORE_FIRST_STOCHASTIC_LOCAL_TRAINING_OPERATION,False,0
123,10,14,2,6798692326461597256,6798692326461597256,IMMEDIATELY_BEFORE_FIRST_STOCHASTIC_LOCAL_TRAINING_OPERATION,False,0
123,10,28,2,4734406706159121938,4734406706159121938,IMMEDIATELY_BEFORE_FIRST_STOCHASTIC_LOCAL_TRAINING_OPERATION,False,0
123,11,7,3,2773017534839302984,2773017534839302984,IMMEDIATELY_BEFORE_FIRST_STOCHASTIC_LOCAL_TRAINING_OPERATION,False,0
123,11,22,3,7301207812066304430,7301207812066304430,IMMEDIATELY_BEFORE_FIRST_STOCHASTIC_LOCAL_TRAINING_OPERATION,False,0
123,11,3,3,18244995350951283770,9021623314096507963,IMMEDIATELY_BEFORE_FIRST_STOCHASTIC_LOCAL_TRAINING_OPERATION,False,0
123,11,13,3,3747537589531453583,3747537589531453583,IMMEDIATELY_BEFORE_FIRST_STOCHASTIC_LOCAL_TRAINING_OPERATION,False,0
123,11,4,3,15302840640196959637,6079468603342183830,IMMEDIATELY_BEFORE_FIRST_STOCHASTIC_LOCAL_TRAINING_OPERATION,False,0
123,11,18,3,7604987542467020954,7604987542467020954,IMMEDIATELY_BEFORE_FIRST_STOCHASTIC_LOCAL_TRAINING_OPERATION,False,0
123,11,15,3,16806019169779106212,7582647132924330405,IMMEDIATELY_BEFORE_FIRST_STOCHASTIC_LOCAL_TRAINING_OPERATION,False,0
123,11,0,3,14695453421251801877,5472081384397026070,IMMEDIATELY_BEFORE_FIRST_STOCHASTIC_LOCAL_TRAINING_OPERATION,False,0
123,11,28,3,17981351839766672688,8757979802911896881,IMMEDIATELY_BEFORE_FIRST_STOCHASTIC_LOCAL_TRAINING_OPERATION,False,0
123,12,21,3,13009963372954374084,3786591336099598277,IMMEDIATELY_BEFORE_FIRST_STOCHASTIC_LOCAL_TRAINING_OPERATION,False,0
123,12,24,3,15561605278856662307,6338233242001886500,IMMEDIATELY_BEFORE_FIRST_STOCHASTIC_LOCAL_TRAINING_OPERATION,False,0
123,12,11,3,12774676479361066450,3551304442506290643,IMMEDIATELY_BEFORE_FIRST_STOCHASTIC_LOCAL_TRAINING_OPERATION,False,0
123,12,23,3,10938927295540257240,1715555258685481433,IMMEDIATELY_BEFORE_FIRST_STOCHASTIC_LOCAL_TRAINING_OPERATION,False,0
123,12,16,3,15254675339322814859,6031303302468039052,IMMEDIATELY_BEFORE_FIRST_STOCHASTIC_LOCAL_TRAINING_OPERATION,False,0
123,12,9,3,2190553030655082299,2190553030655082299,IMMEDIATELY_BEFORE_FIRST_STOCHASTIC_LOCAL_TRAINING_OPERATION,False,0
123,12,25,3,11931819752627325433,2708447715772549626,IMMEDIATELY_BEFORE_FIRST_STOCHASTIC_LOCAL_TRAINING_OPERATION,False,0
123,12,2,3,11496204410339903795,2272832373485127988,IMMEDIATELY_BEFORE_FIRST_STOCHASTIC_LOCAL_TRAINING_OPERATION,False,0
123,12,17,3,5776872291754261170,5776872291754261170,IMMEDIATELY_BEFORE_FIRST_STOCHASTIC_LOCAL_TRAINING_OPERATION,False,0
123,13,14,3,17529315401189266329,8305943364334490522,IMMEDIATELY_BEFORE_FIRST_STOCHASTIC_LOCAL_TRAINING_OPERATION,False,0
123,13,12,3,616246462854283812,616246462854283812,IMMEDIATELY_BEFORE_FIRST_STOCHASTIC_LOCAL_TRAINING_OPERATION,False,0
123,13,8,3,4267512875452633142,4267512875452633142,IMMEDIATELY_BEFORE_FIRST_STOCHASTIC_LOCAL_TRAINING_OPERATION,False,0
123,13,6,3,8735714456729341827,8735714456729341827,IMMEDIATELY_BEFORE_FIRST_STOCHASTIC_LOCAL_TRAINING_OPERATION,False,0
123,13,1,3,4423780258757702439,4423780258757702439,IMMEDIATELY_BEFORE_FIRST_STOCHASTIC_LOCAL_TRAINING_OPERATION,False,0
123,13,29,3,5224210561784889306,5224210561784889306,IMMEDIATELY_BEFORE_FIRST_STOCHASTIC_LOCAL_TRAINING_OPERATION,False,0
123,13,27,3,9297600649612385964,74228612757610157,IMMEDIATELY_BEFORE_FIRST_STOCHASTIC_LOCAL_TRAINING_OPERATION,False,0
123,13,20,3,11989951484950944751,2766579448096168944,IMMEDIATELY_BEFORE_FIRST_STOCHASTIC_LOCAL_TRAINING_OPERATION,False,0
123,13,5,3,4851643442594170347,4851643442594170347,IMMEDIATELY_BEFORE_FIRST_STOCHASTIC_LOCAL_TRAINING_OPERATION,False,0
123,14,19,3,17890268110273480034,8666896073418704227,IMMEDIATELY_BEFORE_FIRST_STOCHASTIC_LOCAL_TRAINING_OPERATION,False,0
123,14,26,3,6971110263408566283,6971110263408566283,IMMEDIATELY_BEFORE_FIRST_STOCHASTIC_LOCAL_TRAINING_OPERATION,False,0
123,14,10,3,18030836691689734948,8807464654834959141,IMMEDIATELY_BEFORE_FIRST_STOCHASTIC_LOCAL_TRAINING_OPERATION,False,0
123,14,23,4,16011076781504069846,6787704744649294039,IMMEDIATELY_BEFORE_FIRST_STOCHASTIC_LOCAL_TRAINING_OPERATION,False,0
123,14,20,4,11214598465639846768,1991226428785070961,IMMEDIATELY_BEFORE_FIRST_STOCHASTIC_LOCAL_TRAINING_OPERATION,False,0
123,14,7,4,2498989017920956619,2498989017920956619,IMMEDIATELY_BEFORE_FIRST_STOCHASTIC_LOCAL_TRAINING_OPERATION,False,0
123,14,3,4,6682576004676647003,6682576004676647003,IMMEDIATELY_BEFORE_FIRST_STOCHASTIC_LOCAL_TRAINING_OPERATION,False,0
123,14,0,4,7261801165018224418,7261801165018224418,IMMEDIATELY_BEFORE_FIRST_STOCHASTIC_LOCAL_TRAINING_OPERATION,False,0
123,14,29,4,6465410286363009981,6465410286363009981,IMMEDIATELY_BEFORE_FIRST_STOCHASTIC_LOCAL_TRAINING_OPERATION,False,0
123,15,24,4,9168676139650944087,9168676139650944087,IMMEDIATELY_BEFORE_FIRST_STOCHASTIC_LOCAL_TRAINING_OPERATION,False,0
123,15,8,4,6225783143289703886,6225783143289703886,IMMEDIATELY_BEFORE_FIRST_STOCHASTIC_LOCAL_TRAINING_OPERATION,False,0
123,15,17,4,11438922744494089587,2215550707639313780,IMMEDIATELY_BEFORE_FIRST_STOCHASTIC_LOCAL_TRAINING_OPERATION,False,0
123,15,11,4,6154844363829579743,6154844363829579743,IMMEDIATELY_BEFORE_FIRST_STOCHASTIC_LOCAL_TRAINING_OPERATION,False,0
123,15,27,4,8394699798501587081,8394699798501587081,IMMEDIATELY_BEFORE_FIRST_STOCHASTIC_LOCAL_TRAINING_OPERATION,False,0
123,15,1,4,14585500925319595315,5362128888464819508,IMMEDIATELY_BEFORE_FIRST_STOCHASTIC_LOCAL_TRAINING_OPERATION,False,0
123,15,6,4,965042074447790567,965042074447790567,IMMEDIATELY_BEFORE_FIRST_STOCHASTIC_LOCAL_TRAINING_OPERATION,False,0
123,15,18,4,8661625071651512969,8661625071651512969,IMMEDIATELY_BEFORE_FIRST_STOCHASTIC_LOCAL_TRAINING_OPERATION,False,0
123,15,19,4,3553461267098080626,3553461267098080626,IMMEDIATELY_BEFORE_FIRST_STOCHASTIC_LOCAL_TRAINING_OPERATION,False,0
123,16,10,4,2939797761661587838,2939797761661587838,IMMEDIATELY_BEFORE_FIRST_STOCHASTIC_LOCAL_TRAINING_OPERATION,False,0
123,16,28,4,12530023083376301425,3306651046521525618,IMMEDIATELY_BEFORE_FIRST_STOCHASTIC_LOCAL_TRAINING_OPERATION,False,0
123,16,14,4,3726161856960706032,3726161856960706032,IMMEDIATELY_BEFORE_FIRST_STOCHASTIC_LOCAL_TRAINING_OPERATION,False,0
123,16,22,4,7954866845720790502,7954866845720790502,IMMEDIATELY_BEFORE_FIRST_STOCHASTIC_LOCAL_TRAINING_OPERATION,False,0
123,16,15,4,17546963257110357558,8323591220255581751,IMMEDIATELY_BEFORE_FIRST_STOCHASTIC_LOCAL_TRAINING_OPERATION,False,0
123,16,4,4,16550478261981830072,7327106225127054265,IMMEDIATELY_BEFORE_FIRST_STOCHASTIC_LOCAL_TRAINING_OPERATION,False,0
123,16,12,4,3872380055792466816,3872380055792466816,IMMEDIATELY_BEFORE_FIRST_STOCHASTIC_LOCAL_TRAINING_OPERATION,False,0
123,16,9,4,14183980976337449577,4960608939482673770,IMMEDIATELY_BEFORE_FIRST_STOCHASTIC_LOCAL_TRAINING_OPERATION,False,0
123,16,16,4,16302915653271249573,7079543616416473766,IMMEDIATELY_BEFORE_FIRST_STOCHASTIC_LOCAL_TRAINING_OPERATION,False,0
123,17,21,4,9736340767092410165,512968730237634358,IMMEDIATELY_BEFORE_FIRST_STOCHASTIC_LOCAL_TRAINING_OPERATION,False,0
123,17,5,4,6503973612386999088,6503973612386999088,IMMEDIATELY_BEFORE_FIRST_STOCHASTIC_LOCAL_TRAINING_OPERATION,False,0
123,17,26,4,10392147043555828594,1168775006701052787,IMMEDIATELY_BEFORE_FIRST_STOCHASTIC_LOCAL_TRAINING_OPERATION,False,0
123,17,2,4,16244411491149371053,7021039454294595246,IMMEDIATELY_BEFORE_FIRST_STOCHASTIC_LOCAL_TRAINING_OPERATION,False,0
123,17,25,4,12627115224282930273,3403743187428154466,IMMEDIATELY_BEFORE_FIRST_STOCHASTIC_LOCAL_TRAINING_OPERATION,False,0
123,17,13,4,17179781069549949725,7956409032695173918,IMMEDIATELY_BEFORE_FIRST_STOCHASTIC_LOCAL_TRAINING_OPERATION,False,0
123,17,7,5,6740905811632023136,6740905811632023136,IMMEDIATELY_BEFORE_FIRST_STOCHASTIC_LOCAL_TRAINING_OPERATION,False,0
123,17,22,5,11463154864194863308,2239782827340087501,IMMEDIATELY_BEFORE_FIRST_STOCHASTIC_LOCAL_TRAINING_OPERATION,False,0
123,17,12,5,17031948105404393448,7808576068549617641,IMMEDIATELY_BEFORE_FIRST_STOCHASTIC_LOCAL_TRAINING_OPERATION,False,0
123,18,20,5,6247713939426113356,6247713939426113356,IMMEDIATELY_BEFORE_FIRST_STOCHASTIC_LOCAL_TRAINING_OPERATION,False,0
123,18,19,5,17513292723394837271,8289920686540061464,IMMEDIATELY_BEFORE_FIRST_STOCHASTIC_LOCAL_TRAINING_OPERATION,False,0
123,18,2,5,2988007753606593899,2988007753606593899,IMMEDIATELY_BEFORE_FIRST_STOCHASTIC_LOCAL_TRAINING_OPERATION,False,0
123,18,4,5,14057467727992448318,4834095691137672511,IMMEDIATELY_BEFORE_FIRST_STOCHASTIC_LOCAL_TRAINING_OPERATION,False,0
123,18,3,5,15730536841189033258,6507164804334257451,IMMEDIATELY_BEFORE_FIRST_STOCHASTIC_LOCAL_TRAINING_OPERATION,False,0
123,18,26,5,3527912303795790621,3527912303795790621,IMMEDIATELY_BEFORE_FIRST_STOCHASTIC_LOCAL_TRAINING_OPERATION,False,0
123,18,0,5,6683741920285831424,6683741920285831424,IMMEDIATELY_BEFORE_FIRST_STOCHASTIC_LOCAL_TRAINING_OPERATION,False,0
123,18,9,5,492168538057356775,492168538057356775,IMMEDIATELY_BEFORE_FIRST_STOCHASTIC_LOCAL_TRAINING_OPERATION,False,0
123,18,17,5,13582890966226814224,4359518929372038417,IMMEDIATELY_BEFORE_FIRST_STOCHASTIC_LOCAL_TRAINING_OPERATION,False,0
123,19,14,5,18047533725759062907,8824161688904287100,IMMEDIATELY_BEFORE_FIRST_STOCHASTIC_LOCAL_TRAINING_OPERATION,False,0
123,19,11,5,6608179188621363554,6608179188621363554,IMMEDIATELY_BEFORE_FIRST_STOCHASTIC_LOCAL_TRAINING_OPERATION,False,0
123,19,24,5,10446153496699736286,1222781459844960479,IMMEDIATELY_BEFORE_FIRST_STOCHASTIC_LOCAL_TRAINING_OPERATION,False,0
123,19,27,5,8241637442239680670,8241637442239680670,IMMEDIATELY_BEFORE_FIRST_STOCHASTIC_LOCAL_TRAINING_OPERATION,False,0
123,19,29,5,6159406792135470405,6159406792135470405,IMMEDIATELY_BEFORE_FIRST_STOCHASTIC_LOCAL_TRAINING_OPERATION,False,0
123,19,10,5,14383407118650560578,5160035081795784771,IMMEDIATELY_BEFORE_FIRST_STOCHASTIC_LOCAL_TRAINING_OPERATION,False,0
123,19,8,5,5320966936600513664,5320966936600513664,IMMEDIATELY_BEFORE_FIRST_STOCHASTIC_LOCAL_TRAINING_OPERATION,False,0
123,19,23,5,12568990827339737894,3345618790484962087,IMMEDIATELY_BEFORE_FIRST_STOCHASTIC_LOCAL_TRAINING_OPERATION,False,0
123,19,5,5,15675027212028399046,6451655175173623239,IMMEDIATELY_BEFORE_FIRST_STOCHASTIC_LOCAL_TRAINING_OPERATION,False,0
123,20,1,5,938691001135757008,938691001135757008,IMMEDIATELY_BEFORE_FIRST_STOCHASTIC_LOCAL_TRAINING_OPERATION,False,0
123,20,16,5,14874916607898298509,5651544571043522702,IMMEDIATELY_BEFORE_FIRST_STOCHASTIC_LOCAL_TRAINING_OPERATION,False,0
123,20,6,5,4399472488384371156,4399472488384371156,IMMEDIATELY_BEFORE_FIRST_STOCHASTIC_LOCAL_TRAINING_OPERATION,False,0
123,20,18,5,10640321958694243349,1416949921839467542,IMMEDIATELY_BEFORE_FIRST_STOCHASTIC_LOCAL_TRAINING_OPERATION,False,0
123,20,25,5,16725677902544949098,7502305865690173291,IMMEDIATELY_BEFORE_FIRST_STOCHASTIC_LOCAL_TRAINING_OPERATION,False,0
123,20,15,5,11125891886965702884,1902519850110927077,IMMEDIATELY_BEFORE_FIRST_STOCHASTIC_LOCAL_TRAINING_OPERATION,False,0
123,20,28,5,14516191805218242704,5292819768363466897,IMMEDIATELY_BEFORE_FIRST_STOCHASTIC_LOCAL_TRAINING_OPERATION,False,0
123,20,13,5,11918946226744555299,2695574189889779492,IMMEDIATELY_BEFORE_FIRST_STOCHASTIC_LOCAL_TRAINING_OPERATION,False,0
123,20,21,5,9298607587743458886,75235550888683079,IMMEDIATELY_BEFORE_FIRST_STOCHASTIC_LOCAL_TRAINING_OPERATION,False,0
456,1,23,0,16269814252777717094,7046442215922941287,IMMEDIATELY_BEFORE_FIRST_STOCHASTIC_LOCAL_TRAINING_OPERATION,False,0
456,1,24,0,2219320136860347235,2219320136860347235,IMMEDIATELY_BEFORE_FIRST_STOCHASTIC_LOCAL_TRAINING_OPERATION,False,0
456,1,2,0,8968922929942568045,8968922929942568045,IMMEDIATELY_BEFORE_FIRST_STOCHASTIC_LOCAL_TRAINING_OPERATION,False,0
456,1,13,0,13954493726803400545,4731121689948624738,IMMEDIATELY_BEFORE_FIRST_STOCHASTIC_LOCAL_TRAINING_OPERATION,False,0
456,1,28,0,14879820082538035755,5656448045683259948,IMMEDIATELY_BEFORE_FIRST_STOCHASTIC_LOCAL_TRAINING_OPERATION,False,0
456,1,9,0,3546678977398316204,3546678977398316204,IMMEDIATELY_BEFORE_FIRST_STOCHASTIC_LOCAL_TRAINING_OPERATION,False,0
456,1,16,0,9119293272805657219,9119293272805657219,IMMEDIATELY_BEFORE_FIRST_STOCHASTIC_LOCAL_TRAINING_OPERATION,False,0
456,1,12,0,11608903038817602983,2385531001962827176,IMMEDIATELY_BEFORE_FIRST_STOCHASTIC_LOCAL_TRAINING_OPERATION,False,0
456,1,19,0,5806427603710075321,5806427603710075321,IMMEDIATELY_BEFORE_FIRST_STOCHASTIC_LOCAL_TRAINING_OPERATION,False,0
456,2,6,0,16152087321593760309,6928715284738984502,IMMEDIATELY_BEFORE_FIRST_STOCHASTIC_LOCAL_TRAINING_OPERATION,False,0
456,2,27,0,6295318347585842469,6295318347585842469,IMMEDIATELY_BEFORE_FIRST_STOCHASTIC_LOCAL_TRAINING_OPERATION,False,0
456,2,11,0,9702999789208844440,479627752354068633,IMMEDIATELY_BEFORE_FIRST_STOCHASTIC_LOCAL_TRAINING_OPERATION,False,0
456,2,20,0,3693668598646323334,3693668598646323334,IMMEDIATELY_BEFORE_FIRST_STOCHASTIC_LOCAL_TRAINING_OPERATION,False,0
456,2,21,0,8047348098080644594,8047348098080644594,IMMEDIATELY_BEFORE_FIRST_STOCHASTIC_LOCAL_TRAINING_OPERATION,False,0
456,2,29,0,5842574897723743029,5842574897723743029,IMMEDIATELY_BEFORE_FIRST_STOCHASTIC_LOCAL_TRAINING_OPERATION,False,0
456,2,25,0,7003253887593979487,7003253887593979487,IMMEDIATELY_BEFORE_FIRST_STOCHASTIC_LOCAL_TRAINING_OPERATION,False,0
456,2,4,0,2317230536422654338,2317230536422654338,IMMEDIATELY_BEFORE_FIRST_STOCHASTIC_LOCAL_TRAINING_OPERATION,False,0
456,2,0,0,16081108993997477273,6857736957142701466,IMMEDIATELY_BEFORE_FIRST_STOCHASTIC_LOCAL_TRAINING_OPERATION,False,0
456,3,26,0,10864152117184141644,1640780080329365837,IMMEDIATELY_BEFORE_FIRST_STOCHASTIC_LOCAL_TRAINING_OPERATION,False,0
456,3,10,0,12140891716467618991,2917519679612843184,IMMEDIATELY_BEFORE_FIRST_STOCHASTIC_LOCAL_TRAINING_OPERATION,False,0
456,3,14,0,5820466028615061170,5820466028615061170,IMMEDIATELY_BEFORE_FIRST_STOCHASTIC_LOCAL_TRAINING_OPERATION,False,0
456,3,18,0,17283527470610418851,8060155433755643044,IMMEDIATELY_BEFORE_FIRST_STOCHASTIC_LOCAL_TRAINING_OPERATION,False,0
456,3,22,0,16067764904232306160,6844392867377530353,IMMEDIATELY_BEFORE_FIRST_STOCHASTIC_LOCAL_TRAINING_OPERATION,False,0
456,3,15,0,13554600310990446074,4331228274135670267,IMMEDIATELY_BEFORE_FIRST_STOCHASTIC_LOCAL_TRAINING_OPERATION,False,0
456,3,3,0,5363725719866133710,5363725719866133710,IMMEDIATELY_BEFORE_FIRST_STOCHASTIC_LOCAL_TRAINING_OPERATION,False,0
456,3,1,0,16562699141353897684,7339327104499121877,IMMEDIATELY_BEFORE_FIRST_STOCHASTIC_LOCAL_TRAINING_OPERATION,False,0
456,3,5,0,16274885422876105580,7051513386021329773,IMMEDIATELY_BEFORE_FIRST_STOCHASTIC_LOCAL_TRAINING_OPERATION,False,0
456,4,17,0,4850440094459967802,4850440094459967802,IMMEDIATELY_BEFORE_FIRST_STOCHASTIC_LOCAL_TRAINING_OPERATION,False,0
456,4,8,0,15552168148034748045,6328796111179972238,IMMEDIATELY_BEFORE_FIRST_STOCHASTIC_LOCAL_TRAINING_OPERATION,False,0
456,4,7,0,13571941032148074974,4348568995293299167,IMMEDIATELY_BEFORE_FIRST_STOCHASTIC_LOCAL_TRAINING_OPERATION,False,0
456,4,29,1,791389901774052814,791389901774052814,IMMEDIATELY_BEFORE_FIRST_STOCHASTIC_LOCAL_TRAINING_OPERATION,False,0
456,4,3,1,15784414451562638440,6561042414707862633,IMMEDIATELY_BEFORE_FIRST_STOCHASTIC_LOCAL_TRAINING_OPERATION,False,0
456,4,13,1,2095497205957592046,2095497205957592046,IMMEDIATELY_BEFORE_FIRST_STOCHASTIC_LOCAL_TRAINING_OPERATION,False,0
456,4,12,1,15765506233168352903,6542134196313577096,IMMEDIATELY_BEFORE_FIRST_STOCHASTIC_LOCAL_TRAINING_OPERATION,False,0
456,4,11,1,16903382168164578547,7680010131309802740,IMMEDIATELY_BEFORE_FIRST_STOCHASTIC_LOCAL_TRAINING_OPERATION,False,0
456,4,18,1,7477120244427771247,7477120244427771247,IMMEDIATELY_BEFORE_FIRST_STOCHASTIC_LOCAL_TRAINING_OPERATION,False,0
456,5,6,1,5072142805092162034,5072142805092162034,IMMEDIATELY_BEFORE_FIRST_STOCHASTIC_LOCAL_TRAINING_OPERATION,False,0
456,5,15,1,12175839398705086906,2952467361850311099,IMMEDIATELY_BEFORE_FIRST_STOCHASTIC_LOCAL_TRAINING_OPERATION,False,0
456,5,1,1,2290891042790535912,2290891042790535912,IMMEDIATELY_BEFORE_FIRST_STOCHASTIC_LOCAL_TRAINING_OPERATION,False,0
456,5,16,1,6849120608415838807,6849120608415838807,IMMEDIATELY_BEFORE_FIRST_STOCHASTIC_LOCAL_TRAINING_OPERATION,False,0
456,5,23,1,5422884192280658881,5422884192280658881,IMMEDIATELY_BEFORE_FIRST_STOCHASTIC_LOCAL_TRAINING_OPERATION,False,0
456,5,20,1,9402343795217000504,178971758362224697,IMMEDIATELY_BEFORE_FIRST_STOCHASTIC_LOCAL_TRAINING_OPERATION,False,0
456,5,2,1,8668224381790224375,8668224381790224375,IMMEDIATELY_BEFORE_FIRST_STOCHASTIC_LOCAL_TRAINING_OPERATION,False,0
456,5,19,1,6879742805148149532,6879742805148149532,IMMEDIATELY_BEFORE_FIRST_STOCHASTIC_LOCAL_TRAINING_OPERATION,False,0
456,5,5,1,12923756103869810415,3700384067015034608,IMMEDIATELY_BEFORE_FIRST_STOCHASTIC_LOCAL_TRAINING_OPERATION,False,0
456,6,7,1,2165768569098835482,2165768569098835482,IMMEDIATELY_BEFORE_FIRST_STOCHASTIC_LOCAL_TRAINING_OPERATION,False,0
456,6,24,1,14484117367132724764,5260745330277948957,IMMEDIATELY_BEFORE_FIRST_STOCHASTIC_LOCAL_TRAINING_OPERATION,False,0
456,6,28,1,10229707183137746145,1006335146282970338,IMMEDIATELY_BEFORE_FIRST_STOCHASTIC_LOCAL_TRAINING_OPERATION,False,0
456,6,17,1,6256321620356403052,6256321620356403052,IMMEDIATELY_BEFORE_FIRST_STOCHASTIC_LOCAL_TRAINING_OPERATION,False,0
456,6,8,1,1748624271940613320,1748624271940613320,IMMEDIATELY_BEFORE_FIRST_STOCHASTIC_LOCAL_TRAINING_OPERATION,False,0
456,6,26,1,13333948699908454163,4110576663053678356,IMMEDIATELY_BEFORE_FIRST_STOCHASTIC_LOCAL_TRAINING_OPERATION,False,0
456,6,0,1,14562092839247006635,5338720802392230828,IMMEDIATELY_BEFORE_FIRST_STOCHASTIC_LOCAL_TRAINING_OPERATION,False,0
456,6,22,1,17534199808909575341,8310827772054799534,IMMEDIATELY_BEFORE_FIRST_STOCHASTIC_LOCAL_TRAINING_OPERATION,False,0
456,6,9,1,7133261803497344011,7133261803497344011,IMMEDIATELY_BEFORE_FIRST_STOCHASTIC_LOCAL_TRAINING_OPERATION,False,0
456,7,10,1,4096409692838715464,4096409692838715464,IMMEDIATELY_BEFORE_FIRST_STOCHASTIC_LOCAL_TRAINING_OPERATION,False,0
456,7,25,1,14804224038248397485,5580852001393621678,IMMEDIATELY_BEFORE_FIRST_STOCHASTIC_LOCAL_TRAINING_OPERATION,False,0
456,7,14,1,14701304941680683945,5477932904825908138,IMMEDIATELY_BEFORE_FIRST_STOCHASTIC_LOCAL_TRAINING_OPERATION,False,0
456,7,27,1,4693397611229693560,4693397611229693560,IMMEDIATELY_BEFORE_FIRST_STOCHASTIC_LOCAL_TRAINING_OPERATION,False,0
456,7,4,1,13032784283505107297,3809412246650331490,IMMEDIATELY_BEFORE_FIRST_STOCHASTIC_LOCAL_TRAINING_OPERATION,False,0
456,7,21,1,6630514844585517731,6630514844585517731,IMMEDIATELY_BEFORE_FIRST_STOCHASTIC_LOCAL_TRAINING_OPERATION,False,0
456,7,23,2,486840763355801472,486840763355801472,IMMEDIATELY_BEFORE_FIRST_STOCHASTIC_LOCAL_TRAINING_OPERATION,False,0
456,7,11,2,10592780606921450005,1369408570066674198,IMMEDIATELY_BEFORE_FIRST_STOCHASTIC_LOCAL_TRAINING_OPERATION,False,0
456,7,3,2,8585589981787421467,8585589981787421467,IMMEDIATELY_BEFORE_FIRST_STOCHASTIC_LOCAL_TRAINING_OPERATION,False,0
456,8,21,2,3728935149885302794,3728935149885302794,IMMEDIATELY_BEFORE_FIRST_STOCHASTIC_LOCAL_TRAINING_OPERATION,False,0
456,8,22,2,11824526845204742836,2601154808349967029,IMMEDIATELY_BEFORE_FIRST_STOCHASTIC_LOCAL_TRAINING_OPERATION,False,0
456,8,28,2,16516334043276133628,7292962006421357821,IMMEDIATELY_BEFORE_FIRST_STOCHASTIC_LOCAL_TRAINING_OPERATION,False,0
456,8,20,2,17505322109141231566,8281950072286455759,IMMEDIATELY_BEFORE_FIRST_STOCHASTIC_LOCAL_TRAINING_OPERATION,False,0
456,8,19,2,6069249551026746683,6069249551026746683,IMMEDIATELY_BEFORE_FIRST_STOCHASTIC_LOCAL_TRAINING_OPERATION,False,0
456,8,15,2,8515781253621467825,8515781253621467825,IMMEDIATELY_BEFORE_FIRST_STOCHASTIC_LOCAL_TRAINING_OPERATION,False,0
456,8,0,2,13999117083463657565,4775745046608881758,IMMEDIATELY_BEFORE_FIRST_STOCHASTIC_LOCAL_TRAINING_OPERATION,False,0
456,8,9,2,17273169354293626408,8049797317438850601,IMMEDIATELY_BEFORE_FIRST_STOCHASTIC_LOCAL_TRAINING_OPERATION,False,0
456,8,29,2,13707947744481403038,4484575707626627231,IMMEDIATELY_BEFORE_FIRST_STOCHASTIC_LOCAL_TRAINING_OPERATION,False,0
456,9,10,2,16621948802035645443,7398576765180869636,IMMEDIATELY_BEFORE_FIRST_STOCHASTIC_LOCAL_TRAINING_OPERATION,False,0
456,9,6,2,10027782976873903330,804410940019127523,IMMEDIATELY_BEFORE_FIRST_STOCHASTIC_LOCAL_TRAINING_OPERATION,False,0
456,9,24,2,18128642445149484777,8905270408294708970,IMMEDIATELY_BEFORE_FIRST_STOCHASTIC_LOCAL_TRAINING_OPERATION,False,0
456,9,1,2,3011849818378072411,3011849818378072411,IMMEDIATELY_BEFORE_FIRST_STOCHASTIC_LOCAL_TRAINING_OPERATION,False,0
456,9,13,2,9012534048915248584,9012534048915248584,IMMEDIATELY_BEFORE_FIRST_STOCHASTIC_LOCAL_TRAINING_OPERATION,False,0
456,9,25,2,942039239589105325,942039239589105325,IMMEDIATELY_BEFORE_FIRST_STOCHASTIC_LOCAL_TRAINING_OPERATION,False,0
456,9,7,2,1605233744603157578,1605233744603157578,IMMEDIATELY_BEFORE_FIRST_STOCHASTIC_LOCAL_TRAINING_OPERATION,False,0
456,9,2,2,559100624892080111,559100624892080111,IMMEDIATELY_BEFORE_FIRST_STOCHASTIC_LOCAL_TRAINING_OPERATION,False,0
456,9,14,2,8643587855694052698,8643587855694052698,IMMEDIATELY_BEFORE_FIRST_STOCHASTIC_LOCAL_TRAINING_OPERATION,False,0
456,10,16,2,13553126677455587351,4329754640600811544,IMMEDIATELY_BEFORE_FIRST_STOCHASTIC_LOCAL_TRAINING_OPERATION,False,0
456,10,18,2,5401174280536315333,5401174280536315333,IMMEDIATELY_BEFORE_FIRST_STOCHASTIC_LOCAL_TRAINING_OPERATION,False,0
456,10,27,2,4046978398453272778,4046978398453272778,IMMEDIATELY_BEFORE_FIRST_STOCHASTIC_LOCAL_TRAINING_OPERATION,False,0
456,10,8,2,6130574294227232387,6130574294227232387,IMMEDIATELY_BEFORE_FIRST_STOCHASTIC_LOCAL_TRAINING_OPERATION,False,0
456,10,12,2,9084550117660261117,9084550117660261117,IMMEDIATELY_BEFORE_FIRST_STOCHASTIC_LOCAL_TRAINING_OPERATION,False,0
456,10,26,2,9585204423943524460,361832387088748653,IMMEDIATELY_BEFORE_FIRST_STOCHASTIC_LOCAL_TRAINING_OPERATION,False,0
456,10,5,2,7287698700035394358,7287698700035394358,IMMEDIATELY_BEFORE_FIRST_STOCHASTIC_LOCAL_TRAINING_OPERATION,False,0
456,10,4,2,16179252205688052397,6955880168833276590,IMMEDIATELY_BEFORE_FIRST_STOCHASTIC_LOCAL_TRAINING_OPERATION,False,0
456,10,17,2,9910558263977827410,687186227123051603,IMMEDIATELY_BEFORE_FIRST_STOCHASTIC_LOCAL_TRAINING_OPERATION,False,0
456,11,8,3,6613234900093454892,6613234900093454892,IMMEDIATELY_BEFORE_FIRST_STOCHASTIC_LOCAL_TRAINING_OPERATION,False,0
456,11,13,3,10010844469047833323,787472432193057516,IMMEDIATELY_BEFORE_FIRST_STOCHASTIC_LOCAL_TRAINING_OPERATION,False,0
456,11,29,3,8485653873168761167,8485653873168761167,IMMEDIATELY_BEFORE_FIRST_STOCHASTIC_LOCAL_TRAINING_OPERATION,False,0
456,11,1,3,206714249311222238,206714249311222238,IMMEDIATELY_BEFORE_FIRST_STOCHASTIC_LOCAL_TRAINING_OPERATION,False,0
456,11,4,3,7665393281735029410,7665393281735029410,IMMEDIATELY_BEFORE_FIRST_STOCHASTIC_LOCAL_TRAINING_OPERATION,False,0
456,11,27,3,2984445348394941896,2984445348394941896,IMMEDIATELY_BEFORE_FIRST_STOCHASTIC_LOCAL_TRAINING_OPERATION,False,0
456,11,12,3,9603034194227896978,379662157373121171,IMMEDIATELY_BEFORE_FIRST_STOCHASTIC_LOCAL_TRAINING_OPERATION,False,0
456,11,5,3,6915717019292601607,6915717019292601607,IMMEDIATELY_BEFORE_FIRST_STOCHASTIC_LOCAL_TRAINING_OPERATION,False,0
456,11,10,3,5240028570155579121,5240028570155579121,IMMEDIATELY_BEFORE_FIRST_STOCHASTIC_LOCAL_TRAINING_OPERATION,False,0
456,12,2,3,13497583223111888075,4274211186257112268,IMMEDIATELY_BEFORE_FIRST_STOCHASTIC_LOCAL_TRAINING_OPERATION,False,0
456,12,28,3,10256012396193042748,1032640359338266941,IMMEDIATELY_BEFORE_FIRST_STOCHASTIC_LOCAL_TRAINING_OPERATION,False,0
456,12,11,3,31805106054853383,31805106054853383,IMMEDIATELY_BEFORE_FIRST_STOCHASTIC_LOCAL_TRAINING_OPERATION,False,0
456,12,22,3,16943755185800925144,7720383148946149337,IMMEDIATELY_BEFORE_FIRST_STOCHASTIC_LOCAL_TRAINING_OPERATION,False,0
456,12,24,3,15077178990364882457,5853806953510106650,IMMEDIATELY_BEFORE_FIRST_STOCHASTIC_LOCAL_TRAINING_OPERATION,False,0
456,12,26,3,3210709446397195284,3210709446397195284,IMMEDIATELY_BEFORE_FIRST_STOCHASTIC_LOCAL_TRAINING_OPERATION,False,0
456,12,9,3,13236874461748465981,4013502424893690174,IMMEDIATELY_BEFORE_FIRST_STOCHASTIC_LOCAL_TRAINING_OPERATION,False,0
456,12,25,3,12253925757633491970,3030553720778716163,IMMEDIATELY_BEFORE_FIRST_STOCHASTIC_LOCAL_TRAINING_OPERATION,False,0
456,12,15,3,10412576400759045955,1189204363904270148,IMMEDIATELY_BEFORE_FIRST_STOCHASTIC_LOCAL_TRAINING_OPERATION,False,0
456,13,0,3,11093616650591001467,1870244613736225660,IMMEDIATELY_BEFORE_FIRST_STOCHASTIC_LOCAL_TRAINING_OPERATION,False,0
456,13,14,3,11163355828149499421,1939983791294723614,IMMEDIATELY_BEFORE_FIRST_STOCHASTIC_LOCAL_TRAINING_OPERATION,False,0
456,13,19,3,10414217622060630268,1190845585205854461,IMMEDIATELY_BEFORE_FIRST_STOCHASTIC_LOCAL_TRAINING_OPERATION,False,0
456,13,6,3,5372961651038090844,5372961651038090844,IMMEDIATELY_BEFORE_FIRST_STOCHASTIC_LOCAL_TRAINING_OPERATION,False,0
456,13,18,3,3428932767430365797,3428932767430365797,IMMEDIATELY_BEFORE_FIRST_STOCHASTIC_LOCAL_TRAINING_OPERATION,False,0
456,13,20,3,8213493516227269360,8213493516227269360,IMMEDIATELY_BEFORE_FIRST_STOCHASTIC_LOCAL_TRAINING_OPERATION,False,0
456,13,3,3,3586802873634606741,3586802873634606741,IMMEDIATELY_BEFORE_FIRST_STOCHASTIC_LOCAL_TRAINING_OPERATION,False,0
456,13,17,3,1399408460270434127,1399408460270434127,IMMEDIATELY_BEFORE_FIRST_STOCHASTIC_LOCAL_TRAINING_OPERATION,False,0
456,13,23,3,1790040267236174452,1790040267236174452,IMMEDIATELY_BEFORE_FIRST_STOCHASTIC_LOCAL_TRAINING_OPERATION,False,0
456,14,7,3,137841952248519856,137841952248519856,IMMEDIATELY_BEFORE_FIRST_STOCHASTIC_LOCAL_TRAINING_OPERATION,False,0
456,14,16,3,1215189466182183956,1215189466182183956,IMMEDIATELY_BEFORE_FIRST_STOCHASTIC_LOCAL_TRAINING_OPERATION,False,0
456,14,21,3,17773763774043563877,8550391737188788070,IMMEDIATELY_BEFORE_FIRST_STOCHASTIC_LOCAL_TRAINING_OPERATION,False,0
456,14,28,4,5512362890116844964,5512362890116844964,IMMEDIATELY_BEFORE_FIRST_STOCHASTIC_LOCAL_TRAINING_OPERATION,False,0
456,14,10,4,11847930189227184232,2624558152372408425,IMMEDIATELY_BEFORE_FIRST_STOCHASTIC_LOCAL_TRAINING_OPERATION,False,0
456,14,25,4,10723734807412070455,1500362770557294648,IMMEDIATELY_BEFORE_FIRST_STOCHASTIC_LOCAL_TRAINING_OPERATION,False,0
456,14,19,4,9805105107504065105,581733070649289298,IMMEDIATELY_BEFORE_FIRST_STOCHASTIC_LOCAL_TRAINING_OPERATION,False,0
456,14,1,4,13993146219924699695,4769774183069923888,IMMEDIATELY_BEFORE_FIRST_STOCHASTIC_LOCAL_TRAINING_OPERATION,False,0
456,14,0,4,11702259601711610925,2478887564856835118,IMMEDIATELY_BEFORE_FIRST_STOCHASTIC_LOCAL_TRAINING_OPERATION,False,0
456,15,21,4,346668948109399031,346668948109399031,IMMEDIATELY_BEFORE_FIRST_STOCHASTIC_LOCAL_TRAINING_OPERATION,False,0
456,15,5,4,15997028317831735784,6773656280976959977,IMMEDIATELY_BEFORE_FIRST_STOCHASTIC_LOCAL_TRAINING_OPERATION,False,0
456,15,4,4,5806440286781468900,5806440286781468900,IMMEDIATELY_BEFORE_FIRST_STOCHASTIC_LOCAL_TRAINING_OPERATION,False,0
456,15,20,4,6398056008896903587,6398056008896903587,IMMEDIATELY_BEFORE_FIRST_STOCHASTIC_LOCAL_TRAINING_OPERATION,False,0
456,15,15,4,851399721869702230,851399721869702230,IMMEDIATELY_BEFORE_FIRST_STOCHASTIC_LOCAL_TRAINING_OPERATION,False,0
456,15,2,4,13306832361553101996,4083460324698326189,IMMEDIATELY_BEFORE_FIRST_STOCHASTIC_LOCAL_TRAINING_OPERATION,False,0
456,15,3,4,1396425808877895847,1396425808877895847,IMMEDIATELY_BEFORE_FIRST_STOCHASTIC_LOCAL_TRAINING_OPERATION,False,0
456,15,24,4,4893692719768230038,4893692719768230038,IMMEDIATELY_BEFORE_FIRST_STOCHASTIC_LOCAL_TRAINING_OPERATION,False,0
456,15,7,4,10343757935214103555,1120385898359327748,IMMEDIATELY_BEFORE_FIRST_STOCHASTIC_LOCAL_TRAINING_OPERATION,False,0
456,16,22,4,685989445494056383,685989445494056383,IMMEDIATELY_BEFORE_FIRST_STOCHASTIC_LOCAL_TRAINING_OPERATION,False,0
456,16,17,4,31432300764284966,31432300764284966,IMMEDIATELY_BEFORE_FIRST_STOCHASTIC_LOCAL_TRAINING_OPERATION,False,0
456,16,18,4,3932597835500449289,3932597835500449289,IMMEDIATELY_BEFORE_FIRST_STOCHASTIC_LOCAL_TRAINING_OPERATION,False,0
456,16,13,4,185215696322446984,185215696322446984,IMMEDIATELY_BEFORE_FIRST_STOCHASTIC_LOCAL_TRAINING_OPERATION,False,0
456,16,27,4,11277639214327483340,2054267177472707533,IMMEDIATELY_BEFORE_FIRST_STOCHASTIC_LOCAL_TRAINING_OPERATION,False,0
456,16,14,4,9214280574165576741,9214280574165576741,IMMEDIATELY_BEFORE_FIRST_STOCHASTIC_LOCAL_TRAINING_OPERATION,False,0
456,16,12,4,12117534960617393340,2894162923762617533,IMMEDIATELY_BEFORE_FIRST_STOCHASTIC_LOCAL_TRAINING_OPERATION,False,0
456,16,16,4,18237073390619866539,9013701353765090732,IMMEDIATELY_BEFORE_FIRST_STOCHASTIC_LOCAL_TRAINING_OPERATION,False,0
456,16,26,4,8494459452745788469,8494459452745788469,IMMEDIATELY_BEFORE_FIRST_STOCHASTIC_LOCAL_TRAINING_OPERATION,False,0
456,17,11,4,12844746463332066323,3621374426477290516,IMMEDIATELY_BEFORE_FIRST_STOCHASTIC_LOCAL_TRAINING_OPERATION,False,0
456,17,6,4,5502307636657899551,5502307636657899551,IMMEDIATELY_BEFORE_FIRST_STOCHASTIC_LOCAL_TRAINING_OPERATION,False,0
456,17,8,4,10834974987175359189,1611602950320583382,IMMEDIATELY_BEFORE_FIRST_STOCHASTIC_LOCAL_TRAINING_OPERATION,False,0
456,17,9,4,13861180133901691232,4637808097046915425,IMMEDIATELY_BEFORE_FIRST_STOCHASTIC_LOCAL_TRAINING_OPERATION,False,0
456,17,23,4,7630173749204310225,7630173749204310225,IMMEDIATELY_BEFORE_FIRST_STOCHASTIC_LOCAL_TRAINING_OPERATION,False,0
456,17,29,4,13809714080261374433,4586342043406598626,IMMEDIATELY_BEFORE_FIRST_STOCHASTIC_LOCAL_TRAINING_OPERATION,False,0
456,17,10,5,18407155504465838240,9183783467611062433,IMMEDIATELY_BEFORE_FIRST_STOCHASTIC_LOCAL_TRAINING_OPERATION,False,0
456,17,0,5,3634234401123753458,3634234401123753458,IMMEDIATELY_BEFORE_FIRST_STOCHASTIC_LOCAL_TRAINING_OPERATION,False,0
456,17,22,5,4661141976634973750,4661141976634973750,IMMEDIATELY_BEFORE_FIRST_STOCHASTIC_LOCAL_TRAINING_OPERATION,False,0
456,18,3,5,593931276751955874,593931276751955874,IMMEDIATELY_BEFORE_FIRST_STOCHASTIC_LOCAL_TRAINING_OPERATION,False,0
456,18,27,5,16009260385828787491,6785888348974011684,IMMEDIATELY_BEFORE_FIRST_STOCHASTIC_LOCAL_TRAINING_OPERATION,False,0
456,18,9,5,13614592841368136338,4391220804513360531,IMMEDIATELY_BEFORE_FIRST_STOCHASTIC_LOCAL_TRAINING_OPERATION,False,0
456,18,13,5,17062943726836763231,7839571689981987424,IMMEDIATELY_BEFORE_FIRST_STOCHASTIC_LOCAL_TRAINING_OPERATION,False,0
456,18,19,5,2464604388317329916,2464604388317329916,IMMEDIATELY_BEFORE_FIRST_STOCHASTIC_LOCAL_TRAINING_OPERATION,False,0
456,18,15,5,3175061789852777357,3175061789852777357,IMMEDIATELY_BEFORE_FIRST_STOCHASTIC_LOCAL_TRAINING_OPERATION,False,0
456,18,1,5,5819451193472469415,5819451193472469415,IMMEDIATELY_BEFORE_FIRST_STOCHASTIC_LOCAL_TRAINING_OPERATION,False,0
456,18,20,5,6508271277963529032,6508271277963529032,IMMEDIATELY_BEFORE_FIRST_STOCHASTIC_LOCAL_TRAINING_OPERATION,False,0
456,18,21,5,17576404025759402896,8353031988904627089,IMMEDIATELY_BEFORE_FIRST_STOCHASTIC_LOCAL_TRAINING_OPERATION,False,0
456,19,17,5,3569305071905046899,3569305071905046899,IMMEDIATELY_BEFORE_FIRST_STOCHASTIC_LOCAL_TRAINING_OPERATION,False,0
456,19,8,5,4060165351771675826,4060165351771675826,IMMEDIATELY_BEFORE_FIRST_STOCHASTIC_LOCAL_TRAINING_OPERATION,False,0
456,19,11,5,3350912145079315382,3350912145079315382,IMMEDIATELY_BEFORE_FIRST_STOCHASTIC_LOCAL_TRAINING_OPERATION,False,0
456,19,16,5,9050487913535726988,9050487913535726988,IMMEDIATELY_BEFORE_FIRST_STOCHASTIC_LOCAL_TRAINING_OPERATION,False,0
456,19,2,5,10666828470860948555,1443456434006172748,IMMEDIATELY_BEFORE_FIRST_STOCHASTIC_LOCAL_TRAINING_OPERATION,False,0
456,19,26,5,4820788132567177743,4820788132567177743,IMMEDIATELY_BEFORE_FIRST_STOCHASTIC_LOCAL_TRAINING_OPERATION,False,0
456,19,24,5,9912606946036427015,689234909181651208,IMMEDIATELY_BEFORE_FIRST_STOCHASTIC_LOCAL_TRAINING_OPERATION,False,0
456,19,6,5,5621054869596842416,5621054869596842416,IMMEDIATELY_BEFORE_FIRST_STOCHASTIC_LOCAL_TRAINING_OPERATION,False,0
456,19,4,5,952986073033010675,952986073033010675,IMMEDIATELY_BEFORE_FIRST_STOCHASTIC_LOCAL_TRAINING_OPERATION,False,0
456,20,5,5,16563306480804114846,7339934443949339039,IMMEDIATELY_BEFORE_FIRST_STOCHASTIC_LOCAL_TRAINING_OPERATION,False,0
456,20,23,5,10385479449001561392,1162107412146785585,IMMEDIATELY_BEFORE_FIRST_STOCHASTIC_LOCAL_TRAINING_OPERATION,False,0
456,20,28,5,8651997077369398161,8651997077369398161,IMMEDIATELY_BEFORE_FIRST_STOCHASTIC_LOCAL_TRAINING_OPERATION,False,0
456,20,7,5,2012196300795172717,2012196300795172717,IMMEDIATELY_BEFORE_FIRST_STOCHASTIC_LOCAL_TRAINING_OPERATION,False,0
456,20,14,5,13211264506190898283,3987892469336122476,IMMEDIATELY_BEFORE_FIRST_STOCHASTIC_LOCAL_TRAINING_OPERATION,False,0
456,20,18,5,13823974358947185879,4600602322092410072,IMMEDIATELY_BEFORE_FIRST_STOCHASTIC_LOCAL_TRAINING_OPERATION,False,0
456,20,12,5,15553907101583939348,6330535064729163541,IMMEDIATELY_BEFORE_FIRST_STOCHASTIC_LOCAL_TRAINING_OPERATION,False,0
456,20,29,5,2144681511712876266,2144681511712876266,IMMEDIATELY_BEFORE_FIRST_STOCHASTIC_LOCAL_TRAINING_OPERATION,False,0
456,20,25,5,16534699187765144482,7311327150910368675,IMMEDIATELY_BEFORE_FIRST_STOCHASTIC_LOCAL_TRAINING_OPERATION,False,0
789,1,20,0,3372360892717611721,3372360892717611721,IMMEDIATELY_BEFORE_FIRST_STOCHASTIC_LOCAL_TRAINING_OPERATION,False,0
789,1,10,0,13988469662850596319,4765097625995820512,IMMEDIATELY_BEFORE_FIRST_STOCHASTIC_LOCAL_TRAINING_OPERATION,False,0
789,1,9,0,16549742499708372532,7326370462853596725,IMMEDIATELY_BEFORE_FIRST_STOCHASTIC_LOCAL_TRAINING_OPERATION,False,0
789,1,12,0,4752005248875189994,4752005248875189994,IMMEDIATELY_BEFORE_FIRST_STOCHASTIC_LOCAL_TRAINING_OPERATION,False,0
789,1,13,0,4969460120635544633,4969460120635544633,IMMEDIATELY_BEFORE_FIRST_STOCHASTIC_LOCAL_TRAINING_OPERATION,False,0
789,1,11,0,314034751340350266,314034751340350266,IMMEDIATELY_BEFORE_FIRST_STOCHASTIC_LOCAL_TRAINING_OPERATION,False,0
789,1,15,0,14381287677675398073,5157915640820622266,IMMEDIATELY_BEFORE_FIRST_STOCHASTIC_LOCAL_TRAINING_OPERATION,False,0
789,1,3,0,3592443426556993716,3592443426556993716,IMMEDIATELY_BEFORE_FIRST_STOCHASTIC_LOCAL_TRAINING_OPERATION,False,0
789,1,2,0,4650658746600860594,4650658746600860594,IMMEDIATELY_BEFORE_FIRST_STOCHASTIC_LOCAL_TRAINING_OPERATION,False,0
789,2,24,0,2944893416341486183,2944893416341486183,IMMEDIATELY_BEFORE_FIRST_STOCHASTIC_LOCAL_TRAINING_OPERATION,False,0
789,2,28,0,17811926836159201573,8588554799304425766,IMMEDIATELY_BEFORE_FIRST_STOCHASTIC_LOCAL_TRAINING_OPERATION,False,0
789,2,4,0,5331555692573316173,5331555692573316173,IMMEDIATELY_BEFORE_FIRST_STOCHASTIC_LOCAL_TRAINING_OPERATION,False,0
789,2,0,0,212252663740492625,212252663740492625,IMMEDIATELY_BEFORE_FIRST_STOCHASTIC_LOCAL_TRAINING_OPERATION,False,0
789,2,25,0,17608226162984989823,8384854126130214016,IMMEDIATELY_BEFORE_FIRST_STOCHASTIC_LOCAL_TRAINING_OPERATION,False,0
789,2,14,0,3404408353135418178,3404408353135418178,IMMEDIATELY_BEFORE_FIRST_STOCHASTIC_LOCAL_TRAINING_OPERATION,False,0
789,2,17,0,3559862988546012340,3559862988546012340,IMMEDIATELY_BEFORE_FIRST_STOCHASTIC_LOCAL_TRAINING_OPERATION,False,0
789,2,23,0,6854483875541476416,6854483875541476416,IMMEDIATELY_BEFORE_FIRST_STOCHASTIC_LOCAL_TRAINING_OPERATION,False,0
789,2,22,0,18288942069016383936,9065570032161608129,IMMEDIATELY_BEFORE_FIRST_STOCHASTIC_LOCAL_TRAINING_OPERATION,False,0
789,3,27,0,14479972808847674139,5256600771992898332,IMMEDIATELY_BEFORE_FIRST_STOCHASTIC_LOCAL_TRAINING_OPERATION,False,0
789,3,21,0,4694646180838986776,4694646180838986776,IMMEDIATELY_BEFORE_FIRST_STOCHASTIC_LOCAL_TRAINING_OPERATION,False,0
789,3,7,0,7259091529043050930,7259091529043050930,IMMEDIATELY_BEFORE_FIRST_STOCHASTIC_LOCAL_TRAINING_OPERATION,False,0
789,3,5,0,14019543932759528397,4796171895904752590,IMMEDIATELY_BEFORE_FIRST_STOCHASTIC_LOCAL_TRAINING_OPERATION,False,0
789,3,16,0,5132240918415962858,5132240918415962858,IMMEDIATELY_BEFORE_FIRST_STOCHASTIC_LOCAL_TRAINING_OPERATION,False,0
789,3,19,0,11231531049823237351,2008159012968461544,IMMEDIATELY_BEFORE_FIRST_STOCHASTIC_LOCAL_TRAINING_OPERATION,False,0
789,3,29,0,6436277778899765519,6436277778899765519,IMMEDIATELY_BEFORE_FIRST_STOCHASTIC_LOCAL_TRAINING_OPERATION,False,0
789,3,8,0,10420213903825403259,1196841866970627452,IMMEDIATELY_BEFORE_FIRST_STOCHASTIC_LOCAL_TRAINING_OPERATION,False,0
789,3,1,0,3879275611231148048,3879275611231148048,IMMEDIATELY_BEFORE_FIRST_STOCHASTIC_LOCAL_TRAINING_OPERATION,False,0
789,4,6,0,1086933825696779703,1086933825696779703,IMMEDIATELY_BEFORE_FIRST_STOCHASTIC_LOCAL_TRAINING_OPERATION,False,0
789,4,18,0,7803923019157270766,7803923019157270766,IMMEDIATELY_BEFORE_FIRST_STOCHASTIC_LOCAL_TRAINING_OPERATION,False,0
789,4,26,0,12909222538994907567,3685850502140131760,IMMEDIATELY_BEFORE_FIRST_STOCHASTIC_LOCAL_TRAINING_OPERATION,False,0
789,4,5,1,10387842370548931085,1164470333694155278,IMMEDIATELY_BEFORE_FIRST_STOCHASTIC_LOCAL_TRAINING_OPERATION,False,0
789,4,7,1,14749929162453739108,5526557125598963301,IMMEDIATELY_BEFORE_FIRST_STOCHASTIC_LOCAL_TRAINING_OPERATION,False,0
789,4,3,1,4235869631927639586,4235869631927639586,IMMEDIATELY_BEFORE_FIRST_STOCHASTIC_LOCAL_TRAINING_OPERATION,False,0
789,4,10,1,6883756670846939620,6883756670846939620,IMMEDIATELY_BEFORE_FIRST_STOCHASTIC_LOCAL_TRAINING_OPERATION,False,0
789,4,28,1,4389378611489409510,4389378611489409510,IMMEDIATELY_BEFORE_FIRST_STOCHASTIC_LOCAL_TRAINING_OPERATION,False,0
789,4,21,1,1243154916190512325,1243154916190512325,IMMEDIATELY_BEFORE_FIRST_STOCHASTIC_LOCAL_TRAINING_OPERATION,False,0
789,5,23,1,15703534437475201171,6480162400620425364,IMMEDIATELY_BEFORE_FIRST_STOCHASTIC_LOCAL_TRAINING_OPERATION,False,0
789,5,2,1,13386054041870042358,4162682005015266551,IMMEDIATELY_BEFORE_FIRST_STOCHASTIC_LOCAL_TRAINING_OPERATION,False,0
789,5,25,1,7075012462703904930,7075012462703904930,IMMEDIATELY_BEFORE_FIRST_STOCHASTIC_LOCAL_TRAINING_OPERATION,False,0
789,5,0,1,52488532024584554,52488532024584554,IMMEDIATELY_BEFORE_FIRST_STOCHASTIC_LOCAL_TRAINING_OPERATION,False,0
789,5,22,1,7521650502523647012,7521650502523647012,IMMEDIATELY_BEFORE_FIRST_STOCHASTIC_LOCAL_TRAINING_OPERATION,False,0
789,5,20,1,11174395867346646178,1951023830491870371,IMMEDIATELY_BEFORE_FIRST_STOCHASTIC_LOCAL_TRAINING_OPERATION,False,0
789,5,18,1,4887881680664968382,4887881680664968382,IMMEDIATELY_BEFORE_FIRST_STOCHASTIC_LOCAL_TRAINING_OPERATION,False,0
789,5,26,1,15354875869649249761,6131503832794473954,IMMEDIATELY_BEFORE_FIRST_STOCHASTIC_LOCAL_TRAINING_OPERATION,False,0
789,5,1,1,17582228513677981141,8358856476823205334,IMMEDIATELY_BEFORE_FIRST_STOCHASTIC_LOCAL_TRAINING_OPERATION,False,0
789,6,12,1,5839582406299687588,5839582406299687588,IMMEDIATELY_BEFORE_FIRST_STOCHASTIC_LOCAL_TRAINING_OPERATION,False,0
789,6,6,1,14812582467175801417,5589210430321025610,IMMEDIATELY_BEFORE_FIRST_STOCHASTIC_LOCAL_TRAINING_OPERATION,False,0
789,6,13,1,2455093788699773674,2455093788699773674,IMMEDIATELY_BEFORE_FIRST_STOCHASTIC_LOCAL_TRAINING_OPERATION,False,0
789,6,4,1,4245536606508970995,4245536606508970995,IMMEDIATELY_BEFORE_FIRST_STOCHASTIC_LOCAL_TRAINING_OPERATION,False,0
789,6,16,1,1456565405136489534,1456565405136489534,IMMEDIATELY_BEFORE_FIRST_STOCHASTIC_LOCAL_TRAINING_OPERATION,False,0
789,6,14,1,11772268546082095457,2548896509227319650,IMMEDIATELY_BEFORE_FIRST_STOCHASTIC_LOCAL_TRAINING_OPERATION,False,0
789,6,27,1,2887343665406031112,2887343665406031112,IMMEDIATELY_BEFORE_FIRST_STOCHASTIC_LOCAL_TRAINING_OPERATION,False,0
789,6,29,1,8899177070142842138,8899177070142842138,IMMEDIATELY_BEFORE_FIRST_STOCHASTIC_LOCAL_TRAINING_OPERATION,False,0
789,6,11,1,7796647894311400440,7796647894311400440,IMMEDIATELY_BEFORE_FIRST_STOCHASTIC_LOCAL_TRAINING_OPERATION,False,0
789,7,19,1,15456912189498186056,6233540152643410249,IMMEDIATELY_BEFORE_FIRST_STOCHASTIC_LOCAL_TRAINING_OPERATION,False,0
789,7,17,1,12219494994075426177,2996122957220650370,IMMEDIATELY_BEFORE_FIRST_STOCHASTIC_LOCAL_TRAINING_OPERATION,False,0
789,7,9,1,10594109363339684582,1370737326484908775,IMMEDIATELY_BEFORE_FIRST_STOCHASTIC_LOCAL_TRAINING_OPERATION,False,0
789,7,15,1,14117024698942031955,4893652662087256148,IMMEDIATELY_BEFORE_FIRST_STOCHASTIC_LOCAL_TRAINING_OPERATION,False,0
789,7,8,1,977693842602535088,977693842602535088,IMMEDIATELY_BEFORE_FIRST_STOCHASTIC_LOCAL_TRAINING_OPERATION,False,0
789,7,24,1,3822309210176813425,3822309210176813425,IMMEDIATELY_BEFORE_FIRST_STOCHASTIC_LOCAL_TRAINING_OPERATION,False,0
789,7,16,2,4335973332996959226,4335973332996959226,IMMEDIATELY_BEFORE_FIRST_STOCHASTIC_LOCAL_TRAINING_OPERATION,False,0
789,7,10,2,15817154563195616716,6593782526340840909,IMMEDIATELY_BEFORE_FIRST_STOCHASTIC_LOCAL_TRAINING_OPERATION,False,0
789,7,29,2,15080197811742953682,5856825774888177875,IMMEDIATELY_BEFORE_FIRST_STOCHASTIC_LOCAL_TRAINING_OPERATION,False,0
789,8,24,2,12913981136390405854,3690609099535630047,IMMEDIATELY_BEFORE_FIRST_STOCHASTIC_LOCAL_TRAINING_OPERATION,False,0
789,8,27,2,14617667010195315234,5394294973340539427,IMMEDIATELY_BEFORE_FIRST_STOCHASTIC_LOCAL_TRAINING_OPERATION,False,0
789,8,9,2,13429493040496619411,4206121003641843604,IMMEDIATELY_BEFORE_FIRST_STOCHASTIC_LOCAL_TRAINING_OPERATION,False,0
789,8,25,2,11683211960499988936,2459839923645213129,IMMEDIATELY_BEFORE_FIRST_STOCHASTIC_LOCAL_TRAINING_OPERATION,False,0
789,8,13,2,4098532758987348097,4098532758987348097,IMMEDIATELY_BEFORE_FIRST_STOCHASTIC_LOCAL_TRAINING_OPERATION,False,0
789,8,23,2,11698395446587051408,2475023409732275601,IMMEDIATELY_BEFORE_FIRST_STOCHASTIC_LOCAL_TRAINING_OPERATION,False,0
789,8,4,2,15384403818492918220,6161031781638142413,IMMEDIATELY_BEFORE_FIRST_STOCHASTIC_LOCAL_TRAINING_OPERATION,False,0
789,8,28,2,9887862898725623223,664490861870847416,IMMEDIATELY_BEFORE_FIRST_STOCHASTIC_LOCAL_TRAINING_OPERATION,False,0
789,8,15,2,7094993275551634444,7094993275551634444,IMMEDIATELY_BEFORE_FIRST_STOCHASTIC_LOCAL_TRAINING_OPERATION,False,0
789,9,21,2,6311633113187679235,6311633113187679235,IMMEDIATELY_BEFORE_FIRST_STOCHASTIC_LOCAL_TRAINING_OPERATION,False,0
789,9,11,2,15529353470145860619,6305981433291084812,IMMEDIATELY_BEFORE_FIRST_STOCHASTIC_LOCAL_TRAINING_OPERATION,False,0
789,9,5,2,9750112494405195324,526740457550419517,IMMEDIATELY_BEFORE_FIRST_STOCHASTIC_LOCAL_TRAINING_OPERATION,False,0
789,9,12,2,1560866236167003168,1560866236167003168,IMMEDIATELY_BEFORE_FIRST_STOCHASTIC_LOCAL_TRAINING_OPERATION,False,0
789,9,6,2,14024366341581981426,4800994304727205619,IMMEDIATELY_BEFORE_FIRST_STOCHASTIC_LOCAL_TRAINING_OPERATION,False,0
789,9,2,2,4024274933891178653,4024274933891178653,IMMEDIATELY_BEFORE_FIRST_STOCHASTIC_LOCAL_TRAINING_OPERATION,False,0
789,9,3,2,18311937436324011425,9088565399469235618,IMMEDIATELY_BEFORE_FIRST_STOCHASTIC_LOCAL_TRAINING_OPERATION,False,0
789,9,8,2,14600223024936569091,5376850988081793284,IMMEDIATELY_BEFORE_FIRST_STOCHASTIC_LOCAL_TRAINING_OPERATION,False,0
789,9,1,2,13692474078286386203,4469102041431610396,IMMEDIATELY_BEFORE_FIRST_STOCHASTIC_LOCAL_TRAINING_OPERATION,False,0
789,10,26,2,3421765738634856786,3421765738634856786,IMMEDIATELY_BEFORE_FIRST_STOCHASTIC_LOCAL_TRAINING_OPERATION,False,0
789,10,17,2,1926069014882670340,1926069014882670340,IMMEDIATELY_BEFORE_FIRST_STOCHASTIC_LOCAL_TRAINING_OPERATION,False,0
789,10,19,2,508196577903606702,508196577903606702,IMMEDIATELY_BEFORE_FIRST_STOCHASTIC_LOCAL_TRAINING_OPERATION,False,0
789,10,14,2,12991809949902733478,3768437913047957671,IMMEDIATELY_BEFORE_FIRST_STOCHASTIC_LOCAL_TRAINING_OPERATION,False,0
789,10,18,2,6269037550533356483,6269037550533356483,IMMEDIATELY_BEFORE_FIRST_STOCHASTIC_LOCAL_TRAINING_OPERATION,False,0
789,10,20,2,11285575485781818380,2062203448927042573,IMMEDIATELY_BEFORE_FIRST_STOCHASTIC_LOCAL_TRAINING_OPERATION,False,0
789,10,7,2,12345532900661153969,3122160863806378162,IMMEDIATELY_BEFORE_FIRST_STOCHASTIC_LOCAL_TRAINING_OPERATION,False,0
789,10,0,2,17933354761713133402,8709982724858357595,IMMEDIATELY_BEFORE_FIRST_STOCHASTIC_LOCAL_TRAINING_OPERATION,False,0
789,10,22,2,11315827303039277,11315827303039277,IMMEDIATELY_BEFORE_FIRST_STOCHASTIC_LOCAL_TRAINING_OPERATION,False,0
789,11,26,3,15315188522959699630,6091816486104923823,IMMEDIATELY_BEFORE_FIRST_STOCHASTIC_LOCAL_TRAINING_OPERATION,False,0
789,11,13,3,5174359504478804693,5174359504478804693,IMMEDIATELY_BEFORE_FIRST_STOCHASTIC_LOCAL_TRAINING_OPERATION,False,0
789,11,20,3,9867725323359165280,644353286504389473,IMMEDIATELY_BEFORE_FIRST_STOCHASTIC_LOCAL_TRAINING_OPERATION,False,0
789,11,11,3,17873847289174392826,8650475252319617019,IMMEDIATELY_BEFORE_FIRST_STOCHASTIC_LOCAL_TRAINING_OPERATION,False,0
789,11,2,3,187826859658479947,187826859658479947,IMMEDIATELY_BEFORE_FIRST_STOCHASTIC_LOCAL_TRAINING_OPERATION,False,0
789,11,23,3,15153545984840513239,5930173947985737432,IMMEDIATELY_BEFORE_FIRST_STOCHASTIC_LOCAL_TRAINING_OPERATION,False,0
789,11,8,3,6547597241457072602,6547597241457072602,IMMEDIATELY_BEFORE_FIRST_STOCHASTIC_LOCAL_TRAINING_OPERATION,False,0
789,11,24,3,15937541524946374527,6714169488091598720,IMMEDIATELY_BEFORE_FIRST_STOCHASTIC_LOCAL_TRAINING_OPERATION,False,0
789,11,9,3,12999616986054467795,3776244949199691988,IMMEDIATELY_BEFORE_FIRST_STOCHASTIC_LOCAL_TRAINING_OPERATION,False,0
789,12,28,3,14141518593770138697,4918146556915362890,IMMEDIATELY_BEFORE_FIRST_STOCHASTIC_LOCAL_TRAINING_OPERATION,False,0
789,12,3,3,16821820308171402506,7598448271316626699,IMMEDIATELY_BEFORE_FIRST_STOCHASTIC_LOCAL_TRAINING_OPERATION,False,0
789,12,22,3,13765995972245825835,4542623935391050028,IMMEDIATELY_BEFORE_FIRST_STOCHASTIC_LOCAL_TRAINING_OPERATION,False,0
789,12,6,3,9309343958891155288,85971922036379481,IMMEDIATELY_BEFORE_FIRST_STOCHASTIC_LOCAL_TRAINING_OPERATION,False,0
789,12,1,3,12506475253984686788,3283103217129910981,IMMEDIATELY_BEFORE_FIRST_STOCHASTIC_LOCAL_TRAINING_OPERATION,False,0
789,12,4,3,9500691055515525120,277319018660749313,IMMEDIATELY_BEFORE_FIRST_STOCHASTIC_LOCAL_TRAINING_OPERATION,False,0
789,12,18,3,17979313643677461212,8755941606822685405,IMMEDIATELY_BEFORE_FIRST_STOCHASTIC_LOCAL_TRAINING_OPERATION,False,0
789,12,17,3,14882917253142873243,5659545216288097436,IMMEDIATELY_BEFORE_FIRST_STOCHASTIC_LOCAL_TRAINING_OPERATION,False,0
789,12,16,3,205760667006674344,205760667006674344,IMMEDIATELY_BEFORE_FIRST_STOCHASTIC_LOCAL_TRAINING_OPERATION,False,0
789,13,12,3,8505729557098045946,8505729557098045946,IMMEDIATELY_BEFORE_FIRST_STOCHASTIC_LOCAL_TRAINING_OPERATION,False,0
789,13,25,3,13853810032241458051,4630437995386682244,IMMEDIATELY_BEFORE_FIRST_STOCHASTIC_LOCAL_TRAINING_OPERATION,False,0
789,13,29,3,6385839484733047959,6385839484733047959,IMMEDIATELY_BEFORE_FIRST_STOCHASTIC_LOCAL_TRAINING_OPERATION,False,0
789,13,5,3,2447176957323838264,2447176957323838264,IMMEDIATELY_BEFORE_FIRST_STOCHASTIC_LOCAL_TRAINING_OPERATION,False,0
789,13,7,3,13477590784849014054,4254218747994238247,IMMEDIATELY_BEFORE_FIRST_STOCHASTIC_LOCAL_TRAINING_OPERATION,False,0
789,13,21,3,100163091467860885,100163091467860885,IMMEDIATELY_BEFORE_FIRST_STOCHASTIC_LOCAL_TRAINING_OPERATION,False,0
789,13,27,3,12604193503619506950,3380821466764731143,IMMEDIATELY_BEFORE_FIRST_STOCHASTIC_LOCAL_TRAINING_OPERATION,False,0
789,13,10,3,3739552435299570781,3739552435299570781,IMMEDIATELY_BEFORE_FIRST_STOCHASTIC_LOCAL_TRAINING_OPERATION,False,0
789,13,0,3,3213700811247486205,3213700811247486205,IMMEDIATELY_BEFORE_FIRST_STOCHASTIC_LOCAL_TRAINING_OPERATION,False,0
789,14,15,3,10079962698961785758,856590662107009951,IMMEDIATELY_BEFORE_FIRST_STOCHASTIC_LOCAL_TRAINING_OPERATION,False,0
789,14,14,3,4847568424439592843,4847568424439592843,IMMEDIATELY_BEFORE_FIRST_STOCHASTIC_LOCAL_TRAINING_OPERATION,False,0
789,14,19,3,785241784536529389,785241784536529389,IMMEDIATELY_BEFORE_FIRST_STOCHASTIC_LOCAL_TRAINING_OPERATION,False,0
789,14,4,4,10294437115809160172,1071065078954384365,IMMEDIATELY_BEFORE_FIRST_STOCHASTIC_LOCAL_TRAINING_OPERATION,False,0
789,14,16,4,1515902547447299393,1515902547447299393,IMMEDIATELY_BEFORE_FIRST_STOCHASTIC_LOCAL_TRAINING_OPERATION,False,0
789,14,18,4,6461225248253815738,6461225248253815738,IMMEDIATELY_BEFORE_FIRST_STOCHASTIC_LOCAL_TRAINING_OPERATION,False,0
789,14,20,4,10649361716172678964,1425989679317903157,IMMEDIATELY_BEFORE_FIRST_STOCHASTIC_LOCAL_TRAINING_OPERATION,False,0
789,14,22,4,7711261972699063763,7711261972699063763,IMMEDIATELY_BEFORE_FIRST_STOCHASTIC_LOCAL_TRAINING_OPERATION,False,0
789,14,27,4,8430145017231557981,8430145017231557981,IMMEDIATELY_BEFORE_FIRST_STOCHASTIC_LOCAL_TRAINING_OPERATION,False,0
789,15,12,4,7067151506687289875,7067151506687289875,IMMEDIATELY_BEFORE_FIRST_STOCHASTIC_LOCAL_TRAINING_OPERATION,False,0
789,15,26,4,16959932725042015380,7736560688187239573,IMMEDIATELY_BEFORE_FIRST_STOCHASTIC_LOCAL_TRAINING_OPERATION,False,0
789,15,15,4,11815954668654054508,2592582631799278701,IMMEDIATELY_BEFORE_FIRST_STOCHASTIC_LOCAL_TRAINING_OPERATION,False,0
789,15,2,4,11780106101753195959,2556734064898420152,IMMEDIATELY_BEFORE_FIRST_STOCHASTIC_LOCAL_TRAINING_OPERATION,False,0
789,15,24,4,12522724599861571816,3299352563006796009,IMMEDIATELY_BEFORE_FIRST_STOCHASTIC_LOCAL_TRAINING_OPERATION,False,0
789,15,23,4,6452740473799534308,6452740473799534308,IMMEDIATELY_BEFORE_FIRST_STOCHASTIC_LOCAL_TRAINING_OPERATION,False,0
789,15,25,4,9303097023681793794,79724986827017987,IMMEDIATELY_BEFORE_FIRST_STOCHASTIC_LOCAL_TRAINING_OPERATION,False,0
789,15,10,4,665568019432443201,665568019432443201,IMMEDIATELY_BEFORE_FIRST_STOCHASTIC_LOCAL_TRAINING_OPERATION,False,0
789,15,9,4,15690467984445018656,6467095947590242849,IMMEDIATELY_BEFORE_FIRST_STOCHASTIC_LOCAL_TRAINING_OPERATION,False,0
789,16,11,4,5513997855295094908,5513997855295094908,IMMEDIATELY_BEFORE_FIRST_STOCHASTIC_LOCAL_TRAINING_OPERATION,False,0
789,16,14,4,9463571843626247830,240199806771472023,IMMEDIATELY_BEFORE_FIRST_STOCHASTIC_LOCAL_TRAINING_OPERATION,False,0
789,16,5,4,12561910700039724619,3338538663184948812,IMMEDIATELY_BEFORE_FIRST_STOCHASTIC_LOCAL_TRAINING_OPERATION,False,0
789,16,7,4,5075642914544151418,5075642914544151418,IMMEDIATELY_BEFORE_FIRST_STOCHASTIC_LOCAL_TRAINING_OPERATION,False,0
789,16,19,4,1301761443764471776,1301761443764471776,IMMEDIATELY_BEFORE_FIRST_STOCHASTIC_LOCAL_TRAINING_OPERATION,False,0
789,16,17,4,5814506345583192737,5814506345583192737,IMMEDIATELY_BEFORE_FIRST_STOCHASTIC_LOCAL_TRAINING_OPERATION,False,0
789,16,8,4,9112286575478936496,9112286575478936496,IMMEDIATELY_BEFORE_FIRST_STOCHASTIC_LOCAL_TRAINING_OPERATION,False,0
789,16,1,4,11797414057090012817,2574042020235237010,IMMEDIATELY_BEFORE_FIRST_STOCHASTIC_LOCAL_TRAINING_OPERATION,False,0
789,16,21,4,16759584168311474862,7536212131456699055,IMMEDIATELY_BEFORE_FIRST_STOCHASTIC_LOCAL_TRAINING_OPERATION,False,0
789,17,3,4,12429246725200113443,3205874688345337636,IMMEDIATELY_BEFORE_FIRST_STOCHASTIC_LOCAL_TRAINING_OPERATION,False,0
789,17,28,4,1989101150479406863,1989101150479406863,IMMEDIATELY_BEFORE_FIRST_STOCHASTIC_LOCAL_TRAINING_OPERATION,False,0
789,17,13,4,18181527101448621070,8958155064593845263,IMMEDIATELY_BEFORE_FIRST_STOCHASTIC_LOCAL_TRAINING_OPERATION,False,0
789,17,29,4,5664690174626920552,5664690174626920552,IMMEDIATELY_BEFORE_FIRST_STOCHASTIC_LOCAL_TRAINING_OPERATION,False,0
789,17,6,4,8021541209948441115,8021541209948441115,IMMEDIATELY_BEFORE_FIRST_STOCHASTIC_LOCAL_TRAINING_OPERATION,False,0
789,17,0,4,5076862681199580759,5076862681199580759,IMMEDIATELY_BEFORE_FIRST_STOCHASTIC_LOCAL_TRAINING_OPERATION,False,0
789,17,12,5,10689276388577122442,1465904351722346635,IMMEDIATELY_BEFORE_FIRST_STOCHASTIC_LOCAL_TRAINING_OPERATION,False,0
789,17,9,5,6343499677196205349,6343499677196205349,IMMEDIATELY_BEFORE_FIRST_STOCHASTIC_LOCAL_TRAINING_OPERATION,False,0
789,17,7,5,13896101082441221856,4672729045586446049,IMMEDIATELY_BEFORE_FIRST_STOCHASTIC_LOCAL_TRAINING_OPERATION,False,0
789,18,13,5,3357993289157394073,3357993289157394073,IMMEDIATELY_BEFORE_FIRST_STOCHASTIC_LOCAL_TRAINING_OPERATION,False,0
789,18,4,5,2734294257773394669,2734294257773394669,IMMEDIATELY_BEFORE_FIRST_STOCHASTIC_LOCAL_TRAINING_OPERATION,False,0
789,18,26,5,4227919596280936798,4227919596280936798,IMMEDIATELY_BEFORE_FIRST_STOCHASTIC_LOCAL_TRAINING_OPERATION,False,0
789,18,18,5,13209756414028478869,3986384377173703062,IMMEDIATELY_BEFORE_FIRST_STOCHASTIC_LOCAL_TRAINING_OPERATION,False,0
789,18,15,5,1375285608156461529,1375285608156461529,IMMEDIATELY_BEFORE_FIRST_STOCHASTIC_LOCAL_TRAINING_OPERATION,False,0
789,18,20,5,11637293794315475462,2413921757460699655,IMMEDIATELY_BEFORE_FIRST_STOCHASTIC_LOCAL_TRAINING_OPERATION,False,0
789,18,1,5,14079479012427056857,4856106975572281050,IMMEDIATELY_BEFORE_FIRST_STOCHASTIC_LOCAL_TRAINING_OPERATION,False,0
789,18,21,5,568686811957903863,568686811957903863,IMMEDIATELY_BEFORE_FIRST_STOCHASTIC_LOCAL_TRAINING_OPERATION,False,0
789,18,8,5,15717890706576265449,6494518669721489642,IMMEDIATELY_BEFORE_FIRST_STOCHASTIC_LOCAL_TRAINING_OPERATION,False,0
789,19,29,5,17751961277516644525,8528589240661868718,IMMEDIATELY_BEFORE_FIRST_STOCHASTIC_LOCAL_TRAINING_OPERATION,False,0
789,19,22,5,16095866335989649777,6872494299134873970,IMMEDIATELY_BEFORE_FIRST_STOCHASTIC_LOCAL_TRAINING_OPERATION,False,0
789,19,14,5,5364332142433306773,5364332142433306773,IMMEDIATELY_BEFORE_FIRST_STOCHASTIC_LOCAL_TRAINING_OPERATION,False,0
789,19,0,5,1503568937071459311,1503568937071459311,IMMEDIATELY_BEFORE_FIRST_STOCHASTIC_LOCAL_TRAINING_OPERATION,False,0
789,19,5,5,6702795363151702922,6702795363151702922,IMMEDIATELY_BEFORE_FIRST_STOCHASTIC_LOCAL_TRAINING_OPERATION,False,0
789,19,27,5,475677069363764500,475677069363764500,IMMEDIATELY_BEFORE_FIRST_STOCHASTIC_LOCAL_TRAINING_OPERATION,False,0
789,19,11,5,16996723049648432714,7773351012793656907,IMMEDIATELY_BEFORE_FIRST_STOCHASTIC_LOCAL_TRAINING_OPERATION,False,0
789,19,23,5,13971674593691890483,4748302556837114676,IMMEDIATELY_BEFORE_FIRST_STOCHASTIC_LOCAL_TRAINING_OPERATION,False,0
789,19,6,5,8336854278072539191,8336854278072539191,IMMEDIATELY_BEFORE_FIRST_STOCHASTIC_LOCAL_TRAINING_OPERATION,False,0
789,20,19,5,1775664815230145064,1775664815230145064,IMMEDIATELY_BEFORE_FIRST_STOCHASTIC_LOCAL_TRAINING_OPERATION,False,0
789,20,17,5,10048961986592237380,825589949737461573,IMMEDIATELY_BEFORE_FIRST_STOCHASTIC_LOCAL_TRAINING_OPERATION,False,0
789,20,16,5,5257664864350939735,5257664864350939735,IMMEDIATELY_BEFORE_FIRST_STOCHASTIC_LOCAL_TRAINING_OPERATION,False,0
789,20,25,5,10201680383423907914,978308346569132107,IMMEDIATELY_BEFORE_FIRST_STOCHASTIC_LOCAL_TRAINING_OPERATION,False,0
789,20,24,5,3831827207082762739,3831827207082762739,IMMEDIATELY_BEFORE_FIRST_STOCHASTIC_LOCAL_TRAINING_OPERATION,False,0
789,20,3,5,11000376651657894799,1777004614803118992,IMMEDIATELY_BEFORE_FIRST_STOCHASTIC_LOCAL_TRAINING_OPERATION,False,0
789,20,2,5,18142061034657958471,8918688997803182664,IMMEDIATELY_BEFORE_FIRST_STOCHASTIC_LOCAL_TRAINING_OPERATION,False,0
789,20,10,5,14368614741836337044,5145242704981561237,IMMEDIATELY_BEFORE_FIRST_STOCHASTIC_LOCAL_TRAINING_OPERATION,False,0
789,20,28,5,5139852103859675583,5139852103859675583,IMMEDIATELY_BEFORE_FIRST_STOCHASTIC_LOCAL_TRAINING_OPERATION,False,0
999,1,20,0,8393321115174025880,8393321115174025880,IMMEDIATELY_BEFORE_FIRST_STOCHASTIC_LOCAL_TRAINING_OPERATION,False,0
999,1,15,0,5602995649380333284,5602995649380333284,IMMEDIATELY_BEFORE_FIRST_STOCHASTIC_LOCAL_TRAINING_OPERATION,False,0
999,1,13,0,6676979898654914855,6676979898654914855,IMMEDIATELY_BEFORE_FIRST_STOCHASTIC_LOCAL_TRAINING_OPERATION,False,0
999,1,4,0,4014757375924917144,4014757375924917144,IMMEDIATELY_BEFORE_FIRST_STOCHASTIC_LOCAL_TRAINING_OPERATION,False,0
999,1,14,0,3068613157911076100,3068613157911076100,IMMEDIATELY_BEFORE_FIRST_STOCHASTIC_LOCAL_TRAINING_OPERATION,False,0
999,1,17,0,314127678122360385,314127678122360385,IMMEDIATELY_BEFORE_FIRST_STOCHASTIC_LOCAL_TRAINING_OPERATION,False,0
999,1,5,0,16986693515336231374,7763321478481455567,IMMEDIATELY_BEFORE_FIRST_STOCHASTIC_LOCAL_TRAINING_OPERATION,False,0
999,1,2,0,6227569109748486187,6227569109748486187,IMMEDIATELY_BEFORE_FIRST_STOCHASTIC_LOCAL_TRAINING_OPERATION,False,0
999,1,26,0,14176901513973805180,4953529477119029373,IMMEDIATELY_BEFORE_FIRST_STOCHASTIC_LOCAL_TRAINING_OPERATION,False,0
999,2,6,0,14271608114336093298,5048236077481317491,IMMEDIATELY_BEFORE_FIRST_STOCHASTIC_LOCAL_TRAINING_OPERATION,False,0
999,2,28,0,8378311441586835216,8378311441586835216,IMMEDIATELY_BEFORE_FIRST_STOCHASTIC_LOCAL_TRAINING_OPERATION,False,0
999,2,23,0,2582678913046721542,2582678913046721542,IMMEDIATELY_BEFORE_FIRST_STOCHASTIC_LOCAL_TRAINING_OPERATION,False,0
999,2,25,0,5721478251009872840,5721478251009872840,IMMEDIATELY_BEFORE_FIRST_STOCHASTIC_LOCAL_TRAINING_OPERATION,False,0
999,2,29,0,17953725326250548324,8730353289395772517,IMMEDIATELY_BEFORE_FIRST_STOCHASTIC_LOCAL_TRAINING_OPERATION,False,0
999,2,21,0,2832632308432462179,2832632308432462179,IMMEDIATELY_BEFORE_FIRST_STOCHASTIC_LOCAL_TRAINING_OPERATION,False,0
999,2,0,0,14466548692372945724,5243176655518169917,IMMEDIATELY_BEFORE_FIRST_STOCHASTIC_LOCAL_TRAINING_OPERATION,False,0
999,2,11,0,6533211316814435917,6533211316814435917,IMMEDIATELY_BEFORE_FIRST_STOCHASTIC_LOCAL_TRAINING_OPERATION,False,0
999,2,27,0,3804967413450962194,3804967413450962194,IMMEDIATELY_BEFORE_FIRST_STOCHASTIC_LOCAL_TRAINING_OPERATION,False,0
999,3,7,0,6433084466077639275,6433084466077639275,IMMEDIATELY_BEFORE_FIRST_STOCHASTIC_LOCAL_TRAINING_OPERATION,False,0
999,3,8,0,7580859918461850890,7580859918461850890,IMMEDIATELY_BEFORE_FIRST_STOCHASTIC_LOCAL_TRAINING_OPERATION,False,0
999,3,3,0,2159914216296695454,2159914216296695454,IMMEDIATELY_BEFORE_FIRST_STOCHASTIC_LOCAL_TRAINING_OPERATION,False,0
999,3,1,0,11757457009021200860,2534084972166425053,IMMEDIATELY_BEFORE_FIRST_STOCHASTIC_LOCAL_TRAINING_OPERATION,False,0
999,3,18,0,16829581184056637210,7606209147201861403,IMMEDIATELY_BEFORE_FIRST_STOCHASTIC_LOCAL_TRAINING_OPERATION,False,0
999,3,24,0,16337423975047179627,7114051938192403820,IMMEDIATELY_BEFORE_FIRST_STOCHASTIC_LOCAL_TRAINING_OPERATION,False,0
999,3,16,0,17097796777309391308,7874424740454615501,IMMEDIATELY_BEFORE_FIRST_STOCHASTIC_LOCAL_TRAINING_OPERATION,False,0
999,3,9,0,15513069117316297864,6289697080461522057,IMMEDIATELY_BEFORE_FIRST_STOCHASTIC_LOCAL_TRAINING_OPERATION,False,0
999,3,19,0,8838514129940704847,8838514129940704847,IMMEDIATELY_BEFORE_FIRST_STOCHASTIC_LOCAL_TRAINING_OPERATION,False,0
999,4,10,0,8894774219342379699,8894774219342379699,IMMEDIATELY_BEFORE_FIRST_STOCHASTIC_LOCAL_TRAINING_OPERATION,False,0
999,4,12,0,4887263925640718097,4887263925640718097,IMMEDIATELY_BEFORE_FIRST_STOCHASTIC_LOCAL_TRAINING_OPERATION,False,0
999,4,22,0,3930730635698353302,3930730635698353302,IMMEDIATELY_BEFORE_FIRST_STOCHASTIC_LOCAL_TRAINING_OPERATION,False,0
999,4,1,1,16787692616846667376,7564320579991891569,IMMEDIATELY_BEFORE_FIRST_STOCHASTIC_LOCAL_TRAINING_OPERATION,False,0
999,4,28,1,7136518114191314421,7136518114191314421,IMMEDIATELY_BEFORE_FIRST_STOCHASTIC_LOCAL_TRAINING_OPERATION,False,0
999,4,20,1,14993514155264002019,5770142118409226212,IMMEDIATELY_BEFORE_FIRST_STOCHASTIC_LOCAL_TRAINING_OPERATION,False,0
999,4,9,1,2443931594709178733,2443931594709178733,IMMEDIATELY_BEFORE_FIRST_STOCHASTIC_LOCAL_TRAINING_OPERATION,False,0
999,4,5,1,14930767333352199717,5707395296497423910,IMMEDIATELY_BEFORE_FIRST_STOCHASTIC_LOCAL_TRAINING_OPERATION,False,0
999,4,24,1,12392917462773278099,3169545425918502292,IMMEDIATELY_BEFORE_FIRST_STOCHASTIC_LOCAL_TRAINING_OPERATION,False,0
999,5,12,1,4496164161283990102,4496164161283990102,IMMEDIATELY_BEFORE_FIRST_STOCHASTIC_LOCAL_TRAINING_OPERATION,False,0
999,5,23,1,15482445988700992176,6259073951846216369,IMMEDIATELY_BEFORE_FIRST_STOCHASTIC_LOCAL_TRAINING_OPERATION,False,0
999,5,7,1,17470147099746064159,8246775062891288352,IMMEDIATELY_BEFORE_FIRST_STOCHASTIC_LOCAL_TRAINING_OPERATION,False,0
999,5,29,1,11608094699261290602,2384722662406514795,IMMEDIATELY_BEFORE_FIRST_STOCHASTIC_LOCAL_TRAINING_OPERATION,False,0
999,5,10,1,9910688122082135851,687316085227360044,IMMEDIATELY_BEFORE_FIRST_STOCHASTIC_LOCAL_TRAINING_OPERATION,False,0
999,5,22,1,11565886420192027117,2342514383337251310,IMMEDIATELY_BEFORE_FIRST_STOCHASTIC_LOCAL_TRAINING_OPERATION,False,0
999,5,14,1,10686706797812744438,1463334760957968631,IMMEDIATELY_BEFORE_FIRST_STOCHASTIC_LOCAL_TRAINING_OPERATION,False,0
999,5,15,1,17906141050770152414,8682769013915376607,IMMEDIATELY_BEFORE_FIRST_STOCHASTIC_LOCAL_TRAINING_OPERATION,False,0
999,5,0,1,13819703003174823299,4596330966320047492,IMMEDIATELY_BEFORE_FIRST_STOCHASTIC_LOCAL_TRAINING_OPERATION,False,0
999,6,17,1,11832696302608044661,2609324265753268854,IMMEDIATELY_BEFORE_FIRST_STOCHASTIC_LOCAL_TRAINING_OPERATION,False,0
999,6,2,1,747405584124998454,747405584124998454,IMMEDIATELY_BEFORE_FIRST_STOCHASTIC_LOCAL_TRAINING_OPERATION,False,0
999,6,3,1,8934343803060012984,8934343803060012984,IMMEDIATELY_BEFORE_FIRST_STOCHASTIC_LOCAL_TRAINING_OPERATION,False,0
999,6,16,1,2684065688694210849,2684065688694210849,IMMEDIATELY_BEFORE_FIRST_STOCHASTIC_LOCAL_TRAINING_OPERATION,False,0
999,6,6,1,18385085184547980679,9161713147693204872,IMMEDIATELY_BEFORE_FIRST_STOCHASTIC_LOCAL_TRAINING_OPERATION,False,0
999,6,27,1,994081444020525307,994081444020525307,IMMEDIATELY_BEFORE_FIRST_STOCHASTIC_LOCAL_TRAINING_OPERATION,False,0
999,6,8,1,468377826006554302,468377826006554302,IMMEDIATELY_BEFORE_FIRST_STOCHASTIC_LOCAL_TRAINING_OPERATION,False,0
999,6,18,1,12802786204035938771,3579414167181162964,IMMEDIATELY_BEFORE_FIRST_STOCHASTIC_LOCAL_TRAINING_OPERATION,False,0
999,6,11,1,18280957830233103224,9057585793378327417,IMMEDIATELY_BEFORE_FIRST_STOCHASTIC_LOCAL_TRAINING_OPERATION,False,0
999,7,13,1,15828220547741916441,6604848510887140634,IMMEDIATELY_BEFORE_FIRST_STOCHASTIC_LOCAL_TRAINING_OPERATION,False,0
999,7,4,1,11632405726780011254,2409033689925235447,IMMEDIATELY_BEFORE_FIRST_STOCHASTIC_LOCAL_TRAINING_OPERATION,False,0
999,7,25,1,10367139104179045387,1143767067324269580,IMMEDIATELY_BEFORE_FIRST_STOCHASTIC_LOCAL_TRAINING_OPERATION,False,0
999,7,19,1,4187405934497919098,4187405934497919098,IMMEDIATELY_BEFORE_FIRST_STOCHASTIC_LOCAL_TRAINING_OPERATION,False,0
999,7,21,1,2864386257626699472,2864386257626699472,IMMEDIATELY_BEFORE_FIRST_STOCHASTIC_LOCAL_TRAINING_OPERATION,False,0
999,7,26,1,6013727281410098887,6013727281410098887,IMMEDIATELY_BEFORE_FIRST_STOCHASTIC_LOCAL_TRAINING_OPERATION,False,0
999,7,10,2,6440107258121855572,6440107258121855572,IMMEDIATELY_BEFORE_FIRST_STOCHASTIC_LOCAL_TRAINING_OPERATION,False,0
999,7,22,2,950468417106485391,950468417106485391,IMMEDIATELY_BEFORE_FIRST_STOCHASTIC_LOCAL_TRAINING_OPERATION,False,0
999,7,11,2,5056490989524107643,5056490989524107643,IMMEDIATELY_BEFORE_FIRST_STOCHASTIC_LOCAL_TRAINING_OPERATION,False,0
999,8,0,2,6248844355044230831,6248844355044230831,IMMEDIATELY_BEFORE_FIRST_STOCHASTIC_LOCAL_TRAINING_OPERATION,False,0
999,8,14,2,18353129349496817687,9129757312642041880,IMMEDIATELY_BEFORE_FIRST_STOCHASTIC_LOCAL_TRAINING_OPERATION,False,0
999,8,13,2,2424224636011133559,2424224636011133559,IMMEDIATELY_BEFORE_FIRST_STOCHASTIC_LOCAL_TRAINING_OPERATION,False,0
999,8,18,2,330461319683028625,330461319683028625,IMMEDIATELY_BEFORE_FIRST_STOCHASTIC_LOCAL_TRAINING_OPERATION,False,0
999,8,26,2,15084753421604766472,5861381384749990665,IMMEDIATELY_BEFORE_FIRST_STOCHASTIC_LOCAL_TRAINING_OPERATION,False,0
999,8,1,2,12276534434281121170,3053162397426345363,IMMEDIATELY_BEFORE_FIRST_STOCHASTIC_LOCAL_TRAINING_OPERATION,False,0
999,8,29,2,2909001126382075523,2909001126382075523,IMMEDIATELY_BEFORE_FIRST_STOCHASTIC_LOCAL_TRAINING_OPERATION,False,0
999,8,28,2,12075052971332465729,2851680934477689922,IMMEDIATELY_BEFORE_FIRST_STOCHASTIC_LOCAL_TRAINING_OPERATION,False,0
999,8,24,2,15287709404670130179,6064337367815354372,IMMEDIATELY_BEFORE_FIRST_STOCHASTIC_LOCAL_TRAINING_OPERATION,False,0
999,9,9,2,15697226807538362301,6473854770683586494,IMMEDIATELY_BEFORE_FIRST_STOCHASTIC_LOCAL_TRAINING_OPERATION,False,0
999,9,5,2,2630066118300675938,2630066118300675938,IMMEDIATELY_BEFORE_FIRST_STOCHASTIC_LOCAL_TRAINING_OPERATION,False,0
999,9,17,2,2221187019162144853,2221187019162144853,IMMEDIATELY_BEFORE_FIRST_STOCHASTIC_LOCAL_TRAINING_OPERATION,False,0
999,9,25,2,11759539822471345621,2536167785616569814,IMMEDIATELY_BEFORE_FIRST_STOCHASTIC_LOCAL_TRAINING_OPERATION,False,0
999,9,23,2,18201314820635959832,8977942783781184025,IMMEDIATELY_BEFORE_FIRST_STOCHASTIC_LOCAL_TRAINING_OPERATION,False,0
999,9,2,2,12212992994629843474,2989620957775067667,IMMEDIATELY_BEFORE_FIRST_STOCHASTIC_LOCAL_TRAINING_OPERATION,False,0
999,9,7,2,4146706976209108463,4146706976209108463,IMMEDIATELY_BEFORE_FIRST_STOCHASTIC_LOCAL_TRAINING_OPERATION,False,0
999,9,12,2,10063554766660507363,840182729805731556,IMMEDIATELY_BEFORE_FIRST_STOCHASTIC_LOCAL_TRAINING_OPERATION,False,0
999,9,20,2,16360472947604271302,7137100910749495495,IMMEDIATELY_BEFORE_FIRST_STOCHASTIC_LOCAL_TRAINING_OPERATION,False,0
999,10,15,2,11345725308894640728,2122353272039864921,IMMEDIATELY_BEFORE_FIRST_STOCHASTIC_LOCAL_TRAINING_OPERATION,False,0
999,10,4,2,13452789133112182426,4229417096257406619,IMMEDIATELY_BEFORE_FIRST_STOCHASTIC_LOCAL_TRAINING_OPERATION,False,0
999,10,27,2,16852710693860940753,7629338657006164946,IMMEDIATELY_BEFORE_FIRST_STOCHASTIC_LOCAL_TRAINING_OPERATION,False,0
999,10,8,2,5264908684121498910,5264908684121498910,IMMEDIATELY_BEFORE_FIRST_STOCHASTIC_LOCAL_TRAINING_OPERATION,False,0
999,10,6,2,9219136455587624987,9219136455587624987,IMMEDIATELY_BEFORE_FIRST_STOCHASTIC_LOCAL_TRAINING_OPERATION,False,0
999,10,19,2,4265113405462529424,4265113405462529424,IMMEDIATELY_BEFORE_FIRST_STOCHASTIC_LOCAL_TRAINING_OPERATION,False,0
999,10,21,2,1448632683716617473,1448632683716617473,IMMEDIATELY_BEFORE_FIRST_STOCHASTIC_LOCAL_TRAINING_OPERATION,False,0
999,10,3,2,10629440322727479409,1406068285872703602,IMMEDIATELY_BEFORE_FIRST_STOCHASTIC_LOCAL_TRAINING_OPERATION,False,0
999,10,16,2,2003048705951317040,2003048705951317040,IMMEDIATELY_BEFORE_FIRST_STOCHASTIC_LOCAL_TRAINING_OPERATION,False,0
999,11,18,3,11854368290952157993,2630996254097382186,IMMEDIATELY_BEFORE_FIRST_STOCHASTIC_LOCAL_TRAINING_OPERATION,False,0
999,11,14,3,620859778703078432,620859778703078432,IMMEDIATELY_BEFORE_FIRST_STOCHASTIC_LOCAL_TRAINING_OPERATION,False,0
999,11,19,3,8180962119609830187,8180962119609830187,IMMEDIATELY_BEFORE_FIRST_STOCHASTIC_LOCAL_TRAINING_OPERATION,False,0
999,11,8,3,6124791351752126157,6124791351752126157,IMMEDIATELY_BEFORE_FIRST_STOCHASTIC_LOCAL_TRAINING_OPERATION,False,0
999,11,10,3,11261738813143382158,2038366776288606351,IMMEDIATELY_BEFORE_FIRST_STOCHASTIC_LOCAL_TRAINING_OPERATION,False,0
999,11,22,3,13209338160388008360,3985966123533232553,IMMEDIATELY_BEFORE_FIRST_STOCHASTIC_LOCAL_TRAINING_OPERATION,False,0
999,11,6,3,10506344420912493023,1282972384057717216,IMMEDIATELY_BEFORE_FIRST_STOCHASTIC_LOCAL_TRAINING_OPERATION,False,0
999,11,29,3,18003639230945092385,8780267194090316578,IMMEDIATELY_BEFORE_FIRST_STOCHASTIC_LOCAL_TRAINING_OPERATION,False,0
999,11,20,3,2258806696983392798,2258806696983392798,IMMEDIATELY_BEFORE_FIRST_STOCHASTIC_LOCAL_TRAINING_OPERATION,False,0
999,12,7,3,11597690863533978418,2374318826679202611,IMMEDIATELY_BEFORE_FIRST_STOCHASTIC_LOCAL_TRAINING_OPERATION,False,0
999,12,2,3,4556481537515424879,4556481537515424879,IMMEDIATELY_BEFORE_FIRST_STOCHASTIC_LOCAL_TRAINING_OPERATION,False,0
999,12,13,3,6839524502706335070,6839524502706335070,IMMEDIATELY_BEFORE_FIRST_STOCHASTIC_LOCAL_TRAINING_OPERATION,False,0
999,12,12,3,12238501865073239107,3015129828218463300,IMMEDIATELY_BEFORE_FIRST_STOCHASTIC_LOCAL_TRAINING_OPERATION,False,0
999,12,4,3,18308756427750673396,9085384390895897589,IMMEDIATELY_BEFORE_FIRST_STOCHASTIC_LOCAL_TRAINING_OPERATION,False,0
999,12,24,3,11476404472064745091,2253032435209969284,IMMEDIATELY_BEFORE_FIRST_STOCHASTIC_LOCAL_TRAINING_OPERATION,False,0
999,12,21,3,17120326275234030538,7896954238379254731,IMMEDIATELY_BEFORE_FIRST_STOCHASTIC_LOCAL_TRAINING_OPERATION,False,0
999,12,25,3,1581842316888904320,1581842316888904320,IMMEDIATELY_BEFORE_FIRST_STOCHASTIC_LOCAL_TRAINING_OPERATION,False,0
999,12,16,3,18335350242828637561,9111978205973861754,IMMEDIATELY_BEFORE_FIRST_STOCHASTIC_LOCAL_TRAINING_OPERATION,False,0
999,13,28,3,9026539591744919747,9026539591744919747,IMMEDIATELY_BEFORE_FIRST_STOCHASTIC_LOCAL_TRAINING_OPERATION,False,0
999,13,5,3,644376854486981230,644376854486981230,IMMEDIATELY_BEFORE_FIRST_STOCHASTIC_LOCAL_TRAINING_OPERATION,False,0
999,13,9,3,6478275598200142160,6478275598200142160,IMMEDIATELY_BEFORE_FIRST_STOCHASTIC_LOCAL_TRAINING_OPERATION,False,0
999,13,26,3,16843830441365056353,7620458404510280546,IMMEDIATELY_BEFORE_FIRST_STOCHASTIC_LOCAL_TRAINING_OPERATION,False,0
999,13,11,3,11877518343737473147,2654146306882697340,IMMEDIATELY_BEFORE_FIRST_STOCHASTIC_LOCAL_TRAINING_OPERATION,False,0
999,13,3,3,6528111805237164027,6528111805237164027,IMMEDIATELY_BEFORE_FIRST_STOCHASTIC_LOCAL_TRAINING_OPERATION,False,0
999,13,27,3,6288973347860719058,6288973347860719058,IMMEDIATELY_BEFORE_FIRST_STOCHASTIC_LOCAL_TRAINING_OPERATION,False,0
999,13,0,3,6392380004765885065,6392380004765885065,IMMEDIATELY_BEFORE_FIRST_STOCHASTIC_LOCAL_TRAINING_OPERATION,False,0
999,13,23,3,4395077322535226782,4395077322535226782,IMMEDIATELY_BEFORE_FIRST_STOCHASTIC_LOCAL_TRAINING_OPERATION,False,0
999,14,17,3,3740596278120614122,3740596278120614122,IMMEDIATELY_BEFORE_FIRST_STOCHASTIC_LOCAL_TRAINING_OPERATION,False,0
999,14,1,3,11568884657375079784,2345512620520303977,IMMEDIATELY_BEFORE_FIRST_STOCHASTIC_LOCAL_TRAINING_OPERATION,False,0
999,14,15,3,16508882957032016716,7285510920177240909,IMMEDIATELY_BEFORE_FIRST_STOCHASTIC_LOCAL_TRAINING_OPERATION,False,0
999,14,14,4,17679664272330456075,8456292235475680268,IMMEDIATELY_BEFORE_FIRST_STOCHASTIC_LOCAL_TRAINING_OPERATION,False,0
999,14,16,4,14916730164790069085,5693358127935293278,IMMEDIATELY_BEFORE_FIRST_STOCHASTIC_LOCAL_TRAINING_OPERATION,False,0
999,14,10,4,1331604113495726276,1331604113495726276,IMMEDIATELY_BEFORE_FIRST_STOCHASTIC_LOCAL_TRAINING_OPERATION,False,0
999,14,11,4,11562964079985138621,2339592043130362814,IMMEDIATELY_BEFORE_FIRST_STOCHASTIC_LOCAL_TRAINING_OPERATION,False,0
999,14,8,4,8784169353958136163,8784169353958136163,IMMEDIATELY_BEFORE_FIRST_STOCHASTIC_LOCAL_TRAINING_OPERATION,False,0
999,14,24,4,7563294795429584010,7563294795429584010,IMMEDIATELY_BEFORE_FIRST_STOCHASTIC_LOCAL_TRAINING_OPERATION,False,0
999,15,15,4,5331289565115195150,5331289565115195150,IMMEDIATELY_BEFORE_FIRST_STOCHASTIC_LOCAL_TRAINING_OPERATION,False,0
999,15,19,4,7571946188916475992,7571946188916475992,IMMEDIATELY_BEFORE_FIRST_STOCHASTIC_LOCAL_TRAINING_OPERATION,False,0
999,15,4,4,13942541820230568031,4719169783375792224,IMMEDIATELY_BEFORE_FIRST_STOCHASTIC_LOCAL_TRAINING_OPERATION,False,0
999,15,17,4,2403489591532811119,2403489591532811119,IMMEDIATELY_BEFORE_FIRST_STOCHASTIC_LOCAL_TRAINING_OPERATION,False,0
999,15,25,4,15853882011957098942,6630509975102323135,IMMEDIATELY_BEFORE_FIRST_STOCHASTIC_LOCAL_TRAINING_OPERATION,False,0
999,15,26,4,13015128742143673437,3791756705288897630,IMMEDIATELY_BEFORE_FIRST_STOCHASTIC_LOCAL_TRAINING_OPERATION,False,0
999,15,22,4,5623319953691016817,5623319953691016817,IMMEDIATELY_BEFORE_FIRST_STOCHASTIC_LOCAL_TRAINING_OPERATION,False,0
999,15,27,4,16074472456929860955,6851100420075085148,IMMEDIATELY_BEFORE_FIRST_STOCHASTIC_LOCAL_TRAINING_OPERATION,False,0
999,15,29,4,321479488915169594,321479488915169594,IMMEDIATELY_BEFORE_FIRST_STOCHASTIC_LOCAL_TRAINING_OPERATION,False,0
999,16,20,4,12633959213063746877,3410587176208971070,IMMEDIATELY_BEFORE_FIRST_STOCHASTIC_LOCAL_TRAINING_OPERATION,False,0
999,16,12,4,6393046328567382931,6393046328567382931,IMMEDIATELY_BEFORE_FIRST_STOCHASTIC_LOCAL_TRAINING_OPERATION,False,0
999,16,6,4,15085578055260265505,5862206018405489698,IMMEDIATELY_BEFORE_FIRST_STOCHASTIC_LOCAL_TRAINING_OPERATION,False,0
999,16,2,4,6965274600068213680,6965274600068213680,IMMEDIATELY_BEFORE_FIRST_STOCHASTIC_LOCAL_TRAINING_OPERATION,False,0
999,16,9,4,14548103502111450750,5324731465256674943,IMMEDIATELY_BEFORE_FIRST_STOCHASTIC_LOCAL_TRAINING_OPERATION,False,0
999,16,21,4,4887931111533223953,4887931111533223953,IMMEDIATELY_BEFORE_FIRST_STOCHASTIC_LOCAL_TRAINING_OPERATION,False,0
999,16,3,4,15556696087804538629,6333324050949762822,IMMEDIATELY_BEFORE_FIRST_STOCHASTIC_LOCAL_TRAINING_OPERATION,False,0
999,16,5,4,14781319222043112761,5557947185188336954,IMMEDIATELY_BEFORE_FIRST_STOCHASTIC_LOCAL_TRAINING_OPERATION,False,0
999,16,28,4,15858124560511055820,6634752523656280013,IMMEDIATELY_BEFORE_FIRST_STOCHASTIC_LOCAL_TRAINING_OPERATION,False,0
999,17,13,4,13967243921500085646,4743871884645309839,IMMEDIATELY_BEFORE_FIRST_STOCHASTIC_LOCAL_TRAINING_OPERATION,False,0
999,17,1,4,4980904362140149918,4980904362140149918,IMMEDIATELY_BEFORE_FIRST_STOCHASTIC_LOCAL_TRAINING_OPERATION,False,0
999,17,23,4,14284270055477009685,5060898018622233878,IMMEDIATELY_BEFORE_FIRST_STOCHASTIC_LOCAL_TRAINING_OPERATION,False,0
999,17,18,4,14691135736818388089,5467763699963612282,IMMEDIATELY_BEFORE_FIRST_STOCHASTIC_LOCAL_TRAINING_OPERATION,False,0
999,17,0,4,15856413940641928081,6633041903787152274,IMMEDIATELY_BEFORE_FIRST_STOCHASTIC_LOCAL_TRAINING_OPERATION,False,0
999,17,7,4,11489051608970065573,2265679572115289766,IMMEDIATELY_BEFORE_FIRST_STOCHASTIC_LOCAL_TRAINING_OPERATION,False,0
999,17,15,5,942855246465052558,942855246465052558,IMMEDIATELY_BEFORE_FIRST_STOCHASTIC_LOCAL_TRAINING_OPERATION,False,0
999,17,21,5,16164033446149075654,6940661409294299847,IMMEDIATELY_BEFORE_FIRST_STOCHASTIC_LOCAL_TRAINING_OPERATION,False,0
999,17,9,5,10598884327280246534,1375512290425470727,IMMEDIATELY_BEFORE_FIRST_STOCHASTIC_LOCAL_TRAINING_OPERATION,False,0
999,18,8,5,2040188508067407865,2040188508067407865,IMMEDIATELY_BEFORE_FIRST_STOCHASTIC_LOCAL_TRAINING_OPERATION,False,0
999,18,10,5,1809410106843387076,1809410106843387076,IMMEDIATELY_BEFORE_FIRST_STOCHASTIC_LOCAL_TRAINING_OPERATION,False,0
999,18,3,5,13125716211404202785,3902344174549426978,IMMEDIATELY_BEFORE_FIRST_STOCHASTIC_LOCAL_TRAINING_OPERATION,False,0
999,18,23,5,16382577366807118827,7159205329952343020,IMMEDIATELY_BEFORE_FIRST_STOCHASTIC_LOCAL_TRAINING_OPERATION,False,0
999,18,20,5,10160590756738529683,937218719883753876,IMMEDIATELY_BEFORE_FIRST_STOCHASTIC_LOCAL_TRAINING_OPERATION,False,0
999,18,24,5,4213218874140511712,4213218874140511712,IMMEDIATELY_BEFORE_FIRST_STOCHASTIC_LOCAL_TRAINING_OPERATION,False,0
999,18,7,5,4302162171731922632,4302162171731922632,IMMEDIATELY_BEFORE_FIRST_STOCHASTIC_LOCAL_TRAINING_OPERATION,False,0
999,18,26,5,17867919154258683383,8644547117403907576,IMMEDIATELY_BEFORE_FIRST_STOCHASTIC_LOCAL_TRAINING_OPERATION,False,0
999,18,6,5,11980154408314691114,2756782371459915307,IMMEDIATELY_BEFORE_FIRST_STOCHASTIC_LOCAL_TRAINING_OPERATION,False,0
999,19,11,5,11604038205279201831,2380666168424426024,IMMEDIATELY_BEFORE_FIRST_STOCHASTIC_LOCAL_TRAINING_OPERATION,False,0
999,19,22,5,14883692849743109301,5660320812888333494,IMMEDIATELY_BEFORE_FIRST_STOCHASTIC_LOCAL_TRAINING_OPERATION,False,0
999,19,18,5,5251759670254388167,5251759670254388167,IMMEDIATELY_BEFORE_FIRST_STOCHASTIC_LOCAL_TRAINING_OPERATION,False,0
999,19,28,5,17446142884640032725,8222770847785256918,IMMEDIATELY_BEFORE_FIRST_STOCHASTIC_LOCAL_TRAINING_OPERATION,False,0
999,19,16,5,1557799851444393472,1557799851444393472,IMMEDIATELY_BEFORE_FIRST_STOCHASTIC_LOCAL_TRAINING_OPERATION,False,0
999,19,14,5,18361825095984577412,9138453059129801605,IMMEDIATELY_BEFORE_FIRST_STOCHASTIC_LOCAL_TRAINING_OPERATION,False,0
999,19,5,5,1273279322525778092,1273279322525778092,IMMEDIATELY_BEFORE_FIRST_STOCHASTIC_LOCAL_TRAINING_OPERATION,False,0
999,19,27,5,17625557124383276949,8402185087528501142,IMMEDIATELY_BEFORE_FIRST_STOCHASTIC_LOCAL_TRAINING_OPERATION,False,0
999,19,29,5,10535104499730862340,1311732462876086533,IMMEDIATELY_BEFORE_FIRST_STOCHASTIC_LOCAL_TRAINING_OPERATION,False,0
999,20,12,5,9546413710590235721,323041673735459914,IMMEDIATELY_BEFORE_FIRST_STOCHASTIC_LOCAL_TRAINING_OPERATION,False,0
999,20,19,5,10257178691644774284,1033806654789998477,IMMEDIATELY_BEFORE_FIRST_STOCHASTIC_LOCAL_TRAINING_OPERATION,False,0
999,20,13,5,16713811720129143807,7490439683274368000,IMMEDIATELY_BEFORE_FIRST_STOCHASTIC_LOCAL_TRAINING_OPERATION,False,0
999,20,17,5,14297399273848508737,5074027236993732930,IMMEDIATELY_BEFORE_FIRST_STOCHASTIC_LOCAL_TRAINING_OPERATION,False,0
999,20,2,5,849808799725365390,849808799725365390,IMMEDIATELY_BEFORE_FIRST_STOCHASTIC_LOCAL_TRAINING_OPERATION,False,0
999,20,25,5,15948352720602522721,6724980683747746914,IMMEDIATELY_BEFORE_FIRST_STOCHASTIC_LOCAL_TRAINING_OPERATION,False,0
999,20,4,5,6613102203976036461,6613102203976036461,IMMEDIATELY_BEFORE_FIRST_STOCHASTIC_LOCAL_TRAINING_OPERATION,False,0
999,20,1,5,4945310839313246062,4945310839313246062,IMMEDIATELY_BEFORE_FIRST_STOCHASTIC_LOCAL_TRAINING_OPERATION,False,0
999,20,0,5,12290295610787532855,3066923573932757048,IMMEDIATELY_BEFORE_FIRST_STOCHASTIC_LOCAL_TRAINING_OPERATION,False,0
